subject_id,item_id,sequence,condition,confidence,is_correct_binary,fitted,residual,standardized_residual,absolute_standardized_residual
63873,125,1,Standard,99.0,0,94.90353265927095,4.096467340729049,0.24563907290745268,0.24563907290745268
63873,17,2,Standard,100.0,1,105.68936659023362,-5.689366590233618,-0.3411551022903804,0.3411551022903804
63873,49,3,Standard,100.0,0,102.45018392271639,-2.4501839227163913,-0.1469219347228304,0.1469219347228304
63873,7,4,Standard,100.0,1,105.33862761293682,-5.338627612936818,-0.32012351823279556,0.32012351823279556
63873,105,5,Standard,99.0,0,97.94340632168596,1.0565936783140444,0.06335719779832216,0.06335719779832216
63873,73,6,Standard,100.0,1,96.41819076700332,3.581809232996676,0.21477830192296218,0.21477830192296218
63873,120,7,Standard,100.0,1,97.38330755687242,2.616692443127576,0.15690639088542144,0.15690639088542144
63873,6,8,Standard,100.0,1,101.68353102642726,-1.6835310264272607,-0.10095064018475162,0.10095064018475162
63873,60,9,Standard,100.0,1,100.66969978050815,-0.6696997805081537,-0.040157633279476,0.040157633279476
63873,35,10,Standard,100.0,1,104.14579721394026,-4.145797213940256,-0.2485970714252894,0.2485970714252894
63873,69,11,Standard,100.0,1,98.68323161980805,1.3167683801919452,0.07895821868962666,0.07895821868962666
63873,63,12,Standard,100.0,1,96.69252548685625,3.3074745131437453,0.19832819488048622,0.19832819488048622
63873,28,13,Standard,100.0,0,100.71623318842009,-0.716233188420091,-0.04294794557247681,0.04294794557247681
63873,82,14,Standard,100.0,1,96.96069815392268,3.039301846077322,0.18224758692290108,0.18224758692290108
63873,79,15,Standard,100.0,1,99.73103447353604,0.2689655264639583,0.016128150689201745,0.016128150689201745
63873,90,16,Standard,100.0,1,100.26577821078357,-0.2657782107835658,-0.015937027654725003,0.015937027654725003
63873,112,17,Standard,100.0,1,98.6683253740548,1.3316746259451975,0.07985205137100912,0.07985205137100912
63873,31,18,Standard,100.0,1,97.42407112035232,2.5759288796476767,0.15446205943865235,0.15446205943865235
63873,20,19,Standard,81.0,1,97.34271291895422,-16.34271291895422,-0.9799684743709245,0.9799684743709245
63873,111,20,Standard,100.0,0,99.51593355120443,0.4840664487955735,0.02902638391023665,0.02902638391023665
63873,22,21,Standard,100.0,1,106.15162009847215,-6.151620098472151,-0.3688735029921232,0.3688735029921232
63873,18,22,Standard,100.0,0,100.60168517484684,-0.6016851748468355,-0.036079230282654154,0.036079230282654154
63873,68,23,Standard,100.0,1,95.47248099302244,4.527519006977556,0.27148649774098055,0.27148649774098055
63873,110,24,Standard,100.0,1,95.60711564189019,4.392884358109811,0.2634133147815364,0.2634133147815364
63873,13,25,Standard,100.0,1,97.4879210793707,2.512078920629307,0.1506333837935391,0.1506333837935391
63873,101,26,Standard,100.0,1,101.95038690811498,-1.9503869081149787,-0.11695228890435448,0.11695228890435448
63873,2,27,Standard,100.0,0,98.43181418072844,1.5681858192715623,0.09403412226982999,0.09403412226982999
63873,58,28,Standard,100.0,1,100.43187215634129,-0.43187215634128506,-0.025896624402072205,0.025896624402072205
63873,15,29,Standard,100.0,1,101.74626393309472,-1.746263933094724,-0.10471233331028329,0.10471233331028329
63873,100,30,Standard,100.0,0,96.71400606370328,3.2859939362967197,0.19704014140822745,0.19704014140822745
63873,83,31,Standard,100.0,1,99.04224716034216,0.957752839657843,0.057430341814018515,0.057430341814018515
63873,8,32,Standard,100.0,0,102.90090404162615,-2.9009040416261485,-0.17394875147514602,0.17394875147514602
63873,116,33,Standard,100.0,0,101.66490507099839,-1.6649050709983868,-0.0998337601896215,0.0998337601896215
63873,51,34,Standard,100.0,0,97.16740684530308,2.832593154696923,0.16985258237648196,0.16985258237648196
63873,76,35,Standard,100.0,0,94.76712861282516,5.232871387174839,0.3137819904993557,0.3137819904993557
63873,67,36,Standard,100.0,1,100.19782989226564,-0.19782989226564496,-0.011862599475983093,0.011862599475983093
63873,16,37,Standard,100.0,0,98.62733278311303,1.372667216886967,0.08231011613693463,0.08231011613693463
63873,29,38,Standard,100.0,1,100.71164853176734,-0.711648531767338,-0.04267303289379284,0.04267303289379284
63873,23,39,Standard,100.0,0,99.44131783725663,0.5586821627433665,0.03350061335574753,0.03350061335574753
63873,3,40,Standard,100.0,1,100.18141819780115,-0.18141819780115043,-0.010878494617385258,0.010878494617385258
63873,36,41,Standard,78.0,0,95.516758289861,-17.516758289861002,-1.050368502608304,1.050368502608304
63873,115,42,Standard,100.0,1,103.5655178660156,-3.565517866015597,-0.21380141233767497,0.21380141233767497
63873,99,43,Standard,100.0,0,96.16295178629872,3.83704821370128,0.23008335903076862,0.23008335903076862
63873,66,44,Standard,100.0,0,95.90600368490088,4.093996315099119,0.24549090122820316,0.24549090122820316
63873,75,45,Standard,100.0,0,93.94442042523119,6.055579574768814,0.363114564071879,0.363114564071879
63873,26,46,Standard,100.0,1,105.50949392144517,-5.50949392144517,-0.3303692832107828,0.3303692832107828
63873,113,47,Standard,100.0,1,102.23320150771067,-2.2332015077106746,-0.13391088036160154,0.13391088036160154
63873,57,48,Standard,100.0,1,100.23178479617772,-0.2317847961777204,-0.013898658944759296,0.013898658944759296
63873,64,49,Standard,100.0,0,97.18475549811592,2.815244501884081,0.16881229408935958,0.16881229408935958
63873,27,50,Standard,100.0,0,99.51672066056128,0.4832793394387238,0.028979185971961637,0.028979185971961637
63873,50,51,Standard,100.0,0,92.18677864803018,7.8132213519698155,0.4685091542746227,0.4685091542746227
63873,81,52,Standard,100.0,0,96.50074846810186,3.499251531898139,0.20982784205780283,0.20982784205780283
63873,5,53,Standard,100.0,0,95.004065327606,4.995934672394,0.29957440378730227,0.29957440378730227
63873,121,54,Standard,100.0,1,98.8269712137092,1.1730287862908,0.0703390701283965,0.0703390701283965
63873,91,55,Standard,100.0,0,95.68125513044657,4.318744869553427,0.25896764154163165,0.25896764154163165
63873,102,56,Standard,100.0,0,95.22307715675865,4.776922843241351,0.2864416583766559,0.2864416583766559
63873,32,57,Standard,100.0,0,97.49443932812909,2.50556067187091,0.1502425259033581,0.1502425259033581
63873,123,58,Standard,100.0,1,96.41960674378913,3.5803932562108685,0.21469339480763722,0.21469339480763722
63873,114,59,Standard,100.0,0,96.04526616973547,3.95473383026453,0.2371402164014401,0.2371402164014401
63873,124,60,Standard,100.0,0,96.89228820445058,3.1077117955494202,0.18634969617174016,0.18634969617174016
63873,48,61,Standard,100.0,1,103.95695299444557,-3.9569529944455724,-0.23727328555266727,0.23727328555266727
63873,72,62,Standard,100.0,0,96.55261666317494,3.4473833368250553,0.2067176365340191,0.2067176365340191
63873,106,63,Standard,100.0,1,95.42078822665458,4.5792117733454205,0.27458618392189466,0.27458618392189466
63873,80,64,Standard,100.0,1,100.26501832902736,-0.265018329027356,-0.01589146238236,0.01589146238236
63884,89,1,Neutral,72.0,1,64.80887293267536,7.1911270673246435,0.43120611957886235,0.43120611957886235
63884,40,2,Neutral,70.0,1,74.57375445899147,-4.573754458991473,-0.27425894351523017,0.27425894351523017
63884,84,3,Neutral,75.0,1,70.64001735970069,4.359982640299307,0.2614404081798701,0.2614404081798701
63884,54,4,Neutral,78.0,1,70.69359740544361,7.306402594556388,0.4381184592322487,0.4381184592322487
63884,126,5,Neutral,63.0,1,69.32531007325107,-6.3253100732510745,-0.3792885852640645,0.3792885852640645
63884,78,6,Neutral,70.0,1,69.6968611681928,0.30313883180720325,0.018177306301706653,0.018177306301706653
63884,25,7,Neutral,81.0,0,71.12271428170536,9.877285718294644,0.5922779568046354,0.5922779568046354
63884,96,8,Neutral,19.0,1,62.079711482647895,-43.079711482647895,-2.5832161004937686,2.5832161004937686
63884,24,9,Neutral,82.0,0,69.72427454880967,12.275725451190326,0.7360971218093886,0.7360971218093886
63884,65,10,Neutral,27.0,0,66.49732875695497,-39.49732875695497,-2.368403409864024,2.368403409864024
63884,33,11,Neutral,66.0,0,67.36400509377657,-1.3640050937765693,-0.08179070374736348,0.08179070374736348
63884,45,12,Neutral,58.0,1,67.36355488432828,-9.36355488432828,-0.5614727885259078,0.5614727885259078
63884,104,13,Neutral,75.0,0,69.40200585620272,5.59799414379728,0.33567607825209433,0.33567607825209433
63884,43,14,Neutral,90.0,0,71.14388888426379,18.856111115736212,1.130680966758308,1.130680966758308
63884,70,15,Neutral,53.0,0,66.04196585533091,-13.041965855330915,-0.7820436818187817,0.7820436818187817
63884,55,16,Neutral,90.0,1,74.14117614970168,15.858823850298322,0.9509527268186612,0.9509527268186612
63884,62,17,Neutral,37.0,1,63.70246454144437,-26.70246454144437,-1.6011768406134022,1.6011768406134022
63884,122,18,Neutral,97.0,1,65.44576000347791,31.554239996522085,1.8921069336941203,1.8921069336941203
63884,98,19,Neutral,62.0,0,64.0339934405731,-2.0339934405730986,-0.12196564051046406,0.12196564051046406
63884,53,20,Neutral,43.0,1,64.8598899632825,-21.859889963282498,-1.3107984655588651,1.3107984655588651
63884,37,21,Neutral,65.0,0,68.8548229872548,-3.8548229872548063,-0.2311491990665032,0.2311491990665032
63884,86,22,Neutral,89.0,0,68.47714777483569,20.522852225164314,1.2306248224863985,1.2306248224863985
63884,46,23,Neutral,66.0,0,65.74878770881794,0.2512122911820569,0.01506360216652805,0.01506360216652805
63884,94,24,Neutral,77.0,1,75.51557301628529,1.4844269837147124,0.08901163801628026,0.08901163801628026
63884,47,25,Neutral,84.0,0,71.5619486680311,12.438051331968893,0.7458307716952037,0.7458307716952037
63884,42,26,Neutral,74.0,1,68.7071628836301,5.2928371163698955,0.31737775360461495,0.31737775360461495
63884,87,27,Neutral,83.0,1,66.4315735772985,16.568426422701506,0.9935030765516681,0.9935030765516681
63884,19,28,Neutral,87.0,0,70.25304958546486,16.746950414535135,1.0042080240584499,1.0042080240584499
63884,92,29,Neutral,75.0,0,70.76423789688901,4.235762103110986,0.2539916932132876,0.2539916932132876
63884,109,30,Neutral,67.0,1,66.44024037243756,0.5597596275624426,0.03356522206301508,0.03356522206301508
63884,117,31,Neutral,56.0,0,68.74245726388548,-12.742457263885484,-0.7640840579255324,0.7640840579255324
63884,4,32,Neutral,57.0,0,69.46577921471024,-12.465779214710238,-0.7474934363386032,0.7474934363386032
63884,1,33,Neutral,30.0,0,71.04712041025749,-41.04712041025749,-2.461334551077318,2.461334551077318
63884,95,34,Neutral,80.0,0,65.67449751514047,14.325502484859527,0.8590092039371767,0.8590092039371767
63884,118,35,Neutral,91.0,0,68.62569928133306,22.374300718666944,1.341644404397418,1.341644404397418
63884,93,36,Neutral,90.0,0,66.36753694708779,23.632463052912215,1.4170883915319725,1.4170883915319725
63884,10,37,Neutral,94.0,1,67.33368791465118,26.66631208534882,1.5990090079273351,1.5990090079273351
63884,128,38,Neutral,63.0,0,66.74816223655718,-3.748162236557178,-0.2247534327298636,0.2247534327298636
63884,74,39,Neutral,23.0,1,65.22553803246576,-42.225538032465764,-2.5319967553964005,2.5319967553964005
63884,38,40,Neutral,65.0,0,64.93098526866204,0.06901473133795832,0.004138374167971744,0.004138374167971744
63884,12,41,Neutral,64.0,1,71.0864787841726,-7.0864787841725985,-0.4249310281118204,0.4249310281118204
63884,39,42,Neutral,61.0,1,70.2162525010787,-9.2162525010787,-0.5526400021641725,0.5526400021641725
63884,14,43,Neutral,70.0,1,69.38426208127696,0.6157379187230418,0.03692188388890575,0.03692188388890575
63884,21,44,Neutral,95.0,0,65.08434286892717,29.915657131072834,1.7938515486336455,1.7938515486336455
63884,127,45,Neutral,62.0,0,65.28994398937998,-3.289943989379978,-0.19727700095002332,0.19727700095002332
63884,77,46,Neutral,39.0,0,65.88718995935828,-26.88718995935828,-1.612253648170896,1.612253648170896
63884,11,47,Neutral,89.0,1,74.45106124559292,14.548938754407075,0.8724072548772805,0.8724072548772805
63884,85,48,Neutral,71.0,0,67.73286770558659,3.2671322944134147,0.1959091287965407,0.1959091287965407
63884,9,49,Neutral,100.0,0,70.53563109998238,29.464368900017618,1.7667906658119314,1.7667906658119314
63884,88,50,Neutral,59.0,1,66.22117164630824,-7.221171646308235,-0.43300770175041964,0.43300770175041964
63884,52,51,Neutral,57.0,1,70.84872333817262,-13.848723338172618,-0.8304197931516057,0.8304197931516057
63884,34,52,Neutral,65.0,1,71.71777759434391,-6.717777594343914,-0.4028223644959951,0.4028223644959951
63884,44,53,Neutral,83.0,1,66.87254860793338,16.127451392066618,0.9670606107168955,0.9670606107168955
63884,108,54,Neutral,68.0,1,65.13902154818042,2.8609784518195767,0.1715546679759659,0.1715546679759659
63884,71,55,Neutral,26.0,0,64.91874858236343,-38.918748582363435,-2.333709639386165,2.333709639386165
63884,119,56,Neutral,14.0,1,63.25066251699762,-49.25066251699762,-2.953248756671416,2.953248756671416
63884,107,57,Neutral,66.0,1,66.84556456008016,-0.8455645600801631,-0.05070312475249083,0.05070312475249083
63884,59,58,Neutral,83.0,1,64.49515400247657,18.504845997523432,1.1096178333788147,1.1096178333788147
63884,30,59,Neutral,68.0,1,68.81038248096284,-0.8103824809628435,-0.04859347939747696,0.04859347939747696
63884,56,60,Neutral,91.0,1,74.09293201646855,16.907067983531448,1.013809255542319,1.013809255542319
63884,103,61,Neutral,84.0,0,65.45122396937005,18.548776030629952,1.1122520378548986,1.1122520378548986
63884,41,62,Neutral,90.0,1,73.3716090714985,16.628390928501503,0.9970987662977124,0.9970987662977124
63884,97,63,Neutral,28.0,1,66.17833088655325,-38.178330886553255,-2.289311502836951,2.289311502836951
63884,61,64,Neutral,97.0,1,63.413008498389914,33.586991501610086,2.013998103238311,2.013998103238311
63885,15,1,Standard,100.0,1,96.72318721297873,3.276812787021271,0.19648960632307655,0.19648960632307655
63885,113,2,Standard,100.0,1,97.95369058050112,2.0463094194988827,0.12270415137693637,0.12270415137693637
63885,3,3,Standard,100.0,1,95.55199395628267,4.448006043717328,0.2667186114245988,0.2667186114245988
63885,23,4,Standard,100.0,0,94.38327656221158,5.616723437788423,0.3367991548030664,0.3367991548030664
63885,83,5,Standard,100.0,1,93.93169211164891,6.068307888351086,0.36387780002324094,0.36387780002324094
63885,50,6,Standard,100.0,0,87.90726772082064,12.092732279179359,0.7251241860131598,0.7251241860131598
63885,67,7,Standard,100.0,1,94.36572232643582,5.634277673564185,0.33785177059196453,0.33785177059196453
63885,99,8,Standard,100.0,1,91.10491051125365,8.89508948874635,0.5333819004780883,0.5333819004780883
63885,73,9,Standard,100.0,0,90.03919995394025,9.960800046059745,0.5972857794821762,0.5972857794821762
63885,66,10,Standard,100.0,0,91.14536195051656,8.854638049483441,0.5309562851339794,0.5309562851339794
63885,75,11,Standard,67.0,0,88.33100868084443,-21.331008680844434,-1.2790848213160504,1.2790848213160504
63885,81,12,Standard,100.0,0,92.00254171944924,7.9974582805507595,0.47955667023599385,0.47955667023599385
63885,6,13,Standard,100.0,0,94.36429187478451,5.635708125215487,0.33793754567284245,0.33793754567284245
63885,100,14,Standard,100.0,0,91.1660593721239,8.833940627876103,0.529715192496757,0.529715192496757
63885,5,15,Standard,75.0,0,90.41838025037615,-15.418380250376146,-0.9245421275012382,0.9245421275012382
63885,68,16,Standard,100.0,0,89.53088182284552,10.469118177154485,0.6277663824208876,0.6277663824208876
63885,111,17,Standard,100.0,0,93.39937772387304,6.6006222761269555,0.39579730574186633,0.39579730574186633
63885,120,18,Standard,100.0,0,90.65440342950042,9.34559657049958,0.5603959427480826,0.5603959427480826
63885,79,19,Standard,87.0,0,92.4555344861819,-5.455534486181904,-0.32713367932328313,0.32713367932328313
63885,80,20,Standard,100.0,1,95.60062953257983,4.3993704674201695,0.2638022454735822,0.2638022454735822
63885,17,21,Standard,80.0,1,98.6105491485527,-18.610549148552707,-1.1159561785583485,1.1159561785583485
63885,121,22,Standard,100.0,1,93.63771244579829,6.362287554201714,0.3815058894395084,0.3815058894395084
63885,51,23,Standard,100.0,0,91.40076433228063,8.59923566771937,0.5156414299046647,0.5156414299046647
63885,90,24,Standard,100.0,0,93.6680915762774,6.331908423722595,0.3796842463441439,0.3796842463441439
63885,27,25,Standard,100.0,0,94.02128774263002,5.978712257369978,0.35850532029859095,0.35850532029859095
63885,82,26,Standard,91.0,0,89.33528485225963,1.6647151477403668,0.09982237170067647,0.09982237170067647
63885,35,27,Standard,100.0,1,97.15445810083658,2.845541899163422,0.17062903616495528,0.17062903616495528
63885,60,28,Standard,100.0,1,93.24974363387786,6.750256366122144,0.404769909716106,0.404769909716106
63885,13,29,Standard,98.0,1,91.06519110201901,6.934808897980986,0.4158363503972762,0.4158363503972762
63885,76,30,Standard,98.0,1,88.73805111407101,9.261948885928987,0.5553801235117162,0.5553801235117162
63885,64,31,Standard,100.0,0,91.72428713511377,8.27571286488623,0.49624182660202737,0.49624182660202737
63885,29,32,Standard,90.0,0,94.7263101973018,-4.7263101973018,-0.28340674014299266,0.28340674014299266
63885,102,33,Standard,36.0,1,89.6401659102502,-53.640165910250204,-3.216459336509894,3.216459336509894
63885,106,34,Standard,45.0,0,90.44145067082718,-45.44145067082718,-2.72483456742638,2.72483456742638
63885,123,35,Standard,100.0,1,90.32506419222759,9.674935807772414,0.580144320603171,0.580144320603171
63885,48,36,Standard,100.0,1,98.80265878146372,1.1973412185362804,0.07179693194448564,0.07179693194448564
63885,36,37,Standard,100.0,0,88.59117161681579,11.408828383184215,0.6841148223353953,0.6841148223353953
63885,112,38,Standard,69.0,1,91.50202960379667,-22.50202960379667,-1.349303492659839,1.349303492659839
63885,115,39,Standard,100.0,1,97.44896203868421,2.551037961315785,0.1529695094939547,0.1529695094939547
63885,110,40,Standard,100.0,1,87.80674568307268,12.193254316927323,0.7311518528063689,0.7311518528063689
63885,58,41,Standard,82.0,1,92.76271969038962,-10.762719690389616,-0.6453717964316991,0.6453717964316991
63885,28,42,Standard,100.0,1,92.34725409385058,7.65274590614942,0.4588864631954558,0.4588864631954558
63885,124,43,Standard,100.0,1,91.04694197221043,8.953058027789567,0.536857904801814,0.536857904801814
63885,57,44,Standard,100.0,1,93.81782942818559,6.18217057181441,0.3707054204284138,0.3707054204284138
63885,69,45,Standard,100.0,1,90.09555670379547,9.904443296204533,0.5939064238972132,0.5939064238972132
63885,105,46,Standard,63.0,1,89.04955725565307,-26.04955725565307,-1.5620261463599106,1.5620261463599106
63885,26,47,Standard,100.0,1,99.21798143695932,0.7820185630406797,0.046892675772570384,0.046892675772570384
63885,125,48,Standard,100.0,0,86.60001861750882,13.399981382491177,0.803511594257324,0.803511594257324
63885,49,49,Standard,100.0,0,93.84927034029351,6.150729659706485,0.3688201090468806,0.3688201090468806
63885,116,50,Standard,100.0,0,94.33242725294534,5.667572747054663,0.3398482642300979,0.3398482642300979
63885,7,51,Standard,41.0,1,97.03511357117466,-56.03511357117466,-3.360069104185146,3.360069104185146
63885,101,52,Standard,79.0,0,94.56539531641374,-15.565395316413742,-0.9333576852785098,0.9333576852785098
63885,114,53,Standard,100.0,0,89.71878913032056,10.281210869679441,0.6164987771987522,0.6164987771987522
63885,63,54,Standard,100.0,1,88.26656856158783,11.733431438412168,0.7035792014984746,0.7035792014984746
63885,18,55,Standard,100.0,0,92.56938072817596,7.4306192718240425,0.44556694274395675,0.44556694274395675
63885,32,56,Standard,94.0,0,91.29040517222047,2.709594827779526,0.16247715558062714,0.16247715558062714
63885,31,57,Standard,92.0,0,89.47047039289912,2.5295296071008835,0.15167979038974397,0.15167979038974397
63885,91,58,Standard,100.0,1,88.44949430738106,11.550505692618941,0.6926103088233639,0.6926103088233639
63885,16,59,Standard,89.0,0,90.56452783856383,-1.5645278385638335,-0.0938147764493895,0.0938147764493895
63885,8,60,Standard,89.0,0,95.08729541639832,-6.0872954163983195,-0.3650163612269284,0.3650163612269284
63885,2,61,Standard,67.0,0,89.84413926471585,-22.84413926471585,-1.3698176315388064,1.3698176315388064
63885,72,62,Standard,100.0,1,89.45207333297527,10.547926667024726,0.6324920259519592,0.6324920259519592
63885,22,63,Standard,100.0,1,98.06680187815309,1.9331981218469139,0.1159215867963913,0.1159215867963913
63885,20,64,Standard,100.0,0,88.78553850081994,11.21446149918006,0.6724598774232278,0.6724598774232278
63954,1,1,Neutral,79.0,1,56.2608692356265,22.7391307643735,1.3635209401396005,1.3635209401396005
63954,14,2,Neutral,62.0,1,54.9916633852435,7.008336614756502,0.4202453395773352,0.4202453395773352
63954,56,3,Neutral,67.0,1,60.400159949052934,6.599840050947066,0.3957504006765964,0.3957504006765964
63954,71,4,Neutral,54.0,1,50.96354152921612,3.0364584707838773,0.1820770878042909,0.1820770878042909
63954,33,5,Neutral,42.0,1,51.44053564764158,-9.440535647641582,-0.5660888349286168,0.5660888349286168
63954,118,6,Neutral,39.0,0,53.70823061383623,-14.708230613836228,-0.881958973813948,0.881958973813948
63954,59,7,Neutral,56.0,1,50.53994694932925,5.460053050670751,0.32740462887556626,0.32740462887556626
63954,122,8,Neutral,40.0,1,49.697247214497395,-9.697247214497395,-0.5814821936550796,0.5814821936550796
63954,12,9,Neutral,43.0,1,56.30022760954161,-13.300227609541608,-0.7975299954141628,0.7975299954141628
63954,10,10,Neutral,65.0,1,51.305375971976304,13.694624028023696,0.8211794383453295,0.8211794383453295
63954,77,11,Neutral,71.0,1,51.232156277593134,19.767843722406866,1.1853517681132668,1.1853517681132668
63954,24,12,Neutral,43.0,0,53.407152624077156,-10.407152624077156,-0.6240507026060441,0.6240507026060441
63954,44,13,Neutral,39.0,1,51.412845801010505,-12.412845801010505,-0.7443193564337661,0.7443193564337661
63954,103,14,Neutral,62.0,0,51.321060259068275,10.678939740931725,0.6403480461118912,0.6403480461118912
63954,11,15,Neutral,59.0,1,59.66481007096192,-0.66481007096192,-0.03986442852039453,0.03986442852039453
63954,39,16,Neutral,57.0,1,55.16756634071602,1.8324336592839785,0.10987938333003286,0.10987938333003286
63954,96,17,Neutral,37.0,0,44.47678962558288,-7.476789625582882,-0.44833548499019177,0.44833548499019177
63954,37,18,Neutral,63.0,1,52.800136048253975,10.199863951746025,0.6116209202935177,0.6116209202935177
63954,74,19,Neutral,71.0,0,48.89105193977058,22.108948060229423,1.3257328944082964,1.3257328944082964
63954,98,20,Neutral,19.0,1,47.804349844417814,-28.804349844417814,-1.7272135239885733,1.7272135239885733
63954,84,21,Neutral,38.0,1,53.666807970638935,-15.666807970638935,-0.9394387566731928,0.9394387566731928
63954,53,22,Neutral,59.0,0,47.56314225623778,11.436857743762218,0.6857955646857894,0.6857955646857894
63954,34,23,Neutral,74.0,1,56.80030892684707,17.199691073152927,1.0313559997165669,1.0313559997165669
63954,52,24,Neutral,68.0,1,55.84377634209854,12.156223657901457,0.7289313598802255,0.7289313598802255
63954,88,25,Neutral,30.0,1,50.105381375056105,-20.105381375056105,-1.2055917527565623,1.2055917527565623
63954,70,26,Neutral,57.0,1,49.374930616289475,7.625069383710525,0.4572268783024922,0.4572268783024922
63954,117,27,Neutral,61.0,0,52.73150948917326,8.268490510826737,0.4958087479984841,0.4958087479984841
63954,109,28,Neutral,44.0,1,50.34181426914812,-6.3418142691481165,-0.3802782368448119,0.3802782368448119
63954,40,29,Neutral,55.0,1,57.20689259133217,-2.2068925913321706,-0.1323333020994335,0.1323333020994335
63954,108,30,Neutral,63.0,0,48.979492112639704,14.020507887360296,0.8407206191786419,0.8407206191786419
63954,21,31,Neutral,58.0,1,49.46704757281249,8.53295242718751,0.5116668458547281,0.5116668458547281
63954,19,32,Neutral,58.0,0,53.89218849644372,4.107811503556277,0.2463193101479858,0.2463193101479858
63954,104,33,Neutral,56.0,0,51.31795319196294,4.682046808037057,0.28075254641987174,0.28075254641987174
63954,62,34,Neutral,57.0,1,46.77299431667123,10.22700568332877,0.6132484371827166,0.6132484371827166
63954,46,35,Neutral,22.0,1,49.038013305487866,-27.038013305487866,-1.621297564266045,1.621297564266045
63954,93,36,Neutral,59.0,1,49.1582675686203,9.841732431379697,0.5901460524806902,0.5901460524806902
63954,95,37,Neutral,35.0,1,49.357375590407955,-14.357375590407955,-0.8609204312084783,0.8609204312084783
63954,9,38,Neutral,61.0,0,54.83085747529047,6.169142524709528,0.36992421136546827,0.36992421136546827
63954,61,39,Neutral,43.0,0,48.320583173738626,-5.320583173738626,-0.31904150806473935,0.31904150806473935
63954,45,40,Neutral,60.0,1,48.92958890577957,11.070411094220432,0.663822091501095,0.663822091501095
63954,55,41,Neutral,63.0,1,56.861792610619624,6.138207389380376,0.36806922819815047,0.36806922819815047
63954,94,42,Neutral,60.0,1,58.54236362722354,1.457636372776463,0.08740517559729154,0.08740517559729154
63954,43,43,Neutral,63.0,1,53.68954868802727,9.310451311972727,0.5582885052895203,0.5582885052895203
63954,92,44,Neutral,30.0,1,53.92224600069312,-23.92224600069312,-1.4344648304771985,1.4344648304771985
63954,54,45,Neutral,62.0,1,51.6910222911429,10.3089777088571,0.6181637778116844,0.6181637778116844
63954,4,46,Neutral,63.0,1,52.667526482802955,10.332473517197045,0.6195726718898703,0.6195726718898703
63954,42,47,Neutral,56.0,1,51.602736001702525,4.3972639982974755,0.2636759339277139,0.2636759339277139
63954,78,48,Neutral,38.0,1,51.67391183620428,-13.673911836204283,-0.8199374600324995,0.8199374600324995
63954,119,49,Neutral,37.0,1,47.37093223515126,-10.370932235151258,-0.6218787964205253,0.6218787964205253
63954,85,50,Neutral,41.0,1,51.45948494514269,-10.459484945142691,-0.6271887388114896,0.6271887388114896
63954,126,51,Neutral,37.0,1,51.12740408410809,-14.127404084108093,-0.8471305037163247,0.8471305037163247
63954,87,52,Neutral,5.0,1,48.12882509161564,-43.12882509161564,-2.5861611310214205,2.5861611310214205
63954,86,53,Neutral,62.0,1,50.93532925002194,11.064670749978063,0.6634778795934725,0.6634778795934725
63954,97,54,Neutral,18.0,1,50.38607893328411,-32.38607893328411,-1.9419870201781444,1.9419870201781444
63954,107,55,Neutral,62.0,1,50.747138456790715,11.252861543209285,0.6747624836520535,0.6747624836520535
63954,30,56,Neutral,56.0,1,52.75569554196201,3.2443044580379876,0.19454028874550666,0.19454028874550666
63954,65,57,Neutral,68.0,1,48.25568360352339,19.744316396476613,1.1839409841257957,1.1839409841257957
63954,25,58,Neutral,36.0,1,52.706112471119326,-16.706112471119326,-1.0017592325203435,1.0017592325203435
63954,89,59,Neutral,61.0,1,45.06273202546819,15.937267974531807,0.9556565216616395,0.9556565216616395
63954,38,60,Neutral,31.0,1,46.846932604422264,-15.846932604422264,-0.9502396844898068,0.9502396844898068
63954,47,61,Neutral,32.0,0,53.80143432177428,-21.80143432177428,-1.3072932528006613,1.3072932528006613
63954,128,62,Neutral,41.0,0,48.48915291516293,-7.489152915162933,-0.4490768327754739,0.4490768327754739
63954,41,63,Neutral,70.0,1,57.14196547534321,12.858034524656787,0.7710144906187888,0.7710144906187888
63954,127,64,Neutral,62.0,0,47.2496304894288,14.750369510571197,0.8844857752421948,0.8844857752421948
63969,58,1,Standard,100.0,0,91.72252933284702,8.277470667152983,0.496347230815767,0.496347230815767
63969,82,2,Standard,100.0,0,87.59526786609916,12.404732133900836,0.743832831459703,0.743832831459703
63969,29,3,Standard,100.0,1,91.49939784433218,8.50060215566782,0.5097270059772333,0.5097270059772333
63969,124,4,Standard,100.0,0,88.76910373542736,11.230896264572635,0.6734453656985389,0.6734453656985389
63969,110,5,Standard,61.0,1,86.54785950408697,-25.547859504086972,-1.5319425254436219,1.5319425254436219
63969,23,6,Standard,100.0,0,90.31213258959528,9.68786741040472,0.5809197465049535,0.5809197465049535
63969,102,7,Standard,88.0,0,86.79371853771514,1.2062814622848634,0.07233302145852477,0.07233302145852477
63969,57,8,Standard,100.0,0,91.40877369853666,8.591226301463337,0.5151611591889318,0.5151611591889318
63969,123,9,Standard,69.0,1,88.67252553464436,-19.672525534644365,-1.1796361430818143,1.1796361430818143
63969,36,10,Standard,71.0,0,86.98237212352116,-15.98237212352116,-0.958361130394112,0.958361130394112
63969,32,11,Standard,65.0,1,88.7633194478687,-23.763319447868696,-1.4249350166524846,1.4249350166524846
63969,100,12,Standard,82.0,1,86.75818958336167,-4.75818958336167,-0.2853183440165907,0.2853183440165907
63969,63,13,Standard,73.0,0,86.07620865338198,-13.076208653381983,-0.7840970044666621,0.7840970044666621
63969,73,14,Standard,94.0,1,85.32515601515772,8.674843984842283,0.5201751794447891,0.5201751794447891
63969,99,15,Standard,69.0,0,86.81507071719427,-17.815070717194274,-1.0682564001531862,1.0682564001531862
63969,22,16,Standard,98.0,1,95.62719448237854,2.372805517621458,0.14228204427341848,0.14228204427341848
63969,105,17,Standard,95.0,0,87.52823609093568,7.471763909064322,0.4480341247586477,0.4480341247586477
63969,113,18,Standard,93.0,1,92.75851583454383,0.24148416545617124,0.014480268385082984,0.014480268385082984
63969,27,19,Standard,100.0,0,90.30005708432267,9.699942915677326,0.5816438376970302,0.5816438376970302
63969,51,20,Standard,69.0,0,87.03663370780701,-18.036633707807013,-1.081542122478762,1.081542122478762
63969,7,21,Standard,95.0,1,93.85194038249367,1.148059617506334,0.06884182800211255,0.06884182800211255
63969,49,22,Standard,77.0,0,91.04656213204704,-14.046562132047043,-0.8422829264004097,0.8422829264004097
63969,15,23,Standard,95.0,1,91.26557748128974,3.734422518710261,0.2239295493022159,0.2239295493022159
63969,69,24,Standard,73.0,0,88.22432222476917,-15.224322224769168,-0.9129057028613031,0.9129057028613031
63969,5,25,Standard,78.0,0,85.48564049015054,-7.485640490150544,-0.44886621500363866,0.44886621500363866
63969,121,26,Standard,83.0,1,89.47909014460475,-6.479090144604754,-0.3885097973517061,0.3885097973517061
63969,75,27,Standard,92.0,0,84.84142512313936,7.158574876860641,0.4292541719074667,0.4292541719074667
63969,16,28,Standard,78.0,0,89.13068500242369,-11.13068500242369,-0.6674363341399541,0.6674363341399541
63969,115,29,Standard,94.0,1,93.39100556423091,0.6089944357690911,0.03651752013760561,0.03651752013760561
63969,66,30,Standard,80.0,0,85.7752305474048,-5.775230547404803,-0.3463038172882989,0.3463038172882989
63969,125,31,Standard,72.0,1,82.84823629307583,-10.848236293075828,-0.6504996827920229,0.6504996827920229
63969,76,32,Standard,80.0,1,84.15522466815432,-4.155224668154318,-0.249162375849908,0.249162375849908
63969,13,33,Standard,92.0,1,86.3948863275251,5.6051136724749,0.3361029910719577,0.3361029910719577
63969,91,34,Standard,98.0,0,86.70947732122058,11.290522678779425,0.6770207822436504,0.6770207822436504
63969,20,35,Standard,87.0,0,86.07030862115072,0.9296913788492844,0.055747674617112115,0.055747674617112115
63969,111,36,Standard,93.0,0,88.0729854850499,4.927014514950102,0.295441700613806,0.295441700613806
63969,64,37,Standard,99.0,1,86.96650403204262,12.033495967957379,0.7215721614610893,0.7215721614610893
63969,26,38,Standard,100.0,1,95.1162857982174,4.883714201782595,0.29284525643437415,0.29284525643437415
63969,79,39,Standard,66.0,1,88.79099427132239,-22.79099427132239,-1.3666308645464158,1.3666308645464158
63969,17,40,Standard,100.0,1,93.28415690972956,6.71584309027044,0.40270636459959186,0.40270636459959186
63969,101,41,Standard,100.0,1,90.55117800624907,9.448821993750926,0.5665857143632097,0.5665857143632097
63969,50,42,Standard,99.0,0,81.83730968909103,17.16269031090897,1.0291372995101455,1.0291372995101455
63969,120,43,Standard,75.0,1,85.0655762049456,-10.0655762049456,-0.6035685388430613,0.6035685388430613
63969,8,44,Standard,92.0,0,91.80345640097711,0.19654359902288832,0.01178546865731492,0.01178546865731492
63969,31,45,Standard,95.0,0,85.49999224702303,9.50000775297697,0.5696549985528675,0.5696549985528675
63969,106,46,Standard,78.0,0,85.42123258202434,-7.421232582024345,-0.4450040827018071,0.4450040827018071
63969,28,47,Standard,93.0,0,89.33880134332028,3.6611986566797157,0.2195387803572143,0.2195387803572143
63969,3,48,Standard,100.0,1,89.08838344595554,10.911616554044457,0.654300193634664,0.654300193634664
63969,81,49,Standard,96.0,0,85.88884452343102,10.111155476568982,0.6063016376557988,0.6063016376557988
63969,48,50,Standard,99.0,1,93.69496236408366,5.305037635916335,0.31810934110699285,0.31810934110699285
63969,112,51,Standard,97.0,1,86.43807235070521,10.561927649294788,0.6333315757441467,0.6333315757441467
63969,72,52,Standard,93.0,1,87.0997080467742,5.900291953225803,0.3538029537947567,0.3538029537947567
63969,60,53,Standard,70.0,0,88.17259888262342,-18.17259888262342,-1.0896950886107115,1.0896950886107115
63969,90,54,Standard,65.0,1,87.86056853027951,-22.860568530279508,-1.3708027900243833,1.3708027900243833
63969,67,55,Standard,100.0,1,89.47648551149507,10.52351448850493,0.6310281829866722,0.6310281829866722
63969,68,56,Standard,92.0,1,83.28596713396145,8.71403286603855,0.5225250872176699,0.5225250872176699
63969,6,57,Standard,85.0,1,89.65001171699822,-4.650011716998222,-0.27883160590972844,0.27883160590972844
63969,80,58,Standard,80.0,1,89.9548756455734,-9.954875645573395,-0.5969305308930979,0.5969305308930979
63969,83,59,Standard,100.0,1,87.07442912272425,12.925570877275746,0.7750642158246828,0.7750642158246828
63969,116,60,Standard,100.0,0,89.91136996602012,10.088630033979882,0.6049509302354311,0.6049509302354311
63969,2,61,Standard,100.0,0,87.05438233562862,12.945617664371383,0.7762662940514481,0.7762662940514481
63969,18,62,Standard,100.0,0,88.27954093411657,11.720459065883432,0.7028013308854987,0.7028013308854987
63969,35,63,Standard,100.0,1,91.084500069107,8.915499930893006,0.534605784783643,0.534605784783643
63969,114,64,Standard,100.0,0,85.25399267910673,14.74600732089327,0.8842242024920159,0.8842242024920159
63977,33,1,Neutral,100.0,0,90.1856257970322,9.814374202967798,0.5885055536546229,0.5885055536546229
63977,88,2,Neutral,91.0,1,91.38710683418263,-0.3871068341826316,-0.02321233295804519,0.02321233295804519
63977,95,3,Neutral,33.0,1,89.41464066845704,-56.41464066845704,-3.382826928565386,3.382826928565386
63977,41,4,Neutral,100.0,0,98.29270966060766,1.707290339392344,0.10237533495813224,0.10237533495813224
63977,107,5,Neutral,17.0,1,91.5042301634576,-74.5042301634576,-4.467544472545005,4.467544472545005
63977,44,6,Neutral,100.0,1,91.99474463151918,8.005255368480817,0.4800242119716437,0.4800242119716437
63977,65,7,Neutral,100.0,1,89.01277531019028,10.987224689809722,0.6588339322999246,0.6588339322999246
63977,34,8,Neutral,100.0,1,96.02652988341245,3.9734701165875492,0.23826371223804937,0.23826371223804937
63977,126,9,Neutral,100.0,0,91.53458247646608,8.465417523533915,0.5076172075340645,0.5076172075340645
63977,30,10,Neutral,100.0,1,93.33783059147447,6.6621694085255285,0.39948789553180153,0.39948789553180153
63977,4,11,Neutral,93.0,0,92.76853072514064,0.2314692748593643,0.013879739139552271,0.013879739139552271
63977,46,12,Neutral,89.0,0,88.61414757636219,0.38585242363781447,0.02313711394184296,0.02313711394184296
63977,128,13,Neutral,86.0,0,90.90809664579346,-4.908096645793464,-0.2943073164104172,0.2943073164104172
63977,103,14,Neutral,89.0,0,90.40287622460484,-1.4028762246048387,-0.08412155805311784,0.08412155805311784
63977,96,15,Neutral,77.0,1,84.83999263464847,-7.839992634648468,-0.4701144577009054,0.4701144577009054
63977,109,16,Neutral,28.0,1,89.43681773284763,-61.43681773284763,-3.6839749215710924,3.6839749215710924
63977,118,17,Neutral,86.0,0,92.308915772198,-6.308915772198006,-0.37830552337764295,0.37830552337764295
63977,38,18,Neutral,84.0,0,88.95970218503246,-4.959702185032455,-0.29740177213560287,0.29740177213560287
63977,39,19,Neutral,93.0,1,93.60648234008632,-0.6064823400863162,-0.036366885748692894,0.036366885748692894
63977,78,20,Neutral,82.0,1,91.98042440182206,-9.980424401822063,-0.5984625271906063,0.5984625271906063
63977,74,21,Neutral,83.0,0,89.07929829168174,-6.079298291681738,-0.36453682455840053,0.36453682455840053
63977,10,22,Neutral,90.0,1,91.05623068100131,-1.0562306810013098,-0.06333543115991119,0.06333543115991119
63977,42,23,Neutral,92.0,1,91.22260943686543,0.7773905631345741,0.046615164074857385,0.046615164074857385
63977,89,24,Neutral,91.0,0,86.86932745605809,4.1306725439419125,0.24769014123217256,0.24769014123217256
63977,127,25,Neutral,96.0,0,89.23118257717317,6.768817422826828,0.4058828981478189,0.4058828981478189
63977,117,26,Neutral,100.0,0,91.85706461899841,8.142935381001593,0.48828000600599103,0.48828000600599103
63977,77,27,Neutral,83.0,1,89.10246314121144,-6.1024631412114445,-0.36592587314324904,0.36592587314324904
63977,14,28,Neutral,100.0,1,92.42457860597568,7.575421394024318,0.45424980436442236,0.45424980436442236
63977,47,29,Neutral,97.0,0,94.28290354454651,2.717096455453486,0.1629269804452874,0.1629269804452874
63977,12,30,Neutral,100.0,1,93.95183865171684,6.048161348283159,0.362669740245643,0.362669740245643
63977,85,31,Neutral,76.0,1,90.86066255886251,-14.860662558862515,-0.891099347346396,0.891099347346396
63977,9,32,Neutral,100.0,0,94.1751084265587,5.824891573441306,0.3492816729333212,0.3492816729333212
63977,40,33,Neutral,100.0,1,95.60206942641388,4.397930573586123,0.2637159042051035,0.2637159042051035
63977,21,34,Neutral,100.0,0,88.4176460454832,11.582353954516805,0.694520046379068,0.694520046379068
63977,11,35,Neutral,100.0,1,97.36016027742579,2.6398397225742087,0.15829438590421946,0.15829438590421946
63977,24,36,Neutral,100.0,0,91.43922864668693,8.560771353313072,0.5133349697903988,0.5133349697903988
63977,86,37,Neutral,100.0,1,90.20528937087593,9.794710629124069,0.5873264542874688,0.5873264542874688
63977,119,38,Neutral,72.0,1,86.93387900786257,-14.933879007862572,-0.8954896717791422,0.8954896717791422
63977,55,39,Neutral,100.0,1,95.519404431433,4.480595568566997,0.2686727978014741,0.2686727978014741
63977,104,40,Neutral,100.0,0,91.287503722431,8.712496277569002,0.5224329477873496,0.5224329477873496
63977,97,41,Neutral,84.0,1,89.52482156127226,-5.524821561272262,-0.33128838421265144,0.33128838421265144
63977,122,42,Neutral,84.0,1,87.29193159422103,-3.291931594221026,-0.19739618496147807,0.19739618496147807
63977,52,43,Neutral,100.0,1,93.582865712851,6.417134287148997,0.3847946989215768,0.3847946989215768
63977,25,44,Neutral,100.0,0,92.40027673669647,7.599723263303531,0.4557070327866565,0.4557070327866565
63977,19,45,Neutral,100.0,0,92.40539532622827,7.594604673771727,0.45540010355163363,0.45540010355163363
63977,108,46,Neutral,87.0,1,88.55539016451024,-1.5553901645102428,-0.09326684829657894,0.09326684829657894
63977,84,47,Neutral,100.0,1,91.09972319137111,8.900276808628888,0.5336929510347844,0.5336929510347844
63977,56,48,Neutral,100.0,1,97.0020310483014,2.9979689516985957,0.1797691163258512,0.1797691163258512
63977,61,49,Neutral,84.0,1,86.965007496389,-2.9650074963890063,-0.17779262764658665,0.17779262764658665
63977,92,50,Neutral,100.0,1,92.22994450719759,7.770055492802413,0.4659207724457938,0.4659207724457938
63977,1,51,Neutral,100.0,1,92.6440445134319,7.3559554865681065,0.4410898307680646,0.4410898307680646
63977,54,52,Neutral,100.0,1,91.66057282161097,8.33942717838903,0.500062368448939,0.500062368448939
63977,62,53,Neutral,88.0,1,85.02376616072408,2.9762338392759204,0.1784657999752087,0.1784657999752087
63977,93,54,Neutral,100.0,0,88.64668729191362,11.353312708086378,0.6807859006502935,0.6807859006502935
63977,59,55,Neutral,100.0,1,87.52228302901227,12.477716970987728,0.7482092676001985,0.7482092676001985
63977,98,56,Neutral,100.0,1,85.3115558955642,14.688444104435803,0.8807725027839287,0.8807725027839287
63977,70,57,Neutral,100.0,1,86.58915001557855,13.410849984421446,0.8041633151377537,0.8041633151377537
63977,43,58,Neutral,100.0,1,91.60359471593421,8.396405284065793,0.5034789827876663,0.5034789827876663
63977,53,59,Neutral,100.0,0,86.22051785804739,13.779482141952613,0.8262678393260791,0.8262678393260791
63977,87,60,Neutral,99.0,1,88.0546364577951,10.945363542204902,0.6563237857191734,0.6563237857191734
63977,71,61,Neutral,87.0,1,87.04054265700121,-0.04054265700121107,-0.0024310850912850077,0.0024310850912850077
63977,94,62,Neutral,100.0,1,96.2377138336874,3.762286166312606,0.22560035490020264,0.22560035490020264
63977,45,63,Neutral,94.0,0,88.19931280762981,5.800687192370191,0.34783029025842616,0.34783029025842616
63977,37,64,Neutral,100.0,1,89.35826798321384,10.641732016786165,0.6381169357175179,0.6381169357175179
63978,101,1,Standard,100.0,1,94.86614430017457,5.133855699825432,0.30784464995181116,0.30784464995181116
63978,36,2,Standard,100.0,0,89.89768516021097,10.102314839789031,0.6057715209376823,0.6057715209376823
63978,125,3,Standard,100.0,1,86.63833261553793,13.361667384462066,0.8012141476594528,0.8012141476594528
63978,15,4,Standard,100.0,1,94.66202132515433,5.337978674845672,0.3200846055458815,0.3200846055458815
63978,99,5,Standard,90.0,1,89.81786208246132,0.18213791753868236,0.010921651629116512,0.010921651629116512
63978,83,6,Standard,100.0,1,91.95800455240175,8.041995447598254,0.4822272806701841,0.4822272806701841
63978,105,7,Standard,100.0,0,90.53102745620271,9.468972543797292,0.5677940145936916,0.5677940145936916
63978,2,8,Standard,100.0,0,91.93795776530612,8.062042234693877,0.48342935889694855,0.48342935889694855
63978,8,9,Standard,100.0,0,95.89972687345954,4.100273126540458,0.24586728165919935,0.24586728165919935
63978,48,10,Standard,100.0,1,98.00992865800914,1.9900713419908556,0.11933191181729894,0.11933191181729894
63978,26,11,Standard,100.0,1,98.86264295639091,1.1373570436090858,0.0682000627660749,0.0682000627660749
63978,121,12,Standard,59.0,1,92.65683816702628,-33.65683816702628,-2.0181863631977954,2.0181863631977954
63978,106,13,Standard,100.0,1,89.43002472592954,10.569975274070458,0.6338141405797914,0.6338141405797914
63978,115,14,Standard,100.0,1,96.61249275094104,3.387507249058956,0.20312724865469758,0.20312724865469758
63978,91,15,Standard,100.0,0,90.10592116508516,9.894078834914836,0.5932849331222048,0.5932849331222048
63978,113,16,Standard,100.0,1,95.41139388550195,4.588606114498049,0.2751495027669797,0.2751495027669797
63978,64,17,Standard,32.0,1,90.40668704019582,-58.40668704019582,-3.5022772703458442,3.5022772703458442
63978,116,18,Standard,100.0,0,94.31381458852285,5.686185411477155,0.3409643472481709,0.3409643472481709
63978,27,19,Standard,100.0,0,92.86545680670356,7.134543193296437,0.42781314480286253,0.42781314480286253
63978,120,20,Standard,97.0,1,88.63697670596466,8.363023294035344,0.5014772773178442,0.5014772773178442
63978,29,21,Standard,100.0,1,93.277492609518,6.722507390481994,0.40310598026581895,0.40310598026581895
63978,111,22,Standard,56.0,1,91.25073350747141,-35.25073350747141,-2.113762121814431,2.113762121814431
63978,49,23,Standard,100.0,0,93.56822269013934,6.431777309860664,0.385672747792538,0.385672747792538
63978,123,24,Standard,99.0,1,90.58183779269604,8.418162207303965,0.504783606994091,0.504783606994091
63978,28,25,Standard,100.0,0,92.86646268005072,7.1335373199492835,0.42775282898049516,0.42775282898049516
63978,20,26,Standard,81.0,0,89.02936082212915,-8.02936082212915,-0.48146966259865537,0.48146966259865537
63978,73,27,Standard,62.0,1,87.3219466017866,-25.321946601786607,-1.5183959666007978,1.5183959666007978
63978,100,28,Standard,74.0,0,88.62376267712473,-14.62376267712473,-0.8768939692774966,0.8768939692774966
63978,32,29,Standard,99.0,0,90.54141421305452,8.458585786945477,0.5072075517740278,0.5072075517740278
63978,35,30,Standard,100.0,1,95.09329221301219,4.906707786987809,0.2942240353877594,0.2942240353877594
63978,72,31,Standard,100.0,1,90.58363021921602,9.416369780783981,0.564639761705968,0.564639761705968
63978,17,32,Standard,100.0,1,96.19946994641938,3.8005300535806157,0.22789359740197715,0.22789359740197715
63978,67,33,Standard,32.0,1,93.0041468482255,-61.0041468482255,-3.6580304025178267,3.6580304025178267
63978,7,34,Standard,100.0,1,95.84873096912256,4.151269030877444,0.2489251814595637,0.2489251814595637
63978,13,35,Standard,100.0,0,88.87280772132875,11.127192278671245,0.6672268977272816,0.6672268977272816
63978,76,36,Standard,100.0,0,86.54566773338077,13.454332266619232,0.8067706708417207,0.8067706708417207
63978,75,37,Standard,100.0,1,86.96943320263411,13.030566797365893,0.781360152866236,0.781360152866236
63978,31,38,Standard,86.0,0,88.37156611942424,-2.3715661194242443,-0.14220772545215024,0.14220772545215024
63978,57,39,Standard,87.0,0,92.61825932797052,-5.61825932797052,-0.33689125236153267,0.33689125236153267
63978,80,40,Standard,90.0,0,93.30758032514936,-3.3075803251493596,-0.19833453975298238,0.19833453975298238
63978,16,41,Standard,91.0,0,91.12747558905258,-0.1274755890525796,-0.007643899708873134,0.007643899708873134
63978,5,42,Standard,100.0,1,87.30747441962498,12.692525580375019,0.7610899726744985,0.7610899726744985
63978,22,43,Standard,100.0,1,97.01163676896684,2.988363231033162,0.17919312239678814,0.17919312239678814
63978,102,44,Standard,100.0,0,87.74076918141728,12.259230818582722,0.7351080436782397,0.7351080436782397
63978,82,45,Standard,100.0,0,88.2798835240696,11.720116475930396,0.7027807879465584,0.7027807879465584
63978,110,46,Standard,100.0,0,87.31995349063466,12.68004650936534,0.7603416822138163,0.7603416822138163
63978,112,47,Standard,100.0,1,89.17842873024057,10.821571269759431,0.6489007510633666,0.6489007510633666
63978,18,48,Standard,100.0,0,91.45728895653808,8.542711043461921,0.5122520079602996,0.5122520079602996
63978,51,49,Standard,66.0,0,88.33359766581809,-22.33359766581809,-1.33920370138805,1.33920370138805
63978,58,50,Standard,100.0,0,92.14471000508577,7.85528999491423,0.47103174303020684,0.47103174303020684
63978,63,51,Standard,30.0,0,86.9795201327955,-56.9795201327955,-3.416699154652721,3.416699154652721
63978,81,52,Standard,100.0,0,88.32302675294608,11.676973247053922,0.7001937631122375,0.7001937631122375
63978,66,53,Standard,100.0,0,87.33462949114755,12.665370508852448,0.7594616558740153,0.7594616558740153
63978,6,54,Standard,65.0,0,92.34662893224498,-27.346628932244982,-1.6398032791017645,1.6398032791017645
63978,23,55,Standard,100.0,0,90.73431326183405,9.265686738165954,0.5556042587193925,0.5556042587193925
63978,3,56,Standard,100.0,1,91.30386985402752,8.696130145972475,0.5214515750439417,0.5214515750439417
63978,69,57,Standard,88.0,1,89.34632952562576,-1.3463295256257624,-0.08073081242819968,0.08073081242819968
63978,79,58,Standard,86.0,0,90.5253498722196,-4.525349872219607,-0.2713564285358251,0.2713564285358251
63978,60,59,Standard,88.0,0,90.47556361927263,-2.4755636192726342,-0.14844379358662851,0.14844379358662851
63978,124,60,Standard,87.0,0,88.8851102576458,-1.885110257645806,-0.11303806365365403,0.11303806365365403
63978,50,61,Standard,91.0,0,83.57166528998825,7.428334710011754,0.44542995211303166,0.44542995211303166
63978,68,62,Standard,100.0,1,85.58893187061066,14.411068129389335,0.8641400310247156,0.8641400310247156
63978,114,63,Standard,100.0,0,87.86313156577626,12.136868434223743,0.7277707503099161,0.7277707503099161
63978,90,64,Standard,100.0,1,89.98857660977426,10.011423390225744,0.6003213392203867,0.6003213392203867
64012,28,1,Standard,31.0,0,74.4821321903368,-43.4821321903368,-2.6073467089750437,2.6073467089750437
64012,51,2,Standard,49.0,0,72.66085914299452,-23.660859142994525,-1.4187911243165512,1.4187911243165512
64012,27,3,Standard,59.0,1,75.32512171763254,-16.32512171763254,-0.9789136419935189,0.9789136419935189
64012,60,4,Standard,61.0,1,74.6410559374576,-13.641055937457594,-0.8179673009084574,0.8179673009084574
64012,32,5,Standard,68.0,1,73.86267491159282,-5.862674911592819,-0.3515472992359185,0.3515472992359185
64012,68,6,Standard,58.0,1,70.30984582638466,-12.30984582638466,-0.7381431035377573,0.7381431035377573
64012,35,7,Standard,55.0,1,78.37081374726186,-23.370813747261863,-1.4013989480381077,1.4013989480381077
64012,80,8,Standard,69.0,1,76.46707186469618,-7.46707186469618,-0.4477527727221816,0.4477527727221816
64012,72,9,Standard,57.0,1,72.11182140092485,-15.111821400924853,-0.9061597445094116,0.9061597445094116
64012,50,10,Standard,81.0,0,68.07388342431916,12.926116575680837,0.7750969378847321,0.7750969378847321
64012,8,11,Standard,64.0,1,77.57208682719344,-13.572086827193445,-0.8138316623459094,0.8138316623459094
64012,20,12,Standard,71.0,1,71.40154740448091,-0.4015474044809082,-0.02407824204636036,0.02407824204636036
64012,111,13,Standard,70.0,1,73.91590674168047,-3.915906741680473,-0.23481200302874763,0.23481200302874763
64012,76,14,Standard,73.0,1,69.77945010334184,3.220549896658156,0.1931158788944503,0.1931158788944503
64012,29,15,Standard,82.0,1,75.81144835086123,6.188551649138773,0.3710880530207753,0.3710880530207753
64012,5,16,Standard,74.0,1,70.71621344674051,3.283786553259489,0.19690777869720913,0.19690777869720913
64012,75,17,Standard,66.0,1,68.41014605576572,-2.410146055765722,-0.14452111867794915,0.14452111867794915
64012,3,18,Standard,78.0,1,75.23747885260643,2.7625211473935707,0.1656508100982984,0.1656508100982984
64012,67,19,Standard,68.0,1,74.18242471562542,-6.182424715625416,-0.3707206598151654,0.3707206598151654
64012,13,20,Standard,65.0,1,71.80041594126953,-6.800415941269534,-0.4077776601781038,0.4077776601781038
64012,22,21,Standard,87.0,1,80.24541913892789,6.754580861072114,0.4050292221533716,0.4050292221533716
64012,6,22,Standard,65.0,1,74.31221175683996,-9.312211756839957,-0.5583940679631908,0.5583940679631908
64012,64,23,Standard,74.0,1,72.41577281007567,1.5842271899243343,0.09499602116650481,0.09499602116650481
64012,110,24,Standard,72.0,1,68.84814467234351,3.1518553276564916,0.1889967028239918,0.1889967028239918
64012,81,25,Standard,72.0,1,71.77550494435022,0.22449505564978267,0.01346153960361014,0.01346153960361014
64012,73,26,Standard,70.0,1,69.63720652168676,0.36279347831323605,0.02175441575810862,0.02175441575810862
64012,48,27,Standard,81.0,1,79.53788362071423,1.4621163792857743,0.08767381307295874,0.08767381307295874
64012,90,28,Standard,74.0,1,73.83470727977594,0.16529272022405905,0.009911552363789336,0.009911552363789336
64012,7,29,Standard,87.0,1,78.33894754617717,8.661052453822833,0.5193481891109691,0.5193481891109691
64012,63,30,Standard,72.0,1,69.65788086516757,2.34211913483243,0.14044197721265225,0.14044197721265225
64012,18,31,Standard,76.0,1,73.9606930317557,2.039306968244304,0.1222842589449493,0.1222842589449493
64012,15,32,Standard,76.0,1,75.70884548068463,0.29115451931536995,0.017458683360261885,0.017458683360261885
64012,114,33,Standard,74.0,1,70.93514477674586,3.064855223254142,0.18377986030805918,0.18377986030805918
64012,124,34,Standard,81.0,1,71.78216681146094,9.21783318853906,0.552734785930287,0.552734785930287
64012,49,35,Standard,73.0,1,74.8031910009871,-1.8031910009870984,-0.10812588723793008,0.10812588723793008
64012,100,36,Standard,80.0,1,70.54537011842736,9.454629881572643,0.5669339764293789,0.5669339764293789
64012,115,37,Standard,71.0,1,77.87801272791442,-6.878012727914424,-0.4124306455790946,0.4124306455790946
64012,116,38,Standard,77.0,1,75.1988695850617,1.8011304149382994,0.10800232700796301,0.10800232700796301
64012,123,39,Standard,75.0,1,70.49167989572612,4.508320104273878,0.2703352617445201,0.2703352617445201
64012,26,40,Standard,76.0,1,79.86572794763259,-3.8657279476325925,-0.2318031001316134,0.2318031001316134
64012,17,41,Standard,75.0,1,78.0773382234334,-3.077338223433401,-0.18452838637603242,0.18452838637603242
64012,58,42,Standard,72.0,1,73.06055288675398,-1.0605528867539817,-0.06359460632858534,0.06359460632858534
64012,23,43,Standard,76.0,1,73.01902151560856,2.980978484391443,0.17875030614369788,0.17875030614369788
64012,99,44,Standard,73.0,1,69.87187295751649,3.128127042483513,0.1875738685898156,0.1875738685898156
64012,120,45,Standard,84.0,1,69.81501835436079,14.184981645639212,0.8505830636071742,0.8505830636071742
64012,2,46,Standard,84.0,1,70.84179908969807,13.158200910301929,0.7890135582434147,0.7890135582434147
64012,31,47,Standard,79.0,1,70.24943439643826,8.75056560356174,0.5247157229605073,0.5247157229605073
64012,125,48,Standard,82.0,1,66.9415909781618,15.058409021838202,0.9029569440988775,0.9029569440988775
64012,113,49,Standard,83.0,1,76.23952221958919,6.76047778041081,0.4053828228729393,0.4053828228729393
64012,69,50,Standard,79.0,1,70.21843324300539,8.781566756994607,0.5265746648133077,0.5265746648133077
64012,57,51,Standard,77.0,1,73.85322763881827,3.146772361181732,0.18869190967696348,0.18869190967696348
64012,79,52,Standard,81.0,1,71.35371442531059,9.646285574689415,0.5784263484804303,0.5784263484804303
64012,101,53,Standard,78.0,1,74.86322851277811,3.1367714872218926,0.18809222091993752,0.18809222091993752
64012,82,54,Standard,81.0,1,68.45216061283139,12.547839387168608,0.752414062577921,0.752414062577921
64012,91,55,Standard,66.0,1,68.92228416089988,-2.9222841608998777,-0.1752307811461344,0.1752307811461344
64012,121,56,Standard,77.0,1,72.49215322063836,4.507846779361643,0.27030687946218884,0.27030687946218884
64012,106,57,Standard,63.0,0,69.77702225284202,-6.777022252842016,-0.40637488958108525,0.40637488958108525
64012,102,58,Standard,76.0,1,68.8882591636878,7.111740836312194,0.4264458325887445,0.4264458325887445
64012,16,59,Standard,65.0,1,70.90610019921682,-5.906100199216823,-0.35415123733805925,0.35415123733805925
64012,36,60,Standard,73.0,1,67.92674319883062,5.073256801169379,0.3042109197040225,0.3042109197040225
64012,112,61,Standard,69.0,0,70.8376011858115,-1.8376011858114936,-0.11018924700521049,0.11018924700521049
64012,66,62,Standard,85.0,1,69.21249776816157,15.787502231838431,0.9466760233130429,0.9466760233130429
64012,83,63,Standard,78.0,1,71.73639294356222,6.2636070564377775,0.3755886480779636,0.3755886480779636
64012,105,64,Standard,76.0,1,68.60382465911097,7.39617534088903,0.4435015594372125,0.4435015594372125
64037,126,1,Neutral,64.0,1,68.9678376963656,-4.967837696365606,-0.2978896069687124,0.2978896069687124
64037,10,2,Neutral,65.0,0,69.0143558723642,-4.014355872364206,-0.2407153707791159,0.2407153707791159
64037,96,3,Neutral,50.0,1,62.448204511702464,-12.448204511702464,-0.7464395932600727,0.7464395932600727
64037,78,4,Neutral,55.0,1,69.7635929360305,-14.763592936030506,-0.8852786999014959,0.8852786999014959
64037,62,5,Neutral,53.0,1,64.2065879521682,-11.206587952168206,-0.6719877509230954,0.6719877509230954
64037,46,6,Neutral,53.0,1,65.95992446768447,-12.959924467684473,-0.7771241819850722,0.7771241819850722
64037,89,7,Neutral,57.0,1,64.69623515455514,-7.69623515455514,-0.46149423661857353,0.46149423661857353
64037,117,8,Neutral,67.0,0,69.7277114817841,-2.727711481784098,-0.16356349601098347,0.16356349601098347
64037,86,9,Neutral,71.0,1,68.51332787654778,2.486672123452223,0.14910989987800133,0.14910989987800133
64037,119,10,Neutral,58.0,1,65.24191751353439,-7.241917513534389,-0.434251699363052,0.434251699363052
64037,30,11,Neutral,67.0,1,70.37743333277646,-3.3774333327764623,-0.20252318001448755,0.20252318001448755
64037,87,12,Neutral,61.0,1,67.23745824923922,-6.237458249239225,-0.3740206705442418,0.3740206705442418
64037,127,13,Neutral,68.0,0,66.83939445422715,1.160605545772853,0.06959412746694918,0.06959412746694918
64037,54,14,Neutral,76.0,1,70.40600297016894,5.593997029831058,0.335436396768684,0.335436396768684
64037,92,15,Neutral,71.0,1,70.8441571628897,0.15584283711029912,0.009344903020813086,0.009344903020813086
64037,71,16,Neutral,69.0,1,66.0921469555795,2.9078530444205057,0.17436543894316656,0.17436543894316656
64037,14,17,Neutral,73.0,1,69.98905131874103,3.0109486812589665,0.1805474280931877,0.1805474280931877
64037,25,18,Neutral,79.0,0,70.62083691379105,8.379163086208948,0.5024450779266822,0.5024450779266822
64037,84,19,Neutral,72.0,1,69.40776169704293,2.592238302957071,0.15544003174702228,0.15544003174702228
64037,42,20,Neutral,78.0,1,68.43716883532187,9.56283116467813,0.5734221186892164,0.5734221186892164
64037,107,21,Neutral,74.0,1,67.88774544043036,6.112254559569635,0.3665130021810035,0.3665130021810035
64037,122,22,Neutral,61.0,0,65.25005678558394,-4.250056785583936,-0.25484885433727616,0.25484885433727616
64037,93,23,Neutral,72.0,0,67.0859432904513,4.914056709548703,0.29466470349873847,0.29466470349873847
64037,1,24,Neutral,67.0,1,70.9083438548151,-3.908343854815101,-0.23435850484028573,0.23435850484028573
64037,39,25,Neutral,77.0,1,70.42738925994523,6.57261074005477,0.3941176322136354,0.3941176322136354
64037,104,26,Neutral,80.0,0,68.9831939280622,11.016806071937793,0.660607739504248,0.660607739504248
64037,24,27,Neutral,71.0,0,68.91622303087507,2.0837769691249264,0.12495084185161678,0.12495084185161678
64037,53,28,Neutral,71.0,0,64.65977385658506,6.340226143414938,0.38018300705282015,0.38018300705282015
64037,94,29,Neutral,69.0,1,74.76444816080229,-5.764448160802289,-0.34565726619232456,0.34565726619232456
64037,44,30,Neutral,60.0,1,68.02834659418302,-8.02834659418302,-0.48140884580416343,0.48140884580416343
64037,108,31,Neutral,56.0,1,66.29481953443008,-10.294819534430076,-0.6173148022063529,0.6173148022063529
64037,34,32,Neutral,66.0,1,72.06013184607629,-6.060131846076288,-0.3633875348075354,0.3633875348075354
64037,95,33,Neutral,68.0,0,65.18580764538919,2.8141923546108103,0.1687492035141709,0.1687492035141709
64037,65,34,Neutral,65.0,1,64.91515977998827,0.08484022001172775,0.00508732799642831,0.00508732799642831
64037,55,35,Neutral,69.0,1,72.77770299417806,-3.777702994178057,-0.22652480394106067,0.22652480394106067
64037,109,36,Neutral,74.0,1,65.64537635266593,8.354623647334066,0.5009736039678975,0.5009736039678975
64037,103,37,Neutral,75.0,0,66.48021735155729,8.519782648442714,0.5108771380474415,0.5108771380474415
64037,12,38,Neutral,67.0,1,70.68526724299852,-3.6852672429985205,-0.22098202028513036,0.22098202028513036
64037,43,39,Neutral,77.0,1,69.5179807430085,7.4820192569915065,0.44864907269979953,0.44864907269979953
64037,33,40,Neutral,68.0,1,65.56314029536681,2.436859704633193,0.1461229661714075,0.1461229661714075
64037,21,41,Neutral,57.0,1,65.1948138010535,-8.194813801053499,-0.491390824656674,0.491390824656674
64037,61,42,Neutral,61.0,1,64.3545235519999,-3.354523551999904,-0.20114942627928378,0.20114942627928378
64037,85,43,Neutral,71.0,1,67.41913449298974,3.580865507010259,0.2147217126822578,0.2147217126822578
64037,59,44,Neutral,64.0,1,65.08675574177764,-1.0867557417776368,-0.06516582476637069,0.06516582476637069
64037,74,45,Neutral,74.0,0,65.11290025434558,8.887099745654425,0.5329028064386079,0.5329028064386079
64037,45,46,Neutral,57.0,0,66.02622050612686,-9.026220506126862,-0.5412449929574311,0.5412449929574311
64037,70,47,Neutral,72.0,1,64.10988356405531,7.890116435944691,0.4731200630327449,0.4731200630327449
64037,11,48,Neutral,79.0,1,73.8748930472644,5.125106952735607,0.3073200432735448,0.3073200432735448
64037,47,49,Neutral,62.0,0,70.4914621643648,-8.491462164364805,-0.5091789388737238,0.5091789388737238
64037,128,50,Neutral,68.0,0,66.3730894727053,1.6269105272946973,0.09755546923435784,0.09755546923435784
64037,9,51,Neutral,59.0,0,70.42740621066561,-11.427406210665609,-0.6852288164038436,0.6852288164038436
64037,19,52,Neutral,56.0,0,69.18256308179858,-13.182563081798577,-0.790474402605812,0.790474402605812
64037,40,53,Neutral,77.0,1,71.81062804623217,5.189371953767832,0.31117360634653707,0.31117360634653707
64037,52,54,Neutral,75.0,1,70.18507681126684,4.814923188733161,0.28872029722822545,0.28872029722822545
64037,4,55,Neutral,75.0,1,67.92734940203218,7.072650597967822,0.4241018397998422,0.4241018397998422
64037,97,56,Neutral,78.0,1,65.95207600253364,12.047923997466356,0.7224373185580908,0.7224373185580908
64037,98,57,Neutral,32.0,1,62.351158636866195,-30.351158636866195,-1.8199658020219913,1.8199658020219913
64037,77,58,Neutral,81.0,1,64.829890953855,16.170109046145,0.9696185187211995,0.9696185187211995
64037,41,59,Neutral,79.0,1,72.97039753032442,6.029602469675581,0.3615568824205502,0.3615568824205502
64037,38,60,Neutral,72.0,0,64.20599919050125,7.794000809498755,0.4673566206790468,0.4673566206790468
64037,37,61,Neutral,75.0,1,66.57282738167028,8.42717261832972,0.505323903993136,0.505323903993136
64037,88,62,Neutral,67.0,0,65.84609888245633,1.1539011175436684,0.0691921055789147,0.0691921055789147
64037,56,63,Neutral,85.0,1,73.42928548956279,11.570714510437213,0.6938221030012598,0.6938221030012598
64037,118,64,Neutral,65.0,0,67.33651695622369,-2.33651695622369,-0.14010605021867115,0.14010605021867115
64038,61,1,Neutral,68.0,0,67.99053736047172,0.009462639528280192,0.0005674142639620042,0.0005674142639620042
64038,89,2,Neutral,83.0,0,66.7576390486368,16.242360951363196,0.9739510056025513,0.9739510056025513
64038,92,3,Neutral,80.0,1,73.21173520699168,6.788264793008324,0.40704903315745883,0.40704903315745883
64038,85,4,Neutral,79.0,1,70.96766997288431,8.032330027115691,0.4816477069230699,0.4816477069230699
64038,87,5,Neutral,74.0,0,69.38634047189811,4.613659528101891,0.2766517965188736,0.2766517965188736
64038,119,6,Neutral,36.0,1,67.25958224332744,-31.259582243327444,-1.8744381836957758,1.8744381836957758
64038,117,7,Neutral,76.0,0,71.61415871871128,4.3858412812887195,0.26299098629290235,0.26299098629290235
64038,84,8,Neutral,78.0,1,71.73160057685628,6.26839942314372,0.37587601580648816,0.37587601580648816
64038,52,9,Neutral,74.0,1,73.99604727689311,0.0039527231068916535,0.00023701964611877823,0.00023701964611877823
64038,9,10,Neutral,69.0,0,74.06342001913741,-5.063420019137411,-0.3036210704954858,0.3036210704954858
64038,38,11,Neutral,65.0,0,68.19192631328197,-3.191926313281968,-0.19139950478500492,0.19139950478500492
64038,34,12,Neutral,73.0,1,74.77762320448718,-1.7776232044871847,-0.10659274921774328,0.10659274921774328
64038,19,13,Neutral,72.0,0,72.73109856169313,-0.7310985616931305,-0.04383932739136928,0.04383932739136928
64038,12,14,Neutral,81.0,1,73.57771525856386,7.422284741436144,0.44506717400486606,0.44506717400486606
64038,10,15,Neutral,76.0,0,70.28845480925078,5.71154519074922,0.34248501179920793,0.34248501179920793
64038,88,16,Neutral,72.0,0,69.70080851237121,2.2991914876287893,0.13786787943909992,0.13786787943909992
64038,54,17,Neutral,54.0,1,72.11749354994168,-18.117493549941685,-1.086390772548524,1.086390772548524
64038,65,18,Neutral,78.0,1,67.4576944812447,10.542305518755299,0.6321549614681663,0.6321549614681663
64038,93,19,Neutral,76.0,0,69.10360802024434,6.896391979755663,0.41353273233031257,0.41353273233031257
64038,74,20,Neutral,65.0,0,68.04908743419954,-3.049087434199535,-0.18283436635851275,0.18283436635851275
64038,47,21,Neutral,72.0,0,73.55886683708461,-1.558866837084608,-0.0934753222222658,0.0934753222222658
64038,62,22,Neutral,77.0,0,65.30573023190034,11.694269768099659,0.7012309253890988,0.7012309253890988
64038,128,23,Neutral,69.0,0,69.3967549811365,-0.3967549811364961,-0.023790870921587298,0.023790870921587298
64038,40,24,Neutral,70.0,1,74.9217718832406,-4.921771883240595,-0.2951273333588996,0.2951273333588996
64038,39,25,Neutral,75.0,1,72.27009733258382,2.7299026674161837,0.16369488746670977,0.16369488746670977
64038,118,26,Neutral,59.0,0,70.84131327182965,-11.841313271829648,-0.7100481883937808,0.7100481883937808
64038,41,27,Neutral,64.0,1,76.21275886019869,-12.21275886019869,-0.7323214161223086,0.7323214161223086
64038,109,28,Neutral,70.0,1,67.83799773961344,2.162002260386558,0.12964151467411825,0.12964151467411825
64038,103,29,Neutral,68.0,0,68.6728387385048,-0.6728387385047938,-0.040345856611448884,0.040345856611448884
64038,37,30,Neutral,72.0,1,69.77144954725593,2.2285504527440736,0.13363198619865327,0.13363198619865327
64038,78,31,Neutral,44.0,1,70.42534357287649,-26.425343572876486,-1.5845596599696243,1.5845596599696243
64038,56,32,Neutral,66.0,1,76.62790765514843,-10.627907655148434,-0.6372879767404825,0.6372879767404825
64038,43,33,Neutral,72.0,1,71.62312380137875,0.37687619862124677,0.022598866860179184,0.022598866860179184
64038,108,34,Neutral,74.0,0,68.00631011420279,5.99368988579721,0.35940343334458996,0.35940343334458996
64038,104,35,Neutral,70.0,0,70.43224952210326,-0.4322495221032625,-0.025919252624930843,0.025919252624930843
64038,127,36,Neutral,76.0,0,67.6761017482276,8.323898251772405,0.49913119755946805,0.49913119755946805
64038,45,37,Neutral,69.0,0,68.26258105736296,0.737418942637035,0.04421832040811974,0.04421832040811974
64038,70,38,Neutral,63.0,1,66.34624411529143,-3.3462441152914266,-0.2006529611574834,0.2006529611574834
64038,46,39,Neutral,63.0,1,66.35924011879875,-3.359240118798752,-0.20143224876983704,0.20143224876983704
64038,21,40,Neutral,73.0,0,67.0812610379807,5.9187389620193045,0.354909103499137,0.354909103499137
64038,126,41,Neutral,68.0,1,69.06097919745959,-1.060979197459588,-0.06362016946818479,0.06362016946818479
64038,122,42,Neutral,66.0,0,66.2179815724502,-0.21798157245019922,-0.013070967473658972,0.013070967473658972
64038,24,43,Neutral,72.0,0,70.0591044748958,1.940895525104196,0.11638315107669557,0.11638315107669557
64038,77,44,Neutral,78.0,1,67.28494732653418,10.71505267346582,0.6425135088215405,0.6425135088215405
64038,59,45,Neutral,71.0,0,66.8857246501276,4.1142753498724005,0.24670690586996857,0.24670690586996857
64038,95,46,Neutral,69.0,1,66.45990658227576,2.5400934177242362,0.15231323487545748,0.15231323487545748
64038,25,47,Neutral,79.0,0,71.19510922205981,7.804890777940187,0.4680096227731557,0.4680096227731557
64038,55,48,Neutral,72.0,1,74.05180193106465,-2.051801931064645,-0.12303350233636749,0.12303350233636749
64038,97,49,Neutral,70.0,1,68.10095822519253,1.899041774807472,0.1138734480654279,0.1138734480654279
64038,86,50,Neutral,76.0,1,68.56273021335313,7.4372697866468656,0.44596573178816395,0.44596573178816395
64038,98,51,Neutral,70.0,0,64.45630169523646,5.543698304763538,0.3324203023716483,0.3324203023716483
64038,11,52,Neutral,67.0,1,75.54264446274853,-8.542644462748527,-0.5122480155386955,0.5122480155386955
64038,44,53,Neutral,70.0,0,68.86505388818345,1.1349461118165465,0.06805549453176375,0.06805549453176375
64038,14,54,Neutral,65.0,1,70.21341031270086,-5.213410312700859,-0.31261503373052163,0.31261503373052163
64038,30,55,Neutral,67.0,1,70.29561817671598,-3.2956181767159762,-0.19761724584905133,0.19761724584905133
64038,94,56,Neutral,67.0,1,75.42619879764827,-8.426198797648269,-0.5052655101651194,0.5052655101651194
64038,42,57,Neutral,76.0,1,68.6615278292817,7.338472170718305,0.44004146759572954,0.44004146759572954
64038,53,58,Neutral,71.0,0,65.1903070005652,5.809692999434802,0.34837031118722495,0.34837031118722495
64038,33,59,Neutral,63.0,1,66.57480424652171,-3.5748042465217083,-0.21435825746994475,0.21435825746994475
64038,71,60,Neutral,75.0,1,66.01033179951902,8.989668200480978,0.5390531838388243,0.5390531838388243
64038,1,61,Neutral,75.0,1,71.13270284877493,3.867297151225074,0.23189719528326463,0.23189719528326463
64038,4,62,Neutral,67.0,1,69.46388332465045,-2.4638833246504532,-0.14774340066179006,0.14774340066179006
64038,107,63,Neutral,67.0,1,67.89340861294714,-0.893408612947141,-0.053572028081349796,0.053572028081349796
64038,96,64,Neutral,40.0,1,61.62282356273552,-21.62282356273552,-1.2965831024168506,1.2965831024168506
64039,31,1,Standard,78.0,1,70.08403876617749,7.9159612338225145,0.4746698110624849,0.4746698110624849
64039,76,2,Standard,71.0,1,68.12692288726814,2.8730771127318633,0.1722801476643715,0.1722801476643715
64039,67,3,Standard,82.0,1,74.41044534495842,7.5895546550415816,0.4550972860711414,0.4550972860711414
64039,66,4,Standard,76.0,1,69.57197210936418,6.428027890635818,0.38544791898622105,0.38544791898622105
64039,60,5,Standard,76.0,1,72.93160205893231,3.068397941067687,0.18399229454636976,0.18399229454636976
64039,28,6,Standard,76.0,0,73.79163036960888,2.208369630391118,0.13242187073062472,0.13242187073062472
64039,90,7,Standard,67.0,1,72.57583254229979,-5.575832542299793,-0.33434718806618646,0.33434718806618646
64039,120,8,Standard,76.0,1,69.2559702455025,6.744029754497504,0.4043965394486015,0.4043965394486015
64039,57,9,Standard,70.0,1,74.02455782470344,-4.024557824703436,-0.24132711692671452,0.24132711692671452
64039,20,10,Standard,69.0,0,69.82331101882146,-0.8233110188214567,-0.049368721524287985,0.049368721524287985
64039,125,11,Standard,72.0,0,66.38254286930349,5.617457130696508,0.33684314969689816,0.33684314969689816
64039,16,12,Standard,64.0,0,72.4900349214969,-8.4900349214969,-0.5090933562031627,0.5090933562031627
64039,72,13,Standard,68.0,0,71.46505874448555,-3.465058744485546,-0.2077775182296001,0.2077775182296001
64039,102,14,Standard,77.0,0,69.14706767815021,7.852932321849792,0.4708903683828346,0.4708903683828346
64039,48,15,Standard,68.0,1,77.88535640464055,-9.885356404640547,-0.5927619044958627,0.5927619044958627
64039,58,16,Standard,65.0,0,73.72596515897315,-8.725965158973153,-0.5232405908773656,0.5232405908773656
64039,111,17,Standard,76.0,1,71.56355289698895,4.436447103011048,0.266025495321694,0.266025495321694
64039,113,18,Standard,74.0,1,75.4180391249992,-1.418039124999197,-0.08503078067975188,0.08503078067975188
64039,106,19,Standard,72.0,1,69.26171330827232,2.73828669172768,0.16419762404137583,0.16419762404137583
64039,18,20,Standard,74.0,0,72.77610912469379,1.2238908753062105,0.07338894587564421,0.07338894587564421
64039,36,21,Standard,67.0,0,69.16076460680176,-2.160764606801763,-0.12956730046615253,0.12956730046615253
64039,75,22,Standard,66.0,0,67.7196442350378,-1.719644235037805,-0.10311611944894826,0.10311611944894826
64039,123,23,Standard,62.0,0,70.71970052505912,-8.719700525059125,-0.5228649406551737,0.5228649406551737
64039,116,24,Standard,75.0,0,74.14550317086562,0.8544968291343764,0.051238736074866564,0.051238736074866564
64039,26,25,Standard,62.0,1,78.34441822442477,-16.34441822442477,-0.9800707306859318,0.9800707306859318
64039,73,26,Standard,65.0,1,67.4598093341497,-2.4598093341496963,-0.14749910938191338,0.14749910938191338
64039,22,27,Standard,63.0,1,77.80558696565915,-14.805586965659145,-0.8877968145714377,0.8877968145714377
64039,79,28,Standard,64.0,1,71.93164836895252,-7.931648368952523,-0.4756104687095256,0.4756104687095256
64039,69,29,Standard,64.0,1,70.66514969378146,-6.6651496937814585,-0.3996666042694467,0.3996666042694467
64039,3,30,Standard,78.0,1,72.535211693606,5.464788306393999,0.327688572021963,0.327688572021963
64039,80,31,Standard,66.0,1,73.79535637182138,-7.795356371821384,-0.4674379051235457,0.4674379051235457
64039,23,32,Standard,66.0,0,71.83443760854665,-5.834437608546651,-0.34985408789923705,0.34985408789923705
64039,99,33,Standard,66.0,1,68.68728905045458,-2.6872890504545808,-0.16113962008800817,0.16113962008800817
64039,15,34,Standard,64.0,1,73.44396996457034,-9.443969964570343,-0.5662947690558253,0.5662947690558253
64039,82,35,Standard,63.0,0,68.81139873503024,-5.811398735030238,-0.3484725932940838,0.3484725932940838
64039,17,36,Standard,64.0,1,76.1186368573394,-12.118636857339396,-0.7266775186859299,0.7266775186859299
64039,100,37,Standard,60.0,0,68.32423376660165,-8.324233766601651,-0.49915131624826686,0.49915131624826686
64039,105,38,Standard,64.0,0,69.26923693133013,-5.269236931330127,-0.3159626007200856,0.3159626007200856
64039,83,39,Standard,64.0,1,70.60873569895193,-6.608735698951932,-0.39628381606773133,0.39628381606773133
64039,91,40,Standard,72.0,0,69.10656562594426,2.8934343740557438,0.17350084305447383,0.17350084305447383
64039,50,41,Standard,67.0,1,64.54057214383504,2.4594278561649645,0.14747623457522996,0.14747623457522996
64039,68,42,Standard,67.0,0,66.55783872445744,0.4421612755425599,0.026513597391581167,0.026513597391581167
64039,110,43,Standard,65.0,1,67.54529455157498,-2.545294551574983,-0.1526251137679028,0.1526251137679028
64039,5,44,Standard,64.0,0,67.31411965912223,-3.314119659122227,-0.19872666198927036,0.19872666198927036
64039,63,45,Standard,68.0,1,67.33607868660167,0.6639213133983333,0.039811135386139965,0.039811135386139965
64039,8,46,Standard,64.0,0,74.37550136285526,-10.37550136285526,-0.6221527779269926,0.6221527779269926
64039,27,47,Standard,72.0,0,71.73488377469683,0.26511622530317425,0.01589733259892294,0.01589733259892294
64039,121,48,Standard,68.0,1,71.17635182071061,-3.1763518207106074,-0.19046560159525017,0.19046560159525017
64039,51,49,Standard,73.0,0,68.42772123389256,4.572278766107445,0.27417045560558057,0.27417045560558057
64039,7,50,Standard,72.0,1,75.24302790857921,-3.243027908579208,-0.19446374219954557,0.19446374219954557
64039,114,51,Standard,75.0,0,68.48212510531411,6.517874894685889,0.39083547195385776,0.39083547195385776
64039,2,52,Standard,71.0,0,70.10755810468153,0.8924418953184698,0.05351406017819844,0.05351406017819844
64039,64,53,Standard,67.0,0,68.92620069388015,-1.9262006938801477,-0.11550199557900172,0.11550199557900172
64039,112,54,Standard,66.0,0,68.96637814829474,-2.966378148294737,-0.17787481691734078,0.17787481691734078
64039,32,55,Standard,69.0,0,69.498319509625,-0.4983195096250057,-0.029881049249180173,0.029881049249180173
64039,35,56,Standard,69.0,1,74.05019750958266,-5.0501975095826594,-0.30282820075715144,0.30282820075715144
64039,6,57,Standard,80.0,1,72.30953500745359,7.69046499254641,0.4611482367292889,0.4611482367292889
64039,49,58,Standard,69.0,0,72.13147550811229,-3.1314755081122883,-0.18777465476099703,0.18777465476099703
64039,124,59,Standard,80.0,0,69.0229729900089,10.977027009991104,0.658222442348193,0.658222442348193
64039,29,60,Standard,91.0,1,71.66578877033649,19.33421122966351,1.1593495875414894,1.1593495875414894
64039,101,61,Standard,86.0,1,72.33591801093213,13.664081989067867,0.8193480266655093,0.8193480266655093
64039,81,62,Standard,77.0,0,67.97975867813439,9.020241321865612,0.5408864593340641,0.5408864593340641
64039,13,63,Standard,100.0,1,67.74223468932202,32.25776531067798,1.9342928689310463,1.9342928689310463
64039,115,64,Standard,87.0,1,74.51965810458475,12.48034189541525,0.7483666676107924,0.7483666676107924
64065,29,1,Standard,100.0,1,55.12452440050663,44.87547559949337,2.6908966447609393,2.6908966447609393
64065,110,2,Standard,50.0,0,48.51113403629781,1.4888659637021888,0.08927781539256184,0.08927781539256184
64065,31,3,Standard,51.0,1,50.874685374742086,0.12531462525791426,0.007514320464378608,0.007514320464378608
64065,32,4,Standard,50.0,0,52.607141825486224,-2.6071418254862238,-0.1563337011339885,0.1563337011339885
64065,50,5,Standard,50.0,0,46.993306995367014,3.006693004632986,0.18029224225279142,0.18029224225279142
64065,83,6,Standard,50.0,1,52.93025305761806,-2.93025305761806,-0.17570862516126604,0.17570862516126604
64065,60,7,Standard,48.0,1,53.21056619419652,-5.210566194196517,-0.3124444900462844,0.3124444900462844
64065,125,8,Standard,50.0,1,47.391885299311184,2.608114700688816,0.1563920382676557,0.1563920382676557
64065,113,9,Standard,50.0,1,56.689816540738576,-6.689816540738576,-0.4011457180799862,0.4011457180799862
64065,68,10,Standard,51.0,0,48.835616918834965,2.1643830811650346,0.129784277342569,0.129784277342569
64065,2,11,Standard,50.0,1,51.073397589404365,-1.0733975894043652,-0.06436482139155972,0.06436482139155972
64065,17,12,Standard,50.0,1,58.046501737408015,-8.046501737408015,-0.4824974941880893,0.4824974941880893
64065,112,13,Standard,50.0,1,51.6378088212698,-1.6378088212698003,-0.09820897055772998,0.09820897055772998
64065,72,14,Standard,50.0,1,50.593853329086556,-0.5938533290865564,-0.035609604341155315,0.035609604341155315
64065,76,15,Standard,49.0,1,48.436438688657994,0.5635613113420064,0.03379318484202094,0.03379318484202094
64065,82,16,Standard,50.0,1,48.81497660540354,1.1850233945964632,0.07105831044426505,0.07105831044426505
64065,26,17,Standard,51.0,1,59.572456475875526,-8.572456475875526,-0.5140356522160863,0.5140356522160863
64065,116,18,Standard,50.0,0,54.77438062043876,-4.774380620438762,-0.2862892174561234,0.2862892174561234
64065,111,19,Standard,50.0,0,52.35419950555357,-2.3541995055535665,-0.1411663601547094,0.1411663601547094
64065,69,20,Standard,50.0,1,50.231335921268624,-0.23133592126862368,-0.01387174277349493,0.01387174277349493
64065,13,21,Standard,50.0,1,50.45740452658569,-0.457404526585691,-0.027427638135200005,0.027427638135200005
64065,102,22,Standard,50.0,1,49.163596827682724,0.8364031723172758,0.050153774639468615,0.050153774639468615
64065,15,23,Standard,50.0,1,54.803225708886956,-4.803225708886956,-0.28801887381488417,0.28801887381488417
64065,57,24,Standard,50.0,1,53.73491282421565,-3.734912824215648,-0.2239589498026391,0.2239589498026391
64065,49,25,Standard,51.0,0,53.94131039347803,-2.9413103934780267,-0.1763716632141912,0.1763716632141912
64065,124,26,Standard,50.0,1,50.83280787537464,-0.8328078753746411,-0.04993818756544629,0.04993818756544629
64065,121,27,Standard,50.0,1,52.46131673461297,-2.4613167346129714,-0.1475894985932755,0.1475894985932755
64065,27,28,Standard,52.0,0,52.93237036002195,-0.9323703600219488,-0.05590831606664768,0.05590831606664768
64065,64,29,Standard,50.0,0,50.85406557394874,-0.8540655739487377,-0.05121287644627058,0.05121287644627058
64065,35,30,Standard,50.0,1,56.06554071822849,-6.06554071822849,-0.36371187044368997,0.36371187044368997
64065,114,31,Standard,50.0,1,49.72335085492786,0.2766491450721418,0.01658888839183719,0.01658888839183719
64065,58,32,Standard,50.0,1,52.19867227924492,-2.198672279244917,-0.1318403823048469,0.1318403823048469
64065,99,33,Standard,50.0,1,49.05373151429603,0.9462684857039676,0.05674169820391983,0.05674169820391983
64065,67,34,Standard,50.0,1,52.227065000900964,-2.2270650009009643,-0.1335429131063422,0.1335429131063422
64065,79,35,Standard,49.0,1,50.79800796782182,-1.7980079678218175,-0.10781509372838348,0.10781509372838348
64065,18,36,Standard,50.0,0,52.44272495991739,-2.442724959917392,-0.14647466819916485,0.14647466819916485
64065,23,37,Standard,50.0,0,51.982184250945025,-1.982184250945025,-0.11885897316765509,0.11885897316765509
64065,66,38,Standard,50.0,0,48.962965460693106,1.0370345393068945,0.06218436072360274,0.06218436072360274
64065,90,39,Standard,50.0,0,52.05430422220594,-2.0543042222059427,-0.12318354880933252,0.12318354880933252
64065,120,40,Standard,50.0,0,48.734441925408646,1.265558074591354,0.07588746261012186,0.07588746261012186
64065,106,41,Standard,51.0,1,49.17757663106464,1.822423368935361,0.10927912993210605,0.10927912993210605
64065,5,42,Standard,50.0,0,48.279722924841295,1.7202770751587053,0.1031540668430483,0.1031540668430483
64065,73,43,Standard,50.0,0,47.59436847838509,2.4056315216149073,0.14425041079938525,0.14425041079938525
64065,123,44,Standard,50.0,1,48.97371182388782,1.0262881761121818,0.061539969722109684,0.061539969722109684
64065,81,45,Standard,50.0,0,49.60144940818269,0.3985505918173118,0.023898542265272365,0.023898542265272365
64065,16,46,Standard,50.0,0,50.175437084573595,-0.17543708457359486,-0.01051984532618652,0.01051984532618652
64065,8,47,Standard,50.0,0,54.698204662408074,-4.698204662408074,-0.28172143010372497,0.28172143010372497
64065,48,48,Standard,50.0,1,57.32008892025808,-7.32008892025808,-0.4389391410727817,0.4389391410727817
64065,101,49,Standard,50.0,1,53.73891291953735,-3.7389129195373485,-0.22419881005896158,0.22419881005896158
64065,80,50,Standard,50.0,1,53.33075471417913,-3.330754714179129,-0.19972416036093188,0.19972416036093188
64065,3,51,Standard,50.0,0,52.494814180686916,-2.494814180686916,-0.14959812722716245,0.14959812722716245
64065,6,52,Standard,50.0,1,51.70076457778629,-1.7007645777862876,-0.10198402657029546,0.10198402657029546
64065,7,53,Standard,50.0,1,55.989935352855184,-5.989935352855184,-0.3591782979012019,0.3591782979012019
64065,105,54,Standard,50.0,1,47.741944051601905,2.258055948398095,0.13540124297413603,0.13540124297413603
64065,20,55,Standard,50.0,1,48.22149108967524,1.77850891032476,0.1066458593594128,0.1066458593594128
64065,28,56,Standard,49.0,0,50.777205904067735,-1.7772059040677348,-0.10656772636765525,0.10656772636765525
64065,22,57,Standard,50.0,1,57.37153697414253,-7.371536974142529,-0.4420241534036306,0.4420241534036306
64065,63,58,Standard,50.0,1,47.133912014691134,2.866087985308866,0.1718610541777598,0.1718610541777598
64065,75,59,Standard,50.0,1,45.27382890524866,4.7261710947513365,0.2833983990484122,0.2833983990484122
64065,115,60,Standard,50.0,1,55.57273969888106,-5.572739698881058,-0.3341617299319369,0.3341617299319369
64065,100,61,Standard,48.0,0,48.15261876081674,-0.1526187608167433,-0.00915157568634177,0.00915157568634177
64065,91,62,Standard,50.0,0,47.31683776048435,2.683162239515653,0.16089216150265004,0.16089216150265004
64065,51,63,Standard,51.0,0,48.69349787099378,2.306502129006219,0.13830625207116173,0.13830625207116173
64065,36,64,Standard,50.0,0,46.452514291280934,3.5474857087190657,0.2127201386370886,0.2127201386370886
64066,79,1,Standard,94.0,1,88.17635711661411,5.823642883385887,0.3492067969384579,0.3492067969384579
64066,82,2,Standard,19.0,1,85.31854246842353,-66.31854246842353,-3.9767008823797614,3.9767008823797614
64066,64,3,Standard,77.0,0,86.85913646183131,-9.859136461831312,-0.5911896614123379,0.5911896614123379
64066,26,4,Standard,100.0,1,95.0089182280061,4.991081771993905,0.299283406238429,0.299283406238429
64066,69,5,Standard,78.0,0,86.77864094857722,-8.77864094857722,-0.5263992227049316,0.5263992227049316
64066,113,6,Standard,78.0,1,91.688886649983,-13.688886649983004,-0.8208354043019421,0.8208354043019421
64066,15,7,Standard,80.0,1,90.37090495388335,-10.370904953883354,-0.6218771605365311,0.6218771605365311
64066,2,8,Standard,77.0,0,87.09583264524959,-10.095832645249587,-0.6053828249895312,0.6053828249895312
64066,51,9,Standard,77.0,1,85.92326535895756,-8.923265358957565,-0.53507142807867,0.53507142807867
64066,31,10,Standard,75.0,0,85.43636384110036,-10.43636384110036,-0.6258023133650843,0.6258023133650843
64066,50,11,Standard,75.0,1,81.5987246260139,-6.5987246260139045,-0.3956835157428987,0.3956835157428987
64066,100,12,Standard,77.0,1,85.16369042733746,-8.163690427337457,-0.4895245540314088,0.4895245540314088
64066,101,13,Standard,75.0,1,90.18137545030608,-15.181375450306078,-0.9103304581477443,0.9103304581477443
64066,91,14,Standard,97.0,0,85.30753520931725,11.692464790682749,0.7011226923818683,0.7011226923818683
64066,120,15,Standard,71.0,1,84.69577364900259,-13.69577364900259,-0.8212483737982361,0.8212483737982361
64066,6,16,Standard,94.0,1,89.1665920551558,4.833407944844197,0.28982871039898134,0.28982871039898134
64066,99,17,Standard,72.0,1,84.62141075929244,-12.621410759292445,-0.7568256694913578,0.7568256694913578
64066,16,18,Standard,100.0,0,87.2913512476342,12.708648752365804,0.7620567766767584,0.7620567766767584
64066,7,19,Standard,97.0,1,92.34491955504669,4.655080444953313,0.2791355452633587,0.2791355452633587
64066,102,20,Standard,77.0,0,84.11892777263853,-7.1189277726385285,-0.4268767874162598,0.4268767874162598
64066,121,21,Standard,72.0,1,87.59160433672324,-15.591604336723236,-0.9349292734092456,0.9349292734092456
64066,5,22,Standard,91.0,0,84.02235882699217,6.977641173007825,0.41840472930841804,0.41840472930841804
64066,106,23,Standard,82.0,1,84.83273420463829,-2.8327342046382853,-0.16986104024369977,0.16986104024369977
64066,49,24,Standard,98.0,0,88.85290217414521,9.147097825854786,0.5484932364520858,0.5484932364520858
64066,48,25,Standard,91.0,1,93.19394231527481,-2.1939423152748105,-0.13155675647120463,0.13155675647120463
64066,17,26,Standard,91.0,1,92.30200605374597,-1.30200605374597,-0.07807301593307271,0.07807301593307271
64066,57,27,Standard,100.0,1,88.47154794772838,11.528452052271618,0.6912878923804718,0.6912878923804718
64066,58,28,Standard,98.0,1,88.26484649937876,9.735153500621237,0.5837551923650286,0.5837551923650286
64066,23,29,Standard,100.0,0,87.19995018163252,12.800049818367484,0.7675375168482179,0.7675375168482179
64066,28,30,Standard,98.0,0,87.80564173855112,10.194358261448883,0.6112907790894468,0.6112907790894468
64066,63,31,Standard,99.0,0,83.18272206686231,15.817277933137689,0.9484614826012445,0.9484614826012445
64066,68,32,Standard,99.0,1,82.74120792086401,16.258792079135986,0.974936275752957,0.974936275752957
64066,115,33,Standard,93.0,1,91.62154975105224,1.3784502489477575,0.082656887761325,0.082656887761325
64066,73,34,Standard,33.0,0,82.8558735733612,-49.855873573361194,-2.989539411626822,2.989539411626822
64066,111,35,Standard,83.0,0,86.5222254933143,-3.522225493314295,-0.2112054442974613,0.2112054442974613
64066,18,36,Standard,79.0,1,87.31057757629597,-8.31057757629597,-0.49833244143562444,0.49833244143562444
64066,80,37,Standard,98.0,1,88.7672164663097,9.232783533690295,0.5536312629718793,0.5536312629718793
64066,20,38,Standard,99.0,0,83.83290949896026,15.167090501039738,0.9094738806622054,0.9094738806622054
64066,27,39,Standard,97.0,0,87.31909216922575,9.680907830774245,0.5805024248113911,0.5805024248113911
64066,29,40,Standard,99.0,1,88.2865496096292,10.713450390370795,0.6424174301026687,0.6424174301026687
64066,8,41,Standard,100.0,0,89.82849226451833,10.171507735481669,0.6099205784880097,0.6099205784880097
64066,116,42,Standard,100.0,0,88.59249329389057,11.40750670610943,0.6840355697735342,0.6840355697735342
64066,76,43,Standard,96.0,1,82.07959470495535,13.920405295044645,0.8347181038582896,0.8347181038582896
64066,67,44,Standard,76.0,1,87.6808909209942,-11.680890920994202,-0.7004286810829181,0.7004286810829181
64066,72,45,Standard,93.0,1,85.12915679911886,7.87084320088114,0.47196436979777934,0.47196436979777934
64066,123,46,Standard,85.0,1,84.77745105828998,0.22254894171001638,0.013344843537420733,0.013344843537420733
64066,60,47,Standard,94.0,0,86.32885223903051,7.67114776096949,0.459989905303449,0.459989905303449
64066,90,48,Standard,100.0,1,86.52850435998698,13.471495640013018,0.8077998491013633,0.8077998491013633
64066,114,49,Standard,100.0,0,83.80389851411135,16.196101485888647,0.9711771198939104,0.9711771198939104
64066,110,50,Standard,78.0,1,82.30287171342368,-4.302871713423684,-0.25801582939923795,0.25801582939923795
64066,3,51,Standard,100.0,1,87.3626667970655,12.6373332029345,0.7577804370921558,0.7577804370921558
64066,124,52,Standard,100.0,1,84.56344222024923,15.436557779750771,0.9256321182400723,0.9256321182400723
64066,112,53,Standard,85.0,1,84.75609486610377,0.24390513389623436,0.014625438453264089,0.014625438453264089
64066,36,54,Standard,82.0,0,82.78112349714647,-0.7811234971464671,-0.04683900436787994,0.04683900436787994
64066,35,55,Standard,88.0,1,89.83991422739169,-1.839914227391688,-0.1103279453865466,0.1103279453865466
64066,125,56,Standard,85.0,0,80.16025802983623,4.839741970163772,0.2902085215820959,0.2902085215820959
64066,32,57,Standard,100.0,0,85.15681873456819,14.84318126543181,0.8900511054456617,0.8900511054456617
64066,66,58,Standard,100.0,0,82.95603479129939,17.043965208700612,1.0220181108015365,1.0220181108015365
64066,13,59,Standard,89.0,1,83.66316889999689,5.33683110000311,0.32001579278674724,0.32001579278674724
64066,22,60,Standard,94.0,1,92.10817209765527,1.8918279023447298,0.11344087804925752,0.11344087804925752
64066,83,61,Standard,91.0,1,85.3924516381228,5.607548361877207,0.3362489838989123,0.3362489838989123
64066,81,62,Standard,80.0,1,83.7257362316548,-3.725736231654807,-0.22340868795466026,0.22340868795466026
64066,105,63,Standard,100.0,0,83.23950913598375,16.760490864016248,1.005019958630519,1.005019958630519
64066,75,64,Standard,41.0,1,80.94635064678496,-39.946350646784964,-2.3953283946274473,2.3953283946274473
64105,99,1,Standard,30.0,1,59.22039974589514,-29.220399745895143,-1.7521613884731808,1.7521613884731808
64105,90,2,Standard,54.0,1,62.43966827524814,-8.439668275248138,-0.506073189005198,0.506073189005198
64105,102,3,Standard,97.0,0,58.76165592352983,38.23834407647017,2.2929101118596185,2.2929101118596185
64105,36,4,Standard,57.0,1,58.867244069562076,-1.8672440695620764,-0.11196674207038552,0.11196674207038552
64105,76,5,Standard,72.0,0,57.640845305907575,14.359154694092425,0.8610271127326574,0.8610271127326574
64105,20,6,Standard,71.0,1,59.131725114180796,11.868274885819204,0.7116649047773428,0.7116649047773428
64105,7,7,Standard,58.0,1,66.76895188449492,-8.768951884494925,-0.52581823120163,0.52581823120163
64105,106,8,Standard,63.0,0,59.38798402695237,3.612015973047633,0.21658960786159392,0.21658960786159392
64105,68,9,Standard,52.0,0,57.646371057487016,-5.646371057487016,-0.3385769338528999,0.3385769338528999
64105,83,10,Standard,61.0,1,61.52231137482701,-0.5223113748270123,-0.0313196887000424,0.0313196887000424
64105,75,11,Standard,62.0,1,57.16368871206643,4.836311287933569,0.29000280540462553,0.29000280540462553
64105,15,12,Standard,62.0,0,64.05137149042514,-2.05137149042514,-0.12300769155091866,0.12300769155091866
64105,28,13,Standard,61.0,1,62.44836988944242,-1.448369889442418,-0.08684952357178752,0.08684952357178752
64105,57,14,Standard,63.0,1,62.93931944146523,0.06068055853477006,0.0036386268709601368,0.0036386268709601368
64105,51,15,Standard,61.0,0,59.55999273121073,1.440007268789273,0.08634807043828112,0.08634807043828112
64105,111,16,Standard,73.0,0,61.25243197278284,11.747568027217163,0.7044268827514428,0.7044268827514428
64105,6,17,Standard,65.0,1,63.02201524885205,1.9779847511479502,0.11860715589412964,0.11860715589412964
64105,66,18,Standard,60.0,0,58.60476372082883,1.395236279171172,0.08366343915278372,0.08366343915278372
64105,80,19,Standard,36.0,0,63.45368378148963,-27.45368378148963,-1.6462226770198796,1.6462226770198796
64105,120,20,Standard,58.0,0,58.37624018554438,-0.37624018554438265,-0.02256072920410547,0.02256072920410547
64105,13,21,Standard,56.0,0,59.22441950094911,-3.224419500949111,-0.1933479144342185,0.1933479144342185
64105,31,22,Standard,72.0,0,58.810656227621834,13.189343772378166,0.7908809974615998,0.7908809974615998
64105,35,23,Standard,67.0,1,65.13872984261224,1.8612701573877644,0.11160852458051597,0.11160852458051597
64105,23,24,Standard,68.0,0,61.31780836106044,6.682191638939557,0.400688501250671,0.400688501250671
64105,81,25,Standard,68.0,0,59.243247668318425,8.756752331681575,0.5250867016680824,0.5250867016680824
64105,121,26,Standard,35.0,1,61.27207087326501,-26.272070873265008,-1.5753688717360033,1.5753688717360033
64105,67,27,Standard,62.0,1,62.3236190718855,-0.32361907188550276,-0.019405375944966698,0.019405375944966698
64105,2,28,Standard,65.0,1,60.120211717462155,4.879788282537845,0.29260984404526463,0.29260984404526463
64105,114,29,Standard,42.0,0,58.57784415786851,-16.577844157868512,-0.9940677981868953,0.9940677981868953
64105,79,30,Standard,35.0,1,60.807083710229136,-25.807083710229136,-1.547486551155444,1.547486551155444
64105,5,31,Standard,55.0,0,57.5278687063795,-2.5278687063795005,-0.15158019674491358,0.15158019674491358
64105,73,32,Standard,67.0,0,56.84251425992328,10.157485740076723,0.6090797686718694,0.6090797686718694
64105,101,33,Standard,73.0,1,63.20575452251863,9.794245477481368,0.5872985621040897,0.5872985621040897
64105,112,34,Standard,62.0,1,59.48630134557231,2.5136986544276922,0.15073050892001977,0.15073050892001977
64105,100,35,Standard,32.0,0,58.05685200668417,-26.056852006684167,-1.562463566149043,1.562463566149043
64105,110,36,Standard,60.0,1,56.81438237144914,3.185617628550858,0.19102121311569079,0.19102121311569079
64105,22,37,Standard,90.0,1,67.01333523427826,22.98666476572174,1.3783639786766617,1.3783639786766617
64105,17,38,Standard,62.0,1,65.67629844026744,-3.676298440267445,-0.22044421827068558,0.22044421827068558
64105,50,39,Standard,37.0,0,54.27319038391754,-17.273190383917537,-1.0357632855689527,1.0357632855689527
64105,91,40,Standard,30.0,0,58.06947929579812,-28.069479295798118,-1.6831480145494557,1.6831480145494557
64105,49,41,Standard,59.0,0,62.00849873922361,-3.0084987392236116,-0.18040052066291035,0.18040052066291035
64105,64,42,Standard,60.0,0,59.052471412560166,0.9475285874398338,0.056817258484625544,0.056817258484625544
64105,3,43,Standard,67.0,1,61.61174246935927,5.388257530640729,0.323099508509113,0.323099508509113
64105,48,44,Standard,67.0,1,66.26206055177597,0.7379394482240258,0.04424953181521686,0.04424953181521686
64105,69,45,Standard,64.0,1,58.928236735017464,5.071763264982536,0.3041213618450736,0.3041213618450736
64105,29,46,Standard,57.0,0,61.92327698188238,-4.923276981882381,-0.2952175845446779,0.2952175845446779
64105,115,47,Standard,70.0,1,64.9083638089965,5.091636191003502,0.3053130147297954,0.3053130147297954
64105,60,48,Standard,82.0,1,60.18427543272673,21.81572456727327,1.3081501478675623,1.3081501478675623
64105,32,49,Standard,60.0,0,59.405894406861975,0.5941055931380248,0.03562473101069189,0.03562473101069189
64105,27,50,Standard,46.0,0,60.73712372003584,-14.73712372003584,-0.8836915094916341,0.8836915094916341
64105,16,51,Standard,56.0,1,59.74712118409475,-3.747121184094752,-0.22469100743986412,0.22469100743986412
64105,113,52,Standard,61.0,1,63.57604745069156,-2.5760474506915614,-0.15446916938946387,0.15446916938946387
64105,8,53,Standard,61.0,0,63.202784651039806,-2.2027846510398064,-0.1320869750666404,0.1320869750666404
64105,116,54,Standard,62.0,0,61.96678568041206,0.03321431958794108,0.001991651340586956,0.001991651340586956
64105,105,55,Standard,61.0,1,57.48858480827752,3.5114151917224774,0.21055721931725396,0.21055721931725396
64105,125,56,Standard,62.0,0,54.05942038782108,7.940579612178922,0.4761460185195366,0.4761460185195366
64105,123,57,Standard,69.0,1,58.19548260910007,10.804517390899932,0.6478781384940259,0.6478781384940259
64105,82,58,Standard,73.0,1,56.768311626245946,16.231688373754054,0.9733110390529887,0.9733110390529887
64105,124,59,Standard,26.0,0,58.15643042821377,-32.15643042821377,-1.9282164610138615,1.9282164610138615
64105,63,60,Standard,71.0,1,55.81344866047732,15.18655133952268,0.9106408232801589,0.9106408232801589
64105,58,61,Standard,63.0,1,60.720616435839304,2.279383564160696,0.13668012434374055,0.13668012434374055
64105,18,62,Standard,41.0,0,60.07252166277682,-19.072521662776822,-1.1436577298375394,1.1436577298375394
64105,72,63,Standard,64.0,1,58.241014199908655,5.758985800091345,0.34532972318775046,0.34532972318775046
64105,26,64,Standard,83.0,1,66.28373072867404,16.716269271325956,1.002368271181938,1.002368271181938
64116,119,1,Neutral,63.0,1,68.2624217300123,-5.262421730012306,-0.3155539364749828,0.3155539364749828
64116,14,2,Neutral,83.0,1,73.78367299425102,9.21632700574898,0.5526444697350361,0.5526444697350361
64116,109,3,Neutral,37.0,0,70.22730298537101,-33.22730298537101,-1.9924298722930842,1.9924298722930842
64116,10,4,Neutral,36.0,1,70.35982056671554,-34.35982056671554,-2.060339743309742,2.060339743309742
64116,122,5,Neutral,68.0,1,68.62047431637077,-0.6204743163707747,-0.0372058955092457,0.0372058955092457
64116,117,6,Neutral,58.0,1,72.4420415482417,-14.442041548241704,-0.8659973098112508,0.8659973098112508
64116,34,7,Neutral,62.0,1,76.29214516447243,-14.29214516447243,-0.8570089777488471,0.8570089777488471
64116,24,8,Neutral,34.0,1,72.37411889023913,-38.37411889023913,-2.3010516632511777,2.3010516632511777
64116,9,9,Neutral,67.0,1,74.89130284866783,-7.891302848667834,-0.47319120465237924,0.47319120465237924
64116,46,10,Neutral,64.0,0,68.92350202171079,-4.923502021710789,-0.2952310787508364,0.2952310787508364
64116,47,11,Neutral,76.0,1,74.78040214521256,1.2195978547874375,0.07313152075968651,0.07313152075968651
64116,12,12,Neutral,67.0,1,74.9610197256833,-7.9610197256833,-0.4773716820275593,0.4773716820275593
64116,94,13,Neutral,84.0,1,78.60280900060091,5.397190999399086,0.3236351917701103,0.3236351917701103
64116,103,14,Neutral,63.0,0,70.11306986807581,-7.1130698680758115,-0.42652552616448325,0.42652552616448325
64116,62,15,Neutral,69.0,0,66.39604804716244,2.603951952837562,0.15614242477439944,0.15614242477439944
64116,128,16,Neutral,68.0,0,69.29316408144676,-1.2931640814467613,-0.07754281913236676,0.07754281913236676
64116,98,17,Neutral,66.0,1,66.7275769462912,-0.7275769462911938,-0.043628158530368576,0.043628158530368576
64116,30,18,Neutral,56.0,1,73.2097933939369,-17.209793393936906,-1.0319617715939398,1.0319617715939398
64116,84,19,Neutral,100.0,1,72.5462959082237,27.453704091776302,1.6462238948984989,1.6462238948984989
64116,92,20,Neutral,66.0,0,73.7639955526274,-7.7639955526274065,-0.4655573964042803,0.4655573964042803
64116,95,21,Neutral,78.0,1,68.84921182803333,9.150788171966667,0.5487145230198115,0.5487145230198115
64116,85,22,Neutral,71.0,1,71.47619115423144,-0.47619115423144365,-0.02855415262051723,0.02855415262051723
64116,78,23,Neutral,67.0,1,71.5594005524272,-4.559400552427206,-0.2733982310994394,0.2733982310994394
64116,86,24,Neutral,61.0,1,70.9957746233993,-9.9957746233993,-0.599382982276301,0.599382982276301
64116,11,25,Neutral,100.0,1,78.01942803708332,21.980571962916684,1.3180349969506873,1.3180349969506873
64116,107,26,Neutral,78.0,0,70.80758383016807,7.1924161698319296,0.4312834188512437,0.4312834188512437
64116,70,27,Neutral,80.0,1,68.12320106100839,11.876798938991612,0.7121760379915311,0.7121760379915311
64116,108,28,Neutral,63.0,0,67.85898005022447,-4.858980050224474,-0.291362106795298,0.291362106795298
64116,43,29,Neutral,61.0,0,73.09390659707542,-12.093906597075417,-0.7251946023829959,0.7251946023829959
64116,126,30,Neutral,77.0,1,70.83793614317653,6.162063856823465,0.3694997487072007,0.3694997487072007
64116,45,31,Neutral,68.0,0,68.11525099338465,-0.11525099338464884,-0.006910868514730973,0.006910868514730973
64116,52,32,Neutral,67.0,1,74.28587263679715,-7.285872636797151,-0.43688740833610984,0.43688740833610984
64116,39,33,Neutral,75.0,1,73.21601015681709,1.7839898431829084,0.10697451601744537,0.10697451601744537
64116,33,34,Neutral,65.0,0,68.96410949227926,-3.9641094922792632,-0.23770241517751597,0.23770241517751597
64116,56,35,Neutral,76.0,1,77.79251630082479,-1.7925163008247864,-0.10748579341236361,0.10748579341236361
64116,40,36,Neutral,74.0,1,75.6927280503194,-1.6927280503194027,-0.1015021271696256,0.1015021271696256
64116,118,37,Neutral,75.0,0,71.14432612989668,3.855673870103317,0.23120022109516258,0.23120022109516258
64116,42,38,Neutral,89.0,1,70.78839808930758,18.211601910692423,1.092033851954483,1.092033851954483
64116,65,39,Neutral,74.0,1,67.83499816972599,6.165001830274008,0.36967592027518625,0.36967592027518625
64116,71,40,Neutral,79.0,1,68.1809412238335,10.8190587761665,0.6487500928143145,0.6487500928143145
64116,54,41,Neutral,69.0,0,70.65798855730489,-1.6579885573048898,-0.09941902088619038,0.09941902088619038
64116,4,42,Neutral,66.0,1,71.63449274896493,-5.634492748964931,-0.3378646672948185,0.3378646672948185
64116,89,43,Neutral,81.0,0,64.55456826309356,16.445431736906443,0.9861278680907443,0.9861278680907443
64116,104,44,Neutral,65.0,1,69.6288319937957,-4.6288319937957,-0.27756159271563374,0.27756159271563374
64116,55,45,Neutral,100.0,1,75.47884556247269,24.521154437527315,1.4703775574548341,1.4703775574548341
64116,38,46,Neutral,81.0,0,66.2512905134704,14.748709486529606,0.8843862341662716,0.8843862341662716
64116,77,47,Neutral,75.0,1,68.44955597221052,6.5504440277894815,0.3927884355675118,0.3927884355675118
64116,53,48,Neutral,66.0,1,65.21793359374131,0.7820664062586928,0.04689554462583837,0.04689554462583837
64116,25,49,Neutral,66.0,1,71.89177455872438,-5.891774558724379,-0.35329221985868564,0.35329221985868564
64116,59,50,Neutral,66.0,1,67.45117249392634,-1.451172493926336,-0.08701757792445163,0.08701757792445163
64116,19,51,Neutral,80.0,0,71.85315398396756,8.146846016032441,0.488514501898075,0.488514501898075
64116,41,52,Neutral,70.0,1,76.4151058915255,-6.415105891525499,-0.3846730689465269,0.3846730689465269
64116,87,53,Neutral,68.0,1,66.87709553633455,1.1229044636654493,0.06733343353576743,0.06733343353576743
64116,93,54,Neutral,69.0,1,67.16297222043276,1.8370277795672365,0.11015486348240336,0.11015486348240336
64116,61,55,Neutral,65.0,1,66.4127661541283,-1.412766154128306,-0.0847145941784424,0.0847145941784424
64116,74,56,Neutral,75.0,1,66.06471247009935,8.935287529900648,0.5357923211504719,0.5357923211504719
64116,97,57,Neutral,83.0,1,69.0468710494258,13.953128950574197,0.836680333198312,0.836680333198312
64116,96,58,Neutral,63.0,1,61.47549349875719,1.5245065012428114,0.09141495158118912,0.09141495158118912
64116,1,59,Neutral,72.0,1,72.51600731589434,-0.5160073158943419,-0.030941674410418032,0.030941674410418032
64116,21,60,Neutral,77.0,1,66.99062141745019,10.009378582549814,0.6001987251190132,0.6001987251190132
64116,127,61,Neutral,77.0,1,66.17285759130216,10.827142408697839,0.6492348168058816,0.6492348168058816
64116,44,62,Neutral,69.0,1,68.06163635987589,0.9383636401241091,0.05626769492787579,0.05626769492787579
64116,88,63,Neutral,71.0,1,67.23530274109626,3.7646972589037375,0.22574493277658192,0.22574493277658192
64116,37,64,Neutral,71.0,0,69.58014409998522,1.419855900014781,0.08513972111388458,0.08513972111388458
64123,96,1,Neutral,100.0,0,66.16911150454266,33.830888495457344,2.028623053584649,2.028623053584649
64123,95,2,Neutral,23.0,1,70.1751504025992,-47.1751504025992,-2.8287935055529534,2.8287935055529534
64123,126,3,Neutral,63.0,1,72.51378803205134,-9.513788032051337,-0.5704813141791581,0.5704813141791581
64123,56,4,Neutral,100.0,1,79.64332484685403,20.35667515314597,1.2206602411742975,1.2206602411742975
64123,61,5,Neutral,0.0,1,69.60630129494163,-69.60630129494163,-4.173846853021254,4.173846853021254
64123,107,6,Neutral,51.0,1,72.17726156902255,-21.177261569022548,-1.2698655856017471,1.2698655856017471
64123,12,7,Neutral,100.0,1,75.67461000020853,24.32538999979147,1.4586388101406365,1.4586388101406365
64123,77,8,Neutral,100.0,1,70.6502778325487,29.349722167451304,1.7599160309724295,1.7599160309724295
64123,19,9,Neutral,100.0,0,74.69677581047198,25.303224189528024,1.517273302703526,1.517273302703526
64123,41,10,Neutral,100.0,1,78.74704524472952,21.25295475527048,1.2744044242031172,1.2744044242031172
64123,119,11,Neutral,0.0,1,68.83160701350874,-68.83160701350874,-4.1273933677985415,4.1273933677985415
64123,4,12,Neutral,100.0,1,73.44156213070559,26.55843786929441,1.5925404777968086,1.5925404777968086
64123,92,13,Neutral,100.0,1,74.5650641557299,25.4349358442701,1.5251712123097556,1.5251712123097556
64123,43,14,Neutral,59.0,1,74.24488851448682,-15.244888514486817,-0.9141389323537394,0.9141389323537394
64123,117,15,Neutral,61.0,0,73.05496599602674,-12.054965996026738,-0.722859582390293,0.722859582390293
64123,78,16,Neutral,31.0,1,72.87215162883007,-41.87215162883007,-2.5108064220318185,2.5108064220318185
64123,118,17,Neutral,63.0,0,73.02568634205156,-10.025686342051557,-0.6011765976594281,0.6011765976594281
64123,44,18,Neutral,69.0,0,72.18664522990936,-3.1866452299093595,-0.19108283182860253,0.19108283182860253
64123,33,19,Neutral,100.0,0,70.11509140969069,29.88490859030931,1.7920077543547768,1.7920077543547768
64123,70,20,Neutral,68.0,1,68.92426966411088,-0.9242696641108807,-0.055422568892804516,0.055422568892804516
64123,62,21,Neutral,75.0,0,67.14018998781333,7.859810012186671,0.4713027796966753,0.4713027796966753
64123,25,22,Neutral,59.0,0,74.07930892089956,-15.079308920899564,-0.9042101780202735,0.9042101780202735
64123,53,23,Neutral,62.0,0,68.5118983422911,-6.511898342291104,-0.3904770961467712,0.3904770961467712
64123,38,24,Neutral,63.0,0,69.41403776915433,-6.4140377691543335,-0.384609020446397,0.384609020446397
64123,71,25,Neutral,59.0,1,69.33192314124491,-10.331923141244914,-0.619539669347097,0.619539669347097
64123,89,26,Neutral,58.0,0,67.49861969733443,-9.498619697334433,-0.5695717656907898,0.5695717656907898
64123,54,27,Neutral,62.0,0,73.47082249867991,-11.470822498679908,-0.6878322148566719,0.6878322148566719
64123,65,28,Neutral,57.0,1,68.81102342998292,-11.811023429982924,-0.7082318993693897,0.7082318993693897
64123,84,29,Neutral,58.0,1,72.60379871841972,-14.603798718419725,-0.8756968577421249,0.8756968577421249
64123,45,30,Neutral,18.0,0,70.35947579900765,-52.359475799007654,-3.1396645019753717,3.1396645019753717
64123,94,31,Neutral,77.0,1,78.31039849648802,-1.3103984964880198,-0.07857625730743678,0.07857625730743678
64123,40,32,Neutral,59.0,1,76.36257916055605,-17.362579160556052,-1.0411233615552802,1.0411233615552802
64123,37,33,Neutral,100.0,1,71.43095264601446,28.56904735398554,1.7131039313090641,1.7131039313090641
64123,97,34,Neutral,71.0,1,70.54776628114612,0.45223371885387564,0.027117577707084946,0.027117577707084946
64123,55,35,Neutral,62.0,1,76.41113165844102,-14.411131658441022,-0.8641438404575905,0.8641438404575905
64123,109,36,Neutral,37.0,1,69.2788050169289,-32.2788050169289,-1.9355544861997442,1.9355544861997442
64123,11,37,Neutral,100.0,1,77.98945251870211,22.01054748129789,1.3198324379974817,1.3198324379974817
64123,24,38,Neutral,100.0,0,72.06852088796326,27.93147911203674,1.6748730218836603,1.6748730218836603
64123,87,39,Neutral,100.0,1,69.68992947770957,30.31007052229043,1.8175020093117313,1.8175020093117313
64123,21,40,Neutral,100.0,0,68.87198162960506,31.12801837039494,1.866549135624053,1.866549135624053
64123,47,41,Neutral,100.0,0,74.47480414293669,25.52519585706331,1.530583530782968,1.530583530782968
64123,98,42,Neutral,100.0,1,66.64067476545839,33.359325234541615,2.000346406270297,2.000346406270297
64123,1,43,Neutral,100.0,1,73.71072839759437,26.289271602405634,1.5764002899820189,1.5764002899820189
64123,104,44,Neutral,98.0,0,71.82931763513011,26.17068236486989,1.5692892482130645,1.5692892482130645
64123,52,45,Neutral,64.0,1,74.21215795412732,-10.21215795412732,-0.6123581133664951,0.6123581133664951
64123,122,46,Neutral,59.0,0,67.83374550692012,-8.833745506920124,-0.5297034923349481,0.5297034923349481
64123,86,47,Neutral,70.0,1,70.48466829784336,-0.4846682978433563,-0.029062472966936242,0.029062472966936242
64123,14,48,Neutral,100.0,1,72.26656589005692,27.733434109943076,1.6629975236404388,1.6629975236404388
64123,88,49,Neutral,68.0,1,70.0481366824713,-2.048136682471295,-0.1228137207070855,0.1228137207070855
64123,10,50,Neutral,88.0,1,70.54830465077364,17.451695349226355,1.0464670921761432,1.0464670921761432
64123,42,51,Neutral,100.0,1,70.71468340663776,29.28531659336224,1.7560540386279488,1.7560540386279488
64123,74,52,Neutral,70.0,1,68.44015476858823,1.5598452314117708,0.09353399030270494,0.09353399030270494
64123,103,53,Neutral,100.0,0,69.4138193872024,30.586180612797605,1.834058574032324,1.834058574032324
64123,39,54,Neutral,100.0,1,72.79238215983835,27.207617840161646,1.63146766869821,1.63146766869821
64123,128,55,Neutral,100.0,0,69.78782231552518,30.212177684474824,1.8116319989039282,1.8116319989039282
64123,127,56,Neutral,76.0,1,68.59203905407965,7.407960945920351,0.4442082671569991,0.4442082671569991
64123,34,57,Neutral,67.0,1,74.60008140312388,-7.60008140312388,-0.4557285081521665,0.4557285081521665
64123,85,58,Neutral,61.0,1,70.39647569292347,-9.396475692923474,-0.5634468398804214,0.5634468398804214
64123,46,59,Neutral,13.0,0,67.27517742465082,-54.27517742465082,-3.254536935257493,3.254536935257493
64123,108,60,Neutral,35.0,1,68.65981243432319,-33.659812434323186,-2.0183647110767415,2.0183647110767415
64123,59,61,Neutral,35.0,0,67.97661861313414,-32.976618613134136,-1.977397926065559,1.977397926065559
64123,93,62,Neutral,63.0,0,69.01354454745825,-6.0135445474582525,-0.3605939910318976,0.3605939910318976
64123,9,63,Neutral,65.0,0,73.5359649034652,-8.5359649034652,-0.5118474848830562,0.5118474848830562
64123,30,64,Neutral,76.0,1,71.69268628974281,4.307313710257191,0.25828218767657407,0.25828218767657407
64159,112,1,Standard,100.0,1,65.09733013068295,34.90266986931705,2.0928909608170105,2.0928909608170105
64159,124,2,Standard,100.0,1,64.81719915625116,35.182800843748836,2.1096886323541253,2.1096886323541253
64159,81,3,Standard,98.0,0,64.37314564625429,33.62685435374571,2.0163884247586825,2.0163884247586825
64159,17,4,Standard,100.0,1,71.3310663896667,28.668933610333298,1.7190934743383741,1.7190934743383741
64159,15,5,Standard,100.0,1,68.52518200403178,31.474817995968223,1.8873445018322728,1.8873445018322728
64159,76,6,Standard,61.0,0,61.764742505205305,-0.7647425052053052,-0.045856740544188535,0.045856740544188535
64159,116,7,Standard,100.0,0,68.1901627655633,31.8098372344367,1.9074334732065474,1.9074334732065474
64159,5,8,Standard,66.0,1,62.70150584860398,3.298494151396021,0.19778969974538477,0.19778969974538477
64159,32,9,Standard,69.0,1,65.32309734199292,3.67690265800708,0.22048044936275915,0.22048044936275915
64159,63,10,Standard,77.0,1,62.168043238494406,14.831956761505594,0.8893780433878079,0.8893780433878079
64159,36,11,Standard,50.0,0,61.7053413365273,-11.705341336527297,-0.7018948168785187,0.7018948168785187
64159,91,12,Standard,67.0,0,62.438447312864874,4.561552687135126,0.2735272809197979,0.2735272809197979
64159,68,13,Standard,68.0,1,61.63905076391889,6.360949236081112,0.38142563902004784,0.38142563902004784
64159,28,14,Standard,71.0,0,65.54890214213934,5.45109785786066,0.3268676429614574,0.3268676429614574
64159,105,15,Standard,39.0,0,62.382422796807646,-23.382422796807646,-1.402095068849181,1.402095068849181
64159,7,16,Standard,73.0,1,70.5429357694837,2.457064230516295,0.14733450298926884,0.14733450298926884
64159,29,17,Standard,37.0,1,67.35934910983855,-30.359349109838547,-1.8204569325547795,1.8204569325547795
64159,100,18,Standard,42.0,0,62.96805416317696,-20.96805416317696,-1.257320749052864,1.257320749052864
64159,115,19,Standard,76.0,1,70.30069677266404,5.69930322733596,0.341750939171922,0.341750939171922
64159,35,20,Standard,78.0,1,69.43758369906442,8.562416300935581,0.5134336068294293,0.5134336068294293
64159,8,21,Standard,51.0,0,68.77007427186183,-17.77007427186183,-1.0655582497234979,1.0655582497234979
64159,72,22,Standard,69.0,1,63.1785913527274,5.821408647272598,0.34907282401938494,0.34907282401938494
64159,31,23,Standard,30.0,0,62.934553426919564,-32.934553426919564,-1.974875544588062,1.974875544588062
64159,66,24,Standard,59.0,1,62.50996509868348,-3.5099650986834803,-0.21047026646737102,0.21047026646737102
64159,51,25,Standard,42.0,0,63.29023745191092,-21.29023745191092,-1.2766400302208176,1.2766400302208176
64159,82,26,Standard,56.0,1,61.31223630046715,-5.3122363004671485,-0.3185409992014814,0.3185409992014814
64159,2,27,Standard,61.0,0,63.30822229873629,-2.3082222987362897,-0.13840939970120308,0.13840939970120308
64159,67,28,Standard,60.0,1,65.42415132458243,-5.424151324582425,-0.3252518308721665,0.3252518308721665
64159,50,29,Standard,59.0,0,58.87821839039002,0.12178160960998241,0.007302468003186753,0.007302468003186753
64159,26,30,Standard,98.0,1,71.93849867807329,26.061501321926713,1.5627423559918128,1.5627423559918128
64159,23,31,Standard,40.0,1,65.17927057462649,-25.179270574626486,-1.509840593367554,1.509840593367554
64159,102,32,Standard,60.0,1,61.66085652274633,-1.6608565227463288,-0.09959099451946249,0.09959099451946249
64159,69,33,Standard,61.0,1,62.597378123466385,-1.5973781234663846,-0.0957845989469301,0.0957845989469301
64159,27,34,Standard,63.0,0,65.60458671224,-2.604586712240007,-0.15618048725559772,0.15618048725559772
64159,110,35,Standard,66.0,1,60.002392952723284,5.997607047276716,0.3596383205862599,0.3596383205862599
64159,16,36,Standard,45.0,1,63.547480065409516,-18.547480065409516,-1.1121743270692899,1.1121743270692899
64159,111,37,Standard,10.0,1,64.50154588630825,-54.50154588630825,-3.2681108110953807,3.2681108110953807
64159,125,38,Standard,60.0,1,59.01436170860249,0.9856382913975068,0.059102454867339595,0.059102454867339595
64159,79,39,Standard,63.0,1,63.55770264861713,-0.5577026486171306,-0.03344187812808536,0.03344187812808536
64159,57,40,Standard,100.0,1,65.96973753354757,34.03026246645243,2.040578241634163,2.040578241634163
64159,3,41,Standard,100.0,1,65.86685716152283,34.13314283847717,2.04674732272344,2.04674732272344
64159,6,42,Standard,76.0,1,65.07280755862219,10.927192441377812,0.6552341804594181,0.6552341804594181
64159,73,43,Standard,74.0,1,60.52901981633485,13.470980183665148,0.8077689404649984,0.8077689404649984
64159,80,44,Standard,69.0,1,66.52784103786058,2.4721589621394173,0.1482396379685778,0.1482396379685778
64159,75,45,Standard,68.0,1,58.82082854323904,9.179171456760962,0.550416487952772,0.550416487952772
64159,113,46,Standard,80.0,1,68.00611880000957,11.993881199990426,0.7191967159692879,0.7191967159692879
64159,120,47,Standard,61.0,1,61.362919113338116,-0.36291911333811555,-0.021761949290899002,0.021761949290899002
64159,83,48,Standard,87.0,1,64.02785949544598,22.97214050455402,1.3774930511795882,1.3774930511795882
64159,18,49,Standard,37.0,1,64.80876716211516,-27.80876716211516,-1.66751476729349,1.66751476729349
64159,90,50,Standard,68.0,1,64.50782475298095,3.4921752470190484,0.2094035222932958,0.2094035222932958
64159,22,51,Standard,76.0,1,70.56862329782399,5.43137670217601,0.3256850907778048,0.3256850907778048
64159,13,52,Standard,35.0,1,62.03614177158839,-27.03614177158839,-1.6211853402901788,1.6211853402901788
64159,101,53,Standard,67.0,1,66.49860760033265,0.5013923996673526,0.030065310906448577,0.030065310906448577
64159,114,54,Standard,36.0,1,61.65200141423948,-25.65200141423948,-1.5381872529448841,1.5381872529448841
64159,20,55,Standard,60.0,1,61.156142427625,-1.1561424276249994,-0.06932650267882623,0.06932650267882623
64159,64,56,Standard,23.0,1,62.6077594761059,-39.6077594761059,-2.3750252372134173,2.3750252372134173
64159,99,57,Standard,58.0,1,60.93864290931903,-2.9386429093190287,-0.17621171116738812,0.17621171116738812
64159,60,58,Standard,71.0,1,63.91452015342693,7.085479846573072,0.42487112818209305,0.42487112818209305
64159,58,59,Standard,67.0,1,63.95236618140207,3.04763381859793,0.1827472022829709,0.1827472022829709
64159,106,60,Standard,32.0,1,61.28118384753072,-29.28118384753072,-1.7558062241648569,1.7558062241648569
64159,49,61,Standard,29.0,1,65.30135181703764,-36.30135181703764,-2.176761014781442,2.176761014781442
64159,123,62,Standard,73.0,1,61.12105820464251,11.878941795357491,0.7123045314487728,0.7123045314487728
64159,121,63,Standard,56.0,1,63.8213581581726,-7.8213581581726,-0.46899706675282254,0.46899706675282254
64159,48,64,Standard,69.0,1,69.55491362959,-0.5549136295900041,-0.033274638408795264,0.033274638408795264
64189,115,1,Standard,78.0,1,72.75877039548044,5.24122960451956,0.31428317959448243,0.31428317959448243
64189,66,2,Standard,70.0,1,65.14299537865435,4.857004621345652,0.29124365289879944,0.29124365289879944
64189,36,3,Standard,73.0,1,63.72602331645756,9.273976683542443,0.5561013539791271,0.5561013539791271
64189,75,4,Standard,76.0,0,62.2849029446936,13.715097055306401,0.8224070754831463,0.8224070754831463
64189,29,5,Standard,73.0,1,69.55498774692326,3.44501225307674,0.2065754577332921,0.2065754577332921
64189,5,6,Standard,79.0,1,64.45975284280254,14.540247157197456,0.8718860751135782,0.8718860751135782
64189,111,7,Standard,33.0,1,67.48448948058804,-34.48448948058804,-2.0678153445722116,2.0678153445722116
64189,114,8,Standard,27.0,1,65.3347716371371,-38.334771637137095,-2.298692258923126,2.298692258923126
64189,13,9,Standard,76.0,1,65.58769450162018,10.412305498379823,0.6243596876805572,0.6243596876805572
64189,63,10,Standard,21.0,1,63.83881190411574,-42.83881190411574,-2.5687708860656944,2.5687708860656944
64189,7,11,Standard,52.0,1,72.43240025654812,-20.43240025654812,-1.2252009936442572,1.2252009936442572
64189,125,12,Standard,68.0,1,61.82234864572783,6.177651354272172,0.3704344317166754,0.3704344317166754
64189,90,13,Standard,68.0,1,67.79694249728102,0.20305750271897693,0.012176066001765096,0.012176066001765096
64189,123,14,Standard,33.0,1,64.89130675611736,-31.89130675611736,-1.9123186818781464,1.9123186818781464
64189,60,15,Standard,84.0,1,67.4660728834587,16.533927116541307,0.9914343727451259,0.9914343727451259
64189,68,16,Standard,32.0,1,63.178601936674376,-31.178601936674376,-1.8695823101355875,1.8695823101355875
64189,91,17,Standard,75.0,1,63.89052015704313,11.109479842956873,0.6661647956949883,0.6661647956949883
64189,79,18,Standard,75.0,1,66.14699376429937,8.853006235700633,0.5308584356477206,0.5308584356477206
64189,81,19,Standard,72.0,1,65.34408768325778,6.655912316742217,0.39911269756318407,0.39911269756318407
64189,72,20,Standard,76.0,1,64.93683834692597,11.063161653074033,0.6633873886573559,0.6633873886573559
64189,6,21,Standard,72.0,1,67.66209867430445,4.3379013256955545,0.2601163322879631,0.2601163322879631
64189,69,22,Standard,69.0,1,64.74927759626249,4.250722403737512,0.2548887672213676,0.2548887672213676
64189,32,23,Standard,74.0,1,66.38151770757364,7.618482292426364,0.45683189236421545,0.45683189236421545
64189,112,24,Standard,80.0,1,65.76209801766613,14.237901982333867,0.8537563593672501,0.8537563593672501
64189,27,25,Standard,77.0,1,67.66900785645889,9.33099214354111,0.5595202082187832,0.5595202082187832
64189,15,26,Standard,23.0,1,69.2774282195922,-46.277428219592196,-2.7749628201304617,2.7749628201304617
64189,116,27,Standard,80.0,1,68.98614814541233,11.01385185458767,0.660430593892995,0.660430593892995
64189,2,28,Standard,79.0,1,64.93525180006901,14.064748199930989,0.8433734291393011,0.8433734291393011
64189,8,29,Standard,78.0,1,70.09092962317423,7.909070376825767,0.4742566102278561,0.4742566102278561
64189,22,30,Standard,74.0,1,73.15791441350623,0.8420855864937664,0.050494512849758096,0.050494512849758096
64189,28,31,Standard,79.0,1,66.47610501485423,12.523894985145773,0.7509782691918163,0.7509782691918163
64189,35,32,Standard,14.0,0,70.58348239322235,-56.583482393222354,-3.3929512921425324,3.3929512921425324
64189,80,33,Standard,80.0,1,68.67974051065669,11.320259489343314,0.6788039095019867,0.6788039095019867
64189,67,34,Standard,81.0,1,66.83248500447206,14.167514995527938,0.8495356997731033,0.8495356997731033
64189,64,35,Standard,78.0,1,65.19705059178816,12.802949408211845,0.7677113867956478,0.7677113867956478
64189,23,36,Standard,69.0,1,66.63134341880475,2.3686565811952534,0.14203325896341437,0.14203325896341437
64189,58,37,Standard,66.0,1,66.58539646137294,-0.5853964613729374,-0.03510249981130335,0.03510249981130335
64189,101,38,Standard,79.0,1,68.82546373028322,10.174536269716782,0.6101021804098377,0.6101021804098377
64189,16,39,Standard,79.0,1,65.087031238165,13.912968761835003,0.8342721822943362,0.8342721822943362
64189,110,40,Standard,76.0,1,61.45446579690154,14.545534203098462,0.8722031056048578,0.8722031056048578
64189,99,41,Standard,73.0,1,63.30923820355821,9.690761796441791,0.5810933044131817,0.5810933044131817
64189,20,42,Standard,74.0,1,63.39552022899832,10.604479771001678,0.6358831556438329,0.6358831556438329
64189,120,43,Standard,76.0,1,63.2086444361139,12.7913555638861,0.767016177744841,0.767016177744841
64189,102,44,Standard,76.0,1,62.80675521690429,13.193244783095707,0.7911149162448723,0.7911149162448723
64189,26,45,Standard,79.0,1,72.9531798793654,6.046820120634607,0.3625893153603101,0.3625893153603101
64189,121,46,Standard,79.0,1,66.23569261670039,12.76430738329961,0.7653942705134467,0.7653942705134467
64189,82,47,Standard,73.0,1,62.064482516027574,10.935517483972426,0.6557333802759341,0.6557333802759341
64189,83,48,Standard,26.0,0,65.69862816106732,-39.69862816106732,-2.380474053882433,2.380474053882433
64189,31,49,Standard,75.0,1,63.4681038210369,11.531896178963102,0.6914944147367129,0.6914944147367129
64189,51,50,Standard,20.0,1,63.86752701031688,-43.86752701031688,-2.630456383338124,2.630456383338124
64189,73,51,Standard,80.0,1,61.84987516764727,18.15012483235273,1.0883474628605732,1.0883474628605732
64189,57,52,Standard,75.0,1,67.11563622770552,7.884363772294478,0.4727751124086456,0.4727751124086456
64189,50,53,Standard,23.0,1,59.499247113084586,-36.499247113084586,-2.188627536105902,2.188627536105902
64189,18,54,Standard,73.0,1,66.26084000629342,6.739159993706579,0.4041045308894045,0.4041045308894045
64189,100,55,Standard,65.0,1,63.02047375011954,1.9795262498804576,0.11869958976166628,0.11869958976166628
64189,106,56,Standard,76.0,0,63.126909170306504,12.873090829693496,0.7719173214002911,0.7719173214002911
64189,3,57,Standard,39.0,0,66.83779919852633,-27.837799198526326,-1.669255633731689,1.669255633731689
64189,48,58,Standard,77.0,1,71.48811728094304,5.511882719056956,0.33051252419915556,0.33051252419915556
64189,113,59,Standard,74.0,1,69.10827832987891,4.891721670121086,0.293325413344072,0.293325413344072
64189,105,60,Standard,33.0,0,62.084929069441316,-29.084929069441316,-1.744038074260613,1.744038074260613
64189,17,61,Standard,74.0,1,70.50870269083696,3.491297309163045,0.20935087794803886,0.20935087794803886
64189,49,62,Standard,80.0,1,66.92838131837036,13.071618681629644,0.7838217730752859,0.7838217730752859
64189,76,63,Standard,67.0,1,60.94237880637558,6.057621193624421,0.3632369869599942,0.3632369869599942
64189,124,64,Standard,71.0,0,63.77613963597837,7.223860364021633,0.43316892703833104,0.43316892703833104
64222,66,1,Standard,100.0,1,58.98562373287425,41.01437626712575,2.4593710932261934,2.4593710932261934
64222,67,2,Standard,100.0,0,62.031027451639034,37.968972548360966,2.276757615835902,2.276757615835902
64222,125,3,Standard,64.0,1,56.01489031425665,7.985109685743353,0.4788162036026968,0.4788162036026968
64222,81,4,Standard,62.0,1,59.7990643375183,2.2009356624816974,0.13197610299139778,0.13197610299139778
64222,68,5,Standard,67.0,1,57.45862193378043,9.541378066219572,0.5721357129210175,0.5721357129210175
64222,69,6,Standard,34.0,1,59.24799341481162,-25.247993414811617,-1.5139614646809423,1.5139614646809423
64222,49,7,Standard,48.0,0,63.132924544175474,-15.132924544175474,-0.9074251656912128,0.9074251656912128
64222,82,8,Standard,69.0,1,57.56919911321484,11.430800886785157,0.6854323735240325,0.6854323735240325
64222,73,9,Standard,0.0,1,57.485809257700396,-57.485809257700396,-3.447058091004605,3.447058091004605
64222,6,10,Standard,81.0,1,61.9421186714105,19.057881328589502,1.1427798421802713,1.1427798421802713
64222,18,11,Standard,42.0,1,61.94051326063515,-19.94051326063515,-1.1957056613002208,1.1957056613002208
64222,105,12,Standard,33.0,1,57.98329814522613,-24.98329814522613,-1.498089374117077,1.498089374117077
64222,57,13,Standard,66.0,1,62.6203528248928,3.379647175107202,0.202655930048225,0.202655930048225
64222,3,14,Standard,86.0,1,62.51747245286806,23.482527547131937,1.408097713571576,1.408097713571576
64222,20,15,Standard,100.0,1,58.375366854722216,41.624633145277784,2.495964313998212,2.495964313998212
64222,17,16,Standard,100.0,1,66.27585427375593,33.724145726244075,2.022222369119664,2.022222369119664
64222,63,17,Standard,69.0,1,57.331526944026734,11.668473055973266,0.6996840607558121,0.6996840607558121
64222,8,18,Standard,58.0,1,64.37094962028029,-6.370949620280285,-0.38202529840924393,0.38202529840924393
64222,91,19,Standard,35.0,1,57.60193101839718,-22.60193101839718,-1.355293944633086,1.355293944633086
64222,114,20,Standard,23.0,1,58.60879085560501,-35.60879085560501,-2.135232541990559,2.135232541990559
64222,23,21,Standard,30.0,1,61.08632007306525,-31.086320073065252,-1.8640487541377793,1.8640487541377793
64222,29,22,Standard,95.0,1,62.610311143948095,32.389688856051905,1.94220348426981,1.94220348426981
64222,58,23,Standard,91.0,0,60.99663395134485,30.003366048655153,1.7991108941644713,1.7991108941644713
64222,31,24,Standard,85.0,1,58.36047211818355,26.63952788181645,1.5974029297196946,1.5974029297196946
64222,51,25,Standard,9.0,1,58.75989530746354,-49.75989530746354,-2.983784205910921,2.983784205910921
64222,76,26,Standard,74.0,1,56.359617074985614,17.640382925014386,1.0577814851226954,1.0577814851226954
64222,28,27,Standard,25.0,1,60.44995086193996,-35.44995086193996,-2.1257079185676946,2.1257079185676946
64222,121,28,Standard,32.0,1,60.82188676382675,-28.821886763826747,-1.7282651014251693,1.7282651014251693
64222,60,29,Standard,85.0,1,60.65261377334937,24.347386226650627,1.4599577838620732,1.4599577838620732
64222,80,30,Standard,41.0,1,62.60984719345381,-21.60984719345381,-1.2958049921440375,1.2958049921440375
64222,36,31,Standard,75.0,1,56.30021590630763,18.699784093692372,1.1213070302488086,1.1213070302488086
64222,116,32,Standard,37.0,1,62.56634151390054,-25.56634151390054,-1.5330507739363985,1.5330507739363985
64222,83,33,Standard,87.0,1,60.15360481532784,26.84639518467216,1.6098074451867455,1.6098074451867455
64222,99,34,Standard,28.0,1,57.414301543509794,-29.414301543509794,-1.763788445114788,1.763788445114788
64222,120,35,Standard,82.0,1,57.35744694035411,24.64255305964589,1.47765706013583,1.47765706013583
64222,110,36,Standard,23.0,1,55.42831164398729,-32.42831164398729,-1.9445194470329503,1.9445194470329503
64222,101,37,Standard,95.0,1,62.66809208450311,32.33190791549689,1.9387387290333802,1.9387387290333802
64222,7,38,Standard,96.0,1,65.0503320106868,30.9496679893132,1.8558545984490504,1.8558545984490504
64222,123,39,Standard,30.0,1,57.59671683883328,-27.59671683883328,-1.654799459080776,1.654799459080776
64222,112,40,Standard,92.0,1,58.86116057897958,33.13883942102042,1.9871252753988002,1.9871252753988002
64222,5,41,Standard,67.0,1,56.727771282632304,10.272228717367696,0.6159601746949233,0.6159601746949233
64222,22,42,Standard,55.0,1,66.43193363197413,-11.431933631974132,-0.6855002970432301,0.6855002970432301
64222,124,43,Standard,64.0,1,58.493551275970574,5.5064487240294255,0.33018668210407154,0.33018668210407154
64222,72,44,Standard,76.0,1,57.68598759393049,18.31401240606951,1.0981747575319074,1.0981747575319074
64222,26,45,Standard,32.0,1,66.75206906929668,-34.75206906929668,-2.0838603893955523,2.0838603893955523
64222,35,46,Standard,89.0,1,63.77002328311304,25.22997671688696,1.5128811179804902,1.5128811179804902
64222,111,47,Standard,70.0,1,59.533812098974735,10.466187901025265,0.6275906724122692,0.6275906724122692
64222,48,48,Standard,98.0,1,65.72439811376046,32.27560188623954,1.9353624148398405,1.9353624148398405
64222,15,49,Standard,56.0,1,62.070316630885344,-6.070316630885344,-0.36399825152761867,0.36399825152761867
64222,113,50,Standard,65.0,1,63.300819998407746,1.6991800015922536,0.10188900962157385,0.10188900962157385
64222,64,51,Standard,74.0,1,58.296113153101594,15.703886846898406,0.9416621408799385,0.9416621408799385
64222,100,52,Standard,26.0,1,56.950580432916674,-30.950580432916674,-1.8559093118843584,1.8559093118843584
64222,79,53,Standard,44.0,1,58.41501220412913,-14.415012204129127,-0.8643765320833052,0.8643765320833052
64222,102,54,Standard,42.0,1,56.168252763949425,-14.168252763949425,-0.8495799390495337,0.8495799390495337
64222,2,55,Standard,57.0,0,57.55318355420769,-0.5531835542076919,-0.03317089679983726,0.03317089679983726
64222,90,56,Standard,29.0,1,59.71504762280186,-30.715047622801862,-1.8417859083994443,1.8417859083994443
64222,27,57,Standard,33.0,1,60.068243789154494,-27.068243789154494,-1.6231102939581832,1.6231102939581832
64222,106,58,Standard,77.0,1,56.83832003166057,20.161679968339428,1.2089676210620686,1.2089676210620686
64222,13,59,Standard,65.0,1,57.199625477120705,7.800374522879295,0.46773881170256787,0.46773881170256787
64222,32,60,Standard,81.0,1,58.56205781882616,22.437942181173838,1.3454605778337931,1.3454605778337931
64222,50,61,Standard,0.0,1,52.94822298870695,-52.94822298870695,-3.174967923637429,3.174967923637429
64222,115,62,Standard,86.0,1,63.88957056380621,22.11042943619379,1.325821723096102,1.325821723096102
64222,16,63,Standard,24.0,1,57.83618048516953,-33.83618048516953,-2.028940380524818,2.028940380524818
64222,75,64,Standard,41.0,1,53.45944227730797,-12.459442277307971,-0.7471134505364245,0.7471134505364245
64258,122,1,Neutral,62.0,1,48.63222007622309,13.367779923776908,0.801580677736595,0.801580677736595
64258,9,2,Neutral,43.0,1,55.034266101385995,-12.034266101385995,-0.7216183414609979,0.7216183414609979
64258,19,3,Neutral,38.0,1,53.78942297251895,-15.789422972518949,-0.9467911979063729,0.9467911979063729
64258,74,4,Neutral,61.0,0,47.6642556425048,13.335744357495201,0.7996597087291616,0.7996597087291616
64258,103,5,Neutral,44.0,1,50.34351144937121,-6.3435114493712135,-0.3803800059404454,0.3803800059404454
64258,86,6,Neutral,40.0,1,51.79041245164328,-11.790412451643277,-0.7069959901847298,0.7069959901847298
64258,11,7,Neutral,67.0,1,58.81406586532727,8.185934134672728,0.490858367581815,0.490858367581815
64258,89,8,Neutral,41.0,0,45.41054564259255,-4.410545642592552,-0.2644723496000401,0.2644723496000401
64258,42,9,Neutral,43.0,1,52.064166724726306,-9.064166724726306,-0.5435203861637765,0.5435203861637765
64258,78,10,Neutral,67.0,1,51.96479879087706,15.035201209122938,0.9015653192852466,0.9015653192852466
64258,14,11,Neutral,41.0,0,53.22680961835137,-12.226809618351368,-0.7331639506573591,0.7331639506573591
64258,61,12,Neutral,60.0,1,48.13033932123662,11.869660678763381,0.7117480019598016,0.7117480019598016
64258,84,13,Neutral,55.0,1,52.64551999665326,2.354480003346737,0.1411831798220315,0.1411831798220315
64258,127,14,Neutral,44.0,1,47.553704942264545,-3.5537049422645453,-0.2130930664881464,0.2130930664881464
64258,93,15,Neutral,46.0,1,48.193906257086205,-2.193906257086205,-0.13155459429113991,0.13155459429113991
64258,10,16,Neutral,37.0,1,49.1600572246496,-12.160057224649599,-0.7291612344779258,0.7291612344779258
64258,77,17,Neutral,44.0,0,49.59852000356685,-5.598520003566847,-0.33570761071544186,0.33570761071544186
64258,65,18,Neutral,44.0,0,48.59030972248476,-4.590309722484761,-0.2752516572946853,0.2752516572946853
64258,38,19,Neutral,61.0,1,46.75735457866047,14.242645421339532,0.854040793213008,0.854040793213008
64258,39,20,Neutral,56.0,1,53.79195216361798,2.208047836382022,0.13240257479207893,0.13240257479207893
64258,4,21,Neutral,46.0,1,52.38980430172373,-6.3898043017237285,-0.3831558936476545,0.3831558936476545
64258,94,22,Neutral,59.0,1,58.216489393052264,0.7835106069477362,0.04698214414899868,0.04698214414899868
64258,21,23,Neutral,45.0,1,48.44575959882682,-3.445759598826818,-0.20662027130115954,0.20662027130115954
64258,52,24,Neutral,56.0,1,54.64311882215496,1.3568811778450396,0.08136352785180753,0.08136352785180753
64258,108,25,Neutral,47.0,0,47.31530417248776,-0.3153041724877568,-0.018906784351406584,0.018906784351406584
64258,71,26,Neutral,45.0,1,48.630078626571986,-3.6300786265719864,-0.217672710226858,0.217672710226858
64258,59,27,Neutral,46.0,1,48.29396237526234,-2.293962375262339,-0.1375543228531477,0.1375543228531477
64258,97,28,Neutral,59.0,1,50.15209591649351,8.847904083506492,0.5305524920552157,0.5305524920552157
64258,62,29,Neutral,56.0,0,45.62048884981971,10.379511150180292,0.6223932193510664,0.6223932193510664
64258,96,30,Neutral,43.0,0,42.02529672823586,0.9747032717641417,0.05844675133999582,0.05844675133999582
64258,34,31,Neutral,57.0,1,55.24973809259458,1.7502619074054167,0.1049520663830756,0.1049520663830756
64258,119,32,Neutral,60.0,1,46.74329673976311,13.25670326023689,0.794920117213545,0.794920117213545
64258,126,33,Neutral,41.0,0,50.54350775300857,-9.54350775300857,-0.5722634166825564,0.5722634166825564
64258,24,34,Neutral,59.0,0,51.073689721433,7.926310278567001,0.47529037740540153,0.47529037740540153
64258,46,35,Neutral,56.0,1,47.66681201719327,8.333187982806727,0.4996882436015889,0.4996882436015889
64258,70,36,Neutral,43.0,1,47.56633768510872,-4.566337685108721,-0.2738142067923446,0.2738142067923446
64258,104,37,Neutral,58.0,0,49.26011277321345,8.73988722678655,0.5240754086718677,0.5240754086718677
64258,41,38,Neutral,57.0,1,57.03478706261501,-0.034787062615009745,-0.002085958729602305,0.002085958729602305
64258,25,39,Neutral,47.0,1,52.16595530430841,-5.165955304308412,-0.30976945892257957,0.30976945892257957
64258,56,40,Neutral,56.0,1,57.58115335043059,-1.58115335043059,-0.09481170257667924,0.09481170257667924
64258,98,41,Neutral,46.0,1,45.514626106062295,0.48537389393770525,0.029104783073681084,0.029104783073681084
64258,117,42,Neutral,45.0,1,50.70422073654943,-5.704220736549431,-0.34204581090010616,0.34204581090010616
64258,40,43,Neutral,57.0,1,55.393886771347994,1.6061132286520063,0.09630838760703042,0.09630838760703042
64258,118,44,Neutral,43.0,1,50.67494108257425,-7.67494108257425,-0.4602173666560561,0.4602173666560561
64258,44,45,Neutral,45.0,0,48.130308782179796,-3.130308782179796,-0.18770469363289405,0.18770469363289405
64258,45,46,Neutral,45.0,0,46.78427015845287,-1.7842701584528697,-0.10699132474001237,0.10699132474001237
64258,47,47,Neutral,44.0,1,53.04258133352029,-9.042581333520289,-0.5422260476415397,0.5422260476415397
64258,109,48,Neutral,43.0,1,48.26637346343222,-5.266373463432217,-0.3157908967758726,0.3157908967758726
64258,95,49,Neutral,56.0,1,47.631848099001004,8.368151900998996,0.5017848072344951,0.5017848072344951
64258,55,50,Neutral,57.0,1,55.26748261207851,1.7325173879214901,0.10388804049133146,0.10388804049133146
64258,53,51,Neutral,45.0,0,44.41182273027292,0.5881772697270833,0.03526924718879474,0.03526924718879474
64258,1,52,Neutral,56.0,0,52.65897056861253,3.3410294313874687,0.20034026975459146,0.20034026975459146
64258,12,53,Neutral,45.0,1,53.175046860898945,-8.175046860898945,-0.49020552706977377,0.49020552706977377
64258,88,54,Neutral,44.0,0,46.95406184909126,-2.9540618490912607,-0.17713628684585378,0.17713628684585378
64258,54,55,Neutral,43.0,1,49.37074688666175,-6.370746886661749,-0.3820131417645151,0.3820131417645151
64258,87,56,Neutral,46.0,0,46.07098467286615,-0.07098467286615318,-0.004256499022979512,0.004256499022979512
64258,128,57,Neutral,58.0,0,46.82496497501101,11.175035024988993,0.6700957227106993,0.6700957227106993
64258,33,58,Neutral,47.0,0,47.75115865205039,-0.7511586520503926,-0.04504220333006055,0.04504220333006055
64258,43,59,Neutral,45.0,1,51.78906453946584,-6.789064539465841,-0.4070969888622272,0.4070969888622272
64258,107,60,Neutral,45.0,0,49.157241347053045,-4.157241347053045,-0.24928330324754888,0.24928330324754888
64258,92,61,Neutral,45.0,0,51.807478919492056,-6.8074789194920555,-0.4082011820271116,0.4082011820271116
64258,30,62,Neutral,56.0,0,51.122059267935725,4.877940732064275,0.29249905820279853,0.29249905820279853
64258,37,63,Neutral,57.0,0,49.4606723669717,7.5393276330283,0.45208549124988723,0.45208549124988723
64258,85,64,Neutral,43.0,1,49.646479125158486,-6.646479125158486,-0.39854704910502403,0.39854704910502403
64270,40,1,Neutral,64.0,1,69.42424861657055,-5.4242486165705515,-0.32525766485344276,0.32525766485344276
64270,10,2,Neutral,41.0,1,62.64794871144237,-21.647948711442368,-1.2980896976662866,1.2980896976662866
64270,127,3,Neutral,64.0,1,60.91037893619147,3.0896210638085293,0.18526491013454477,0.18526491013454477
64270,97,4,Neutral,50.0,0,63.565696572872014,-13.565696572872014,-0.8134484794674441,0.8134484794674441
64270,9,5,Neutral,87.0,1,67.26690932197191,19.73309067802809,1.1832678492407698,1.1832678492407698
64270,1,6,Neutral,57.0,1,67.03483283934057,-10.034832839340567,-0.601725054885508,0.601725054885508
64270,98,7,Neutral,51.0,1,59.36561840532694,-8.365618405326941,-0.5016328896244338,0.5016328896244338
64270,128,8,Neutral,57.0,1,61.843727211905296,-4.843727211905296,-0.2904474911637565,0.2904474911637565
64270,65,9,Neutral,50.0,1,61.347822914534056,-11.347822914534056,-0.6804567126728287,0.6804567126728287
64270,96,10,Neutral,50.0,1,55.77562320076032,-5.775623200760322,-0.34632736221083854,0.34632736221083854
64270,24,11,Neutral,62.0,1,64.44355121352291,-2.443551213522909,-0.14652421336888408,0.14652421336888408
64270,70,12,Neutral,37.0,1,60.97993834148724,-23.97993834148724,-1.4379242729498942,1.4379242729498942
64270,4,13,Neutral,64.0,1,65.10357832948439,-1.1035783294843924,-0.06617456827742144,0.06617456827742144
64270,33,14,Neutral,55.0,1,62.039542594201194,-7.039542594201194,-0.4221165635423721,0.4221165635423721
64270,77,15,Neutral,76.0,1,62.04985904559581,13.95014095440419,0.8365011620862287,0.8365011620862287
64270,61,16,Neutral,50.0,1,60.31924337753391,-10.319243377533908,-0.6187793446225008,0.6187793446225008
64270,25,17,Neutral,68.0,1,65.49207763210968,2.507922367890316,0.15038414178173415,0.15038414178173415
64270,95,18,Neutral,40.0,1,61.18107913704878,-21.181079137048783,-1.2700945008579245,1.2700945008579245
64270,85,19,Neutral,59.0,1,63.808058463246894,-4.808058463246894,-0.2883086633339563,0.2883086633339563
64270,11,20,Neutral,59.0,1,70.438773674676,-11.438773674676,-0.6859104508680218,0.6859104508680218
64270,71,21,Neutral,57.0,0,61.2126351614668,-4.2126351614668,-0.25260491772305466,0.25260491772305466
64270,47,22,Neutral,73.0,1,66.49992115418742,6.500078845812581,0.38976835617261074,0.38976835617261074
64270,21,23,Neutral,68.0,1,60.80962031227856,7.190379687721439,0.43116130398103836,0.43116130398103836
64270,103,24,Neutral,50.0,1,61.87632804133927,-11.87632804133927,-0.7121478012565263,0.7121478012565263
64270,84,25,Neutral,40.0,1,64.48451073864163,-24.48451073864163,-1.4681802680653435,1.4681802680653435
64270,56,26,Neutral,80.0,1,70.38681859557192,9.613181404428076,0.5764413020938726,0.5764413020938726
64270,59,27,Neutral,64.0,1,60.657823088714096,3.342176911285904,0.20040907682053072,0.20040907682053072
64270,119,28,Neutral,30.0,1,59.28211411036932,-29.28211411036932,-1.7558620061062782,1.7558620061062782
64270,42,29,Neutral,73.0,1,63.38270038405473,9.61729961594527,0.5766882450266436,0.5766882450266436
64270,19,30,Neutral,73.0,1,64.9723262501781,8.0276737498219,0.48136849961039957,0.48136849961039957
64270,43,31,Neutral,50.0,0,65.2070780846478,-15.207078084647804,-0.9118716815350781,0.9118716815350781
64270,78,32,Neutral,89.0,1,63.366397889979275,25.633602110020725,1.5370839637802176,1.5370839637802176
64270,62,33,Neutral,54.0,1,57.809392906117,-3.8093929061169973,-0.2284250462576062,0.2284250462576062
64270,55,34,Neutral,100.0,1,68.16062618579707,31.83937381420293,1.9092045938983928,1.9092045938983928
64270,53,35,Neutral,57.0,1,57.98719254564293,-0.9871925456429267,-0.059195653601798306,0.059195653601798306
64270,74,36,Neutral,64.0,1,59.14014557202127,4.859854427978732,0.2914145376639129,0.2914145376639129
64270,34,37,Neutral,67.0,1,67.1806200519636,-0.18062005196360076,-0.010830634891608524,0.010830634891608524
64270,12,38,Neutral,71.0,1,66.02445127032891,4.97554872967109,0.2983519885562537,0.2983519885562537
64270,108,39,Neutral,28.0,0,59.578499059199316,-31.578499059199316,-1.8935615952768923,1.8935615952768923
64270,92,40,Neutral,65.0,1,65.08986208300472,-0.08986208300471787,-0.005388457156571156,0.005388457156571156
64270,38,41,Neutral,72.0,1,58.67063615106309,13.329363848936907,0.7992771102420811,0.7992771102420811
64270,118,42,Neutral,72.0,1,63.12628012460322,8.87371987539678,0.5321005007805029,0.5321005007805029
64270,107,43,Neutral,45.0,0,62.26466785341123,-17.264667853411233,-1.0352522436593592,1.0352522436593592
64270,88,44,Neutral,64.0,1,60.26699667872957,3.7330033212704308,0.22384444906476827,0.22384444906476827
64270,41,45,Neutral,97.0,1,68.92192985769542,28.078070142304583,1.6836631529347559,1.6836631529347559
64270,126,46,Neutral,85.0,1,62.338759330708314,22.661240669291686,1.35885036689852,1.35885036689852
64270,52,47,Neutral,66.0,1,65.83043498861755,0.16956501138244562,0.010167734471944509,0.010167734471944509
64270,37,48,Neutral,73.0,1,62.48062054475267,10.519379455247332,0.6307802313611975,0.6307802313611975
64270,44,49,Neutral,60.0,1,60.83089531177751,-0.8308953117775104,-0.049823503299760895,0.049823503299760895
64270,117,50,Neutral,44.0,1,62.71816813569227,-18.718168135692267,-1.1224094042353523,1.1224094042353523
64270,14,51,Neutral,71.0,1,63.841103760258505,7.158896239741495,0.42927344199399586,0.42927344199399586
64270,45,52,Neutral,60.0,0,59.397378359473336,0.6026216405266638,0.036135384168983375,0.036135384168983375
64270,30,53,Neutral,35.0,1,63.879572459985,-28.879572459985,-1.7317241454613441,1.7317241454613441
64270,94,54,Neutral,78.0,1,69.01015308091732,8.98984691908268,0.5390639004558463,0.5390639004558463
64270,89,55,Neutral,38.0,1,56.230348107779804,-18.230348107779804,-1.0931579420765503,1.0931579420765503
64270,54,56,Neutral,100.0,1,62.20255090912528,37.79744909087472,2.266472445816384,2.266472445816384
64270,93,57,Neutral,73.0,1,59.232404543716534,13.767595456283466,0.8255550704438079,0.8255550704438079
64270,122,58,Neutral,59.0,1,58.50294842522379,0.49705157477620787,0.029805019266548764,0.029805019266548764
64270,46,59,Neutral,50.0,1,58.980932787718245,-8.980932787718245,-0.5385293767352823,0.5385293767352823
64270,104,60,Neutral,65.0,1,61.12965518132748,3.870344818672521,0.23207994450205563,0.23207994450205563
64270,109,61,Neutral,63.0,1,59.89108127278095,3.1089187272190486,0.18642206818199458,0.18642206818199458
64270,39,62,Neutral,78.0,1,64.14822420859687,13.851775791403128,0.8306028293433461,0.8306028293433461
64270,87,63,Neutral,75.0,1,58.640353709598024,16.359646290401976,0.980983860877798,0.980983860877798
64270,86,64,Neutral,82.0,1,61.446857868004315,20.553142131995685,1.232441115407505,1.232441115407505
64312,10,1,Neutral,84.0,1,68.39755405455281,15.602445945447187,0.9355793756789008,0.9355793756789008
64312,21,2,Neutral,33.0,1,66.5811877629115,-33.5811877629115,-2.0136500899686474,2.0136500899686474
64312,11,3,Neutral,89.0,1,75.86484069980347,13.135159300196534,0.7876318995424383,0.7876318995424383
64312,38,4,Neutral,65.0,0,65.99485140856366,-0.9948514085636617,-0.05965490686342441,0.05965490686342441
64312,74,5,Neutral,76.0,0,66.20192584379015,9.79807415620985,0.5875281435983626,0.5875281435983626
64312,103,6,Neutral,59.0,0,67.51667799910639,-8.516677999106392,-0.5106909719874575,0.5106909719874575
64312,96,7,Neutral,20.0,1,61.61270687244797,-41.61270687244797,-2.4952491713258835,2.4952491713258835
64312,14,8,Neutral,83.0,1,70.40438905688995,12.595610943110046,0.7552786187275894,0.7552786187275894
64312,1,9,Neutral,80.0,1,71.58611657869572,8.413883421304277,0.5045270354316419,0.5045270354316419
64312,109,10,Neutral,75.0,0,66.80427988372132,8.195720116278679,0.49144517061214193,0.49144517061214193
64312,119,11,Neutral,72.0,1,64.87872490384781,7.121275096152189,0.4270175414669455,0.4270175414669455
64312,4,12,Neutral,74.0,0,69.82981872599402,4.170181274005984,0.2500592283058564,0.2500592283058564
64312,98,13,Neutral,72.0,1,63.956228420167285,8.043771579832715,0.48233378401541926,0.48233378401541926
64312,24,14,Neutral,93.0,0,69.16537872122909,23.83462127877091,1.4292105336242145,1.4292105336242145
64312,122,15,Neutral,65.0,1,65.23677749020626,-0.23677749020626493,-0.014198039027761249,0.014198039027761249
64312,127,16,Neutral,68.0,0,66.04763597926129,1.9523640207387132,0.1170708437643186,0.1170708437643186
64312,88,17,Neutral,67.0,1,67.153820293344,-0.1538202933439976,-0.009223623944392904,0.009223623944392904
64312,40,18,Neutral,67.0,1,73.3631840558851,-6.3631840558851,-0.3815596469393369,0.3815596469393369
64312,86,19,Neutral,72.0,0,68.097621493213,3.9023785067870023,0.23400080088775485,0.23400080088775485
64312,54,20,Neutral,72.0,1,69.48302700233724,2.516972997662762,0.15092685044303072,0.15092685044303072
64312,126,21,Neutral,37.0,0,68.1147396701447,-31.1147396701447,-1.865752896487357,1.865752896487357
64312,77,22,Neutral,57.0,1,66.42618612779651,-9.426186127796512,-0.5652283855564554,0.5652283855564554
64312,78,23,Neutral,69.0,1,68.61309536914885,0.38690463085114857,0.023200208111255748,0.023200208111255748
64312,85,24,Neutral,67.0,0,68.27186387402483,-1.271863874024831,-0.07626558126650151,0.07626558126650151
64312,41,25,Neutral,90.0,1,74.47921437568873,15.520785624311273,0.9306827259783857,0.9306827259783857
64312,25,26,Neutral,84.0,0,69.95147015408416,14.048529845915837,0.842400917676862,0.842400917676862
64312,45,27,Neutral,67.0,0,66.19672364551053,0.8032763544894692,0.04816737022249887,0.04816737022249887
64312,9,28,Neutral,69.0,0,71.1139535439058,-2.1139535439057937,-0.1267603389709995,0.1267603389709995
64312,107,29,Neutral,77.0,1,67.55951738567285,9.440482614327152,0.5660856548583011,0.5660856548583011
64312,108,30,Neutral,68.0,1,65.67801771661865,2.3219822833813453,0.13923449839973945,0.13923449839973945
64312,70,31,Neutral,59.0,0,64.83139545222456,-5.831395452224555,-0.34967166914755576,0.34967166914755576
64312,30,32,Neutral,73.0,1,69.48059614226692,3.5194038577330815,0.211036248771023,0.211036248771023
64312,53,33,Neutral,68.0,0,63.78053705304197,4.219462946958032,0.2530143365609402,0.2530143365609402
64312,56,34,Neutral,68.0,1,74.71940651348402,-6.719406513484017,-0.402920040408955,0.402920040408955
64312,89,35,Neutral,21.0,1,62.81099757237391,-41.81099757237391,-2.5071394025042695,2.5071394025042695
64312,55,36,Neutral,69.0,1,72.75564908944085,-3.755649089440851,-0.22520237164439005,0.22520237164439005
64312,42,37,Neutral,67.0,1,67.71528830196681,-0.7152883019668081,-0.04289128674596072,0.04289128674596072
64312,62,38,Neutral,18.0,1,62.443742085245944,-44.443742085245944,-2.665008333842796,2.665008333842796
64312,43,39,Neutral,71.0,0,69.53966600255988,1.4603339974401166,0.08756693497831818,0.08756693497831818
64312,128,40,Neutral,83.0,0,66.14994013349143,16.850059866508573,1.010390841614184,1.010390841614184
64312,94,41,Neutral,75.0,1,74.26126344889032,0.7387365511096817,0.044297329001806794,0.044297329001806794
64312,34,42,Neutral,73.0,1,71.64442546274154,1.3555745372584624,0.08128517693243882,0.08128517693243882
64312,84,43,Neutral,75.0,1,68.37970701366756,6.620292986332444,0.396976833031213,0.396976833031213
64312,44,44,Neutral,74.0,1,66.7554573120424,7.244542687957605,0.4344091143642966,0.4344091143642966
64312,33,45,Neutral,80.0,0,65.36612973347512,14.63387026652488,0.8775000570802473,0.8775000570802473
64312,61,46,Neutral,18.0,1,63.86011344944748,-45.86011344944748,-2.7499391095226065,2.7499391095226065
64312,93,47,Neutral,80.0,0,65.37566236542452,14.624337634575483,0.876928445816284,0.876928445816284
64312,104,48,Neutral,75.0,0,67.36039133161266,7.639608668387339,0.45809870666378333,0.45809870666378333
64312,37,49,Neutral,75.0,1,67.11938261268507,7.880617387314928,0.4725504655467065,0.4725504655467065
64312,95,50,Neutral,98.0,0,64.46392711203413,33.53607288796587,2.0109448380688466,2.0109448380688466
64312,52,51,Neutral,12.0,0,70.33797956368409,-58.33797956368409,-3.4981573202941614,3.4981573202941614
64312,46,52,Neutral,77.0,0,63.96960816995958,13.030391830040422,0.7813496611893732,0.7813496611893732
64312,65,53,Neutral,12.0,0,64.10580091805599,-52.10580091805599,-3.1244532339744446,3.1244532339744446
64312,92,54,Neutral,80.0,1,69.16001501518511,10.83998498481489,0.6500049043541872,0.6500049043541872
64312,12,55,Neutral,81.0,1,69.96338670964346,11.036613290356541,0.6617954523222856,0.6617954523222856
64312,71,56,Neutral,90.0,0,64.3642656435863,25.635734356413707,1.537211821024916,1.537211821024916
64312,39,57,Neutral,8.0,0,69.04942126226095,-61.04942126226095,-3.660745220961397,3.660745220961397
64312,97,58,Neutral,71.0,0,65.88628293350781,5.113717066492185,0.3066370642907666,0.3066370642907666
64312,117,59,Neutral,83.0,0,67.17756065766675,15.822439342333254,0.9487709794589612,0.9487709794589612
64312,19,60,Neutral,78.0,0,68.51319632209167,9.486803677908327,0.5688632342133318,0.5688632342133318
64312,118,61,Neutral,83.0,0,67.14828100369157,15.851718996308435,0.9505266939464186,0.9505266939464186
64312,59,62,Neutral,86.0,1,63.9799973391846,22.0200026608154,1.32039940493208,1.32039940493208
64312,47,63,Neutral,89.0,0,69.55966041892623,19.440339581073772,1.1657134292815223,1.1657134292815223
64312,87,64,Neutral,82.0,1,64.30248072413121,17.697519275868785,1.0612075884175143,1.0612075884175143
64363,88,1,Neutral,96.0,0,98.3310002787124,-2.331000278712395,-0.13977525018129974,0.13977525018129974
64363,54,2,Neutral,98.0,1,100.74768531628285,-2.7476853162828547,-0.1647611997348482,0.1647611997348482
64363,97,3,Neutral,99.0,1,98.08706408448077,0.9129359155192276,0.054742956127693504,0.054742956127693504
64363,55,4,Neutral,100.0,1,103.95042946177567,-3.95042946177567,-0.2368821108199447,0.2368821108199447
64363,93,5,Neutral,100.0,0,97.6900606222969,2.3099393777031025,0.13851236199784422,0.13851236199784422
64363,34,6,Neutral,99.0,1,103.01416249223082,-4.014162492230824,-0.240703775003358,0.240703775003358
64363,94,7,Neutral,100.0,1,105.54352214980236,-5.543522149802357,-0.33240973947983116,0.33240973947983116
64363,14,8,Neutral,100.0,1,100.1995161719891,-0.19951617198910299,-0.011963714938033658,0.011963714938033658
64363,9,9,Neutral,100.0,0,102.08126348543799,-2.0812634854379866,-0.12480012423292877,0.12480012423292877
64363,30,10,Neutral,100.0,1,100.23798487171561,-0.23798487171561078,-0.014270438012040355,0.014270438012040355
64363,52,11,Neutral,100.0,1,101.88267325032783,-1.8826732503278265,-0.11289193183604977,0.11289193183604977
64363,39,12,Neutral,100.0,1,100.81281077034777,-0.8128107703477667,-0.04873908845612441,0.04873908845612441
64363,44,13,Neutral,100.0,0,98.58872476174001,1.4112752382599894,0.0846251934433175,0.0846251934433175
64363,127,14,Neutral,100.0,0,96.61246766458908,3.387532335410924,0.20312875292355353,0.20312875292355353
64363,109,15,Neutral,100.0,1,96.38071117737738,3.6192888226226216,0.21702571435980356,0.21702571435980356
64363,21,16,Neutral,100.0,0,96.10510528291941,3.8948947170805894,0.23355204565247195,0.23355204565247195
64363,89,17,Neutral,100.0,0,94.07565588631955,5.924344113680448,0.35524520876814764,0.35524520876814764
64363,1,18,Neutral,100.0,1,100.98759121519733,-0.9875912151973267,-0.059219559277492485,0.059219559277492485
64363,86,19,Neutral,100.0,0,97.89274860831216,2.1072513916878393,0.12635845356087197,0.12635845356087197
64363,4,20,Neutral,100.0,0,99.27503252678426,0.7249674732157416,0.04347168503901225,0.04347168503901225
64363,33,21,Neutral,100.0,1,96.21099679150103,3.7890032084989684,0.22720240586939686,0.22720240586939686
64363,19,22,Neutral,100.0,0,100.31155038510755,-0.3115503851075516,-0.018681693614615504,0.018681693614615504
64363,95,23,Neutral,100.0,1,95.44001166292588,4.559988337074117,0.2734334768035369,0.2734334768035369
64363,77,24,Neutral,100.0,1,96.13383491431844,3.8661650856815584,0.2318293125180794,0.2318293125180794
64363,10,25,Neutral,98.0,0,97.8251674683766,0.17483253162339452,0.010483594133668957,0.010483594133668957
64363,41,26,Neutral,100.0,1,104.23060232649925,-4.230602326499252,-0.25368229425123207,0.25368229425123207
64363,107,27,Neutral,100.0,1,97.44212282934922,2.5578771706507837,0.1533796133470395,0.1533796133470395
64363,78,28,Neutral,100.0,1,98.53066536775428,1.4693346322457188,0.08810664575966502,0.08810664575966502
64363,56,29,Neutral,100.0,1,104.73322945002623,-4.733229450026229,-0.28382164368867524,0.28382164368867524
64363,117,30,Neutral,100.0,0,98.58226224208511,1.4177377579148924,0.08501270961387095,0.08501270961387095
64363,42,31,Neutral,100.0,1,97.77285040279764,2.227149597202356,0.1335479858080915,0.1335479858080915
64363,96,32,Neutral,100.0,1,90.99658112198316,9.003418878016845,0.5398777244492613,0.5398777244492613
64363,92,33,Neutral,100.0,1,99.87366458034518,0.1263354196548221,0.007575531007129069,0.007575531007129069
64363,62,34,Neutral,100.0,0,92.7549645624489,7.2450354375510955,0.434438661421127,0.434438661421127
64363,85,35,Neutral,100.0,1,97.58586018194919,2.4141398180508133,0.1447605991823752,0.1447605991823752
64363,11,36,Neutral,100.0,1,104.21657539337832,-4.216575393378321,-0.252841188351692,0.252841188351692
64363,119,37,Neutral,100.0,0,93.87777245239232,6.122227547607679,0.3671110187967899,0.3671110187967899
64363,84,38,Neutral,100.0,1,98.39352995020978,1.606470049790218,0.09632978389956585,0.09632978389956585
64363,40,39,Neutral,100.0,1,102.23978872092333,-2.239788720923329,-0.134305873611154,0.134305873611154
64363,61,40,Neutral,100.0,0,94.25881425522768,5.741185744772324,0.3442623671654545,0.3442623671654545
64363,74,41,Neutral,0.0,0,95.10466928615057,-95.10466928615057,-5.702821687445036,5.702821687445036
64363,25,42,Neutral,100.0,0,99.38790934551483,0.6120906544851721,0.03670318066695369,0.03670318066695369
64363,70,43,Neutral,100.0,1,94.1016525958603,5.898347404139699,0.35368635156288125,0.35368635156288125
64363,45,44,Neutral,100.0,0,95.93051120935462,4.06948879064538,0.24402134097412295,0.24402134097412295
64363,46,45,Neutral,100.0,1,94.07090943507902,5.929090564920983,0.35552982323845805,0.35552982323845805
64363,43,46,Neutral,100.0,1,99.02861896763872,0.971381032361279,0.058247537788655615,0.058247537788655615
64363,59,47,Neutral,100.0,0,94.77235062356235,5.227649376437654,0.3134688597529095,0.3134688597529095
64363,126,48,Neutral,100.0,1,96.72890934945123,3.2710906505487714,0.196146486219523,0.196146486219523
64363,108,49,Neutral,100.0,0,95.32432695188552,4.675673048114476,0.2803703526055207,0.2803703526055207
64363,103,50,Neutral,100.0,0,95.72842059045584,4.2715794095441595,0.25613942910728865,0.25613942910728865
64363,53,51,Neutral,100.0,0,93.47058545259745,6.529414547402553,0.391527431478791,0.391527431478791
64363,12,52,Neutral,100.0,1,99.88973131760844,0.11026868239156329,0.006612111036278738,0.006612111036278738
64363,118,53,Neutral,100.0,0,97.634460138049,2.3655398619510066,0.14184636914787557,0.14184636914787557
64363,87,54,Neutral,100.0,0,95.21722572376792,4.782774276232075,0.2867925315694508,0.2867925315694508
64363,47,55,Neutral,100.0,0,100.04583955328366,-0.04583955328365619,-0.0027487062472430555,0.0027487062472430555
64363,98,56,Neutral,100.0,0,92.21171017580534,7.788289824194663,0.4670141692400869,0.4670141692400869
64363,38,57,Neutral,100.0,0,94.15402905801761,5.845970941982387,0.3505456684971145,0.3505456684971145
64363,37,58,Neutral,100.0,1,96.52085724918668,3.479142750813324,0.20862204644609075,0.20862204644609075
64363,122,59,Neutral,100.0,0,93.4485200815557,6.551479918444301,0.39285055133676333,0.39285055133676333
64363,24,60,Neutral,100.0,0,97.28964298400132,2.7103570159986816,0.16252285915689466,0.16252285915689466
64363,104,61,Neutral,99.0,0,97.26913555261122,1.7308644473887824,0.10378892416835031,0.10378892416835031
64363,65,62,Neutral,100.0,1,93.5072755545576,6.492724445442406,0.3893273595922746,0.3893273595922746
64363,71,63,Neutral,100.0,1,93.85321860866513,6.146781391334869,0.3685833565228825,0.3685833565228825
64363,128,64,Neutral,98.0,0,95.57755354731522,2.422446452684781,0.14525869519065576,0.14525869519065576
64369,57,1,Standard,100.0,1,100.72626192064908,-0.7262619206490797,-0.04354930481258916,0.04354930481258916
64369,110,2,Standard,100.0,1,94.49648235409308,5.503517645906925,0.3300109240050207,0.3300109240050207
64369,68,3,Standard,100.0,0,95.12713938665055,4.872860613349445,0.2921944358178076,0.2921944358178076
64369,111,4,Standard,100.0,0,98.99563528767807,1.0043647123219301,0.060225359138787155,0.060225359138787155
64369,82,5,Standard,100.0,1,95.28145573037358,4.71854426962642,0.28294106688948467,0.28294106688948467
64369,8,6,Standard,100.0,0,102.47685871603656,-2.47685871603656,-0.14852145229642785,0.14852145229642785
64369,63,7,Standard,100.0,1,95.34995771120576,4.650042288794239,0.2788334391057498,0.2788334391057498
64369,26,8,Standard,100.0,1,105.95145727226833,-5.951457272268328,-0.3568710123167082,0.3568710123167082
64369,2,9,Standard,100.0,1,97.14622423577687,2.85377576422313,0.17112276864503698,0.17112276864503698
64369,29,10,Standard,88.0,0,100.71622023970436,-12.716220239704356,-0.7625107905808559,0.7625107905808559
64369,102,11,Standard,100.0,0,95.63007595265276,4.36992404734724,0.26203653108468866,0.26203653108468866
64369,58,12,Standard,100.0,1,99.0588038828125,0.9411961171875021,0.05643754054899568,0.05643754054899568
64369,6,13,Standard,100.0,1,99.39194030283754,0.6080596971624601,0.036461469812863426,0.036461469812863426
64369,31,14,Standard,100.0,0,96.37890288536259,3.621097114637408,0.2171341461223717,0.2171341461223717
64369,115,15,Standard,100.0,1,103.52635040966399,-3.5263504096639906,-0.211452789276362,0.211452789276362
64369,123,16,Standard,100.0,1,96.18375674176431,3.816243258235687,0.2288358182725065,0.2288358182725065
64369,112,17,Standard,100.0,1,97.44820048191062,2.551799518089382,0.1530151752064511,0.1530151752064511
64369,49,18,Standard,100.0,0,100.23283286129359,-0.2328328612935877,-0.013961504738950949,0.013961504738950949
64369,100,19,Standard,100.0,0,95.97501197873385,4.024988021266154,0.24135291307643192,0.24135291307643192
64369,66,20,Standard,82.0,0,95.73561873568346,-13.73561873568346,-0.8236376300373605,0.8236376300373605
64369,72,21,Standard,100.0,1,96.27302749686152,3.7269725031384837,0.22348281928681885,0.22348281928681885
64369,75,22,Standard,54.0,0,92.8775263017227,-38.877526301722696,-2.3312378015909396,2.3312378015909396
64369,5,23,Standard,100.0,0,95.09611536412027,4.903884635879734,0.2940547489848213,0.2940547489848213
64369,125,24,Standard,100.0,0,92.67740698848861,7.322593011511387,0.4390892954870065,0.4390892954870065
64369,32,25,Standard,100.0,0,97.67396769322058,2.3260323067794246,0.13947735252501625,0.13947735252501625
64369,90,26,Standard,100.0,1,98.6082616757532,1.391738324246802,0.08345368906002663,0.08345368906002663
64369,50,27,Standard,100.0,0,92.01639369881275,7.983606301187251,0.47872605519972705,0.47872605519972705
64369,27,28,Standard,100.0,0,98.91771867781722,1.08228132218278,0.0648975223024033,0.0648975223024033
64369,121,29,Standard,100.0,1,98.35918672383102,1.6408132761689842,0.09838912859504426,0.09838912859504426
64369,48,30,Standard,96.0,1,104.09274219524843,-8.092742195248434,-0.4852702401298927,0.4852702401298927
64369,35,31,Standard,100.0,0,102.00714987173515,-2.0071498717351517,-0.12035600254330107,0.12035600254330107
64369,28,32,Standard,90.0,0,97.81229416478976,-7.812294164789762,-0.4684535567608685,0.4684535567608685
64369,73,33,Standard,100.0,0,94.01710843906652,5.982891560933481,0.35875592653253574,0.35875592653253574
64369,76,34,Standard,86.0,1,93.59074288496959,-7.590742884969586,-0.455168536656985,0.455168536656985
64369,105,35,Standard,88.0,1,94.55833649088086,-6.558336490880862,-0.39326169634453484,0.39326169634453484
64369,83,36,Standard,94.0,0,97.60342644675488,-3.603426446754881,-0.21607454864110703,0.21607454864110703
64369,116,37,Standard,100.0,0,99.92868481675035,0.07131518324965214,0.004276317627019579,0.004276317627019579
64369,15,38,Standard,100.0,1,100.132486562353,-0.1324865623529945,-0.007944375883463813,0.007944375883463813
64369,36,39,Standard,100.0,0,93.53134171629159,6.4686582837084075,0.3878842650512772,0.3878842650512772
64369,124,40,Standard,100.0,1,96.2058078931293,3.794192106870696,0.22751355107804275,0.22751355107804275
64369,7,41,Standard,100.0,1,102.50015364211384,-2.500153642113844,-0.14991830074391319,0.14991830074391319
64369,16,42,Standard,100.0,0,96.33574205952331,3.6642579404766877,0.21972222613454967,0.21972222613454967
64369,20,43,Standard,100.0,1,94.73170937893389,5.2682906210661145,0.3159058565167024,0.3159058565167024
64369,120,44,Standard,100.0,0,94.54483358604946,5.455166413950536,0.327111608374303,0.327111608374303
64369,3,45,Standard,83.0,1,98.74259748421387,-15.742597484213874,-0.9439833714112519,0.9439833714112519
64369,60,46,Standard,100.0,1,97.4900871047358,2.5099128952641934,0.15050350103888108,0.15050350103888108
64369,67,47,Standard,100.0,1,97.64380418294425,2.356195817055749,0.14128606624921553,0.14128606624921553
64369,69,48,Standard,100.0,1,94.99198763898266,5.008012361017336,0.3002986259010255,0.3002986259010255
64369,114,49,Standard,100.0,0,94.92139421552805,5.0786057844719465,0.30453166418704974,0.30453166418704974
64369,79,50,Standard,100.0,0,96.12726882128787,3.8727311787121295,0.23222303932473973,0.23222303932473973
64369,101,51,Standard,100.0,1,99.63678290875538,0.3632170912446213,0.02177981712935904,0.02177981712935904
64369,99,52,Standard,100.0,1,94.20803571060762,5.791964289392382,0.3473072332870628,0.3473072332870628
64369,51,53,Standard,100.0,0,95.11623783167519,4.883762168324807,0.2928481326826094,0.2928481326826094
64369,80,54,Standard,100.0,1,99.14114637481993,0.8588536251800747,0.051499985403250494,0.051499985403250494
64369,23,55,Standard,100.0,0,97.18022761154523,2.8197723884547656,0.1690838026275566,0.1690838026275566
64369,17,56,Standard,100.0,1,102.10732682650422,-2.10732682650422,-0.12636297690667692,0.12636297690667692
64369,91,57,Standard,100.0,0,93.5208818997227,6.479118100277304,0.3885114736754545,0.3885114736754545
64369,106,58,Standard,100.0,1,94.41935915595346,5.580640844046542,0.33463551131768354,0.33463551131768354
64369,22,59,Standard,100.0,1,103.26940696336057,-3.2694069633605665,-0.1960455262153104,0.1960455262153104
64369,64,60,Standard,100.0,0,95.48349979879694,4.516500201203058,0.2708257700920417,0.2708257700920417
64369,18,61,Standard,100.0,0,97.33459417049727,2.665405829502731,0.15982742261156382,0.15982742261156382
64369,81,62,Standard,100.0,0,94.84323193307151,5.1567680669284925,0.3092185587725536,0.3092185587725536
64369,113,63,Standard,100.0,1,100.31324998694863,-0.3132499869486338,-0.018783607919266334,0.018783607919266334
64369,13,64,Standard,100.0,0,94.56196877997051,5.438031220029487,0.3260841198582815,0.3260841198582815
64386,111,1,Standard,80.0,0,60.27845622625043,19.721543773749573,1.1825754548858274,1.1825754548858274
64386,66,2,Standard,54.0,1,57.67452713858502,-3.6745271385850202,-0.22033800458291022,0.22033800458291022
64386,5,3,Standard,62.0,1,57.122502095599074,4.877497904400926,0.2924725046463717,0.2924725046463717
64386,28,4,Standard,50.0,0,60.188594210577506,-10.188594210577506,-0.6109451456461726,0.6109451456461726
64386,101,5,Standard,100.0,1,62.80038791173819,37.19961208826181,2.2306239659294502,2.2306239659294502
64386,115,6,Standard,100.0,1,65.07160633396805,34.92839366603195,2.0944334531771673,2.0944334531771673
64386,116,7,Standard,100.0,0,62.39246319111531,37.60753680888469,2.255084615034004,2.255084615034004
64386,106,8,Standard,71.0,1,57.75792081609072,13.242079183909283,0.7940432044366446,0.7940432044366446
64386,110,9,Standard,71.0,1,55.34191164977929,15.658088350220709,0.9389158965360345,0.9389158965360345
64386,3,10,Standard,75.0,1,61.42507168002191,13.574928319978092,0.8140020485824488,0.8140020485824488
64386,29,11,Standard,71.0,0,61.82408452112226,9.17591547887774,0.5502212476830182,0.5502212476830182
64386,64,12,Standard,66.0,0,58.73458313035699,7.265416869643012,0.43566080617834446,0.43566080617834446
64386,105,13,Standard,50.0,0,56.6722015509369,-6.672201550936897,-0.4000894592588458,0.4000894592588458
64386,51,14,Standard,54.0,0,57.9736686846377,-3.973668684637701,-0.23827561910015552,0.23827561910015552
64386,124,15,Standard,50.0,0,58.45089044605118,-8.450890446051183,-0.5067461111605052,0.5067461111605052
64386,99,16,Standard,90.0,1,56.93424907070426,33.06575092929574,1.9827426237494257,1.9827426237494257
64386,16,17,Standard,40.0,1,58.58082461244521,-18.580824612445213,-1.114173787321037,1.114173787321037
64386,68,18,Standard,48.0,0,55.62265536802782,-7.6226553680278215,-0.45708212514691654,0.45708212514691654
64386,80,19,Standard,100.0,1,61.823620570627966,38.176379429372034,2.2891944863705804,2.2891944863705804
64386,114,20,Standard,53.0,0,57.34143342560441,-4.341433425604407,-0.26032812983811093,0.26032812983811093
64386,90,21,Standard,56.0,1,59.97856094290279,-3.9785609429027886,-0.23856897668968435,0.23856897668968435
64386,22,22,Standard,100.0,1,66.03935948774584,33.96064051225416,2.036403456176158,2.036403456176158
64386,82,23,Standard,50.0,1,55.64575421888502,-5.645754218885017,-0.3385399459680406,0.3385399459680406
64386,7,24,Standard,100.0,1,64.39532288072681,35.60467711927319,2.1349858674061712,2.1349858674061712
64386,75,25,Standard,74.0,1,53.897912254563366,20.102087745436634,1.2053942547518344,1.2053942547518344
64386,32,26,Standard,56.0,0,58.781831974638465,-2.7818319746384645,-0.16680875749710947,0.16680875749710947
64386,17,27,Standard,58.0,1,64.52736603658056,-6.52736603658056,-0.3914045953233181,0.3914045953233181
64386,15,28,Standard,50.0,0,61.721481650945655,-11.721481650945655,-0.7028626488030507,0.7028626488030507
64386,13,29,Standard,26.0,1,57.24444297577855,-31.244442975778547,-1.8735303781804638,1.8735303781804638
64386,27,30,Standard,50.0,1,59.98184379494649,-9.981843794946492,-0.5985476391620139,0.5985476391620139
64386,79,31,Standard,50.0,1,58.10991638847807,-8.10991638847807,-0.4863000671862242,0.4863000671862242
64386,23,32,Standard,49.0,1,59.33783183588988,-10.33783183588988,-0.6198939761568333,0.6198939761568333
64386,31,33,Standard,57.0,0,56.69946220958542,0.3005377904145803,0.01802133840470296,0.01802133840470296
64386,58,34,Standard,69.0,1,59.24814571416946,9.75185428583054,0.5847566321555652,0.5847566321555652
64386,50,35,Standard,50.0,0,52.81808383021034,-2.818083830210341,-0.16898255053710617,0.16898255053710617
64386,123,36,Standard,50.0,1,56.460576901698516,-6.460576901698516,-0.38739967600915703,0.38739967600915703
64386,18,37,Standard,54.0,1,59.535937559130545,-5.535937559130545,-0.3319549398522392,0.3319549398522392
64386,76,38,Standard,1.0,1,54.56738967352163,-53.56738967352163,-3.212095408805171,3.212095408805171
64386,113,39,Standard,64.0,1,62.5145933755819,1.485406624418097,0.08907038083396839,0.08907038083396839
64386,91,40,Standard,50.0,0,55.41605113833566,-5.416051138335661,-0.3247661142596477,0.3247661142596477
64386,100,41,Standard,49.0,0,56.16435381009083,-7.16435381009083,-0.4296006977510744,0.4296006977510744
64386,8,42,Standard,50.0,0,62.05385224735292,-12.053852247352921,-0.722792797971199,0.722792797971199
64386,67,43,Standard,52.0,1,58.97036428580521,-6.970364285805211,-0.41796838069937864,0.41796838069937864
64386,6,44,Standard,53.0,1,59.18762965559699,-6.187629655596993,-0.3710327669364514,0.3710327669364514
64386,121,45,Standard,54.0,1,58.81096354091967,-4.810963540919673,-0.28848286235152704,0.28848286235152704
64386,36,46,Standard,50.0,1,54.37677101197779,-4.376771011977787,-0.26244709997348603,0.26244709997348603
64386,73,47,Standard,50.0,0,54.556363584732416,-4.556363584732416,-0.27321612347671265,0.27321612347671265
64386,20,48,Standard,50.0,1,55.664617003197314,-5.664617003197314,-0.3396710270839226,0.3396710270839226
64386,49,49,Standard,51.0,1,60.02852221405304,-9.02852221405304,-0.5413830117316732,0.5413830117316732
64386,63,50,Standard,50.0,1,54.62077709250183,-4.620777092501832,-0.2770785915535069,0.2770785915535069
64386,83,51,Standard,50.0,1,58.098942428132155,-8.098942428132155,-0.48564202863220174,0.48564202863220174
64386,2,52,Standard,50.0,1,56.417043617072935,-6.417043617072935,-0.38478926201421937,0.38478926201421937
64386,48,53,Standard,52.0,1,64.23834486231678,-12.23834486231678,-0.7338556458175408,0.7338556458175408
64386,57,54,Standard,50.0,1,59.559689659058975,-9.559689659058975,-0.5732337425925367,0.5732337425925367
64386,120,55,Standard,50.0,0,55.21530622458121,-5.215306224581212,-0.31272871949873804,0.31272871949873804
64386,26,56,Standard,54.0,1,65.00358083212132,-11.003580832121315,-0.6598147060494957,0.6598147060494957
64386,69,57,Standard,50.0,1,55.74993860609164,-5.749938606091639,-0.3447872205478768,0.3447872205478768
64386,102,58,Standard,50.0,0,54.725938676794364,-4.725938676794364,-0.28338446242284454,0.28338446242284454
64386,112,59,Standard,49.0,1,56.762759027495285,-7.762759027495285,-0.46548324986243894,0.46548324986243894
64386,81,60,Standard,54.0,0,56.082313707355254,-2.0823137073552545,-0.12486309935677263,0.12486309935677263
64386,35,61,Standard,50.0,0,61.8465783887832,-11.8465783887832,-0.7103639039456566,0.7103639039456566
64386,125,62,Standard,50.0,0,52.16692219122775,-2.166922191227748,-0.12993653161190338,0.12993653161190338
64386,60,63,Standard,51.0,1,57.89812475753587,-6.898124757535868,-0.41363663598487177,0.41363663598487177
64386,72,64,Standard,50.0,1,55.54384687815758,-5.543846878157581,-0.33242921137243747,0.33242921137243747
64388,79,1,Standard,100.0,1,62.70105299555937,37.29894700444063,2.2365804485980423,2.2365804485980423
64388,76,2,Standard,65.0,0,59.42096126633463,5.579038733665371,0.3345394429553623,0.3345394429553623
64388,16,3,Standard,100.0,0,62.47213459090868,37.52786540909132,2.250307228287159,2.250307228287159
64388,73,4,Standard,96.0,0,59.71610932756572,36.28389067243428,2.1757139810776387,2.1757139810776387
64388,112,5,Standard,99.0,1,62.40363557750335,36.59636442249665,2.194451043011489,2.194451043011489
64388,120,6,Standard,90.0,0,60.6374869531462,29.3625130468538,1.7606830185978064,1.7606830185978064
64388,81,7,Standard,27.0,0,61.6794510930747,-34.6794510930747,-2.0795059515661007,2.0795059515661007
64388,28,8,Standard,81.0,0,63.2925992318459,17.707400768154102,1.061800118615369,1.061800118615369
64388,17,9,Standard,86.0,1,68.5936326721985,17.406367327801505,1.0437490592386345,1.0437490592386345
64388,3,10,Standard,91.0,1,64.70403335844476,26.29596664155524,1.5768017488667114,1.5768017488667114
64388,113,11,Standard,95.0,1,67.01825165408597,27.981748345914028,1.6778873478817256,1.6778873478817256
64388,23,12,Standard,96.0,0,63.49157680008504,32.50842319991496,1.949323227141629,1.949323227141629
64388,82,13,Standard,36.0,1,59.36210754019402,-23.362107540194017,-1.4008768922141974,1.4008768922141974
64388,99,14,Standard,16.0,1,60.30068907770435,-44.30068907770435,-2.6564303554955093,2.6564303554955093
64388,100,15,Standard,72.0,0,60.58053376001767,11.419466239982327,0.6847527068989143,0.6847527068989143
64388,2,16,Standard,82.0,0,61.270615209885925,20.729384790114075,1.2430092658517955,1.2430092658517955
64388,26,17,Standard,86.0,1,69.98836991780016,16.011630082199844,0.9601155439527265,0.9601155439527265
64388,115,18,Standard,81.0,1,67.82569804092752,13.17430195907248,0.7899790356569688,0.7899790356569688
64388,32,19,Standard,36.0,0,62.36696780308163,-26.36696780308163,-1.581059236609697,1.581059236609697
64388,58,20,Standard,68.0,1,63.139455692632936,4.860544307367064,0.2914559053398328,0.2914559053398328
64388,111,21,Standard,53.0,0,62.68263461890096,-9.682634618900963,-0.5806059693045542,0.5806059693045542
64388,64,22,Standard,64.0,0,61.576153165893686,2.423846834106314,0.14534266715124775,0.14534266715124775
64388,124,23,Standard,39.0,1,61.37993881016513,-22.37993881016513,-1.341982484858798,1.341982484858798
64388,15,24,Standard,78.0,1,65.17539998652296,12.824600013477038,0.7690096357899339,0.7690096357899339
64388,69,25,Standard,75.0,1,60.428553541750176,14.571446458249824,0.8737568986179345,0.8737568986179345
64388,48,26,Standard,73.0,1,68.69826397653225,4.301736023467754,0.25794772930110915,0.25794772930110915
64388,116,27,Standard,74.0,0,64.79664158376588,9.203358416234124,0.5518668259653241,0.5518668259653241
64388,49,28,Standard,73.0,0,64.22600634253682,8.77399365746318,0.5261205542362649,0.5261205542362649
64388,90,29,Standard,62.0,1,62.90760930701673,-0.9076093070167275,-0.05442355331901342,0.05442355331901342
64388,75,30,Standard,72.0,0,56.95817811154314,15.041821888456859,0.9019623192850836,0.9019623192850836
64388,114,31,Standard,54.0,0,60.1392642968525,-6.139264296852502,-0.3681326042121665,0.3681326042121665
64388,67,32,Standard,72.0,1,62.73045677140283,9.269543228597172,0.5558355079044603,0.5558355079044603
64388,27,33,Standard,74.0,0,63.1295879805035,10.870412019496499,0.6518294199596706,0.6518294199596706
64388,5,34,Standard,69.0,0,59.04554968107485,9.954450318925147,0.5969050267611549,0.5969050267611549
64388,50,35,Standard,61.0,0,56.0970455086332,4.902954491366799,0.29399897413863724,0.29399897413863724
64388,91,36,Standard,66.0,0,58.86996947391298,7.130030526087019,0.4275425488728913,0.4275425488728913
64388,101,37,Standard,73.0,1,64.67969633292536,8.32030366707464,0.4989156531942372,0.4989156531942372
64388,20,38,Standard,31.0,1,59.38097032450632,-28.380970324506322,-1.7018261489385986,1.7018261489385986
64388,72,39,Standard,54.0,1,59.91628766379582,-5.916287663795821,-0.35476211474688957,0.35476211474688957
64388,22,40,Standard,69.0,1,68.53101620897363,0.4689837910263748,0.028121972923098888,0.028121972923098888
64388,66,41,Standard,24.0,0,59.2476614097519,-35.2476614097519,-2.11357790766772,2.11357790766772
64388,63,42,Standard,32.0,1,58.24965208523359,-26.249652085233592,-1.5740245597106166,1.5740245597106166
64388,102,43,Standard,19.0,0,58.660987819546435,-39.660987819546435,-2.3782170021776183,2.3782170021776183
64388,105,44,Standard,62.0,0,58.59524913641269,3.40475086358731,0.20416123846445514,0.20416123846445514
64388,121,45,Standard,75.0,1,62.08992521934253,12.910074780657467,0.7741350135412537,0.7741350135412537
64388,123,46,Standard,66.0,1,59.30214693723522,6.6978530627647785,0.401627617154413,0.401627617154413
64388,106,47,Standard,66.0,1,59.33105508725759,6.668944912742411,0.39989417939442823,0.39989417939442823
64388,6,48,Standard,61.0,1,62.29163467686538,-1.2916346768653781,-0.07745111047409524,0.07745111047409524
64388,83,49,Standard,5.0,0,61.46538243513224,-56.46538243513224,-3.3858695893477284,3.3858695893477284
64388,18,50,Standard,4.0,1,62.24629010180142,-58.24629010180142,-3.492659286857324,3.492659286857324
64388,35,51,Standard,69.0,1,65.56293171009222,3.437068289907785,0.20609910882440863,0.20609910882440863
64388,31,52,Standard,38.0,0,59.147379766524594,-21.147379766524594,-1.2680737640999808,1.2680737640999808
64388,68,53,Standard,27.0,0,57.370746296349154,-30.370746296349154,-1.8211403492881155,1.8211403492881155
64388,57,54,Standard,33.0,1,62.838651337481835,-29.838651337481835,-1.7892340013244976,1.7892340013244976
64388,110,55,Standard,66.0,1,56.60887177092586,9.391128229074141,0.5631261865093335,0.5631261865093335
64388,51,56,Standard,41.0,0,59.415585462938715,-18.415585462938715,-1.1042654472522087,1.1042654472522087
64388,36,57,Standard,62.0,0,57.174601883225876,4.8253981167741244,0.2893484119911999,0.2893484119911999
64388,29,58,Standard,65.0,1,63.04730547798021,1.9526945220197902,0.11709066182254436,0.11709066182254436
64388,60,59,Standard,65.0,1,61.352043093113174,3.647956906886826,0.21874475690426057,0.21874475690426057
64388,80,60,Standard,0.0,0,63.30927651321761,-63.30927651321761,-3.7962543566576286,3.7962543566576286
64388,7,61,Standard,79.0,1,66.0559354804709,12.944064519529107,0.7761731618408346,0.7761731618408346
64388,125,62,Standard,38.0,0,55.4458838696506,-17.4458838696506,-1.0461186147353454,1.0461186147353454
64388,8,63,Standard,78.0,0,64.41429147571488,13.585708524285124,0.8146484688200532,0.8146484688200532
64388,13,64,Standard,69.0,1,58.99253390409987,10.007466095900128,0.6000840454673761,0.6000840454673761
64392,24,1,Neutral,50.0,0,53.02774329761752,-3.027743297617519,-0.18155449434052093,0.18155449434052093
64392,117,2,Neutral,50.0,0,52.964448462754234,-2.964448462754234,-0.1777591059576904,0.1777591059576904
64392,56,3,Neutral,50.0,1,59.02793734211814,-9.027937342118143,-0.5413479406843761,0.5413479406843761
64392,85,4,Neutral,50.0,0,52.09926389548419,-2.0992638954841922,-0.1258794942529805,0.1258794942529805
64392,52,5,Neutral,50.0,1,55.30259785664744,-5.302597856647438,-0.3179630430731352,0.3179630430731352
64392,54,6,Neutral,51.0,1,53.730218279716325,-2.7302182797163255,-0.1637138127275154,0.1637138127275154
64392,44,7,Neutral,50.0,1,52.00864936805962,-2.008649368059622,-0.12044591779376795,0.12044591779376795
64392,77,8,Neutral,51.0,1,49.991151163524194,1.0088488364758064,0.060494243523390605,0.060494243523390605
64392,108,9,Neutral,49.0,0,50.231383144018054,-1.2313831440180536,-0.07383820954291492,0.07383820954291492
64392,119,10,Neutral,50.0,1,48.21621950877285,1.783780491227148,0.10696196251315813,0.10696196251315813
64392,30,11,Neutral,50.0,1,53.35173532801491,-3.351735328014911,-0.20098223423361009,0.20098223423361009
64392,94,12,Neutral,50.0,1,58.48231594894721,-8.48231594894721,-0.5086304985496787,0.5086304985496787
64392,14,13,Neutral,50.0,1,53.13830997113395,-3.1383099711339497,-0.18818447400788071,0.18818447400788071
64392,42,14,Neutral,50.0,1,51.67390581629202,-1.6739058162920202,-0.10037347759623233,0.10037347759623233
64392,95,15,Neutral,50.0,0,48.9474145978227,1.0525854021773,0.06311684699059139,0.06311684699059139
64392,128,16,Neutral,50.0,0,50.83452305375666,-0.8345230537566621,-0.05004103589611444,0.05004103589611444
64392,126,17,Neutral,50.0,1,51.24231306298623,-1.2423130629862271,-0.07449360721583226,0.07449360721583226
64392,71,18,Neutral,50.0,1,48.97897062224072,1.0210293777592767,0.06122463305649747,0.06122463305649747
64392,98,19,Neutral,49.0,0,46.98754887507202,2.0124511249279777,0.12067388495544347,0.12067388495544347
64392,46,20,Neutral,50.0,1,48.32187816288232,1.6781218371176791,0.10062628553068764,0.10062628553068764
64392,55,21,Neutral,52.0,1,56.36435328945713,-4.364353289457128,-0.2617024881912146,0.2617024881912146
64392,122,22,Neutral,51.0,0,48.224358780822385,2.775641219177615,0.16643753729552738,0.16643753729552738
64392,21,23,Neutral,50.0,0,48.95642075348703,1.0435792465129694,0.06257680515848621,0.06257680515848621
64392,109,24,Neutral,50.0,1,49.14454831936777,0.8554516806322283,0.051295992441679164,0.051295992441679164
64392,53,25,Neutral,50.0,0,47.76529334468937,2.2347066553106316,0.13400113448308965,0.13400113448308965
64392,86,26,Neutral,50.0,1,50.74406407887976,-0.7440640788797594,-0.044616786933112475,0.044616786933112475
64392,4,27,Neutral,50.0,0,52.12634799735186,-2.126347997351857,-0.12750355545497222,0.12750355545497222
64392,40,28,Neutral,50.0,1,55.87840914868602,-5.878409148686018,-0.3524907812878934,0.3524907812878934
64392,38,29,Neutral,50.0,0,48.536215278686754,1.463784721313246,0.08777385292555226,0.08777385292555226
64392,84,30,Neutral,50.0,1,51.90093288510663,-1.9009328851066272,-0.11398684591338135,0.11398684591338135
64392,1,31,Neutral,50.0,1,53.57647170003327,-3.5764717000332666,-0.21445824404389424,0.21445824404389424
64392,11,32,Neutral,50.0,1,57.54902167112069,-7.549021671120691,-0.45266678101291524,0.45266678101291524
64392,34,33,Neutral,50.0,1,54.99069467702614,-4.990694677026141,-0.2992601946170246,0.2992601946170246
64392,93,34,Neutral,50.0,0,49.579114478514974,0.420885521485026,0.025237825838336093,0.025237825838336093
64392,104,35,Neutral,50.0,0,51.56384344470314,-1.5638434447031386,-0.09377373770564727,0.09377373770564727
64392,74,36,Neutral,50.0,0,48.48085472818157,1.5191452718184308,0.09109347277618182,0.09109347277618182
64392,65,37,Neutral,51.0,1,47.75824428236089,3.2417557176391085,0.19438745700620833,0.19438745700620833
64392,33,38,Neutral,51.0,0,48.624920619182504,2.375079380817496,0.14241839337642237,0.14241839337642237
64392,45,39,Neutral,50.0,0,49.30669665138562,0.6933033486143785,0.04157298902496795,0.04157298902496795
64392,107,40,Neutral,51.0,1,50.031003314185156,0.9689966858148438,0.05810456370234148,0.05810456370234148
64392,61,41,Neutral,50.0,1,47.37256471152699,2.6274352884730092,0.15755057094388392,0.15755057094388392
64392,88,42,Neutral,48.0,0,49.69518416346709,-1.6951841634670899,-0.10164940464223114,0.10164940464223114
64392,96,43,Neutral,50.0,1,43.672939935396315,6.327060064603685,0.3793935211069986,0.3793935211069986
64392,9,44,Neutral,50.0,0,53.70788235592438,-3.707882355924383,-0.2223381046648529,0.2223381046648529
64392,39,45,Neutral,50.0,1,52.52690796941138,-2.5269079694113827,-0.15152258746390945,0.15152258746390945
64392,12,46,Neutral,50.0,1,53.30965592392805,-3.309655923928048,-0.1984590002008067,0.1984590002008067
64392,97,47,Neutral,50.0,1,49.32003047636964,0.679969523630362,0.04077344440884973,0.04077344440884973
64392,127,48,Neutral,51.0,0,48.28282569936408,2.717174300635918,0.1629316483254027,0.1629316483254027
64392,37,49,Neutral,50.0,1,50.071999348372124,-0.07199934837212396,-0.004317342654786474,0.004317342654786474
64392,87,50,Neutral,50.0,1,48.54967200151031,1.4503279984896906,0.08696693890822668,0.08696693890822668
64392,92,51,Neutral,50.0,1,52.243849243738026,-2.243849243738026,-0.13454935731961787,0.13454935731961787
64392,89,52,Neutral,50.0,1,45.702274756805934,4.297725243194066,0.2577072283362244,0.2577072283362244
64392,59,53,Neutral,50.0,1,47.667405258418555,2.3325947415814454,0.1398708599709946,0.1398708599709946
64392,10,54,Neutral,51.0,1,49.71422132459468,1.285778675405318,0.07709996333927202,0.07709996333927202
64392,25,55,Neutral,50.0,0,51.97678983035077,-1.9767898303507678,-0.11853550409944806,0.11853550409944806
64392,103,56,Neutral,50.0,0,48.623475225312056,1.3765247746879439,0.0825414293253733,0.0825414293253733
64392,62,57,Neutral,51.0,0,44.90645340439869,6.09354659560131,0.36539120465573693,0.36539120465573693
64392,43,58,Neutral,51.0,1,51.66123861676326,-0.6612386167632565,-0.039650271143971995,0.039650271143971995
64392,78,59,Neutral,51.0,1,50.332240895395124,0.6677591046048761,0.04004126329772238,0.04004126329772238
64392,19,60,Neutral,52.0,0,51.806951762728104,0.19304823727189557,0.011575874060660032,0.011575874060660032
64392,47,61,Neutral,52.0,0,52.94089418813988,-0.9408941881398789,-0.05641943578575136,0.05641943578575136
64392,70,62,Neutral,55.0,1,46.42809809496454,8.57190190503546,0.5140023981325834,0.5140023981325834
64392,118,63,Neutral,51.0,0,50.35455811575078,0.6454418842492231,0.038703041639385344,0.038703041639385344
64392,41,64,Neutral,52.0,1,55.726003704119805,-3.7260037041198046,-0.2234247265759565,0.2234247265759565
64438,100,1,Standard,62.0,0,68.4864307993881,-6.486430799388103,-0.3889499696966892,0.3889499696966892
64438,101,2,Standard,79.0,1,73.5041158223567,5.495884177643305,0.32955319349934786,0.32955319349934786
64438,75,3,Standard,58.0,1,65.43268428666556,-7.4326842866655625,-0.44569076854043455,0.44569076854043455
64438,5,4,Standard,66.0,0,67.65127334906313,-1.651273349063132,-0.09901635258941537,0.09901635258941537
64438,57,5,Standard,66.0,1,72.27541912695378,-6.2754191269537785,-0.37629694276441694,0.37629694276441694
64438,69,6,Standard,61.0,1,68.55314640256367,-7.553146402563669,-0.452914114904137,0.452914114904137
64438,113,7,Standard,67.0,1,74.48675705057023,-7.486757050570233,-0.44893316802523625,0.44893316802523625
64438,3,8,Standard,56.0,1,72.0850604263518,-16.085060426351802,-0.9645186943163157,0.9645186943163157
64438,60,9,Standard,87.0,1,70.83255004687375,16.16744995312625,0.9694590698376686,0.9694590698376686
64438,121,10,Standard,65.0,1,70.91434470877387,-5.914344708773868,-0.3546456081008953,0.3546456081008953
64438,83,11,Standard,55.0,1,70.42101941742942,-15.42101941742942,-0.924700381551446,0.924700381551446
64438,16,12,Standard,100.0,0,69.37203085164096,30.627969148359043,1.8365643665310005,1.8365643665310005
64438,120,13,Standard,72.0,1,67.6248615424557,4.3751384575442955,0.2623492060751198,0.2623492060751198
64438,2,14,Standard,62.0,0,68.65164227779297,-6.651642277792973,-0.39885665050567615,0.39885665050567615
64438,125,15,Standard,64.0,1,64.79517333054531,-0.7951733305453104,-0.0476814834513289,0.0476814834513289
64438,17,16,Standard,84.0,1,75.58100726150799,8.418992738492008,0.504833408663208,0.504833408663208
64438,66,17,Standard,71.0,1,67.59095009200847,3.4090499079915304,0.2044190247944818,0.2044190247944818
64438,114,18,Standard,75.0,0,68.0014221719343,6.998577828065706,0.4196601672529778,0.4196601672529778
64438,23,19,Standard,63.0,1,70.47895138939454,-7.478951389394538,-0.4484651122066132,0.4484651122066132
64438,64,20,Standard,46.0,0,68.95718023380073,-22.957180233800727,-1.376595978962816,1.376595978962816
64438,102,21,Standard,68.0,0,66.91679817322577,1.0832018267742285,0.06495271910385277,0.06495271910385277
64438,18,22,Standard,58.0,0,70.76453544121244,-12.764535441212445,-0.7654079456949185,0.7654079456949185
64438,22,23,Standard,40.0,0,76.5681307412099,-36.5681307412099,-2.1927580488486678,2.1927580488486678
64438,13,24,Standard,76.0,1,68.03564921497428,7.964350785025715,0.47757142445453665,0.47757142445453665
64438,90,25,Standard,90.0,1,70.376114703501,19.623885296498997,1.1767194975894326,1.1767194975894326
64438,32,26,Standard,59.0,0,69.35434239239113,-10.354342392391132,-0.6208840091425307,0.6208840091425307
64438,115,27,Standard,88.0,1,74.7255943016598,13.274405698340203,0.7959816197527367,0.7959816197527367
64438,29,28,Standard,98.0,1,71.65302914596847,26.346970854031525,1.5798601468533093,1.5798601468533093
64438,76,29,Standard,59.0,0,65.53355256987183,-6.53355256987183,-0.3917755623482641,0.3917755623482641
64438,112,30,Standard,67.0,1,68.6037052096178,-1.6037052096178002,-0.09616399403229717,0.09616399403229717
64438,8,31,Standard,58.0,0,73.10749347228037,-15.107493472280368,-0.9059002261753408,0.9059002261753408
64438,110,32,Standard,57.0,1,64.9084212888938,-7.9084212888938055,-0.47421768855594204,0.47421768855594204
64438,82,33,Standard,57.0,1,65.78087299375153,-8.78087299375153,-0.526533064247339,0.526533064247339
64438,124,34,Standard,54.0,0,68.19235674232016,-14.192356742320158,-0.8510253012135377,0.8510253012135377
64438,31,35,Standard,54.0,0,67.18449429876085,-13.184494298760853,-0.7905902053950788,0.7905902053950788
64438,51,36,Standard,57.0,0,67.58391748804084,-10.58391748804084,-0.6346501664111,0.6346501664111
64438,63,37,Standard,64.0,1,65.76189664600648,-1.7618966460064769,-0.10564972760328598,0.10564972760328598
64438,81,38,Standard,63.0,0,67.61708573945745,-4.617085739457451,-0.2768572446064482,0.2768572446064482
64438,15,39,Standard,73.0,1,71.81286126152355,1.187138738476449,0.07118515415284145,0.07118515415284145
64438,48,40,Standard,89.0,1,75.37946441582145,13.620535584178555,0.8167368259318646,0.8167368259318646
64438,80,41,Standard,66.0,1,71.4338693740311,-5.433869374031104,-0.3258345604434018,0.3258345604434018
64438,28,42,Standard,80.0,0,69.09901638536279,10.900983614637212,0.6536626039357768,0.6536626039357768
64438,68,43,Standard,65.0,0,65.10168667856512,-0.10168667856511604,-0.00609750289021659,0.00609750289021659
64438,49,44,Standard,76.0,0,70.81972845324879,5.180271546751214,0.3106279128607336,0.3106279128607336
64438,7,45,Standard,95.0,1,74.04931084841854,20.950689151581457,1.2562794798336672,1.2562794798336672
64438,20,46,Standard,64.0,1,66.32460574952721,-2.3246057495272083,-0.13939181096646414,0.13939181096646414
64438,26,47,Standard,84.0,1,75.96974372847151,8.030256271528486,0.48152335699970716,0.48152335699970716
64438,105,48,Standard,40.0,1,65.71384121858803,-25.71384121858803,-1.541895392408838,1.541895392408838
64438,6,49,Standard,18.0,1,69.54144425190658,-51.54144425190658,-3.09061235676696,3.09061235676696
64438,67,50,Standard,85.0,1,69.23670055353757,15.763299446462426,0.9452247363218272,0.9452247363218272
64438,79,51,Standard,80.0,1,67.80764352045843,12.192356479541573,0.7310980152129711,0.7310980152129711
64438,58,52,Standard,100.0,1,69.03335117472706,30.96664882527294,1.856872831100602,1.856872831100602
64438,116,53,Standard,82.0,1,70.95297205159169,11.047027948408314,0.6624199530776195,0.6624199530776195
64438,36,54,Standard,89.0,1,64.59936811542153,24.400631884578473,1.4631505870658736,1.4631505870658736
64438,35,55,Standard,88.0,0,72.68152379226757,15.31847620773243,0.9185515179409673,0.9185515179409673
64438,27,56,Standard,97.0,1,69.41713594119516,27.582864058804844,1.6539687960337297,1.6539687960337297
64438,50,57,Standard,10.0,0,62.42833263361348,-52.42833263361348,-3.143793408081311,3.143793408081311
64438,123,58,Standard,96.0,1,66.07082570510165,29.929174294898345,1.7946620869131589,1.7946620869131589
64438,106,59,Standard,35.0,0,66.09973385512401,-31.099733855124015,-1.8648530932707528,1.8648530932707528
64438,91,60,Standard,87.0,1,65.11377827031603,21.886221729683967,1.3123774139914728,1.3123774139914728
64438,73,61,Standard,9.0,0,64.51652570244445,-55.516525702444454,-3.328972690446066,3.328972690446066
64438,99,62,Standard,91.0,1,65.49475793118063,25.50524206881937,1.5293870291054126,1.5293870291054126
64438,72,63,Standard,90.0,1,66.16009646019887,23.839903539801128,1.429527277197248,1.429527277197248
64438,111,64,Standard,95.0,0,68.09539929382032,26.90460070617968,1.6132976598404907,1.6132976598404907
64450,9,1,Neutral,92.0,0,92.93823782994548,-0.9382378299454786,-0.056260150892229785,0.056260150892229785
64450,70,2,Neutral,90.0,0,86.5725631302431,3.427436869756903,0.20552157386077732,0.20552157386077732
64450,74,3,Neutral,90.0,0,86.59154114941775,3.4084588505822495,0.2043835828436557,0.2043835828436557
64450,89,4,Neutral,90.0,1,84.46904864237133,5.530951357628666,0.3316559490847372,0.3316559490847372
64450,43,5,Neutral,90.0,0,91.49952950202152,-1.4995295020215167,-0.08991723991344833,0.08991723991344833
64450,122,6,Neutral,90.0,1,86.27375681905087,3.726243180949126,0.22343908647717003,0.22343908647717003
64450,33,7,Neutral,90.0,0,87.5009498900912,2.4990501099087936,0.1498521289414245,0.1498521289414245
64450,61,8,Neutral,90.0,1,86.16552854266192,3.8344714573380827,0.22992884735240834,0.22992884735240834
64450,47,9,Neutral,90.0,0,92.5649021407585,-2.5649021407585053,-0.1538008560913198,0.1538008560913198
64450,21,10,Neutral,90.0,0,86.87460129884964,3.1253987011503597,0.18741026732562693,0.18741026732562693
64450,77,11,Neutral,90.0,1,87.38004884862,2.6199511513799933,0.1571017948780375,0.1571017948780375
64450,45,12,Neutral,90.0,0,87.15494808689012,2.8450519131098844,0.17059965482002626,0.17059965482002626
64450,71,13,Neutral,90.0,0,86.71778162164546,3.2822183783545427,0.1968137452294019,0.1968137452294019
64450,127,14,Neutral,90.0,0,86.43725128488887,3.562748715111127,0.2136353639832424,0.2136353639832424
64450,59,15,Neutral,90.0,1,86.67906491099657,3.3209350890034273,0.1991353399398642,0.1991353399398642
64450,65,16,Neutral,90.0,0,86.19688191038347,3.8031180896165324,0.22804878545051668,0.22804878545051668
64450,24,17,Neutral,90.0,0,89.67748807861031,0.3225119213896903,0.019338987176610985,0.019338987176610985
64450,109,18,Neutral,90.0,0,86.92709848306112,3.0729015169388845,0.18426234532665317,0.18426234532665317
64450,107,19,Neutral,90.0,1,88.46964094220772,1.5303590577922819,0.0917658921466507,0.0917658921466507
64450,19,20,Neutral,90.0,0,90.90608974388334,-0.9060897438833422,-0.05433243478973871,0.05433243478973871
64450,104,21,Neutral,90.0,0,88.84348574445562,1.15651425554438,0.06934879883251202,0.06934879883251202
64450,12,22,Neutral,90.0,1,91.87951104481648,-1.879511044816482,-0.11270231449858767,0.11270231449858767
64450,4,23,Neutral,90.0,0,89.82141983246797,0.17858016753203287,0.010708316005863543,0.010708316005863543
64450,40,24,Neutral,90.0,1,93.57348098380213,-3.5734809838021278,-0.21427890982705766,0.21427890982705766
64450,108,25,Neutral,90.0,1,86.1988505151121,3.801149484887901,0.2279307407548702,0.2279307407548702
64450,126,26,Neutral,90.0,0,88.36877576235034,1.6312242376496613,0.09781413498810362,0.09781413498810362
64450,14,27,Neutral,90.0,1,90.046076849055,-0.04607684905499809,-0.002762935364291725,0.002762935364291725
64450,44,28,Neutral,90.0,1,87.75742091771059,2.24257908228941,0.13447319382196737,0.13447319382196737
64450,1,29,Neutral,90.0,1,91.18406520657213,-1.1840652065721287,-0.07100085400719587,0.07100085400719587
64450,37,30,Neutral,90.0,1,88.42315864781747,1.5768413521825266,0.09455313948708695,0.09455313948708695
64450,25,31,Neutral,90.0,0,90.37610118288816,-0.3761011828881635,-0.022552394099547,0.022552394099547
64450,92,32,Neutral,87.0,1,90.59500854318335,-3.5950085431833543,-0.21556978054285433,0.21556978054285433
64450,117,33,Neutral,87.0,0,88.95810577941782,-1.9581057794178207,-0.1174151404867095,0.1174151404867095
64450,95,34,Neutral,87.0,0,85.63648565430067,1.363514345699329,0.08176127670872317,0.08176127670872317
64450,84,35,Neutral,87.0,1,89.20235224162519,-2.202352241625192,-0.13206104622627932,0.13206104622627932
64450,34,36,Neutral,87.0,1,92.37959236212195,-5.379592362121954,-0.32257991350578513,0.32257991350578513
64450,53,37,Neutral,87.0,0,83.90771737293785,3.092282627062147,0.18542450714233805,0.18542450714233805
64450,119,38,Neutral,87.0,1,84.34109431830228,2.6589056816977177,0.15943765012034686,0.15943765012034686
64450,85,39,Neutral,87.0,0,88.08850832334433,-1.0885083233443282,-0.0652709159279568,0.0652709159279568
64450,52,40,Neutral,87.0,1,91.29184228450757,-4.291842284507567,-0.2573544647481111,0.2573544647481111
64450,11,41,Neutral,87.0,1,94.67548437048481,-7.67548437048481,-0.460249944174091,0.460249944174091
64450,86,42,Neutral,87.0,0,87.56435262822356,-0.5643526282235598,-0.03384063507877206,0.03384063507877206
64450,78,43,Neutral,87.0,1,88.3816389336236,-1.3816389336236057,-0.08284809288574572,0.08284809288574572
64450,87,44,Neutral,87.0,1,85.47940098695388,1.520599013046123,0.09118064438472054,0.09118064438472054
64450,94,45,Neutral,87.0,1,94.55903870538457,-7.559038705384566,-0.45326743880051584,0.45326743880051584
64450,55,46,Neutral,87.0,1,92.79098936020341,-5.790989360203412,-0.3472487729889059,0.3472487729889059
64450,118,47,Neutral,87.0,0,88.40395615397925,-1.4039561539792516,-0.08418631454408233,0.08418631454408233
64450,10,48,Neutral,87.0,1,86.64395031003825,0.35604968996175046,0.021350033694062142,0.021350033694062142
64450,56,49,Neutral,87.0,1,94.53605096280351,-7.536050962803515,-0.451889010192114,0.451889010192114
64450,98,50,Neutral,87.0,1,82.98120619173561,4.018793808264391,0.24098148554812812,0.24098148554812812
64450,39,51,Neutral,87.0,0,89.78458816164135,-2.784588161641352,-0.1669740284888778,0.1669740284888778
64450,54,52,Neutral,87.0,1,88.3855107221519,-1.3855107221519063,-0.08308025940032514,0.08308025940032514
64450,96,53,Neutral,87.0,1,79.90284229222203,7.097157707777967,0.42557137519038524,0.42557137519038524
64450,97,54,Neutral,87.0,0,86.533971504311,0.4660284956890024,0.02794476267181182,0.02794476267181182
64450,62,55,Neutral,87.0,1,82.34350314258657,4.65649685741343,0.27922047850329895,0.27922047850329895
64450,41,56,Neutral,87.0,1,93.59603219639037,-6.596032196390368,-0.39552206787536204,0.39552206787536204
64450,88,57,Neutral,87.0,1,85.70639069884975,1.293609301150255,0.07756951612421605,0.07756951612421605
64450,128,58,Neutral,87.0,0,85.66477215334672,1.3352278466532823,0.0800651154010556,0.0800651154010556
64450,93,59,Neutral,87.0,0,85.15292937101148,1.8470706289885186,0.11075706924068333,0.11075706924068333
64450,30,60,Neutral,87.0,0,88.72863145583443,-1.7286314558344316,-0.10365502587755537,0.10365502587755537
64450,42,61,Neutral,87.0,0,87.13828027268877,-0.13828027268877463,-0.008291787816039375,0.008291787816039375
64450,46,62,Neutral,87.0,0,84.00494844072215,2.9950515592778544,0.17959417887122706,0.17959417887122706
64450,103,63,Neutral,87.0,0,85.6668724849024,1.3331275150976012,0.07993917188601614,0.07993917188601614
64450,38,64,Neutral,87.0,0,83.6726385282971,3.3273614717029005,0.19952068920720786,0.19952068920720786
64615,26,1,Standard,100.0,1,100.64639042450122,-0.6463904245012202,-0.03875991956095435,0.03875991956095435
64615,16,2,Standard,100.0,0,93.32683764328294,6.673162356717057,0.40014707266607014,0.40014707266607014
64615,105,3,Standard,100.0,0,91.19951876033156,8.800481239668443,0.5277088459508774,0.5277088459508774
64615,27,4,Standard,98.0,0,94.69735632790594,3.3026436720940637,0.19803852009045217,0.19803852009045217
64615,63,5,Standard,100.0,0,90.16733374694493,9.832666253055066,0.5896024114716838,0.5896024114716838
64615,113,6,Standard,100.0,1,97.19514135361227,2.8048586463877285,0.16818952043994959,0.16818952043994959
64615,57,7,Standard,94.0,0,95.19372464207932,-1.1937246420793173,-0.07158006887343056,0.07158006887343056
64615,112,8,Standard,100.0,1,92.23061196272072,7.769388037279285,0.46588074938634494,0.46588074938634494
64615,69,9,Standard,100.0,0,91.93934405845367,8.06065594154633,0.4833462317204773,0.4833462317204773
64615,2,10,Standard,100.0,0,92.34401408370327,7.6559859162967285,0.4590807459817196,0.4590807459817196
64615,76,11,Standard,96.0,1,88.9855026658203,7.014497334179694,0.4206147587089147,0.4206147587089147
64615,32,12,Standard,100.0,0,92.63133583118515,7.3686641688148455,0.44185188955318566,0.44185188955318566
64615,29,13,Standard,98.0,1,94.97376174905109,3.026238250948907,0.18146424627124316,0.18146424627124316
64615,58,14,Standard,100.0,1,94.21285456645028,5.787145433549725,0.3470182771736096,0.3470182771736096
64615,116,15,Standard,100.0,0,95.62084413826183,4.37915586173817,0.26259010423433765,0.26259010423433765
64615,36,16,Standard,100.0,1,89.77887150714474,10.221128492855257,0.6128960194776222,0.6128960194776222
64615,7,17,Standard,100.0,1,97.93865258725319,2.0613474127468123,0.12360588411701787,0.12360588411701787
64615,50,18,Standard,100.0,0,86.79880517962286,13.20119482037714,0.79159162937962,0.79159162937962
64615,23,19,Standard,100.0,0,93.48473523309731,6.515264766902689,0.39067895920384493,0.39067895920384493
64615,106,20,Standard,100.0,1,90.47020640113341,9.52979359886659,0.571441066147584,0.571441066147584
64615,110,21,Standard,100.0,1,88.90696724482441,11.093032755175585,0.6651785685244566,0.6651785685244566
64615,125,22,Standard,100.0,0,87.15364431927841,12.846355680721587,0.7703141846824152,0.7703141846824152
64615,100,23,Standard,100.0,0,90.18881432379197,9.811185676208027,0.5883143579994241,0.5883143579994241
64615,79,24,Standard,100.0,1,92.50601610500689,7.493983894993107,0.44936651588729076,0.44936651588729076
64615,102,25,Standard,100.0,0,89.7476253597741,10.252374640225895,0.6147696520575141,0.6147696520575141
64615,99,26,Standard,100.0,1,90.07515168927354,9.92484831072646,0.595129982742659,0.595129982742659
64615,124,27,Standard,100.0,0,91.50431473604324,8.495685263956759,0.5094321712767383,0.5094321712767383
64615,111,28,Standard,100.0,1,92.33465434696387,7.665345653036127,0.4596419898203961,0.4596419898203961
64615,68,29,Standard,100.0,1,88.37868011735912,11.621319882640876,0.6968565850752783,0.6968565850752783
64615,6,30,Standard,100.0,1,93.88990352214611,6.110096477853887,0.3663835957564376,0.3663835957564376
64615,115,31,Standard,100.0,1,97.21528278325876,2.7847172167412424,0.1669817671017982,0.1669817671017982
64615,73,32,Standard,100.0,0,88.4496066055677,11.550393394432305,0.6926035750158758,0.6926035750158758
64615,80,33,Standard,100.0,1,94.78956653204281,5.210433467957188,0.3124365312984982,0.3124365312984982
64615,90,34,Standard,100.0,1,92.64710736365687,7.352892636343128,0.4409061711347415,0.4409061711347415
64615,49,35,Standard,100.0,0,94.21916477554909,5.780835224450911,0.3466398940976667,0.3466398940976667
64615,72,36,Standard,59.0,0,90.85846904474732,-31.858469044747324,-1.9103496133353217,1.9103496133353217
64615,18,37,Standard,88.0,0,93.11423182058599,-5.114231820585985,-0.3066679308174246,0.3066679308174246
64615,35,38,Standard,86.0,1,96.08973472392742,-10.089734723927421,-0.6050171714603679,0.6050171714603679
64615,13,39,Standard,92.0,1,90.04420688939847,1.9557931106015332,0.11727646445765227,0.11727646445765227
64615,82,40,Standard,84.0,1,88.99211399248706,-4.992113992487063,-0.2993453019314459,0.2993453019314459
64615,121,41,Standard,80.0,1,92.56421445952958,-12.56421445952958,-0.7533959714420658,0.7533959714420658
64615,91,42,Standard,79.0,0,89.41849837626694,-10.418498376266939,-0.6247310351505335,0.6247310351505335
64615,81,43,Standard,80.0,0,90.06303505676777,-10.063035056767774,-0.603416162360936,0.603416162360936
64615,8,44,Standard,70.0,0,95.54466818023116,-25.544668180231156,-1.5317511620643767,1.5317511620643767
64615,3,45,Standard,76.0,1,93.13135648642645,-17.131356486426455,-1.0272584094919084,1.0272584094919084
64615,114,46,Standard,83.0,0,89.78250941555585,-6.78250941555585,-0.406703919803911,0.406703919803911
64615,5,47,Standard,81.0,0,88.43513442340608,-7.435134423406083,-0.4458376876459414,0.4458376876459414
64615,17,48,Standard,83.0,1,96.84599914302571,-13.845999143025708,-0.830256440507816,0.830256440507816
64615,31,49,Standard,79.0,1,89.23679113747365,-10.236791137473645,-0.6138352085845601,0.6138352085845601
64615,22,50,Standard,93.0,1,98.05181844417069,-5.051818444170692,-0.3029253978873444,0.3029253978873444
64615,51,51,Standard,81.0,0,89.592475162465,-8.592475162465007,-0.5152360454343536,0.5152360454343536
64615,75,52,Standard,89.0,0,86.80688038527927,2.193119614720729,0.13150742435536525,0.13150742435536525
64615,28,53,Standard,87.0,0,92.13530072694387,-5.135300726943868,-0.307931299030682,0.307931299030682
64615,123,54,Standard,79.0,1,89.76319751101197,-10.763197511011967,-0.6454004482931514,0.6454004482931514
64615,67,55,Standard,86.0,1,92.53541988085034,-6.535419880850341,-0.3918875331024383,0.3918875331024383
64615,83,56,Standard,79.0,1,91.11740216319515,-12.117402163195152,-0.7266034819367775,0.7266034819367775
64615,15,57,Standard,86.0,1,93.69020144308189,-7.6902014430818895,-0.46113243334536186,0.46113243334536186
64615,101,58,Standard,74.0,1,93.71936776094768,-19.719367760947677,-1.1824449732481543,1.1824449732481543
64615,64,59,Standard,80.0,0,89.91599796529815,-9.915997965298146,-0.5945992838586946,0.5945992838586946
64615,48,60,Standard,100.0,1,97.16932626880256,2.830673731197436,0.16973748676611472,0.16973748676611472
64615,20,61,Standard,100.0,0,88.67430212890075,11.325697871099251,0.6791300146412522,0.6791300146412522
64615,60,62,Standard,99.0,1,91.52015818327993,7.479841816720068,0.4485185054658637,0.4485185054658637
64615,120,63,Standard,91.0,0,88.10254846677836,2.8974515332216413,0.17374172652092354,0.17374172652092354
64615,66,64,Standard,80.0,0,88.19985450919695,-8.199854509196953,-0.4916930838405431,0.4916930838405431
64652,86,1,Neutral,95.0,1,87.9647701195758,7.035229880424197,0.4218579575470639,0.4218579575470639
64652,14,2,Neutral,93.0,1,89.74666771178937,3.253332288210629,0.19508163025991962,0.19508163025991962
64652,122,3,Neutral,84.0,1,84.67094736248634,-0.6709473624863449,-0.04023244283000067,0.04023244283000067
64652,85,4,Neutral,99.0,1,88.22649082896486,10.773509171035144,0.6460187729122802,0.6460187729122802
64652,127,5,Neutral,89.0,1,84.58524550900296,4.414754490997041,0.26472472745004944,0.26472472745004944
64652,70,6,Neutral,94.0,1,85.00471822860766,8.995281771392342,0.5393897939566832,0.5393897939566832
64652,19,7,Neutral,93.0,1,89.74067193020497,3.259328069795032,0.1954411591191162,0.1954411591191162
64652,53,8,Neutral,91.0,1,82.93049488282426,8.069505117175737,0.483876860459047,0.483876860459047
64652,74,9,Neutral,70.0,1,84.0834479092026,-14.083447909202604,-0.8444947316829462,0.8444947316829462
64652,104,10,Neutral,64.0,1,87.07895829714695,-23.078958297146954,-1.3838982343191368,1.3838982343191368
64652,119,11,Neutral,74.0,1,83.7880248046645,-9.788024804664502,-0.5869255479490876,0.5869255479490876
64652,109,12,Neutral,91.0,1,85.79664522431183,5.203354775688169,0.3120120671781399,0.3120120671781399
64652,25,13,Neutral,81.0,1,89.42937919065287,-8.429379190652867,-0.5054562180907908,0.5054562180907908
64652,38,14,Neutral,60.0,1,83.61393848824443,-23.61393848824443,-1.415977591295445,1.415977591295445
64652,65,15,Neutral,84.0,1,84.84773283019109,-0.8477328301910916,-0.05083314211026784,0.05083314211026784
64652,126,16,Neutral,88.0,1,87.4132791607555,0.5867208392445065,0.03518191432275738,0.03518191432275738
64652,61,17,Neutral,92.0,1,84.03784911463403,7.962150885365972,0.47743951047403543,0.47743951047403543
64652,11,18,Neutral,91.0,1,94.28859690464195,-3.288596904641949,-0.19719622485231414,0.19719622485231414
64652,62,19,Neutral,91.0,1,82.18408610754634,8.815913892453665,0.5286342439114504,0.5286342439114504
64652,56,20,Neutral,100.0,1,94.41159848269237,5.588401517307631,0.33510086949741025,0.33510086949741025
64652,84,21,Neutral,92.0,1,88.42181229718481,3.5781877028151854,0.21456114180857702,0.21456114180857702
64652,21,22,Neutral,86.0,1,84.6157043779559,1.3842956220441067,0.0830073975808247,0.0830073975808247
64652,52,23,Neutral,87.0,1,90.64251983293303,-3.642519832933033,-0.2184187301855656,0.2184187301855656
64652,93,24,Neutral,93.0,1,84.43814186662956,8.561858133370436,0.5134001370732162,0.5134001370732162
64652,87,25,Neutral,97.0,1,84.06478685395413,12.935213146045868,0.7756424013109597,0.7756424013109597
64652,71,26,Neutral,90.0,1,84.75628424141246,5.243715758587541,0.3144322584298712,0.3144322584298712
64652,45,27,Neutral,86.0,1,84.25320236807744,1.7467976319225613,0.1047443358320606,0.1047443358320606
64652,40,28,Neutral,98.0,1,92.00563608216667,5.994363917833326,0.359443850755664,0.359443850755664
64652,10,29,Neutral,92.0,1,85.22933617703849,6.7706638229615095,0.4059936150117836,0.4059936150117836
64652,42,30,Neutral,92.0,1,87.10130612115485,4.898693878845151,0.29374349232399416,0.29374349232399416
64652,55,31,Neutral,95.0,1,92.05418858005166,2.945811419948342,0.17664156112313031,0.17664156112313031
64652,103,32,Neutral,89.0,1,85.28875962841907,3.711240371580928,0.22253946349041492,0.22253946349041492
64652,39,33,Neutral,95.0,1,89.17900487435544,5.820995125644558,0.3490480277593662,0.3490480277593662
64652,4,34,Neutral,92.0,1,87.9474007808122,4.0525992191877975,0.24300858087387853,0.24300858087387853
64652,98,35,Neutral,85.0,1,81.90326670663445,3.0967332933655456,0.18569138527260348,0.18569138527260348
64652,41,36,Neutral,96.0,1,93.07792723768169,2.922072762318308,0.17521810491872392,0.17521810491872392
64652,24,37,Neutral,85.0,1,87.06867784340764,-2.0686778434076416,-0.12404544338644878,0.12404544338644878
64652,30,38,Neutral,88.0,1,88.29800482570296,-0.29800482570296083,-0.01786945263295926,0.01786945263295926
64652,78,39,Neutral,94.0,1,86.82256864134771,7.177431358652285,0.43038487510129986,0.43038487510129986
64652,89,40,Neutral,90.0,1,80.64878047349775,9.351219526502248,0.560733115630132,0.560733115630132
64652,47,41,Neutral,88.0,1,89.43122193409246,-1.4312219340924628,-0.08582126983409955,0.08582126983409955
64652,43,42,Neutral,95.0,1,88.48829217886176,6.511707821138245,0.3904656718058781,0.3904656718058781
64652,95,43,Neutral,94.0,1,83.84994493122214,10.15005506877786,0.608634198609395,0.608634198609395
64652,1,44,Neutral,92.0,1,89.13508949776192,2.864910502238075,0.17179044801254093,0.17179044801254093
64652,33,45,Neutral,93.0,1,84.44597340264285,8.55402659735715,0.5129305297052731,0.5129305297052731
64652,108,46,Neutral,84.0,0,83.03466981056773,0.9653301894322652,0.05788470725108149,0.05788470725108149
64652,77,47,Neutral,94.0,1,84.41255068974887,9.587449310251131,0.5748983121877289,0.5748983121877289
64652,107,48,Neutral,65.0,1,85.80831693335689,-20.808316933356892,-1.2477423240885817,1.2477423240885817
64652,88,49,Neutral,78.0,1,83.81064575867522,-5.810645758675221,-0.3484274420946763,0.3484274420946763
64652,97,50,Neutral,76.0,1,85.31603991698445,-9.316039916984451,-0.5586236183612827,0.5586236183612827
64652,94,51,Neutral,88.0,1,92.90371547517188,-4.903715475171879,-0.2940446054938586,0.2940446054938586
64652,117,52,Neutral,76.0,1,86.39303470850376,-10.393034708503762,-0.6232041410679221,0.6232041410679221
64652,46,53,Neutral,76.0,1,83.00571267483866,-7.005712674838662,-0.4200879986015206,0.4200879986015206
64652,128,54,Neutral,80.0,1,83.59407055601773,-3.5940705560177264,-0.2155135354227058,0.2155135354227058
64652,96,55,Neutral,72.0,0,77.56970570916138,-5.569705709161383,-0.33397980087942325,0.33397980087942325
64652,92,56,Neutral,91.0,1,88.1523803557756,2.8476196442243946,0.17075362531166738,0.17075362531166738
64652,118,57,Neutral,86.0,1,86.23253756166272,-0.2325375616627241,-0.013943797499634269,0.013943797499634269
64652,37,58,Neutral,86.0,1,85.80557380325526,0.19442619674474315,0.01165850151970236,0.01165850151970236
64652,59,59,Neutral,89.0,1,83.02051473286714,5.979485267132858,0.3585516727739579,0.3585516727739579
64652,54,60,Neutral,70.0,1,85.78993915335955,-15.789939153359555,-0.9468221499859558,0.9468221499859558
64652,9,61,Neutral,86.0,1,88.57986102319819,-2.579861023198191,-0.15469784505976156,0.15469784505976156
64652,34,62,Neutral,81.0,1,89.84948584613696,-8.849485846136957,-0.5306473402924381,0.5306473402924381
64652,44,63,Neutral,80.0,1,83.98089191312563,-3.9808919131256317,-0.23870875013760648,0.23870875013760648
64652,12,64,Neutral,88.0,1,88.64957790021364,-0.649577900213643,-0.038951052191533365,0.038951052191533365
64685,40,1,Neutral,100.0,1,86.1429290231249,13.857070976875093,0.8309203479128887,0.8309203479128887
64685,37,2,Neutral,49.0,1,81.38189744518166,-32.381897445181664,-1.9417362829513034,1.9417362829513034
64685,98,3,Neutral,17.0,1,76.60039417398514,-59.60039417398514,-3.5738562893585613,3.5738562893585613
64685,97,4,Neutral,73.0,1,80.45497191602472,-7.454971916024718,-0.4470272158150547,0.4470272158150547
64685,12,5,Neutral,100.0,1,84.18652409840755,15.813475901592454,0.9482334989689448,0.9482334989689448
64685,93,6,Neutral,50.0,1,77.3290123189878,-27.329012318987793,-1.6387469229323304,1.6387469229323304
64685,19,7,Neutral,50.0,0,83.03814614031997,-33.03814614031997,-1.9810873402556708,1.9810873402556708
64685,39,8,Neutral,100.0,1,83.22881948673644,16.77118051326356,1.0056609488575639,1.0056609488575639
64685,77,9,Neutral,100.0,1,79.20156937448021,20.798430625519785,1.2471495051327366,1.2471495051327366
64685,126,10,Neutral,100.0,1,80.80264458825116,19.197355411748845,1.1511432152117722,1.1511432152117722
64685,53,11,Neutral,41.0,1,74.90284288512157,-33.90284288512157,-2.032937700351879,2.032937700351879
64685,34,12,Neutral,100.0,1,84.99277956573334,15.007220434266657,0.899887490311342,0.899887490311342
64685,4,13,Neutral,100.0,1,81.9928536726371,18.007146327362904,1.0797739519571166,1.0797739519571166
64685,74,14,Neutral,28.0,1,75.9683175829227,-47.968317582922694,-2.876354692944382,2.876354692944382
64685,128,15,Neutral,50.0,0,77.40346345843687,-27.403463458436875,-1.64321128389265,1.64321128389265
64685,30,16,Neutral,100.0,1,82.38719688181646,17.612803118183535,1.056127699649163,1.056127699649163
64685,9,17,Neutral,100.0,0,83.80185846201225,16.198141537987752,0.9712994488336104,0.9712994488336104
64685,47,18,Neutral,100.0,0,83.73469692284559,16.265303077154414,0.9753266988624122,0.9753266988624122
64685,78,19,Neutral,10.0,1,80.994826137235,-70.994826137235,-4.257107850021955,4.257107850021955
64685,59,20,Neutral,0.0,1,78.02381635023812,-78.02381635023812,-4.6785916544285,4.6785916544285
64685,42,21,Neutral,100.0,1,80.451294104918,19.548705895081994,1.1722114673941955,1.1722114673941955
64685,122,22,Neutral,40.0,1,77.13737745111764,-37.13737745111764,-2.226892150855806,2.226892150855806
64685,108,23,Neutral,50.0,0,76.14423608436904,-26.14423608436904,-1.5677034330987853,1.5677034330987853
64685,87,24,Neutral,50.0,1,76.21209151340588,-26.21209151340588,-1.571772291286577,1.571772291286577
64685,118,25,Neutral,100.0,0,80.92966502901339,19.070334970986607,1.1435266078489075,1.1435266078489075
64685,65,26,Neutral,50.0,1,77.49353246478029,-27.493532464780287,-1.648612148924801,1.648612148924801
64685,11,27,Neutral,32.0,0,86.85127993121004,-54.851279931210044,-3.2890821357535094,3.2890821357535094
64685,96,28,Neutral,100.0,0,70.85422864011716,29.145771359882843,1.7476863991646174,1.7476863991646174
64685,61,29,Neutral,50.0,1,76.81045335328562,-26.810453353285624,-1.6076522423238773,1.6076522423238773
64685,92,30,Neutral,100.0,1,82.41652906904358,17.583470930956423,1.0543688350769551,1.0543688350769551
64685,45,31,Neutral,100.0,0,76.18181120608615,23.818188793913848,1.4282251820981025,1.4282251820981025
64685,89,32,Neutral,50.0,1,73.10225928296984,-23.10225928296984,-1.3852954461309963,1.3852954461309963
64685,70,33,Neutral,97.0,1,76.95069123457903,20.049308765420975,1.2022294352520795,1.2022294352520795
64685,127,34,Neutral,100.0,0,75.42037523979629,24.579624760203714,1.47388365054925,1.47388365054925
64685,84,35,Neutral,100.0,1,80.93639443890818,19.06360556109182,1.1431230879693919,1.1431230879693919
64685,104,36,Neutral,100.0,0,78.04530552080612,21.954694479193876,1.316483288958865,1.316483288958865
64685,56,37,Neutral,100.0,1,86.6243681949515,13.3756318050485,0.8020515050801836,0.8020515050801836
64685,62,38,Neutral,100.0,0,74.65051619617765,25.349483803822352,1.5200471973359417,1.5200471973359417
64685,38,39,Neutral,100.0,0,74.62402487619222,25.375975123807777,1.5216357131814402,1.5216357131814402
64685,1,40,Neutral,100.0,1,82.43697659668035,17.563023403319647,1.0531427269906026,1.0531427269906026
64685,94,41,Neutral,100.0,1,86.29744262322365,13.702557376776355,0.8216551507752271,0.8216551507752271
64685,109,42,Neutral,99.0,1,77.44080580081898,21.55919419918102,1.2927676544776423,1.2927676544776423
64685,44,43,Neutral,82.0,1,76.95924069406108,5.04075930593892,0.3022622517576539,0.3022622517576539
64685,33,44,Neutral,100.0,1,77.61664300869545,22.383356991304552,1.3421874514254224,1.3421874514254224
64685,24,45,Neutral,100.0,0,80.01623873921372,19.98376126078628,1.1982989686010266,1.1982989686010266
64685,52,46,Neutral,100.0,1,82.59285455946052,17.40714544053948,1.0437957177069381,1.0437957177069381
64685,85,47,Neutral,100.0,1,79.30204226972003,20.697957730279967,1.241124785102955,1.241124785102955
64685,55,48,Neutral,100.0,1,84.26695829231082,15.733041707689182,0.9434103723144206,0.9434103723144206
64685,41,49,Neutral,100.0,1,85.46565360709532,14.53434639290468,0.871532243836587,0.871532243836587
64685,86,50,Neutral,92.0,1,78.7778865745993,13.222113425400707,0.7928459849785082,0.7928459849785082
64685,21,51,Neutral,50.0,1,76.64474282370105,-26.64474282370105,-1.5977156365920437,1.5977156365920437
64685,14,52,Neutral,76.0,0,80.6866399391226,-4.6866399391226,-0.2810279672563513,0.2810279672563513
64685,25,53,Neutral,100.0,0,80.97728682922326,19.02271317077674,1.1406710315972841,1.1406710315972841
64685,119,54,Neutral,77.0,1,75.20471495036905,1.795285049630948,0.10765181765551994,0.10765181765551994
64685,43,55,Neutral,96.0,1,80.87601854827538,15.123981451724617,0.90688890535863,0.90688890535863
64685,117,56,Neutral,75.0,1,79.5155522614643,-4.515552261464293,-0.270768928179429,0.270768928179429
64685,10,57,Neutral,73.0,1,76.10820507212043,-3.108205072120427,-0.1863792748280581,0.1863792748280581
64685,107,58,Neutral,83.0,1,78.49785573223473,4.502144267765274,0.2699649361375469,0.2699649361375469
64685,103,59,Neutral,72.0,1,77.40527640274146,-5.405276402741464,-0.3241200219459444,0.3241200219459444
64685,54,60,Neutral,100.0,0,77.89350464852272,22.106495351477278,1.325585821075623,1.325585821075623
64685,88,61,Neutral,81.0,1,75.389341282375,5.610658717625,0.33643549213607166,0.33643549213607166
64685,46,62,Neutral,94.0,1,75.7389906380051,18.261009361994894,1.0949965023366777,1.0949965023366777
64685,71,63,Neutral,82.0,0,76.26486560449769,5.735134395502314,0.34389950626583365,0.34389950626583365
64685,95,64,Neutral,72.0,1,75.88775798632685,-3.8877579863268465,-0.23312410133359265,0.23312410133359265
64695,76,1,Standard,92.0,1,60.78950210002961,31.21049789997039,1.871494908040525,1.871494908040525
64695,112,2,Standard,100.0,1,64.03019850812659,35.96980149187341,2.1568800520588116,2.1568800520588116
64695,35,3,Standard,100.0,1,68.98721326535211,31.01278673464789,1.8596394278636397,1.8596394278636397
64695,106,4,Standard,100.0,1,62.5366408210744,37.4633591789256,2.246439200238425,2.246439200238425
64695,66,5,Standard,72.0,1,62.1470729935484,9.852927006451601,0.5908173198956445,0.5908173198956445
64695,125,6,Standard,17.0,1,59.22007873921941,-42.22007873921941,-2.531669396328154,2.531669396328154
64695,116,7,Standard,100.0,0,66.99622653894453,33.003773461055474,1.9790262294580994,1.9790262294580994
64695,16,8,Standard,100.0,0,63.066557965571555,36.933442034428445,2.2146634419410622,2.2146634419410622
64695,31,9,Standard,36.0,1,62.52350926869242,-26.523509268692422,-1.5904460319349993,1.5904460319349993
64695,115,10,Standard,93.0,1,69.67095679299383,23.329043207006166,1.3988942346033786,1.3988942346033786
64695,27,11,Standard,100.0,0,65.41665126425941,34.583348735740586,2.0737433048765825,2.0737433048765825
64695,91,12,Standard,90.0,1,60.732828612945696,29.267171387054304,1.7549659860976918,1.7549659860976918
64695,18,13,Standard,100.0,0,65.18944084988655,34.81055915011345,2.0873676672598878,2.0873676672598878
64695,101,14,Standard,100.0,1,67.18104254932092,32.81895745067908,1.9679439896472404,1.9679439896472404
64695,49,15,Standard,100.0,0,66.11941714769516,33.88058285230484,2.0316029078662594,2.0316029078662594
64695,102,16,Standard,100.0,0,61.16674692474542,38.83325307525458,2.328583017993345,2.328583017993345
64695,60,17,Standard,23.0,1,64.51388966264139,-41.51388966264139,-2.4893237322132964,2.4893237322132964
64695,124,18,Standard,66.0,1,62.92343630101456,3.0765636989854386,0.18448194307464197,0.18448194307464197
64695,26,19,Standard,83.0,1,71.39623702698033,11.60376297301967,0.6958038089528875,0.6958038089528875
64695,3,20,Standard,94.0,1,65.591443384965,28.408556615034996,1.7034803231982212,1.7034803231982212
64695,32,21,Standard,99.0,1,63.60429114391076,35.39570885608924,2.1224553707205924,2.1224553707205924
64695,63,22,Standard,100.0,0,60.449237040412264,39.550762959587736,2.3716075188937142,2.3716075188937142
64695,121,23,Standard,32.0,1,64.37698850309843,-32.37698850309843,-1.9414419249393908,1.9414419249393908
64695,22,24,Standard,83.0,1,70.72618827534886,12.27381172465114,0.73598236780947,0.73598236780947
64695,51,25,Standard,64.0,0,62.096301225292166,1.9036987747078342,0.11415269870821504,0.11415269870821504
64695,73,26,Standard,29.0,0,60.07864938262254,-31.078649382622537,-1.8635887916549407,1.8635887916549407
64695,105,27,Standard,69.0,0,60.15193412542509,8.848065874574907,0.5305621936358081,0.5305621936358081
64695,100,28,Standard,82.0,0,61.336726293672044,20.663273706327956,1.2390450049461441,1.2390450049461441
64695,75,29,Standard,25.0,0,57.8150364719377,-32.8150364719377,-1.9677088735086725,1.9677088735086725
64695,8,30,Standard,70.0,0,67.18248556664554,2.817514433354461,0.16894840743180073,0.16894840743180073
64695,15,31,Standard,50.0,1,66.19402750590905,-16.194027505909048,-0.971052756515164,0.971052756515164
64695,67,32,Standard,49.0,0,63.54357596750879,-14.543575967508787,-0.8720856826804761,0.8720856826804761
64695,82,33,Standard,50.0,0,59.30044345052767,-9.300443450527673,-0.5576883975374806,0.5576883975374806
64695,5,34,Standard,49.0,1,60.370351350481215,-11.370351350481215,-0.6818075995858268,0.6818075995858268
64695,57,35,Standard,50.0,1,64.99449712837189,-14.99449712837189,-0.8991245546391263,0.8991245546391263
64695,7,36,Standard,50.0,0,68.64476002544369,-18.644760025443688,-1.1180075870974329,1.1180075870974329
64695,81,37,Standard,50.0,0,61.86262160217363,-11.862621602173633,-0.7113259133395802,0.7113259133395802
64695,83,38,Standard,50.0,0,63.27131491171338,-13.271314911713382,-0.795796284951207,0.795796284951207
64695,13,39,Standard,50.0,1,61.581358449072646,-11.581358449072646,-0.6944603522538527,0.6944603522538527
64695,29,40,Standard,50.0,0,65.15941210458163,-15.159412104581634,-0.9090134560986719,0.9090134560986719
64695,80,41,Standard,50.0,1,65.46512230410767,-15.465122304107666,-0.9273449509560341,0.9273449509560341
64695,23,42,Standard,50.0,1,63.50420354083295,-13.504203540832947,-0.8097611337317263,0.8097611337317263
64695,123,43,Standard,51.0,0,60.246483626207024,-9.246483626207024,-0.554452770320686,0.554452770320686
64695,17,44,Standard,50.0,0,68.55810735985435,-18.558107359854347,-1.1128115782757106,1.1128115782757106
64695,120,45,Standard,50.0,0,60.427004983647606,-10.427004983647606,-0.6252411222516314,0.6252411222516314
64695,72,46,Standard,50.0,1,60.42323270988146,-10.42323270988146,-0.6250149230039391,0.6250149230039391
64695,111,47,Standard,50.0,1,63.04076178515437,-13.040761785154373,-0.7819714813940546,0.7819714813940546
64695,28,48,Standard,49.0,1,62.35615185640726,-13.356151856407259,-0.8008834165476707,0.8008834165476707
64695,68,49,Standard,50.0,0,58.87050462291,-8.870504622909998,-0.5319077025535612,0.5319077025535612
64695,114,50,Standard,49.0,1,60.63302184477517,-11.633021844775172,-0.6975582772629072,0.6975582772629072
64695,36,51,Standard,49.0,0,58.25015606506353,-9.250156065063528,-0.5546729831042841,0.5546729831042841
64695,113,52,Standard,49.0,1,66.72029135601016,-17.720291356010165,-1.062573085122074,1.062573085122074
64695,69,53,Standard,50.0,0,60.01697613777491,-10.016976137774911,-0.6006543021483478,0.6006543021483478
64695,90,54,Standard,50.0,0,63.138931869207724,-13.138931869207724,-0.7878581164940966,0.7878581164940966
64695,79,55,Standard,51.0,0,61.152257320080125,-10.152257320080125,-0.6087662536029304,0.6087662536029304
64695,50,56,Standard,50.0,1,56.67386849632967,-6.673868496329668,-0.4001894153641457,0.4001894153641457
64695,110,57,Standard,50.0,1,57.33451263845458,-7.3345126384545765,-0.4398040396478147,0.4398040396478147
64695,6,58,Standard,50.0,0,62.6673622300852,-12.667362230085203,-0.7595810867192804,0.7595810867192804
64695,58,59,Standard,50.0,1,62.246747481482906,-12.246747481482906,-0.734359497407285,0.734359497407285
64695,48,60,Standard,50.0,1,68.70647782847675,-18.70647782847675,-1.1217084109190205,1.1217084109190205
64695,64,61,Standard,50.0,0,61.36567119639509,-11.365671196395091,-0.6815269605338932,0.6815269605338932
64695,99,62,Standard,50.0,1,59.52601086125719,-9.526010861257191,-0.5712142394498129,0.5712142394498129
64695,2,63,Standard,50.0,0,60.027993684426974,-10.027993684426974,-0.6013149542957285,0.6013149542957285
64695,20,64,Standard,50.0,1,59.568553722408694,-9.568553722408694,-0.5737652640529349,0.5737652640529349
64707,124,1,Standard,63.0,0,92.67278515128024,-29.672785151280237,-1.7792880618560765,1.7792880618560765
64707,102,2,Standard,100.0,0,90.78487828214524,9.215121717854757,0.5525721962915303,0.5525721962915303
64707,99,3,Standard,100.0,1,91.11240461164469,8.887595388355308,0.5329325269766745,0.5329325269766745
64707,91,4,Standard,100.0,0,91.79411617286608,8.205883827133917,0.49205462366134795,0.49205462366134795
64707,26,5,Standard,100.0,1,100.33214214272873,-0.33214214272872766,-0.019916450255126266,0.019916450255126266
64707,7,6,Standard,100.0,1,98.28049176980993,1.7195082301900726,0.10310796410388405,0.10310796410388405
64707,64,7,Standard,100.0,0,92.0511428836881,7.948857116311899,0.4766423677570848,0.4766423677570848
64707,35,8,Standard,100.0,1,97.26261802796786,2.7373819720321393,0.164143373759665,0.164143373759665
64707,29,9,Standard,100.0,1,95.00942678158754,4.9905732184124645,0.29925291151703165,0.29925291151703165
64707,49,10,Standard,100.0,0,95.34389602649746,4.656103973502539,0.2791969197558211,0.2791969197558211
64707,23,11,Standard,100.0,0,93.86590069113923,6.134099308860769,0.3678228927568222,0.3678228927568222
64707,17,12,Standard,100.0,1,98.28131743279783,1.7186825672021655,0.1030584543497437,0.1030584543497437
64707,81,13,Standard,100.0,0,91.2359183608082,8.7640816391918,0.5255261935893203,0.5255261935893203
64707,72,14,Standard,100.0,0,92.53426021272861,7.465739787271389,0.44767289651752756,0.44767289651752756
64707,125,15,Standard,100.0,1,87.32052684468069,12.679473155319315,0.7603073018210048,0.7603073018210048
64707,112,16,Standard,100.0,1,91.74140702379377,8.25859297620623,0.49521525584389564,0.49521525584389564
64707,100,17,Standard,27.0,0,90.31195768490564,-63.311957684905636,-3.796415129458428,3.796415129458428
64707,63,18,Standard,42.0,0,89.62997675492593,-47.629976754925934,-2.8560665469876088,2.8560665469876088
64707,101,19,Standard,99.0,1,95.28590354358563,3.7140964564143673,0.2227107247192439,0.2227107247192439
64707,115,20,Standard,89.0,1,97.5571219658155,-8.557121965815497,-0.5131161392500766,0.5131161392500766
64707,80,21,Standard,100.0,1,95.34568864723919,4.654311352760814,0.27908942769975276,0.27908942769975276
64707,105,22,Standard,74.0,0,91.08200419247963,-17.08200419247963,-1.0242990665452618,1.0242990665452618
64707,83,23,Standard,89.0,1,92.42150296010144,-3.421502960101435,-0.20516575506735168,0.20516575506735168
64707,57,24,Standard,100.0,1,94.48141099290586,5.5185890070941355,0.330914657608038,0.330914657608038
64707,28,25,Standard,100.0,0,94.07352688065686,5.926473119343143,0.35537287168687753,0.35537287168687753
64707,18,26,Standard,100.0,0,93.62661477149375,6.373385228506251,0.3821713463322052,0.3821713463322052
64707,51,27,Standard,100.0,0,90.50292348077376,9.49707651922624,0.5694792311217823,0.5694792311217823
64707,15,28,Standard,100.0,1,94.8193455828337,5.180654417166295,0.3106508711626024,0.3106508711626024
64707,8,29,Standard,99.0,0,96.23200778829337,2.767992211706627,0.16597887500249386,0.16597887500249386
64707,110,30,Standard,100.0,1,89.22684431985864,10.773155680141357,0.6459975763133063,0.6459975763133063
64707,111,31,Standard,99.0,0,92.06414522948,6.935854770519995,0.41589906471658916,0.41589906471658916
64707,60,32,Standard,100.0,0,92.86358525567138,7.1364147443286186,0.4279253698060679,0.4279253698060679
64707,13,33,Standard,100.0,1,90.16735025051213,9.83264974948787,0.5896014218578023,0.5896014218578023
64707,73,34,Standard,100.0,1,88.22283665237244,11.777163347627564,0.706201525745842,0.706201525745842
64707,36,35,Standard,100.0,0,89.66135693929282,10.338643060707184,0.6199426201457798,0.6199426201457798
64707,90,36,Standard,100.0,1,92.42033741046163,7.579662589538373,0.454504121864707,0.454504121864707
64707,50,37,Standard,54.0,0,85.82846943352115,-31.82846943352115,-1.9085507275939624,1.9085507275939624
64707,58,38,Standard,60.0,0,93.87664417715528,-33.876644177155285,-2.0313667305867287,2.0313667305867287
64707,27,39,Standard,100.0,0,93.19773772153741,6.802262278462592,0.4078883732678599,0.4078883732678599
64707,120,40,Standard,63.0,1,88.96925762079849,-25.969257620798487,-1.5572110883550843,1.5572110883550843
64707,32,41,Standard,100.0,1,91.22360844219729,8.776391557802711,0.5262643410572827,0.5262643410572827
64707,123,42,Standard,100.0,0,91.0015970361071,8.9984029638929,0.5395769520049313,0.5395769520049313
64707,2,43,Standard,100.0,0,91.61415121581074,8.385848784189264,0.5028459766809078,0.5028459766809078
64707,69,44,Standard,100.0,0,91.12200286198392,8.877997138016084,0.5323569809955264,0.5323569809955264
64707,31,45,Standard,100.0,1,89.27245617001007,10.727543829989926,0.6432625239736001,0.6432625239736001
64707,75,46,Standard,100.0,0,87.78284492464272,12.217155075357283,0.7325850291639949,0.7325850291639949
64707,79,47,Standard,41.0,0,92.21354488000051,-51.21354488000051,-3.070950318473349,3.070950318473349
64707,116,48,Standard,100.0,0,94.20870386047054,5.791296139529464,0.3472671685924762,0.3472671685924762
64707,22,49,Standard,100.0,1,97.95626598384129,2.0437340161587088,0.12254972083075497,0.12254972083075497
64707,66,50,Standard,59.0,1,88.67291118461955,-29.67291118461955,-1.7792956192732483,1.7792956192732483
64707,106,51,Standard,100.0,1,88.97500068356831,11.024999316431689,0.6610990362275428,0.6610990362275428
64707,121,52,Standard,57.0,0,92.11433579608781,-35.114335796087815,-2.1055832192175896,2.1055832192175896
64707,68,53,Standard,100.0,1,87.18964854981434,12.810351450185664,0.7681552401397214,0.7681552401397214
64707,16,54,Standard,100.0,0,91.76593065390672,8.234069346093278,0.493744729835943,0.493744729835943
64707,67,55,Standard,100.0,0,93.2489494344821,6.7510505655179,0.404817532798887,0.404817532798887
64707,76,56,Standard,100.0,1,86.8779486482146,13.122051351785402,0.786845899306719,0.786845899306719
64707,20,57,Standard,100.0,0,88.88051092978822,11.119489070211785,0.6667649853459521,0.6667649853459521
64707,5,58,Standard,100.0,1,87.81471199161328,12.18528800838672,0.7306741639877732,0.7306741639877732
64707,3,59,Standard,100.0,1,92.37971656176782,7.620283438232178,0.4569398956141163,0.4569398956141163
64707,6,60,Standard,100.0,0,93.29125814711944,6.708741852880564,0.40228054859183277,0.40228054859183277
64707,48,61,Standard,100.0,1,96.98629547989592,3.013704520104085,0.1807126782081506,0.1807126782081506
64707,114,62,Standard,100.0,0,89.11393493067101,10.886065069328993,0.6527680337283681,0.6527680337283681
64707,82,63,Standard,100.0,0,88.69964276748068,11.300357232519318,0.677610497835694,0.677610497835694
64707,113,64,Standard,100.0,1,94.51897820025457,5.4810217997454345,0.3286619912940391,0.3286619912940391
64708,124,1,Standard,100.0,1,99.64574042663384,0.3542595733661642,0.0212426917956991,0.0212426917956991
64708,64,2,Standard,100.0,1,99.75447645378517,0.24552354621482664,0.014722484339012626,0.014722484339012626
64708,20,3,Standard,86.0,1,98.21538107672703,-12.215381076727027,-0.7324786537574238,0.7324786537574238
64708,17,4,Standard,100.0,1,106.11586849576075,-6.1158684957607505,-0.3667297069321207,0.3667297069321207
64708,6,5,Standard,100.0,1,101.47595874339501,-1.4759587433950117,-0.08850385154362682,0.08850385154362682
64708,15,6,Standard,100.0,1,103.26624494583723,-3.2662449458372294,-0.19585592015029257,0.19585592015029257
64708,49,7,Standard,100.0,1,102.4480687947169,-2.448068794716903,-0.1467951039592334,0.1467951039592334
64708,91,8,Standard,95.0,1,97.39820607611338,-2.3982060761133823,-0.1438051540947157,0.1438051540947157
64708,82,9,Standard,100.0,1,96.84060419946766,3.1593958005323373,0.18944885698816413,0.18944885698816413
64708,5,10,Standard,100.0,1,97.3988296261208,2.6011703738791994,0.15597563118867797,0.15597563118867797
64708,22,11,Standard,100.0,1,107.10299197546264,-7.102991975462643,-0.4259212190890315,0.4259212190890315
64708,101,12,Standard,96.0,1,103.07671544225994,-7.076715442259939,-0.4243455826398012,0.4243455826398012
64708,36,13,Standard,100.0,1,96.40266511404411,3.5973348859558882,0.2157092765120346,0.2157092765120346
64708,75,14,Standard,100.0,1,94.96154474228017,5.038455257719832,0.30212409265094176,0.30212409265094176
64708,7,15,Standard,100.0,1,105.37147703986638,-5.371477039866377,-0.32209328928315667,0.32209328928315667
64708,27,16,Standard,100.0,1,101.17669377552915,-1.1766937755291451,-0.0705588362058096,0.0705588362058096
64708,121,17,Standard,100.0,1,100.61816182154294,-0.618161821542941,-0.037067229913168645,0.037067229913168645
64708,60,18,Standard,100.0,1,100.44888883106557,-0.44888883106557387,-0.026917006076224177,0.026917006076224177
64708,99,19,Standard,100.0,1,97.38553325838046,2.6144667416195375,0.1567729297323036,0.1567729297323036
64708,50,20,Standard,100.0,1,94.05667297508161,5.943327024918389,0.35638349313116724,0.35638349313116724
64708,80,21,Standard,100.0,1,102.31864392259277,-2.31864392259277,-0.1390343181515087,0.1390343181515087
64708,16,22,Standard,100.0,1,98.94463047154417,1.0553695284558273,0.06328379332288975,0.06328379332288975
64708,57,23,Standard,100.0,1,101.49810543254809,-1.498105432548087,-0.08983184753115563,0.08983184753115563
64708,31,24,Standard,96.0,1,97.67561636872499,-1.675616368724988,-0.10047604853817936,0.10047604853817936
64708,90,25,Standard,100.0,1,100.38610596629037,-0.38610596629037275,-0.023152317280948752,0.023152317280948752
64708,83,26,Standard,100.0,1,99.77492321588957,0.22507678411042775,0.013496422156764174,0.013496422156764174
64708,67,27,Standard,100.0,1,100.25269259496508,-0.2526925949650831,-0.015152366562442713,0.015152366562442713
64708,120,28,Standard,100.0,1,96.97876534091586,3.0212346590841435,0.18116421271436653,0.18116421271436653
64708,112,29,Standard,100.0,1,98.65743563669577,1.3425643633042341,0.08050503960857758,0.08050503960857758
64708,28,30,Standard,100.0,1,99.63387761961555,0.36612238038445355,0.02195402882726299,0.02195402882726299
64708,125,31,Standard,100.0,1,94.10533796471685,5.894662035283147,0.3534653634494781,0.3534653634494781
64708,68,32,Standard,100.0,1,95.59280874852925,4.407191251470749,0.26427120811475685,0.26427120811475685
64708,69,33,Standard,100.0,1,97.38218022956045,2.617819770439553,0.15697398952901956,0.15697398952901956
64708,48,34,Standard,100.0,1,105.65189066434252,-5.651890664342517,-0.33890790954439837,0.33890790954439837
64708,66,35,Standard,100.0,1,96.81363639760276,3.186363602397236,0.19106594441922534,0.19106594441922534
64708,113,36,Standard,100.0,1,103.22831254898978,-3.228312548989777,-0.19358135574644028,0.19358135574644028
64708,110,37,Standard,100.0,0,94.6997167302401,5.300283269759902,0.3178242520295535,0.3178242520295535
64708,106,38,Standard,100.0,0,97.0282475679743,2.9717524320256956,0.17819707850602448,0.17819707850602448
64708,116,39,Standard,100.0,1,101.57531161442168,-1.575311614421679,-0.09446141085016359,0.09446141085016359
64708,3,40,Standard,100.0,1,100.69539843190549,-0.6953984319054882,-0.04169861783498563,0.04169861783498563
64708,2,41,Standard,100.0,1,97.48067610478974,2.5193238952102632,0.15106781880577758,0.15106781880577758
64708,81,42,Standard,100.0,1,97.45212034509235,2.5478796549076463,0.15278012596089452,0.15278012596089452
64708,73,43,Standard,100.0,1,95.3138219224289,4.6861780775711,0.28100027235880043,0.28100027235880043
64708,26,44,Standard,100.0,1,106.11095248412674,-6.1109524841267415,-0.3664349250042449,0.3664349250042449
64708,23,45,Standard,100.0,1,99.35172438067991,0.6482756193200885,0.03887296269520629,0.03887296269520629
64708,32,46,Standard,100.0,1,98.4895503694082,1.5104496305917934,0.09057205051851848,0.09057205051851848
64708,100,47,Standard,100.0,1,96.48442050490118,3.5155794950988195,0.21080692608544904,0.21080692608544904
64708,105,48,Standard,100.0,1,95.7238324813774,4.2761675186226,0.2564145488059668,0.2564145488059668
64708,79,49,Standard,100.0,1,97.90511311182503,2.094886888174969,0.1256170329837652,0.1256170329837652
64708,102,50,Standard,100.0,1,95.65835367164533,4.3416463283546705,0.26034089626094414,0.26034089626094414
64708,13,51,Standard,100.0,1,96.86468304197106,3.1353169580289375,0.1880050020621373,0.1880050020621373
64708,111,52,Standard,100.0,1,98.6302605280731,1.3697394719269056,0.08213455790642012,0.08213455790642012
64708,115,53,Standard,100.0,1,103.59836729294517,-3.59836729294517,-0.21577118338803697,0.21577118338803697
64708,63,54,Standard,100.0,1,95.02832211588941,4.971677884110591,0.29811987858545147,0.29811987858545147
64708,72,55,Standard,100.0,1,96.52000103729716,3.4799989627028367,0.20867338802342036,0.20867338802342036
64708,35,56,Standard,100.0,1,102.64777589076832,-2.6477758907683153,-0.15877026739807532,0.15877026739807532
64708,114,57,Standard,100.0,1,96.30558602746768,3.694413972532317,0.22153049143745182,0.22153049143745182
64708,8,58,Standard,100.0,1,101.93652729927713,-1.936527299277131,-0.11612121637707223,0.11612121637707223
64708,58,59,Standard,100.0,1,98.73716828749613,1.2628317125038677,0.07572398002869819,0.07572398002869819
64708,18,60,Standard,100.0,1,99.11243846103444,0.8875615389655565,0.053221416270588455,0.053221416270588455
64708,76,61,Standard,100.0,1,94.14389057542552,5.856109424574484,0.35115360876795476,0.35115360876795476
64708,51,62,Standard,100.0,1,96.45669047932621,3.5433095206737875,0.21246971922094193,0.21246971922094193
64708,29,63,Standard,100.0,1,100.13214965865632,-0.13214965865631711,-0.007924173913125096,0.007924173913125096
64708,123,64,Standard,100.0,1,95.81838198215932,4.181618017840677,0.25074501704014035,0.25074501704014035
64776,20,1,Standard,77.0,0,73.9924706516392,3.007529348360805,0.1803423924629227,0.1803423924629227
64776,102,2,Standard,79.0,0,73.44744480383378,5.5525551961662245,0.33295139377603156,0.33295139377603156
64776,23,3,Standard,76.0,0,76.87838052713668,-0.8783805271366845,-0.05267088942723393,0.05267088942723393
64776,105,4,Standard,75.0,0,74.53187567136322,0.468124328636776,0.02807043643396816,0.02807043643396816
64776,124,5,Standard,74.0,1,75.1603950158143,-1.1603950158143022,-0.06958150332533244,0.06958150332533244
64776,75,6,Standard,74.0,0,72.19497801787584,1.8050219821241598,0.10823567952274754,0.10823567952274754
64776,60,7,Standard,77.0,1,76.61963088457527,0.3803691154247275,0.02280831484889357,0.02280831484889357
64776,111,8,Standard,79.0,1,75.73271252980668,3.267287470193324,0.19591843370038692,0.19591843370038692
64776,99,9,Standard,76.0,1,73.51253614760154,2.487463852398463,0.14915737482364894,0.14915737482364894
64776,64,10,Standard,73.0,0,74.58249191251078,-1.5824919125107755,-0.09489196762484324,0.09489196762484324
64776,82,11,Standard,76.0,0,73.63664583217718,2.36335416782282,0.14171530698268534,0.14171530698268534
64776,121,12,Standard,76.0,1,76.52646888932094,-0.5264688893209382,-0.03156898838216936,0.03156898838216936
64776,115,13,Standard,70.0,1,80.52586263752431,-10.525862637524313,-0.6311689865376819,0.6311689865376819
64776,2,14,Standard,84.0,1,75.5451535018691,8.454846498130905,0.5069833304239362,0.5069833304239362
64776,90,15,Standard,85.0,1,76.00142638221105,8.99857361778895,0.539587185032886,0.539587185032886
64776,120,16,Standard,77.0,1,72.68156408541377,4.318435914586232,0.25894911547870975,0.25894911547870975
64776,123,17,Standard,74.0,1,74.757642665011,-0.7576426650110051,-0.045431008317355116,0.045431008317355116
64776,50,18,Standard,72.0,0,69.32208007669335,2.6779199233066464,0.16057781316630057,0.16057781316630057
64776,68,19,Standard,78.0,0,71.33934665731577,6.660653342684228,0.39939698671287327,0.39939698671287327
64776,63,20,Standard,90.0,0,72.20506494803723,17.794935051962767,1.0670489924703113,1.0670489924703113
64776,51,21,Standard,66.0,0,73.42792498819396,-7.427924988193965,-0.4454053837034484,0.4454053837034484
64776,91,22,Standard,74.0,0,73.66937773735953,0.3306222626404747,0.01982531272008552,0.01982531272008552
64776,58,23,Standard,81.0,1,77.19529816317304,3.8047018368269647,0.22814375269036807,0.22814375269036807
64776,112,24,Standard,100.0,1,74.05406023117338,25.94593976882662,1.5558128651876213,1.5558128651876213
64776,15,25,Standard,81.0,1,77.61312959738807,3.386870402611933,0.20308906102671975,0.20308906102671975
64776,17,26,Standard,96.0,1,80.33153565444573,15.66846434555427,0.9395380789342407,0.9395380789342407
64776,81,27,Standard,67.0,0,73.28613658245611,-6.286136582456109,-0.37693960035559176,0.37693960035559176
64776,100,28,Standard,86.0,0,72.49339339941939,13.50660660058061,0.8099052299296109,0.8099052299296109
64776,13,29,Standard,45.0,1,73.00487342935511,-28.004873429355115,-1.679274011947346,1.679274011947346
64776,26,30,Standard,77.0,1,81.90122955720189,-4.901229557201887,-0.29389554081576347,0.29389554081576347
64776,29,31,Standard,66.0,1,76.70973168892652,-10.709731688926524,-0.642194443246138,0.642194443246138
64776,113,32,Standard,100.0,1,78.58119797917877,21.418802020821232,1.2843492291205347,1.2843492291205347
64776,31,33,Standard,78.0,0,72.45989266316198,5.54010733683802,0.3322049748812288,0.3322049748812288
64776,125,34,Standard,50.0,1,69.15204924488552,-19.152049244885518,-1.1484264927532166,1.1484264927532166
64776,32,35,Standard,50.0,0,74.1486099496175,-24.148609949617494,-1.4480384357152076,1.4480384357152076
64776,66,36,Standard,67.0,1,71.94782600634868,-4.947826006348677,-0.2966896332903686,0.2966896332903686
64776,114,37,Standard,50.0,0,72.8699805595749,-22.8699805595749,-1.3713671695148069,1.3713671695148069
64776,5,38,Standard,78.0,1,71.35206179907411,6.647938200925893,0.39863454059195574,0.39863454059195574
64776,73,39,Standard,52.0,0,70.6667073526179,-18.666707352617905,-1.1193236286160042,1.1193236286160042
64776,18,40,Standard,65.0,0,75.67683299314166,-10.676832993141659,-0.6402217178561143,0.6402217178561143
64776,80,41,Standard,100.0,1,77.13347188315541,22.86652811684459,1.3711601484986482,1.3711601484986482
64776,57,42,Standard,84.0,1,76.35667255739932,7.643327442600679,0.458321697883812,0.458321697883812
64776,3,43,Standard,76.0,1,75.74210971207418,0.25789028792581803,0.015464039126614868,0.015464039126614868
64776,106,44,Standard,77.0,1,71.94374135527714,5.05625864472286,0.30319164845312174,0.30319164845312174
64776,48,45,Standard,75.0,1,80.34868863020228,-5.348688630202275,-0.3207268134010546,0.3207268134010546
64776,27,46,Standard,65.0,0,75.55413009320561,-10.554130093205615,-0.6328640059359745,0.6328640059359745
64776,36,47,Standard,65.0,0,71.79905348951797,-6.7990534895179735,-0.40769596261840224,0.40769596261840224
64776,16,48,Standard,57.0,0,74.69093216132693,-17.690932161326927,-1.0608126010846213,1.0608126010846213
64776,6,49,Standard,65.0,1,76.43495547598272,-11.434955475982719,-0.6856814977947557,0.6856814977947557
64776,110,50,Standard,50.0,0,71.01462755577487,-21.014627555774865,-1.2601134589729848,1.2601134589729848
64776,28,51,Standard,50.0,0,75.59887513084138,-25.598875130841378,-1.5350016078718283,1.5350016078718283
64776,49,52,Standard,68.0,0,76.16941764806415,-8.169417648064154,-0.489867979005326,0.489867979005326
64776,72,53,Standard,59.0,1,73.49099932716113,-14.490999327161134,-0.8689329962027444,0.8689329962027444
64776,35,54,Standard,97.0,1,77.91318299238009,19.086817007619914,1.1445149306796496,1.1445149306796496
64776,79,55,Standard,79.0,1,74.52619808738011,4.473801912619891,0.2682654254951194,0.2682654254951194
64776,67,56,Standard,79.0,0,75.86777679188201,3.132223208117992,0.18781948957131955,0.18781948957131955
64776,8,57,Standard,85.0,0,77.66987770990067,7.330122290099325,0.43954077840098327,0.43954077840098327
64776,76,58,Standard,77.0,1,69.4530368413259,7.546963158674103,0.45254334512367456,0.45254334512367456
64776,22,59,Standard,82.0,1,80.18144086264365,1.8185591373563454,0.10904741655967619,0.10904741655967619
64776,83,60,Standard,77.0,1,73.46572040311119,3.5342795968888083,0.21192825216592265,0.21192825216592265
64776,116,61,Standard,79.0,0,76.30266124640706,2.6973387535929447,0.16174223682007846,0.16174223682007846
64776,7,62,Standard,80.0,1,78.49366509133601,1.5063349086639874,0.09032531683421226,0.09032531683421226
64776,69,63,Standard,84.0,1,72.95352526218873,11.046474737811266,0.6623867805592326,0.6623867805592326
64776,101,64,Standard,99.0,1,75.98020767228647,23.01979232771353,1.3803504277164091,1.3803504277164091
64793,63,1,Standard,100.0,1,87.13737551921149,12.862624480788512,0.7712897210734961,0.7712897210734961
64793,31,2,Standard,100.0,0,87.91707320579961,12.08292679420039,0.7245362134896896,0.7245362134896896
64793,60,3,Standard,100.0,1,90.89585399142031,9.10414600857969,0.545917689353188,0.545917689353188
64793,15,4,Standard,100.0,1,92.63291849713956,7.367081502860444,0.4417569871493764,0.4417569871493764
64793,91,5,Standard,100.0,0,88.51420997995655,11.485790020043453,0.6887297218463918,0.6887297218463918
64793,124,6,Standard,100.0,1,89.21792230121625,10.782077698783752,0.6465325729837279,0.6465325729837279
64793,112,7,Standard,100.0,1,88.89889247377039,11.101107526229612,0.6656627611496315,0.6656627611496315
64793,110,8,Standard,100.0,0,86.95293890558726,13.04706109441274,0.7823492108759421,0.7823492108759421
64793,18,9,Standard,100.0,0,91.1340135357793,8.865986464220697,0.531636777334494,0.531636777334494
64793,83,10,Standard,100.0,1,89.75394506723251,10.246054932767493,0.6143906994254026,0.6143906994254026
64793,100,11,Standard,100.0,0,87.33822564201641,12.661774357983589,0.7592460175954724,0.7592460175954724
64793,73,12,Standard,100.0,0,85.94893123810107,14.051068761898932,0.8425531603084769,0.8425531603084769
64793,82,13,Standard,100.0,0,87.65043395329052,12.349566046709484,0.7405248723362686,0.7405248723362686
64793,20,14,Standard,0.0,0,87.52512796557775,-87.52512796557775,-5.248324837308331,5.248324837308331
64793,58,15,Standard,100.0,1,91.64647792717251,8.353522072827488,0.5009075495561257,0.5009075495561257
64793,79,16,Standard,100.0,1,90.33329194432666,9.66670805567334,0.5796509546784302,0.5796509546784302
64793,101,17,Standard,100.0,1,92.13721484354195,7.862785156458045,0.47148118016219837,0.47148118016219837
64793,105,18,Standard,100.0,1,88.02079382101317,11.979206178986828,0.7183167483644249,0.7183167483644249
64793,50,19,Standard,100.0,0,83.37960736209531,16.620392637904686,0.9966191597187675,0.9966191597187675
64793,48,20,Standard,100.0,1,95.54343418710823,4.456565812891768,0.2672318863001009,0.2672318863001009
64793,3,21,Standard,100.0,1,90.80563777611428,9.194362223885719,0.5513273815698597,0.5513273815698597
64793,106,22,Standard,100.0,1,87.00726941931724,12.99273058068276,0.7790913557746628,0.7790913557746628
64793,35,23,Standard,100.0,1,93.37036353501773,6.629636464982269,0.39753710197573855,0.39753710197573855
64793,81,24,Standard,50.0,0,87.51862052501252,-37.51862052501252,-2.2497528714315154,2.2497528714315154
64793,113,25,Standard,52.0,1,92.98863857888965,-40.98863857888965,-2.4578277678799276,2.4578277678799276
64793,64,26,Standard,100.0,0,87.9839317335835,12.016068266416497,0.7205271331248818,0.7205271331248818
64793,68,27,Standard,100.0,0,85.09069979269742,14.909300207302579,0.8940158375506336,0.8940158375506336
64793,23,28,Standard,100.0,0,89.88616786961187,10.113832130388133,0.6064621395487575,0.6064621395487575
64793,32,29,Standard,100.0,0,88.51231138503975,11.487688614960248,0.6888435684992265,0.6888435684992265
64793,125,30,Standard,50.0,1,83.42827235173056,-33.428272351730556,-2.004480726048108,2.004480726048108
64793,90,31,Standard,100.0,1,89.40286620328379,10.597133796716207,0.6354426643221656,0.6354426643221656
64793,49,32,Standard,100.0,0,91.14546738352702,8.85453261647298,0.5309499629874104,0.5309499629874104
64793,76,33,Standard,1.0,1,84.64778239823184,-83.64778239823184,-5.015825102467246,5.015825102467246
64793,102,34,Standard,100.0,0,86.14905799628865,13.850942003711353,0.8305528324024275,0.8305528324024275
64793,114,35,Standard,100.0,0,87.0587253378427,12.941274662157298,0.77600587185135,0.77600587185135
64793,13,36,Standard,50.0,0,86.79996572902537,-36.799965729025374,-2.2066597174664793,2.2066597174664793
64793,17,37,Standard,100.0,1,93.95167129696154,6.0483287030384645,0.36267977544512603,0.36267977544512603
64793,115,38,Standard,100.0,1,93.53364997999951,6.46635002000049,0.387745853168531,0.387745853168531
64793,120,39,Standard,49.0,1,85.77682975646619,-36.776829756466185,-2.2052724004497546,2.2052724004497546
64793,28,40,Standard,100.0,0,90.18127238770671,9.818727612293287,0.588766599902952,0.588766599902952
64793,123,41,Standard,100.0,1,87.80916917177481,12.190830828225188,0.7310065316141124,0.7310065316141124
64793,16,42,Standard,100.0,0,89.05463359674918,10.945366403250816,0.6563239572778866,0.6563239572778866
64793,66,43,Standard,51.0,1,85.74291830601894,-34.742918306018936,-2.0833116763652804,2.0833116763652804
64793,2,44,Standard,100.0,0,88.33424502290121,11.665754977098786,0.6995210748659508,0.6995210748659508
64793,8,45,Standard,100.0,0,92.29601413105462,7.703985868945381,0.4619589976282025,0.4619589976282025
64793,80,46,Standard,100.0,1,91.0160425114029,8.983957488597099,0.5387107487951343,0.5387107487951343
64793,57,47,Standard,100.0,1,90.23924318564681,9.760756814353186,0.5852904601275577,0.5852904601275577
64793,121,48,Standard,100.0,1,89.05312542462136,10.946874575378644,0.6564143927610604,0.6564143927610604
64793,75,49,Standard,50.0,0,84.41546040315596,-34.41546040315596,-2.0636761101602867,2.0636761101602867
64793,69,50,Standard,50.0,1,87.62340084763132,-37.623400847631316,-2.256035880464963,2.256035880464963
64793,36,51,Standard,50.0,0,85.72536328205406,-35.72536328205406,-2.1422226484354017,2.1422226484354017
64793,72,52,Standard,100.0,0,87.63600494114033,12.363995058859672,0.7413900883560092,0.7413900883560092
64793,6,53,Standard,50.0,1,90.36126526851882,-40.36126526851882,-2.420208183611756,2.420208183611756
64793,5,54,Standard,100.0,0,84.75350162014684,15.246498379853165,0.9142354657331623,0.9142354657331623
64793,27,55,Standard,100.0,0,89.26174406429865,10.738255935701346,0.6439048607718648,0.6439048607718648
64793,111,56,Standard,100.0,0,87.7344990936437,12.265500906356294,0.7354840209336752,0.7354840209336752
64793,29,57,Standard,100.0,1,89.6737798671131,10.326220132886903,0.6191976962348212,0.6191976962348212
64793,22,58,Standard,100.0,1,94.32644647662283,5.673553523377166,0.340206893319245,0.340206893319245
64793,51,59,Standard,100.0,0,85.86710319491716,14.132896805082837,0.8474598672326796,0.8474598672326796
64793,99,60,Standard,100.0,1,85.38310521857272,14.616894781427277,0.8764821452858406,0.8764821452858406
64793,116,61,Standard,100.0,0,90.40392769609763,9.596072303902375,0.5754153782326888,0.5754153782326888
64793,26,62,Standard,100.0,1,94.60284274965676,5.397157250343241,0.3236331680540399,0.3236331680540399
64793,7,63,Standard,100.0,1,92.55119237673796,7.4488076232620415,0.4466575824130502,0.4466575824130502
64793,67,64,Standard,100.0,1,89.61912992726364,10.380870072736357,0.6224747052873769,0.6224747052873769
64806,23,1,Standard,99.0,0,99.54214248313056,-0.5421424831305615,-0.032508834042415405,0.032508834042415405
64806,79,2,Standard,99.0,1,98.22674870714151,0.7732512928584896,0.04636695838235214,0.04636695838235214
64806,73,3,Standard,100.0,0,95.32928336772508,4.670716632274917,0.28007314789460597,0.28007314789460597
64806,63,4,Standard,99.0,1,95.48117520407173,3.5188247959282677,0.21100152612024622,0.21100152612024622
64806,110,5,Standard,100.0,1,94.36526486122736,5.6347351387726405,0.3378792018688052,0.3378792018688052
64806,82,6,Standard,100.0,0,95.23771656608508,4.7622834339149165,0.28556382617740833,0.28556382617740833
64806,68,7,Standard,1.0,0,94.9521827294962,-93.9521827294962,-5.633714404079145,5.633714404079145
64806,116,8,Standard,100.0,0,101.19712058112032,-1.1971205811203163,-0.07178370172298057,0.07178370172298057
64806,2,9,Standard,100.0,0,97.146224235777,2.853775764223002,0.1711227686450293,0.1711227686450293
64806,29,10,Standard,100.0,1,100.71622023970448,-0.7162202397044837,-0.04294716912041884,0.04294716912041884
64806,8,11,Standard,100.0,0,102.25816289459361,-2.2581628945936103,-0.13540765585678158,0.13540765585678158
64806,83,12,Standard,100.0,1,98.65316638968176,1.3468336103182423,0.08076103917876999,0.08076103917876999
64806,7,13,Standard,100.0,1,103.72485024219517,-3.724850242195174,-0.22335556080598118,0.22335556080598118
64806,105,14,Standard,100.0,0,95.4768589409419,4.523141059058105,0.2712239800693568,0.2712239800693568
64806,31,15,Standard,100.0,0,96.3351637210741,3.664836278925904,0.21975690541029533,0.21975690541029533
64806,20,16,Standard,100.0,1,95.9126668147266,4.087333185273394,0.24509135574256485,0.24509135574256485
64806,5,17,Standard,100.0,0,95.35855034985207,4.641449650147933,0.2783181932572301,0.2783181932572301
64806,99,18,Standard,100.0,1,95.69516729642064,4.304832703579365,0.2581334174974104,0.2581334174974104
64806,36,19,Standard,100.0,1,94.406125002064,5.593874997935998,0.3354290792926554,0.3354290792926554
64806,67,20,Standard,100.0,1,98.82476161873697,1.1752383812630285,0.07047156547507798,0.07047156547507798
64806,60,21,Standard,100.0,1,98.58356621195131,1.4164337880486926,0.08493451884060443,0.08493451884060443
64806,58,22,Standard,96.0,1,98.62141223992646,-2.6214122399264568,-0.15718940705851814,0.15718940705851814
64806,22,23,Standard,99.0,1,104.84401687775085,-5.844016877750846,-0.35042849570253,0.35042849570253
64806,75,24,Standard,98.0,0,92.79004797314559,5.20995202685441,0.3124076623398786,0.3124076623398786
64806,13,25,Standard,99.0,0,96.26779618722662,2.7322038127733776,0.16383287250727055,0.16383287250727055
64806,106,26,Standard,98.0,1,95.81901241318926,2.180987586810744,0.13077994386048458,0.13077994386048458
64806,49,27,Standard,100.0,0,99.83918038269618,0.16081961730381522,0.009643328852418007,0.009643328852418007
64806,72,28,Standard,99.0,1,95.96685334684133,3.033146653158667,0.18187849918062315,0.18187849918062315
64806,66,29,Standard,100.0,1,95.34196625708603,4.658033742913972,0.2793126357446773,0.2793126357446773
64806,101,30,Standard,100.0,1,100.55530535881643,-0.5553053588164261,-0.033298127917194935,0.033298127917194935
64806,26,31,Standard,99.0,1,104.9454564936303,-5.945456493630303,-0.35651118381601155,0.35651118381601155
64806,16,32,Standard,97.0,0,96.7731337024096,0.226866297590405,0.013603727890122898,0.013603727890122898
64806,125,33,Standard,100.0,0,92.2837545098912,7.716245490108804,0.46269412907837626,0.46269412907837626
64806,114,34,Standard,100.0,0,95.5774816798574,4.422518320142601,0.265190274868081,0.265190274868081
64806,81,35,Standard,100.0,0,96.02418936886423,3.975810631135772,0.23840405799841605,0.23840405799841605
64806,15,36,Standard,100.0,0,100.21996489093034,-0.219964890930342,-0.013189894459332385,0.013189894459332385
64806,76,37,Standard,99.0,0,93.45952539210386,5.540474607896144,0.3322269977889489,0.3322269977889489
64806,50,38,Standard,100.0,0,91.53526289163811,8.464737108361888,0.5075764073669577,0.5075764073669577
64806,113,39,Standard,96.0,1,101.36298992987551,-5.362989929875511,-0.3215843713164266,0.3215843713164266
64806,32,40,Standard,96.0,0,97.01788022889147,-1.017880228891471,-0.06103579864284444,0.06103579864284444
64806,124,41,Standard,100.0,1,96.16206872884081,3.837931271159192,0.23013631036596638,0.23013631036596638
64806,17,42,Standard,98.0,1,102.71967512654494,-4.719675126544942,-0.2830088771811218,0.2830088771811218
64806,100,43,Standard,100.0,0,94.92527203580721,5.074727964192789,0.3042991359867628,0.3042991359867628
64806,115,44,Standard,98.0,1,102.25791464529429,-4.257914645294292,-0.2553200401697855,0.2553200401697855
64806,123,45,Standard,100.0,1,94.91532097739459,5.084679022605414,0.30489583762249217,0.30489583762249217
64806,90,46,Standard,100.0,0,97.73347838998103,2.2665216100189696,0.13590887481863395,0.13590887481863395
64806,64,47,Standard,100.0,0,96.05210893454907,3.947891065450932,0.23672989934893385,0.23672989934893385
64806,69,48,Standard,100.0,1,94.99198763898278,5.008012361017222,0.30029862590101875,0.30029862590101875
64806,111,49,Standard,100.0,0,97.0273728946905,2.972627105309499,0.17824952709566516,0.17824952709566516
64806,57,50,Standard,100.0,1,98.58304287050706,1.4169571294929426,0.08496590029601152,0.08496590029601152
64806,3,51,Standard,100.0,1,98.4801624984823,1.5198375015176993,0.09113498138528915,0.09113498138528915
64806,18,52,Standard,100.0,1,97.72824664909494,2.2717533509050583,0.1362225890201787,0.1362225890201787
64806,28,53,Standard,99.0,0,96.89377171472897,2.1062282852710297,0.12629710438100372,0.12629710438100372
64806,6,54,Standard,100.0,1,97.59863456700444,2.4013654329955614,0.14399460061801791,0.14399460061801791
64806,51,55,Standard,100.0,0,95.0287595030981,4.971240496901899,0.2980936512584626,0.2980936512584626
64806,102,56,Standard,100.0,0,93.66181355966519,6.338186440334809,0.3800606990415667,0.3800606990415667
64806,48,57,Standard,100.0,1,102.91178475945594,-2.9117847594559407,-0.1746011988689539,0.1746011988689539
64806,112,58,Standard,100.0,0,95.65489474607753,4.345105253922469,0.2605483060116048,0.2605483060116048
64806,91,59,Standard,100.0,0,93.43340357114559,6.56659642885441,0.3937569922513086,0.3937569922513086
64806,35,60,Standard,99.0,1,100.73871410736544,-1.738714107365439,-0.10425961831502,0.10425961831502
64806,27,61,Standard,97.0,0,97.47432625629303,-0.4743262562930255,-0.028442326560998706,0.028442326560998706
64806,120,62,Standard,99.0,0,93.75752862885452,5.242471371145484,0.31435764043534564,0.31435764043534564
64806,121,63,Standard,97.0,1,96.87205513801823,0.12794486198177424,0.007672039019571854,0.007672039019571854
64806,80,64,Standard,100.0,1,98.7037547319339,1.2962452680661016,0.07772757828255075,0.07772757828255075
64843,35,1,Standard,89.0,1,99.85219038508362,-10.852190385083617,-0.6507367845224155,0.6507367845224155
64843,15,2,Standard,100.0,1,98.23996206143313,1.7600379385668674,0.10553827274857924,0.10553827274857924
64843,18,3,Standard,100.0,0,96.40433128392696,3.5956687160730354,0.2156093669091284,0.2156093669091284
64843,124,4,Standard,100.0,1,94.31328339220946,5.686716607790544,0.34099619971008494,0.34099619971008494
64843,105,5,Standard,100.0,0,93.42674195083012,6.57325804916988,0.3941564472212247,0.3941564472212247
64843,66,6,Standard,74.0,1,92.88083262041407,-18.88083262041407,-1.1321633580444705,1.1321633580444705
64843,82,7,Standard,100.0,0,92.75020793308715,7.249792066912846,0.4347238862085842,0.4347238862085842
64843,32,8,Standard,64.0,0,94.95039907081704,-30.950399070817042,-1.8558984367535911,1.8558984367535911
64843,113,9,Standard,100.0,1,99.20803044322386,0.791969556776138,0.047489373530021764,0.047489373530021764
64843,5,10,Standard,80.0,0,92.19759008456225,-12.19759008456225,-0.7314118411948021,0.7314118411948021
64843,110,11,Standard,91.0,1,91.65906040678637,-0.6590604067863666,-0.039519657755699315,0.039519657755699315
64843,13,12,Standard,89.0,0,93.36927090766851,-4.369270907668508,-0.26199736645530963,0.26199736645530963
64843,48,13,Standard,100.0,1,101.36917357284489,-1.3691735728448862,-0.08210062454035019,0.08210062454035019
64843,102,14,Standard,100.0,0,92.03172404447692,7.968275955523083,0.47780679194603126,0.47780679194603126
64843,22,15,Standard,100.0,1,101.72679577674964,-1.7267957767496398,-0.10354495188671436,0.10354495188671436
64843,50,16,Standard,100.0,0,89.03039009067753,10.969609909322472,0.6577776860300382,0.6577776860300382
64843,106,17,Standard,100.0,1,92.74553047647669,7.254469523523312,0.43500436351007177,0.43500436351007177
64843,58,18,Standard,100.0,1,96.3525994283716,3.6474005716283955,0.2187113970198187,0.2187113970198187
64843,116,19,Standard,100.0,0,97.24885535863544,2.7511446413645615,0.16496863344181503,0.16496863344181503
64843,31,20,Standard,100.0,0,92.64933348432092,7.35066651567908,0.44077268484750565,0.44077268484750565
64843,90,21,Standard,42.0,0,95.3598230818863,-53.359823081886304,-3.1996489614408947,3.1996489614408947
64843,120,22,Standard,100.0,0,92.039960785089,7.960039214911006,0.4773128870373766,0.4773128870373766
64843,64,23,Standard,100.0,0,93.63471446216572,6.365285537834282,0.38168565943615257,0.38168565943615257
64843,49,24,Standard,100.0,0,96.50326346025192,3.4967365397480847,0.209677033986183,0.209677033986183
64843,79,25,Standard,100.0,1,94.77697845979407,5.223021540205934,0.31319135786970764,0.31319135786970764
64843,63,26,Standard,100.0,1,91.05177917441208,8.948220825587924,0.5365678485739848,0.5365678485739848
64843,80,27,Standard,100.0,1,96.85496939530256,3.145030604697439,0.18858746762666848,0.18858746762666848
64843,115,28,Standard,100.0,1,99.49060685860204,0.5093931413979647,0.03054506446428599,0.03054506446428599
64843,68,29,Standard,96.0,0,90.52278669983656,5.4772133001634415,0.32843361981474334,0.32843361981474334
64843,91,30,Standard,100.0,0,92.25806986680611,7.74193013319389,0.46423427364456155,0.46423427364456155
64843,123,31,Standard,98.0,1,93.08389980872592,4.916100191274083,0.29478723809129703,0.29478723809129703
64843,99,32,Standard,38.0,0,91.61568458106991,-53.615684581069914,-3.214991347019633,3.214991347019633
64843,26,33,Standard,100.0,1,101.39084374974296,-1.390843749742956,-0.08340004712088883,0.08340004712088883
64843,69,34,Standard,100.0,1,93.16056647031408,6.83943352968592,0.4101172966132327,0.4101172966132327
64843,36,35,Standard,100.0,1,91.26252890473685,8.737471095263146,0.5239305286427923,0.5239305286427923
64843,75,36,Standard,28.0,1,89.8214085329729,-61.821408532972896,-3.707036383980968,3.707036383980968
64843,3,37,Standard,100.0,1,95.62537638321281,4.37462361678719,0.26231833435181495,0.26231833435181495
64843,6,38,Standard,100.0,1,95.85469172691298,4.145308273087025,0.24856775275437015,0.24856775275437015
64843,67,39,Standard,100.0,1,95.54994802854398,4.45005197145602,0.2668412926890071,0.2668412926890071
64843,114,40,Standard,100.0,0,91.8479122788156,8.152087721184401,0.48882881359322267,0.48882881359322267
64843,101,41,Standard,99.0,1,96.60704013633156,2.3929598636684375,0.14349057212589608,0.14349057212589608
64843,17,42,Standard,97.0,1,99.25254071123483,-2.252540711234829,-0.13507052930526828,0.13507052930526828
64843,81,43,Standard,100.0,0,92.2071416392452,7.792858360754806,0.46728811529941944,0.46728811529941944
64843,16,44,Standard,100.0,0,93.80449426223691,6.195505737763085,0.3715050454536475,0.3715050454536475
64843,29,45,Standard,100.0,1,95.71821507429283,4.281784925707171,0.2567513889547161,0.2567513889547161
64843,51,46,Standard,100.0,0,91.95527756638552,8.044722433614481,0.4823908006646432,0.4823908006646432
64843,2,47,Standard,100.0,0,93.0403665241003,6.959633475899693,0.41732492232964385,0.41732492232964385
64843,112,48,Standard,100.0,1,92.62515197365354,7.374848026346456,0.44222269612985576,0.44222269612985576
64843,57,49,Standard,100.0,1,95.15964761948555,4.840352380514446,0.2902451240056383,0.2902451240056383
64843,121,50,Standard,100.0,1,93.97352985846011,6.026470141539889,0.3613690566391401,0.3613690566391401
64843,111,51,Standard,100.0,0,93.47276015080315,6.527239849196846,0.39139702866908416,0.39139702866908416
64843,7,52,Standard,100.0,1,98.5518884196291,1.448111580370906,0.08683403442087474,0.08683403442087474
64843,72,53,Standard,100.0,1,92.42960477091664,7.57039522908336,0.4539484172438413,0.4539484172438413
64843,60,54,Standard,100.0,1,93.67303937511689,6.326960624883114,0.37938755833987764,0.37938755833987764
64843,27,55,Standard,100.0,0,94.26962682671461,5.730373173285386,0.34361400607408443,0.34361400607408443
64843,20,56,Standard,88.0,1,90.69596582787189,-2.6959658278718877,-0.16165991120309178,0.16165991120309178
64843,83,57,Standard,100.0,1,93.21776958138396,6.782230418616038,0.40668719013321203,0.40668719013321203
64843,125,58,Standard,100.0,0,87.72314098736571,12.27685901263429,0.7361650942742025,0.7361650942742025
64843,100,59,Standard,100.0,0,90.75831099187926,9.241689008120744,0.5541652675912123,0.5541652675912123
64843,23,60,Standard,100.0,0,93.49439737479216,6.5056026252078425,0.390099582064761,0.390099582064761
64843,28,61,Standard,100.0,0,94.10008893171074,5.899911068289256,0.35378011454939823,0.35378011454939823
64843,73,62,Standard,84.0,0,89.28153825938668,-5.281538259386679,-0.31670023306718104,0.31670023306718104
64843,76,63,Standard,91.0,0,88.85517270528976,2.1448272947102396,0.1286116412990757,0.1286116412990757
64843,8,64,Standard,100.0,0,96.47285277198688,3.5271472280131206,0.2115005694011075,0.2115005694011075
64869,118,1,Neutral,50.0,0,69.07528203772972,-19.07528203772972,-1.1438232519540141,1.1438232519540141
64869,126,2,Neutral,65.0,1,67.90729626340026,-2.907296263400255,-0.17433205232922555,0.17433205232922555
64869,78,3,Neutral,59.0,1,68.79052983164237,-9.790529831642374,-0.5870757584727587,0.5870757584727587
64869,34,4,Neutral,63.0,1,72.26802617748079,-9.268026177480792,-0.5557445400048567,0.5557445400048567
64869,94,5,Neutral,69.0,1,74.79738583505232,-5.797385835052324,-0.34763232887281126,0.34763232887281126
64869,92,6,Neutral,76.0,1,70.22100737281052,5.778992627189481,0.34652940526780607,0.34652940526780607
64869,44,7,Neutral,61.0,0,68.01754510414443,-7.017545104144432,-0.4207975140750151,0.4207975140750151
64869,30,8,Neutral,59.0,1,69.49184855696556,-10.491848556965564,-0.6291293786220569,0.6291293786220569
64869,52,9,Neutral,62.0,1,71.1365369355778,-9.136536935577794,-0.547859967080956,0.547859967080956
64869,4,10,Neutral,67.0,1,68.87880952634312,-1.8788095263431188,-0.11266024890081978,0.11266024890081978
64869,117,11,Neutral,64.0,0,68.57969172024151,-4.579691720241513,-0.2746149632824498,0.2746149632824498
64869,47,12,Neutral,71.0,0,71.09300897436684,-0.09300897436683897,-0.005577156201977027,0.005577156201977027
64869,24,13,Neutral,71.0,0,68.51176906223894,2.4882309377610596,0.14920337205043888,0.14920337205043888
64869,65,14,Neutral,79.0,1,64.77314079708385,14.226859202916145,0.8530941941715164,0.8530941941715164
64869,56,15,Neutral,68.0,1,74.51196310673957,-6.511963106739572,-0.3904809796585279,0.3904809796585279
64869,87,16,Neutral,69.0,0,66.04569932340803,2.95430067659197,0.17715060781096334,0.17715060781096334
64869,10,17,Neutral,62.0,0,67.34146613935825,-5.341466139358246,-0.3202937265954134,0.3202937265954134
64869,19,18,Neutral,65.0,0,69.65289239893474,-4.652892398934739,-0.2790043420702714,0.2790043420702714
64869,96,19,Neutral,68.0,0,60.73157561440789,7.2684243855921125,0.435841147767339,0.435841147767339
64869,74,20,Neutral,62.0,0,65.18957709288422,-3.189577092884221,-0.19125863699025394,0.19125863699025394
64869,38,21,Neutral,53.0,0,64.8950243290805,-11.8950243290805,-0.7132688986327718,0.7132688986327718
64869,119,22,Neutral,57.0,0,63.70024527339429,-6.700245273394287,-0.40177106279973507,0.40177106279973507
64869,1,23,Neutral,62.0,1,69.93528075042698,-7.935280750426983,-0.475828279506883,0.475828279506883
64869,54,24,Neutral,68.0,1,68.95180905860606,-0.9518090586060595,-0.05707393109578607,0.05707393109578607
64869,109,25,Neutral,71.0,1,65.10970489116397,5.890295108836028,0.35320350666539974,0.35320350666539974
64869,14,26,Neutral,66.0,1,68.57859657146676,-2.578596571466761,-0.1546220239375091,0.1546220239375091
64869,46,27,Neutral,67.0,0,64.02459974894681,2.9754002510531876,0.178415814995179,0.178415814995179
64869,97,28,Neutral,60.0,1,66.15997033393813,-6.1599703339381335,-0.3693742134647857,0.3693742134647857
64869,11,29,Neutral,63.0,1,73.68913490007135,-10.689134900071352,-0.6409593849145476,0.6409593849145476
64869,43,30,Neutral,63.0,1,68.89483095292928,-5.894830952929283,-0.3534754923655766,0.3534754923655766
64869,128,31,Neutral,63.0,0,66.18733132551228,-3.1873313255122753,-0.19112397261499436,0.19112397261499436
64869,9,32,Neutral,65.0,0,70.24164806347257,-5.241648063472567,-0.314308271914454,0.314308271914454
64869,25,33,Neutral,66.0,0,68.9479471807851,-2.947947180785107,-0.17676962910665334,0.17676962910665334
64869,70,34,Neutral,74.0,1,63.661690431130566,10.338309568869434,0.6199226227629049,0.6199226227629049
64869,85,35,Neutral,70.0,1,66.75224553862192,3.2477544613780793,0.19474716348696058,0.19474716348696058
64869,122,36,Neutral,63.0,0,63.620906216866594,-0.6209062168665938,-0.037231793832985874,0.037231793832985874
64869,108,37,Neutral,72.0,1,65.01558228002163,6.984417719978367,0.4188110756983447,0.4188110756983447
64869,89,38,Neutral,68.0,1,62.32351879293137,5.676481207068633,0.34038244787587185,0.34038244787587185
64869,53,39,Neutral,67.0,0,63.16184078073357,3.83815921926643,0.23014997896309547,0.23014997896309547
64869,95,40,Neutral,69.0,1,63.862831226692144,5.137168773307856,0.3080433138812426,0.3080433138812426
64869,77,41,Neutral,70.0,0,64.55665447808471,5.44334552191529,0.3264027847174884,0.3264027847174884
64869,41,42,Neutral,70.0,1,72.69716105455414,-2.697161054554144,-0.16173158133975432,0.16173158133975432
64869,62,43,Neutral,67.0,0,61.52769744052411,5.472302559475892,0.32813915395197785,0.32813915395197785
64869,40,44,Neutral,68.0,1,71.18747825615299,-3.1874782561529855,-0.1911327831103221,0.1911327831103221
64869,107,45,Neutral,69.0,1,65.82120322882689,3.1787967711731113,0.1906122097126744,0.1906122097126744
64869,42,46,Neutral,64.0,0,66.28314829514115,-2.283148295141146,-0.13690587129858361,0.13690587129858361
64869,61,47,Neutral,67.0,0,63.11902546188011,3.8809745381198866,0.23271734112044354,0.23271734112044354
64869,103,48,Neutral,70.0,0,64.98228427570578,5.01771572429422,0.30088047483601393,0.30088047483601393
64869,84,49,Neutral,66.0,1,67.07878449970775,-1.0787844997077514,-0.0646878401154253,0.0646878401154253
64869,71,50,Neutral,68.0,1,63.58821310108986,4.411786898910137,0.26454677984096026,0.26454677984096026
64869,12,51,Neutral,65.0,1,69.09985583856978,-4.0998558385697805,-0.24584225955558497,0.24584225955558497
64869,104,52,Neutral,68.0,0,66.8291733878815,1.1708266121185034,0.07020701975985448,0.07020701975985448
64869,98,53,Neutral,67.0,0,61.50931302534393,5.490686974656072,0.329241550315768,0.329241550315768
64869,59,54,Neutral,66.0,0,63.632561830214755,2.3674381697852453,0.14196019858619655,0.14196019858619655
64869,37,55,Neutral,71.0,1,65.81846009872524,5.1815399012747605,0.3107039680085885,0.3107039680085885
64869,86,56,Neutral,69.0,1,65.44078488630612,3.559215113693881,0.21342347639719314,0.21342347639719314
64869,55,57,Neutral,67.0,1,70.7986391111518,-3.7986391111518003,-0.22778020962013953,0.22778020962013953
64869,127,58,Neutral,75.0,0,63.85432979256275,11.145670207437249,0.668334901505611,0.668334901505611
64869,93,59,Neutral,67.0,0,64.49453110738442,2.505468892615582,0.15023702248557985,0.15023702248557985
64869,21,60,Neutral,70.0,0,63.34696741089308,6.653032589106921,0.39894001862601125,0.39894001862601125
64869,39,61,Neutral,67.0,1,67.83597707687835,-0.8359770768783505,-0.05012822440804188,0.05012822440804188
64869,45,62,Neutral,72.0,0,64.30959160883228,7.690408391167722,0.4611448427048699,0.4611448427048699
64869,88,63,Neutral,74.0,0,64.785557449491,9.214442550509006,0.5525314709486231,0.5525314709486231
64869,33,64,Neutral,75.0,1,63.49659808376332,11.503401916236683,0.6897857951635239,0.6897857951635239
64871,65,1,Neutral,77.0,1,60.90073730575007,16.09926269424993,0.9653703139264597,0.9653703139264597
64871,103,2,Neutral,69.0,0,62.04159073259591,6.958409267404093,0.4172515143381008,0.4172515143381008
64871,93,3,Neutral,76.0,0,61.82068543880965,14.179314561190353,0.8502432446230789,0.8502432446230789
64871,107,4,Neutral,62.0,1,63.17349633757432,-1.1734963375743206,-0.07036710620296223,0.07036710620296223
64871,128,5,Neutral,65.0,0,62.20131072827904,2.79868927172096,0.16781958230850239,0.16781958230850239
64871,77,6,Neutral,58.0,1,61.64651260110045,-3.646512601100447,-0.21865815107908199,0.21865815107908199
64871,98,7,Neutral,65.0,1,58.568619482234034,6.431380517765966,0.3856489546961524,0.3856489546961524
64871,10,8,Neutral,67.0,1,62.61187974921858,4.388120250781419,0.2631276415880161,0.2631276415880161
64871,43,9,Neutral,65.0,0,65.37234077590443,-0.3723407759044335,-0.022326906427265505,0.022326906427265505
64871,54,10,Neutral,67.0,1,64.44091848990946,2.559081510090536,0.15345182991776748,0.15345182991776748
64871,56,11,Neutral,67.0,1,70.24590713680826,-3.245907136808256,-0.19463639119050433,0.19463639119050433
64871,122,12,Neutral,64.0,1,59.71795105940718,4.282048940592823,0.256767220246986,0.256767220246986
64871,96,13,Neutral,67.0,1,55.87077173140237,11.129228268597629,0.6673489830843388,0.6673489830843388
64871,78,14,Neutral,64.0,1,63.356703924081444,0.6432960759185562,0.03857437117160412,0.03857437117160412
64871,88,15,Neutral,69.0,1,61.7617984666073,7.238201533392697,0.43402887568571613,0.43402887568571613
64871,127,16,Neutral,66.0,1,60.56813582394737,5.431864176052628,0.3257143214834736,0.3257143214834736
64871,34,17,Neutral,68.0,1,67.258404414643,0.741595585357004,0.04446876708821368,0.04446876708821368
64871,4,18,Neutral,67.0,0,64.0878835849484,2.9121164150515995,0.17462108614407804,0.17462108614407804
64871,24,19,Neutral,66.0,0,63.29663897612108,2.7033610238789194,0.16210335403811094,0.16210335403811094
64871,46,20,Neutral,69.0,0,59.88976127188135,9.110238728118652,0.5462830309645211,0.5462830309645211
64871,9,21,Neutral,67.0,0,65.77008377026115,1.2299162297388477,0.0737502480303218,0.0737502480303218
64871,42,22,Neutral,10.0,0,62.89187561098213,-52.89187561098213,-3.171589130039473,3.171589130039473
64871,62,23,Neutral,20.0,0,57.44978562591024,-37.44978562591024,-2.2456252806581065,2.2456252806581065
64871,47,24,Neutral,77.0,0,65.61544390251727,11.38455609748273,0.6826593678520217,0.6826593678520217
64871,87,25,Neutral,72.0,0,60.528807976073296,11.471192023926704,0.687854372933739,0.687854372933739
64871,104,26,Neutral,72.0,1,62.84315279064828,9.156847209351717,0.5490778449267574,0.5490778449267574
64871,41,27,Neutral,25.0,1,68.91223589179758,-43.91223589179758,-2.6331372903939325,2.6331372903939325
64871,84,28,Neutral,64.0,1,63.556294322682874,0.4437056773171264,0.02660620533607258,0.02660620533607258
64871,97,29,Neutral,67.0,0,61.67521854256372,5.324781457436281,0.3192932524165229,0.3192932524165229
64871,44,30,Neutral,70.0,1,61.88830545676909,8.11169454323091,0.4864066918090135,0.4864066918090135
64871,92,31,Neutral,68.0,1,64.68651563850935,3.3134843614906515,0.19868856723389688,0.19868856723389688
64871,14,32,Neutral,67.0,0,63.875148958649284,3.1248510413507162,0.1873774276532303,0.1873774276532303
64871,1,33,Neutral,68.0,1,65.05687648045505,2.9431235195449545,0.17648038484409811,0.17648038484409811
64871,33,34,Neutral,72.0,0,60.36776038533597,11.63223961466403,0.6975113719019415,0.6975113719019415
64871,59,35,Neutral,78.0,1,59.51091085131227,18.489089148687732,1.1086729954445629,1.1086729954445629
64871,53,36,Neutral,64.0,0,58.16981940486221,5.83018059513779,0.3495988219004799,0.3495988219004799
64871,12,37,Neutral,73.0,0,65.27119151152462,7.72880848847538,0.4634474521284642,0.4634474521284642
64871,40,38,Neutral,70.0,0,67.00890061479888,2.9910993852011245,0.1793571921469526,0.1793571921469526
64871,95,39,Neutral,67.0,0,59.46555776389497,7.534442236105029,0.4517925450913555,0.4517925450913555
64871,25,40,Neutral,65.0,0,63.68907793037862,1.3109220696213768,0.07860765265576493,0.07860765265576493
64871,109,41,Neutral,68.0,0,59.968865635460354,8.031134364539646,0.48157601064863126,0.48157601064863126
64871,86,42,Neutral,67.0,0,61.61212055926094,5.387879440739063,0.3230768368642063,0.3230768368642063
64871,117,43,Neutral,64.0,1,62.227343362619656,1.7726566373803436,0.1062949357999412,0.1062949357999412
64871,126,44,Neutral,68.0,1,61.62923873619265,6.370761263807353,0.3820140038704282,0.3820140038704282
64871,21,45,Neutral,55.0,0,59.05035977483611,-4.05035977483611,-0.24287429564989857,0.24287429564989857
64871,89,46,Neutral,24.0,1,56.85036660988523,-32.85036660988523,-1.9698273970093574,1.9698273970093574
64871,55,47,Neutral,24.0,1,66.79501812695217,-42.79501812695217,-2.566144851991257,2.566144851991257
64871,94,48,Neutral,61.0,1,68.47558914355609,-7.475589143556093,-0.44826349972396723,0.44826349972396723
64871,119,49,Neutral,25.0,1,57.566592737215494,-32.566592737215494,-1.9528112840515166,1.9528112840515166
64871,52,50,Neutral,69.0,1,64.9022185726588,4.097781427341204,0.24571787031758224,0.24571787031758224
64871,70,51,Neutral,66.0,0,58.47711201113833,7.522887988861669,0.4510997104255487,0.4510997104255487
64871,11,52,Neutral,69.0,1,68.24212149434742,0.7578785056525845,0.045445150179533655,0.045445150179533655
64871,39,53,Neutral,61.0,1,63.74487776410149,-2.7448777641014885,-0.16459284870025961,0.16459284870025961
64871,45,54,Neutral,62.0,1,59.536266054404,2.4637339455959975,0.14773444335067384,0.14773444335067384
64871,71,55,Neutral,62.0,0,58.92850465256099,3.0714953474390114,0.1841780262918435,0.1841780262918435
64871,85,56,Neutral,65.0,0,61.392710461475225,3.6072895385247747,0.2163061936664386,0.2163061936664386
64871,61,57,Neutral,65.0,1,57.72893871860778,7.271061281392221,0.4359992656249507,0.4359992656249507
64871,19,58,Neutral,67.0,0,62.950630727003976,4.0493692729960244,0.2428149015589723,0.2428149015589723
64871,118,59,Neutral,64.0,0,61.58571540860386,2.4142845913961395,0.14476928031842967,0.14476928031842967
64871,30,60,Neutral,63.0,0,62.776399386871795,0.22360061312820534,0.013407905578608941,0.013407905578608941
64871,37,61,Neutral,62.0,1,61.11501248590776,0.8849875140922379,0.05306706838229059,0.05306706838229059
64871,74,62,Neutral,64.0,0,58.22929332402517,5.770706675974829,0.3460325495125344,0.3460325495125344
64871,108,63,Neutral,37.0,1,58.75512513978045,-21.755125139780453,-1.304516385908799,1.304516385908799
64871,38,64,Neutral,56.0,1,57.89100139593283,-1.8910013959328325,-0.11339131772034877,0.11339131772034877
64882,8,1,Standard,100.0,0,84.68169325748457,15.318306742515432,0.9185413561905293,0.9185413561905293
64882,100,2,Standard,100.0,0,78.19303401834482,21.806965981655182,1.307624951235377,1.307624951235377
64882,32,3,Standard,100.0,0,80.11068555427462,19.889314445725375,1.1926355942443074,1.1926355942443074
64882,111,4,Standard,100.0,0,80.47009153438259,19.52990846561741,1.171084305192555,1.171084305192555
64882,76,5,Standard,97.0,0,76.33363489604393,20.666365103956068,1.2392303763855324,1.2392303763855324
64882,5,6,Standard,99.0,1,77.31413740373124,21.685862596268763,1.3003631520220629,1.3003631520220629
64882,90,7,Standard,94.0,1,80.91376204394142,13.086237956058582,0.7846983979128868,0.7846983979128868
64882,16,8,Standard,96.0,0,81.00292108029298,14.997078919707022,0.8992793682327066,0.8992793682327066
64882,49,9,Standard,76.0,0,82.61262405989605,-6.612624059896049,-0.39651697632460586,0.39651697632460586
64882,18,10,Standard,90.0,0,81.55143026922156,8.448569730778445,0.5066069526366693,0.5066069526366693
64882,29,11,Standard,100.0,1,82.14693732212027,17.853062677879734,1.0705345362212872,1.0705345362212872
64882,23,12,Standard,77.0,0,81.04715039596059,-4.0471503959605855,-0.2426818496260393,0.2426818496260393
64882,28,13,Standard,97.0,0,81.8233857212302,15.176614278769804,0.9100449609949913,0.9100449609949913
64882,17,14,Standard,94.0,1,85.41882797333056,8.581172026669435,0.5145582683237769,0.5145582683237769
64882,91,15,Standard,77.0,0,78.53797423480127,-1.5379742348012684,-0.09222252584220475,0.09222252584220475
64882,69,16,Standard,84.0,0,79.5716883311751,4.428311668824904,0.2655376651145995,0.2655376651145995
64882,120,17,Standard,75.0,1,77.2002472685466,-2.2002472685466046,-0.13193482438865387,0.13193482438865387
64882,66,18,Standard,72.0,1,77.29755331096518,-5.297553310965185,-0.31766055377648983,0.31766055377648983
64882,36,19,Standard,80.0,0,77.58617243702062,2.413827562979378,0.14474187523320675,0.14474187523320675
64882,22,20,Standard,84.0,1,86.4496906173211,-2.449690617321096,-0.14689235433810335,0.14689235433810335
64882,68,21,Standard,67.0,1,75.81429067615998,-8.814290676159985,-0.5285369099618925,0.5285369099618925
64882,48,22,Standard,69.0,1,85.91711175626187,-16.917111756261875,-1.0144115166655716,1.0144115166655716
64882,50,23,Standard,76.0,1,73.66580660267174,2.3341933973282636,0.13996672118088202,0.13996672118088202
64882,31,24,Standard,78.0,1,77.41596748918096,0.5840325108190427,0.035020712377965564,0.035020712377965564
64882,113,25,Standard,87.0,1,83.44979447662053,3.550205523379475,0.21288322861098405,0.21288322861098405
64882,51,26,Standard,74.0,1,77.77165151417233,-3.7716515141723335,-0.2261619352020512,0.2261619352020512
64882,121,27,Standard,78.0,1,80.43280377241315,-2.432803772413152,-0.1458797577316866,0.1458797577316866
64882,72,28,Standard,72.0,0,79.14690078179797,-7.146900781797967,-0.4285541507307524,0.4285541507307524
64882,64,29,Standard,77.0,1,78.31387013844854,-1.3138701384485358,-0.07878442957923036,0.07878442957923036
64882,79,30,Standard,80.0,0,80.18209954201693,-0.18209954201692824,-0.010919350493332442,0.010919350493332442
64882,116,31,Standard,70.0,0,82.17725852248697,-12.177258522486966,-0.7301926868250654,0.7301926868250654
64882,73,32,Standard,67.0,1,75.53530385005963,-8.535303850059634,-0.5118078457178489,0.5118078457178489
64882,20,33,Standard,71.0,0,77.15523974182494,-6.155239741824943,-0.36909054996540075,0.36909054996540075
64882,26,34,Standard,66.0,1,86.28869524746887,-20.288695247468866,-1.2165839189146677,1.2165839189146677
64882,114,35,Standard,77.0,0,77.51988123557358,-0.5198812355735782,-0.031173968716554545,0.031173968716554545
64882,102,36,Standard,76.0,0,76.5227355654423,-0.5227355654423036,-0.031345124711319776,0.031345124711319776
64882,7,37,Standard,74.0,1,84.14956654597283,-10.149566545972831,-0.6086049050061657,0.6086049050061657
64882,80,38,Standard,79.0,0,81.8271117234427,-2.827111723442698,-0.16952389583280894,0.16952389583280894
64882,110,39,Standard,69.0,0,76.05818071037108,-7.058180710371076,-0.4232341727397388,0.4232341727397388
64882,81,40,Standard,85.0,1,77.27994979412556,7.720050205874443,0.46292227366628885,0.46292227366628885
64882,6,41,Standard,80.0,0,81.34729113771307,-1.3472911377130714,-0.08078847418453171,0.08078847418453171
64882,112,42,Standard,75.0,1,77.82917762139974,-2.8291776213997366,-0.16964777458410346,0.16964777458410346
64882,27,43,Standard,73.0,0,80.2477699334929,-7.247769933492904,-0.4346026317380234,0.4346026317380234
64882,3,44,Standard,71.0,1,80.26079289520702,-9.260792895207018,-0.5553108061058599,0.5553108061058599
64882,35,45,Standard,69.0,1,82.86925781839906,-13.869257818399063,-0.8316511152313181,0.8316511152313181
64882,101,46,Standard,75.0,1,81.32993497690299,-6.32993497690299,-0.37956591129912104,0.37956591129912104
64882,123,47,Standard,77.0,0,78.007890083774,-1.0078900837740008,-0.06043675322620759,0.06043675322620759
64882,106,48,Standard,78.0,1,76.33120704554412,1.6687929544558813,0.10006689181466241,0.10006689181466241
64882,67,49,Standard,78.0,0,80.73637328932375,-2.736373289323751,-0.16408288947778565,0.16408288947778565
64882,60,50,Standard,72.0,0,79.30126916758628,-7.301269167586284,-0.43781064029048944,0.43781064029048944
64882,2,51,Standard,75.0,0,78.48922677061178,-3.489226770611779,-0.20922672092984537,0.20922672092984537
64882,58,52,Standard,79.0,0,80.48928474622463,-1.4892847462246266,-0.08930292711493264,0.08930292711493264
64882,99,53,Standard,69.0,0,76.15043526632391,-7.15043526632391,-0.4287660912712094,0.4287660912712094
64882,75,54,Standard,76.0,0,74.65792047944376,1.34207952055624,0.08047596667494544,0.08047596667494544
64882,125,55,Standard,64.0,1,72.79594914224606,-8.795949142246059,-0.5274370849147055,0.5274370849147055
64882,15,56,Standard,68.0,0,80.81963785186244,-12.819637851862439,-0.7687120865414611,0.7687120865414611
64882,124,57,Standard,73.0,0,77.44838082022775,-4.448380820227754,-0.2667410843865222,0.2667410843865222
64882,115,58,Standard,79.0,1,83.12002259195809,-4.12002259195809,-0.24705153139735098,0.24705153139735098
64882,105,59,Standard,72.0,0,76.68864398291083,-4.688643982910833,-0.2811481370068369,0.2811481370068369
64882,13,60,Standard,87.0,1,76.21138168382949,10.788618316170513,0.6469247721781783,0.6469247721781783
64882,82,61,Standard,71.0,0,76.01210996516787,-5.012109965167866,-0.3005443331411811,0.3005443331411811
64882,57,62,Standard,81.0,0,80.04431161904846,0.9556883809515426,0.057306549365430094,0.057306549365430094
64882,63,63,Standard,80.0,0,74.88670323104823,5.11329676895177,0.30661186172241056,0.30661186172241056
64882,83,64,Standard,73.0,1,77.85318609337817,-4.85318609337817,-0.29101468008105535,0.29101468008105535
64888,55,1,Neutral,90.0,1,91.74371514754918,-1.7437151475491817,-0.10455949886382691,0.10455949886382691
64888,61,2,Neutral,91.0,1,83.07128821780232,7.928711782197681,0.475434380292855,0.475434380292855
64888,43,3,Neutral,95.0,1,88.57147122495682,6.428528775043176,0.38547795383606204,0.38547795383606204
64888,127,4,Neutral,70.0,1,83.00633631213067,-13.00633631213067,-0.7799072048907693,0.7799072048907693
64888,39,5,Neutral,96.0,1,88.78105311327573,7.218946886724268,0.4328742970784931,0.4328742970784931
64888,52,6,Neutral,93.0,1,89.76343726467857,3.236562735321428,0.19407606690931747,0.19407606690931747
64888,1,7,Neutral,91.0,1,89.13079021527975,1.8692097847202547,0.11208461349688373,0.11208461349688373
64888,24,8,Neutral,87.0,1,86.71446524661656,0.2855347533834447,0.017121701766450538,0.017121701766450538
64888,25,9,Neutral,89.0,1,87.98168748664641,1.0183125133535924,0.06106171999059987,0.06106171999059987
64888,107,10,Neutral,86.0,0,85.84775681516334,0.15224318483666366,0.009129054785311798,0.009129054785311798
64888,59,11,Neutral,91.0,1,83.49734625755974,7.502653742440259,0.44988639145617265,0.44988639145617265
64888,11,12,Neutral,93.0,1,92.92838352921272,0.0716164707872764,0.004294383922992396,0.004294383922992396
64888,56,13,Neutral,89.0,1,93.09512427155173,-4.095124271551725,-0.24555853759736043,0.24555853759736043
64888,77,14,Neutral,94.0,1,84.23329475011224,9.766705249887764,0.585647149945498,0.585647149945498
64888,40,15,Neutral,93.0,1,90.95159685675773,2.0484031432422682,0.12282969866353038,0.12282969866353038
64888,19,16,Neutral,85.0,1,87.72437109044651,-2.7243710904465104,-0.16336319400365265,0.16336319400365265
64888,41,17,Neutral,94.0,1,92.28632299800445,1.7136770019955492,0.10275830246411627,0.10275830246411627
64888,108,18,Neutral,87.0,1,82.63671804948802,4.3632819505119755,0.26163824681361586,0.26163824681361586
64888,46,19,Neutral,90.0,1,82.87019589949067,7.129804100509332,0.4275289715721687,0.4275289715721687
64888,128,20,Neutral,77.0,1,83.45855378066972,-6.4585537806697175,-0.3872783623179791,0.3872783623179791
64888,47,21,Neutral,88.0,1,88.68335685870383,-0.6833568587038314,-0.0409765613332302,0.0409765613332302
64888,122,22,Neutral,77.0,1,82.21725487984173,-5.217254879841732,-0.3128455679517579,0.3128455679517579
64888,33,23,Neutral,92.0,1,83.78558665583147,8.214413344168534,0.4925660845085761,0.4925660845085761
64888,118,24,Neutral,87.0,1,86.0532816220261,0.9467183779738946,0.05676867537983781,0.05676867537983781
64888,109,25,Neutral,85.0,1,83.6053877273989,1.394612272601094,0.08362602145050202,0.08362602145050202
64888,4,26,Neutral,87.0,1,86.6746657339602,0.3253342660398033,0.019508225221398053,0.019508225221398053
64888,97,27,Neutral,84.0,1,84.69939233446166,-0.6993923344616633,-0.04193810675057575,0.04193810675057575
64888,21,28,Neutral,91.0,1,82.7306210310633,8.269378968936707,0.49586202317641126,0.49586202317641126
64888,96,29,Neutral,90.0,0,77.08427561950444,12.915724380495561,0.7744737840845287,0.7744737840845287
64888,92,30,Neutral,93.0,1,87.66695026611868,5.3330497338813245,0.3197890483283589,0.3197890483283589
64888,94,31,Neutral,88.0,1,92.15585039978328,-4.155850399783276,-0.24919989699299092,0.24919989699299092
64888,38,32,Neutral,78.0,1,81.20398516988843,-3.2039851698884263,-0.19212259766253953,0.19212259766253953
64888,54,33,Neutral,86.0,1,85.34824822799123,0.6517517720087653,0.03908140544665744,0.03908140544665744
64888,34,34,Neutral,91.0,1,89.45153408505725,1.5484659149427529,0.09285164512202236,0.09285164512202236
64888,88,35,Neutral,82.0,1,82.8003456975549,-0.8003456975549028,-0.04799163737940764,0.04799163737940764
64888,95,36,Neutral,87.0,1,82.53347072008152,4.4665292799184755,0.26782933200143755,0.26782933200143755
64888,104,37,Neutral,82.0,1,84.27535250019342,-2.2753525001934207,-0.13643840709485458,0.13643840709485458
64888,84,38,Neutral,90.0,1,86.05559814311744,3.944401856882564,0.23652067371947672,0.23652067371947672
64888,14,39,Neutral,80.0,0,86.5056702719497,-6.505670271949697,-0.3901036384093067,0.3901036384093067
64888,30,40,Neutral,89.0,1,86.5878781359648,2.4121218640352,0.14463959532409057,0.14463959532409057
64888,98,41,Neutral,94.0,1,80.01818335974184,13.98181664025816,0.8384005513550058,0.8384005513550058
64888,86,42,Neutral,74.0,1,84.54881602258165,-10.548816022581647,-0.6325453549440679,0.6325453549440679
64888,126,43,Neutral,85.0,1,84.60967336380196,0.39032663619804,0.023405403991261262,0.023405403991261262
64888,65,44,Neutral,80.0,1,81.95664870466032,-1.9566487046603243,-0.11732776898760593,0.11732776898760593
64888,117,45,Neutral,84.0,1,85.07656049736313,-1.0765604973631326,-0.06455448085032277,0.06455448085032277
64888,44,46,Neutral,82.0,1,83.10180934487116,-1.1018093448711568,-0.06606849352953748,0.06606849352953748
64888,10,47,Neutral,80.0,0,82.8193828586825,-2.819382858682502,-0.16906044500642353,0.16906044500642353
64888,103,48,Neutral,85.0,1,82.9662846386403,2.0337153613596968,0.12194896586997671,0.12194896586997671
64888,78,49,Neutral,91.0,1,84.76252863730062,6.237471362699381,0.37402145687498184,0.37402145687498184
64888,71,50,Neutral,88.0,1,82.08389593732478,5.916104062675217,0.35475110535628573,0.35475110535628573
64888,85,51,Neutral,80.0,0,84.54810174623901,-4.548101746239013,-0.2727207136078597,0.2727207136078597
64888,37,52,Neutral,84.0,1,84.44536042782602,-0.44536042782601726,-0.026705430191805168,0.026705430191805168
64888,62,53,Neutral,86.0,1,79.07430616057249,6.92569383942751,0.41528977835206254,0.41528977835206254
64888,53,54,Neutral,89.0,1,79.29584496438704,9.704155035612956,0.5818964117199391,0.5818964117199391
64888,93,55,Neutral,92.0,1,81.45957941252158,10.540420587478422,0.6320419341368502,0.6320419341368502
64888,12,56,Neutral,86.0,1,87.37684285336164,-1.3768428533616373,-0.08256050247890265,0.08256050247890265
64888,9,57,Neutral,83.0,1,87.13216931919173,-4.132169319191732,-0.24777989331711192,0.24777989331711192
64888,87,58,Neutral,82.0,1,80.9987460712689,1.0012539287311029,0.0600388252466042,0.0600388252466042
64888,42,59,Neutral,85.0,1,84.21022199562408,0.7897780043759184,0.0473579600815449,0.0473579600815449
64888,70,60,Neutral,22.0,0,81.02015499586152,-59.02015499586152,-3.5390630389982394,3.5390630389982394
64888,74,61,Neutral,79.0,1,80.18636300503368,-1.1863630050336837,-0.07113863835572777,0.07113863835572777
64888,45,62,Neutral,70.0,1,81.09968325681498,-11.099683256814984,-0.6655773567781378,0.6655773567781378
64888,89,63,Neutral,79.0,1,78.02013133369869,0.9798686663013143,0.05875648717328248,0.05875648717328248
64888,119,64,Neutral,80.0,1,79.84720073620697,0.15279926379302822,0.0091623993009501,0.0091623993009501
64890,11,1,Neutral,74.0,1,71.7410002483868,2.258999751613203,0.13545783684575347,0.13545783684575347
64890,52,2,Neutral,60.0,1,68.26987983383232,-8.26987983383232,-0.4958920568562571,0.4958920568562571
64890,25,3,Neutral,93.0,0,66.57560838437739,26.42439161562261,1.5845025771522014,1.5845025771522014
64890,55,4,Neutral,79.0,1,69.94398356668263,9.056016433317367,0.5430316650635955,0.5430316650635955
64890,47,5,Neutral,77.0,0,67.71466939932097,9.285330600679032,0.5567821761235076,0.5567821761235076
64890,92,6,Neutral,69.0,1,67.04817612104473,1.9518238789552669,0.11703845489950204,0.11703845489950204
64890,95,7,Neutral,100.0,0,62.13339239645065,37.86660760354935,2.270619441635965,2.270619441635965
64890,24,8,Neutral,86.0,0,65.04595115861585,20.95404884138415,1.2564809390471179,1.2564809390471179
64890,70,9,Neutral,81.0,0,61.58233828658018,19.417661713419818,1.1643535819001825,1.1643535819001825
64890,42,10,Neutral,83.0,1,64.68492695776551,18.315073042234488,1.098238357131901,1.098238357131901
64890,119,11,Neutral,30.0,1,60.49686235550288,-30.496862355502877,-1.8287027266421967,1.8287027266421967
64890,34,12,Neutral,66.0,1,68.74528161140609,-2.745281611406085,-0.16461706485267733,0.16461706485267733
64890,97,13,Neutral,45.0,0,63.64322654650157,-18.643226546501573,-1.117915634125681,1.117915634125681
64890,41,14,Neutral,70.0,1,70.74902640286959,-0.749026402869589,-0.04491434591819429,0.04491434591819429
64890,65,15,Neutral,29.0,1,61.55657038102946,-32.55657038102946,-1.9522103071421175,1.9522103071421175
64890,33,16,Neutral,40.0,0,62.42324671785106,-22.423246717851057,-1.3445793844331615,1.3445793844331615
64890,43,17,Neutral,100.0,0,66.29060883691552,33.709391163084476,2.0213376318779814,2.0213376318779814
64890,46,18,Neutral,100.0,0,61.24542097577858,38.75457902422142,2.323865435903646,2.323865435903646
64890,56,19,Neutral,78.0,1,71.16417519781935,6.835824802180653,0.4099009041938533,0.4099009041938533
64890,77,20,Neutral,36.0,0,62.30234567637985,-26.30234567637985,-1.5771842589833631,1.5771842589833631
64890,108,21,Neutral,45.0,0,61.86035141522229,-16.86035141522229,-1.0110079602860904,1.0110079602860904
64890,30,22,Neutral,74.0,1,65.70666900515917,8.29333099484083,0.49729827371815166,0.49729827371815166
64890,103,23,Neutral,65.0,0,62.39124965785501,2.6087503421449867,0.15643015364000173,0.15643015364000173
64890,96,24,Neutral,59.0,1,56.65782229954762,2.342177700452382,0.14044548902011772,0.14044548902011772
64890,104,25,Neutral,69.0,1,64.15507333025691,4.844926669743089,0.29051941501588574,0.29051941501588574
64890,37,26,Neutral,69.0,0,63.9140646113293,5.085935388670698,0.3049711738988102,0.3049711738988102
64890,38,27,Neutral,71.0,1,60.777531849931606,10.222468150068394,0.6129763501939389,0.6129763501939389
64890,117,28,Neutral,69.0,0,64.1516122022689,4.848387797731107,0.29072695683166877,0.29072695683166877
64890,85,29,Neutral,74.0,0,63.841849272587844,10.158150727412156,0.6091196437298119,0.6091196437298119
64890,128,30,Neutral,72.0,0,62.37601299638368,9.623987003616321,0.5770892451008679,0.5770892451008679
64890,61,31,Neutral,3.0,0,60.13433836543179,-57.13433836543179,-3.4259826186647104,3.4259826186647104
64890,88,32,Neutral,73.0,1,62.28641404902086,10.713585950979137,0.6424255588095242,0.6424255588095242
64890,87,33,Neutral,81.0,1,61.447076037084386,19.552923962915614,1.1724643980746892,1.1724643980746892
64890,126,34,Neutral,77.0,1,63.3348117543988,13.6651882456012,0.819414361828625,0.819414361828625
64890,53,35,Neutral,46.0,1,59.48173994447083,-13.481739944470831,-0.8084141348359473,0.8084141348359473
64890,14,36,Neutral,34.0,0,64.96837367681483,-30.968373676814835,-1.8569762594690993,1.8569762594690993
64890,78,37,Neutral,61.0,1,63.6188845207633,-2.6188845207633022,-0.15703783582892858,0.15703783582892858
64890,54,38,Neutral,65.0,1,64.48440326514826,0.5155967348517407,0.030917054478591607,0.030917054478591607
64890,71,39,Neutral,63.0,0,60.89651265649884,2.1034873435011576,0.12613274754882528,0.12613274754882528
64890,12,40,Neutral,67.0,1,66.40815539397879,0.5918446060212119,0.03548915400420445,0.03548915400420445
64890,109,41,Neutral,62.0,0,61.237047010780365,0.7629529892196345,0.04574943466057932,0.04574943466057932
64890,89,42,Neutral,61.0,1,58.29350464235969,2.706495357640307,0.1622913000841284,0.1622913000841284
64890,1,43,Neutral,58.0,1,65.8876662128889,-7.887666212888902,-0.4729731387514608,0.4729731387514608
64890,84,44,Neutral,46.0,0,64.12464906938504,-18.124649069385043,-1.0868198435055318,1.0868198435055318
64890,39,45,Neutral,58.0,0,65.36297245373042,-7.362972453730421,-0.4415105936266466,0.4415105936266466
64890,44,46,Neutral,29.0,0,62.45666020347126,-33.45666020347126,-2.0061829648317766,2.0061829648317766
64890,107,47,Neutral,67.0,1,62.560893648483884,4.439106351516116,0.2661849535287499,0.2661849535287499
64890,10,48,Neutral,59.0,1,62.13049455299399,-3.130494552993987,-0.18771583312621246,0.18771583312621246
64890,21,49,Neutral,64.0,1,60.14358449300167,3.8564155069983315,0.23124469233932804,0.23124469233932804
64890,98,50,Neutral,63.0,1,57.95601679314361,5.043983206856389,0.3024555685759376,0.3024555685759376
64890,94,51,Neutral,68.0,1,69.61255302601026,-1.6125530260102607,-0.0966945412660785,0.0966945412660785
64890,62,52,Neutral,50.0,1,57.44953123686041,-7.449531236860409,-0.44670097291483185,0.44670097291483185
64890,93,53,Neutral,59.0,0,60.9019085996989,-1.9019085996988991,-0.11404535330717526,0.11404535330717526
64890,45,54,Neutral,61.0,1,60.804447429724014,0.19555257027598572,0.011726042971140533,0.011726042971140533
64890,118,55,Neutral,69.0,0,63.02885344107834,5.97114655892166,0.3580516535173952,0.3580516535173952
64890,4,56,Neutral,61.0,0,63.69397671730105,-2.693976717301048,-0.16154063690260523,0.16154063690260523
64890,9,57,Neutral,61.0,0,65.46365523119103,-4.4636552311910265,-0.26765699359222284,0.26765699359222284
64890,122,58,Neutral,63.0,1,58.9741308774509,4.0258691225491035,0.241405747112268,0.241405747112268
64890,74,59,Neutral,63.0,0,59.62869219221103,3.3713078077889733,0.2021558712692089,0.2021558712692089
64890,40,60,Neutral,59.0,1,67.31482037576936,-8.314820375769358,-0.4985868551151413,0.4985868551151413
64890,59,61,Neutral,66.0,1,59.64187395512828,6.358126044871717,0.38125635021248894,0.38125635021248894
64890,86,62,Neutral,50.0,0,62.00551864880865,-12.005518648808653,-0.7198945397039717,0.7198945397039717
64890,19,63,Neutral,56.0,0,64.00011628088092,-8.000116280880917,-0.4797160535979448,0.4797160535979448
64890,127,64,Neutral,59.0,1,59.73683731341386,-0.7368373134138579,-0.04418344380560503,0.04418344380560503
64919,5,1,Standard,55.0,1,69.8841229617831,-14.884122961783106,-0.8925061183869344,0.8925061183869344
64919,31,2,Standard,61.0,1,70.72951884013928,-9.729518840139278,-0.5834173176398537,0.5834173176398537
64919,15,3,Standard,56.0,0,75.48910329576782,-19.48910329576782,-1.1686374788766152,1.1686374788766152
64919,99,4,Standard,58.0,1,70.13326157977446,-12.133261579774455,-0.727554470205782,0.727554470205782
64919,112,5,Standard,62.0,1,71.7988164366873,-9.798816436687304,-0.5875726534340706,0.5875726534340706
64919,7,6,Standard,58.0,1,77.85677037552868,-19.856770375528683,-1.1906841334936578,1.1906841334936578
64919,125,7,Standard,59.0,1,67.24671876470836,-8.246718764708362,-0.4945032349582795,0.4945032349582795
64919,68,8,Standard,57.0,1,68.73418954852077,-11.734189548520774,-0.7036246605364092,0.7036246605364092
64919,105,9,Standard,57.0,1,69.52130074569817,-12.52130074569817,-0.7508227091641618,0.7508227091641618
64919,123,10,Standard,58.0,1,70.2719377108093,-12.271937710809297,-0.7358699951272448,0.7358699951272448
64919,114,11,Standard,57.0,1,70.40922844180874,-13.409228441808736,-0.8040660815481909,0.8040660815481909
64919,28,12,Standard,57.0,1,72.51282343387538,-15.512823433875383,-0.9302052840963185,0.9302052840963185
64919,51,13,Standard,68.0,0,70.69155038653311,-2.691550386533109,-0.161395145289752,0.161395145289752
64919,113,14,Standard,58.0,1,76.28221502040407,-18.282215020404067,-1.0962680707000407,1.0962680707000407
64919,63,15,Standard,68.0,1,68.82579038021014,-0.8257903802101367,-0.04951739304593363,0.04951739304593363
64919,29,16,Standard,70.0,0,74.27953123728598,-4.27953123728598,-0.25661624960454976,0.25661624960454976
64919,50,17,Standard,70.0,1,66.27953132501221,3.720468674987785,0.22309282610869607,0.22309282610869607
64919,80,18,Standard,79.0,1,74.54150227252337,4.458497727476626,0.26734773092135367,0.26734773092135367
64919,72,19,Standard,68.0,1,70.18625180875206,-2.1862518087520613,-0.1310956057441734,0.1310956057441734
64919,17,20,Standard,83.0,1,77.50768272420767,5.492317275792331,0.32933930909824116,0.32933930909824116
64919,106,21,Standard,79.0,0,69.86345421794552,9.136545782054483,0.5478604975478563,0.5478604975478563
64919,91,22,Standard,73.0,1,68.87749863313753,4.1225013668624655,0.24720016775126577,0.24720016775126577
64919,16,23,Standard,71.0,1,70.99253216432032,0.007467835679676682,0.0004477985738449729,0.0004477985738449729
64919,90,24,Standard,69.0,0,72.52148598764374,-3.521485987643743,-0.2111611008492619,0.2111611008492619
64919,111,25,Standard,68.0,1,71.90285882093046,-3.9028588209304615,-0.23402960226979702,0.23402960226979702
64919,36,26,Standard,69.0,1,67.92569683535689,1.074303164643112,0.06441912297475118,0.06441912297475118
64919,64,27,Standard,66.0,1,70.75263820363455,-4.752638203634547,-0.28498546310821143,0.28498546310821143
64919,102,28,Standard,68.0,1,68.71225614305962,-0.7122561430596193,-0.04270946747561902,0.04270946747561902
64919,58,29,Standard,75.0,1,72.14098407321933,2.859015926780671,0.17143698784061578,0.17143698784061578
64919,49,30,Standard,73.0,1,73.53370887314352,-0.5337088731435244,-0.03200312413039396,0.03200312413039396
64919,76,31,Standard,79.0,1,67.54770636114874,11.452293638851259,0.6867211570666856,0.6867211570666856
64919,60,32,Standard,71.0,1,71.92818138808973,-0.9281813880897261,-0.05565713008216881,0.05565713008216881
64919,26,33,Standard,67.0,1,78.68372414836627,-11.683724148366267,-0.7005985716952734,0.7005985716952734
64919,13,34,Standard,87.0,1,69.69988969194227,17.300110308057725,1.0373775020775988,1.0373775020775988
64919,6,35,Standard,68.0,1,72.25542467180132,-4.255424671801322,-0.2551707323077903,0.2551707323077903
64919,67,36,Standard,74.0,1,71.95068097343233,2.049319026567673,0.12288461835706901,0.12288461835706901
64919,116,37,Standard,73.0,1,73.75443080006366,-0.754430800063659,-0.045238413219592266,0.045238413219592266
64919,81,38,Standard,78.0,1,69.71871785931158,8.281282140688418,0.4965757806241219,0.4965757806241219
64919,66,39,Standard,78.0,0,68.73032059751307,9.26967940248693,0.5558436733858989,0.5558436733858989
64919,2,40,Standard,75.0,1,69.6160561261431,5.383943873856893,0.3228408459676868,0.3228408459676868
64919,83,41,Standard,80.0,0,71.2104766086251,8.7895233913749,0.5270517735340844,0.5270517735340844
64919,69,42,Standard,77.0,1,69.08016860802765,7.919831391972352,0.474901879813645,0.474901879813645
64919,18,43,Standard,75.0,1,71.94764511100566,3.052354888994344,0.18303029482560534,0.18303029482560534
64919,79,44,Standard,76.0,1,70.21544979033287,5.784550209667131,0.34686265811565464,0.34686265811565464
64919,48,45,Standard,76.0,1,77.2624007142325,-1.2624007142324984,-0.07569813580561571,0.07569813580561571
64919,121,46,Standard,77.0,1,71.44136691423786,5.558633085762139,0.333315846130071,0.333315846130071
64919,73,47,Standard,74.0,0,67.23050612233922,6.7694938776607785,0.4059234608386582,0.4059234608386582
64919,57,48,Standard,74.0,1,72.49626718239746,1.5037328176025397,0.09016928599525016,0.09016928599525016
64919,100,49,Standard,74.0,0,68.48858303338871,5.511416966611293,0.33048459598944674,0.33048459598944674
64919,8,50,Standard,74.0,1,74.37808147065081,-0.37808147065081243,-0.022671139352382453,0.022671139352382453
64919,27,51,Standard,76.0,1,71.73746388249236,4.262536117507636,0.25559716044331154,0.25559716044331154
64919,124,52,Standard,76.0,1,69.50668390497924,6.493316095020759,0.38936283705171093,0.38936283705171093
64919,110,53,Standard,74.0,0,66.09153095868702,7.9084690413129834,0.47422055196458185,0.47422055196458185
64919,75,54,Standard,72.0,0,65.30361902780032,6.696380972199677,0.4015393452529011,0.4015393452529011
64919,22,55,Standard,72.0,1,77.27010960382835,-5.270109603828345,-0.31601492933534947,0.31601492933534947
64919,3,56,Standard,73.0,0,72.0872126603524,0.9127873396475934,0.05473404697833894,0.05473404697833894
64919,82,57,Standard,77.0,1,66.8327651706789,10.167234829321103,0.6096643595020883,0.6096643595020883
64919,32,58,Standard,75.0,1,70.05632125500959,4.943678744990407,0.29644094842352703,0.29644094842352703
64919,120,59,Standard,85.0,1,67.71449210503354,17.285507894966457,1.0365018883070978,1.0365018883070978
64919,35,60,Standard,76.0,0,74.56446009067862,1.4355399093213776,0.08608019132519075,0.08608019132519075
64919,115,61,Standard,79.0,1,75.34009483570101,3.6599051642989906,0.2194612178520638,0.2194612178520638
64919,23,62,Standard,78.0,1,70.69979944483823,7.300200555161766,0.4377465624049791,0.4377465624049791
64919,20,63,Standard,75.0,1,67.6826720764749,7.317327923525099,0.438773581672113,0.438773581672113
64919,101,64,Standard,82.0,1,72.89391975631669,9.106080243683309,0.5460336731211809,0.5460336731211809
64923,45,1,Neutral,100.0,1,76.69063592357864,23.30936407642136,1.3977142023974791,1.3977142023974791
64923,128,2,Neutral,100.0,0,77.16872238302291,22.83127761697709,1.3690464003867355,1.3690464003867355
64923,93,3,Neutral,100.0,0,76.65687960068767,23.343120399312326,1.3997383542263633,1.3997383542263633
64923,30,4,Neutral,100.0,1,80.06198674891228,19.938013251087725,1.1955557516399182,1.1955557516399182
64923,52,5,Neutral,78.0,1,81.70667512752449,-3.706675127524491,-0.22226571486157323,0.22226571486157323
64923,84,6,Neutral,26.0,0,79.35475009891043,-53.35475009891043,-3.199344766940751,3.199344766940751
64923,117,7,Neutral,64.0,0,78.63814743888781,-14.638147438887813,-0.8777565318831707,0.8777565318831707
64923,38,8,Neutral,67.0,0,75.1765887579733,-8.176588757973306,-0.49029798482333603,0.49029798482333603
64923,43,9,Neutral,73.0,0,80.20853493778246,-7.20853493778246,-0.4322499587712407,0.4322499587712407
64923,42,10,Neutral,23.0,0,78.25293974432353,-55.25293974432353,-3.313167118230098,3.313167118230098
64923,62,11,Neutral,67.0,1,72.81084975925164,-5.810849759251639,-0.3484396747108052,0.3484396747108052
64923,4,12,Neutral,92.0,0,79.18651273255813,12.813487267441872,0.7683432751414809,0.7683432751414809
64923,108,13,Neutral,81.0,1,75.77827751608923,5.221722483910767,0.3131134617320217,0.3131134617320217
64923,10,14,Neutral,91.0,1,77.18563892536493,13.814361074635073,0.8283593069188845,0.8283593069188845
64923,44,15,Neutral,96.0,1,77.38058708297633,18.619412917023666,1.1164876823367444,1.1164876823367444
64923,78,16,Neutral,72.0,1,78.10541975738224,-6.105419757382236,-0.3661031625965093,0.3661031625965093
64923,109,17,Neutral,23.0,0,75.85479974026514,-52.854799740265136,-3.1693659260559794,3.1693659260559794
64923,87,18,Neutral,77.0,1,75.67117628797162,1.328823712028381,0.07968110020913775,0.07968110020913775
64923,21,19,Neutral,90.0,0,75.02377220821813,14.976227791781866,0.8980290588059266,0.8980290588059266
64923,95,20,Neutral,81.0,1,75.13279604725669,5.86720395274331,0.35181887700691766,0.35181887700691766
64923,103,21,Neutral,89.0,0,76.04674077299025,12.953259227009752,0.7767245099252549,0.7767245099252549
64923,61,22,Neutral,80.0,1,74.09600363058733,5.903996369412667,0.3540250840553247,0.3540250840553247
64923,33,23,Neutral,77.0,0,75.68508535438878,1.3149146456112248,0.07884706202561585,0.07884706202561585
64923,59,24,Neutral,33.0,1,74.82823582036507,-41.828235820365066,-2.5081730705169485,2.5081730705169485
64923,39,25,Neutral,79.0,1,79.80576852606075,-0.8057685260607457,-0.04831680988925958,0.04831680988925958
64923,86,26,Neutral,76.0,0,77.1481413497568,-1.1481413497567985,-0.06884672896495708,0.06884672896495708
64923,55,27,Neutral,86.0,1,82.5059955746025,3.494004425397506,0.20951320647815413,0.20951320647815413
64923,9,28,Neutral,100.0,0,80.30010378211888,19.69989621788112,1.1812773887444548,1.1812773887444548
64923,97,29,Neutral,82.0,0,76.51141270444175,5.488587295558247,0.3291156459244734,0.3291156459244734
64923,53,30,Neutral,69.0,0,73.26844855247192,-4.268448552471924,-0.25595169153619085,0.25595169153619085
64923,37,31,Neutral,84.0,1,77.26338157644426,6.73661842355574,0.4039521291042434,0.4039521291042434
64923,54,32,Neutral,85.0,1,78.31485103743796,6.685148962562039,0.4008658331253063,0.4008658331253063
64923,94,33,Neutral,84.0,1,83.96787076976335,0.03212923023664871,0.001926585438651614,0.001926585438651614
64923,89,34,Neutral,23.0,1,72.21143074322663,-49.21143074322663,-2.9508962769038347,2.9508962769038347
64923,119,35,Neutral,81.0,1,73.01513519913412,7.9848648008658785,0.47880151941525706,0.47880151941525706
64923,98,36,Neutral,98.0,0,72.13637787974224,25.86362212025776,1.5508767997447617,1.5508767997447617
64923,104,37,Neutral,88.0,0,77.19821614535154,10.801783854648463,0.6477142257236508,0.6477142257236508
64923,127,38,Neutral,85.0,1,74.44206837147587,10.55793162852413,0.6330919598127162,0.6330919598127162
64923,85,39,Neutral,87.0,0,76.97247041625972,10.027529583740275,0.6012871251314915,0.6012871251314915
64923,24,40,Neutral,80.0,0,77.2143106879382,2.7856893120618054,0.16704005747090397,0.16704005747090397
64923,34,41,Neutral,73.0,1,81.04485863359426,-8.04485863359426,-0.4823989677105342,0.4823989677105342
64923,40,42,Neutral,67.0,1,81.67013811952243,-14.670138119522434,-0.8796748093840401,0.8796748093840401
64923,70,43,Neutral,74.0,0,73.66321948732528,0.3367805126747214,0.020194583778127315,0.020194583778127315
64923,77,44,Neutral,79.0,0,74.82061852001111,4.179381479988891,0.25061090610045994,0.25061090610045994
64923,46,45,Neutral,77.0,1,73.632476326544,3.367523673456006,0.2019289608188153,0.2019289608188153
64923,71,46,Neutral,99.0,0,74.15835129303655,24.841648706963454,1.4895955588858998,1.4895955588858998
64923,19,47,Neutral,63.0,0,78.26795569605676,-15.26795569605676,-0.9155221244126855,0.9155221244126855
64923,11,48,Neutral,72.0,1,83.2532723133799,-11.253272313379895,-0.6747871149246829,0.6747871149246829
64923,122,49,Neutral,88.0,1,72.93579614260645,15.06420385739355,0.9033044235037087,0.9033044235037087
64923,41,50,Neutral,89.0,1,82.74242927503747,6.257570724962534,0.37522668769990847,0.37522668769990847
64923,65,51,Neutral,100.0,0,73.54997325319734,26.450026746802664,1.586039752804579,1.586039752804579
64923,47,52,Neutral,81.0,0,79.22694146431408,1.7730585356859194,0.10631903508329278,0.10631903508329278
64923,56,53,Neutral,75.0,1,83.24505639856444,-8.245056398564444,-0.4944035534413869,0.4944035534413869
64923,1,54,Neutral,83.0,1,78.97454819227215,4.025451807727848,0.24138072339859531,0.24138072339859531
64923,88,55,Neutral,68.0,1,74.84842605694074,-6.848426056940738,-0.41065652123636265,0.41065652123636265
64923,25,56,Neutral,79.0,0,77.8254454636388,1.1745545363611996,0.07043055964890486,0.07043055964890486
64923,96,57,Neutral,68.0,1,68.78244266458134,-0.7824426645813389,-0.04691810644260903,0.04691810644260903
64923,118,58,Neutral,76.0,0,76.46564873477051,-0.46564873477051094,-0.027921990826661913,0.027921990826661913
64923,126,59,Neutral,81.0,0,75.80934543374144,5.190654566258559,0.31125051645393353,0.31125051645393353
64923,74,60,Neutral,64.0,0,73.15296581448044,-9.152965814480439,-0.5488451023809328,0.5488451023809328
64923,92,61,Neutral,73.0,1,78.21053487172891,-5.21053487172891,-0.31244261183726574,0.31244261183726574
64923,107,62,Neutral,81.0,1,75.47281897071267,5.527181029287334,0.33142986649178857,0.33142986649178857
64923,14,63,Neutral,69.0,1,77.35542902758024,-8.355429027580243,-0.5010218974951135,0.5010218974951135
64923,12,64,Neutral,87.0,1,78.92642823761004,8.07357176238996,0.4841207112888421,0.4841207112888421
64926,69,1,Standard,85.0,1,72.04823757042656,12.951762429573435,0.7766347565099324,0.7766347565099324
64926,68,2,Standard,72.0,0,69.14802281421734,2.8519771857826584,0.17101491934369478,0.17101491934369478
64926,29,3,Standard,72.0,1,74.99953865300286,-2.9995386530028583,-0.1798632413221101,0.1798632413221101
64926,110,4,Standard,71.0,0,69.40951323539485,1.5904867646051457,0.09537136801868204,0.09537136801868204
64926,116,5,Standard,83.0,0,75.47602610561525,7.523973894384753,0.4511648252681115,0.4511648252681115
64926,99,6,Standard,71.0,1,70.36772529951311,0.6322747004868887,0.037913489436680305,0.037913489436680305
64926,80,7,Standard,86.0,0,75.34457512801406,10.655424871985943,0.6389380090904917,0.6389380090904917
64926,82,8,Standard,79.0,1,70.15074744738672,8.84925255261328,0.530633351164708,0.530633351164708
64926,31,9,Standard,70.0,0,70.57474297008386,-0.5747429700838609,-0.034463677746872916,0.034463677746872916
64926,36,10,Standard,80.0,0,69.8002866905404,10.199713309459597,0.6116118872344204,0.6116118872344204
64926,60,11,Standard,74.0,1,73.16864588646656,0.8313541135334361,0.04985101472084642,0.04985101472084642
64926,76,12,Standard,72.0,0,68.5301487625973,3.4698512374026933,0.20806489352620727,0.20806489352620727
64926,2,13,Standard,76.0,0,71.9717767885014,4.028223211498599,0.24154690684307956,0.24154690684307956
64926,50,14,Standard,69.0,0,66.56214709784294,2.4378529021570614,0.14618252190533254,0.14618252190533254
64926,5,15,Standard,71.0,1,69.42317294170735,1.5768270582926505,0.09455228237348995,0.09455228237348995
64926,72,16,Standard,73.0,1,71.49223252818359,1.5077674718164076,0.09041121852837278,0.09041121852837278
64926,112,17,Standard,62.0,1,71.4253447451888,-9.425344745188795,-0.5651779331967685,0.5651779331967685
64926,18,18,Standard,68.0,0,73.36306626653693,-5.363066266536933,-0.3215889487401385,0.3215889487401385
64926,114,19,Standard,61.0,1,70.38125717581572,-9.381257175815719,-0.5625342822734786,0.5625342822734786
64926,105,20,Standard,62.0,0,70.21493316508908,-8.214933165089079,-0.49259725486058425,0.49259725486058425
64926,51,21,Standard,100.0,0,70.49303535218907,29.506964647810932,1.769344861690346,1.769344861690346
64926,106,22,Standard,69.0,1,69.97111333362179,-0.971113333621787,-0.05823148559911818,0.05823148559911818
64926,15,23,Standard,74.0,1,74.76571828996042,-0.765718289960418,-0.04591525214520144,0.04591525214520144
64926,101,24,Standard,74.0,1,74.79488460782619,-0.7948846078261909,-0.04766417058754827,0.04766417058754827
64926,123,25,Standard,88.0,0,70.79061347304578,17.20938652695422,1.031937374370647,1.031937374370647
64926,121,26,Standard,69.0,1,72.63809224832606,-3.6380922483260605,-0.21815323611772264,0.21815323611772264
64926,32,27,Standard,69.0,0,71.56363362792153,-2.563633627921533,-0.15372479145041637,0.15372479145041637
64926,81,28,Standard,70.0,1,70.30750778216262,-0.30750778216261665,-0.0184392844466835,0.0184392844466835
64926,64,29,Standard,74.0,0,70.81655815502221,3.183441844977793,0.1908907452234117,0.1908907452234117
64926,111,30,Standard,64.0,0,71.83556127945225,-7.83556127945225,-0.46984873753482476,0.46984873753482476
64926,8,31,Standard,69.0,1,75.53106764045042,-6.531067640450416,-0.3916265569471353,0.3916265569471353
64926,120,32,Standard,65.0,0,69.04684782079104,-4.046847820791044,-0.24266370611897603,0.24266370611897603
64926,124,33,Standard,66.0,1,70.65967007477882,-4.659670074778816,-0.27941075615155886,0.27941075615155886
64926,73,34,Standard,67.0,0,67.95051353805607,-0.9505135380560716,-0.05699624697423393,0.05699624697423393
64926,16,35,Standard,66.0,0,71.64242541942262,-5.642425419422622,-0.33834033905168426,0.33834033905168426
64926,7,36,Standard,67.0,1,76.69599372683511,-9.695993726835113,-0.581407029978269,0.581407029978269
64926,3,37,Standard,65.0,1,73.06965506180099,-8.069655061800987,-0.4838858516838439,0.4838858516838439
64926,17,38,Standard,66.0,1,76.87177604697747,-10.871776046977473,-0.6519112120058357,0.6519112120058357
64926,67,39,Standard,62.0,1,72.99422670713216,-10.994226707132157,-0.6592537987117629,0.6592537987117629
64926,91,40,Standard,63.0,1,69.26495690250815,-6.264956902508146,-0.37566958975519765,0.37566958975519765
64926,90,41,Standard,64.0,1,71.92931847470219,-7.929318474702185,-0.4754707597808262,0.4754707597808262
64926,23,42,Standard,71.0,0,71.89652477892642,-0.8965247789264197,-0.05375888472110993,0.05375888472110993
64926,48,43,Standard,70.0,1,77.50127732277463,-7.5012773227746266,-0.4498038563295683,0.4498038563295683
64926,22,44,Standard,70.0,1,77.902638690968,-7.902638690968004,-0.4738709429638638,0.4738709429638638
64926,6,45,Standard,67.0,0,72.99279625548084,-5.99279625548084,-0.3593498480223655,0.3593498480223655
64926,27,46,Standard,72.0,0,72.27810175225136,-0.27810175225135936,-0.016675991998706962,0.016675991998706962
64926,20,47,Standard,71.0,0,68.70444075340863,2.295559246591367,0.13765007706285784,0.13765007706285784
64926,57,48,Standard,72.0,1,72.81820923071336,-0.8182092307133644,-0.04906279976370608,0.04906279976370608
64926,63,49,Standard,75.0,1,67.66060084271314,7.339399157286863,0.4400970530800893,0.4400970530800893
64926,49,50,Standard,72.0,0,72.98086763568713,-0.9808676356871331,-0.058816389009031474,0.058816389009031474
64926,75,51,Standard,67.0,1,66.60959974723185,0.3904002527681456,0.023409818308409987,0.023409818308409987
64926,26,52,Standard,73.0,1,78.00407830684746,-5.004078306847461,-0.30006272571223414,0.30006272571223414
64926,58,53,Standard,65.0,1,72.26600735685825,-7.266007356858253,-0.43569621393826324,0.43569621393826324
64926,79,54,Standard,74.0,1,70.95282137401242,3.047178625987584,0.182719907279374,0.182719907279374
64926,102,55,Standard,70.0,0,67.85324075558292,2.1467592444170833,0.12872748802637038,0.12872748802637038
64926,13,56,Standard,71.0,1,68.88902635755761,2.1109736424423886,0.12658165324694926,0.12658165324694926
64926,66,57,Standard,67.0,0,68.09441392028288,-1.094413920282875,-0.06562503698795567,0.06562503698795567
64926,125,58,Standard,69.0,0,65.16741966595389,3.8325803340461135,0.22981544872535853,0.22981544872535853
64926,113,59,Standard,71.0,1,74.46535090738128,-3.4653509073812785,-0.20779503737887592,0.20779503737887592
64926,115,60,Standard,68.0,1,75.53523227995453,-7.535232279954528,-0.451839918992477,0.451839918992477
64926,35,61,Standard,78.0,1,74.67211920635488,3.3278807936451216,0.1995518296386619,0.1995518296386619
64926,28,62,Standard,75.0,0,71.50062844601031,3.4993715539896897,0.20983503901870712,0.20983503901870712
64926,83,63,Standard,80.0,1,70.39961327424047,9.600386725759535,0.5756740866506926,0.5756740866506926
64926,100,64,Standard,78.0,0,67.98389384902435,10.016106150975645,0.6006021345773559,0.6006021345773559
64939,79,1,Standard,50.0,0,65.30336511938637,-15.30336511938637,-0.9176454021530923,0.9176454021530923
64939,36,2,Standard,50.0,0,62.182568042926675,-12.182568042926675,-0.7305110649713834,0.7305110649713834
64939,69,3,Standard,61.0,1,63.99312727992668,-2.993127279926682,-0.17947879208634115,0.17947879208634115
64939,57,4,Standard,50.0,1,66.43401296078774,-16.43401296078774,-0.985443156766026,0.985443156766026
64939,5,5,Standard,50.0,0,61.21070638101944,-11.210706381019442,-0.6722347068880055,0.6722347068880055
64939,26,6,Standard,99.0,1,71.36622166054968,27.633778339450316,1.6570218013808387,1.6570218013808387
64939,123,7,Standard,82.0,1,63.61028646831819,18.389713531681807,1.1027140722064255,1.1027140722064255
64939,66,8,Standard,57.0,0,61.58777476685094,-4.587774766850941,-0.27509965214000925,0.27509965214000925
64939,3,9,Standard,50.0,1,65.64449345830815,-15.644493458308148,-0.9381006973978706,0.9381006973978706
64939,67,10,Standard,67.0,1,66.29503050957933,0.704969490420666,0.04227253329551823,0.04227253329551823
64939,80,11,Standard,61.0,1,66.8608989722349,-5.8608989722349065,-0.3514408074562623,0.3514408074562623
64939,50,12,Standard,50.0,0,57.9997672228461,-7.999767222846103,-0.47969512280930887,0.47969512280930887
64939,72,13,Standard,50.0,1,63.65581805912678,-13.65581805912678,-0.8188524913858506,0.8188524913858506
64939,91,14,Standard,81.0,0,62.434543212089494,18.565456787910506,1.1132522766980233,1.1132522766980233
64939,114,15,Standard,60.0,0,62.247494334345475,-2.2474943343454754,-0.1347679302027885,0.1347679302027885
64939,102,16,Standard,61.0,0,61.2503486642142,-0.25034866421420077,-0.015011815954146263,0.015011815954146263
64939,115,17,Standard,57.0,1,68.7661581407909,-11.766158140790907,-0.7055416135386499,0.7055416135386499
64939,15,18,Standard,85.0,1,66.33455590782941,18.66544409217059,1.1192478789274776,1.1192478789274776
64939,20,19,Standard,51.0,1,61.62041785486515,-10.620417854865153,-0.6368388610891614,0.6368388610891614
64939,22,20,Standard,55.0,1,70.3025204303207,-15.302520430320698,-0.917594751526167,0.917594751526167
64939,112,21,Standard,79.0,1,62.600529884460265,16.399470115539735,0.9833718421975092,0.9833718421975092
64939,83,22,Standard,72.0,1,63.54306080649961,8.45693919350039,0.5071088160454927,0.5071088160454927
64939,16,23,Standard,62.0,0,64.19966342896336,-2.199663428963362,-0.1318998152449147,0.1318998152449147
64939,8,24,Standard,96.0,0,67.52852229184602,28.471477708153984,1.707253300667467,1.707253300667467
64939,32,25,Standard,64.0,0,63.0012537529247,0.998746247075303,0.05988845553879443,0.05988845553879443
64939,68,26,Standard,50.0,1,59.44842466771651,-9.448424667716509,-0.5665618892498575,0.5665618892498575
64939,2,27,Standard,53.0,0,63.391796526538144,-10.391796526538144,-0.6231298951763214,0.6231298951763214
64939,120,28,Standard,50.0,0,60.571946274371435,-10.571946274371435,-0.6339323289226638,0.6339323289226638
64939,63,29,Standard,50.0,1,60.226664629860736,-10.226664629860736,-0.6132279863770025,0.6132279863770025
64939,35,30,Standard,88.0,1,67.3781750957279,20.621824904272103,1.2365595841034354,1.2365595841034354
64939,99,31,Standard,50.0,0,60.96552669367305,-10.965526693673048,-0.657532841576713,0.657532841576713
64939,23,32,Standard,100.0,0,64.02519692318788,35.97480307681212,2.157179965273107,2.157179965273107
64939,101,33,Standard,81.0,1,65.75137392565459,15.24862607434541,0.9143630500293457,0.9143630500293457
64939,27,34,Standard,100.0,0,64.49425222509004,35.50574777490996,2.129053704297945,2.129053704297945
64939,29,35,Standard,97.0,1,64.9500271921931,32.049972807806896,1.921832875107859,1.921832875107859
64939,7,36,Standard,73.0,1,68.04613552326106,4.953864476738943,0.29705172192554374,0.29705172192554374
64939,82,37,Standard,83.0,0,60.91467972109423,22.08532027890577,1.3243160867502695,1.3243160867502695
64939,75,38,Standard,54.0,0,59.210576921061204,-5.210576921061204,-0.3124451332680845,0.3124451332680845
64939,17,39,Standard,50.0,1,68.1781786791148,-18.178178679114794,-1.0900296734915738,1.0900296734915738
64939,13,40,Standard,54.0,1,60.938994782601384,-6.938994782601384,-0.41608735125531526,0.41608735125531526
64939,28,41,Standard,100.0,0,64.45151893414858,35.54848106585142,2.1316161477635083,2.1316161477635083
64939,73,42,Standard,50.0,0,58.95074202017308,-8.950742020173081,-0.5367190285661599,0.5367190285661599
64939,64,43,Standard,50.0,0,61.55435165140753,-11.55435165140753,-0.692840926492856,0.692840926492856
64939,81,44,Standard,50.0,0,60.9578229499707,-10.957822949970698,-0.6570708971002741,0.6570708971002741
64939,124,45,Standard,50.0,1,61.82608060469073,-11.82608060469073,-0.7091347822995323,0.7091347822995323
64939,76,46,Standard,50.0,0,58.39315897321032,-8.39315897321032,-0.5032843221880371,0.5032843221880371
64939,113,47,Standard,50.0,1,66.3403626752706,-16.340362675270597,-0.9798275452162327,0.9798275452162327
64939,6,48,Standard,50.0,1,64.89394680069236,-14.893946800692362,-0.8930951914787834,0.8930951914787834
64939,110,49,Standard,50.0,1,59.47361888048452,-9.473618880484523,-0.5680726258314572,0.5680726258314572
64939,100,50,Standard,50.0,0,59.94638394549091,-9.946383945490908,-0.5964213376877887,0.5964213376877887
64939,116,51,Standard,50.0,0,65.15530504971426,-15.155305049714258,-0.9087671821591797,0.9087671821591797
64939,125,52,Standard,50.0,1,56.779996448111504,-6.779996448111504,-0.4065532331410055,0.4065532331410055
64939,121,53,Standard,53.0,1,63.14841531390876,-10.148415313908757,-0.6085358729467351,0.6085358729467351
64939,90,54,Standard,50.0,1,62.71085113537612,-12.710851135376117,-0.7621888395679871,0.7621888395679871
64939,60,55,Standard,50.0,0,62.9354031591428,-12.935403159142801,-0.7756537951869726,0.7756537951869726
64939,48,56,Standard,54.0,1,68.28280998344856,-14.282809983448558,-0.8564492063601367,0.8564492063601367
64939,105,57,Standard,50.0,0,60.62895212448767,-10.628952124487668,-0.6373506069188362,0.6373506069188362
64939,58,58,Standard,50.0,1,64.07967957349254,-14.079679573492541,-0.8442687685754119,0.8442687685754119
64939,31,59,Standard,52.0,0,59.73792655207903,-7.737926552079031,-0.46399420436741,0.46399420436741
64939,49,60,Standard,80.0,0,64.23475649417628,15.765243505823719,0.9453413091880227,0.9453413091880227
64939,51,61,Standard,63.0,0,60.09361057707039,2.906389422929607,0.17427767487813,0.17427767487813
64939,106,62,Standard,66.0,1,59.57168855850311,6.428311441496888,0.3854649217265927,0.3854649217265927
64939,111,63,Standard,71.0,0,61.74231065435389,9.257689345646106,0.5551247059924073,0.5551247059924073
64939,18,64,Standard,100.0,0,63.04234521063594,36.95765478936406,2.2161153267433127,2.2161153267433127
64947,72,1,Standard,74.0,0,66.99287127766354,7.007128722336461,0.4201729099569936,0.4201729099569936
64947,31,2,Standard,38.0,1,65.89606334185324,-27.896063341853235,-1.6727493635628226,1.6727493635628226
64947,113,3,Standard,63.0,1,71.9298903292928,-8.929890329292803,-0.5354686853825444,0.5354686853825444
64947,48,4,Standard,61.0,1,74.2222509517797,-13.2222509517797,-0.7928542315601177,0.7928542315601177
64947,121,5,Standard,62.0,1,68.7423558567344,-6.742355856734406,-0.40429616645390404,0.40429616645390404
64947,7,6,Standard,68.0,1,73.02331487724265,-5.023314877242655,-0.3012162204004045,0.3012162204004045
64947,100,7,Standard,78.0,0,65.49217243522449,12.50782756477551,0.7500148082593868,0.7500148082593868
64947,15,8,Standard,59.0,1,70.43695197603871,-11.436951976038713,-0.6858012151956339,0.6858012151956339
64947,23,9,Standard,67.0,0,68.52565835879815,-1.5256583587981538,-0.09148402114734984,0.09148402114734984
64947,123,10,Standard,64.0,1,66.29125222252571,-2.2912522225257135,-0.1373918122433246,0.1373918122433246
64947,76,11,Standard,66.0,1,63.589034148634994,2.410965851365006,0.144570276602139,0.144570276602139
64947,116,12,Standard,72.0,0,70.35559311394238,1.6444068860576238,0.09860461450717639,0.09860461450717639
64947,35,13,Standard,79.0,1,71.78674531395748,7.213254686042518,0.4325329720337731,0.4325329720337731
64947,26,14,Standard,78.0,1,74.68131277156391,3.31868722843609,0.19900055004899994,0.19900055004899994
64947,105,15,Standard,41.0,1,65.27818027168286,-24.278180271682857,-1.4558079432301367,1.4558079432301367
64947,102,16,Standard,70.0,0,64.74480932118632,5.255190678813676,0.3151203363593618,0.3151203363593618
64947,57,17,Standard,37.0,0,69.35986448200786,-32.359864482007865,-1.9404151063868997,1.9404151063868997
64947,17,18,Standard,71.0,1,72.76170555449885,-1.761705554498846,-0.10563826906184755,0.10563826906184755
64947,125,19,Standard,31.0,0,61.88839329495895,-30.888393294958952,-1.8521803450345986,1.8521803450345986
64947,27,20,Standard,68.0,0,68.60106118210278,-0.6010611821027823,-0.036041813409431155,0.036041813409431155
64947,111,21,Standard,69.0,0,67.24435997979887,1.7556400202011275,0.10527455757640097,0.10527455757640097
64947,50,22,Standard,67.0,0,61.227380005283095,5.772619994716905,0.3461472790594558,0.3461472790594558
64947,106,23,Standard,39.0,0,64.94252039108225,-25.942520391082255,-1.555607826868215,1.555607826868215
64947,67,24,Standard,36.0,1,68.4948654566121,-32.494865456612104,-1.9485102555691427,1.9485102555691427
64947,69,25,Standard,67.0,0,65.84304891265052,1.1569510873494835,0.0693749928554828,0.0693749928554828
64947,32,26,Standard,67.0,0,66.62251901395922,0.37748098604077995,0.02263513211233027,0.02263513211233027
64947,80,27,Standard,66.0,1,69.65553300058919,-3.6555330005891875,-0.2191990470226768,0.2191990470226768
64947,58,28,Standard,38.0,1,68.20403774922436,-30.204037749224355,-1.8111438987966548,1.8111438987966548
64947,83,29,Standard,71.0,0,66.90189108180245,4.098108918197553,0.2457375078597981,0.2457375078597981
64947,73,30,Standard,63.0,0,63.140616416959624,-0.1406164169596238,-0.008431871518688233,0.008431871518688233
64947,91,31,Standard,67.0,0,64.5031606662564,2.496839333743594,0.14971956276611872,0.14971956276611872
64947,81,32,Standard,62.0,0,65.14769734675723,-3.1476973467572265,-0.18874737517450527,0.18874737517450527
64947,8,33,Standard,60.0,0,70.62933047022061,-10.629330470220609,-0.6373732939043161,0.6373732939043161
64947,2,34,Standard,67.0,0,65.8978056235912,1.1021943764088036,0.06609158142017127,0.06609158142017127
64947,5,35,Standard,66.0,0,63.56353587768414,2.4364641223158614,0.14609924561767043,0.14609924561767043
64947,22,36,Standard,67.0,1,73.267698227026,-6.267698227026003,-0.3758339695383366,0.3758339695383366
64947,112,37,Standard,66.0,1,65.56570768116558,0.434292318834423,0.02604174614274596,0.02604174614274596
64947,51,38,Standard,68.0,0,64.7646157810317,3.2353842189683064,0.1940053987847339,0.1940053987847339
64947,13,39,Standard,70.0,0,64.64773837221315,5.352261627786845,0.32094106332450645,0.32094106332450645
64947,64,40,Standard,71.0,0,65.35057356959652,5.64942643040348,0.33876014511962343,0.33876014511962343
64947,16,41,Standard,66.0,0,66.22454171884165,-0.22454171884164964,-0.013464337698220866,0.013464337698220866
64947,101,42,Standard,71.0,0,69.02272587238019,1.9772741276198076,0.11856454432417919,0.11856454432417919
64947,82,43,Standard,71.0,1,63.46442798243591,7.535572017564093,0.45186029089453406,0.45186029089453406
64947,66,44,Standard,75.0,1,63.67816927778395,11.321830722216049,0.6788981263366586,0.6788981263366586
64947,99,45,Standard,73.0,1,63.84763905060455,9.152360949395451,0.5488088324716788,0.5488088324716788
64947,110,46,Standard,74.0,1,62.41701962042373,11.58298037957627,0.6945576091027648,0.6945576091027648
64947,3,47,Standard,75.0,1,67.64740964066392,7.352590359336077,0.440888045506585,0.440888045506585
64947,79,48,Standard,78.0,0,66.05980764489482,11.940192355105182,0.7159773376644835,0.7159773376644835
64947,36,49,Standard,71.0,1,62.939010568435144,8.060989431564856,0.48336622899426496,0.48336622899426496
64947,114,50,Standard,75.0,0,64.21108424121608,10.788915758783915,0.646942607918518,0.646942607918518
64947,6,51,Standard,75.0,1,67.57491255489988,7.425087445100118,0.44523523430472683,0.44523523430472683
64947,60,52,Standard,76.0,1,66.56108130898077,9.438918691019225,0.5659918763317062,0.5659918763317062
64947,63,53,Standard,72.0,1,62.671385343906095,9.328614656093905,0.5593776454289926,0.5593776454289926
64947,124,54,Standard,70.0,1,64.92688878306532,5.073111216934677,0.30420218994409337,0.30420218994409337
64947,18,55,Standard,77.0,0,66.93045834620561,10.069541653794388,0.6038063215709238,0.6038063215709238
64947,28,56,Standard,72.0,0,66.60761471689271,5.392385283107288,0.3233470235518905,0.3233470235518905
64947,20,57,Standard,66.0,0,63.45279026886991,2.5472097311300885,0.1527399548959377,0.1527399548959377
64947,75,58,Standard,74.0,0,61.14797688236227,12.852023117637728,0.77065402480173,0.77065402480173
64947,29,59,Standard,75.0,1,67.56529167458949,7.4347083254105115,0.4458121372612089,0.4458121372612089
64947,120,60,Standard,72.0,0,62.8372974424589,9.162702557541103,0.5494289528890962,0.5494289528890962
64947,68,61,Standard,74.0,0,61.58255834293813,12.417441657061872,0.7445949406691021,0.7445949406691021
64947,49,62,Standard,73.0,0,67.64173882257117,5.35826117742883,0.32130081813013295,0.32130081813013295
64947,90,63,Standard,77.0,1,65.98220308210173,11.017796917898266,0.6606671542298835,0.6606671542298835
64947,115,64,Standard,72.0,1,70.37542184454914,1.6245781554508625,0.097415611740146,0.097415611740146
64973,27,1,Standard,100.0,0,70.45810040347435,29.541899596525653,1.7714396882080707,1.7714396882080707
64973,76,2,Standard,63.0,1,65.0086817271204,-2.008681727120404,-0.12044785816068157,0.12044785816068157
64973,82,3,Standard,62.0,1,66.23998965386839,-4.239989653868392,-0.2542451925243631,0.2542451925243631
64973,112,4,Standard,65.0,1,68.03509520257775,-3.0350952025777502,-0.18199534128700567,0.18199534128700567
64973,73,5,Standard,50.0,1,65.26009062406287,-15.260090624062869,-0.915050506105438,0.915050506105438
64973,110,6,Standard,48.0,1,65.19258129185621,-17.192581291856214,-1.0309296713850957,1.0309296713850957
64973,69,7,Standard,55.0,0,67.65634896973346,-12.656348969733457,-0.758920691594048,0.758920691594048
64973,106,8,Standard,76.0,1,66.62460295529934,9.375397044700662,0.5621828875095299,0.5621828875095299
64973,90,9,Standard,62.0,1,69.37011305357481,-7.370113053574812,-0.4419387699502657,0.4419387699502657
64973,29,10,Standard,54.0,1,70.73450582461949,-16.73450582461949,-1.003461801209509,1.003461801209509
64973,16,11,Standard,61.0,0,68.56271174738798,-7.562711747387979,-0.4534876877509952,0.4534876877509952
64973,101,12,Standard,60.0,1,71.36089590092654,-11.360895900926536,-0.6812406164588184,0.6812406164588184
64973,60,13,Standard,84.0,1,69.29290381612462,14.707096183875379,0.8818909492697046,0.8818909492697046
64973,49,14,Standard,100.0,0,70.76721380831258,29.232786191687424,1.7529041247891237,1.7529041247891237
64973,114,15,Standard,100.0,0,66.76795009120548,33.23204990879452,1.9927145150772023,1.9927145150772023
64973,102,16,Standard,44.0,0,65.7708044210742,-21.770804421074203,-1.305456572611268,1.305456572611268
64973,67,17,Standard,64.0,1,69.82703470652028,-5.82703470652028,-0.349410182983286,0.349410182983286
64973,50,18,Standard,77.0,0,62.42833176232543,14.571668237674572,0.8737701973184376,0.8737701973184376
64973,115,19,Standard,82.0,1,73.36967933742469,8.630320662575315,0.5175053991939665,0.5175053991939665
64973,22,20,Standard,76.0,1,74.99351995553171,1.0064800444682902,0.060352202143772696,0.060352202143772696
64973,111,21,Standard,82.0,0,68.27035507968674,13.729644920313262,0.8232794183522175,0.8232794183522175
64973,100,22,Standard,66.0,0,65.86208007078315,0.13791992921684937,0.008270180311570362,0.008270180311570362
64973,3,23,Standard,70.0,1,69.72314468347857,0.27685531652143425,0.016601251181395077,0.016601251181395077
64973,64,24,Standard,69.0,0,67.07639529810224,1.9236047018977587,0.11534633046299088,0.11534633046299088
64973,18,25,Standard,100.0,0,69.26862837475194,30.73137162524806,1.842764754925854,1.842764754925854
64973,125,26,Standard,81.0,0,62.60821424482651,18.391785755173487,1.1028383302597713,1.1028383302597713
64973,51,27,Standard,100.0,0,66.27174168809432,33.72825831190568,2.0224689747056828,2.0224689747056828
64973,57,28,Standard,87.0,1,69.90472877472098,17.09527122527902,1.0250946060591921,1.0250946060591921
64973,28,29,Standard,79.0,0,68.8145672525732,10.185432747426802,0.610755572823353,0.610755572823353
64973,36,30,Standard,45.0,0,64.7960497898067,-19.796049789806702,-1.1870431064470488,1.1870431064470488
64973,105,31,Standard,28.0,0,65.60434874295291,-37.60434874295291,-2.2548934470117263,2.2548934470117263
64973,99,32,Standard,35.0,1,65.44224328624442,-30.44224328624442,-1.8254275687024955,1.8254275687024955
64973,5,33,Standard,39.0,0,64.67700930614924,-25.677009306149245,-1.5396868170505242,1.5396868170505242
64973,7,34,Standard,79.0,1,72.82461337704929,6.175386622950711,0.3702986301940666,0.3702986301940666
64973,23,35,Standard,48.0,0,68.41443518718204,-20.414435187182036,-1.2241237427798533,1.2241237427798533
64973,123,36,Standard,64.0,1,66.18002905090961,-2.18002905090961,-0.13072246656345793,0.13072246656345793
64973,58,37,Standard,66.0,1,68.83638037051469,-2.8363803705146893,-0.17007967760390566,0.17007967760390566
64973,35,38,Standard,77.0,1,71.71926130662999,5.280738693370012,0.3166522881823019,0.3166522881823019
64973,20,39,Standard,68.0,0,65.26609032595286,2.7339096740471405,0.16393516215025872,0.16393516215025872
64973,113,40,Standard,72.0,1,71.33753635050192,0.6624636494980791,0.03972372855989505,0.03972372855989505
64973,79,41,Standard,37.0,1,67.391976894803,-30.391976894802994,-1.822413413147217,1.822413413147217
64973,75,42,Standard,64.0,0,62.873798610867965,1.126201389132035,0.06753112917146922,0.06753112917146922
64973,72,43,Standard,54.0,1,66.18182147742957,-12.181821477429565,-0.7304662981903203,0.7304662981903203
64973,80,44,Standard,74.0,1,69.93796230757061,4.062037692429385,0.24357454603944304,0.24357454603944304
64973,48,45,Standard,73.0,1,73.45494031583435,-0.45494031583434946,-0.027279875100843586,0.027279875100843586
64973,8,46,Standard,85.0,0,71.08671643435648,13.913283565643525,0.8342910590750453,0.8342910590750453
64973,15,47,Standard,95.0,1,69.75711966867061,25.24288033132939,1.5136548656086672,1.5136548656086672
64973,91,48,Standard,96.0,0,64.7855899732378,31.214410026762195,1.8717294933840185,1.8717294933840185
64973,68,49,Standard,56.0,0,63.13342341428939,-7.133423414289389,-0.42774599878306696,0.42774599878306696
64973,2,50,Standard,63.0,0,66.22397409486123,-3.2239740948612337,-0.19332120626608407,0.19332120626608407
64973,66,51,Standard,23.0,0,64.39799022765152,-41.39799022765152,-2.4823739807827523,2.4823739807827523
64973,63,52,Standard,41.0,1,63.7411196080826,-22.7411196080826,-1.363640198438087,1.363640198438087
64973,120,53,Standard,34.0,0,64.16946669236707,-30.169466692367067,-1.8090708925574928,1.8090708925574928
64973,116,54,Standard,76.0,0,69.5445433137084,6.455456686291598,0.387092649280752,0.387092649280752
64973,83,55,Standard,63.0,0,66.79066791018634,-3.790667910186343,-0.22730222743396508,0.22730222743396508
64973,6,56,Standard,56.0,1,68.38221183334467,-12.38221183334467,-0.742482432374322,0.742482432374322
64973,32,57,Standard,60.0,0,66.29260002090003,-6.292600020900025,-0.37732717162007434,0.37732717162007434
64973,26,58,Standard,80.0,1,73.78278464275273,6.2172153572472695,0.37280683315502816,0.37280683315502816
64973,13,59,Standard,73.0,1,64.79895018632872,8.201049813671276,0.4917647586419007,0.4917647586419007
64973,121,60,Standard,67.0,1,67.36269692074846,-0.36269692074846205,-0.021748625815526272,0.021748625815526272
64973,31,61,Standard,71.0,0,64.34144774871282,6.658552251287176,0.39927099763498314,0.39927099763498314
64973,81,62,Standard,67.0,0,64.86151751798664,2.1384824820133588,0.1282311832656044,0.1282311832656044
64973,17,63,Standard,80.0,1,71.81943826139906,8.180561738600943,0.4905362191840372,0.4905362191840372
64973,124,64,Standard,89.0,1,65.51549224006705,23.484507759932953,1.4082164543294393,1.4082164543294393
64976,78,1,Neutral,56.0,1,61.75709649820443,-5.757096498204433,-0.34521643377876887,0.34521643377876887
64976,108,2,Neutral,55.0,1,59.425541368107986,-4.425541368107986,-0.2653715478132328,0.2653715478132328
64976,128,3,Neutral,53.0,0,60.29111626357831,-7.29111626357831,-0.4372018352591296,0.4372018352591296
64976,40,4,Neutral,44.0,0,65.81613316568242,-21.816133165682416,-1.3081746489134796,1.3081746489134796
64976,42,5,Neutral,45.0,1,60.955542368959186,-15.955542368959186,-0.956752320781153,0.956752320781153
64976,87,6,Neutral,54.0,0,59.362179304278996,-5.362179304278996,-0.32153576325893685,0.32153576325893685
64976,93,7,Neutral,56.0,0,59.648055988377216,-3.648055988377216,-0.21875069819059764,0.21875069819059764
64976,12,8,Neutral,56.0,1,63.859728240965055,-7.859728240965055,-0.4712978763969788,0.4712978763969788
64976,11,9,Neutral,55.0,1,67.44300652382847,-12.443006523828473,-0.7461279030118296,0.7461279030118296
64976,47,10,Neutral,55.0,0,64.05957564092888,-9.059575640928884,-0.5432450880901348,0.5432450880901348
64976,71,11,Neutral,43.0,0,58.17312884633066,-15.173128846330663,-0.9098359617959693,0.9098359617959693
64976,41,12,Neutral,56.0,1,66.88842432119743,-10.888424321197434,-0.6529095030465675,0.6529095030465675
64976,53,13,Neutral,54.0,0,57.17814739022238,-3.178147390222378,-0.19057327047028963,0.19057327047028963
64976,33,14,Neutral,56.0,0,58.5626446361789,-2.562644636178902,-0.1536654879104229,0.1536654879104229
64976,84,15,Neutral,56.0,1,61.44500442350547,-5.445004423505473,-0.326502258487145,0.326502258487145
64976,30,16,Neutral,54.0,1,62.02102358064147,-8.021023580641469,-0.4809697312921666,0.4809697312921666
64976,43,17,Neutral,55.0,0,62.34252842666611,-7.342528426666107,-0.4402846954473438,0.4402846954473438
64976,39,18,Neutral,54.0,0,62.595849479273625,-8.595849479273625,-0.5154383817362507,0.5154383817362507
64976,46,19,Neutral,63.0,0,57.25360140124056,5.746398598759441,0.3445749488398807,0.3445749488398807
64976,1,20,Neutral,64.0,1,62.94558658127766,1.0544134187223406,0.06322646150769465,0.06322646150769465
64976,9,21,Neutral,59.0,0,63.60186720863216,-4.601867208632157,-0.27594468617695195,0.27594468617695195
64976,85,22,Neutral,57.0,0,60.199943012358744,-3.1999430123587445,-0.19188021520332524,0.19188021520332524
64976,92,23,Neutral,59.0,1,62.35652991788889,-3.356529917888892,-0.2012697352713717,0.2012697352713717
64976,122,24,Neutral,61.0,0,57.024864526314786,3.9751354736852136,0.23836357310340106,0.23836357310340106
64976,44,25,Neutral,60.0,1,60.10932848493419,-0.10932848493418845,-0.006555733379002359,0.006555733379002359
64976,61,26,Neutral,59.0,1,56.916636249925844,2.083363750074156,0.12492606373523105,0.12492606373523105
64976,74,27,Neutral,62.0,0,57.762491280848735,4.237508719151265,0.2540964266602246,0.2540964266602246
64976,95,28,Neutral,69.0,0,57.26678953614035,11.733210463859649,0.7035659510610361,0.7035659510610361
64976,117,29,Neutral,67.0,0,60.67147510103126,6.3285248989687375,0.37948135790037835,0.37948135790037835
64976,96,30,Neutral,64.0,1,53.12953314521795,10.870466854782052,0.6518327080827253,0.6518327080827253
64976,25,31,Neutral,69.0,0,61.914513847347166,7.085486152652834,0.4248715063175589,0.4248715063175589
64976,109,32,Neutral,65.0,0,57.682619079128486,7.317380920871514,0.4387767595856559,0.4387767595856559
64976,45,33,Neutral,69.0,0,58.457115711186944,10.542884288813056,0.632189666624729,0.632189666624729
64976,89,34,Neutral,58.0,1,55.37756378807063,2.6224362119293687,0.15725080814207557,0.15725080814207557
64976,65,35,Neutral,66.0,0,56.73370668500775,9.266293314992247,0.5556406312708776,0.5556406312708776
64976,88,36,Neutral,65.0,1,58.84560322326842,6.154396776731581,0.369040002714122,0.369040002714122
64976,94,37,Neutral,69.0,1,66.27682091580145,2.7231790841985486,0.16329171697593708,0.16329171697593708
64976,119,38,Neutral,58.0,1,55.87950698276127,2.1204930172387293,0.12715246956382378,0.12715246956382378
64976,126,39,Neutral,56.0,1,59.16803552270633,-3.168035522706333,-0.1899669261361585,0.1899669261361585
64976,37,40,Neutral,63.0,1,59.35363590103928,3.646364098960717,0.21864924635096042,0.21864924635096042
64976,34,41,Neutral,40.0,1,63.52876543678685,-23.52876543678685,-1.4108703055156406,1.4108703055156406
64976,55,42,Neutral,56.0,0,64.33381491346584,-8.333814913465844,-0.4997258366428788,0.4997258366428788
64976,118,43,Neutral,56.0,0,60.1173254755927,-4.1173254755927005,-0.24688980249573597,0.24688980249573597
64976,127,44,Neutral,56.0,0,57.34576643058818,-1.3457664305881778,-0.08069704720282712,0.08069704720282712
64976,77,45,Neutral,56.0,1,57.26078615891507,-1.2607861589150673,-0.07560132119967747,0.07560132119967747
64976,10,46,Neutral,67.0,1,58.95211871297323,8.047881287026769,0.4825802169980606,0.4825802169980606
64976,52,47,Neutral,62.0,1,62.35353703059524,-0.3535370305952412,-0.021199365504623653,0.021199365504623653
64976,104,48,Neutral,63.0,0,59.883218383020775,3.1167816169792246,0.18689355563457596,0.18689355563457596
64976,54,49,Neutral,64.0,1,60.73741828937551,3.262581710624488,0.19563625925063077,0.19563625925063077
64976,103,50,Neutral,69.0,0,57.773894285113386,11.226105714886614,0.6731581069251339,0.6731581069251339
64976,19,51,Neutral,60.0,0,61.08858831539527,-1.0885883153952705,-0.06527571254211213,0.06527571254211213
64976,70,52,Neutral,65.0,1,55.75347381192033,9.24652618807967,0.5544553224852874,0.5544553224852874
64976,24,53,Neutral,57.0,0,59.64129082867916,-2.6412908286791605,-0.15838139950121966,0.15838139950121966
64976,107,54,Neutral,60.0,0,58.30663908821416,1.6933609117858381,0.10154007584368153,0.10154007584368153
64976,62,55,Neutral,70.0,1,53.88191580704556,16.11808419295444,0.9664989194072207,0.9664989194072207
64976,56,56,Neutral,63.0,1,65.59774570889117,-2.5977457088911677,-0.15577027582692157,0.15577027582692157
64976,98,57,Neutral,66.0,1,54.213444706174286,11.786555293825714,0.7067647009807506,0.7067647009807506
64976,97,58,Neutral,38.0,1,57.72688374326451,-19.72688374326451,-1.182895658869382,1.182895658869382
64976,21,59,Neutral,67.0,1,56.269794913166514,10.730205086833486,0.6434221026079324,0.6434221026079324
64976,14,60,Neutral,63.0,1,59.97055332363868,3.0294466763613173,0.18165663512198812,0.18165663512198812
64976,4,61,Neutral,70.0,0,59.527200485608574,10.472799514391426,0.6279871287837234,0.6279871287837234
64976,59,62,Neutral,65.0,1,56.16173685389066,8.838263146109341,0.5299743864029017,0.5299743864029017
64976,86,63,Neutral,67.0,0,58.01369907427065,8.986300925729353,0.5388512698042633,0.5388512698042633
64976,38,64,Neutral,64.0,0,55.893328602654876,8.106671397345124,0.4861054857219551,0.4861054857219551
65018,55,1,Neutral,40.0,1,42.04074039063306,-2.0407403906330615,-0.12237021216204402,0.12237021216204402
65018,126,2,Neutral,30.0,0,36.70000434271907,-6.700004342719069,-0.40175661572063665,0.40175661572063665
65018,41,3,Neutral,36.0,1,43.19569654112894,-7.195696541128939,-0.4314801218387613,0.4314801218387613
65018,96,4,Neutral,44.0,1,29.49814491640452,14.50185508359548,0.8695839468205436,0.8695839468205436
65018,118,5,Neutral,58.0,0,37.18135098659367,20.81864901340633,1.2483618731667143,1.2483618731667143
65018,9,6,Neutral,57.0,0,39.65989194099499,17.34010805900501,1.0397759126210908,1.0397759126210908
65018,77,7,Neutral,39.0,1,34.83649414321642,4.16350585678358,0.24965894602324704,0.24965894602324704
65018,109,8,Neutral,43.0,1,34.645978763389245,8.354021236610755,0.5009374812310915,0.5009374812310915
65018,45,9,Neutral,41.0,1,34.73824915379628,6.261750846203718,0.3754773429647793,0.3754773429647793
65018,89,10,Neutral,40.0,1,31.658697230679962,8.341302769320038,0.5001748356991635,0.5001748356991635
65018,107,11,Neutral,35.0,1,36.101042893958606,-1.1010428939586063,-0.0660225343466786,0.0660225343466786
65018,30,12,Neutral,35.0,1,38.10959997912992,-3.109599979129918,-0.18646291852300392,0.18646291852300392
65018,61,13,Neutral,60.0,1,32.887182653711434,27.112817346288566,1.625783086474247,1.625783086474247
65018,1,14,Neutral,39.0,1,39.12164130834333,-0.12164130834332809,-0.007294055029225981,0.007294055029225981
65018,62,15,Neutral,36.0,1,31.03341964662375,4.966580353376251,0.2978142121124759,0.2978142121124759
65018,117,16,Neutral,39.0,0,36.64202150481686,2.35797849518314,0.14139296210998584,0.14139296210998584
65018,92,17,Neutral,31.0,1,38.532584644954554,-7.532584644954554,-0.45168115717340307,0.45168115717340307
65018,65,18,Neutral,37.0,1,33.3908922192482,3.609107780751799,0.21641522207990277,0.21641522207990277
65018,84,19,Neutral,32.0,1,37.183667507685,-5.183667507685001,-0.31083154702305477,0.31083154702305477
65018,19,20,Neutral,30.0,0,37.846439676375944,-7.846439676375944,-0.4705010457586662,0.4705010457586662
65018,11,21,Neutral,36.0,0,42.83175629369907,-6.831756293699073,-0.4096569416357742,0.4096569416357742
65018,128,22,Neutral,33.0,0,34.691465641777185,-1.6914656417771852,-0.10142642856442556,0.10142642856442556
65018,37,23,Neutral,32.0,1,36.010821435279745,-4.010821435279745,-0.24050343308342265,0.24050343308342265
65018,59,24,Neutral,30.0,1,33.22576236489163,-3.2257623648916294,-0.19342843743768579,0.19342843743768579
65018,4,25,Neutral,36.0,1,37.01543014133271,-1.0154301413327076,-0.06088888248645453,0.06088888248645453
65018,39,26,Neutral,35.0,1,38.1595559062987,-3.1595559062986993,-0.18945845751191914,0.18945845751191914
65018,85,27,Neutral,38.0,0,35.89486693224966,2.1051330677503373,0.12623143115721402,0.12623143115721402
65018,97,28,Neutral,35.0,0,34.95267841325694,0.04732158674305964,0.0028375743608408804,0.0028375743608408804
65018,40,29,Neutral,36.0,1,40.63627379980102,-4.6362737998010175,-0.2780078304555831,0.2780078304555831
65018,94,30,Neutral,34.0,1,42.496614807155765,-8.496614807155765,-0.5094879100659534,0.5094879100659534
65018,78,31,Neutral,35.0,1,35.84685883757959,-0.8468588375795889,-0.05078073433621263,0.05078073433621263
65018,34,32,Neutral,29.0,1,39.83603765671836,-10.83603765671836,-0.6497682082125013,0.6497682082125013
65018,47,33,Neutral,29.0,0,38.455512130324344,-9.455512130324344,-0.5669868792716125,0.5669868792716125
65018,98,34,Neutral,24.0,0,30.621382752846024,-6.621382752846024,-0.3970421793928012,0.3970421793928012
65018,119,35,Neutral,35.0,1,31.4126617436607,3.587338256339301,0.2151098422612587,0.2151098422612587
65018,44,36,Neutral,34.0,1,34.859591177442,-0.8595911774419989,-0.051544211717967706,0.051544211717967706
65018,25,37,Neutral,35.0,0,37.054016129649064,-2.0540161296490638,-0.12316627373237056,0.12316627373237056
65018,88,38,Neutral,30.0,1,33.98951839437376,-3.9895183943737607,-0.23922602531155351,0.23922602531155351
65018,103,39,Neutral,33.0,1,33.65696236032176,-0.6569623603217565,-0.03939385126302706,0.03939385126302706
65018,86,40,Neutral,30.0,0,34.93331959424277,-4.933319594242768,-0.2958197760879248,0.2958197760879248
65018,43,41,Neutral,36.0,0,37.20640822507334,-1.2064082250733392,-0.07234062261611994,0.07234062261611994
65018,38,42,Neutral,31.0,0,32.08698371668696,-1.0869837166869587,-0.06517949497065018,0.06517949497065018
65018,87,43,Neutral,33.0,1,32.97522372528282,0.024776274717183355,0.001485675496816276,0.001485675496816276
65018,52,44,Neutral,33.0,1,38.39837426479508,-5.3983742647950805,-0.3237061446645678,0.3237061446645678
65018,10,45,Neutral,27.0,1,34.227251376944416,-7.227251376944416,-0.43337226449992583,0.43337226449992583
65018,122,46,Neutral,34.0,1,31.464540179998856,2.535459820001144,0.1520353875122892,0.1520353875122892
65018,56,47,Neutral,34.0,1,41.905017928822716,-7.905017928822716,-0.47401361071445147,0.47401361071445147
65018,108,48,Neutral,31.0,1,32.64493331051427,-1.6449333105142685,-0.09863618083121378,0.09863618083121378
65018,46,49,Neutral,29.0,0,31.855046213916104,-2.855046213916104,-0.17119894942686695,0.17119894942686695
65018,71,50,Neutral,32.0,0,32.38092118040866,-0.38092118040866296,-0.022841418672153745,0.022841418672153745
65018,70,51,Neutral,29.0,1,31.710832717542928,-2.710832717542928,-0.1625513839507207,0.1625513839507207
65018,42,52,Neutral,32.0,1,34.81342138872828,-2.8134213887282797,-0.16870297359729955,0.16870297359729955
65018,74,53,Neutral,31.0,0,31.8566665090273,-0.8566665090272991,-0.05136883796829668,0.05136883796829668
65018,24,54,Neutral,29.0,0,34.99948893242415,-5.99948893242415,-0.35975116526058154,0.35975116526058154
65018,54,55,Neutral,31.0,1,35.7063768033264,-4.7063768033264,-0.2822114613799146,0.2822114613799146
65018,93,56,Neutral,30.0,0,32.73623043791764,-2.7362304379176408,-0.16407432358819302,0.16407432358819302
65018,95,57,Neutral,32.0,0,31.911973513104492,0.08802648689550807,0.00527838814124768,0.00527838814124768
65018,127,58,Neutral,29.0,0,31.964811630230145,-2.9648116302301446,-0.177780882799704,0.177780882799704
65018,53,59,Neutral,27.0,0,30.397539332628654,-3.3975393326286536,-0.20372880885338138,0.20372880885338138
65018,33,60,Neutral,34.0,0,32.46426282023659,1.5357371797634087,0.09208838389016737,0.09208838389016737
65018,14,61,Neutral,29.0,1,35.84043390068404,-6.84043390068404,-0.41017728249475033,0.41017728249475033
65018,21,62,Neutral,33.0,0,31.540514688334255,1.4594853116657447,0.08751604469421076,0.08751604469421076
65018,104,63,Neutral,30.0,0,34.45852441837413,-4.458524418374132,-0.2673493314045928,0.2673493314045928
65018,12,64,Neutral,33.0,1,37.3239547821366,-4.323954782136603,-0.2592800468387852,0.2592800468387852
65021,114,1,Standard,41.0,1,84.48189964594545,-43.48189964594545,-2.607332764768011,2.607332764768011
65021,76,2,Standard,76.0,0,82.45142168676912,-6.451421686769123,-0.3868506960416701,0.3868506960416701
65021,112,3,Standard,64.0,1,85.52157432651508,-21.52157432651508,-1.2905118301597769,1.2905118301597769
65021,20,4,Standard,41.0,0,83.89856233075373,-42.898562330753734,-2.572353738846981,2.572353738846981
65021,58,5,Standard,100.0,1,86.82600357739665,13.173996422603352,0.7899607145796176,0.7899607145796176
65021,69,6,Standard,100.0,1,84.29005808366836,15.709941916331644,0.9420252248540697,0.9420252248540697
65021,23,7,Standard,100.0,0,86.7407330419626,13.2592669580374,0.7950738458530172,0.7950738458530172
65021,35,8,Standard,100.0,1,90.47417619493716,9.525823805062842,0.5712030228804277,0.5712030228804277
65021,90,9,Standard,100.0,1,86.81285301322353,13.187146986776469,0.790749270211339,0.790749270211339
65021,73,10,Standard,36.0,0,82.48413476226851,-46.48413476226851,-2.7873576958327733,2.7873576958327733
65021,27,11,Standard,100.0,0,87.12231001528752,12.877689984712475,0.7721931034537173,0.7721931034537173
65021,81,12,Standard,81.0,0,84.49121569206612,-3.4912156920661204,-0.20934598389021922,0.20934598389021922
65021,5,13,Standard,83.0,0,82.99453255157026,0.005467448429740784,0.0003278480826877084,0.0003278480826877084
65021,16,14,Standard,64.0,0,85.02146420416841,-21.02146420416841,-1.2605234092627107,1.2605234092627107
65021,83,15,Standard,78.0,1,85.98297444137964,-7.982974441379639,-0.47868816658877533,0.47868816658877533
65021,115,16,Standard,91.0,1,90.94363678993925,0.05636321006075207,0.0033797429623708777,0.0033797429623708777
65021,49,17,Standard,100.0,0,87.73759757014608,12.262402429853921,0.7352982250192537,0.7352982250192537
65021,57,18,Standard,100.0,1,87.44372167230647,12.556278327693533,0.7529200921283713,0.7529200921283713
65021,72,19,Standard,100.0,1,83.8215313700026,16.178468629997397,0.9701197897570939,0.9701197897570939
65021,64,20,Standard,100.0,0,84.69409191490541,15.305908085094586,0.9177978876209468,0.9177978876209468
65021,50,21,Standard,40.0,1,79.7398542291083,-39.7398542291083,-2.382946118783945,2.382946118783945
65021,26,22,Standard,100.0,1,92.80013451679157,7.199865483208427,0.4317301067604592,0.4317301067604592
65021,7,23,Standard,100.0,1,90.74848414387277,9.251515856127227,0.5547545211194695,0.5547545211194695
65021,105,24,Standard,100.0,0,82.50049284261948,17.49950715738052,1.0493340619948084,1.0493340619948084
65021,91,25,Standard,60.0,0,82.38156070152223,-22.381560701522233,-1.3420797393603425,1.3420797393603425
65021,125,26,Standard,61.0,1,80.05095420447523,-19.050954204475232,-1.1423644666374404,1.1423644666374404
65021,80,27,Standard,100.0,1,87.7831293551764,12.2168706448236,0.7325679736752557,0.7325679736752557
65021,22,28,Standard,100.0,1,92.0863466008715,7.913653399128506,0.4745314249049722,0.4745314249049722
65021,29,29,Standard,0.0,0,87.34620166278452,-87.34620166278452,-5.237595765773962,5.237595765773962
65021,15,30,Standard,100.0,1,87.94342542122577,12.056574578774232,0.7229560388592269,0.7229560388592269
65021,123,31,Standard,100.0,1,82.98869482199895,17.011305178001052,1.0200596966376043,1.0200596966376043
65021,13,32,Standard,71.0,1,83.42264758177005,-12.42264758177005,-0.7449071068387745,0.7449071068387745
65021,32,33,Standard,59.0,1,84.78507992347551,-25.785079923475507,-1.5461671241152537,1.5461671241152537
65021,116,34,Standard,83.0,0,87.52092785418006,-4.520927854180059,-0.27109126825960006,0.27109126825960006
65021,111,35,Standard,100.0,0,85.10074673929485,14.899253260705152,0.8934133861107783,0.8934133861107783
65021,99,36,Standard,94.0,1,82.36888788378931,11.631112116210687,0.6974437629960849,0.6974437629960849
65021,121,37,Standard,100.0,1,85.47029895408595,14.529701045914052,0.8712536919446273,0.8712536919446273
65021,120,38,Standard,54.0,1,82.268294116345,-28.268294116345004,-1.6950696739055162,1.6950696739055162
65021,79,39,Standard,100.0,1,84.0694251730265,15.930574826973498,0.9552551762036373,0.9552551762036373
65021,106,40,Standard,57.0,1,82.66768965771237,-25.667689657712373,-1.5391279770521933,1.5391279770521933
65021,48,41,Standard,100.0,1,91.07263693263752,8.927363067362478,0.5353171415702974,0.5353171415702974
65021,113,42,Standard,80.0,1,88.69279798157339,-8.692797981573392,-0.5212517663537495,0.5212517663537495
65021,63,43,Standard,60.0,1,81.23637334137948,-21.236373341379476,-1.2734101423507551,1.2734101423507551
65021,101,44,Standard,82.0,0,87.40398260333956,-5.403982603339557,-0.3240424410306878,0.3240424410306878
65021,51,45,Standard,100.0,1,82.92717669054798,17.07282330945202,1.0237485474252992,1.0237485474252992
65021,110,46,Standard,100.0,1,80.03298466995788,19.967015330042116,1.1972948217201103,1.1972948217201103
65021,18,47,Standard,100.0,0,85.40796801510176,14.592031984898242,0.8749912816266684,0.8749912816266684
65021,82,48,Standard,100.0,0,80.86169721052698,19.138302789473016,1.1476022053166446,1.1476022053166446
65021,3,49,Standard,100.0,1,86.02866637162327,13.971333628376726,0.8377719518555711,0.8377719518555711
65021,75,50,Standard,100.0,1,79.11385524620533,20.886144753794667,1.25240916311563,1.25240916311563
65021,2,51,Standard,100.0,0,82.7702048802189,17.2297951197811,1.0331611477842655,1.0331611477842655
65021,66,52,Standard,100.0,0,81.79699102301163,18.20300897698837,1.0915185884132281,1.0915185884132281
65021,100,53,Standard,100.0,0,81.9489059374848,18.051094062515205,1.0824092179122144,1.0824092179122144
65021,36,54,Standard,92.0,1,80.33627979652621,11.663720203473787,0.6993990624427461,0.6993990624427461
65021,6,55,Standard,100.0,1,85.01592094727957,14.984079052720432,0.898499848952092,0.898499848952092
65021,31,56,Standard,72.0,0,82.00288352980462,-10.00288352980462,-0.5998092581461041,0.5998092581461041
65021,67,57,Standard,94.0,1,84.66743808462195,9.33256191537805,0.5596143374444379,0.5596143374444379
65021,124,58,Standard,87.0,1,82.8795284804981,4.120471519501905,0.24707845072478435,0.24707845072478435
65021,28,59,Standard,100.0,0,84.09236227356102,15.907637726438978,0.9538797842764355,0.9538797842764355
65021,60,60,Standard,100.0,1,84.33876434925905,15.661235650740949,0.9391046201160484,0.9391046201160484
65021,68,61,Standard,97.0,0,80.05129340247473,16.948706597525273,1.0163060581988181,1.0163060581988181
65021,8,62,Standard,100.0,0,87.48849106043798,12.51150893956202,0.7502355568738314,0.7502355568738314
65021,17,63,Standard,100.0,1,89.26217822104778,10.737821778952224,0.6438788271549748,0.6438788271549748
65021,102,64,Standard,42.0,1,80.77292578992001,-38.77292578992001,-2.32496557466766,2.32496557466766
65028,41,1,Neutral,78.0,1,64.5300183346844,13.4699816653156,0.8077090656750239,0.8077090656750239
65028,59,2,Neutral,50.0,1,55.434867444219385,-5.434867444219385,-0.3258944083599977,0.3258944083599977
65028,34,3,Neutral,81.0,1,62.35131688606643,18.648683113933572,1.1182428297441904,1.1182428297441904
65028,128,4,Neutral,69.0,0,55.70224911734968,13.29775088265032,0.7973814818665574,0.7973814818665574
65028,107,5,Neutral,84.0,1,57.61032134466852,26.38967865533148,1.58242106186731,1.58242106186731
65028,52,6,Neutral,84.0,1,61.30730597274068,22.69269402725932,1.3607364245790434,1.3607364245790434
65028,108,7,Neutral,33.0,1,54.6617175647249,-21.661717564724903,-1.2989153281605648,1.2989153281605648
65028,19,8,Neutral,62.0,0,59.618153112817545,2.381846887182455,0.14282419765877455,0.14282419765877455
65028,92,9,Neutral,50.0,1,60.1293414242417,-10.129341424241701,-0.6073921331863882,0.6073921331863882
65028,4,10,Neutral,77.0,1,58.91836107064015,18.081638929359848,1.0842407991625276,1.0842407991625276
65028,71,11,Neutral,76.0,1,55.33359205264287,20.66640794735713,1.239232945431601,1.239232945431601
65028,94,12,Neutral,68.0,1,64.53076322932907,3.469236770670932,0.20802804786730952,0.20802804786730952
65028,65,13,Neutral,68.0,1,54.856431505669505,13.143568494330495,0.7881361453911546,0.7881361453911546
65028,85,14,Neutral,50.0,1,57.71031953297989,-7.710319532979888,-0.4623387871473511,0.4623387871473511
65028,45,15,Neutral,50.0,1,54.699292686442,-4.699292686442,-0.281786671979899,0.281786671979899
65028,53,16,Neutral,50.0,1,52.50180191541652,-2.5018019154165216,-0.1500171372028158,0.1500171372028158
65028,77,17,Neutral,72.0,1,55.645945965308506,16.354054034691494,0.9806485288968674,0.9806485288968674
65028,126,18,Neutral,67.0,1,57.24702117907944,9.75297882092056,0.5848240633673848,0.5848240633673848
65028,119,19,Neutral,41.0,1,53.35933183725676,-12.35933183725676,-0.7411104646373206,0.7411104646373206
65028,96,20,Neutral,50.0,1,49.02179680616409,0.9782031938359097,0.05865661939006171,0.05865661939006171
65028,21,21,Neutral,32.0,1,54.5806638891457,-22.580663889145697,-1.3540186902545641,1.3540186902545641
65028,54,22,Neutral,60.0,1,57.373247743228106,2.626752256771894,0.15750961388018167,0.15750961388018167
65028,39,23,Neutral,70.0,1,59.53761686414278,10.462383135857223,0.6273625248620089,0.6273625248620089
65028,118,24,Neutral,50.0,0,57.59715033008821,-7.597150330088212,-0.4555527503581406,0.4555527503581406
65028,84,25,Neutral,50.0,1,58.16807598693154,-8.168075986931541,-0.489787528126713,0.489787528126713
65028,47,26,Neutral,50.0,0,60.00852974532286,-10.00852974532286,-0.6001478257532583,0.6001478257532583
65028,104,27,Neutral,50.0,0,56.25661285114168,-6.256612851141682,-0.3751692501036223,0.3751692501036223
65028,42,28,Neutral,50.0,1,57.11000479663326,-7.1100047966332625,-0.42634173333888026,0.42634173333888026
65028,10,29,Neutral,50.0,1,55.15055652393968,-5.150556523939677,-0.3088460920752295,0.3088460920752295
65028,89,30,Neutral,49.0,0,51.007392463285086,-2.007392463285086,-0.12037054921448495,0.12037054921448495
65028,61,31,Neutral,50.0,0,53.3467211614946,-3.3467211614945995,-0.20068156658194666,0.20068156658194666
65028,88,32,Neutral,50.0,1,54.47543189848285,-4.475431898482853,-0.2683631653726596,0.2683631653726596
65028,98,33,Neutral,50.0,0,51.911965382112875,-1.911965382112875,-0.11464839453834529,0.11464839453834529
65028,14,34,Neutral,52.0,1,58.26823480145487,-6.268234801454867,-0.37586614449160466,0.37586614449160466
65028,95,35,Neutral,50.0,1,54.12107859243225,-4.121078592432248,-0.2471148530244717,0.2471148530244717
65028,97,36,Neutral,50.0,1,55.849608563926246,-5.849608563926246,-0.35076379353206677,0.35076379353206677
65028,38,37,Neutral,50.0,0,52.529158056507455,-2.5291580565074554,-0.1516575108655304,0.1516575108655304
65028,12,38,Neutral,50.0,1,59.70801651861883,-9.708016518618827,-0.5821279602779318,0.5821279602779318
65028,1,39,Neutral,50.0,0,59.27500566610618,-9.275005666106182,-0.5561630555141257,0.5561630555141257
65028,56,40,Neutral,51.0,1,63.45803554382124,-12.45803554382124,-0.7470290976829127,0.7470290976829127
65028,55,41,Neutral,71.0,1,61.53801728406668,9.461982715933317,0.5673748791060926,0.5673748791060926
65028,9,42,Neutral,35.0,1,59.33212549158306,-24.332125491583056,-1.4590426947127924,1.4590426947127924
65028,86,43,Neutral,53.0,1,56.048945566355144,-3.048945566355144,-0.18282585944685617,0.18282585944685617
65028,11,44,Neutral,50.0,1,63.07259898003915,-13.072598980039153,-0.7838805553314241,0.7838805553314241
65028,93,45,Neutral,50.0,1,53.440839763469825,-3.4408397634698247,-0.20632526008895394,0.20632526008895394
65028,70,46,Neutral,61.0,1,53.17637200396423,7.823627996035768,0.4691331744822349,0.4691331744822349
65028,44,47,Neutral,50.0,1,54.60193888864465,-4.6019388886446535,-0.27594898437106674,0.27594898437106674
65028,46,48,Neutral,50.0,1,53.14562884318294,-3.1456288431829407,-0.18862334018092886,0.18862334018092886
65028,103,49,Neutral,50.0,0,54.46641418241381,-4.466414182413807,-0.2678224303366642,0.2678224303366642
65028,87,50,Neutral,50.0,1,52.89252809363994,-2.892528093639939,-0.17344649918630256,0.17344649918630256
65028,78,51,Neutral,50.0,1,56.218919016785506,-6.218919016785506,-0.37290899077395057,0.37290899077395057
65028,37,52,Neutral,50.0,0,55.98922913588813,-5.989229135888131,-0.3591359505646728,0.3591359505646728
65028,33,53,Neutral,56.0,1,54.01728043523511,1.982719564764892,0.11889107253022521,0.11889107253022521
65028,30,54,Neutral,55.0,1,57.519398543986306,-2.5193985439863056,-0.15107229501774647,0.15107229501774647
65028,43,55,Neutral,54.0,1,57.84090339001096,-3.8409033900109577,-0.230314529416332,0.230314529416332
65028,40,56,Neutral,69.0,1,60.70215982898662,8.297840171013377,0.4975686603128618,0.4975686603128618
65028,24,57,Neutral,69.0,0,56.115114904536526,12.884885095463474,0.7726245484494505,0.7726245484494505
65028,122,58,Neutral,70.0,0,52.18651367351371,17.81348632648629,1.0681613943268826,1.0681613943268826
65028,109,59,Neutral,68.0,1,53.662124849648094,14.337875150351906,0.8597511139362446,0.8597511139362446
65028,127,60,Neutral,50.0,1,52.10081182003033,-2.10081182003033,-0.12597231343566104,0.12597231343566104
65028,117,61,Neutral,50.0,1,55.920602576807404,-5.920602576807404,-0.35502085261629807,0.35502085261629807
65028,62,62,Neutral,51.0,1,50.224522390037066,0.7754776099629339,0.04650045644886825,0.04650045644886825
65028,25,63,Neutral,50.0,1,57.1636413231233,-7.163641323123301,-0.4295579744425245,0.4295579744425245
65028,74,64,Neutral,50.0,1,51.599014220229954,-1.5990142202299538,-0.09588270525628456,0.09588270525628456
65048,88,1,Neutral,76.0,0,75.48921703707865,0.5107829629213541,0.0306284032149988,0.0306284032149988
65048,54,2,Neutral,75.0,1,77.90590207464912,-2.90590207464912,-0.1742484517036617,0.1742484517036617
65048,126,3,Neutral,69.0,1,75.85538850080518,-6.8553885008051765,-0.41107401467980514,0.41107401467980514
65048,127,4,Neutral,75.0,0,74.20807606584148,0.7919239341585183,0.047486637832025516,0.047486637832025516
65048,109,5,Neutral,81.0,1,73.9763195786298,7.0236804213702015,0.42116540999849705,0.42116540999849705
65048,47,6,Neutral,100.0,0,79.34727536179206,20.652724638207943,1.2384124444745217,1.2384124444745217
65048,62,7,Neutral,68.0,1,71.09413875660778,-3.0941387566077765,-0.18553580741715078,0.18553580741715078
65048,46,8,Neutral,53.0,0,72.84747527212403,-19.84747527212403,-1.1901267653046828,1.1901267653046828
65048,42,9,Neutral,85.0,1,75.89332877551344,9.106671224486561,0.5460691104784311,0.5460691104784311
65048,9,10,Neutral,100.0,0,79.19574107951563,20.804258920484372,1.2474989908853749,1.2474989908853749
65048,56,11,Neutral,87.0,1,82.67875116558756,4.321248834412444,0.25911778837679533,0.25911778837679533
65048,85,12,Neutral,76.0,0,75.7500777189536,0.2499222810463948,0.01498624846944991,0.01498624846944991
65048,1,13,Neutral,77.0,1,78.36450379500667,-1.3645037950066694,-0.08182060768595995,0.08182060768595995
65048,117,14,Neutral,65.0,0,76.4403056290692,-11.4403056290692,-0.6860023124222788,0.6860023124222788
65048,53,15,Neutral,54.0,0,72.20341212535385,-18.20341212535385,-1.0915427626547156,1.0915427626547156
65048,4,16,Neutral,70.0,0,76.60820594230496,-6.608205942304963,-0.39625204993344915,0.39625204993344915
65048,92,17,Neutral,70.0,1,77.73170796732929,-7.731707967329285,-0.4636213154205029,0.4636213154205029
65048,38,18,Neutral,70.0,0,73.01807322363986,-3.0180732236398597,-0.1809746415529247,0.1809746415529247
65048,119,19,Neutral,77.0,1,71.82329416795366,5.176705832046338,0.3104140996452223,0.3104140996452223
65048,86,20,Neutral,41.0,1,75.0072262023898,-34.0072262023898,-2.0391969035013444,2.0391969035013444
65048,77,21,Neutral,61.0,0,73.42326916555054,-12.423269165550536,-0.7449443792617851,0.7449443792617851
65048,93,22,Neutral,70.0,0,74.1047115877567,-4.104711587756697,-0.24613342792807172,0.24613342792807172
65048,43,23,Neutral,82.0,0,77.19283650464313,4.807163495356875,0.28825499780595354,0.28825499780595354
65048,44,24,Neutral,75.0,1,75.26581071293151,-0.26581071293151126,-0.015938976601665076,0.015938976601665076
65048,71,25,Neutral,54.0,0,72.67352360999875,-18.673523609998753,-1.119732356186485,1.119732356186485
65048,70,26,Neutral,53.0,0,72.00343514713302,-19.00343514713302,-1.1395150512216445,1.1395150512216445
65048,59,27,Neutral,53.0,1,72.80535066770089,-19.805350667700893,-1.1876008208954076,1.1876008208954076
65048,10,28,Neutral,99.0,1,74.85216673387701,24.147833266122987,1.447991862949538,1.447991862949538
65048,98,29,Neutral,56.0,1,70.55088436996421,-14.550884369964209,-0.8725239210586356,0.8725239210586356
65048,122,30,Neutral,54.0,0,71.8751726042918,-17.875172604291805,-1.0718603277812284,1.0718603277812284
65048,39,31,Neutral,58.0,1,77.13998340723035,-19.139983407230346,-1.1477029812666242,1.1477029812666242
65048,30,32,Neutral,88.0,1,76.43394001573233,11.566059984267667,0.6935430006923647,0.6935430006923647
65048,33,33,Neutral,73.0,0,72.84434357840392,0.15565642159607762,0.009333724868937283,0.009333724868937283
65048,41,34,Neutral,70.0,1,81.0389057705566,-11.038905770556596,-0.6619329177685255,0.6619329177685255
65048,40,35,Neutral,75.0,1,79.57296213644403,-4.572962136444033,-0.27421143297509676,0.27421143297509676
65048,87,36,Neutral,80.0,1,73.16274743932925,6.837252560670748,0.4099865177829952,0.4099865177829952
65048,89,37,Neutral,61.0,1,70.35908935891351,-9.359089358913508,-0.5612050193893097,0.5612050193893097
65048,21,38,Neutral,52.0,1,72.30106042693613,-20.301060426936132,-1.2173253800244572,1.2173253800244572
65048,74,39,Neutral,97.0,0,72.35036437309407,24.649635626905933,1.4780817566147362,1.4780817566147362
65048,34,40,Neutral,74.0,1,78.68524766478416,-4.685247664784157,-0.28094448142593165,0.28094448142593165
65048,37,41,Neutral,86.0,1,74.42263980045938,11.577360199540621,0.6942206026777888,0.6942206026777888
65048,25,42,Neutral,92.0,0,76.5461261038811,15.453873896118907,0.9266704555236961,0.9266704555236961
65048,96,43,Neutral,35.0,0,67.67366707317466,-32.673667073174656,-1.9592318504638704,1.9592318504638704
65048,11,44,Neutral,88.0,1,81.02487883743565,6.975121162564349,0.41825362032168256,0.41825362032168256
65048,97,45,Neutral,74.0,0,73.4082359427252,0.5917640572748013,0.035484324008565174,0.035484324008565174
65048,84,46,Neutral,81.0,1,75.20183339426711,5.798166605732888,0.3476791467210143,0.3476791467210143
65048,14,47,Neutral,99.0,1,75.65190552309939,23.348094476900613,1.4000366179999344,1.4000366179999344
65048,103,48,Neutral,99.0,0,72.97411567739931,26.02588432260069,1.560606631240097,1.560606631240097
65048,104,49,Neutral,94.0,0,74.95222228244087,19.04777771755913,1.1421739929350343,1.1421739929350343
65048,95,50,Neutral,53.0,0,71.41727098549953,-18.417270985499528,-1.1043665173120345,1.1043665173120345
65048,19,51,Neutral,100.0,0,76.20133137910398,23.798668620896024,1.4270546815657492,1.4270546815657492
65048,52,52,Neutral,75.0,1,77.24758427286086,-2.2475842728608626,-0.13477332324310856,0.13477332324310856
65048,108,53,Neutral,67.0,1,72.30758705309732,-5.307587053097322,-0.31826221342860656,0.31826221342860656
65048,12,54,Neutral,54.0,1,76.96046974739747,-22.960469747397468,-1.3767932301558587,1.3767932301558587
65048,55,55,Neutral,68.0,1,78.87794884142255,-10.877948841422551,-0.6522813551996217,0.6522813551996217
65048,128,56,Neutral,99.0,0,73.0856836199904,25.914316380009595,1.5539166118392855,1.5539166118392855
65048,24,57,Neutral,100.0,0,74.57907723523341,25.420922764766587,1.5243309371234754,1.5243309371234754
65048,94,58,Neutral,100.0,1,80.47104152944925,19.528958470550748,1.1710273400350104,1.1710273400350104
65048,65,59,Neutral,71.0,0,70.79670980578969,0.20329019421031091,0.012190019029447371,0.012190019029447371
65048,107,60,Neutral,76.0,1,73.15694716619117,2.8430528338088266,0.17047978275823827,0.17047978275823827
65048,61,61,Neutral,92.0,1,70.49850856353302,21.501491436466978,1.2893075870687432,1.2893075870687432
65048,78,62,Neutral,99.0,1,74.20175054030761,24.798249459692386,1.486993182257981,1.486993182257981
65048,118,63,Neutral,80.0,0,74.3552852535291,5.644714746470896,0.3384776154234812,0.3384776154234812
65048,45,64,Neutral,56.0,0,72.21394468194858,-16.213944681948576,-0.972247062791853,0.972247062791853
65063,36,1,Standard,100.0,0,96.00042590951061,3.9995740904893893,0.23982900140432578,0.23982900140432578
65063,57,2,Standard,100.0,1,100.97788740155903,-0.9778874015590304,-0.058637683337196676,0.058637683337196676
65063,15,3,Standard,100.0,1,101.61758325270374,-1.6175832527037386,-0.09699617194410566,0.09699617194410566
65063,5,4,Standard,100.0,1,95.88138542585315,4.1186145741468465,0.24696710153107268,0.24696710153107268
65063,7,5,Standard,100.0,1,104.0289894967532,-4.028989496753198,-0.2415928560924855,0.2415928560924855
65063,101,6,Standard,100.0,1,101.55927124199229,-1.5592712419922918,-0.09349957181059158,0.09349957181059158
65063,82,7,Standard,100.0,0,96.00097335204799,3.9990266479520074,0.2397961747597641,0.2397961747597641
65063,68,8,Standard,100.0,1,94.86266950545668,5.1373304945433205,0.30805301127439744,0.30805301127439744
65063,48,9,Standard,100.0,1,104.96549058555857,-4.96549058555857,-0.29774886567268904,0.29774886567268904
65063,67,10,Standard,100.0,1,100.06914921187465,-0.06914921187464529,-0.004146438109804613,0.004146438109804613
65063,69,11,Standard,100.0,1,97.41733266791307,2.5826673320869276,0.15486612154200455,0.15486612154200455
65063,112,12,Standard,100.0,1,97.6211222436029,2.3788777563971024,0.14264615778373305,0.14264615778373305
65063,76,13,Standard,0.0,0,94.46349127527971,-94.46349127527971,-5.664374323153116,5.664374323153116
65063,114,14,Standard,100.0,0,96.74762961082817,3.25237038917183,0.19502395129693317,0.19502395129693317
65063,20,15,Standard,100.0,0,96.25177062421368,3.748229375786323,0.22475745864210242,0.22475745864210242
65063,58,16,Standard,100.0,1,99.69084317590968,0.30915682409032286,0.018538166995136864,0.018538166995136864
65063,18,17,Standard,100.0,0,99.55448204439493,0.44551795560506946,0.026714876130069787,0.026714876130069787
65063,49,18,Standard,100.0,0,100.52819750649218,-0.5281975064921767,-0.03167264255149062,0.03167264255149062
65063,27,19,Standard,100.0,0,99.60673580161334,0.39326419838666027,0.023581550898487003,0.023581550898487003
65063,110,20,Standard,100.0,1,94.51617334714967,5.4838266528503254,0.32883018048219076,0.32883018048219076
65063,28,21,Standard,100.0,0,99.10042092221619,0.8995790777838124,0.05394203158334726,0.05394203158334726
65063,125,22,Standard,100.0,1,92.71911125731505,7.280888742684951,0.4365885559280806,0.4365885559280806
65063,79,23,Standard,100.0,1,98.11522220733215,1.8847777926678475,0.11301812784502496,0.11301812784502496
65063,6,24,Standard,100.0,1,99.71780544591442,0.2821945540855779,0.01692141127451948,0.01692141127451948
65063,75,25,Standard,100.0,0,93.5533047591085,6.446695240891501,0.3865672811656419,0.3865672811656419
65063,29,26,Standard,100.0,1,99.97061955133572,0.02938044866428413,0.0017617585034170812,0.0017617585034170812
65063,66,27,Standard,100.0,1,95.38367052591235,4.6163294740876495,0.2768118961857583,0.2768118961857583
65063,106,28,Standard,100.0,1,95.68576002486111,4.314239975138889,0.2586975116966965,0.2586975116966965
65063,124,29,Standard,100.0,1,96.98230334550264,3.0176966544973567,0.18095206109826553,0.18095206109826553
65063,31,30,Standard,100.0,0,95.63330219699395,4.366697803006048,0.2618430737462,0.2618430737462
65063,111,31,Standard,100.0,0,97.76890379213467,2.2310962078653347,0.1337846389298538,0.1337846389298538
65063,113,32,Standard,99.0,1,101.62339002014491,-2.6233900201449103,-0.1573080019498884,0.1573080019498884
65063,17,33,Standard,100.0,1,103.06755354539158,-3.0675535453915757,-0.18394166151214908,0.18394166151214908
65063,23,34,Standard,100.0,0,98.39411470680471,1.6058852931952856,0.09629471976847231,0.09629471976847231
65063,83,35,Standard,100.0,1,97.6013915512927,2.398608448707293,0.14382928181811994,0.14382928181811994
65063,2,36,Standard,99.0,0,96.77226275023591,2.2277372497640897,0.13358322359188163,0.13358322359188163
65063,3,37,Standard,100.0,1,99.04673673877201,0.9532632612279883,0.057161130371200436,0.057161130371200436
65063,26,38,Standard,100.0,1,104.5935082838591,-4.593508283859094,-0.2754434546618502,0.2754434546618502
65063,91,39,Standard,100.0,0,95.11518280716942,4.884817192830582,0.29291139578711806,0.29291139578711806
65063,8,40,Standard,98.0,0,101.28509177542225,-3.285091775422245,-0.1969860445627294,0.1969860445627294
65063,105,41,Standard,99.0,0,95.10289745540082,3.8971025445991785,0.23368443501620828,0.23368443501620828
65063,60,42,Standard,100.0,1,97.96040840708885,2.039591592911151,0.12230132607461874,0.12230132607461874
65063,123,43,Standard,100.0,1,95.80979525622337,4.190204743776633,0.25125990834105405,0.25125990834105405
65063,100,44,Standard,100.0,0,94.83575881176769,5.16424118823231,0.30966667429163597,0.30966667429163597
65063,121,45,Standard,97.0,1,97.95472474041175,-0.9547247404117485,-0.0572487659757134,0.0572487659757134
65063,73,46,Standard,100.0,0,93.40272524356372,6.597274756436278,0.3955965762925718,0.3955965762925718
65063,13,47,Standard,100.0,1,95.25976051312618,4.7402394868738185,0.28424199098039377,0.28424199098039377
65063,35,48,Standard,100.0,1,101.21781001907789,-1.2178100190778878,-0.07302431563154152,0.07302431563154152
65063,64,49,Standard,98.0,0,95.91885654622094,2.081143453779063,0.12479292669833003,0.12479292669833003
65063,116,50,Standard,96.0,0,99.65544032619695,-3.6554403261969526,-0.2191934899292357,0.2191934899292357
65063,63,51,Standard,100.0,0,93.72079912770528,6.279200872294723,0.37652370996216455,0.37652370996216455
65063,90,52,Standard,93.0,1,97.42526934449845,-4.425269344498446,-0.26535523628876584,0.26535523628876584
65063,16,53,Standard,100.0,0,96.66160720260021,3.3383927973997913,0.20018216759620489,0.20018216759620489
65063,32,54,Standard,100.0,0,96.35975786909995,3.640242130900049,0.21828215089194378,0.21828215089194378
65063,72,55,Standard,100.0,1,95.59289186130026,4.407108138699741,0.2642662243708821,0.2642662243708821
65063,115,56,Standard,98.0,1,101.68727061408,-3.6872706140800062,-0.22110214969767394,0.22110214969767394
65063,99,57,Standard,100.0,1,94.28470453436312,5.715295465636885,0.34270989191417794,0.34270989191417794
65063,120,58,Standard,99.0,1,93.88671122625807,5.113288773741928,0.3066113823005649,0.3066113823005649
65063,81,59,Standard,98.0,0,94.92867536618655,3.071324633813447,0.18416778968228983,0.18416778968228983
65063,80,60,Standard,100.0,1,99.17407603428684,0.8259239657131587,0.04952540331829439,0.04952540331829439
65063,22,61,Standard,100.0,1,103.13615457503255,-3.136154575032549,-0.1880552286225136,0.1880552286225136
65063,102,62,Standard,100.0,0,93.69474321913198,6.305256780868021,0.37808611695661826,0.37808611695661826
65063,50,63,Standard,100.0,1,90.39600972467183,9.603990275328172,0.5758901685821695,0.5758901685821695
65063,51,64,Standard,100.0,1,94.58933296474964,5.410667035250356,0.3244432638667828,0.3244432638667828
65065,41,1,Neutral,86.0,1,75.37755603865055,10.622443961349447,0.6369603537991033,0.6369603537991033
65065,107,2,Neutral,96.0,1,68.58907654150052,27.410923458499482,1.6436586126144122,1.6436586126144122
65065,38,3,Neutral,61.0,0,64.86382734628653,-3.863827346286527,-0.2316891331659861,0.2316891331659861
65065,108,4,Neutral,76.0,1,65.64047276155692,10.359527238443079,0.6211949113593518,0.6211949113593518
65065,52,5,Neutral,100.0,1,72.19858284099544,27.801417159004558,1.6670740343888224,1.6670740343888224
65065,1,6,Neutral,74.0,1,71.56593579159663,2.4340642084033703,0.14595533805549832,0.14595533805549832
65065,54,7,Neutral,100.0,1,68.87687291152348,31.123127088476522,1.8662558365798194,1.8662558365798194
65065,98,8,Neutral,100.0,1,63.8529821932944,36.1470178067056,2.1675065864990217,2.1675065864990217
65065,77,9,Neutral,100.0,1,66.84339698358357,33.156603016416426,1.9881904451515757,1.9881904451515757
65065,46,10,Neutral,78.0,1,65.65525479011647,12.344745209883527,0.7402357974358558,0.7402357974358558
65065,39,11,Neutral,79.0,1,70.9100245395723,8.089975460427695,0.4851043366526234,0.4851043366526234
65065,44,12,Neutral,77.0,1,66.98034734271234,10.019652657287665,0.6008147959878067,0.6008147959878067
65065,74,13,Neutral,70.0,1,64.67724930291547,5.32275069708453,0.31917148064377093,0.31917148064377093
65065,10,14,Neutral,72.0,1,66.65418169223507,5.3458183077649295,0.3205546984337399,0.3205546984337399
65065,59,15,Neutral,70.0,0,65.71379601243353,4.286203987566466,0.2570163719676271,0.2570163719676271
65065,4,16,Neutral,68.0,1,69.50346378887461,-1.5034637888746119,-0.09015315405477144,0.09015315405477144
65065,95,17,Neutral,63.0,0,65.75592125359347,-2.7559212535934705,-0.16525505647462718,0.16525505647462718
65065,24,18,Neutral,59.0,0,68.66848001575866,-9.66848001575866,-0.5797572078464367,0.5797572078464367
65065,96,19,Neutral,67.0,0,59.913073674418854,7.086926325581146,0.42495786432154437,0.42495786432154437
65065,103,20,Neutral,67.0,1,66.58238765074981,0.41761234925019153,0.02504155453275599,0.02504155453275599
65065,104,21,Neutral,67.0,1,67.36658554083952,-0.3665855408395231,-0.021981801611793583,0.021981801611793583
65065,87,22,Neutral,64.0,1,64.96476239768731,-0.9647623976873092,-0.05785066039406184,0.05785066039406184
65065,86,23,Neutral,61.0,1,67.77126655609361,-6.771266556093607,-0.4060297570813925,0.4060297570813925
65065,117,24,Neutral,68.0,0,68.38648935945231,-0.38648935945231244,-0.02317530692861946,0.02317530692861946
65065,30,25,Neutral,61.0,1,69.63537201232229,-8.635372012322293,-0.5178082964870664,0.5178082964870664
65065,118,26,Neutral,68.0,0,68.35720970547713,-0.35720970547713193,-0.021419592441161994,0.021419592441161994
65065,43,27,Neutral,77.0,1,69.91313769405832,7.086862305941679,0.4249540254712427,0.4249540254712427
65065,126,28,Neutral,57.0,1,67.65716724015945,-10.657167240159453,-0.6390424878198957,0.6390424878198957
65065,40,29,Neutral,69.0,1,72.73065496874538,-3.730654968745384,-0.22370363331081922,0.22370363331081922
65065,12,30,Neutral,70.0,1,70.90546753689391,-0.9054675368939087,-0.05429512499685415,0.05429512499685415
65065,84,31,Neutral,64.0,1,68.75317870516601,-4.7531787051660075,-0.28501787354482666,0.28501787354482666
65065,88,32,Neutral,76.0,1,65.322969602449,10.677030397550993,0.6402335549420871,0.6402335549420871
65065,122,33,Neutral,66.0,0,64.12753048469524,1.8724695153047577,0.11228007879224793,0.11228007879224793
65065,62,34,Neutral,50.0,1,62.296756694084436,-12.296756694084436,-0.7373582315844469,0.7373582315844469
65065,128,35,Neutral,47.0,1,65.19387272836876,-18.19387272836876,-1.0909707457346205,1.0909707457346205
65065,45,36,Neutral,100.0,0,64.62830794034726,35.371692059652744,2.121015236302282,2.121015236302282
65065,97,37,Neutral,55.0,0,66.65340710360377,-11.653407103603769,-0.6987806514851667,0.6987806514851667
65065,37,38,Neutral,58.0,1,67.4491151398949,-9.4491151398949,-0.5666032924716242,0.5666032924716242
65065,70,39,Neutral,57.0,0,64.3300838579507,-7.330083857950697,-0.439538473869646,0.439538473869646
65065,19,40,Neutral,58.0,0,69.06603755954801,-11.066037559548008,-0.6635598384638055,0.6635598384638055
65065,65,41,Neutral,63.0,1,64.47927260955444,-1.4792726095544424,-0.08870256300485309,0.08870256300485309
65065,14,42,Neutral,63.0,1,68.7658591911121,-5.765859191112099,-0.3457418766989677,0.3457418766989677
65065,109,43,Neutral,64.0,1,65.20948918223209,-1.2094891822320903,-0.0725253680070129,0.0725253680070129
65065,92,44,Neutral,61.0,1,69.44600837810633,-8.446008378106328,-0.5064533646196205,0.5064533646196205
65065,34,45,Neutral,58.0,1,71.36180968991074,-13.361809689910743,-0.801222680811453,0.801222680811453
65065,71,46,Neutral,60.0,1,64.6502590065075,-4.650259006507497,-0.278846434287632,0.278846434287632
65065,55,47,Neutral,59.0,1,72.12312000230115,-13.12312000230115,-0.7869099794763179,0.7869099794763179
65065,78,48,Neutral,57.0,1,67.1976742136175,-10.197674213617503,-0.611489615635367,0.611489615635367
65065,42,49,Neutral,50.0,1,67.0390200505385,-17.039020050538497,-1.0217215811418843,1.0217215811418843
65065,61,50,Neutral,55.0,1,63.36321474397707,-8.363214743977068,-0.5014887573522937,0.5014887573522937
65065,93,51,Neutral,50.0,1,64.02594248170429,-14.025942481704291,-0.8410464972109198,0.8410464972109198
65065,11,52,Neutral,76.0,1,73.5702233696964,2.429776630303607,0.1456982392867683,0.1456982392867683
65065,9,53,Neutral,52.0,1,69.69853238837445,-17.698532388374446,-1.061268338326141,1.061268338326141
65065,89,54,Neutral,55.0,0,60.80519022432448,-5.805190224324477,-0.34810030842347434,0.34810030842347434
65065,85,55,Neutral,55.0,0,66.76455150111283,-11.764551501112834,-0.7054452735832218,0.7054452735832218
65065,56,56,Neutral,77.0,1,73.60574661916955,3.394253380830449,0.20353177123872632,0.20353177123872632
65065,94,57,Neutral,61.0,1,73.41003854030754,-12.41003854030754,-0.7441510228772821,0.7441510228772821
65065,47,58,Neutral,50.0,1,69.45641419205334,-19.456414192053344,-1.1666773213890247,1.1666773213890247
65065,127,59,Neutral,54.0,1,62.992088688285094,-8.992088688285094,-0.5391983250863268,0.5391983250863268
65065,21,60,Neutral,54.0,1,63.72237418585587,-9.72237418585587,-0.5829888981973327,0.5829888981973327
65065,33,61,Neutral,75.0,1,64.51490482489234,10.48509517510766,0.628724421296492,0.628724421296492
65065,53,62,Neutral,64.0,1,61.33733806210638,2.662661937893617,0.1596628888963014,0.1596628888963014
65065,119,63,Neutral,52.0,1,62.282346312523856,-10.282346312523856,-0.6165668624791764,0.6165668624791764
65065,25,64,Neutral,75.0,0,67.96743986280083,7.0325601371991695,0.4216978700384497,0.4216978700384497
65071,118,1,Neutral,67.0,0,73.53759659967662,-6.537596599676618,-0.39201805707589976,0.39201805707589976
65071,12,2,Neutral,64.0,1,75.70538945065881,-11.705389450658814,-0.7018977019767452,0.7018977019767452
65071,44,3,Neutral,62.0,0,72.6548163232458,-10.654816323245797,-0.6389015182958838,0.6389015182958838
65071,71,4,Neutral,66.0,1,70.06252922031305,-4.062529220313053,-0.24360401983811145,0.24360401983811145
65071,96,5,Neutral,66.0,0,65.8062384763954,0.19376152360460708,0.011618645302052043,0.011618645302052043
65071,61,6,Neutral,65.0,0,69.37464575966023,-4.3746457596602255,-0.2623196621189742,0.2623196621189742
65071,117,7,Neutral,65.0,0,73.21696293934286,-8.216962939342864,-0.4927189675033176,0.4927189675033176
65071,54,8,Neutral,64.0,1,74.1139502491708,-10.113950249170799,-0.6064692223803423,0.6064692223803423
65071,42,9,Neutral,65.0,1,72.3638119357668,-7.363811935766805,-0.4415609320211675,0.4415609320211675
65071,43,10,Neutral,66.0,1,74.23192880064848,-8.231928800648475,-0.4936163749499294,0.4936163749499294
65071,107,11,Neutral,69.0,1,71.77064937658669,-2.7706493765866895,-0.16613820826782016,0.16613820826782016
65071,98,12,Neutral,66.0,0,67.76493332312405,-1.7649333231240547,-0.10583181780194684,0.10583181780194684
65071,62,13,Neutral,61.0,0,67.30218693112946,-6.302186931129455,-0.3779020376070164,0.3779020376070164
65071,25,14,Neutral,65.0,0,74.24130586421569,-9.24130586421569,-0.5541422928898906,0.5541422928898906
65071,119,15,Neutral,63.0,0,68.46873398536148,-5.468733985361482,-0.32792516927587656,0.32792516927587656
65071,34,16,Neutral,68.0,1,76.2054707679643,-8.2054707679643,-0.49202985513201736,0.49202985513201736
65071,33,17,Neutral,59.0,1,70.01465336727513,-11.01465336727513,-0.6604786555073312,0.6604786555073312
65071,19,18,Neutral,67.0,0,74.11520696088164,-7.115206960881636,-0.4266536740177129,0.4266536740177129
65071,24,19,Neutral,63.0,0,72.71164863845415,-9.71164863845415,-0.5823457553864555,0.5823457553864555
65071,53,20,Neutral,66.0,0,68.45519946416415,-2.455199464164153,-0.14722268482014178,0.14722268482014178
65071,103,21,Neutral,63.0,0,70.62555627344528,-7.625556273445284,-0.4572560739808918,0.4572560739808918
65071,65,22,Neutral,68.0,1,68.88554204472183,-0.8855420447218307,-0.0531003200546273,0.0531003200546273
65071,30,23,Neutral,66.0,1,73.29807565458324,-7.2980756545832435,-0.4376191456420187,0.4376191456420187
65071,94,24,Neutral,79.0,1,78.42865627551552,0.5713437244844783,0.034259846624062486,0.034259846624062486
65071,70,25,Neutral,66.0,1,68.51765747167501,-2.517657471675008,-0.15096789399295132,0.15096789399295132
65071,86,26,Neutral,74.0,1,71.21527437691147,2.7847256230885336,0.1669822711769399,0.1669822711769399
65071,87,27,Neutral,69.0,0,70.02688307818016,-1.0268830781801626,-0.06157564221264723,0.06157564221264723
65071,85,28,Neutral,74.0,1,71.52073425058913,2.479265749410871,0.14866578676741082,0.14866578676741082
65071,126,29,Neutral,77.0,1,71.18865338955455,5.8113466104454545,0.348469467714501,0.348469467714501
65071,88,30,Neutral,76.0,0,70.69126443296219,5.3087355670378145,0.31833108249946646,0.31833108249946646
65071,92,31,Neutral,72.0,1,73.58984282754204,-1.5898428275420429,-0.09533275521158881,0.09533275521158881
65071,95,32,Neutral,81.0,1,68.67505910294796,12.324940897052045,0.7390482588473927,0.7390482588473927
65071,56,33,Neutral,72.0,1,78.18697271149139,-6.186972711491393,-0.3709933741798078,0.3709933741798078
65071,97,34,Neutral,74.0,1,70.35984991015333,3.6401500898466708,0.2182766317758028,0.2182766317758028
65071,128,35,Neutral,74.0,0,70.4746892303047,3.525310769695295,0.2113904486846212,0.2113904486846212
65071,47,36,Neutral,76.0,0,74.50558359338697,1.494416406613027,0.08961064012603119,0.08961064012603119
65071,4,37,Neutral,79.0,1,72.16016665249741,6.839833347502591,0.4101412711429067,0.4101412711429067
65071,84,38,Neutral,76.0,1,72.02222986882941,3.977770131170587,0.23852155674352465,0.23852155674352465
65071,104,39,Neutral,75.0,0,71.86009708558039,3.139902914419608,0.1882799926778315,0.1882799926778315
65071,55,40,Neutral,80.0,1,76.00451946600515,3.9954805339948507,0.23958353687633718,0.23958353687633718
65071,109,41,Neutral,86.0,1,68.87219282449303,17.127807175506973,1.027045579906999,1.027045579906999
65071,41,42,Neutral,72.0,1,77.15947561650104,-5.159475616501041,-0.3093809132871958,0.3093809132871958
65071,39,43,Neutral,74.0,1,73.08559659602032,0.9144034039796765,0.05483095207028117,0.05483095207028117
65071,10,44,Neutral,88.0,0,70.62282326551254,17.377176734487463,1.0419986851521654,1.0419986851521654
65071,37,45,Neutral,76.0,1,70.71816630355828,5.281833696441723,0.3167179485469511,0.3167179485469511
65071,9,46,Neutral,75.0,0,74.09161432537886,0.9083856746211438,0.054470107142764956,0.054470107142764956
65071,14,47,Neutral,74.0,1,72.12238868335275,1.877611316647247,0.11258839989181724,0.11258839989181724
65071,59,48,Neutral,78.0,0,68.35731137789334,9.642688622106661,0.5782106621282079,0.5782106621282079
65071,74,49,Neutral,78.0,0,68.38345589046128,9.616544109538722,0.5766429421161492,0.5766429421161492
65071,1,50,Neutral,68.0,1,73.21663787658127,-5.216637876581274,-0.3128085701933788,0.3128085701933788
65071,108,51,Neutral,77.0,0,68.86554854192792,8.134451458072078,0.487771279147045,0.487771279147045
65071,77,52,Neutral,77.0,1,68.53783823285684,8.462161767143158,0.5074219805458039,0.5074219805458039
65071,122,53,Neutral,76.0,0,67.33965498590702,8.660345014092982,0.5193057684531377,0.5193057684531377
65071,46,54,Neutral,76.0,1,67.3059568751011,8.694043124898897,0.5213264296737944,0.5213264296737944
65071,89,55,Neutral,79.0,0,66.04226756197181,12.957732438028188,0.7769927399185868,0.7769927399185868
65071,40,56,Neutral,76.0,1,75.1249228466365,0.875077153363506,0.052472807127628446,0.052472807127628446
65071,127,57,Neutral,78.0,0,68.36038351879826,9.639616481201742,0.5780264453919429,0.5780264453919429
65071,11,58,Neutral,78.0,1,76.88301369764841,1.1169863023515916,0.06697855907015188,0.06697855907015188
65071,78,59,Neutral,69.0,0,70.80345119342684,-1.803451193426838,-0.10814148932244805,0.10814148932244805
65071,21,60,Neutral,36.0,1,67.80928197283998,-31.809281972839983,-1.907400177702765,1.907400177702765
65071,93,61,Neutral,74.0,0,68.86936734075408,5.130632659245919,0.30765138472251874,0.30765138472251874
65071,52,62,Neutral,73.0,1,73.28067579022809,-0.28067579022808786,-0.016830340672732917,0.016830340672732917
65071,45,63,Neutral,73.0,0,68.72816700649057,4.271832993509435,0.2561546349236551,0.2561546349236551
65071,38,64,Neutral,82.0,0,67.47655482661695,14.523445173383053,0.8708785670868106,0.8708785670868106
65079,34,1,Neutral,100.0,1,62.31073148343224,37.68926851656776,2.259985545331385,2.259985545331385
65079,21,2,Neutral,57.0,1,55.11310051106693,1.886899488933068,0.11314535246571172,0.11314535246571172
65079,59,3,Neutral,64.0,1,55.09252078036832,8.907479219631682,0.5341248337801524,0.5341248337801524
65079,93,4,Neutral,57.0,0,54.42385552644019,2.5761444735598076,0.15447498723333383,0.15447498723333383
65079,41,5,Neutral,75.0,1,64.2269979463185,10.773002053681495,0.6459883643123221,0.6459883643123221
65079,56,6,Neutral,82.0,1,64.81710339842272,17.182896601577283,1.0303489421509433,1.0303489421509433
65079,88,7,Neutral,54.0,1,54.75862103283537,-0.7586210328353715,-0.045489674808590244,0.045489674808590244
65079,118,8,Neutral,53.0,0,57.99836945914359,-4.998369459143589,-0.2997204024515538,0.2997204024515538
65079,127,9,Neutral,46.0,0,53.52121922588683,-7.521219225886831,-0.45099964533142095,0.45099964533142095
65079,1,10,Neutral,48.0,1,60.244833930913565,-12.244833930913565,-0.7342447539591581,0.7342447539591581
65079,108,11,Neutral,47.0,0,53.67647093470758,-6.676470934707581,-0.4003454670294656,0.4003454670294656
65079,98,12,Neutral,46.0,1,52.53188033261135,-6.531880332611351,-0.39167528892333986,0.39167528892333986
65079,95,13,Neutral,48.0,1,54.95527647557036,-6.955276475570358,-0.41706366075167045,0.41706366075167045
65079,92,14,Neutral,53.0,0,59.61203810323618,-6.612038103236181,-0.39648184023325633,0.39648184023325633
65079,96,15,Neutral,44.0,1,48.43020265474429,-4.430202654744292,-0.2656510555042899,0.2656510555042899
65079,37,16,Neutral,21.0,1,57.26523155071581,-36.26523155071581,-2.174595112311221,2.174595112311221
65079,84,17,Neutral,45.0,0,58.21938180167802,-13.219381801678018,-0.7926821868903111,0.7926821868903111
65079,61,18,Neutral,48.0,1,53.616722797684126,-5.616722797684126,-0.33679911642008586,0.33679911642008586
65079,9,19,Neutral,47.0,0,60.03951877065875,-13.039518770658752,-0.7818969457263881,0.7818969457263881
65079,43,20,Neutral,44.0,1,59.24371040890105,-15.243710408901052,-0.9140682888602598,0.9140682888602598
65079,87,21,Neutral,46.0,1,53.35067388514689,-7.35067388514689,-0.4407731267475844,0.4407731267475844
65079,14,22,Neutral,48.0,1,58.49449727335582,-10.494497273355819,-0.629288205285223,0.629288205285223
65079,62,23,Neutral,55.0,1,51.631742297730625,3.368257702269375,0.201972975854749,0.201972975854749
65079,40,24,Neutral,75.0,1,61.97374935501089,13.026250644989112,0.7811013406799849,0.7811013406799849
65079,103,25,Neutral,50.0,1,55.21754662577813,-5.217546625778127,-0.31286306209863607,0.31286306209863607
65079,38,26,Neutral,53.0,0,52.199998890819366,0.8000011091806343,0.04797097460786582,0.04797097460786582
65079,86,27,Neutral,55.0,1,56.620708463761574,-1.6207084637615736,-0.09718357095965599,0.09718357095965599
65079,53,28,Neutral,52.0,0,51.16664197109028,0.8333580289097213,0.04997117677128476,0.04997117677128476
65079,128,29,Neutral,56.0,0,53.79848003727143,2.201519962728568,0.13201113975820267,0.13201113975820267
65079,46,30,Neutral,53.0,0,53.63432630081556,-0.6343263008155589,-0.03803651085020425,0.03803651085020425
65079,109,31,Neutral,54.0,1,54.7587577185179,-0.7587577185178986,-0.04549787097898366,0.04549787097898366
65079,89,32,Neutral,50.0,1,50.109624161845,-0.10962416184499801,-0.006573463241396057,0.006573463241396057
65079,12,33,Neutral,69.0,1,59.79864860885047,9.20135139114953,0.5517464774454713,0.5517464774454713
65079,45,34,Neutral,53.0,1,53.05795859209546,-0.05795859209545995,-0.0034754078685798225,0.0034754078685798225
65079,78,35,Neutral,50.0,1,56.6201381458409,-6.620138145840897,-0.3969675482324758,0.3969675482324758
65079,11,36,Neutral,59.0,1,63.294448563136655,-4.294448563136655,-0.2575107466888512,0.2575107466888512
65079,85,37,Neutral,55.0,1,56.5762550231303,-1.576255023130301,-0.09451798106573804,0.09451798106573804
65079,104,38,Neutral,46.0,0,54.965192071104056,-8.965192071104056,-0.537585506147675,0.537585506147675
65079,74,39,Neutral,46.0,0,51.88220335458249,-5.8822033545824866,-0.3527182956658459,0.3527182956658459
65079,25,40,Neutral,48.0,0,57.87103460219899,-9.87103460219899,-0.5919031171599721,0.5919031171599721
65079,54,41,Neutral,81.0,1,55.73191364888157,25.268086351118427,1.5151663101821675,1.5151663101821675
65079,10,42,Neutral,50.0,1,53.77165741532481,-3.7716574153248104,-0.2261622890566051,0.2261622890566051
65079,39,43,Neutral,65.0,1,58.53476984715903,6.465230152840967,0.3876787018627926,0.3876787018627926
65079,30,44,Neutral,48.0,1,57.65818268731002,-9.658182687310017,-0.5791397426006138,0.5791397426006138
65079,97,45,Neutral,50.0,0,55.15734858576626,-5.1573485857662575,-0.3092533687923226,0.3092533687923226
65079,122,46,Neutral,50.0,1,52.412776145414625,-2.4127761454146253,-0.14467882841399338,0.14467882841399338
65079,19,47,Neutral,50.0,0,57.613718205999106,-7.613718205999106,-0.4565462204240031,0.4565462204240031
65079,70,48,Neutral,50.0,1,52.79028617582454,-2.7902861758245407,-0.1673157021322768,0.1673157021322768
65079,117,49,Neutral,48.0,0,56.14686504870835,-8.14686504870835,-0.48851564316650853,0.48851564316650853
65079,52,50,Neutral,88.0,1,59.254719012830186,28.745280987169814,1.7236715405854983,1.7236715405854983
65079,94,51,Neutral,97.0,1,62.69687209086163,34.30312790913837,2.0569402454767047,2.0569402454767047
65079,119,52,Neutral,47.0,1,51.61733191617003,-4.617331916170031,-0.2768720062570168,0.2768720062570168
65079,77,53,Neutral,53.0,1,53.77272855135591,-0.772728551355911,-0.04633561290162855,0.04633561290162855
65079,24,54,Neutral,47.0,1,55.94772489783992,-8.947724897839919,-0.5365381109434567,0.5365381109434567
65079,65,55,Neutral,52.0,1,52.720779105985216,-0.7207791059852156,-0.043220535314645286,0.043220535314645286
65079,126,56,Neutral,57.0,1,55.286325436549625,1.7136745634503754,0.10275815624008323,0.10275815624008323
65079,47,57,Neutral,47.0,1,58.35400815281335,-11.35400815281335,-0.680827602044149,0.680827602044149
65079,44,58,Neutral,50.0,0,53.31051810860702,-3.3105181086070203,-0.1985106999283041,0.1985106999283041
65079,107,59,Neutral,49.0,1,54.94979897352086,-5.949798973520863,-0.35677157469569243,0.35677157469569243
65079,42,60,Neutral,98.0,1,55.58228780818615,42.41771219181385,2.5435202165673694,2.5435202165673694
65079,71,61,Neutral,52.0,1,52.84802633864967,-0.8480263386496674,-0.050850741944383014,0.050850741944383014
65079,4,62,Neutral,54.0,1,56.34531702806973,-2.3453170280697293,-0.14063373451589184,0.14063373451589184
65079,55,63,Neutral,74.0,1,60.44769193850572,13.55230806149428,0.8126456556563669,0.8126456556563669
65079,33,64,Neutral,53.0,1,53.2375421284979,-0.2375421284978998,-0.014243889519280925,0.014243889519280925
65080,67,1,Standard,75.0,1,87.09774795206397,-12.097747952063969,-0.7254249439919024,0.7254249439919024
65080,76,2,Standard,100.0,0,82.43233835404868,17.56766164595132,1.053420852879374,1.053420852879374
65080,91,3,Standard,68.0,0,83.32473898315133,-15.324738983151335,-0.9189270567210357,0.9189270567210357
65080,106,4,Standard,50.0,1,84.2232162393821,-34.2232162393821,-2.0521484512694737,2.0521484512694737
65080,82,5,Standard,100.0,0,82.723397942217,17.276602057782995,1.0359678619357753,1.0359678619357753
65080,64,6,Standard,75.0,0,85.2873568822256,-10.287356882225595,-0.6168673144525232,0.6168673144525232
65080,5,7,Standard,50.0,0,83.23788420458152,-33.23788420458152,-1.993064360660966,1.993064360660966
65080,3,8,Standard,50.0,1,87.80288877473606,-37.80288877473606,-2.2667986290346227,2.2667986290346227
65080,81,9,Standard,97.0,0,84.60334985221154,12.396650147788463,0.743348206193402,0.743348206193402
65080,114,10,Standard,100.0,0,84.06916383462746,15.93083616537254,0.9552708470040407,0.9552708470040407
65080,26,11,Standard,100.0,1,93.26218199124591,6.73781800875409,0.4040240605933746,0.4040240605933746
65080,57,12,Standard,63.0,1,87.68707332531774,-24.68707332531774,-1.480326657102098,1.480326657102098
65080,80,13,Standard,96.0,1,88.37639432249658,7.62360567750342,0.457139109157564,0.457139109157564
65080,120,14,Standard,91.0,0,83.29895072655134,7.70104927344866,0.46178290868733707,0.46178290868733707
65080,102,15,Standard,52.0,0,82.89706150734172,-30.897061507341718,-1.8527001225590762,1.8527001225590762
65080,121,16,Standard,64.0,1,86.36973807142644,-22.36973807142644,-1.3413708114830996,1.3413708114830996
65080,23,17,Standard,100.0,0,86.28425806635603,13.715741933643969,0.8224457447324781,0.8224457447324781
65080,124,18,Standard,69.0,1,84.61001171932226,-15.610011719322259,-0.936033046982959,0.936033046982959
65080,36,19,Standard,52.0,1,81.84806721390731,-29.848067213907314,-1.7897986115028262,1.7897986115028262
65080,125,20,Standard,75.0,0,80.2943058574865,-5.294305857486506,-0.31746582466101964,0.31746582466101964
65080,49,21,Standard,96.0,0,87.54355758027118,8.456442419728816,0.5070790276843161,0.5070790276843161
65080,7,22,Standard,100.0,1,90.77313997544096,9.226860024559045,0.5532760678316929,0.5532760678316929
65080,16,23,Standard,100.0,0,84.60872839285045,15.391271607149548,0.9229165947101541,0.9229165947101541
65080,116,24,Standard,100.0,0,87.93923616434577,12.060763835654228,0.72320724193021,0.72320724193021
65080,2,25,Standard,98.0,0,83.88833981900245,14.111660180997546,0.8461864420548124,0.8461864420548124
65080,50,26,Standard,80.0,0,79.5020750749448,0.4979249250552016,0.029857388524011784,0.029857388524011784
65080,31,27,Standard,100.0,0,83.25223596145403,16.747764038545967,1.0042568119117616,1.0042568119117616
65080,15,28,Standard,100.0,1,88.01182041708257,11.988179582917425,0.7188548262835188,0.7188548262835188
65080,123,29,Standard,81.0,1,83.05708981785574,-2.05708981785574,-0.12335058325047357,0.12335058325047357
65080,6,30,Standard,93.0,1,86.09031672177451,6.9096832782254864,0.4143297269020507,0.4143297269020507
65080,60,31,Standard,67.0,1,85.58811678090846,-18.588116780908464,-1.1146110522500132,1.1146110522500132
65080,112,32,Standard,67.0,1,84.23405522942481,-17.23405522942481,-1.0334165994445195,1.0334165994445195
65080,18,33,Standard,79.0,0,86.00123298242194,-7.001232982421939,-0.41981937995998675,0.41981937995998675
65080,115,34,Standard,84.0,1,90.13724850002373,-6.1372485000237305,-0.3680117297066465,0.3680117297066465
65080,17,35,Standard,84.0,1,90.46779148840855,-6.467791488408551,-0.3878322888541914,0.3878322888541914
65080,72,36,Standard,79.0,1,83.05888224437572,-4.058882244375724,-0.2433853339037078,0.2433853339037078
65080,79,37,Standard,83.0,1,84.13782016888328,-1.1378201688832803,-0.06822783344103234,0.06822783344103234
65080,111,38,Standard,100.0,0,84.95044591370858,15.049554086291423,0.9024259699747242,0.9024259699747242
65080,66,39,Standard,54.0,0,82.3465168260432,-28.3465168260432,-1.6997601919280896,1.6997601919280896
65080,27,40,Standard,100.0,0,85.83479091819726,14.165209081802743,0.8493974288038636,0.8493974288038636
65080,22,41,Standard,100.0,1,91.49865413239907,8.501345867600932,0.5097716016482261,0.5097716016482261
65080,48,42,Standard,100.0,1,91.00981443562847,8.99018556437153,0.5390842068583825,0.5390842068583825
65080,8,43,Standard,100.0,0,88.30045184920124,11.699548150798762,0.7015474364033005,0.7015474364033005
65080,113,44,Standard,100.0,1,88.58623632027575,11.413763679724255,0.6844107606563398,0.6844107606563398
65080,63,45,Standard,100.0,1,81.12981168008181,18.870188319918185,1.1315250870934095,1.1315250870934095
65080,28,46,Standard,100.0,0,84.6418880765926,15.358111923407407,0.9209282195334891,0.9209282195334891
65080,51,47,Standard,100.0,0,82.82061502925032,17.17938497074968,1.0301383720013146,1.0301383720013146
65080,83,48,Standard,100.0,1,84.52049868713492,15.479501312865082,0.9282071685905756,0.9282071685905756
65080,90,49,Standard,64.0,1,85.04420310895848,-21.044203108958484,-1.2618869166526099,1.2618869166526099
65080,69,50,Standard,86.0,1,82.34645152224887,3.65354847775113,0.21908004781932486,0.21908004781932486
65080,73,51,Standard,100.0,0,80.67174569371487,19.32825430628513,1.1589923887615805,1.1589923887615805
65080,110,52,Standard,100.0,1,79.75146635150577,20.24853364849423,1.2141756834478483,1.2141756834478483
65080,58,53,Standard,100.0,1,84.7074403588227,15.292559641177306,0.9169974664004484,0.9169974664004484
65080,100,54,Standard,100.0,0,81.88608344047574,18.113916559524256,1.0861762832002995,1.0861762832002995
65080,68,55,Standard,100.0,0,80.294645055486,19.705354944514,1.1816047138364978,1.1816047138364978
65080,101,56,Standard,50.0,1,86.86002929915574,-36.86002929915574,-2.2102613474698836,2.2102613474698836
65080,35,57,Standard,98.0,1,88.3118738120746,9.688126187925405,0.5809352637457815,0.5809352637457815
65080,105,58,Standard,84.0,0,80.99427792408615,3.0057220759138517,0.18023402183734807,0.18023402183734807
65080,99,59,Standard,100.0,1,81.34380377243073,18.656196227569268,1.118693343348869,1.118693343348869
65080,75,60,Standard,100.0,0,78.65738027059875,21.34261972940125,1.2797810619950918,1.2797810619950918
65080,32,61,Standard,100.0,0,83.54129999067385,16.45870000932615,0.986923481936815,0.986923481936815
65080,13,62,Standard,34.0,1,82.09138932039117,-48.09138932039117,-2.883734521703736,2.883734521703736
65080,20,63,Standard,51.0,1,81.29886830500502,-30.298868305005016,-1.8168302836418746,1.8168302836418746
65080,29,64,Standard,100.0,1,85.79624757996257,14.203752420037432,0.8517086274741409,0.8517086274741409
65088,19,1,Neutral,86.0,0,93.53932971162811,-7.539329711628113,-0.45208561589028795,0.45208561589028795
65088,61,2,Neutral,7.0,0,88.23015937465469,-81.23015937465469,-4.870855637619635,4.870855637619635
65088,9,3,Neutral,100.0,0,94.65295534762932,5.347044652370684,0.32062823451421285,0.32062823451421285
65088,38,4,Neutral,93.0,0,88.0991842318751,4.9008157681249,0.2938707285185337,0.2938707285185337
65088,47,5,Neutral,100.0,0,94.54205464417404,5.457945355825956,0.32727824383094506,0.32727824383094506
65088,127,6,Neutral,100.0,1,88.58936044545888,11.41063955454112,0.6842234267537837,0.6842234267537837
65088,77,7,Neutral,95.0,0,89.35720135203553,5.642798647964469,0.3383627191917845,0.3383627191917845
65088,122,8,Neutral,18.0,0,87.98847433673473,-69.98847433673473,-4.196763337852686,4.196763337852686
65088,78,9,Neutral,86.0,1,91.67096636569761,-5.670966365697609,-0.3400517579401457,0.3400517579401457
65088,34,10,Neutral,100.0,1,95.31900647988702,4.6809935201129775,0.2806893874471141,0.2806893874471141
65088,103,11,Neutral,100.0,0,89.74350487417146,10.256495125828536,0.6150167313527151,0.6150167313527151
65088,59,12,Neutral,100.0,1,88.6124782501235,11.387521749876498,0.6828371991500595,0.6828371991500595
65088,21,13,Neutral,80.0,1,88.54557965224488,-8.545579652244882,-0.5124240201706679,0.5124240201706679
65088,104,14,Neutral,100.0,0,90.95185574073702,9.048144259262983,0.5425596208909838,0.5425596208909838
65088,97,15,Neutral,98.0,0,90.04199475782806,7.958005242171936,0.47719092263820345,0.47719092263820345
65088,14,16,Neutral,100.0,1,92.32940350249083,7.670596497509166,0.45995684954245825,0.45995684954245825
65088,118,17,Neutral,100.0,0,91.51832692889879,8.481673071101213,0.5085919492570934,0.5085919492570934
65088,30,18,Neutral,100.0,1,92.36787220221734,7.632127797782658,0.45765012646845155,0.45765012646845155
65088,40,19,Neutral,100.0,1,95.59437265150629,4.405627348493709,0.26417743080727585,0.26417743080727585
65088,126,20,Neutral,100.0,0,90.43340659434313,9.566593405656874,0.5736477163345058,0.5736477163345058
65088,11,21,Neutral,100.0,1,97.3524635025182,2.647536497481795,0.15875591250639184,0.15875591250639184
65088,33,22,Neutral,100.0,0,88.64705827202307,11.352941727976926,0.680763655334373,0.680763655334373
65088,84,23,Neutral,100.0,1,91.52941805934967,8.470581940650334,0.5079268847576497,0.5079268847576497
65088,65,24,Neutral,100.0,1,87.64916444233563,12.350835557664368,0.7406009968279503,0.7406009968279503
65088,46,25,Neutral,100.0,0,87.42549336566199,12.574506634338007,0.7540131276568871,0.7540131276568871
65088,95,26,Neutral,74.0,1,87.78859481487066,-13.788594814870663,-0.8268142683199204,0.8268142683199204
65088,107,27,Neutral,100.0,0,89.92192347415988,10.078076525840117,0.6043181035240843,0.6043181035240843
65088,25,28,Neutral,100.0,0,92.30951452201509,7.6904854779849074,0.4611494651106483,0.4611494651106483
65088,12,29,Neutral,89.0,1,93.37553274105724,-4.375532741057242,-0.2623728487478246,0.2623728487478246
65088,108,30,Neutral,100.0,1,87.78235053993009,12.217649460069907,0.7326146742685125,0.7326146742685125
65088,92,31,Neutral,71.0,1,92.44094355373306,-21.440943553733064,-1.285676915921095,1.285676915921095
65088,43,32,Neutral,100.0,0,92.12076791248998,7.879232087510019,0.47246739793467074,0.47246739793467074
65088,119,33,Neutral,100.0,1,86.36198598600643,13.638014013993569,0.8177848961197924,0.8177848961197924
65088,53,34,Neutral,70.0,0,85.84113071206478,-15.841130712064782,-0.9498917819334673,0.9498917819334673
65088,88,35,Neutral,74.0,1,88.47084815946036,-14.47084815946036,-0.867724658935459,0.867724658935459
65088,71,36,Neutral,72.0,0,87.5139766892684,-15.513976689268404,-0.9302744374819077,0.9302744374819077
65088,85,37,Neutral,72.0,0,89.97818249818263,-17.978182498182633,-1.0780371754724234,1.0780371754724234
65088,98,38,Neutral,73.0,1,85.30827200946007,-12.308272009460069,-0.7380487317539427,0.7380487317539427
65088,62,39,Neutral,65.0,1,84.84552561746548,-19.845525617465483,-1.1900098569241244,1.1900098569241244
65088,70,40,Neutral,70.0,0,86.71267073353681,-16.71267073353681,-1.0021524897749778,1.0021524897749778
65088,37,41,Neutral,100.0,1,89.7442236869038,10.255776313096206,0.6149736287283128,0.6149736287283128
65088,109,42,Neutral,100.0,0,87.67955438639544,12.320445613604562,0.7387787053109791,0.7387787053109791
65088,89,43,Neutral,86.0,1,84.56541708137642,1.4345829186235761,0.0860228066841729,0.0860228066841729
65088,74,44,Neutral,100.0,0,86.6004312598456,13.399568740154393,0.8034868507228053,0.8034868507228053
65088,10,45,Neutral,86.0,1,88.57736364916518,-2.5773636491651786,-0.15454809343448359,0.15454809343448359
65088,39,46,Neutral,84.0,0,91.80547982934551,-7.805479829345515,-0.46804494443669276,0.46804494443669276
65088,41,47,Neutral,100.0,1,95.791880521249,4.2081194787510015,0.2523341409723591,0.2523341409723591
65088,1,48,Neutral,89.0,1,92.15521693134953,-3.1552169313495284,-0.18919827680126483,0.18919827680126483
65088,56,49,Neutral,100.0,1,96.3382468090646,3.6617531909354,0.21957203224698466,0.21957203224698466
65088,94,50,Neutral,100.0,1,96.14253873020259,3.8574612697974118,0.23130740007823594,0.23130740007823594
65088,55,51,Neutral,100.0,1,94.37448938502142,5.62551061497858,0.33732606588984676,0.33732606588984676
65088,52,52,Neutral,78.0,0,92.56916815930528,-14.569168159305278,-0.8736202835313256,0.8736202835313256
65088,24,53,Neutral,100.0,0,89.90507401048126,10.094925989518742,0.6053284586161058,0.6053284586161058
65088,87,54,Neutral,100.0,1,86.84420519032881,13.155794809671193,0.7888692797031271,0.7888692797031271
65088,96,55,Neutral,100.0,0,81.6175598099059,18.3824401900941,1.1022779362053448,1.1022779362053448
65088,44,56,Neutral,80.0,1,88.33492016389044,-8.334920163890445,-0.4997921114760577,0.4997921114760577
65088,45,57,Neutral,100.0,0,86.9888815401635,13.011118459836496,0.7801939598508995,0.7801939598508995
65088,128,58,Neutral,100.0,0,87.4669679996078,12.533032000392197,0.7515261578401543,0.7515261578401543
65088,42,59,Neutral,88.0,0,89.02795444752708,-1.0279544475270797,-0.061639885413246345,0.061639885413246345
65088,54,60,Neutral,100.0,1,89.83779325410407,10.16220674589593,0.6093628573422197,0.6093628573422197
65088,93,61,Neutral,100.0,0,86.86764688869533,13.132353111304667,0.7874636302556438,0.7874636302556438
65088,4,62,Neutral,100.0,0,89.91778827147306,10.082211728526943,0.6045660653091515,0.6045660653091515
65088,117,63,Neutral,97.0,0,89.44812669702046,7.551873302979544,0.4528377752252009,0.4528377752252009
65088,86,64,Neutral,100.0,0,88.40428686013513,11.59571313986487,0.6953211116948025,0.6953211116948025
65112,91,1,Standard,60.0,1,76.62592849502455,-16.625928495024553,-0.9969511098351891,0.9969511098351891
65112,113,2,Standard,44.0,1,83.63699240369355,-39.636992403693554,-2.376778149816823,2.376778149816823
65112,22,3,Standard,65.0,1,86.37445355866242,-21.374453558662424,-1.2816899341174353,1.2816899341174353
65112,18,4,Standard,92.0,0,80.48337993008776,11.516620069912236,0.6905784037075073,0.6905784037075073
65112,79,5,Standard,100.0,1,78.75118460941495,21.24881539058505,1.2741562128494845,1.2741562128494845
65112,90,6,Standard,100.0,0,80.13869835666492,19.861301643335082,1.1909558447830395,1.1909558447830395
65112,125,7,Standard,100.0,0,74.07662617653448,25.923373823465525,1.5544597290738125,1.5544597290738125
65112,100,8,Standard,89.0,0,77.11179618104802,11.888203818951979,0.7128599160520813,0.7128599160520813
65112,99,9,Standard,100.0,1,76.74447317015748,23.255526829842523,1.3944859253876685,1.3944859253876685
65112,64,10,Standard,95.0,0,78.32611140836711,16.67388859163289,0.999826971568613,0.999826971568613
65112,72,11,Standard,98.0,1,77.36607253488708,20.63392746511292,1.2372852976457323,1.2372852976457323
65112,20,12,Standard,72.0,1,76.74327686702037,-4.74327686702037,-0.2844241233352275,0.2844241233352275
65112,68,13,Standard,90.0,0,75.34540113890381,14.65459886109619,0.8787430189617069,0.8787430189617069
65112,76,14,Standard,85.0,0,75.1211795658813,9.878820434118694,0.5923699839443242,0.5923699839443242
65112,5,15,Standard,87.0,0,76.10168207356858,10.898317926431417,0.6535027595808562,0.6535027595808562
65112,48,16,Standard,85.0,1,85.36074389042845,-0.3607438904284521,-0.021631515018035573,0.021631515018035573
65112,35,17,Standard,87.0,1,83.27515156691517,3.72484843308483,0.2233554523251486,0.2233554523251486
65112,83,18,Standard,82.0,1,79.04638479908935,2.9536152009106473,0.1771095041973237,0.1771095041973237
65112,13,19,Standard,58.0,0,77.1858845680976,-19.185884568097606,-1.1504553817285312,1.1504553817285312
65112,7,20,Standard,81.0,1,84.07432948731417,-3.0743294873141735,-0.1843479716212016,0.1843479716212016
65112,58,21,Standard,99.0,1,79.32080479935436,19.679195200645637,1.180036080500298,1.180036080500298
65112,15,22,Standard,83.0,1,81.48796658611025,1.5120334138897533,0.0906670199223092,0.0906670199223092
65112,51,23,Standard,100.0,0,77.08406615547307,22.915933844526933,1.3741226955263144,1.3741226955263144
65112,23,24,Standard,93.0,0,79.1917950996317,13.808204900368295,0.8279901603314058,0.8279901603314058
65112,2,25,Standard,97.0,0,77.10205100229844,19.897948997701562,1.1931533533684469,1.1931533533684469
65112,121,26,Standard,90.0,1,79.14605761183627,10.85394238816373,0.6508418409958435,0.6508418409958435
65112,116,27,Standard,90.0,0,81.02172985477591,8.978270145224087,0.5383697150123031,0.5383697150123031
65112,112,28,Standard,45.0,0,77.62272306987526,-32.62272306987526,-1.9561770628383868,1.9561770628383868
65112,6,29,Standard,77.0,1,79.34776706935911,-2.347767069359108,-0.14078064789780123,0.14078064789780123
65112,27,30,Standard,71.0,0,79.4858937443794,-8.485893744379396,-0.5088450361695144,0.5088450361695144
65112,8,31,Standard,73.0,0,82.0390330039606,-9.039033003960597,-0.5420132769025308,0.5420132769025308
65112,32,32,Standard,85.0,0,78.02344693833967,6.976553061660326,0.4183394821966048,0.4183394821966048
65112,106,33,Standard,36.0,0,76.16849165830824,-40.16849165830824,-2.408648777187995,2.408648777187995
65112,111,34,Standard,81.0,0,78.33911375415902,2.6608862458409845,0.15955641194596884,0.15955641194596884
65112,63,35,Standard,78.0,1,74.78091450626395,3.2190854937360456,0.19302806797195773,0.19302806797195773
65112,120,36,Standard,81.0,0,75.5504002954978,5.449599704502205,0.3267778082401147,0.3267778082401147
65112,80,37,Standard,100.0,1,80.5403655628658,19.4596344371342,1.1668704189900556,1.1668704189900556
65112,50,38,Standard,84.0,0,72.19091628677741,11.809083713222591,0.7081155869013337,0.7081155869013337
65112,31,39,Standard,88.0,0,75.94107717328663,12.05892282671337,0.7230968483418246,0.7230968483418246
65112,82,40,Standard,71.0,1,74.40623837541146,-3.406238375411462,-0.2042504350807178,0.2042504350807178
65112,67,41,Standard,100.0,1,78.56189256381535,21.43810743618465,1.2855068520032598,1.2855068520032598
65112,66,42,Standard,61.0,0,75.42901051647333,-14.429010516473326,-0.8652159217770324,0.8652159217770324
65112,105,43,Standard,77.0,0,74.86407657171135,2.135923428288649,0.12807773310179907,0.12807773310179907
65112,60,44,Standard,100.0,1,78.23321882845245,21.76678117154755,1.305215323944648,1.305215323944648
65112,29,45,Standard,83.0,1,79.84100288474224,3.158997115257762,0.1894249503698311,0.1894249503698311
65112,124,46,Standard,64.0,1,76.59902630253703,-12.599026302537027,-0.7554834160940783,0.7554834160940783
65112,16,47,Standard,12.0,1,76.77269963321967,-64.77269963321967,-3.8840065266540975,3.8840065266540975
65112,57,48,Standard,100.0,1,79.32617459422357,20.673825405776427,1.2396777232017862,1.2396777232017862
65112,3,49,Standard,100.0,1,79.22329422219883,20.77670577780117,1.2458468042910629,1.2458468042910629
65112,81,50,Standard,96.0,0,76.0237552996743,19.976244700325694,1.1978482483121977,1.1978482483121977
65112,17,51,Standard,8.0,0,82.98167604308671,-74.98167604308671,-4.496173863061445,4.496173863061445
65112,28,52,Standard,97.0,0,77.59316427415689,19.40683572584311,1.1637044163313006,1.1637044163313006
65112,69,53,Standard,50.0,1,75.428945212679,-25.428945212678997,-1.5248119922628782,1.5248119922628782
65112,36,54,Standard,38.0,1,73.53090764710177,-35.53090764710177,-2.130562381693763,2.130562381693763
65112,123,55,Standard,94.0,1,75.13358272964773,18.866417270352272,1.1312989612532134,1.1312989612532134
65112,101,56,Standard,54.0,0,80.07374048245173,-26.073740482451726,-1.5634762605477306,1.5634762605477306
65112,102,57,Standard,72.0,0,74.27372779051588,-2.2737277905158777,-0.1363409835965717,0.1363409835965717
65112,110,58,Standard,57.0,1,72.70274254907007,-15.702742549070067,-0.9415935246224894,0.9415935246224894
65112,114,59,Standard,100.0,0,75.13965596778131,24.86034403221869,1.4907165985479864,1.4907165985479864
65112,49,60,Standard,99.0,0,79.05144135631119,19.948558643688813,1.196188091714065,1.196188091714065
65112,26,61,Standard,77.0,1,84.28893496011113,-7.288934960111135,-0.4370710363739342,0.4370710363739342
65112,75,62,Standard,12.0,0,71.7836131253175,-59.7836131253175,-3.5848427637036364,3.5848427637036364
65112,115,63,Standard,53.0,1,82.08252391894989,-29.08252391894989,-1.7438938526941323,1.7438938526941323
65112,73,64,Standard,99.0,0,73.31684774125885,25.683152258741146,1.540055170818315,1.540055170818315
65163,13,1,Standard,68.0,1,75.00754875732055,-7.007548757320549,-0.4201980967815178,0.4201980967815178
65163,112,2,Standard,75.0,1,75.79430057340711,-0.7943005734071136,-0.047629149760744206,0.047629149760744206
65163,17,3,Standard,36.0,1,82.11551516096809,-46.11551516096809,-2.7652539245616867,2.7652539245616867
65163,115,4,Standard,34.0,1,81.69749384400606,-47.69749384400606,-2.860115117081689,2.860115117081689
65163,83,5,Standard,89.0,1,76.64935316686923,12.350646833130767,0.740589680218879,0.740589680218879
65163,99,6,Standard,76.0,1,74.25118860000056,1.7488113999994397,0.10486508868624227,0.10486508868624227
65163,114,7,Standard,66.0,0,74.78959044776653,-8.789590447766528,-0.5270557944790846,0.5270557944790846
65163,16,8,Standard,87.0,0,76.36565628250595,10.634343717494048,0.6376739064345954,0.6376739064345954
65163,124,9,Standard,75.0,1,75.59287331819303,-0.5928733181930284,-0.03555083932552051,0.03555083932552051
65163,26,10,Standard,80.0,1,83.55399157085839,-3.5539915708583862,-0.21311025378056295,0.21311025378056295
65163,110,11,Standard,16.0,1,72.64561251266527,-56.64561251266527,-3.3966768399548752,3.3966768399548752
65163,125,12,Standard,56.0,0,70.89228958711928,-14.89228958711928,-0.8929958189287683,0.8929958189287683
65163,60,13,Standard,62.0,1,76.96463085837676,-14.964630858376765,-0.8973336645226924,0.8973336645226924
65163,100,14,Standard,59.0,0,73.8837204273442,-14.883720427344201,-0.892481980958716,0.892481980958716
65163,2,15,Standard,100.0,0,75.42657188721489,24.57342811278511,1.473512077044463,1.473512077044463
65163,69,16,Standard,61.0,1,74.93442353338807,-13.93442353338807,-0.8355586883873639,0.8355586883873639
65163,7,17,Standard,100.0,1,81.2399062122079,18.7600937877921,1.1249234187401063,1.1249234187401063
65163,66,18,Standard,57.0,1,73.51310969142794,-16.513109691427942,-0.9901860842614548,0.9901860842614548
65163,102,19,Standard,77.0,0,73.3113139704605,3.6886860295394968,0.22118702315383246,0.22118702315383246
65163,31,20,Standard,41.0,0,73.80648052679818,-32.80648052679818,-1.967195827936205,1.967195827936205
65163,113,21,Standard,63.0,1,79.84030751423775,-16.84030751423775,-1.009806055121038,1.009806055121038
65163,72,22,Standard,67.0,1,74.77207096974263,-7.772070969742629,-0.46604162776963304,0.46604162776963304
65163,36,23,Standard,92.0,0,72.77395098207916,19.226049017920843,1.1528637881425958,1.1528637881425958
65163,75,24,Standard,82.0,0,71.33283061031518,10.667169389684815,0.6396422530644673,0.6396422530644673
65163,101,25,Standard,57.0,1,78.46401380742667,-21.464013807426667,-1.2870602921957435,1.2870602921957435
65163,81,26,Standard,79.0,0,74.10785447462892,4.8921455253710775,0.2933508292456269,0.2933508292456269
65163,58,27,Standard,67.0,1,76.94549905565299,-9.945499055652988,-0.5963682764764248,0.5963682764764248
65163,68,28,Standard,7.0,0,71.72367290660245,-64.72367290660245,-3.8810667059080104,3.8810667059080104
65163,18,29,Standard,100.0,0,76.7653987598496,23.234601240150397,1.3932311509626634,1.3932311509626634
65163,22,30,Standard,100.0,1,82.2278553548977,17.7721446451023,1.0656823968290552,1.0656823968290552
65163,5,31,Standard,78.0,0,72.43621467697862,5.563785323021378,0.3336247930051444,0.3336247930051444
65163,73,32,Standard,59.0,0,71.7508602305224,-12.750860230522406,-0.7645879303508887,0.7645879303508887
65163,49,33,Standard,100.0,0,77.60789672908102,22.39210327091898,1.3427119101448943,1.3427119101448943
65163,123,34,Standard,71.0,1,73.93923442173896,-2.939234421738959,-0.1762471804023068,0.1762471804023068
65163,20,35,Standard,60.0,1,73.11277402535946,-13.112774025359457,-0.7862895970900087,0.7862895970900087
65163,120,36,Standard,64.0,1,72.58475952752568,-8.584759527525677,-0.5147733879161194,0.5147733879161194
65163,23,37,Standard,100.0,0,75.99868390085695,24.001316099143054,1.4392061610096876,1.4392061610096876
65163,27,38,Standard,94.0,0,76.51147836704772,17.488521632952285,1.0486753300163731,1.0486753300163731
65163,48,39,Standard,100.0,1,81.38910234381818,18.61089765618182,1.1159770763426577,1.1159770763426577
65163,90,40,Standard,81.0,1,75.68592600287988,5.3140739971201185,0.31865119417304444,0.31865119417304444
65163,79,41,Standard,96.0,1,75.06370393705514,20.936296062944862,1.255416417918388,1.255416417918388
65163,116,42,Standard,65.0,0,77.74114032742392,-12.74114032742392,-0.7640050896280728,0.7640050896280728
65163,91,43,Standard,100.0,0,72.67601283693303,27.323987163066974,1.6384455963162645,1.6384455963162645
65163,29,44,Standard,95.0,1,76.91910128105873,18.08089871894127,1.0841964134550748,1.0841964134550748
65163,15,45,Standard,100.0,1,77.51632503949997,22.483674960500025,1.34820288152641,1.34820288152641
65163,57,46,Standard,100.0,1,76.78915085977803,23.210849140221967,1.3918068887091808,1.3918068887091808
65163,121,47,Standard,86.0,1,75.60303309875259,10.39696690124741,0.6234399296388303,0.6234399296388303
65163,106,48,Standard,78.0,1,72.54676342600688,5.453236573993124,0.3269958881552534,0.3269958881552534
65163,6,49,Standard,90.0,1,76.36011302561712,13.639886974382875,0.8178972056331741,0.8178972056331741
65163,50,50,Standard,100.0,0,68.70040554734189,31.299594452658113,1.876837461216493,1.876837461216493
65163,111,51,Standard,95.0,0,74.62990719328043,20.37009280671957,1.221464812457374,1.221464812457374
65163,3,52,Standard,100.0,1,76.12643596136085,23.873564038639145,1.4315456830675855,1.4315456830675855
65163,63,53,Standard,32.0,0,71.36910748604612,-39.36910748604612,-2.360714796360404,2.360714796360404
65163,82,54,Standard,100.0,0,71.68101931740115,28.31898068259885,1.6981090246699337,1.6981090246699337
65163,67,55,Standard,98.0,1,75.83667350580505,22.163326494194948,1.328993622981095,1.328993622981095
65163,80,56,Standard,65.0,1,77.08481937835936,-12.084819378359356,-0.7246496997156349,0.7246496997156349
65163,105,57,Standard,79.0,0,72.13885751370105,6.861142486298945,0.41141904456644907,0.41141904456644907
65163,51,58,Standard,99.0,0,72.5875546373994,26.412445362600593,1.5837862363949178,1.5837862363949178
65163,32,59,Standard,30.0,0,73.87684873457493,-43.876848734574935,-2.6310153478102394,2.6310153478102394
65163,35,60,Standard,100.0,1,78.42872673453259,21.57127326546741,1.2934919592010503,1.2934919592010503
65163,8,61,Standard,99.0,0,78.10235601227939,20.897643987720613,1.2530986989829445,1.2530986989829445
65163,28,62,Standard,98.0,0,75.04290187330103,22.957098126698966,1.376591055522525,1.376591055522525
65163,76,63,Standard,40.0,0,70.01231974776702,-30.012319747767023,-1.799647790511005,1.799647790511005
65163,64,64,Standard,36.0,1,72.99855576880977,-36.998555768809766,-2.218567898150915,2.218567898150915
65222,9,1,Neutral,65.0,1,64.33913685129747,0.660863148702532,0.03962775671417886,0.03962775671417886
65222,43,2,Neutral,70.0,0,62.86110224788833,7.138897752111667,0.42807425997877496,0.42807425997877496
65222,46,3,Neutral,27.0,1,57.81591438675141,-30.81591438675141,-1.847834246228822,1.847834246228822
65222,126,4,Neutral,64.0,1,60.56139262970086,3.438607370299138,0.20619139767941871,0.20619139767941871
65222,103,5,Neutral,30.0,0,59.60464303499406,-29.604643034994062,-1.7752020128586716,1.7752020128586716
65222,30,6,Neutral,34.0,1,62.32090158042063,-28.32090158042063,-1.6982242086860253,1.6982242086860253
65222,128,7,Neutral,39.0,0,59.97864596331685,-20.97864596331685,-1.2579558718917345,1.2579558718917345
65222,62,8,Neutral,59.0,0,55.80014288550346,3.199857114496538,0.19187506445525818,0.19187506445525818
65222,77,9,Neutral,28.0,1,58.69788243019823,-30.697882430198227,-1.8407566210533661,1.8407566210533661
65222,25,10,Neutral,41.0,0,62.69552265430107,-21.695522654301072,-1.3009424042171667,1.3009424042171667
65222,24,11,Neutral,58.0,0,61.340822085694,-3.3408220856940005,-0.20032783655308428,0.20032783655308428
65222,95,12,Neutral,31.0,0,57.8291025216512,-26.8291025216512,-1.608770514251074,1.608770514251074
65222,53,13,Neutral,54.0,0,57.04063374711538,-3.040633747115379,-0.18232745255076535,0.18232745255076535
65222,42,14,Neutral,57.0,0,60.424376247254656,-3.4243762472546564,-0.20533804780980733,0.20533804780980733
65222,37,15,Neutral,57.0,1,60.309601365147664,-3.309601365147664,-0.19845572865800706,0.19845572865800706
65222,97,16,Neutral,58.0,0,59.42641500027934,-1.4264150002793414,-0.08553302860887535,0.08553302860887535
65222,74,17,Neutral,33.0,0,58.0623692806279,-25.062369280627898,-1.5028307668289675,1.5028307668289675
65222,118,18,Neutral,98.0,0,61.07329093970108,36.92670906029892,2.2142597083370754,2.2142597083370754
65222,108,19,Neutral,59.0,1,58.54446193209454,0.4555380679054579,0.027315718487928773,0.027315718487928773
65222,47,20,Neutral,55.0,0,63.484670354935744,-8.484670354935744,-0.5087716772913035,0.5087716772913035
65222,19,21,Neutral,93.0,0,62.26324960094673,30.73675039905327,1.843087285755712,1.843087285755712
65222,96,22,Neutral,57.0,1,53.34193281641987,3.6580671835801297,0.2193510058468773,0.2193510058468773
65222,21,23,Neutral,61.0,0,57.706891184449674,3.293108815550326,0.1974667754317257,0.1974667754317257
65222,4,24,Neutral,62.0,1,61.008035921180344,0.991964078819656,0.05948177207617881,0.05948177207617881
65222,84,25,Neutral,56.0,1,60.87009913751234,-4.870099137512341,-0.29202884768831405,0.29202884768831405
65222,52,26,Neutral,66.0,0,63.134545837549155,2.8654541624508454,0.17182304785516966,0.17182304785516966
65222,12,27,Neutral,59.0,0,62.89117047637438,-3.891170476374377,-0.2333287266416592,0.2333287266416592
65222,11,28,Neutral,57.0,1,66.4744487592378,-9.474448759237802,-0.5681223883782142,0.5681223883782142
65222,1,29,Neutral,55.0,1,62.41442045957312,-7.4144204595731225,-0.44459560307673757,0.44459560307673757
65222,98,30,Neutral,59.0,0,55.2568884988599,3.743111501140099,0.2244505722742176,0.2244505722742176
65222,33,31,Neutral,60.0,1,57.68156520016545,2.3184347998345487,0.1390217783907391,0.1390217783907391
65222,55,32,Neutral,38.0,0,64.633692913245,-26.633692913245,-1.5970530437933295,1.5970530437933295
65222,45,33,Neutral,65.0,0,58.31960206807995,6.680397931920048,0.40058094405743794,0.40058094405743794
65222,39,34,Neutral,41.0,0,61.758509207548784,-20.758509207548784,-1.2447556717919825,1.2447556717919825
65222,40,35,Neutral,34.0,1,64.32270542962834,-30.322705429628343,-1.8182596442851384,1.8182596442851384
65222,71,36,Neutral,63.0,0,56.9421360960083,6.057863903991702,0.3632515407558981,0.3632515407558981
65222,14,37,Neutral,72.0,1,60.83904045916982,11.160959540830177,0.6692517055144387,0.6692517055144387
65222,41,38,Neutral,68.0,1,65.61369240658644,2.3863075934135622,0.14309167781960178,0.14309167781960178
65222,54,39,Neutral,67.0,0,61.03729628915467,5.962703710845332,0.35754538965595833,0.35754538965595833
65222,59,40,Neutral,57.0,1,56.986484825133196,0.013515174866803648,0.0008104190143190347,0.0008104190143190347
65222,10,41,Neutral,61.0,1,59.03330089130932,1.9666991086906833,0.11793042774770808,0.11793042774770808
65222,78,42,Neutral,93.0,1,59.82627711926422,33.17372288073578,1.9892170144489547,1.9892170144489547
65222,104,43,Neutral,62.0,0,59.964400561356854,2.035599438643146,0.12206194199274255,0.12206194199274255
65222,70,44,Neutral,42.0,1,55.96587348312225,-13.965873483122252,-0.8374445416978202,0.8374445416978202
65222,93,45,Neutral,65.0,0,57.84845410230285,7.151545897697147,0.42883268876562886,0.42883268876562886
65222,122,46,Neutral,62.0,1,55.925089268858265,6.074910731141735,0.3642737304791054,0.3642737304791054
65222,61,47,Neutral,76.0,1,55.86060015675794,20.13939984324206,1.2076316237702642,1.2076316237702642
65222,94,48,Neutral,66.0,1,65.6581764655197,0.341823534480298,0.020496981697587704,0.020496981697587704
65222,86,49,Neutral,54.0,0,58.48853373120426,-4.488533731204257,-0.2691487988893914,0.2691487988893914
65222,109,50,Neutral,93.0,0,56.757800478826425,36.242199521173575,2.173214028095638,2.173214028095638
65222,65,51,Neutral,72.0,1,55.89636641328292,16.10363358671708,0.9656324085275161,0.9656324085275161
65222,119,52,Neutral,58.0,1,55.12964503961366,2.8703549603863365,0.17211691751437863,0.17211691751437863
65222,34,53,Neutral,67.0,1,62.86638182221647,4.133618177783532,0.24786677214505357,0.24786677214505357
65222,38,54,Neutral,55.0,0,56.19320660243403,-1.1932066024340315,-0.07154900533316207,0.07154900533316207
65222,89,55,Neutral,56.0,1,54.32152769490274,1.6784723050972588,0.100647300864737,0.100647300864737
65222,44,56,Neutral,78.0,1,58.61590074888012,19.384099251119878,1.1623410546570427,1.1623410546570427
65222,127,57,Neutral,75.0,0,56.63964365172919,18.360356348270813,1.1009537087721677,1.1009537087721677
65222,92,58,Neutral,62.0,1,60.688145524680365,1.3118544753196346,0.07866356309084066,0.07866356309084066
65222,87,59,Neutral,68.0,1,56.90648995387541,11.093510046124592,0.6652071886247698,0.6652071886247698
65222,117,60,Neutral,62.0,0,59.17804736497721,2.8219526350227895,0.16921453813723691,0.16921453813723691
65222,107,61,Neutral,58.0,1,57.86295129508687,0.13704870491312704,0.008217938535312795,0.008217938535312795
65222,56,62,Neutral,72.0,1,65.1977970800525,6.802202919947504,0.40788481391551984,0.40788481391551984
65222,85,63,Neutral,69.0,0,58.26912363341854,10.730876366581462,0.6434623549818047,0.6434623549818047
65222,88,64,Neutral,61.0,0,57.4833929800802,3.516607019919803,0.21086854020889298,0.21086854020889298
65278,76,1,Standard,34.0,0,82.82750127294396,-48.82750127294396,-2.927874470235336,2.927874470235336
65278,112,2,Standard,56.0,1,85.89765391268992,-29.89765391268992,-1.792772010215516,1.792772010215516
65278,50,3,Standard,100.0,0,80.8594996081896,19.140500391810406,1.1477339815413463,1.1477339815413463
65278,113,4,Standard,71.0,1,90.687226646427,-19.687226646427007,-1.180517675184632,1.180517675184632
65278,91,5,Standard,26.0,1,83.58868440918076,-57.58868440918076,-3.453226859051063,3.453226859051063
65278,48,6,Standard,100.0,1,92.93584810462526,7.064151895374735,0.4235922266985424,0.4235922266985424
65278,15,7,Standard,70.0,1,89.28176662175012,-19.281766621750123,-1.1562048182084703,1.1562048182084703
65278,68,8,Standard,58.0,0,82.70180953165755,-24.701809531657545,-1.4812102936021363,1.4812102936021363
65278,6,9,Standard,100.0,1,87.36026292644209,12.63973707355791,0.7579245819130979,0.7579245819130979
65278,124,10,Standard,73.0,1,85.31134878823784,-12.311348788237837,-0.738233226593923,0.738233226593923
65278,90,11,Standard,62.0,0,87.05771510653251,-25.057715106532513,-1.5025516856317191,1.5025516856317191
65278,101,12,Standard,100.0,1,89.13597628246146,10.864023717538544,0.6514463541520166,0.6514463541520166
65278,111,13,Standard,75.0,0,86.3953487755306,-11.395348775530607,-0.6833065360604706,0.6833065360604706
65278,36,14,Standard,72.0,0,82.41818678995705,-10.418186789957048,-0.6247123513027383,0.6247123513027383
65278,60,15,Standard,57.0,1,86.63936716413295,-29.63936716413295,-1.7772841978682747,1.7772841978682747
65278,120,16,Standard,36.0,0,83.56289615258076,-47.56289615258076,-2.852044150224839,2.852044150224839
65278,105,17,Standard,39.0,0,83.13900741452602,-44.13900741452602,-2.6467353352388137,2.6467353352388137
65278,27,18,Standard,84.0,0,87.14847628715344,-3.148476287153443,-0.18879408327220554,0.18879408327220554
65278,51,19,Standard,100.0,0,84.39673538393819,15.603264616061807,0.9356284661449208,0.9356284661449208
65278,99,20,Standard,74.0,1,83.40105493429338,-9.401054934293384,-0.5637214278390609,0.5637214278390609
65278,110,21,Standard,57.0,1,81.45880419905947,-24.458804199059472,-1.4666388105055972,1.4666388105055972
65278,125,22,Standard,100.0,0,80.55825128351592,19.441748716484085,1.1657979261631035,1.1657979261631035
65278,57,23,Standard,100.0,1,87.55736627274962,12.442633727250382,0.7461055487738464,0.7461055487738464
65278,69,24,Standard,58.0,0,83.83509354835951,-25.83509354835951,-1.5491661228689118,1.5491661228689118
65278,7,25,Standard,100.0,1,90.99334623718177,9.006653762818232,0.5400716999011523,0.5400716999011523
65278,102,26,Standard,100.0,0,82.7673544547736,17.232645545226404,1.0333320696556092,1.0333320696556092
65278,18,27,Standard,100.0,0,86.61509172276027,13.384908277239731,0.8026077560738752,0.8026077560738752
65278,63,28,Standard,100.0,1,82.22480122759492,17.775198772405076,1.065865533404254,1.065865533404254
65278,75,29,Standard,41.0,1,80.36471811815247,-39.36471811815247,-2.3604515939056143,2.3604515939056143
65278,100,30,Standard,66.0,0,83.28724713800916,-17.287247138009164,-1.0366061796422985,1.0366061796422985
65278,20,31,Standard,84.0,1,83.04994531684736,0.9500546831526435,0.05696873236623096,0.05696873236623096
65278,26,32,Standard,100.0,1,92.69508329579165,7.3049167042083525,0.4380293598455882,0.4380293598455882
65278,28,33,Standard,100.0,0,85.56192096695123,14.438079033048766,0.8657597029960572,0.8657597029960572
65278,17,34,Standard,100.0,1,90.86295440730382,9.137045592696182,0.5478904680108051,0.5478904680108051
65278,83,35,Standard,100.0,1,85.44053157749357,14.559468422506427,0.8730386520531428,0.8730386520531428
65278,16,36,Standard,100.0,0,84.3915430117051,15.608456988294904,0.9359398196589223,0.9359398196589223
65278,80,37,Standard,100.0,1,87.67807813417646,12.32192186582354,0.7388672267603856,0.7388672267603856
65278,2,38,Standard,100.0,0,83.67115443785711,16.328845562142888,0.9791369372469874,0.9791369372469874
65278,116,39,Standard,100.0,0,87.63457245462321,12.36542754537679,0.7414759854548384,0.7414759854548384
65278,81,40,Standard,100.0,0,83.59885951387112,16.40114048612888,0.9834720036900347,0.9834720036900347
65278,72,41,Standard,100.0,1,83.1916101775393,16.808389822460697,1.0078921542973918,1.0078921542973918
65278,31,42,Standard,100.0,0,82.94757225173144,17.052427748268556,1.0225255554363917,1.0225255554363917
65278,32,43,Standard,100.0,0,84.68002870247558,15.319971297524418,0.9186411689597282,0.9186411689597282
65278,22,44,Standard,100.0,1,91.71886039413988,8.281139605860119,0.4965672337176856,0.4965672337176856
65278,64,45,Standard,100.0,0,83.93295322957624,16.067046770423758,0.9634385300250385,0.9634385300250385
65278,29,46,Standard,100.0,1,86.9349762917643,13.0650237082357,0.783426314497054,0.783426314497054
65278,13,47,Standard,78.0,1,83.09890053932705,-5.0989005393270475,-0.30574861146206544,0.30574861146206544
65278,114,48,Standard,100.0,0,82.75849934626675,17.241500653733254,1.0338630541510772,1.0338630541510772
65278,106,49,Standard,67.0,1,82.60637760100107,-15.606377601001071,-0.9358151320379582,0.9358151320379582
65278,49,50,Standard,100.0,0,86.626545570508,13.373454429492,0.8019209417267907,0.8019209417267907
65278,121,51,Standard,100.0,1,85.19029107593155,14.809708924068445,0.8880439821814797,0.8880439821814797
65278,35,52,Standard,100.0,1,88.88199338812431,11.118006611875686,0.6666760917552031,0.6666760917552031
65278,3,53,Standard,100.0,1,86.18605013635502,13.813949863644979,0.8283346492131165,0.8283346492131165
65278,82,54,Standard,75.0,1,80.93160264668151,-5.931602646681512,-0.3556804567925423,0.3556804567925423
65278,5,55,Standard,100.0,0,81.48982807333466,18.510171926665336,1.109937195450564,1.109937195450564
65278,58,56,Standard,100.0,1,84.9276466205635,15.072353379436507,0.9037930984699089,0.9037930984699089
65278,66,57,Standard,64.0,0,81.91063562345477,-17.910635623454766,-1.07398681932263,1.07398681932263
65278,23,58,Standard,100.0,0,84.84237608512947,15.157623914870527,0.9089062297433067,0.9089062297433067
65278,67,59,Standard,100.0,1,84.91230017793094,15.087699822069055,0.9047133269563431,0.9047133269563431
65278,123,60,Standard,85.0,1,82.05259947951532,2.9474005204846776,0.17673684936786285,0.17673684936786285
65278,8,61,Standard,100.0,0,87.8645706466128,12.135429353387195,0.7276844577917227,0.7276844577917227
65278,115,62,Standard,100.0,1,89.26397565454917,10.73602434545083,0.6437710465083416,0.6437710465083416
65278,79,63,Standard,100.0,1,83.35202565198595,16.647974348014046,0.9982730593197977,0.9982730593197977
65278,73,64,Standard,100.0,0,80.45456031256953,19.545439687430473,1.172015613710348,1.172015613710348
65305,34,1,Neutral,100.0,1,90.11250989064341,9.887490109356591,0.5928898491869131,0.5928898491869131
65305,12,2,Neutral,93.0,1,88.95634110900869,4.04365889099131,0.24247248629603604,0.24247248629603604
65305,88,3,Neutral,100.0,0,85.12317352710467,14.876826472895331,0.8920685943895983,0.8920685943895983
65305,117,4,Neutral,100.0,0,86.5991320905586,13.400867909441402,0.8035647536358929,0.8035647536358929
65305,4,5,Neutral,100.0,1,86.81077156808297,13.18922843191703,0.7908740812282734,0.7908740812282734
65305,46,6,Neutral,80.0,1,82.6563884193045,-2.6563884193045055,-0.1592867059166947,0.1592867059166947
65305,118,7,Neutral,67.0,0,86.5261132722948,-19.526113272294793,-1.1708567316049414,1.1708567316049414
65305,56,8,Neutral,100.0,1,92.53140347705664,7.468596522943358,0.4478441967730007,0.4478441967730007
65305,10,9,Neutral,89.0,1,85.40464567396394,3.595354326036059,0.21559051493966527,0.21559051493966527
65305,65,10,Neutral,82.0,1,82.66136367453508,-0.6613636745350817,-0.03965777006257086,0.03965777006257086
65305,71,11,Neutral,100.0,1,83.00730672864262,16.992693271357382,1.0189436590587042,1.0189436590587042
65305,42,12,Neutral,99.0,1,85.48354610125084,13.516453898749162,0.8104957097239246,0.8104957097239246
65305,40,13,Neutral,98.0,1,90.25665856939682,7.743341430603181,0.46431890016746047,0.46431890016746047
65305,93,14,Neutral,84.0,0,84.17605972066887,-0.17605972066887432,-0.01055718084981746,0.01055718084981746
65305,98,15,Neutral,89.0,0,80.88466748860807,8.115332511391927,0.48662483760440506,0.48662483760440506
65305,33,16,Neutral,71.0,1,83.30934418991362,-12.309344189913617,-0.7381130235914438,0.7381130235914438
65305,126,17,Neutral,80.0,1,84.96447501936781,-4.964475019367811,-0.29768796863218444,0.29768796863218444
65305,70,18,Neutral,72.0,1,82.07478328004518,-10.074783280045182,-0.6041206285348707,0.6041206285348707
65305,109,19,Neutral,100.0,1,83.08540609719243,16.914593902807567,1.0142605370197475,1.0142605370197475
65305,30,20,Neutral,100.0,1,86.68024480579896,13.319755194201036,0.7987009403754889,0.7987009403754889
65305,74,21,Neutral,100.0,0,82.85910414889237,17.14089585110763,1.0278304244749432,1.0278304244749432
65305,122,22,Neutral,84.0,0,81.94652073720397,2.0534792627960314,0.12313408124428639,0.12313408124428639
65305,119,23,Neutral,9.0,1,81.36977232940245,-72.36977232940245,-4.339554621801059,4.339554621801059
65305,43,24,Neutral,30.0,0,86.87053215895774,-56.870532158957744,-3.41016383955686,3.41016383955686
65305,53,25,Neutral,100.0,0,81.48745530107095,18.512544698929048,1.110079475500812,1.110079475500812
65305,44,26,Neutral,21.0,0,84.89976720295752,-63.89976720295752,-3.8316623249199555,3.8316623249199555
65305,85,27,Neutral,93.0,1,84.81542507322762,8.184574926772385,0.4907768645352243,0.4907768645352243
65305,25,28,Neutral,97.0,0,86.87990922252496,10.120090777475042,0.6068374307790324,0.6068374307790324
65305,14,29,Neutral,93.0,1,86.16064529889769,6.839354701102309,0.4101125697648079,0.4101125697648079
65305,95,30,Neutral,92.0,0,82.01348908987507,9.986510910124935,0.598827496353645,0.598827496353645
65305,87,31,Neutral,86.0,1,83.10287807937559,2.8971219206244143,0.17372196175141189,0.17372196175141189
65305,1,32,Neutral,90.0,1,87.25489449212621,2.745105507873788,0.16460650504472302,0.16460650504472302
65305,107,33,Neutral,95.0,1,84.05933942058704,10.940660579412963,0.6560417789743266,0.6560417789743266
65305,103,34,Neutral,94.0,0,83.30789879604316,10.692101203956838,0.6411372552783969,0.6411372552783969
65305,21,35,Neutral,94.0,0,82.15371273840523,11.846287261594767,0.7103464469011554,0.7103464469011554
65305,55,36,Neutral,91.0,1,89.4304277815095,1.5695722184905065,0.09411725580672778,0.09411725580672778
65305,47,37,Neutral,93.0,0,87.71279608744823,5.2872039125517745,0.31703996622629893,0.31703996622629893
65305,104,38,Neutral,98.0,0,85.15478790821888,12.845212091781121,0.7702456109324599,0.7702456109324599
65305,38,39,Neutral,92.0,0,81.82098559218221,10.179014407817789,0.610370705848951,0.610370705848951
65305,54,40,Neutral,98.0,1,85.96524865028499,12.034751349715009,0.7216474387147422,0.7216474387147422
65305,96,41,Neutral,40.0,1,77.48258022035513,-37.48258022035513,-2.2475917637533644,2.2475917637533644
65305,128,42,Neutral,85.0,0,83.41946673863426,1.5805332613657441,0.09477451978225188,0.09477451978225188
65305,45,43,Neutral,100.0,0,82.85390195061274,17.146098049387263,1.0281423671944139,1.0281423671944139
65305,77,44,Neutral,98.0,1,82.13870320551564,15.86129679448436,0.9511010135415091,0.9511010135415091
65305,11,45,Neutral,100.0,1,90.70257449175028,9.297425508249717,0.5575074307479069,0.5575074307479069
65305,59,46,Neutral,23.0,1,81.69574136482045,-58.69574136482045,-3.519610018397986,3.519610018397986
65305,108,47,Neutral,81.0,1,82.29145685743227,-1.2914568574322658,-0.07744044777449054,0.07744044777449054
65305,127,48,Neutral,92.0,0,82.00498765574567,9.995012344254334,0.5993372732477915,0.5993372732477915
65305,94,49,Neutral,88.0,1,90.58612882665004,-2.5861288266500395,-0.15507368533896276,0.15507368533896276
65305,89,50,Neutral,92.0,0,79.51191504176477,12.488084958235234,0.7488309698044543,0.7488309698044543
65305,24,51,Neutral,90.0,0,84.56294703956834,5.437052960431657,0.32602545985670295,0.32602545985670295
65305,84,52,Neutral,96.0,1,84.66083322713868,11.339166772861319,0.6799376589520029,0.6799376589520029
65305,52,53,Neutral,95.0,1,86.9252799271755,8.074720072824505,0.4841895681567456,0.4841895681567456
65305,78,54,Neutral,25.0,1,84.27309867321979,-59.27309867321979,-3.554230461373693,3.554230461373693
65305,41,55,Neutral,88.0,1,89.84181813909893,-1.8418181390989332,-0.1104421108534638,0.1104421108534638
65305,61,56,Neutral,85.0,1,80.43863920357934,4.561360796420658,0.27351577445501224,0.27351577445501224
65305,9,57,Neutral,95.0,0,86.86143517655397,8.138564823446032,0.488017931487451,0.488017931487451
65305,39,58,Neutral,82.0,1,85.68046079004098,-3.680460790040982,-0.2206938078937549,0.2206938078937549
65305,86,59,Neutral,86.0,0,83.02283361373705,2.977166386262951,0.17852171888247284,0.17852171888247284
65305,37,60,Neutral,90.0,1,83.31303049757894,6.686969502421064,0.40097499931313746,0.40097499931313746
65305,19,61,Neutral,100.0,0,85.48537455482106,14.514625445178936,0.8703497041229062,0.8703497041229062
65305,62,62,Neutral,72.0,1,78.4099195393372,-6.409919539337196,-0.38436207641629483,0.38436207641629483
65305,92,63,Neutral,81.0,1,85.44114122865624,-4.441141228656235,-0.2663069721590975,0.2663069721590975
65305,97,64,Neutral,90.0,1,82.29862663984476,7.7013733601552445,0.4618023421043585,0.4618023421043585
65322,97,1,Neutral,100.0,0,77.29092059280299,22.70907940719701,1.3617189515229575,1.3617189515229575
65322,117,2,Neutral,100.0,1,78.41165454861091,21.58834545138909,1.2945156695283877,1.2945156695283877
65322,21,3,Neutral,53.0,1,75.27841012511598,-22.278410125115983,-1.3358944558341246,1.3358944558341246
65322,65,4,Neutral,72.0,1,75.16052526304226,-3.16052526304226,-0.18951658366599275,0.18951658366599275
65322,10,5,Neutral,91.0,1,76.11073774564166,14.889262254358343,0.8928142890516996,0.8928142890516996
65322,86,6,Neutral,100.0,1,77.57773592380912,22.422264076190885,1.3445204616671955,1.3445204616671955
65322,128,7,Neutral,76.0,0,75.48147290325903,0.5185270967409679,0.031092769629691767,0.031092769629691767
65322,107,8,Neutral,100.0,1,77.38954513057789,22.610454869422114,1.355805065725777,1.355805065725777
65322,74,9,Neutral,57.0,0,73.91510953487901,-16.915109534879008,-1.0142914561931364,1.0142914561931364
65322,59,10,Neutral,61.0,1,74.99539540868568,-13.995395408685681,-0.8392147836703958,0.8392147836703958
65322,40,11,Neutral,100.0,1,82.58086350074952,17.419136499250484,1.0445147451762076,1.0445147451762076
65322,98,12,Neutral,66.0,1,72.74092911094901,-6.740929110949011,-0.4042106135902172,0.4042106135902172
65322,30,13,Neutral,79.0,1,79.22314555859474,-0.22314555859473728,-0.013380618854603586,0.013380618854603586
65322,24,14,Neutral,100.0,0,77.9063402477222,22.0936597522778,1.3248161518886572,1.3248161518886572
65322,94,15,Neutral,100.0,1,84.30998701523842,15.69001298476158,0.940830213673037,0.940830213673037
65322,84,16,Neutral,100.0,1,78.47216974430428,21.52783025569572,1.290886958414512,1.290886958414512
65322,108,17,Neutral,100.0,0,74.13476720061398,25.86523279938602,1.5509733819203069,1.5509733819203069
65322,42,18,Neutral,100.0,1,77.45783771829461,22.542162281705387,1.3517099939144142,1.3517099939144142
65322,4,19,Neutral,100.0,1,78.43514987081784,21.56485012918216,1.2931068046005048,1.2931068046005048
65322,34,20,Neutral,100.0,1,81.51819237193519,18.481807628064814,1.108236368998799,1.108236368998799
65322,89,21,Neutral,55.0,1,71.31148622065783,-16.311486220657827,-0.978096008028224,0.978096008028224
65322,54,22,Neutral,55.0,1,77.28368902200333,-22.28368902200333,-1.3362109976809227,1.3362109976809227
65322,46,23,Neutral,55.0,1,74.14954922917354,-19.149549229173545,-1.1482765827232653,1.1482765827232653
65322,95,24,Neutral,87.0,1,74.51265067838223,12.48734932161777,0.7487868583587426,0.7487868583587426
65322,1,25,Neutral,60.0,1,79.797795244922,-19.797795244922,-1.1871477702807038,1.1871477702807038
65322,109,26,Neutral,81.0,1,75.0159585499476,5.984041450052402,0.35882487806409313,0.35882487806409313
65322,122,27,Neutral,55.0,1,73.45286904523599,-18.452869045235985,-1.1065011063771122,1.1065011063771122
65322,14,28,Neutral,57.0,1,78.44111106596179,-21.441111065961792,-1.285686960563257,1.285686960563257
65322,78,29,Neutral,84.0,0,77.09162190991024,6.908378090089755,0.4142514630769146,0.4142514630769146
65322,70,30,Neutral,82.0,1,73.78663991135728,8.213360088642716,0.492502927478536,0.492502927478536
65322,19,31,Neutral,100.0,0,78.52259361295462,21.477406387045377,1.2878633599533382,1.2878633599533382
65322,92,32,Neutral,62.0,1,79.03378192437876,-17.033781924378758,-1.0214074840561203,1.0214074840561203
65322,118,33,Neutral,100.0,0,77.11393913026589,22.88606086973411,1.3723314033658376,1.3723314033658376
65322,126,34,Neutral,100.0,1,76.4576358292368,23.542364170763193,1.4116857350379153,1.4116857350379153
65322,12,35,Neutral,82.0,1,79.74967529025989,2.250324709740113,0.13493764980020997,0.13493764980020997
65322,87,36,Neutral,61.0,1,73.41531767245576,-12.415317672455757,-0.744467578831177,0.744467578831177
65322,55,37,Neutral,94.0,1,81.62341521999635,12.376584780003654,0.7421450138009709,0.7421450138009709
65322,53,38,Neutral,57.0,1,71.4499815798422,-14.449981579842202,-0.8664734229689978,0.8664734229689978
65322,62,39,Neutral,54.0,1,71.14096444745043,-17.14096444745043,-1.0278345377610134,1.0278345377610134
65322,103,40,Neutral,82.0,0,74.77050793978655,7.229492060213445,0.43350662401389317,0.43350662401389317
65322,9,41,Neutral,56.0,1,79.28630593464689,-23.28630593464689,-1.3963315523975302,1.3963315523975302
65322,52,42,Neutral,100.0,1,79.64313733712574,20.356862662874263,1.2206714849392264,1.2206714849392264
65322,96,43,Neutral,56.0,1,67.92623730630115,-11.926237306301147,-0.7151405422098926,0.7151405422098926
65322,104,44,Neutral,53.0,1,75.42348833701044,-22.42348833701044,-1.3445938727962732,1.3445938727962732
65322,47,45,Neutral,100.0,0,79.08792690261438,20.912073097385615,1.2539639208500277,1.2539639208500277
65322,45,46,Neutral,76.0,1,73.25381987227016,2.7461801277298434,0.16467094315766606,0.16467094315766606
65322,88,47,Neutral,72.0,1,73.72978571292884,-1.7297857129288445,-0.10372423932880138,0.10372423932880138
65322,71,48,Neutral,57.0,1,73.62568425273932,-16.62568425273932,-0.996936464179916,0.996936464179916
65322,61,49,Neutral,55.0,1,72.46985748307473,-17.469857483074733,-1.0475561597432588,1.0475561597432588
65322,119,50,Neutral,57.0,1,71.91385902308491,-14.91385902308491,-0.8942892007167924,0.8942892007167924
65322,56,51,Neutral,100.0,1,82.88734601542168,17.112653984578316,1.0261369394952236,1.0261369394952236
65322,44,52,Neutral,65.0,1,74.29368434597679,-9.293684345976786,-0.5572830970584417,0.5572830970584417
65322,41,53,Neutral,100.0,1,82.16602307045162,17.833976929548385,1.0693900853723215,1.0693900853723215
65322,77,54,Neutral,77.0,1,73.93803816540496,3.0619618345950386,0.18360636220623944,0.18360636220623944
65322,85,55,Neutral,94.0,1,75.82745507592189,18.17254492407811,1.089691853060189,1.089691853060189
65322,39,56,Neutral,100.0,1,78.00466572139368,21.99533427860632,1.3189201990622519,1.3189201990622519
65322,11,57,Neutral,100.0,1,82.41443112306237,17.58556887693763,1.0544946355442772,1.0544946355442772
65322,93,58,Neutral,27.0,1,72.78267190649305,-45.78267190649305,-2.7452954330976254,2.7452954330976254
65322,38,59,Neutral,55.0,1,71.47733772093314,-16.477337720933136,-0.9880410668751198,0.9880410668751198
65322,43,60,Neutral,82.0,1,77.5326488473431,4.467351152656903,0.2678786144784411,0.2678786144784411
65322,37,61,Neutral,39.0,0,75.5060179360658,-36.5060179360658,-2.1890335392646216,2.1890335392646216
65322,33,62,Neutral,41.0,0,73.53406923541279,-32.53406923541279,-1.950861056656539,1.950861056656539
65322,25,63,Neutral,59.0,1,77.07408260189851,-18.07408260189851,-1.0837876942997757,1.0837876942997757
65322,127,64,Neutral,50.0,1,71.83629644165107,-21.836296441651072,-1.3093837122365224,1.3093837122365224
65323,105,1,Standard,64.0,0,67.74081232003458,-3.7408123200345784,-0.22431270501732745,0.22431270501732745
65323,123,2,Standard,35.0,1,68.49144928514573,-33.491449285145734,-2.008269044631524,2.008269044631524
65323,6,3,Standard,66.0,1,71.52467618906451,-5.5246761890645075,-0.3312796671666288,0.3312796671666288
65323,75,4,Standard,68.0,0,65.36017550225858,2.639824497741415,0.15829347296790103,0.15829347296790103
65323,8,5,Standard,66.0,0,73.02203340871417,-7.022033408714165,-0.42106664913254965,0.42106664913254965
65323,106,6,Standard,93.0,1,66.68354875405002,26.316451245949978,1.5780300802102498,1.5780300802102498
65323,15,7,Standard,58.0,1,71.47815371038864,-13.47815371038864,-0.8081990912039816,0.8081990912039816
65323,26,8,Standard,90.0,1,75.94121032735691,14.058789672643087,0.8430161341831467,0.8430161341831467
65323,102,9,Standard,93.0,0,66.21898980961898,26.781010190381025,1.6058867232466372,1.6058867232466372
65323,81,10,Standard,31.0,1,67.10742153116807,-36.10742153116807,-2.1651322498805112,2.1651322498805112
65323,60,11,Standard,65.0,1,69.52239338322633,-4.52239338322633,-0.2711791467085909,0.2711791467085909
65323,101,12,Standard,85.0,1,71.33236337109997,13.667636628900027,0.819561175791394,0.819561175791394
65323,16,13,Standard,73.0,0,69.29952206723397,3.7004779327660344,0.22189410853629898,0.22189410853629898
65323,18,14,Standard,74.0,0,69.89177042045117,4.1082295795488335,0.24634437950425658,0.24634437950425658
65323,91,15,Standard,87.0,0,67.05327104318533,19.946728956814667,1.1960783770379568,1.1960783770379568
65323,66,16,Standard,90.0,1,65.90032844792648,24.099671552073517,1.4451039115014397,1.4451039115014397
65323,100,17,Standard,23.0,0,66.05224336239966,-43.052243362399665,-2.5815690121537247,2.5815690121537247
65323,116,18,Standard,91.0,0,71.26116446662301,19.738835533376985,1.1836123316507376,1.1836123316507376
65323,31,19,Standard,35.0,0,66.1499601190081,-31.1499601190081,-1.8678648426318245,1.8678648426318245
65323,51,20,Standard,28.0,0,66.54938330828809,-38.549383308288085,-2.311561154864883,2.311561154864883
65323,64,21,Standard,60.0,1,67.17908026114152,-7.179080261141522,-0.43048374928851574,0.43048374928851574
65323,27,22,Standard,96.0,0,69.68158919193789,26.31841080806211,1.5781475826777402,1.5781475826777402
65323,115,23,Standard,88.0,1,73.16619015044368,14.833809849556317,0.8894891612835298,0.8894891612835298
65323,63,24,Standard,81.0,1,65.10782744668828,15.892172553311724,0.9529524362779389,0.9529524362779389
65323,113,25,Standard,93.0,1,71.96509128500459,21.03490871499541,1.2613295910043305,1.2613295910043305
65323,35,26,Standard,96.0,1,72.21559874826681,23.784401251733186,1.4261991582471223,1.4261991582471223
65323,99,27,Standard,77.0,0,65.80295034621196,11.197049653788042,0.6714157998793452,0.6714157998793452
65323,121,28,Standard,74.0,1,68.9043614165086,5.095638583491393,0.30555301273255314,0.30555301273255314
65323,58,29,Standard,30.0,1,70.01058233324683,-40.01058233324683,-2.3991799600376984,2.3991799600376984
65323,110,30,Standard,25.0,1,64.96712999735267,-39.96712999735267,-2.3965744000229554,2.3965744000229554
65323,28,31,Standard,79.0,0,69.5513775724192,9.448622427580801,0.5665737476502016,0.5665737476502016
65323,83,32,Standard,90.0,1,67.76813615899792,22.23186384100208,1.3331033714372476,1.3331033714372476
65323,50,33,Standard,30.0,0,61.743711768169646,-31.743711768169646,-1.9034683498750573,1.9034683498750573
65323,13,34,Standard,72.0,1,65.86389676371753,6.136103236282466,0.3679430555295472,0.3679430555295472
65323,111,35,Standard,28.0,0,67.62947424981957,-39.629474249819566,-2.376327333981134,2.376327333981134
65323,114,36,Standard,89.0,0,65.99143887966903,23.008561120330967,1.3796769636949449,1.3796769636949449
65323,120,37,Standard,31.0,0,64.84076079115836,-33.84076079115836,-2.029215032321878,2.029215032321878
65323,125,38,Standard,76.0,1,62.05481174353658,13.945188256463418,0.8362041803140402,0.8362041803140402
65323,72,39,Standard,61.0,1,67.18106678300727,-6.181066783007267,-0.37063923323913084,0.37063923323913084
65323,67,40,Standard,42.0,1,69.64532257630535,-27.645322576305347,-1.6577140357873723,1.6577140357873723
65323,23,41,Standard,91.0,0,68.29401143997481,22.70598856002519,1.3615336130909295,1.3615336130909295
65323,112,42,Standard,40.0,0,66.34447442978382,-26.344474429783816,-1.5797104521806107,1.5797104521806107
65323,3,43,Standard,76.0,1,68.81982886787969,7.180171132120307,0.43054916187785247,0.43054916187785247
65323,80,44,Standard,32.0,1,70.07997354609508,-38.079973546095076,-2.2834136391621755,2.2834136391621755
65323,22,45,Standard,86.0,1,73.87150831848977,12.128491681510226,0.7272684497666981,0.7272684497666981
65323,124,46,Standard,84.0,1,66.4448084357866,17.555191564213402,1.0526731014481037,1.0526731014481037
65323,68,47,Standard,65.0,0,63.19236921304007,1.8076307869599333,0.10839211294402361,0.10839211294402361
65323,29,48,Standard,72.0,1,69.04388505182557,2.956114948174431,0.1772593981301457,0.1772593981301457
65323,69,49,Standard,74.0,0,66.64359271803487,7.356407281965133,0.4411169220624015,0.4411169220624015
65323,79,50,Standard,70.0,1,67.8226130646287,2.1773869353713025,0.13056403571136949,0.13056403571136949
65323,90,51,Standard,76.0,1,67.50453562362642,8.495464376373576,0.5094189260542974,0.5094189260542974
65323,20,52,Standard,76.0,1,64.83949242872532,11.160507571274678,0.6692246037769267,0.6692246037769267
65323,17,53,Standard,91.0,1,72.22829737445863,18.771702625541366,1.1256195268510902,1.1256195268510902
65323,32,54,Standard,68.0,0,66.39528498393932,1.6047150160606805,0.09622454569738158,0.09622454569738158
65323,73,55,Standard,64.0,0,63.04459987980557,0.9554001201944331,0.05728926420257087,0.05728926420257087
65323,5,56,Standard,40.0,0,63.642475997684535,-23.642475997684535,-1.4176888040987938,1.4176888040987938
65323,57,57,Standard,43.0,1,68.7783042488756,-25.7783042488756,-1.5457608300358414,1.5457608300358414
65323,36,58,Standard,69.0,0,64.3956418381487,4.6043581618512945,0.27609405278688953,0.27609405278688953
65323,2,59,Standard,76.0,0,66.65461026468692,9.345389735313077,0.5603835401584287,0.5603835401584287
65323,48,60,Standard,74.0,1,72.77032032167857,1.2296796783214319,0.07373606354744036,0.07373606354744036
65323,76,61,Standard,73.0,1,62.39953850426555,10.60046149573445,0.6356422052518903,0.6356422052518903
65323,7,62,Standard,98.0,1,71.57138424714151,26.42861575285849,1.5847558717761179,1.5847558717761179
65323,82,63,Standard,73.0,0,64.43992844497471,8.560071555025289,0.5132930073412114,0.5132930073412114
65323,49,64,Standard,83.0,0,68.72226683240628,14.277733167593723,0.8561447820266372,0.8561447820266372
65466,29,1,Standard,100.0,1,102.77131914561242,-2.7713191456124235,-0.16617837005329508,0.16617837005329508
65466,28,2,Standard,100.0,0,102.49150670901096,-2.491506709010963,-0.14939979920241026,0.14939979920241026
65466,111,3,Standard,100.0,0,100.7008208792772,-0.7008208792772024,-0.04202376749064974,0.04202376749064974
65466,57,4,Standard,100.0,1,102.76817332839414,-2.768173328394141,-0.16598973541745843,0.16598973541745843
65466,51,5,Standard,100.0,0,98.87716414483926,1.1228358551607442,0.06732931952042505,0.06732931952042505
65466,20,6,Standard,100.0,0,98.52318735822357,1.4768126417764336,0.08855505439460142,0.08855505439460142
65466,48,7,Standard,100.0,1,106.7601894011971,-6.7601894011970955,-0.40536553060699143,0.40536553060699143
65466,105,8,Standard,100.0,0,99.1063315422362,0.8936684577637948,0.05358760932112389,0.05358760932112389
65466,124,9,Standard,100.0,1,99.7348508866873,0.2651491133127024,0.015899304683526162,0.015899304683526162
65466,67,10,Standard,100.0,1,102.62919087718575,-2.6291908771857493,-0.15765584242487843,0.15765584242487843
65466,32,11,Standard,100.0,0,99.9477624205717,0.05223757942829366,0.0031323551524792175,0.0031323551524792175
65466,18,12,Standard,100.0,0,101.65094212125034,-1.6509421212503383,-0.09899649096570684,0.09899649096570684
65466,3,13,Standard,100.0,1,101.8036971687601,-1.8036971687600953,-0.10815623889758043,0.10815623889758043
65466,16,14,Standard,100.0,0,100.9274762751673,-0.9274762751672938,-0.05561484894816849,0.05561484894816849
65466,8,15,Standard,100.0,0,104.25633513804995,-4.256335138049948,-0.25522532717371355,0.25522532717371355
65466,110,16,Standard,100.0,1,97.25117166961522,2.7488283303847822,0.16482973901539516,0.16482973901539516
65466,66,17,Standard,100.0,0,97.52828265585981,2.4717173441401883,0.14821315694800885,0.14821315694800885
65466,49,18,Standard,100.0,0,102.4059617619045,-2.405961761904507,-0.1442702132076133,0.1442702132076133
65466,35,19,Standard,100.0,1,104.19346627050906,-4.193466270509063,-0.2514554813399772,0.2514554813399772
65466,36,20,Standard,100.0,0,97.72942345333803,2.270576546661971,0.13615202355993652,0.13615202355993652
65466,2,21,Standard,100.0,0,99.98839187987623,0.011608120123767662,0.0006960650795505104,0.0006960650795505104
65466,7,22,Standard,100.0,1,104.99264419090807,-4.9926441909080665,-0.299377094556105,0.299377094556105
65466,6,23,Standard,100.0,1,102.32158627551416,-2.3215862755141643,-0.13921075232848648,0.13921075232848648
65466,100,24,Standard,100.0,0,97.41776258460129,2.5822374153987084,0.15484034217457945,0.15484034217457945
65466,90,25,Standard,100.0,1,100.31344726735236,-0.31344726735235895,-0.01879543756941197,0.01879543756941197
65466,79,26,Standard,100.0,0,100.54404637977738,-0.5440463797773845,-0.032622998606254935,0.032622998606254935
65466,60,27,Standard,100.0,1,100.49426012683043,-0.49426012683042586,-0.029637633900466663,0.029637633900466663
65466,125,28,Standard,100.0,0,94.16389675864468,5.8361032413553176,0.34995396529722267,0.34995396529722267
65466,116,29,Standard,100.0,0,102.45172703167019,-2.4517270316701882,-0.14701446514508892,0.14701446514508892
65466,22,30,Standard,100.0,1,106.19928915504094,-6.199289155040944,-0.3717319129068102,0.3717319129068102
65466,75,31,Standard,100.0,1,95.85091143868792,4.149088561312084,0.24879443257815245,0.24879443257815245
65466,99,32,Standard,100.0,1,97.25594789699082,2.7440521030091816,0.16454333905978633,0.16454333905978633
65466,64,33,Standard,100.0,0,98.3259036619001,1.6740963380999005,0.10038490197640279,0.10038490197640279
65466,68,34,Standard,100.0,0,95.43267172101399,4.567328278986011,0.2738736064021562,0.2738736064021562
65466,50,35,Standard,100.0,0,93.32792681181435,6.672073188185649,0.4000817621616668,0.4000817621616668
65466,106,36,Standard,100.0,1,97.04306719761351,2.95693280238649,0.17730843964170034,0.17730843964170034
65466,26,37,Standard,100.0,1,106.34446793520902,-6.344467935209025,-0.380437360308223,0.380437360308223
65466,102,38,Standard,100.0,0,96.62224741747107,3.3777525825289274,0.20254232339015707,0.20254232339015707
65466,76,39,Standard,100.0,1,95.03349349083703,4.9665065091629685,0.29780978414501474,0.29780978414501474
65466,17,40,Standard,100.0,1,104.46859988243257,-4.468599882432571,-0.26795349285507486,0.26795349285507486
65466,80,41,Standard,100.0,1,101.88288441118286,-1.8828844111828573,-0.11290459380851282,0.11290459380851282
65466,91,42,Standard,100.0,0,97.54400697961466,2.4559930203853355,0.1472702693358373,0.1472702693358373
65466,113,43,Standard,100.0,1,102.84947970003145,-2.849479700031452,-0.17086516101938778,0.17086516101938778
65466,73,44,Standard,100.0,0,95.19742405920226,4.8025759407977375,0.28797991135826856,0.28797991135826856
65466,81,45,Standard,100.0,0,97.24824415328848,2.751755846711518,0.16500528353622437,0.16500528353622437
65466,31,46,Standard,100.0,0,96.64069605543743,3.359303944562569,0.20143607599464994,0.20143607599464994
65466,5,47,Standard,100.0,0,95.70782184850403,4.292178151495975,0.2573746045536534,0.2573746045536534
65466,82,48,Standard,100.0,0,96.76770928152587,3.2322907184741325,0.19381990124985246,0.19381990124985246
65466,58,49,Standard,100.0,1,100.8074924196965,-0.8074924196965014,-0.04842018081822266,0.04842018081822266
65466,101,50,Standard,100.0,1,101.34196850035454,-1.3419685003545396,-0.08046930950007955,0.08046930950007955
65466,13,51,Standard,100.0,1,96.79202434303303,3.2079756569669655,0.19236188177367491,0.19236188177367491
65466,69,52,Standard,100.0,1,98.18406859739096,1.8159314026090385,0.10888984803209205,0.10888984803209205
65466,112,53,Standard,100.0,1,97.53503699483099,2.464963005169011,0.14780814223045288,0.14780814223045288
65466,63,54,Standard,100.0,1,95.46734589025178,4.532654109748222,0.2717944171698332,0.2717944171698332
65466,15,55,Standard,100.0,1,101.05036719675707,-1.0503671967570654,-0.06298383533014745,0.06298383533014745
65466,83,56,Standard,100.0,1,98.39008958829311,1.6099104117068919,0.09653608050622389,0.09653608050622389
65466,123,57,Standard,100.0,0,97.75748862149385,2.2425113785061512,0.1344691340570117,0.1344691340570117
65466,121,58,Standard,100.0,1,99.2638798600721,0.7361201399279054,0.04414043947637441,0.04414043947637441
65466,115,59,Standard,100.0,1,103.26327360827547,-3.263273608275469,-0.19567774794891576,0.19567774794891576
65466,72,60,Standard,100.0,1,97.93423770516829,2.065762294831714,0.12387061649546226,0.12387061649546226
65466,114,61,Standard,100.0,0,96.56965314467558,3.430346855324416,0.20569606717355707,0.20569606717355707
65466,23,62,Standard,100.0,0,99.04718236213583,0.9528176378641717,0.05713440917441083,0.05713440917441083
65466,120,63,Standard,100.0,0,95.37523589187632,4.624764108123685,0.2773176675034802,0.2773176675034802
65466,27,64,Standard,100.0,0,99.51623766403799,0.48376233596201246,0.02900814819924917,0.02900814819924917
65502,37,1,Neutral,100.0,1,69.43416726685916,30.565832733140837,1.8328384412010854,1.8328384412010854
65502,84,2,Neutral,100.0,1,70.38831751782133,29.611682482178665,1.7756241237011077,1.7756241237011077
65502,1,3,Neutral,100.0,1,72.06385633274799,27.93614366725201,1.6751527255705938,1.6751527255705938
65502,47,4,Neutral,100.0,1,72.18503211192407,27.814967888075927,1.6678865853624911,1.6678865853624911
65502,117,5,Neutral,100.0,1,69.58423652922151,30.415763470778487,1.823839742709806,1.823839742709806
65502,61,6,Neutral,53.0,1,65.65444102096164,-12.654441020961642,-0.7588062840500639,0.7588062840500639
65502,54,7,Neutral,100.0,1,69.243575959809,30.756424040191007,1.8442669887944103,1.8442669887944103
65502,42,8,Neutral,100.0,1,69.19902883465723,30.800971165342773,1.8469381963527318,1.8469381963527318
65502,88,9,Neutral,100.0,1,66.69567342937268,33.304326570627325,1.9970484864551594,1.9970484864551594
65502,46,10,Neutral,100.0,1,66.02195783840197,33.978042161598026,2.0374469223279297,2.0374469223279297
65502,85,11,Neutral,100.0,1,69.0557777780974,30.944222221902606,1.855528050439084,1.855528050439084
65502,104,12,Neutral,100.0,1,68.12694106772258,31.873058932277416,1.911224476027643,1.911224476027643
65502,45,13,Neutral,57.0,1,66.0010117672709,-9.001011767270896,-0.5397333853387937,0.5397333853387937
65502,122,14,Neutral,65.0,1,65.32527765446443,-0.32527765446442913,-0.019504830585548652,0.019504830585548652
65502,118,15,Neutral,58.0,0,69.2050435609374,-11.205043560937398,-0.6718951436108459,0.6718951436108459
65502,127,16,Neutral,62.0,1,65.23957580098104,-3.2395758009810436,-0.1942567412791284,0.1942567412791284
65502,9,17,Neutral,60.0,0,71.63984535105011,-11.639845351050113,-0.6979674395034284,0.6979674395034284
65502,94,18,Neutral,56.0,1,75.48256899584902,-19.48256899584902,-1.1682456585005085,1.1682456585005085
65502,71,19,Neutral,61.0,1,66.1979194905856,-5.197919490585605,-0.3116861477254673,0.3116861477254673
65502,34,20,Neutral,63.0,1,72.82199184541165,-9.821991845411645,-0.5889623351866133,0.5889623351866133
65502,96,21,Neutral,58.0,0,60.192298394127135,-2.1922983941271355,-0.1314581809833366,0.1314581809833366
65502,11,22,Neutral,61.0,1,75.24910134664034,-14.249101346640344,-0.8544279139621188,0.8544279139621188
65502,97,23,Neutral,62.0,1,67.6324584519299,-5.632458451929907,-0.33774268344968117,0.33774268344968117
65502,103,24,Neutral,57.0,1,66.77413404188084,-9.774134041880842,-0.5860926073179661,0.5860926073179661
65502,86,25,Neutral,58.0,1,68.05049127580189,-10.050491275801889,-0.6026639916560511,0.6026639916560511
65502,4,26,Neutral,60.0,1,69.43277519427397,-9.432775194273972,-0.5656234899345025,0.5656234899345025
65502,10,27,Neutral,74.0,1,66.45227560476857,7.547724395231427,0.45258899163483923,0.45258899163483923
65502,38,28,Neutral,62.0,1,64.13705128735667,-2.1370512873566696,-0.12814536363142257,0.12814536363142257
65502,92,29,Neutral,64.0,1,70.46879889072106,-6.468798890721061,-0.3878926963588795,0.3878926963588795
65502,21,30,Neutral,57.0,0,65.40125216279982,-8.401252162799821,-0.5037696192555527,0.5037696192555527
65502,87,31,Neutral,57.0,1,64.93781296737528,-7.9378129673752795,-0.4759801204400196,0.4759801204400196
65502,52,32,Neutral,59.0,0,71.38432845348834,-12.384328453488337,-0.7426093526123081,0.7426093526123081
65502,12,33,Neutral,63.0,1,71.14095309231357,-8.140953092313566,-0.48816114077039635,0.48816114077039635
65502,53,34,Neutral,55.0,0,62.92873771047311,-7.928737710473108,-0.47543593504650206,0.47543593504650206
65502,43,35,Neutral,58.0,1,69.92992742803492,-11.929927428034915,-0.7153618153230911,0.7153618153230911
65502,109,36,Neutral,65.0,1,65.88236638053792,-0.8823663805379169,-0.05290989568623403,0.05290989568623403
65502,39,37,Neutral,60.0,1,70.13950931635382,-10.139509316353823,-0.6080018369589563,0.6080018369589563
65502,93,38,Neutral,58.0,1,64.96125466574179,-6.961254665741791,-0.4174221347657984,0.4174221347657984
65502,59,39,Neutral,57.0,1,65.0307591177923,-8.0307591177923,-0.4815535094895928,0.4815535094895928
65502,128,40,Neutral,60.0,1,65.34187995521118,-5.3418799552111835,-0.32031854049822645,0.32031854049822645
65502,78,41,Neutral,62.0,0,67.87055141192332,-5.870551411923316,-0.35201960282777234,0.35201960282777234
65502,65,42,Neutral,64.0,0,64.80223649355132,-0.8022364935513195,-0.04810501638062635,0.04810501638062635
65502,70,43,Neutral,58.0,0,64.52183024908175,-6.521830249081745,-0.3910726493816279,0.3910726493816279
65502,41,44,Neutral,57.0,1,73.86347502252562,-16.86347502252562,-1.0111952631346908,1.0111952631346908
65502,77,45,Neutral,57.0,0,65.63549011747894,-8.635490117478938,-0.5178153785015854,0.5178153785015854
65502,119,46,Neutral,63.0,1,63.39261515371582,-0.39261515371582334,-0.02354263182066725,0.02354263182066725
65502,24,47,Neutral,56.0,1,67.76674729967435,-11.76674729967435,-0.7055769416469654,0.7055769416469654
65502,25,48,Neutral,61.0,1,69.03396953970419,-8.033969539704188,-0.481746018057704,0.481746018057704
65502,40,49,Neutral,60.0,1,72.2225747312586,-12.222574731258604,-0.7329100114329469,0.7329100114329469
65502,62,50,Neutral,58.0,1,61.963633113752124,-3.963633113752124,-0.23767384978933476,0.23767384978933476
65502,89,51,Neutral,61.0,1,61.30311076547583,-0.3031107654758287,-0.018175623342452905,0.018175623342452905
65502,98,52,Neutral,60.0,1,62.29516201288085,-2.2951620128808514,-0.13762625748558244,0.13762625748558244
65502,107,53,Neutral,59.0,0,66.72508221106665,-7.725082211066649,-0.46322401098956484,0.46322401098956484
65502,74,54,Neutral,60.0,1,63.25064661536777,-3.2506466153677707,-0.1949205875535142,0.1949205875535142
65502,14,55,Neutral,59.0,0,68.56395310364563,-9.56395310364563,-0.5734893942280925,0.5734893942280925
65502,33,56,Neutral,61.0,1,65.10030369462093,-4.1003036946209335,-0.24586911463242336,0.24586911463242336
65502,56,57,Neutral,100.0,1,73.92871050316644,26.071289496833558,1.5633292905404343,1.5633292905404343
65502,95,58,Neutral,59.0,1,64.32931856604577,-5.329318566045771,-0.31956531394168997,0.31956531394168997
65502,44,59,Neutral,60.0,0,65.29130966943293,-5.291309669432934,-0.31728616233381923,0.31728616233381923
65502,55,60,Neutral,58.0,1,71.92121391483467,-13.921213914834667,-0.8347665916403306,0.8347665916403306
65502,108,61,Neutral,64.0,0,63.51404344539135,0.4859565546086486,0.0291397215255533,0.0291397215255533
65502,126,62,Neutral,62.0,1,66.53673870263205,-4.53673870263205,-0.2720393442071398,0.2720393442071398
65502,19,63,Neutral,61.0,0,68.42673982919538,-7.426739829195384,-0.44533431726169626,0.44533431726169626
65502,30,64,Neutral,60.0,1,68.29624765335181,-8.296247653351813,-0.4974731671648789,0.4974731671648789
65554,125,1,Standard,100.0,1,89.69855534825649,10.301444651743509,0.6177120683235741,0.6177120683235741
65554,20,2,Standard,100.0,0,92.54016269589681,7.459837304103189,0.44731896217051764,0.44731896217051764
65554,124,3,Standard,100.0,1,93.83930455293779,6.16069544706221,0.3694176938835798,0.3694176938835798
65554,49,4,Standard,100.0,0,96.86032874246393,3.1396712575360652,0.18826610168899333,0.18826610168899333
65554,111,5,Standard,100.0,0,94.96704370451917,5.03295629548083,0.30179435488569417,0.30179435488569417
65554,101,6,Standard,100.0,0,97.6201928828728,2.3798071171272,0.14270188563144906,0.14270188563144906
65554,64,7,Standard,100.0,0,93.81682308722327,6.18317691277673,0.37076576429068636,0.37076576429068636
65554,57,8,Standard,100.0,1,96.43523535175848,3.564764648241521,0.21375624666190313,0.21375624666190313
65554,50,9,Standard,100.0,0,88.81884623713755,11.18115376286245,0.6704626244759486,0.6704626244759486
65554,2,10,Standard,100.0,0,93.11763265261797,6.882367347382029,0.412691764391944,0.412691764391944
65554,3,11,Standard,100.0,1,96.24487665115652,3.755123348843483,0.22517084632704082,0.22517084632704082
65554,23,12,Standard,100.0,0,95.07615925708541,4.923840742914592,0.29525138970550924,0.29525138970550924
65554,36,13,Standard,0.0,1,90.68370756892529,-90.68370756892529,-5.437724752146319,5.437724752146319
65554,63,14,Standard,100.0,1,91.05893114231517,8.941068857684826,0.5361389905802413,0.5361389905802413
65554,31,15,Standard,100.0,0,92.35031130220369,7.649688697796307,0.4587031418692787,0.4587031418692787
65554,67,16,Standard,100.0,1,95.01486585702102,4.985134142978978,0.2989267647823387,0.2989267647823387
65554,83,17,Standard,100.0,1,94.44961814936829,5.550381850631709,0.33282107207740647,0.33282107207740647
65554,7,18,Standard,100.0,1,99.52130200188171,0.4786979981182924,0.028704472092655302,0.028704472092655302
65554,26,19,Standard,100.0,1,101.48547404622329,-1.4854740462232883,-0.08907442369049412,0.08907442369049412
65554,8,20,Standard,100.0,0,97.87965799712568,2.120342002874324,0.12714341419357844,0.12714341419357844
65554,113,21,Standard,100.0,1,98.16544246820018,1.8345575317998168,0.1100067384466176,0.1100067384466176
65554,105,22,Standard,100.0,0,91.14209320776257,8.85790679223743,0.5311522908317863,0.5311522908317863
65554,22,23,Standard,100.0,1,100.85916445888044,-0.8591644588804428,-0.051518624121842896,0.051518624121842896
65554,76,24,Standard,100.0,1,90.04328210898545,9.956717891014549,0.5970409986265358,0.5970409986265358
65554,73,25,Standard,100.0,0,90.38216933450516,9.617830665494836,0.5767200886880652,0.5767200886880652
65554,16,26,Standard,100.0,0,93.05071626927088,6.949283730729121,0.41670431398663305,0.41670431398663305
65554,60,27,Standard,100.0,1,94.33627880734922,5.663721192650783,0.33961731102717224,0.33961731102717224
65554,90,28,Standard,100.0,1,94.5359309283057,5.464069071694297,0.32764544409486324,0.32764544409486324
65554,5,29,Standard,100.0,1,90.84882795951829,9.151172040481711,0.5487375411713823,0.5487375411713823
65554,120,30,Standard,100.0,0,91.1723294672198,8.827670532780203,0.5293392148022481,0.5293392148022481
65554,75,31,Standard,100.0,0,88.49902140425489,11.50097859574511,0.6896404840577843,0.6896404840577843
65554,32,32,Standard,100.0,0,93.38294112432999,6.617058875670011,0.39678290399950766,0.39678290399950766
65554,69,33,Standard,100.0,1,91.66322268444162,8.336777315558379,0.4999034730410393,0.4999034730410393
65554,81,34,Standard,100.0,0,92.08307611428245,7.9169238857175515,0.47472753516946814,0.47472753516946814
65554,48,35,Standard,100.0,1,99.88919395493508,0.11080604506491909,0.006644333255551868,0.006644333255551868
65554,79,36,Standard,0.0,1,92.7547647024582,-92.7547647024582,-5.561912866417688,5.561912866417688
65554,91,37,Standard,100.0,0,90.41081276662472,9.589187233375284,0.5750025243758152,0.5750025243758152
65554,29,38,Standard,100.0,1,95.50667122075286,4.493328779247136,0.26943632740062573,0.26943632740062573
65554,112,39,Standard,100.0,1,92.50108644869081,7.498913551309187,0.4496621159999036,0.4496621159999036
65554,35,40,Standard,100.0,1,97.62864497426733,2.3713550257326688,0.1421950675070521,0.1421950675070521
65554,13,41,Standard,100.0,0,91.58311713973839,8.416882860261609,0.5047068926948491,0.5047068926948491
65554,80,42,Standard,100.0,1,95.68116392741302,4.318836072586976,0.25897311040705734,0.25897311040705734
65554,121,43,Standard,100.0,1,93.76198600492012,6.238013995079882,0.3740539950850514,0.3740539950850514
65554,106,44,Standard,100.0,1,91.04685503712379,8.953144962876209,0.5368631177456287,0.5368631177456287
65554,123,45,Standard,100.0,1,90.93046855852418,9.069531441475817,0.5438420740814756,0.5438420740814756
65554,58,46,Standard,100.0,1,93.58681987812929,6.41318012187071,0.3845575927976187,0.3845575927976187
65554,116,47,Standard,100.0,0,95.50644075499393,4.493559245006068,0.26945014696530234,0.26945014696530234
65554,28,48,Standard,100.0,0,93.12761511730164,6.872384882698356,0.4120931795220369,0.4120931795220369
65554,27,49,Standard,100.0,0,94.01434380888603,5.985656191113975,0.3589217038079253,0.3589217038079253
65554,68,50,Standard,100.0,0,89.08654624621536,10.913453753784637,0.6544103588095298,0.6544103588095298
65554,114,51,Standard,100.0,0,90.84906346808054,9.150936531919456,0.5487234192218872,0.5487234192218872
65554,51,52,Standard,0.0,1,91.17512457709354,-91.17512457709354,-5.467191902316719,5.467191902316719
65554,15,53,Standard,100.0,1,95.49154667915349,4.508453320846513,0.2703432498944738,0.2703432498944738
65554,82,54,Standard,100.0,0,89.15338426136115,10.846615738638846,0.6504025084570687,0.6504025084570687
65554,72,55,Standard,100.0,1,90.80104349217834,9.198956507821663,0.5516028715354402,0.5516028715354402
65554,17,56,Standard,100.0,1,98.12247440763393,1.8775255923660694,0.11258325955229964,0.11258325955229964
65554,18,57,Standard,100.0,0,93.52469840878146,6.475301591218539,0.388282621918816,0.388282621918816
65554,6,58,Standard,100.0,1,93.4388254909796,6.561174509020404,0.3934318742287231,0.3934318742287231
65554,66,59,Standard,100.0,0,90.04493890955717,9.955061090442825,0.5969416508415836,0.5969416508415836
65554,102,60,Standard,0.0,1,89.50200448364035,-89.50200448364035,-5.366865539518101,5.366865539518101
65554,110,61,Standard,100.0,1,87.93101924219451,12.068980757805491,0.7236999584519118,0.7236999584519118
65554,99,62,Standard,100.0,1,89.78579164885119,10.214208351148812,0.6124810626253464,0.6124810626253464
65554,115,63,Standard,100.0,1,97.4420181049402,2.557981895059797,0.1533858930032899,0.1533858930032899
65554,100,64,Standard,100.0,0,90.02189716687589,9.978102833124112,0.5983233174922925,0.5983233174922925
65585,109,1,Neutral,72.0,0,70.30641242805648,1.6935875719435245,0.10155366721067366,0.10155366721067366
65585,55,2,Neutral,90.0,1,77.35126074099136,12.648739259008636,0.758464385676763,0.758464385676763
65585,127,3,Neutral,72.0,1,68.70136023415007,3.298639765849927,0.19779843131736724,0.19779843131736724
65585,93,4,Neutral,64.0,0,69.34156154897175,-5.341561548971754,-0.32029944770266483,0.32029944770266483
65585,40,5,Neutral,75.0,1,77.0402732573747,-2.040273257374693,-0.12234220115378602,0.12234220115378602
65585,84,6,Neutral,75.0,1,73.10653615808393,1.8934638419160734,0.11353897493279473,0.11353897493279473
65585,87,7,Neutral,70.0,1,68.88072820771907,1.1192717922809265,0.06711560535434885,0.06711560535434885
65585,34,8,Neutral,66.0,1,76.24003711429205,-10.24003711429205,-0.6140298491541125,0.6140298491541125
65585,59,9,Neutral,79.0,1,69.2361093438678,9.763890656132205,0.5854783766725239,0.5854783766725239
65585,30,10,Neutral,76.0,1,73.55133782235407,2.4486621776459288,0.14683068535667695,0.14683068535667695
65585,38,11,Neutral,74.0,0,67.77379237768015,6.226207622319848,0.37334604205675787,0.37334604205675787
65585,61,12,Neutral,71.0,1,68.28518133264699,2.714818667353015,0.16279039599074616,0.16279039599074616
65585,97,13,Neutral,75.0,1,70.96302539223309,4.036974607766908,0.2420716723757179,0.2420716723757179
65585,94,14,Neutral,73.0,1,78.55070095042053,-5.550700950420534,-0.332840206460711,0.332840206460711
65585,122,15,Neutral,67.0,1,68.17471378759285,-1.1747137875928502,-0.07044010893165224,0.07044010893165224
65585,85,16,Neutral,68.0,0,71.73025725407136,-3.730257254071361,-0.22367978489322357,0.22367978489322357
65585,70,17,Neutral,72.0,0,68.55222381800277,3.4477761819972272,0.2067411929585825,0.2067411929585825
65585,118,18,Neutral,68.0,0,71.9670013654886,-3.967001365488599,-0.2378758224074588,0.2378758224074588
65585,92,19,Neutral,66.0,1,73.79936583102425,-7.799365831024247,-0.4676783268722215,0.4676783268722215
65585,47,20,Neutral,68.0,0,74.37838078072326,-6.378380780723262,-0.3824708978025774,0.3824708978025774
65585,95,21,Neutral,66.0,0,68.84084294214156,-2.8408429421415633,-0.170347269620644,0.170347269620644
65585,52,22,Neutral,66.0,0,74.71489539379154,-8.714895393791537,-0.5225768075171322,0.5225768075171322
65585,44,23,Neutral,67.0,1,69.75909488124012,-2.7590948812401166,-0.16544535872484284,0.16544535872484284
65585,11,24,Neutral,68.0,1,78.05479831548016,-10.054798315480156,-0.6029222574117733,0.6029222574117733
65585,86,25,Neutral,68.0,0,70.94366657321892,-2.94366657321892,-0.17651294831645528,0.17651294831645528
65585,62,26,Neutral,72.0,1,65.9065483540959,6.093451645904096,0.3653855111267383,0.3653855111267383
65585,71,27,Neutral,70.0,0,68.74118147369373,1.2588185263062712,0.07548333479587005,0.07548333479587005
65585,119,28,Neutral,70.0,1,67.07309540832793,2.92690459167207,0.17550783897106326,0.17550783897106326
65585,78,29,Neutral,67.0,1,71.28859668080374,-4.288596680803735,-0.2571598465518649,0.2571598465518649
65585,128,30,Neutral,69.0,0,68.67244689551438,0.3275531044856166,0.01964127484035681,0.01964127484035681
65585,37,31,Neutral,73.0,1,71.01516763561776,1.9848323643822425,0.1190177636755653,0.1190177636755653
65585,65,32,Neutral,68.0,1,68.13280343385452,-0.13280343385451943,-0.007963376650561719,0.007963376650561719
65585,41,33,Neutral,65.0,1,77.23778112711742,-12.237781127117415,-0.7338218422057409,0.7338218422057409
65585,98,34,Neutral,73.0,1,65.97564226749296,7.024357732507042,0.4212060240363704,0.4212060240363704
65585,54,35,Neutral,78.0,1,70.91205465714481,7.087945342855193,0.425018968301548,0.425018968301548
65585,74,36,Neutral,66.0,0,66.93112686997989,-0.9311268699798916,-0.05583375188348829,0.05583375188348829
65585,117,37,Neutral,68.0,0,71.07775856940287,-3.0777585694028744,-0.18455359184837083,0.18455359184837083
65585,107,38,Neutral,70.0,1,70.27434497281293,-0.27434497281292636,-0.016450721847228046,0.016450721847228046
65585,39,39,Neutral,72.0,1,72.94520628519363,-0.9452062851936347,-0.05667800480009214,0.05667800480009214
65585,45,40,Neutral,71.0,1,67.71322962889533,3.286770371104666,0.19708669926174693,0.19708669926174693
65585,12,41,Neutral,68.0,1,73.68421507542169,-5.68421507542169,-0.34084619873587385,0.34084619873587385
65585,108,42,Neutral,69.0,1,67.23826286429208,1.761737135707918,0.10564016278594503,0.10564016278594503
65585,4,43,Neutral,64.0,0,71.58238469878455,-7.582384698784551,-0.4546673494303063,0.4546673494303063
65585,42,44,Neutral,68.0,0,70.51759421768412,-2.5175942176841204,-0.15096410105372174,0.15096410105372174
65585,104,45,Neutral,70.0,0,69.5767239436153,0.4232760563846938,0.02538117100080547,0.02538117100080547
65585,1,46,Neutral,71.0,1,73.07624756575457,-2.0762475657545707,-0.12449935145523265,0.12449935145523265
65585,56,47,Neutral,68.0,1,77.25927744346964,-9.259277443469642,-0.5552199341108354,0.5552199341108354
65585,46,48,Neutral,74.0,0,67.25304489285165,6.746955107148352,0.40457195422755926,0.40457195422755926
65585,88,49,Neutral,65.0,1,67.8392821552451,-2.839282155245101,-0.1702536791646818,0.1702536791646818
65585,103,50,Neutral,66.0,0,68.5300910677939,-2.5300910677939044,-0.15171345761387545,0.15171345761387545
65585,21,51,Neutral,69.0,1,67.37590501015595,1.6240949898440533,0.09738663937399593,0.09738663937399593
65585,33,52,Neutral,72.0,0,68.16843564919243,3.831564350807568,0.22975452667715263,0.22975452667715263
65585,96,53,Neutral,66.0,1,61.68582043430849,4.314179565691511,0.258693889326636,0.258693889326636
65585,53,54,Neutral,66.0,0,64.94712972211785,1.0528702778821497,0.06313392917341204,0.06313392917341204
65585,9,55,Neutral,70.0,0,72.87093240549977,-2.8709324054997722,-0.1721515432224635,0.1721515432224635
65585,14,56,Neutral,68.0,1,71.41338923677404,-3.4133892367740373,-0.20467922672226915,0.20467922672226915
65585,24,57,Neutral,66.0,0,70.22253095420523,-4.222530954205226,-0.25319830542806165,0.25319830542806165
65585,77,58,Neutral,69.0,0,67.960056279144,1.0399437208560016,0.062358805824516195,0.062358805824516195
65585,10,59,Neutral,73.0,1,67.94579764494993,5.054202355050066,0.30306834584947784,0.30306834584947784
65585,19,60,Neutral,83.0,0,71.45113261947827,11.548867380521727,0.6925120696745511,0.6925120696745511
65585,126,61,Neutral,73.0,0,69.47365316433769,3.5263468356623093,0.21145257496622927,0.21145257496622927
65585,89,62,Neutral,78.0,1,63.7151552557181,14.284844744281898,0.856571218016307,0.856571218016307
65585,25,63,Neutral,73.0,0,71.271057372792,1.7289426272079993,0.1036736848442603,0.1036736848442603
65585,43,64,Neutral,73.0,0,71.55466696108212,1.4453330389178802,0.08666742297501498,0.08666742297501498
65909,44,1,Neutral,58.0,0,62.2026252448524,-4.202625244852399,-0.25200468673559007,0.25200468673559007
65909,117,2,Neutral,60.0,1,62.89598935381531,-2.8959893538153096,-0.1736540489285198,0.1736540489285198
65909,104,3,Neutral,57.0,0,62.8950375929999,-5.895037592999898,-0.3534878832553725,0.3534878832553725
65909,25,4,Neutral,63.0,0,64.13902810013121,-1.1390281001312133,-0.06830026538963549,0.06830026538963549
65909,74,5,Neutral,62.0,0,59.768309712189705,2.231690287810295,0.1338202621229065,0.1338202621229065
65909,85,6,Neutral,59.0,1,61.94332645796803,-2.943326457968027,-0.17649255376965142,0.17649255376965142
65909,42,7,Neutral,58.0,1,61.91162085737339,-3.911620857373393,-0.23455500582598401,0.23455500582598401
65909,43,8,Neutral,61.0,1,63.77973772225508,-2.779737722255078,-0.16668317851133932,0.16668317851133932
65909,71,9,Neutral,57.0,1,59.30416399189934,-2.304163991899337,-0.13816604887082015,0.13816604887082015
65909,55,10,Neutral,59.0,1,66.77702498769297,-7.777024987692968,-0.4663386886943936,0.4663386886943936
65909,47,11,Neutral,56.0,1,65.05939329363171,-9.059393293631715,-0.5432341538833418,0.5432341538833418
65909,62,12,Neutral,60.0,0,56.80625668844745,3.193743311552552,0.191508458606319,0.191508458606319
65909,19,13,Neutral,59.0,1,63.79423337535408,-4.794233375354082,-0.2874796608080263,0.2874796608080263
65909,98,14,Neutral,60.0,0,57.137785587576175,2.8622144124238247,0.17162878066666384,0.17162878066666384
65909,78,15,Neutral,60.0,1,62.18830501515526,-2.188305015155258,-0.13121872346376423,0.13121872346376423
65909,45,16,Neutral,60.0,0,60.244238321084836,-0.24423832108483623,-0.014645417568268638,0.014645417568268638
65909,107,17,Neutral,62.0,1,60.968544983884364,1.0314550161156362,0.061849792230809046,0.061849792230809046
65909,109,18,Neutral,60.0,1,59.338524196160535,0.6614758038394655,0.039664493743265375,0.039664493743265375
65909,56,19,Neutral,61.0,0,68.25965160456138,-7.259651604561384,-0.4353150999266098,0.4353150999266098
65909,61,20,Neutral,61.0,1,58.222628052648986,2.777371947351014,0.16654131804821196,0.16654131804821196
65909,86,21,Neutral,63.0,1,60.89430079138391,2.1056992086160875,0.12626537902151538,0.12626537902151538
65909,53,22,Neutral,61.0,0,57.82805172861629,3.1719482713837124,0.1902015487701718,0.1902015487701718
65909,108,23,Neutral,61.0,0,59.55057573503852,1.449424264961479,0.08691274776069376,0.08691274776069376
65909,24,24,Neutral,59.0,0,61.95328341004044,-2.9532834100404415,-0.17708960881064598,0.17708960881064598
65909,93,25,Neutral,57.0,0,59.904307848173595,-2.9043078481735947,-0.17415285608898193,0.17415285608898193
65909,40,26,Neutral,58.0,1,65.89742836832431,-7.897428368324313,-0.47355851307799113,0.47355851307799113
65909,70,27,Neutral,59.0,1,57.89050973612714,1.109490263872857,0.06652906935395478,0.06652906935395478
65909,87,28,Neutral,60.0,0,59.443474506920914,0.5565254930790857,0.03337129160292055,0.03337129160292055
65909,95,29,Neutral,62.0,1,58.26660718884317,3.7333928111568326,0.22386780429420006,0.22386780429420006
65909,84,30,Neutral,59.0,1,61.832473776167696,-2.8324737761676957,-0.16984542400591401,0.16984542400591401
65909,128,31,Neutral,61.0,0,60.109976480488534,0.8900235195114661,0.05336904557372011,0.05336904557372011
65909,30,32,Neutral,60.0,1,62.36475376901507,-2.364753769015067,-0.14179923215789314,0.14179923215789314
65909,46,33,Neutral,61.0,0,57.68480991819139,3.315190081808609,0.19879084842466258,0.19879084842466258
65909,14,34,Neutral,61.0,0,62.151328412134106,-1.1513284121341059,-0.06903783681046005,0.06903783681046005
65909,38,35,Neutral,59.0,1,58.20532118401614,0.7946788159838576,0.04765183056060358,0.04765183056060358
65909,89,36,Neutral,61.0,0,56.33364227648485,4.666357723515148,0.2798117718802064,0.2798117718802064
65909,65,37,Neutral,62.0,1,57.68978517342196,4.31021482657804,0.2584561491570831,0.2584561491570831
65909,34,38,Neutral,60.0,1,64.70353974664414,-4.7035397466441395,-0.2820413411482,0.2820413411482
65909,97,39,Neutral,60.0,1,59.601484681739635,0.39851531826036535,0.023896427134574183,0.023896427134574183
65909,122,40,Neutral,59.0,0,57.368594714688385,1.6314052853116152,0.09782499126404466,0.09782499126404466
65909,118,41,Neutral,61.0,0,61.248360621161375,-0.2483606211613747,-0.014892605665920362,0.014892605665920362
65909,88,42,Neutral,63.0,0,59.626725054528166,3.3732749454718345,0.20227382799545812,0.20227382799545812
65909,126,43,Neutral,60.0,1,60.036635682543306,-0.03663568254330585,-0.0021968087004613627,0.0021968087004613627
65909,77,44,Neutral,61.0,1,58.34808214019513,2.6519178598048683,0.15901863491806859,0.15901863491806859
65909,21,45,Neutral,62.0,0,57.92570003019856,4.074299969801437,0.2443098367655419,0.2443098367655419
65909,127,46,Neutral,66.0,0,58.301844919002384,7.698155080997616,0.4616093623872306,0.4616093623872306
65909,9,47,Neutral,63.0,0,63.508205754119615,-0.508205754119615,-0.030473864406778874,0.030473864406778874
65909,92,48,Neutral,62.0,1,62.306607627664945,-0.3066076276649454,-0.018385307910831983,0.018385307910831983
65909,39,49,Neutral,61.0,1,62.283492203318005,-1.283492203318005,-0.07696285816131243,0.07696285816131243
65909,103,50,Neutral,61.0,0,58.81745110210483,2.182548897895167,0.13087356574866238,0.13087356574866238
65909,10,51,Neutral,60.0,0,59.776979708521594,0.22302029147840585,0.01337310738294714,0.01337310738294714
65909,96,52,Neutral,60.0,1,53.21082834785986,6.789171652140141,0.4071034117275459,0.4071034117275459
65909,33,53,Neutral,59.0,1,57.90037404591435,1.0996259540856528,0.06593756948114742,0.06593756948114742
65909,12,54,Neutral,59.0,1,62.8912835006802,-3.8912835006802027,-0.23333550398989364,0.23333550398989364
65909,11,55,Neutral,61.0,1,66.47456178354362,-5.474561783543621,-0.32827462523963324,0.32827462523963324
65909,52,56,Neutral,63.0,1,63.00344136898914,-0.003441368989136606,-0.00020635699438373384,0.00020635699438373384
65909,94,57,Neutral,62.0,1,66.4455944470206,-4.445594447020596,-0.2665740033202153,0.2665740033202153
65909,41,58,Neutral,63.0,1,65.91997958091258,-2.9199795809125817,-0.17509259015266743,0.17509259015266743
65909,54,59,Neutral,63.0,1,61.3435834634808,1.6564165365192025,0.0993247568053937,0.0993247568053937
65909,1,60,Neutral,60.0,1,62.23957682672449,-2.2395768267244875,-0.13429316766473026,0.13429316766473026
65909,119,61,Neutral,63.0,1,55.91706302111456,7.082936978885442,0.4247186485919092,0.4247186485919092
65909,37,62,Neutral,59.0,1,59.434931103681194,-0.43493110368119403,-0.02608005000421901,0.02608005000421901
65909,59,63,Neutral,60.0,0,57.16155450659349,2.8384454934065104,0.1702035098794723,0.1702035098794723
65909,4,64,Neutral,63.0,1,60.43953980973417,2.560460190265829,0.15353450059274826,0.15353450059274826
65973,125,1,Standard,63.0,1,57.907607720328095,5.092392279671905,0.3053583525548272,0.3053583525548272
65973,116,2,Standard,80.0,1,65.68375552005321,14.31624447994679,0.8584540603086344,0.8584540603086344
65973,90,3,Standard,64.0,1,63.83846240759269,0.16153759240731347,0.009686381249550643,0.009686381249550643
65973,105,4,Standard,81.0,1,60.138450537029264,20.861549462970736,1.2509343400709516,1.2509343400709516
65973,123,5,Standard,100.0,1,60.8890875021404,39.1109124978596,2.3452324862985354,2.3452324862985354
65973,64,6,Standard,45.0,1,62.0696146235835,-17.069614623583497,-1.0235561429566589,1.0235561429566589
65973,51,7,Standard,41.0,1,61.35243934215282,-20.35243934215282,-1.2204062465494596,1.2204062465494596
65973,17,8,Standard,74.0,1,68.43100666555907,5.568993334440933,0.3339370843016163,0.3339370843016163
65973,15,9,Standard,72.0,1,65.62512227992416,6.374877720075844,0.3822608415521065,0.3822608415521065
65973,69,10,Standard,70.0,1,60.87827583515136,9.121724164848636,0.5469717395018113,0.5469717395018113
65973,50,11,Standard,41.0,1,56.940420280631926,-15.940420280631926,-0.955845545394419,0.955845545394419
65973,81,12,Standard,30.0,1,61.2543901007036,-31.254390100703603,-1.8741268439499799,1.8741268439499799
65973,115,13,Standard,77.0,1,67.83802869144256,9.16197130855744,0.5493851045418569,0.5493851045418569
65973,6,14,Standard,83.0,1,63.572401091750265,19.427598908249735,1.1649494522250967,1.1649494522250967
65973,31,15,Standard,69.0,1,60.5593636742753,8.440636325724697,0.5061312368307537,0.5061312368307537
65973,66,16,Standard,63.0,1,60.134775346039234,2.865224653960766,0.1718092856918132,0.1718092856918132
65973,102,17,Standard,55.0,1,59.5918409201224,-4.591840920122401,-0.275343473471128,0.275343473471128
65973,32,18,Standard,54.0,1,62.20434179644221,-8.204341796442208,-0.4919621578956038,0.4919621578956038
65973,63,19,Standard,55.0,1,59.049287692943714,-4.0492876929437145,-0.24281000972248237,0.24281000972248237
65973,124,20,Standard,40.0,1,61.30479113210294,-21.30479113210294,-1.2775127217895301,1.2775127217895301
65973,26,21,Standard,67.0,1,69.60704808971767,-2.607048089717665,-0.1563280803965648,0.1563280803965648
65973,36,22,Standard,65.0,1,58.49910746239937,6.5008925376006275,0.38981714809009066,0.38981714809009066
65973,113,23,Standard,55.0,1,66.28701651169456,-11.28701651169456,-0.6768105397198978,0.6768105397198978
65973,75,24,Standard,63.0,1,57.0142479263468,5.985752073653202,0.3589274532735221,0.3589274532735221
65973,57,25,Standard,44.0,1,63.90072193092364,-19.900721930923638,-1.1933196285243923,1.1933196285243923
65973,58,26,Standard,56.0,1,62.670655535973204,-6.670655535973204,-0.3999967545816702,0.3999967545816702
65973,82,27,Standard,55.0,1,58.54339406922538,-3.5433940692253785,-0.2124747890594396,0.2124747890594396
65973,23,28,Standard,78.0,1,62.58538500053917,15.41461499946083,0.9243163493692106,0.9243163493692106
65973,112,29,Standard,61.0,1,61.14753046364856,-0.14753046364855749,-0.008846462891557877,0.008846462891557877
65973,114,30,Standard,61.0,1,59.976638290213074,1.0233617097869256,0.06136448816318607,0.06136448816318607
65973,28,31,Standard,58.0,1,62.08023328227972,-4.080233282279721,-0.24466561975005277,0.24466561975005277
65973,60,32,Standard,57.0,1,62.32663535797775,-5.32663535797775,-0.3194044190321435,0.3194044190321435
65973,106,33,Standard,55.0,1,59.737038216370166,-4.737038216370166,-0.2840500311639869,0.2840500311639869
65973,20,34,Standard,58.0,1,59.349561810732745,-1.3495618107327445,-0.08092463199296408,0.08092463199296408
65973,22,35,Standard,67.0,1,68.54334685948866,-1.5433468594886648,-0.09254468794860565,0.09254468794860565
65973,76,36,Standard,56.0,1,57.72746450959369,-1.7274645095936876,-0.10358505153896876,0.10358505153896876
65973,79,37,Standard,44.0,1,60.92007791024119,-16.92007791024119,-1.014589378040502,1.014589378040502
65973,29,38,Standard,75.0,1,63.715723592824475,11.284276407175525,0.6766462330923231,0.6766462330923231
65973,121,39,Standard,60.0,1,62.145995034146196,-2.145995034146196,-0.12868166320053065,0.12868166320053065
65973,91,40,Standard,61.0,0,58.48864764583048,2.5113523541695173,0.1505898162274526,0.1505898162274526
65973,83,41,Standard,60.0,1,61.60893057851313,-1.6089305785131316,-0.09647732614611311,0.09647732614611311
65973,72,42,Standard,58.0,1,59.57870500000193,-1.578705000001932,-0.09466489058492514,0.09466489058492514
65973,49,43,Standard,61.0,1,63.36355370727955,-2.36355370727955,-0.14172727209386107,0.14172727209386107
65973,99,44,Standard,56.0,1,58.78214897811787,-2.782148978117867,-0.16682776617808068,0.16682776617808068
65973,27,45,Standard,70.0,1,62.39835283811208,7.601647161887918,0.45582239673938185,0.45582239673938185
65973,18,46,Standard,62.0,1,62.21488158802784,-0.2148815880278434,-0.012885081138873862,0.012885081138873862
65973,5,47,Standard,63.0,1,58.27057537439484,4.729424625605162,0.2835934925853882,0.2835934925853882
65973,110,48,Standard,60.0,1,56.70868075001812,3.291319249981882,0.19735946657495315,0.19735946657495315
65973,111,49,Standard,62.0,1,61.251572847891715,0.7484271521082846,0.04487841266419703,0.04487841266419703
65973,16,50,Standard,63.0,1,60.21002869841574,2.7899713015842593,0.16729682112822336,0.16729682112822336
65973,68,51,Standard,60.0,1,57.25185945399835,2.7481405460016504,0.16478849696360262,0.16478849696360262
65973,100,52,Standard,60.0,1,58.75581951041089,1.2441804895891124,0.07460558490326424,0.07460558490326424
65973,7,53,Standard,68.0,1,66.19948362385179,1.8005163761482095,0.1079655070100035,0.1079655070100035
65973,120,54,Standard,43.0,1,58.331641896364644,-15.331641896364644,-0.9193409804902354,0.9193409804902354
65973,13,55,Standard,58.0,1,59.17982121176939,-1.1798212117693865,-0.07074636865138584,0.07074636865138584
65973,73,56,Standard,62.0,1,57.23530761362969,4.764692386370307,0.28570827572346885,0.28570827572346885
65973,2,57,Standard,59.0,1,59.27094430312468,-0.2709443031246792,-0.016246805330872555,0.016246805330872555
65973,80,58,Standard,61.0,1,63.19038967086681,-2.190389670866807,-0.13134372699820596,0.13134372699820596
65973,35,59,Standard,59.0,1,65.00665322485526,-6.006653224855256,-0.3601807622778256,0.3601807622778256
65973,48,60,Standard,65.0,1,67.00476721979132,-2.0047672197913187,-0.12021313007151906,0.12021313007151906
65973,67,61,Standard,71.0,1,61.25565583610496,9.744344163895043,0.5843062979441056,0.5843062979441056
65973,8,62,Standard,62.0,1,64.25166546907545,-2.251665469075448,-0.13501804660378003,0.13501804660378003
65973,3,63,Standard,59.0,1,62.17949248022014,-3.1794924802201407,-0.19065392695612132,0.19065392695612132
65973,101,64,Standard,63.0,1,63.29237372620472,-0.2923737262047226,-0.017531791437312892,0.017531791437312892
65995,44,1,Neutral,100.0,0,90.92237170587974,9.07762829412026,0.5443275907990811,0.5443275907990811
65995,84,2,Neutral,100.0,0,91.77691683727626,8.22308316272374,0.4930859583449918,0.4930859583449918
65995,89,3,Neutral,0.0,1,86.49678115903649,-86.49678115903649,-5.186661424622321,5.186661424622321
65995,62,4,Neutral,97.0,0,85.87591646378371,11.12408353621629,0.6670404862290253,0.6670404862290253
65995,45,5,Neutral,97.0,0,89.44511558928694,7.554884410713058,0.45301833219064547,0.45301833219064547
65995,30,6,Neutral,94.0,1,92.2217185015464,1.7782814984535946,0.1066322229169479,0.1066322229169479
65995,55,7,Neutral,90.0,1,95.62798894158615,-5.627988941586153,-0.33747467536225567,0.33747467536225567
65995,4,8,Neutral,99.0,0,91.60867947092396,7.39132052907604,0.44321044727307385,0.44321044727307385
65995,56,9,Neutral,100.0,1,97.41678970847488,2.58321029152512,0.1548986793636422,0.1548986793636422
65995,74,10,Neutral,97.0,0,88.26936035177397,8.730639648226031,0.5235208902453056,0.5235208902453056
65995,127,11,Neutral,99.0,0,88.55246213013126,10.44753786986874,0.6264723487489909,0.6264723487489909
65995,24,12,Neutral,99.0,0,91.19789984253117,7.8021001574688285,0.46784228702544806,0.46784228702544806
65995,94,13,Neutral,97.0,1,97.08986413674701,-0.08986413674701055,-0.005388580306424628,0.005388580306424628
65995,33,14,Neutral,97.0,1,88.32594791419768,8.674052085802316,0.5201276942997033,0.5201276942997033
65995,87,15,Neutral,95.0,0,88.73183010370025,6.268169896299753,0.3758622525425659,0.3758622525425659
65995,71,16,Neutral,84.0,1,87.71773630290637,-3.717736302906374,-0.2229289831461896,0.2229289831461896
65995,104,17,Neutral,94.0,0,91.00243575398663,2.9975642460133685,0.17974484870181057,0.17974484870181057
65995,52,18,Neutral,91.0,1,93.38527607298386,-2.3852760729838565,-0.1430298241049343,0.1430298241049343
65995,119,19,Neutral,91.0,0,86.47385438226374,4.526145617736262,0.2714041443296355,0.2714041443296355
65995,47,20,Neutral,93.0,0,93.38548727606153,-0.3854872760615251,-0.02311521836581277,0.02311521836581277
65995,65,21,Neutral,87.0,1,87.10935826306715,-0.10935826306715057,-0.006557518984101906,0.006557518984101906
65995,93,22,Neutral,91.0,0,88.75527180206679,2.244728197933213,0.13460206260826674,0.13460206260826674
65995,128,23,Neutral,82.0,1,89.17963625582479,-7.179636255824789,-0.4305170887508328,0.4305170887508328
65995,92,24,Neutral,92.0,1,92.07609403161905,-0.07609403161904993,-0.004562874746944097,0.004562874746944097
65995,103,25,Neutral,88.0,0,88.63067667034755,-0.6306766703475546,-0.037817665740491786,0.037817665740491786
65995,118,26,Neutral,94.0,0,90.62419454651794,3.3758054534820587,0.20242556645445575,0.20242556645445575
65995,9,27,Neutral,93.0,0,93.10273550091925,-0.10273550091925188,-0.006160394091167478,0.006160394091167478
65995,19,28,Neutral,93.0,0,91.8578923720522,1.1421076279477944,0.0684849250719761,0.0684849250719761
65995,61,29,Neutral,94.0,0,86.54872203507878,7.451277964921218,0.446805713078927,0.446805713078927
65995,34,30,Neutral,88.0,1,93.7731995219804,-5.773199521980402,-0.3461820296208272,0.3461820296208272
65995,78,31,Neutral,83.0,0,90.20822484756476,-7.208224847564765,-0.432231364634572,0.432231364634572
65995,96,32,Neutral,86.0,0,82.8053580946595,3.1946419053405037,0.19156234155634236,0.19156234155634236
65995,39,33,Neutral,85.0,1,91.70306529296319,-6.703065292963188,-0.40194016142420075,0.40194016142420075
65995,95,34,Neutral,88.0,1,86.76765782842743,1.2323421715725686,0.07389571632126551,0.07389571632126551
65995,70,35,Neutral,87.0,1,86.26034288284556,0.7396571171544366,0.044352529488219904,0.044352529488219904
65995,97,36,Neutral,84.0,1,88.45244863563282,-4.45244863563282,-0.26698500538521397,0.26698500538521397
65995,38,37,Neutral,84.0,0,86.83758931646626,-2.8375893164662642,-0.17015217039782776,0.17015217039782776
65995,59,38,Neutral,85.0,0,86.9747800748362,-1.9747800748362039,-0.11841499185308892,0.11841499185308892
65995,85,39,Neutral,80.0,1,89.21968049747107,-9.219680497471074,-0.5528455572890434,0.5528455572890434
65995,37,40,Neutral,87.0,1,89.11693917905806,-2.1169391790580647,-0.12693936850787682,0.12693936850787682
65995,108,41,Neutral,92.0,0,87.48301723887079,4.5169827611292135,0.270854706139378,0.270854706139378
65995,43,42,Neutral,92.0,1,91.0123525974695,0.9876474025304987,0.05922292847423727,0.05922292847423727
65995,88,43,Neutral,91.0,0,88.3027323512669,2.697267648733103,0.1617379731142075,0.1617379731142075
65995,126,44,Neutral,90.0,1,88.71264297928204,1.2873570207179625,0.07719460666169549,0.07719460666169549
65995,21,45,Neutral,91.0,0,86.64544649122591,4.354553508774089,0.26111485771806414,0.26111485771806414
65995,54,46,Neutral,86.0,1,90.63193906026014,-4.631939060260137,-0.27774790371540614,0.27774790371540614
65995,40,47,Neutral,89.0,1,93.69865237929075,-4.698652379290749,-0.28174827683551557,0.28174827683551557
65995,122,48,Neutral,89.0,0,85.7384278614068,3.261572138593195,0.19557572164171724,0.19557572164171724
65995,77,49,Neutral,90.0,1,86.8491327797794,3.1508672202206043,0.18893745231024522,0.18893745231024522
65995,46,50,Neutral,91.0,1,85.66099058631228,5.3390094136877195,0.3201464123937118,0.3201464123937118
65995,11,51,Neutral,93.0,1,95.36926490172542,-2.3692649017254155,-0.14206973607372206,0.14206973607372206
65995,53,52,Neutral,95.0,0,85.23562326098518,9.764376739014821,0.5855075239691361,0.5855075239691361
65995,41,53,Neutral,94.0,1,94.85842186338299,-0.8584218633829863,-0.0514740953963904,0.0514740953963904
65995,42,54,Neutral,90.0,1,88.57562659683583,1.424373403164168,0.08541060702439557,0.08541060702439557
65995,98,55,Neutral,92.0,0,84.06422631277032,7.935773687229684,0.47585783778945817,0.47585783778945817
65995,86,56,Neutral,92.0,1,88.08317650230973,3.916823497690274,0.23486697505161494,0.23486697505161494
65995,25,57,Neutral,88.0,0,90.54059885386195,-2.540598853861951,-0.15234354266359673,0.15234354266359673
65995,12,58,Neutral,90.0,1,91.43607330455309,-1.4360733045530907,-0.08611217564224084,0.08611217564224084
65995,117,59,Neutral,91.0,0,89.1226034503916,1.877396549608406,0.11257552167946401,0.11257552167946401
65995,10,60,Neutral,89.0,0,88.1030736909514,0.8969263090485953,0.05378296192684644,0.05378296192684644
65995,109,61,Neutral,96.0,0,86.17748659277743,9.822513407222573,0.5889936099287372,0.5889936099287372
65995,107,62,Neutral,89.0,0,87.72002905192404,1.279970948075956,0.07675171089680781,0.07675171089680781
65995,14,63,Neutral,93.0,1,89.60263910879162,3.397360891208379,0.20371810885716543,0.20371810885716543
65995,1,64,Neutral,93.0,1,90.78436663059736,2.2156333694026387,0.13285743092633084,0.13285743092633084
66020,12,1,Neutral,61.0,1,77.32213505603038,-16.322135056030376,-0.9787345509069747,0.9787345509069747
66020,14,2,Neutral,65.0,1,75.66365751742336,-10.66365751742336,-0.6394316684375874,0.6394316684375874
66020,98,3,Neutral,71.0,0,69.73159224280451,1.2684077571954901,0.07605833993800895,0.07605833993800895
66020,86,4,Neutral,30.0,0,73.75054243234395,-43.75054243234395,-2.6234415627896888,2.6234415627896888
66020,54,5,Neutral,8.0,1,75.81817418311958,-67.81817418311958,-4.06662425133673,4.06662425133673
66020,43,6,Neutral,96.0,1,75.97989189888588,20.02010810111412,1.200478457272272,1.200478457272272
66020,84,7,Neutral,100.0,1,74.95115040285941,25.04884959714059,1.5020200774613737,1.5020200774613737
66020,93,8,Neutral,99.0,0,72.76054948913361,26.23945051086639,1.5734128362275948,1.5734128362275948
66020,97,9,Neutral,100.0,1,73.02633545845165,26.973664541548345,1.6174389784646428,1.6174389784646428
66020,104,10,Neutral,93.0,0,74.70153929103316,18.298460708966843,1.09724222124132,1.09724222124132
66020,55,11,Neutral,100.0,1,78.84596167145793,21.15403832854207,1.268473035683232,1.268473035683232
66020,40,12,Neutral,100.0,1,78.6224525164185,21.377547483581495,1.2818754571023765,1.2818754571023765
66020,95,13,Neutral,92.0,1,71.07910966551458,20.92089033448542,1.254492634438262,1.254492634438262
66020,78,14,Neutral,0.0,1,74.34472002749744,-74.34472002749744,-4.457979664954077,4.457979664954077
66020,38,15,Neutral,76.0,0,71.19278031784202,4.807219682157978,0.28825836697079354,0.28825836697079354
66020,42,16,Neutral,97.0,1,73.63064422682943,23.369355773170568,1.4013115226116806,1.4013115226116806
66020,4,17,Neutral,100.0,1,74.60795637935266,25.392043620647343,1.5225992386628822,1.5225992386628822
66020,126,18,Neutral,100.0,1,73.24279063781225,26.75720936218775,1.6044595390692613,1.6044595390692613
66020,107,19,Neutral,74.0,1,72.99374250336072,1.0062574966392788,0.060338857366956725,0.060338857366956725
66020,92,20,Neutral,88.0,1,75.64398007579975,12.356019924200254,0.7409118702912454,0.7409118702912454
66020,118,21,Neutral,83.0,0,74.23581975498723,8.764180245012767,0.5255321063527896,0.5255321063527896
66020,71,22,Neutral,93.0,1,70.84823070420092,22.151769295799085,1.3283006113534563,1.3283006113534563
66020,21,23,Neutral,100.0,0,71.00063749260167,28.99936250739833,1.738907192155649,1.738907192155649
66020,30,24,Neutral,100.0,1,74.82734293137756,25.172657068622442,1.5094440235066522,1.5094440235066522
66020,62,25,Neutral,26.0,0,68.35032340074902,-42.35032340074902,-2.5394793396886652,2.5394793396886652
66020,85,26,Neutral,91.0,0,73.18121902024929,17.818780979750713,1.068478880983326,1.068478880983326
66020,37,27,Neutral,68.0,1,73.07847770183629,-5.078477701836292,-0.3045239838866199,0.3045239838866199
66020,53,28,Neutral,88.0,0,69.67829259093817,18.32170740906183,1.0986361778835994,1.0986361778835994
66020,45,29,Neutral,66.0,0,71.78830503338641,-5.788305033386408,-0.34708781099510366,0.34708781099510366
66020,1,30,Neutral,100.0,1,75.66442760343652,24.335572396563478,1.4592493836653375,1.4592493836653375
66020,109,31,Neutral,95.0,1,70.88259090846212,24.11740909153788,1.4461675188458376,1.4461675188458376
66020,119,32,Neutral,29.0,1,69.29817463353797,-40.29817463353797,-2.4164250397961675,2.4164250397961675
66020,52,33,Neutral,96.0,1,76.12211799568087,19.877882004319133,1.1919500634992732,1.1919500634992732
66020,61,34,Neutral,18.0,0,69.72295560066193,-51.72295560066193,-3.1014964370541747,3.1014964370541747
66020,34,35,Neutral,76.0,1,76.94743308756355,-0.947433087563553,-0.056811531964890076,0.056811531964890076
66020,33,36,Neutral,24.0,0,70.75661568687438,-46.75661568687438,-2.803696642573464,2.803696642573464
66020,88,37,Neutral,83.0,0,71.95809672402481,11.041903275975187,0.6621126590897212,0.6621126590897212
66020,94,38,Neutral,74.0,1,79.38931441655785,-5.389314416557852,-0.32316288323061265,0.32316288323061265
66020,19,39,Neutral,100.0,0,74.76969095190367,25.23030904809633,1.5129010457678684,1.5129010457678684
66020,74,40,Neutral,77.0,0,70.35011481014175,6.649885189858253,0.3987512891258818,0.3987512891258818
66020,41,41,Neutral,74.0,1,78.7762212218726,-4.7762212218726035,-0.28639958660890674,0.28639958660890674
66020,96,42,Neutral,65.0,0,65.76089583879957,-0.7608958387995699,-0.04562608044340011,0.04562608044340011
66020,10,43,Neutral,61.0,0,72.23956887088409,-11.239568870884085,-0.6739654066989529,0.6739654066989529
66020,44,44,Neutral,64.0,0,72.43451702849552,-8.43451702849552,-0.5057643015245021,0.5057643015245021
66020,59,45,Neutral,70.0,0,70.06153531184212,-0.06153531184212113,-0.003689880986401206,0.003689880986401206
66020,128,46,Neutral,80.0,0,71.56656486421286,8.433435135787136,0.5056994273048957,0.5056994273048957
66020,25,47,Neutral,82.0,0,74.37091988377433,7.629080116225666,0.4574673764036009,0.4574673764036009
66020,47,48,Neutral,92.0,0,75.55372006300652,16.446279936993477,0.9861787292512735,0.9861787292512735
66020,9,49,Neutral,74.0,0,75.53340327359595,-1.533403273595951,-0.09194843439233365,0.09194843439233365
66020,122,50,Neutral,100.0,0,69.04387891985581,30.956121080144186,1.856241549233047,1.856241549233047
66020,11,51,Neutral,62.0,1,78.76219428875164,-16.762194288751644,-1.0051221021698098,1.0051221021698098
66020,89,52,Neutral,11.0,0,67.74649149592058,-56.74649149592058,-3.402725910498245,3.402725910498245
66020,103,53,Neutral,42.0,0,70.79890945729254,-28.798909457292538,-1.7268872986000725,1.7268872986000725
66020,70,54,Neutral,65.0,1,68.8222281483881,-3.822228148388106,-0.22919469404184967,0.22919469404184967
66020,108,55,Neutral,63.0,1,70.2635983258564,-7.263598325856407,-0.4355517596822716,0.4355517596822716
66020,24,56,Neutral,81.0,0,72.66630600085833,8.333693999141673,0.4997185861804632,0.4997185861804632
66020,87,57,Neutral,72.0,1,70.28771459060464,1.7122854093953634,0.10267485751320066,0.10267485751320066
66020,127,58,Neutral,37.0,1,69.88965079559259,-32.88965079559259,-1.9721830195871666,1.9721830195871666
66020,39,59,Neutral,65.0,1,73.95877640848542,-8.95877640848542,-0.5372007996953471,0.5372007996953471
66020,77,60,Neutral,39.0,0,69.76093135963086,-30.76093135963086,-1.8445372640526787,1.8445372640526787
66020,56,61,Neutral,73.0,1,78.5352825524931,-5.535282552493101,-0.33191566327322913,0.33191566327322913
66020,46,62,Neutral,78.0,1,68.52905000187512,9.47094999812488,0.5679125899434609,0.5679125899434609
66020,117,63,Neutral,90.0,0,72.34057618026337,17.65942381973663,1.0589232463862108,1.0589232463862108
66020,65,64,Neutral,87.0,0,68.62150358568292,18.378496414317084,1.10204145307365,1.10204145307365
66022,93,1,Neutral,63.0,0,53.96988896438408,9.030111035615917,0.5414782832481431,0.5414782832481431
66022,33,2,Neutral,46.0,1,53.146912597917435,-7.146912597917435,-0.4285548592682287,0.4285548592682287
66022,14,3,Neutral,85.0,1,56.523083678364905,28.476916321635095,1.7075794197018164,1.7075794197018164
66022,85,4,Neutral,15.0,1,55.046645959828986,-40.046645959828986,-2.401342466183236,2.401342466183236
66022,11,5,Neutral,87.0,1,61.6773611712581,25.3226388287419,1.5184374750453664,1.5184374750453664
66022,45,6,Neutral,65.0,0,53.697471137254716,11.302528862745284,0.6777407166781833,0.6777407166781833
66022,86,7,Neutral,53.0,1,54.522490264708246,-1.5224902647082459,-0.09129405070931138,0.09129405070931138
66022,89,8,Neutral,43.0,0,50.57418004984979,-7.574180049849787,-0.45417536885528037,0.45417536885528037
66022,47,9,Neutral,58.0,0,58.16271279549267,-0.16271279549267348,-0.009756850698555072,0.009756850698555072
66022,70,10,Neutral,44.0,1,51.64991670231731,-7.649916702317313,-0.4587168138491824,0.4587168138491824
66022,62,11,Neutral,31.0,1,49.865837026019776,-18.865837026019776,-1.131264167693778,1.131264167693778
66022,98,12,Neutral,35.0,0,50.24110508943715,-15.241105089437148,-0.9139120644345509,0.9139120644345509
66022,119,13,Neutral,28.0,1,51.03238408025181,-23.03238408025181,-1.381105474971157,1.381105474971157
66022,96,14,Neutral,44.0,0,47.88875776411095,-3.8887577641109488,-0.23318405164384134,0.23318405164384134
66022,19,15,Neutral,54.0,0,56.722596220060574,-2.7225962200605736,-0.16325676632344202,0.16325676632344202
66022,30,16,Neutral,54.0,1,56.080421570916634,-2.0804215709166343,-0.12474963997776674,0.12474963997776674
66022,54,17,Neutral,37.0,1,56.19646953688636,-19.19646953688636,-1.1510900949347547,1.1510900949347547
66022,10,18,Neutral,47.0,0,54.23621330332962,-7.23621330332962,-0.4339096541836758,0.4339096541836758
66022,41,19,Neutral,69.0,1,60.64164816145228,8.35835183854772,0.501197159865497,0.501197159865497
66022,61,20,Neutral,41.0,1,51.238469225932704,-10.238469225932704,-0.6139358328686211,0.6139358328686211
66022,84,21,Neutral,68.0,1,55.24196742804895,12.758032571951048,0.765018010015284,0.765018010015284
66022,126,22,Neutral,43.0,1,53.97099930588794,-10.970999305887943,-0.6578609992987295,0.6578609992987295
66022,108,23,Neutral,53.0,0,52.566416908322246,0.4335830916777539,0.02599921830430505,0.02599921830430505
66022,52,24,Neutral,56.0,1,57.418935799508546,-1.4189357995085459,-0.0850845485428534,0.0850845485428534
66022,9,25,Neutral,62.0,0,57.48630854175286,4.513691458247138,0.2706573476542822,0.2706573476542822
66022,43,26,Neutral,55.0,1,56.00827393834373,-1.0082739383437271,-0.060459770541566454,0.060459770541566454
66022,12,27,Neutral,55.0,1,57.088082109756535,-2.0880821097565345,-0.12520899373359815,0.12520899373359815
66022,46,28,Neutral,53.0,0,50.9193469129182,2.0806530870817994,0.12476352252861947,0.12476352252861947
66022,21,29,Neutral,53.0,0,51.64136783210013,1.35863216789987,0.08146852358055713,0.08146852358055713
66022,42,30,Neutral,54.0,1,53.92146125201897,0.07853874798102822,0.004709468826849822,0.004709468826849822
66022,55,31,Neutral,54.0,1,58.87434371091578,-4.874343710915781,-0.2922833677391252,0.2922833677391252
66022,94,32,Neutral,67.0,1,60.5549147275197,6.4450852724802985,0.38647074160727507,0.38647074160727507
66022,97,33,Neutral,47.0,0,52.87976084075505,-5.879760840755047,-0.35257183365791755,0.35257183365791755
66022,37,34,Neutral,57.0,1,53.67546887704614,3.324531122953857,0.19935097120755305,0.19935097120755305
66022,24,35,Neutral,56.0,0,54.4879937761494,1.512006223850598,0.09066538950872235,0.09066538950872235
66022,56,36,Neutral,59.0,1,60.53192698493865,-1.53192698493865,-0.09185991075795294,0.09185991075795294
66022,95,37,Neutral,53.0,1,50.93253504781797,2.0674649521820285,0.1239727140195538,0.1239727140195538
66022,78,38,Neutral,45.0,1,54.198145409800844,-9.198145409800844,-0.5515542351496718,0.5515542351496718
66022,4,39,Neutral,54.0,1,54.54886009023328,-0.5488600902332834,-0.03291164618361399,0.03291164618361399
66022,40,40,Neutral,62.0,1,58.30092124156742,3.6990787584325773,0.2218102089570959,0.2218102089570959
66022,104,41,Neutral,64.0,0,54.248790523316245,9.751209476683755,0.5847179670551642,0.5847179670551642
66022,127,42,Neutral,58.0,0,51.49264274944056,6.507357250559437,0.39020479577911926,0.39020479577911926
66022,1,43,Neutral,60.0,1,55.99898379291466,4.001016207085343,0.23991547595768847,0.23991547595768847
66022,122,44,Neutral,45.0,1,50.20947923081766,-5.2094792308176565,-0.31237931177084377,0.31237931177084377
66022,87,45,Neutral,43.0,1,51.71574988729817,-8.715749887298173,-0.5226280460539781,0.5226280460539781
66022,128,46,Neutral,54.0,0,52.46973018944303,1.5302698105569732,0.09176054055799703,0.09176054055799703
66022,103,47,Neutral,55.0,0,51.9645097682544,3.035490231745598,0.18201902867188893,0.18201902867188893
66022,25,48,Neutral,62.0,0,55.23034604471586,6.7696539552841415,0.4059330596748567,0.4059330596748567
66022,107,49,Neutral,57.0,1,52.584732899932405,4.415267100067595,0.26475546535331623,0.26475546535331623
66022,88,50,Neutral,54.0,0,52.29265291350298,1.7073470864970233,0.10237873772081144,0.10237873772081144
66022,53,51,Neutral,55.0,0,49.575457137530165,5.424542862469835,0.3252753089071835,0.3252753089071835
66022,117,52,Neutral,56.0,0,53.72487231266829,2.275127687331711,0.13642492649844437,0.13642492649844437
66022,59,53,Neutral,46.0,1,50.614787322763355,-4.614787322763355,-0.2767194231864459,0.2767194231864459
66022,34,54,Neutral,54.0,1,57.019554291310016,-3.0195542913100155,-0.18106345175428845,0.18106345175428845
66022,77,55,Neutral,43.0,0,50.88279250630409,-7.882792506304092,-0.47268089358811904,0.47268089358811904
66022,74,56,Neutral,71.0,0,50.55345350675406,20.44654649324594,1.2260492534199505,1.2260492534199505
66022,65,57,Neutral,59.0,1,49.83084306093339,9.16915693906661,0.549815981067828,0.549815981067828
66022,39,58,Neutral,61.0,1,54.90568089800419,6.094319101995808,0.36543752694730575,0.36543752694730575
66022,38,59,Neutral,53.0,0,50.17142241437311,2.8285775856268884,0.1696117942579604,0.1696117942579604
66022,118,60,Neutral,53.0,0,53.433157672961414,-0.43315767296141416,-0.025973708651624513,0.025973708651624513
66022,109,61,Neutral,48.0,0,50.473581305033804,-2.473581305033804,-0.14832492681891474,0.14832492681891474
66022,71,62,Neutral,45.0,0,50.00182945788646,-5.001829457886458,-0.29992787655369274,0.29992787655369274
66022,92,63,Neutral,56.0,1,54.666361336619445,1.3336386633805546,0.07996982219514824,0.07996982219514824
66022,44,64,Neutral,57.0,1,52.46289906795336,4.537100932046641,0.2720610647995867,0.2720610647995867
66036,123,1,Standard,100.0,1,95.50994156030163,4.490058439698373,0.26924022595319963,0.26924022595319963
66036,80,2,Standard,100.0,1,99.0623153254352,0.9376846745648066,0.05622698168481757,0.05622698168481757
66036,2,3,Standard,100.0,1,96.07875657571664,3.921243424283361,0.23513200991710753,0.23513200991710753
66036,114,4,Standard,100.0,0,94.53638901612301,5.46361098387699,0.3276179754841325,0.3276179754841325
66036,121,5,Standard,100.0,1,97.05565907436504,2.944340925634961,0.17655338493867423,0.17655338493867423
66036,106,6,Standard,100.0,1,94.34052810656871,5.659471893431288,0.33936250759925146,0.33936250759925146
66036,50,7,Standard,100.0,0,90.53790939219232,9.462090607807681,0.5673813486950796,0.5673813486950796
66036,16,8,Standard,100.0,0,96.49297099954431,3.507029000455688,0.21029420734455823,0.21029420734455823
66036,64,9,Standard,100.0,0,95.36092958512359,4.639070414876414,0.27817552566154,0.27817552566154
66036,112,10,Standard,100.0,1,95.40110703953818,4.598892960461825,0.2757663394449047,0.2757663394449047
66036,116,11,Standard,100.0,0,98.71263549586162,1.287364504138381,0.07719505539478692,0.07719505539478692
66036,31,12,Standard,100.0,0,94.1131136215471,5.8868863784529,0.3529991068004776,0.3529991068004776
66036,6,13,Standard,100.0,1,98.06203765704561,1.9379623429543926,0.11620726681251926,0.11620726681251926
66036,23,14,Standard,100.0,0,96.62026575498571,3.3797342450142907,0.20266115107636376,0.20266115107636376
66036,99,15,Standard,100.0,1,93.47311719689363,6.526882803106375,0.3913756188875935,0.3913756188875935
66036,82,16,Standard,100.0,1,93.47042227740688,6.5295777225931175,0.3915372160563789,0.3915372160563789
66036,110,17,Standard,37.0,0,92.51049224397194,-55.51049224397194,-3.3286109023436983,3.3286109023436983
66036,17,18,Standard,100.0,1,101.41614747707885,-1.4161474770788516,-0.08491735059407755,0.08491735059407755
66036,13,19,Standard,100.0,0,94.17696358056546,5.823036419434544,0.34917043115536517,0.34917043115536517
66036,8,20,Standard,100.0,0,99.51124282360323,0.4887571763967742,0.029307656988570352,0.029307656988570352
66036,91,21,Standard,100.0,0,93.76558916832091,6.234410831679085,0.37383793630960216,0.37383793630960216
66036,67,22,Standard,100.0,1,97.40738064436769,2.5926193556323085,0.15546288105060238,0.15546288105060238
66036,105,23,Standard,97.0,0,93.75330381655232,3.246696183447682,0.19468370529528486,0.19468370529528486
66036,27,24,Standard,100.0,0,96.73940774257893,3.2605922574210666,0.1955169644046491,0.1955169644046491
66036,26,25,Standard,100.0,1,102.85462388696914,-2.8546238869691365,-0.17117362516791693,0.17117362516791693
66036,90,26,Standard,100.0,1,96.25499408336049,3.7450059166395135,0.2245641683139934,0.2245641683139934
66036,72,27,Standard,99.0,1,94.68068986533791,4.319310134662089,0.2590015368923545,0.2590015368923545
66036,115,28,Standard,100.0,1,100.6044736815193,-0.6044736815192948,-0.03624643927929594,0.03624643927929594
66036,69,29,Standard,100.0,1,94.49312911467442,5.506870885325583,0.3302119964299968,0.3302119964299968
66036,58,30,Standard,99.0,1,96.94159627982549,2.0584037201745105,0.12342936960970188,0.12342936960970188
66036,75,31,Standard,100.0,0,91.15397117733325,8.846028822666753,0.5304400445984636,0.5304400445984636
66036,66,32,Standard,100.0,0,92.85748117182733,7.142518828172669,0.42829139286244483,0.42829139286244483
66036,101,33,Standard,100.0,1,98.07082027355774,1.929179726442257,0.11568062920057172,0.11568062920057172
66036,32,34,Standard,100.0,0,94.9270476222303,5.072952377769695,0.3041926653703613,0.3041926653703613
66036,18,35,Standard,100.0,0,96.11854484960854,3.88145515039146,0.23274616037933119,0.23274616037933119
66036,35,36,Standard,100.0,1,99.43518645789935,0.5648135421006515,0.03386827315032051,0.03386827315032051
66036,20,37,Standard,100.0,0,92.64087677227283,7.359123227727167,0.4412797800430865,0.4412797800430865
66036,3,38,Standard,100.0,0,96.69550404184146,3.3044959581585402,0.19814958989616346,0.19814958989616346
66036,7,39,Standard,100.0,1,100.23436437829835,-0.234364378298352,-0.014053340065807319,0.014053340065807319
66036,29,40,Standard,100.0,1,97.05077771865318,2.9492222813468203,0.1768460887714794,0.1768460887714794
66036,36,41,Standard,100.0,0,92.11396074192243,7.886039258077574,0.4728755806267948,0.4728755806267948
66036,68,42,Standard,33.0,1,91.06804438700182,-58.06804438700182,-3.481971025853073,3.481971025853073
66036,49,43,Standard,100.0,0,96.78608616168549,3.213913838314511,0.19271795671328565,0.19271795671328565
66036,111,44,Standard,100.0,0,94.89280112374072,5.107198876259275,0.30624620990998647,0.30624620990998647
66036,125,45,Standard,99.0,0,89.40561694603495,9.594383053965046,0.5753140846658176,0.5753140846658176
66036,63,46,Standard,34.0,0,91.29086271155704,-57.29086271155704,-3.435368387443428,3.435368387443428
66036,22,47,Standard,100.0,1,101.44100934243124,-1.4410093424312436,-0.08640815841651331,0.08640815841651331
66036,113,48,Standard,99.0,1,98.61606985888513,0.3839301411148739,0.02302184689403652,0.02302184689403652
66036,124,49,Standard,99.0,1,93.45888782213903,5.541112177860967,0.33226522880168413,0.33226522880168413
66036,83,50,Standard,98.0,0,94.63781055432153,3.3621894456784673,0.20160910113070693,0.20160910113070693
66036,28,51,Standard,98.0,0,95.65134739751416,2.348652602485842,0.14083374768310092,0.14083374768310092
66036,51,52,Standard,100.0,0,92.80670940357109,7.193290596428909,0.4313358526486457,0.4313358526486457
66036,81,53,Standard,100.0,0,92.88361681927631,7.1163831807236875,0.4267242044351446,0.4267242044351446
66036,76,54,Standard,100.0,1,90.36269200680455,9.63730799319545,0.5778880200594507,0.5778880200594507
66036,48,55,Standard,98.0,1,100.64599549564032,-2.645995495640321,-0.1586635084342478,0.1586635084342478
66036,100,56,Standard,100.0,0,92.00339530766236,7.996604692337641,0.4795054859838382,0.4795054859838382
66036,15,57,Standard,100.0,1,96.94817484847657,3.051825151523431,0.18299852984118922,0.18299852984118922
66036,60,58,Standard,100.0,1,94.61194954087972,5.388050459120279,0.3230870917480167,0.3230870917480167
66036,57,59,Standard,100.0,1,95.83612279951666,4.163877200483341,0.2496812131413643,0.2496812131413643
66036,102,60,Standard,100.0,0,91.13358931011788,8.866410689882116,0.5316622154472647,0.5316622154472647
66036,5,61,Standard,98.0,0,91.08075952876015,6.919240471239846,0.41490281093675146,0.41490281093675146
66036,79,62,Standard,100.0,1,94.27249620403256,5.727503795967436,0.3434419477795644,0.3434419477795644
66036,73,63,Standard,34.0,0,90.35166591801533,-56.35166591801533,-3.379050733608019,3.379050733608019
66036,120,64,Standard,99.0,0,91.31678270788441,7.683217292115586,0.4607136382651836,0.4607136382651836
66050,33,1,Neutral,61.0,1,61.106847503314505,-0.10684750331450488,-0.006406964702416,0.006406964702416
66050,19,2,Neutral,63.0,0,65.20740109692102,-2.207401096921018,-0.13236379394302047,0.13236379394302047
66050,41,3,Neutral,64.0,1,69.25767053117856,-5.257670531178562,-0.3152690373217255,0.3152690373217255
66050,89,4,Neutral,72.0,0,58.6653324481127,13.3346675518873,0.7995951395505924,0.7995951395505924
66050,127,5,Neutral,64.0,0,61.02718756922776,2.972812430772237,0.17826063988409152,0.17826063988409152
66050,54,6,Neutral,56.0,1,64.59379608516957,-8.593796085169572,-0.5153152527614342,0.5153152527614342
66050,4,7,Neutral,66.0,1,63.8647090885774,2.135290911422601,0.12803980509123503,0.12803980509123503
66050,30,8,Neutral,16.0,1,64.346530626334,-48.346530626334,-2.8990337218777666,2.8990337218777666
66050,39,9,Neutral,71.0,1,64.96509568925478,6.034904310745219,0.36187480008392325,0.36187480008392325
66050,61,10,Neutral,63.0,1,59.59205660992729,3.4079433900727096,0.204352673957742,0.204352673957742
66050,77,11,Neutral,62.0,0,60.7235114761116,1.2764885238884034,0.07654289208348641,0.07654289208348641
66050,104,12,Neutral,62.0,0,63.43342202879453,-1.4334220287945314,-0.08595319551004757,0.08595319551004757
66050,109,13,Neutral,61.0,0,60.489256931995776,0.5107430680042242,0.030626010970744813,0.030626010970744813
66050,119,14,Neutral,60.0,1,58.90484065707164,1.095159342928362,0.0656697352394811,0.0656697352394811
66050,56,15,Neutral,52.0,1,69.366645176108,-17.366645176107994,-1.041367174628236,1.041367174628236
66050,65,16,Neutral,32.0,1,59.54034453787504,-27.540344537875043,-1.6514191709951453,1.6514191709951453
66050,93,17,Neutral,65.0,0,61.18625807687468,3.8137419231253205,0.22868582912663138,0.22868582912663138
66050,53,18,Neutral,65.0,0,58.935045300162905,6.064954699837095,0.3636767306506937,0.3636767306506937
66050,71,19,Neutral,68.0,1,59.798809263405346,8.201190736594654,0.49177320889265846,0.49177320889265846
66050,74,20,Neutral,62.0,0,60.04425916225266,1.9557408377473422,0.1172733299872968,0.1172733299872968
66050,45,21,Neutral,42.0,0,60.95757941403393,-18.95757941403393,-1.1367653747738526,1.1367653747738526
66050,40,22,Neutral,64.0,1,67.00442193987094,-3.0044219398709373,-0.1801560609540622,0.1801560609540622
66050,12,23,Neutral,65.0,1,65.17923450801945,-0.17923450801944796,-0.010747552640096258,0.010747552640096258
66050,85,24,Neutral,64.0,1,62.08805841516512,1.911941584834878,0.11464696756705058,0.11464696756705058
66050,86,25,Neutral,35.0,0,61.65138104862162,-26.651381048621623,-1.5981136886890366,1.5981136886890366
66050,92,26,Neutral,64.0,1,64.20090615640663,-0.20090615640663145,-0.012047063456471187,0.012047063456471187
66050,1,27,Neutral,72.0,1,64.61500616264094,7.384993837359062,0.44283107583942943,0.44283107583942943
66050,24,28,Neutral,61.0,0,62.71036366727815,-1.710363667278152,-0.10255962287008619,0.10255962287008619
66050,118,29,Neutral,61.0,0,62.70526750701691,-1.705267507016913,-0.10225403857565953,0.10225403857565953
66050,87,30,Neutral,41.0,1,60.288033092735844,-19.288033092735844,-1.1565805785881589,1.1565805785881589
66050,43,31,Neutral,26.0,1,63.70577385800911,-37.70577385800911,-2.2609752656031334,2.2609752656031334
66050,11,32,Neutral,75.0,1,68.41259947657393,6.587400523426069,0.395004481387241,0.395004481387241
66050,62,33,Neutral,64.0,1,56.81977115277869,7.180228847221308,0.4305526226851099,0.4305526226851099
66050,9,34,Neutral,67.0,0,65.00885180426377,1.9911481957362298,0.119396483882366,0.119396483882366
66050,14,35,Neutral,13.0,0,63.03962616223766,-50.03962616223766,-3.0005578848188788,3.0005578848188788
66050,103,36,Neutral,74.0,0,60.361836316537605,13.638163683462395,0.8177938708452099,0.8177938708452099
66050,88,37,Neutral,64.0,1,60.77745779036341,3.222542209636593,0.19323534522293756,0.19323534522293756
66050,44,38,Neutral,74.0,1,61.5163130805658,12.483686919434199,0.7485672474105379,0.7485672474105379
66050,97,39,Neutral,82.0,0,60.533521596131806,21.466478403868194,1.2872080783574855,1.2872080783574855
66050,42,40,Neutral,74.0,1,61.40026535024126,12.599734649758737,0.7555258911684204,0.7555258911684204
66050,96,41,Neutral,68.0,1,54.62399606942679,13.376003930573212,0.802073819079367,0.802073819079367
66050,52,42,Neutral,76.0,1,64.54782658342191,11.452173416578091,0.6867139481021638,0.6867139481021638
66050,70,43,Neutral,64.0,1,58.122720021901465,5.877279978098535,0.35242307211479545,0.35242307211479545
66050,59,44,Neutral,67.0,1,58.924635542469346,8.075364457530654,0.48422820780614306,0.48422820780614306
66050,38,45,Neutral,69.0,0,58.69996645552215,10.300033544477849,0.6176274532023784,0.6176274532023784
66050,37,46,Neutral,68.0,1,61.06679464669121,6.933205353308793,0.41574019602965145,0.41574019602965145
66050,78,47,Neutral,73.0,1,61.72068867231175,11.279311327688248,0.6763485088775978,0.6763485088775978
66050,95,48,Neutral,63.0,0,58.36759998175165,4.632400018248347,0.2777755444320176,0.2777755444320176
66050,107,49,Neutral,30.0,1,60.500928641040844,-30.500928641040844,-1.828946555904496,1.828946555904496
66050,117,50,Neutral,64.0,0,61.72854638235397,2.2714536176460314,0.13620461592440056,0.13620461592440056
66050,46,51,Neutral,70.0,0,57.829541875388486,12.170458124611514,0.7297849102481795,0.7297849102481795
66050,128,52,Neutral,80.0,0,60.12349094481978,19.87650905518022,1.191867736478067,1.191867736478067
66050,98,53,Neutral,65.0,0,56.363995094712365,8.636004905287635,0.5178462470499113,0.5178462470499113
66050,34,54,Neutral,66.0,1,64.93575003241845,1.0642499675815458,0.06381629673434483,0.06381629673434483
66050,21,55,Neutral,24.0,0,58.420345301704586,-34.420345301704586,-2.0639690264344632,2.0639690264344632
66050,25,56,Neutral,78.0,0,62.79662847151538,15.203371528484617,0.9116494229537506,0.9116494229537506
66050,10,57,Neutral,73.0,1,60.44658163718208,12.553418362817922,0.7527485982381092,0.7527485982381092
66050,84,58,Neutral,72.0,1,61.53981409047864,10.460185909521357,0.6272307711837253,0.6272307711837253
66050,47,59,Neutral,73.0,0,63.89195032217035,9.108049677829648,0.5461517675517282,0.5461517675517282
66050,108,60,Neutral,79.0,1,58.86426357075193,20.13573642924807,1.2074119521502287,1.2074119521502287
66050,55,61,Neutral,14.0,1,65.47836452336576,-51.478364523365755,-3.086829866941162,3.086829866941162
66050,122,62,Neutral,76.0,1,57.33837001473103,18.661629985268974,1.119019171212914,1.119019171212914
66050,126,63,Neutral,76.0,1,60.093889311163174,15.906110688836826,0.953788217550843,0.953788217550843
66050,94,64,Neutral,77.0,1,67.07145721139246,9.928542788607544,0.5953515170662856,0.5953515170662856
66057,15,1,Standard,100.0,1,79.62711606477913,20.37288393522087,1.221632178668404,1.221632178668404
66057,36,2,Standard,100.0,0,73.02597121871771,26.974028781282286,1.6174608196031457,1.6174608196031457
66057,63,3,Standard,100.0,0,73.4011947921076,26.598805207892397,1.5949610501593325,1.5949610501593325
66057,112,4,Standard,100.0,1,75.89309004140999,24.10690995859001,1.4455379526686571,1.4455379526686571
66057,48,5,Standard,100.0,1,83.06250172621118,16.93749827378882,1.0156339663639595,1.0156339663639595
66057,5,6,Standard,100.0,1,73.71596158077409,26.284038419225908,1.5760864892953048,1.5760864892953048
66057,111,7,Standard,26.0,1,76.74069821855959,-50.74069821855959,-3.0425967137981895,3.0425967137981895
66057,123,8,Standard,15.0,0,74.40995047982061,-59.40995047982061,-3.5624365931704505,3.5624365931704505
66057,75,9,Standard,100.0,0,71.32241586122207,28.67758413877793,1.719612191469638,1.719612191469638
66057,8,10,Standard,100.0,0,80.17818248262948,19.82181751737052,1.188588233060601,1.188588233060601
66057,67,11,Standard,56.0,1,77.09469452108176,-21.094694521081763,-1.2649145652659497,1.2649145652659497
66057,100,12,Standard,75.0,0,74.15746655250155,0.8425334474984538,0.05052136822362841,0.05052136822362841
66057,7,13,Standard,100.0,1,81.60113066594243,18.398869334057565,1.1032630873993319,1.1032630873993319
66057,26,14,Standard,100.0,1,83.56530271028402,16.434697289715984,0.9854841916161825,0.9854841916161825
66057,29,15,Standard,100.0,1,78.37380484200865,21.626195157991347,1.296785275524549,1.296785275524549
66057,22,16,Standard,100.0,1,83.02647145151839,16.97352854848161,1.0177944726089727,1.0177944726089727
66057,73,17,Standard,81.0,1,72.59321549143174,8.406784508568265,0.5041013588185789,0.5041013588185789
66057,124,18,Standard,71.0,1,75.04434993122621,-4.044349931226208,-0.2425139235805359,0.2425139235805359
66057,50,19,Standard,71.0,0,70.24258743686906,0.7574125631309414,0.04541721057217816,0.04541721057217816
66057,72,20,Standard,76.0,1,74.19304708489751,1.8069529151024852,0.10835146528330432,0.10835146528330432
66057,66,21,Standard,100.0,1,73.56815999514221,26.43184000485779,1.5849492096465443,1.5849492096465443
66057,83,22,Standard,100.0,1,76.09205517054286,23.907944829457136,1.433607280263391,1.433607280263391
66057,69,23,Standard,80.0,1,73.96174716994543,6.038252830054574,0.36207558947398744,0.36207558947398744
66057,23,24,Standard,33.0,1,76.41242212823967,-43.41242212823967,-2.6031666402471405,2.6031666402471405
66057,31,25,Standard,40.0,1,73.77405250193522,-33.774052501935216,-2.025214960807308,2.025214960807308
66057,20,26,Standard,72.0,1,73.35155559558771,-1.3515555955877119,-0.08104418658051853,0.08104418658051853
66057,16,27,Standard,100.0,0,74.86810994759993,25.131890052400067,1.5069994850208932,1.5069994850208932
66057,115,28,Standard,100.0,1,80.8340216976594,19.165978302340605,1.1492617296720427,1.1492617296720427
66057,32,29,Standard,100.0,1,75.3752914598135,24.624708540186504,1.4765870378820452,1.4765870378820452
66057,113,30,Standard,100.0,1,79.6329228322203,20.367077167779698,1.2212839837843248,1.2212839837843248
66057,110,31,Standard,100.0,1,71.10432701347064,28.895672986529362,1.7326895915603178,1.7326895915603178
66057,79,32,Standard,100.0,1,74.79085420223032,25.20914579776968,1.511632020347292,1.511632020347292
66057,120,33,Standard,100.0,1,72.9022448169716,27.097755183028397,1.6248799044123707,1.6248799044123707
66057,99,34,Standard,100.0,1,72.87162109155005,27.128378908449946,1.6267162143096159,1.6267162143096159
66057,80,35,Standard,67.0,1,77.848470920051,-10.848470920051,-0.6505137518783517,0.6505137518783517
66057,3,36,Standard,100.0,1,77.0125303865588,22.987469613441206,1.3784122402716403,1.3784122402716403
66057,102,37,Standard,100.0,0,72.36913810489614,27.630861895103862,1.656846920776195,1.656846920776195
66057,105,38,Standard,100.0,0,72.30339942176239,27.696600578237607,1.6607888511850084,1.6607888511850084
66057,35,39,Standard,100.0,1,79.53351698117362,20.46648301882638,1.2272447199654506,1.2272447199654506
66057,125,40,Standard,82.0,1,69.85386078361815,12.146139216381854,0.728326660108538,0.728326660108538
66057,28,41,Standard,60.0,1,75.29492210993962,-15.29492210993962,-0.9171391286152982,0.9171391286152982
66057,106,42,Standard,65.0,0,72.99546620831867,-7.995466208318675,-0.47943721834353303,0.47943721834353303
66057,27,43,Standard,32.0,1,76.13791163723536,-44.13791163723536,-2.646669628449182,2.646669628449182
66057,60,44,Standard,27.0,1,75.45384585706041,-48.453845857060415,-2.9054687332160465,2.9054687332160465
66057,101,45,Standard,89.0,1,77.77549831823445,11.224501681765545,0.673061923268339,0.673061923268339
66057,49,46,Standard,27.0,1,76.88441668495976,-49.88441668495976,-2.9912509603559565,2.9912509603559565
66057,114,47,Standard,9.0,1,72.88515296785268,-63.885152967852676,-3.830786002258546,3.830786002258546
66057,121,48,Standard,9.0,1,75.4044230260947,-66.4044230260947,-3.981850592804004,3.981850592804004
66057,58,49,Standard,34.0,1,75.31673522788111,-41.31673522788111,-2.4775016356247055,2.4775016356247055
66057,6,50,Standard,27.0,1,75.64987164790617,-48.64987164790617,-2.9172231522127645,2.9172231522127645
66057,17,51,Standard,100.0,1,80.20230307169467,19.797696928305328,1.1871418748589755,1.1871418748589755
66057,90,52,Standard,100.0,1,75.3473238279966,24.652676172003396,1.4782640787515315,1.4782640787515315
66057,57,53,Standard,68.0,1,76.32810580138846,-8.32810580138846,-0.49938349752940164,0.49938349752940164
66057,18,54,Standard,73.0,1,75.51704874426497,-2.5170487442649687,-0.15093139248464715,0.15093139248464715
66057,64,55,Standard,90.0,1,73.57847604398741,16.421523956012592,0.9846942706406558,0.9846942706406558
66057,68,56,Standard,88.0,1,70.68524410310133,17.314755896898674,1.0382557048230001,1.0382557048230001
66057,82,57,Standard,63.0,1,70.88329961111297,-7.8832996111129745,-0.4727113014358473,0.4727113014358473
66057,81,58,Standard,100.0,1,72.89446901397335,27.10553098602665,1.6253461698261364,1.6253461698261364
66057,13,59,Standard,77.0,1,72.65694502516097,4.343054974839035,0.26042536382474807,0.26042536382474807
66057,91,60,Standard,72.0,1,71.26594483060424,0.7340551693957593,0.04401661633684773,0.04401661633684773
66057,51,61,Standard,5.0,1,72.64260494111366,-67.64260494111366,-4.056096481370493,4.056096481370493
66057,116,62,Standard,15.0,1,76.71148613328236,-61.711486133282364,-3.700445037314223,3.700445037314223
66057,76,63,Standard,72.0,1,70.19858754434713,1.8014124556528657,0.10801923919446074,0.10801923919446074
66057,2,64,Standard,65.0,1,72.61685062365042,-7.616850623650421,-0.4567340515730954,0.4567340515730954
66073,106,1,Standard,100.0,1,86.29623310043137,13.703766899568635,0.8217276781586148,0.8217276781586148
66073,116,2,Standard,100.0,1,91.35497962017912,8.645020379820878,0.5183868476752717,0.5183868476752717
66073,50,3,Standard,1.0,1,82.44987522176636,-81.44987522176636,-4.884030598506295,4.884030598506295
66073,60,4,Standard,100.0,1,89.2225560581849,10.777443941815093,0.6462547160716166,0.6462547160716166
66073,100,5,Standard,100.0,1,85.9711018588013,14.028898141198695,0.8412237292983862,0.8412237292983862
66073,73,6,Standard,100.0,1,84.58180745488598,15.418192545114024,0.92453087201139,0.92453087201139
66073,123,7,Standard,100.0,1,87.66674198864092,12.333258011359078,0.739546983254965,0.739546983254965
66073,27,8,Standard,100.0,0,89.68792601691678,10.312073983083224,0.6183494416696165,0.6183494416696165
66073,102,9,Standard,100.0,1,85.61297833455725,14.387021665442745,0.8626981176346551,0.8626981176346551
66073,69,10,Standard,100.0,0,87.74340865022913,12.256591349770872,0.7349497715334907,0.7349497715334907
66073,90,11,Standard,100.0,1,88.6480907201093,11.351909279890705,0.6807017459940488,0.6807017459940488
66073,36,12,Standard,100.0,0,85.80163192036328,14.198368079636722,0.8513857628509817,0.8513857628509817
66073,63,13,Standard,100.0,0,84.98294677880132,15.01705322119868,0.9004770999591633,0.9004770999591633
66073,6,14,Standard,100.0,1,90.43753390682801,9.562466093171992,0.5734002276746291,0.5734002276746291
66073,29,15,Standard,100.0,1,89.88126599828813,10.118734001711871,0.6067560735722277,0.6067560735722277
66073,22,16,Standard,100.0,1,94.53393260779788,5.46606739220212,0.32776527065665056,0.32776527065665056
66073,121,17,Standard,100.0,1,88.77948074862164,11.220519251378363,0.6728231222657044,0.6728231222657044
66073,75,18,Standard,100.0,0,84.14181572715623,15.858184272843772,0.9509143754295445,0.9509143754295445
66073,112,19,Standard,100.0,1,86.74446373336023,13.255536266639766,0.7948501400352977,0.7948501400352977
66073,111,20,Standard,100.0,0,87.67955023908708,12.320449760912922,0.7387789539986644,0.7387789539986644
66073,13,21,Standard,100.0,1,85.82649442440781,14.173505575592188,0.8498949167302433,0.8498949167302433
66073,26,22,Standard,100.0,1,94.72285055225458,5.2771494477454155,0.3164370639673064,0.3164370639673064
66073,115,23,Standard,100.0,1,92.56017867538195,7.439821324618052,0.44611873128006735,0.44611873128006735
66073,20,24,Standard,100.0,0,85.45817755374482,14.541822446255182,0.8719805351718468,0.8719805351718468
66073,8,25,Standard,100.0,0,91.54123864788014,8.458761352119865,0.5072180793000849,0.5072180793000849
66073,79,26,Standard,100.0,1,88.26634153249371,11.733658467506288,0.7035928149882364,0.7035928149882364
66073,58,27,Standard,100.0,1,89.49204918676236,10.507950813237642,0.6300949284417919,0.6300949284417919
66073,91,28,Standard,100.0,0,85.87865043237161,14.121349567628386,0.8467674528992972,0.8467674528992972
66073,82,29,Standard,100.0,0,85.3210485557259,14.678951444274105,0.8802032883736584,0.8802032883736584
66073,31,30,Standard,100.0,0,85.0628178367716,14.9371821632284,0.8956877409822489,0.8956877409822489
66073,18,31,Standard,100.0,0,88.54219315248298,11.45780684751702,0.6870517490994691,0.6870517490994691
66073,125,32,Standard,100.0,0,81.71123525420654,18.288764745793458,1.0966608160434375,1.0966608160434375
66073,72,33,Standard,100.0,1,86.83749029367722,13.16250970632278,0.7892719293158229,0.7892719293158229
66073,32,34,Standard,86.0,1,86.66405679464988,-0.6640567946498805,-0.039819259334473577,0.039819259334473577
66073,76,35,Standard,27.0,1,82.93074530070781,-55.93074530070781,-3.3538108032965885,3.3538108032965885
66073,51,36,Standard,86.0,1,85.24354520460851,0.7564547953914911,0.04535977933691842,0.04535977933691842
66073,105,37,Standard,93.0,0,85.5601909305827,7.439809069417294,0.4461179964136808,0.4461179964136808
66073,64,38,Standard,100.0,0,85.82950299317335,14.17049700682665,0.8497145120105482,0.8497145120105482
66073,15,39,Standard,100.0,1,89.47248897809125,10.52751102190875,0.6312678296574507,0.6312678296574507
66073,17,40,Standard,100.0,1,92.1908950351489,7.809104964851102,0.4682623207394165,0.4682623207394165
66073,23,41,Standard,100.0,0,87.68799996491309,12.31200003508691,0.738272277722355,0.738272277722355
66073,81,42,Standard,32.0,1,85.10175679887065,-53.10175679887065,-3.18417436900893,3.18417436900893
66073,99,43,Standard,100.0,0,84.4971122425324,15.502887757467605,0.9296095048215152,0.9296095048215152
66073,16,44,Standard,100.0,0,87.33759649922517,12.662403500774829,0.7592837432842457,0.7592837432842457
66073,3,45,Standard,60.0,1,88.12633906424074,-28.12633906424074,-1.6865575329574536,1.6865575329574536
66073,83,46,Standard,93.0,1,86.54977638389559,6.4502236161044095,0.3867788553694812,0.3867788553694812
66073,48,47,Standard,99.0,1,92.73291798236883,6.267082017631168,0.3757970193830262,0.3757970193830262
66073,120,48,Standard,100.0,1,83.75361850892186,16.24638149107814,0.9741920917790106,0.9741920917790106
66073,110,49,Standard,32.0,1,83.53007440080725,-51.53007440080725,-3.089930579164252,3.089930579164252
66073,28,50,Standard,88.0,0,88.11432197587378,-0.11432197587377857,-0.006855161247687475,0.006855161247687475
66073,113,51,Standard,99.0,1,90.22186153843887,8.778138461561127,0.5263690917568451,0.5263690917568451
66073,68,52,Standard,48.0,1,82.36766191653525,-34.367661916535255,-2.060809939149193,2.060809939149193
66073,66,53,Standard,98.0,1,83.67596789418599,14.324032105814013,0.8589210346646009,0.8589210346646009
66073,124,54,Standard,52.0,1,85.48888364641594,-33.48888364641594,-2.0081151996068765,2.0081151996068765
66073,7,55,Standard,100.0,1,91.2715469221001,8.7284530778999,0.5233897755401015,0.5233897755401015
66073,49,56,Standard,100.0,0,88.46616867165346,11.533831328346537,0.6916104533282471,0.6916104533282471
66073,80,57,Standard,53.0,1,88.90535293528134,-35.90535293528134,-2.1530154823272043,2.1530154823272043
66073,101,58,Standard,71.0,1,88.71435033876196,-17.71435033876196,-1.062216840131551,1.062216840131551
66073,57,59,Standard,62.0,1,88.08481444523665,-26.084814445236645,-1.564140295611517,1.564140295611517
66073,67,60,Standard,58.0,0,88.16452781547133,-30.16452781547133,-1.8087747395454057,1.8087747395454057
66073,35,61,Standard,82.0,1,90.07871652310355,-8.078716523103552,-0.48442920984306037,0.48442920984306037
66073,114,62,Standard,77.0,0,84.2482091331033,-7.248209133103302,-0.43462896774320686,0.43462896774320686
66073,5,63,Standard,36.0,1,82.73029037260251,-46.73029037260251,-2.8021180810340014,2.8021180810340014
66073,2,64,Standard,63.0,0,85.82990296818211,-22.82990296818211,-1.368963971447973,1.368963971447973
66085,34,1,Neutral,100.0,1,91.56417219720498,8.435827802795018,0.5058429003163242,0.5058429003163242
66085,107,2,Neutral,83.0,0,86.86691582009568,-3.8669158200956844,-0.23187432928256135,0.23187432928256135
66085,9,3,Neutral,78.0,1,90.16332988140039,-12.163329881400387,-0.7293574748732087,0.7293574748732087
66085,88,4,Neutral,80.0,1,84.82550548112542,-4.825505481125418,-0.289354849947986,0.289354849947986
66085,97,5,Neutral,91.0,1,86.33089963943463,4.669100360565366,0.2799762303675569,0.2799762303675569
66085,59,6,Neutral,90.0,1,84.38528776962626,5.6147122303737405,0.3366785554954983,0.3366785554954983
66085,10,7,Neutral,87.0,0,85.23819512085053,1.7618048791494658,0.10564422492895591,0.10564422492895591
66085,71,8,Neutral,88.0,1,84.59018652807003,3.409813471929965,0.2044648108638782,0.2044648108638782
66085,89,9,Neutral,77.0,1,81.05129189590734,-4.05129189590734,-0.24293018901770308,0.24293018901770308
66085,128,10,Neutral,71.0,1,84.5651911141793,-13.5651911141793,-0.8134181703268252,0.8134181703268252
66085,39,11,Neutral,96.0,1,89.18786381816749,6.812136181832514,0.4084804484067609,0.4084804484067609
66085,127,12,Neutral,71.0,1,83.32566868844518,-12.325668688445177,-0.7390918998649352,0.7390918998649352
66085,11,13,Neutral,100.0,1,93.55389005554754,6.446109944452459,0.3865321846635332,0.3865321846635332
66085,44,14,Neutral,85.0,0,85.17070829273027,-0.17070829273026789,-0.010236289777526773,0.010236289777526773
66085,4,15,Neutral,93.0,1,87.8250422317584,5.1749577682415975,0.3103092793850654,0.3103092793850654
66085,103,16,Neutral,39.0,1,85.03518358649943,-46.03518358649943,-2.760436951341496,2.760436951341496
66085,30,17,Neutral,89.0,1,88.2631246052264,0.7368753947736053,0.04418572730236586,0.04418572730236586
66085,43,18,Neutral,100.0,1,88.58462945125103,11.415370548748967,0.684507114364226,0.684507114364226
66085,96,19,Neutral,100.0,0,78.19091295301403,21.809087046985965,1.3077521380229415,1.3077521380229415
66085,40,20,Neutral,100.0,1,91.40214672593811,8.59785327406189,0.515558536555793,0.515558536555793
66085,14,21,Neutral,98.0,1,87.9622209197682,10.0377790802318,0.6019017221992905,0.6019017221992905
66085,56,22,Neutral,56.0,1,93.37071748357764,-37.370717483577636,-2.2408840674215234,2.2408840674215234
66085,119,23,Neutral,69.0,1,82.30975216266364,-13.309752162663642,-0.7981011222422697,0.7981011222422697
66085,21,24,Neutral,83.0,1,83.57482337884117,-0.5748233788411738,-0.03446849934825702,0.03446849934825702
66085,86,25,Neutral,98.0,1,85.96162750611155,12.038372493888446,0.7218645756826813,0.7218645756826813
66085,126,26,Neutral,91.0,1,86.02248484733185,4.977515152668147,0.29846990242734417,0.29846990242734417
66085,85,27,Neutral,88.0,1,86.26708737978922,1.732912620210783,0.10391174005611493,0.10391174005611493
66085,84,28,Neutral,86.0,1,87.16223547662702,-1.1622354766270178,-0.06969186404596192,0.06969186404596192
66085,55,29,Neutral,89.0,1,91.18826423809139,-2.188264238091392,-0.13121627832278526,0.13121627832278526
66085,42,30,Neutral,100.0,1,86.14790345061736,13.852096549382637,0.8306220631577917,0.8306220631577917
66085,46,31,Neutral,100.0,1,83.01457161865072,16.98542838134928,1.018508029845059,1.018508029845059
66085,94,32,Neutral,100.0,1,92.78135692611808,7.218643073881921,0.43285607935606935,0.43285607935606935
66085,87,33,Neutral,96.0,1,82.76147086910771,13.238529130892289,0.7938303303528708,0.7938303303528708
66085,118,34,Neutral,100.0,0,86.28513566976338,13.714864330236622,0.8223931204419784,0.8223931204419784
66085,37,35,Neutral,97.0,1,85.85817191135591,11.14182808864409,0.6681045140962039,0.6681045140962039
66085,117,36,Neutral,94.0,1,86.13945866658412,7.860541333415881,0.47134663237602037,0.47134663237602037
66085,93,37,Neutral,93.0,1,82.91613006034007,10.083869939659934,0.6046654976764848,0.6046654976764848
66085,109,38,Neutral,100.0,1,83.70602428227035,16.29397571772965,0.9770460146198414,0.9770460146198414
66085,19,39,Neutral,96.0,1,87.38761600243181,8.612383997568188,0.5164298515581789,0.5164298515581789
66085,52,40,Neutral,100.0,1,88.94555136948908,11.054448630510919,0.6628649241515742,0.6628649241515742
66085,95,41,Neutral,100.0,1,82.98402058926189,17.01597941073811,1.0203399806239233,1.0203399806239233
66085,77,42,Neutral,99.0,1,83.67784384065445,15.322156159345553,0.9187721812167621,0.9187721812167621
66085,122,43,Neutral,100.0,1,81.96797812040425,18.032021879595746,1.0812655804946576,1.0812655804946576
66085,45,44,Neutral,95.0,1,82.5562339046335,12.443766095366499,0.7461734496823846,0.7461734496823846
66085,38,45,Neutral,55.0,0,81.30462172475987,-26.30462172475987,-1.5773207391179418,1.5773207391179418
66085,41,46,Neutral,100.0,1,91.68713292425804,8.312867075741963,0.49846972814501533,0.49846972814501533
66085,53,47,Neutral,92.0,0,80.2712648050308,11.728735194969204,0.7032975976702179,0.7032975976702179
66085,25,48,Neutral,59.0,1,86.94510577001385,-27.945105770013853,-1.6756901258305281,1.6756901258305281
66085,78,49,Neutral,70.0,1,85.43177432792406,-15.43177432792406,-0.9253452850801132,0.9253452850801132
66085,54,50,Neutral,62.0,1,85.27392812570822,-23.273928125708224,-1.395589333978726,1.395589333978726
66085,74,51,Neutral,62.0,0,81.29300033854328,-19.29300033854328,-1.1568784327033157,1.1568784327033157
66085,92,52,Neutral,92.0,1,87.37393434239259,4.626065657607413,0.2773957131418153,0.2773957131418153
66085,65,53,Neutral,86.0,1,82.23224191668622,3.7677580833137796,0.22592847093467727,0.22592847093467727
66085,98,54,Neutral,58.0,1,80.11881991461328,-22.118819914613283,-1.326324846682545,1.326324846682545
66085,33,55,Neutral,82.0,1,83.05517908921922,-1.055179089219223,-0.06327237389399315,0.06327237389399315
66085,62,56,Neutral,56.0,1,79.61233435833009,-23.612334358330088,-1.4158814018345738,1.4158814018345738
66085,104,57,Neutral,60.0,1,84.06981490504457,-24.069814905044566,-1.4433135984130383,1.4433135984130383
66085,24,58,Neutral,57.0,1,85.19675272280925,-28.19675272280925,-1.69077979188744,1.69077979188744
66085,70,59,Neutral,100.0,1,81.73313985077357,18.26686014922643,1.0953473368074043,1.0953473368074043
66085,1,60,Neutral,99.0,1,87.4818601986066,11.518139801393403,0.6906695323315271,0.6906695323315271
66085,12,61,Neutral,98.0,1,87.827392722542,10.172607277457999,0.6099865110218794,0.6099865110218794
66085,47,62,Neutral,96.0,0,87.55929681349406,8.440703186505942,0.5061352460462443,0.5061352460462443
66085,61,63,Neutral,73.0,1,81.07244488682025,-8.07244488682025,-0.4840531397333524,0.4840531397333524
66085,108,64,Neutral,89.0,0,81.29396218283517,7.706037817164827,0.46208203990252195,0.46208203990252195
66087,44,1,Neutral,0.0,1,64.4698429576349,-64.4698429576349,-3.8658461394651598,3.8658461394651598
66087,65,2,Neutral,0.0,0,63.19346482455821,-63.19346482455821,-3.789309866816028,3.789309866816028
66087,54,3,Neutral,0.0,1,66.06019437642574,-66.06019437642574,-3.961209391656818,3.961209391656818
66087,56,4,Neutral,100.0,1,72.88854796992533,27.111452030074673,1.6257012171509715,1.6257012171509715
66087,87,5,Neutral,1.0,1,62.71669299834155,-61.71669299834155,-3.70075725987076,3.70075725987076
66087,118,6,Neutral,100.0,0,66.24035779899724,33.75964220100276,2.0243508667802006,2.0243508667802006
66087,117,7,Neutral,100.0,0,66.13841996010656,33.86158003989344,2.0304634301565363,2.0304634301565363
66087,98,8,Neutral,0.0,1,60.86134700104219,-60.86134700104219,-3.6494676045858916,3.6494676045858916
66087,38,9,Neutral,0.0,1,61.609757168302636,-61.609757168302636,-3.69434499877687,3.69434499877687
66087,42,10,Neutral,0.0,0,65.75321226554227,-65.75321226554227,-3.942801628370911,3.942801628370911
66087,103,11,Neutral,100.0,0,63.98440493709513,36.01559506290487,2.159626001043062,2.159626001043062
66087,21,12,Neutral,0.0,1,62.830218879457185,-62.830218879457185,-3.7675283195045517,3.7675283195045517
66087,95,13,Neutral,0.0,0,62.93924271849572,-62.93924271849572,-3.7740657852082258,3.7740657852082258
66087,10,14,Neutral,0.0,0,63.66254649998286,-63.66254649998286,-3.817437709243469,3.817437709243469
66087,46,15,Neutral,2.0,0,62.444923776421184,-60.444923776421184,-3.624497354288514,3.624497354288514
66087,84,16,Neutral,1.0,1,66.41763097724302,-65.41763097724302,-3.9226789544456633,3.9226789544456633
66087,59,17,Neutral,0.0,1,62.63468249160411,-62.63468249160411,-3.7558032468903138,3.7558032468903138
66087,128,18,Neutral,0.0,1,62.945803329023,-62.945803329023,-3.7744591832640593,3.7744591832640593
66087,62,19,Neutral,0.0,1,59.961208966161465,-59.961208966161465,-3.595492055903136,3.595492055903136
66087,74,20,Neutral,96.0,0,61.37943996064297,34.62056003935703,2.075974629909042,2.075974629909042
66087,94,21,Neutral,99.0,1,71.99301326244547,27.006986737554527,1.6194370984674114,1.6194370984674114
66087,40,22,Neutral,98.0,1,70.04519392651349,27.95480607348651,1.6762717912885323,1.6762717912885323
66087,96,23,Neutral,2.0,1,56.7464818250122,-54.7464818250122,-3.2827980603520164,3.2827980603520164
66087,4,24,Neutral,99.0,1,66.16191528231349,32.83808471768651,1.9690909301069495,1.9690909301069495
66087,127,25,Neutral,28.0,1,61.487585081845786,-33.487585081845786,-2.00803733295481,2.00803733295481
66087,47,26,Neutral,98.0,0,67.86443225703681,30.13556774296319,1.8070381883244295,1.8070381883244295
66087,109,27,Neutral,0.0,0,62.91768061859773,-62.91768061859773,-3.7727728433174845,3.7727728433174845
66087,61,28,Neutral,0.0,1,61.33384116607439,-61.33384116607439,-3.6778000722950166,3.6778000722950166
66087,41,29,Neutral,99.0,1,71.16122424631712,27.83877575368288,1.669314191528773,1.669314191528773
66087,45,30,Neutral,32.0,1,61.89910773382673,-29.89910773382673,-1.7928591866156962,1.7928591866156962
66087,107,31,Neutral,99.0,0,64.32900558487849,34.67099441512151,2.078998858414974,2.078998858414974
66087,86,32,Neutral,97.0,0,64.38597888524386,32.61402111475614,1.9556552619767784,1.9556552619767784
66087,14,33,Neutral,99.0,0,66.16787647745744,32.83212352254256,1.9687334751764483,1.9687334751764483
66087,12,34,Neutral,96.0,0,67.73887568748722,28.261124312512777,1.6946397464046263,1.6946397464046263
66087,71,35,Neutral,72.0,0,62.13975462143006,9.860245378569942,0.5912561560910334,0.5912561560910334
66087,70,36,Neutral,71.0,1,61.46966615856434,9.530333841435663,0.5714734610558732,0.5714734610558732
66087,122,37,Neutral,31.0,1,60.960938635288564,-29.960938635288564,-1.7965667922301995,1.7965667922301995
66087,1,38,Neutral,72.0,1,67.17464734210874,4.8253526578912584,0.2893456861113347,0.2893456861113347
66087,126,39,Neutral,76.0,0,64.18440124073248,11.815598759267516,0.7085062527451726,0.7085062527451726
66087,89,40,Neutral,76.0,1,58.42590333211288,17.57409666788712,1.0538067201867325,1.0538067201867325
66087,11,41,Neutral,75.0,1,71.05971898461894,3.9402810153810606,0.2362735730832862,0.2362735730832862
66087,9,42,Neutral,100.0,0,67.188028003297,32.811971996702994,1.9675251164338587,1.9675251164338587
66087,39,43,Neutral,78.0,1,66.51873609008442,11.481263909915583,0.6884583198301635,0.6884583198301635
66087,88,44,Neutral,89.0,1,61.80646443873343,27.19353556126657,1.6306232440648636,1.6306232440648636
66087,77,45,Neutral,88.0,0,62.27715187694122,25.72284812305878,1.5424354791420984,1.5424354791420984
66087,37,46,Neutral,100.0,1,64.10756663333376,35.89243336666624,2.1522407780288386,2.1522407780288386
66087,92,47,Neutral,85.0,0,66.32315569298828,18.67684430701172,1.1199314772505202,1.1199314772505202
66087,34,48,Neutral,77.0,0,68.2389570047927,8.761042995207305,0.5253439854501691,0.5253439854501691
66087,24,49,Neutral,87.0,0,64.3209307305594,22.679069269440603,1.3599194345725802,1.3599194345725802
66087,19,50,Neutral,100.0,0,65.63701072440966,34.36298927559034,2.0605297506125173,2.0605297506125173
66087,33,51,Neutral,97.0,0,61.96066127552629,35.03933872447371,2.101086122180125,2.101086122180125
66087,43,52,Neutral,99.0,0,65.82802339459074,33.171976605409256,1.989112301432453,1.989112301432453
66087,30,53,Neutral,98.0,0,65.41904021998886,32.58095978001114,1.9536727841634927,1.9536727841634927
66087,104,54,Neutral,99.0,0,62.931557927063025,36.068442072936975,2.1627948998699,2.1627948998699
66087,55,55,Neutral,100.0,1,68.78157149574002,31.218428504259975,1.8719704559024402,1.8719704559024402
66087,119,56,Neutral,97.0,1,59.59688527029195,37.40311472970805,2.2428267240674358,2.2428267240674358
66087,108,57,Neutral,100.0,1,60.33066186200811,39.66933813799189,2.378717717626032,2.378717717626032
66087,53,58,Neutral,97.0,1,58.52065952700865,38.47934047299135,2.30736113184626,2.30736113184626
66087,52,59,Neutral,100.0,0,66.84503277715802,33.154967222841975,1.988092357022543,1.988092357022543
66087,85,60,Neutral,100.0,0,63.554220487417545,36.445779512582455,2.1854214244185592,2.1854214244185592
66087,97,61,Neutral,96.0,1,62.6120319684248,33.3879680315752,2.0020639325004836,2.0020639325004836
66087,93,62,Neutral,97.0,0,60.553176482277316,36.446823517722684,2.1854840267618534,2.1854840267618534
66087,25,63,Neutral,98.0,0,65.01954383483725,32.98045616516275,1.9776280396351633,1.9776280396351633
66087,78,64,Neutral,100.0,1,63.50621239274745,36.49378760725255,2.1883001642902453,2.1883001642902453
66089,82,1,Standard,38.0,1,61.20245524611839,-23.20245524611839,-1.3913035603059036,1.3913035603059036
66089,28,2,Standard,60.0,1,64.87051195203857,-4.870511952038569,-0.29205360154793775,0.29205360154793775
66089,83,3,Standard,57.0,0,64.79286172686952,-7.792861726869518,-0.4672883171438938,0.4672883171438938
66089,18,4,Standard,57.0,0,65.5737693935387,-8.573769393538697,-0.5141143795317855,0.5141143795317855
66089,112,5,Standard,36.0,0,63.719113311964335,-27.719113311964335,-1.6621387965357899,1.6621387965357899
66089,125,6,Standard,41.0,0,59.21075480427403,-18.210754804274032,-1.0919830563743012,1.0919830563743012
66089,64,7,Standard,63.0,1,63.54771836468389,-0.5477183646838881,-0.032843184169360926,0.032843184169360926
66089,116,8,Standard,60.0,1,66.94316343971053,-6.943163439710531,-0.41633731908915567,0.41633731908915567
66089,15,9,Standard,64.0,1,67.14696518531318,-3.146965185313178,-0.18870347211282415,0.18870347211282415
66089,36,10,Standard,63.0,1,60.54582033925176,2.4541796607482382,0.147161533700214,0.147161533700214
66089,16,11,Standard,65.0,1,63.437699011060744,1.5623009889392563,0.09368124645103046,0.09368124645103046
66089,69,12,Standard,62.0,1,62.31264041196316,-0.3126404119631587,-0.018747055587257987,0.018747055587257987
66089,31,13,Standard,68.0,1,62.16868490824155,5.831315091758448,0.3496668504418879,0.3496668504418879
66089,67,14,Standard,60.0,1,64.83323946305889,-4.833239463058888,-0.2898186076186824,0.2898186076186824
66089,106,15,Standard,67.0,1,62.04618607895424,4.953813921045757,0.2970486904224042,0.2970486904224042
66089,115,16,Standard,0.0,0,69.22865410396574,-69.22865410396574,-4.151201754656839,4.151201754656839
66089,80,17,Standard,68.0,1,66.50553831208904,1.494461687910956,0.08961335535725803,0.08961335535725803
66089,90,18,Standard,69.0,1,64.70421784865248,4.295782151347524,0.25759071348573037,0.25759071348573037
66089,5,19,Standard,69.0,1,61.01711487986506,7.982885120134938,0.47868281056224943,0.47868281056224943
66089,123,20,Standard,69.0,1,61.754842943200195,7.245157056799805,0.4344459541533804,0.4344459541533804
66089,81,21,Standard,75.0,1,62.382580527495065,12.617419472504935,0.7565863374267654,0.7565863374267654
66089,75,22,Standard,66.0,0,58.623569160313046,7.376430839686954,0.44231760737147113,0.44231760737147113
66089,26,23,Standard,59.0,1,71.04141266652945,-12.041412666529453,-0.7220468754856336,0.7220468754856336
66089,58,24,Standard,71.0,1,64.27997676993945,6.720023230060548,0.4029570209767236,0.4029570209767236
66089,50,25,Standard,64.0,1,57.84991488598034,6.15008511401966,0.36878145974449655,0.36878145974449655
66089,27,26,Standard,70.0,1,64.75123986498478,5.2487601350152175,0.3147347375773969,0.3147347375773969
66089,3,27,Standard,72.0,1,65.2759452999993,6.724054700000707,0.40319876256921944,0.40319876256921944
66089,73,28,Standard,70.0,1,59.98184711909994,10.018152880900061,0.6007248639437363,0.6007248639437363
66089,35,29,Standard,72.0,1,67.84067105890273,4.159328941097272,0.24940848297509913,0.24940848297509913
66089,51,30,Standard,74.0,1,61.868281468903696,12.131718531096304,0.7274619433978703,0.7274619433978703
66089,100,31,Standard,37.0,1,61.19618486586082,-24.196184865860822,-1.4508912006337682,1.4508912006337682
66089,79,32,Standard,64.0,1,62.66061663707328,1.3393833629267178,0.08031429526261818,0.08031429526261818
66089,99,33,Standard,66.0,1,60.785122690681646,5.214877309318354,0.31270300018041786,0.31270300018041786
66089,72,34,Standard,64.0,1,61.45046121969987,2.549538780300132,0.15287961315055068,0.15287961315055068
66089,111,35,Standard,65.0,1,63.38576405332134,1.6142359466786615,0.09679545530697725,0.09679545530697725
66089,114,36,Standard,62.0,1,61.2360462098704,0.7639537901295981,0.04580944632117385,0.04580944632117385
66089,32,37,Standard,43.0,1,62.89514058034754,-19.895140580347537,-1.1929849504549606,1.1929849504549606
66089,63,38,Standard,37.0,1,59.740086476849044,-22.740086476849044,-1.3635782481337653,1.3635782481337653
66089,121,39,Standard,37.0,0,63.66783793953522,-26.667837939535218,-1.599100503691017,1.599100503691017
66089,29,40,Standard,69.0,0,65.15008816963625,3.8499118303637516,0.23085470824666254,0.23085470824666254
66089,17,41,Standard,73.0,1,68.5094571494238,4.490542850576205,0.2692692729903269,0.2692692729903269
66089,91,42,Standard,31.0,1,59.923012222642264,-28.923012222642264,-1.7343289515390978,1.7343289515390978
66089,120,43,Standard,68.0,1,60.33461560892842,7.6653843910715835,0.45964431269381956,0.45964431269381956
66089,110,44,Standard,64.0,1,58.40548031256161,5.5945196874383925,0.33546773721874373,0.33546773721874373
66089,20,45,Standard,61.0,1,60.390273908946995,0.6097260910530053,0.036561392848085114,0.036561392848085114
66089,13,46,Standard,64.0,1,61.09531659575593,2.904683404244068,0.17417537579615955,0.17417537579615955
66089,105,47,Standard,30.0,0,59.77950937800783,-29.77950937800783,-1.7856876344462158,1.7856876344462158
66089,8,48,Standard,68.0,1,66.38585667450508,1.614143325494922,0.09678990140411096,0.09678990140411096
66089,68,49,Standard,64.0,1,58.861180687964605,5.138819312035395,0.30814228618325495,0.30814228618325495
66089,101,50,Standard,77.0,1,65.42656493163436,11.57343506836564,0.6939852375442075,0.6939852375442075
66089,113,51,Standard,79.0,1,66.58416281700235,12.415837182997649,0.7444987305717529,0.7444987305717529
66089,7,52,Standard,75.0,1,67.76506569352942,7.234934306470578,0.43383296088269835,0.43383296088269835
66089,49,53,Standard,79.0,1,64.44800496978242,14.551995030217583,0.8725905202848132,0.8725905202848132
66089,60,54,Standard,66.0,1,62.886216649017236,3.1137833509827644,0.1867137687063664,0.1867137687063664
66089,6,55,Standard,70.0,1,63.30093826130606,6.699061738693942,0.4017000937568097,0.4017000937568097
66089,76,56,Standard,67.0,1,58.37452412921039,8.625475870789607,0.5172148878670877,0.5172148878670877
66089,66,57,Standard,68.0,1,59.86331251559504,8.136687484404959,0.4879053594141924,0.4879053594141924
66089,23,58,Standard,72.0,1,62.795052977269734,9.204947022730266,0.5519620845856108,0.5519620845856108
66089,48,59,Standard,78.0,1,68.57034928946894,9.429650710531064,0.5654361345313991,0.5654361345313991
66089,124,60,Standard,79.0,1,61.07706746594735,17.92293253405265,1.0747241867828459,1.0747241867828459
66089,102,61,Standard,75.0,1,59.18916059681234,15.810839403187657,0.9480754049406006,0.9480754049406006
66089,2,62,Standard,78.0,1,60.57409138707062,17.425908612929383,1.044920825729852,1.044920825729852
66089,22,63,Standard,78.0,1,68.84049316479646,9.159506835203544,0.5492373257608966,0.5492373257608966
66089,57,64,Standard,81.0,1,63.716737429056664,17.283262570943336,1.0363672505166452,1.0363672505166452
66121,12,1,Neutral,89.0,1,75.88829328076966,13.111706719230341,0.7862255975347192,0.7862255975347192
66121,86,2,Neutral,86.0,1,72.40417898566044,13.595821014339563,0.8152548504838495,0.8152548504838495
66121,47,3,Neutral,89.0,1,75.57645820743309,13.423541792566908,0.8049243620904228,0.8049243620904228
66121,97,4,Neutral,72.0,0,71.811189504634,0.18881049536599903,0.011321763651274899,0.011321763651274899
66121,78,5,Neutral,87.0,1,72.79284825753386,14.207151742466138,0.8519124632039168,0.8519124632039168
66121,54,6,Neutral,72.0,1,72.63500205531803,-0.6350020553180258,-0.03807703154662202,0.03807703154662202
66121,94,7,Neutral,97.0,1,79.3113867342442,17.688613265755805,1.0606735516767092,1.0606735516767092
66121,103,8,Neutral,75.0,1,70.82164760171909,4.178352398280907,0.25054919862041203,0.25054919862041203
66121,55,9,Neutral,100.0,1,77.49959822477443,22.50040177522557,1.3492058821413608,1.3492058821413608
66121,126,10,Neutral,66.0,0,72.15886217686044,-6.158862176860438,-0.36930776433812124,0.36930776433812124
66121,96,11,Neutral,67.0,1,63.97737696823369,3.022623031766308,0.1812474645872928,0.1812474645872928
66121,98,12,Neutral,61.0,1,67.39241551564587,-6.392415515645865,-0.38331247152650627,0.38331247152650627
66121,33,13,Neutral,59.0,0,70.32877469025179,-11.328774690251791,-0.6793145119022506,0.6793145119022506
66121,87,14,Neutral,66.0,1,69.02906569150214,-3.02906569150214,-0.18163378988490553,0.18163378988490553
66121,41,15,Neutral,98.0,1,78.47959771811584,19.52040228188416,1.1705142798597745,1.1705142798597745
66121,24,16,Neutral,63.0,1,72.47034832384182,-9.470348323841819,-0.5678765113662894,0.5678765113662894
66121,56,17,Neutral,95.0,1,79.02596400593146,15.974035994068544,0.9578612657692881,0.9578612657692881
66121,88,18,Neutral,78.0,1,69.64970788199552,8.350292118004475,0.5007138697236589,0.5007138697236589
66121,4,19,Neutral,64.0,1,73.08663627551469,-9.086636275514692,-0.5448677421086,0.5448677421086
66121,39,20,Neutral,87.0,1,74.2307620404807,12.769237959519302,0.765689925786824,0.765689925786824
66121,85,21,Neutral,96.0,1,71.96607306643165,24.033926933568353,1.4411616251861805,1.4411616251861805
66121,34,22,Neutral,91.0,1,76.0822004480548,14.917799551945194,0.8945254891515569,0.8945254891515569
66121,92,23,Neutral,71.0,1,74.07892080767316,-3.078920807673157,-0.1846232838799345,0.1846232838799345
66121,118,24,Neutral,69.0,1,72.15907801356028,-3.1590780135602756,-0.189429801326125,0.189429801326125
66121,65,25,Neutral,60.0,0,68.8934892176782,-8.893489217678194,-0.5332859424076616,0.5332859424076616
66121,46,26,Neutral,61.0,1,68.66981814100454,-7.669818141004541,-0.45991017645702026,0.45991017645702026
66121,44,27,Neutral,81.0,1,70.03864985788901,10.961350142110987,0.6572824003627785,0.6572824003627785
66121,21,28,Neutral,71.0,1,68.83641742259746,2.1635825774025363,0.129736276227041,0.129736276227041
66121,9,29,Neutral,67.0,1,74.46266231080713,-7.462662310807133,-0.4474883598417293,0.4474883598417293
66121,128,30,Neutral,79.0,1,69.12695852931775,9.873041470682253,0.5920234562894398,0.5920234562894398
66121,107,31,Neutral,72.0,1,71.0350307566366,0.9649692433633987,0.05786306361270937,0.05786306361270937
66121,95,32,Neutral,95.0,1,68.81422376877016,26.185776231229838,1.5701943313080482,1.5701943313080482
66121,93,33,Neutral,68.0,1,68.52763741840528,-0.527637418405277,-0.03163905763381175,0.03163905763381175
66121,43,34,Neutral,93.0,1,73.32135352354393,19.678646476456066,1.1800031770032122,1.1800031770032122
66121,11,35,Neutral,98.0,1,78.02817914210875,19.971820857891245,1.1975829786386225,1.1975829786386225
66121,119,36,Neutral,67.0,1,67.17769372782239,-0.1776937278223869,-0.010655161858556942,0.010655161858556942
66121,14,37,Neutral,67.0,0,72.6989449920611,-5.698944992061101,-0.3417294580826126,0.3417294580826126
66121,53,38,Neutral,70.0,1,66.10146798453906,3.898532015460944,0.23377015128538028,0.23377015128538028
66121,127,39,Neutral,62.0,1,67.58126195356331,-5.581261953563313,-0.3346727553021179,0.3346727553021179
66121,1,40,Neutral,53.0,0,73.79319418528962,-20.79319418528962,-1.2468355091414385,1.2468355091414385
66121,61,41,Neutral,54.0,1,67.47125720208051,-13.471257202080508,-0.807785551496179,0.807785551496179
66121,38,42,Neutral,57.0,1,66.87238991853644,-9.872389918536442,-0.5919843868543055,0.5919843868543055
66121,30,43,Neutral,42.0,0,72.56245703463314,-30.56245703463314,-1.832636022047489,1.832636022047489
66121,62,44,Neutral,65.0,1,65.57375503070422,-0.5737550307042198,-0.03440443731038976,0.03440443731038976
66121,19,45,Neutral,85.0,1,72.56173171761085,12.438268282389146,0.7458437808310433,0.7458437808310433
66121,84,46,Neutral,62.0,0,71.81148122034269,-9.811481220342685,-0.5883320799000772,0.5883320799000772
66121,109,47,Neutral,59.0,0,68.74892250458356,-9.748922504583561,-0.5845808318946147,0.5845808318946147
66121,77,48,Neutral,44.0,0,68.8519595558335,-24.851959555833503,-1.4902138348653384,1.4902138348653384
66121,37,49,Neutral,47.0,0,70.68237431222605,-23.682374312226045,-1.4200812520739319,1.4200812520739319
66121,108,50,Neutral,46.0,1,67.34286118378654,-21.34286118378654,-1.2797955404777497,1.2797955404777497
66121,10,51,Neutral,66.0,1,68.75022259306222,-2.750222593062219,-0.16491334407384878,0.16491334407384878
66121,122,52,Neutral,70.0,1,67.01087634271747,2.9891236572825335,0.17923872031894242,0.17923872031894242
66121,42,53,Neutral,80.0,1,70.57845337288995,9.421546627110047,0.5649501842301453,0.5649501842301453
66121,59,54,Neutral,70.0,1,67.72235858468348,2.2776414153165234,0.13657565876612088,0.13657565876612088
66121,45,55,Neutral,57.0,1,67.51165379836948,-10.51165379836948,-0.6303169728910986,0.6303169728910986
66121,71,56,Neutral,45.0,1,67.92725734312725,-22.927257343127252,-1.374801693664685,1.374801693664685
66121,89,57,Neutral,73.0,0,64.38836271096454,8.611637289035457,0.51638507620018,0.51638507620018
66121,25,58,Neutral,52.0,1,71.94426482803846,-19.944264828038456,-1.1959306189191272,1.1959306189191272
66121,70,59,Neutral,73.0,0,67.1696905516843,5.8303094483157025,0.34960654840542454,0.34960654840542454
66121,74,60,Neutral,60.0,1,66.33589856085649,-6.335898560856492,-0.37992350947132647,0.37992350947132647
66121,104,61,Neutral,55.0,1,69.33140894880084,-14.331408948800842,-0.8593633769858133,0.8593633769858133
66121,40,62,Neutral,96.0,1,75.001652526727,20.998347473273,1.2591372460460917,1.2591372460460917
66121,117,63,Neutral,41.0,1,70.39505193170226,-29.395051931702255,-1.7626341684161264,1.7626341684161264
66121,52,64,Neutral,78.0,1,73.33236212747306,4.667637872526939,0.27988853426845084,0.27988853426845084
66151,71,1,Neutral,81.0,1,62.391482705193624,18.608517294806376,1.115834341221683,1.115834341221683
66151,77,2,Neutral,78.0,1,62.92253243930232,15.077467560697677,0.9040997633689999,0.9040997633689999
66151,109,3,Neutral,27.0,0,62.73201705947515,-35.73201705947515,-2.142621633116861,2.142621633116861
66151,128,4,Neutral,23.0,1,62.32274812701428,-39.32274812701428,-2.357934920670943,2.357934920670943
66151,93,5,Neutral,22.0,1,61.81090534467903,-39.81090534467903,-2.387206601953018,2.387206601953018
66151,41,6,Neutral,70.0,1,70.93182152290592,-0.9318215229059206,-0.05587540579808092,0.05587540579808092
66151,98,7,Neutral,33.0,1,59.66968266328146,-26.669682663281463,-1.5992111200326373,1.5992111200326373
66151,88,8,Neutral,32.0,1,62.145670851074215,-30.145670851074215,-1.8076440074127942,1.8076440074127942
66151,117,9,Neutral,30.0,1,64.81553812948,-34.815538129480004,-2.0876662249619025,2.0876662249619025
66151,52,10,Neutral,67.0,1,67.75284832525081,-0.7528483252508096,-0.04514352227732528,0.04514352227732528
66151,70,11,Neutral,89.0,1,61.32774176373036,27.67225823626964,1.6593291958732335,1.6593291958732335
66151,43,12,Neutral,74.0,1,66.34218646408601,7.657813535913988,0.45919033669759024,0.45919033669759024
66151,107,13,Neutral,72.0,1,63.8809070400242,8.119092959975802,0.4868503277711825,0.4868503277711825
66151,38,14,Neutral,21.0,0,60.155657844810214,-39.155657844810214,-2.3479155799564757,2.3479155799564757
66151,40,15,Neutral,69.0,1,69.11596457448444,-0.11596457448443687,-0.006953657431428406,0.006953657431428406
66151,9,16,Neutral,76.0,0,67.08984277275165,8.910157227248348,0.5342854168517314,0.5342854168517314
66151,55,17,Neutral,72.0,1,69.20825623665804,2.7917437633419553,0.167403104378329,0.167403104378329
66151,96,18,Neutral,6.0,1,55.729774144405916,-49.729774144405916,-2.9819780314798927,2.9819780314798927
66151,94,19,Neutral,75.0,1,70.84508808897336,4.154911911026645,0.24914362179562247,0.24914362179562247
66151,53,20,Neutral,24.0,1,58.947344267926674,-34.947344267926674,-2.0955698001545193,2.0955698001545193
66151,118,21,Neutral,18.0,1,64.34886683261865,-46.348866832618654,-2.779246539055581,2.779246539055581
66151,56,22,Neutral,78.0,1,70.86583951068091,7.134160489319086,0.42779019648120503,0.42779019648120503
66151,34,23,Neutral,75.0,1,68.09703260995873,6.902967390041269,0.41392701783345415,0.41392701783345415
66151,59,24,Neutral,79.0,1,61.093104839534455,17.906895160465545,1.0737625275647582,1.0737625275647582
66151,127,25,Neutral,81.0,1,60.25218157979644,20.747818420203558,1.2441146133204497,1.2441146133204497
66151,85,26,Neutral,78.0,1,63.805948571181105,14.194051428818895,0.8511269207763937,0.8511269207763937
66151,30,27,Neutral,73.0,0,65.32085498944352,7.679145010556482,0.4604694494596606,0.4604694494596606
66151,54,28,Neutral,74.0,1,63.731311767161024,10.268688232838976,0.615747874372489,0.615747874372489
66151,92,29,Neutral,76.0,0,65.87505714813399,10.12494285186601,0.6071283787973958,0.6071283787973958
66151,65,30,Neutral,69.0,1,60.73336472242765,8.266635277572348,0.4956975014685523,0.4956975014685523
66151,119,31,Neutral,64.0,1,59.45496087545799,4.545039124542008,0.2725370676779047,0.2725370676779047
66151,95,32,Neutral,50.0,1,60.8727950949627,-10.872795094962697,-0.6519723178273932,0.6519723178273932
66151,74,33,Neutral,60.0,1,59.57542732284163,0.4245726771583733,0.025458921095769613,0.025458921095769613
66151,104,34,Neutral,62.0,1,62.57093771078598,-0.5709377107859765,-0.03423550056679111,0.03423550056679111
66151,62,35,Neutral,65.0,1,58.02597883549428,6.9740211645057215,0.41818766043946043,0.41818766043946043
66151,86,36,Neutral,70.0,1,62.97561872604006,7.024381273959939,0.42120743566746216,0.42120743566746216
66151,37,37,Neutral,66.0,0,63.265815609881955,2.7341843901180454,0.1639516351244965,0.1639516351244965
66151,1,38,Neutral,66.0,1,65.93924384005939,0.06075615994060968,0.0036431602060745917,0.0036431602060745917
66151,11,39,Neutral,76.0,1,69.91179381114684,6.088206188853164,0.3650709744540896,0.3650709744540896
66151,84,40,Neutral,68.0,1,64.13248753226691,3.8675124677330928,0.23191010644378715,0.23191010644378715
66151,42,41,Neutral,70.0,1,63.16189467054587,6.83810532945413,0.4100376528991651,0.4100376528991651
66151,39,42,Neutral,75.0,1,65.32707175232368,9.672928247676325,0.5800239400020841,0.5800239400020841
66151,46,43,Neutral,67.0,1,59.984823674290624,7.015176325709376,0.42065547350925125,0.42065547350925125
66151,47,44,Neutral,41.0,1,65.84172379779241,-24.84172379779241,-1.4896000616049685,1.4896000616049685
66151,87,45,Neutral,63.0,1,59.7317229247476,3.2682770752523993,0.1959777740170639,0.1959777740170639
66151,89,46,Neutral,63.0,1,56.92806484433185,6.07193515566815,0.36409530415713026,0.36409530415713026
66151,4,47,Neutral,68.0,1,63.920511001626004,4.079488998373996,0.24462098978150293,0.24462098978150293
66151,61,48,Neutral,75.0,1,59.22365437825273,15.776345621747268,0.9460070324163413,0.9460070324163413
66151,45,49,Neutral,76.0,1,59.8326601102937,16.167339889706298,0.9694524700349143,0.9694524700349143
66151,25,50,Neutral,70.0,1,64.3527494685399,5.647250531460102,0.338629670309321,0.338629670309321
66151,14,51,Neutral,68.0,1,64.14516801821301,3.8548319817869867,0.23114973841134895,0.23114973841134895
66151,97,52,Neutral,80.0,1,61.770280944973,18.229719055026997,1.0931202217868086,1.0931202217868086
66151,12,53,Neutral,72.0,1,65.6724280639542,6.3275719360458,0.37942421477938276,0.37942421477938276
66151,10,54,Neutral,67.0,1,60.67757642638891,6.32242357361109,0.37911550025287355,0.37911550025287355
66151,78,55,Neutral,72.0,1,62.66446136929565,9.335538630704349,0.5597928321161252,0.5597928321161252
66151,122,56,Neutral,70.0,1,58.894491011755534,11.105508988244466,0.6659266888118923,0.6659266888118923
66151,108,57,Neutral,69.0,0,59.09525835995876,9.904741640041237,0.5939243136781781,0.5939243136781781
66151,126,58,Neutral,83.0,1,62.117953617199454,20.882046382800546,1.2521634098927452,1.2521634098927452
66151,44,59,Neutral,84.0,1,60.69756792684586,23.302432073154137,1.3972985342829007,1.3972985342829007
66151,21,60,Neutral,73.0,1,59.495335491554314,13.504664508445686,0.8097887750254595,0.8097887750254595
66151,19,61,Neutral,72.0,1,63.92047641518554,8.07952358481446,0.48447760419701397,0.48447760419701397
66151,33,62,Neutral,75.0,1,60.24412696630218,14.755873033697817,0.8848157864948434,0.8848157864948434
66151,24,63,Neutral,72.0,1,62.473178928469444,9.526821071530556,0.5712628226030168,0.5712628226030168
66151,103,64,Neutral,5.0,0,60.43082572774918,-55.43082572774918,-3.3238338084334993,3.3238338084334993
66157,79,1,Standard,58.0,1,41.91263552755176,16.087364472448243,0.9646568532957462,0.9646568532957462
66157,83,2,Standard,56.0,1,43.756070635290335,12.243929364709665,0.734190512881364,0.734190512881364
66157,23,3,Standard,58.0,0,44.29072052562678,13.709279474373218,0.822058232182778,0.822058232182778
66157,22,4,Standard,59.0,1,50.16997866535861,8.830021334641387,0.5294801774272955,0.5294801774272955
66157,6,5,Standard,55.0,1,43.38400127326821,11.615998726731789,0.6965375092239201,0.6965375092239201
66157,67,6,Standard,58.0,0,43.079257574899216,14.920742425100784,0.8947019545236682,0.8947019545236682
66157,90,7,Standard,60.0,1,44.10481839995945,15.895181600040551,0.9531328696580504,0.9531328696580504
66157,73,8,Standard,54.0,0,39.77610014900445,14.22389985099555,0.8529167406727532,0.8529167406727532
66157,66,9,Standard,53.0,0,40.882262145580775,12.117737854419225,0.7266236112028515,0.7266236112028515
66157,91,10,Standard,61.0,0,39.218770277409334,21.781229722590666,1.3060817115874348,1.3060817115874348
66157,15,11,Standard,56.0,1,45.97895660086815,10.021043399131848,0.6008981899242998,0.6008981899242998
66157,111,12,Standard,58.0,0,43.140639639493344,14.859360360506656,0.8910212627993291,0.8910212627993291
66157,51,13,Standard,58.0,0,41.53131700594236,16.468682994057637,0.9875220979906795,0.9875220979906795
66157,69,14,Standard,58.0,1,40.121266880917325,17.878733119082675,1.0720738291909935,1.0720738291909935
66157,16,15,Standard,57.0,0,41.15884715143766,15.841152848562338,0.9498931093183297,0.9498931093183297
66157,113,16,Standard,59.0,1,46.863908374637745,12.136091625362255,0.7277241700267866,0.7277241700267866
66157,17,17,Standard,55.0,1,48.3080718998844,6.691928100115597,0.4012723348560077,0.4012723348560077
66157,80,18,Standard,56.0,1,45.55181266028365,10.448187339716348,0.6265112933219554,0.6265112933219554
66157,20,19,Standard,56.0,1,40.617505692934216,15.382494307065784,0.9223902758905775,0.9223902758905775
66157,3,20,Standard,56.0,1,44.50158919415181,11.498410805848188,0.6894865100413361,0.6894865100413361
66157,106,21,Standard,58.0,1,40.703220837354756,17.296779162645244,1.0371777544895475,1.0371777544895475
66157,101,22,Standard,56.0,1,45.400136339249435,10.599863660750565,0.6356063568930536,0.6356063568930536
66157,8,23,Standard,59.0,0,46.56934929420369,12.43065070579631,0.7453870032477189,0.7453870032477189
66157,102,24,Standard,59.0,0,39.89752318797434,19.102476812025657,1.1454539494771128,1.1454539494771128
66157,2,25,Standard,59.0,0,40.08854526328078,18.91145473671922,1.1339995714532471,1.1339995714532471
66157,36,26,Standard,60.0,0,37.74209850816532,22.25790149183468,1.3346646836311997,1.3346646836311997
66157,75,27,Standard,58.0,0,36.30097813640137,21.69902186359863,1.3011522295267,1.3011522295267
66157,116,28,Standard,56.0,0,45.15839366642146,10.84160633357854,0.6501021263198558,0.6501021263198558
66157,28,29,Standard,60.0,0,41.58565931377736,18.414340686222637,1.1041908059153978,1.1041908059153978
66157,13,30,Standard,58.0,1,40.54401803190763,17.455981968092367,1.0467241334257305,1.0467241334257305
66157,121,31,Standard,57.0,1,43.10776476632736,13.892235233672643,0.8330289245768229,0.8330289245768229
66157,120,32,Standard,59.0,1,39.56462122363705,19.435378776362953,1.1654159613979327,1.1654159613979327
66157,31,33,Standard,54.0,0,40.04277643000312,13.957223569996877,0.8369258614633358,0.8369258614633358
66157,5,34,Standard,27.0,1,39.28049715966803,-12.28049715966803,-0.7363832507954527,0.7363832507954527
66157,49,35,Standard,16.0,0,44.32532343946071,-28.32532343946071,-1.6984893594280641,1.6984893594280641
66157,7,36,Standard,22.0,1,47.21376712968113,-25.21376712968113,-1.5119091322078064,1.5119091322078064
66157,114,37,Standard,26.0,1,40.282320558065,-14.282320558065003,-0.8564198586350178,0.8564198586350178
66157,115,38,Standard,21.0,1,47.01526729715007,-26.015267297150068,-1.5599699957998983,1.5599699957998983
66157,81,39,Standard,18.0,0,40.344150377833856,-22.344150377833856,-1.3398364803609077,1.3398364803609077
66157,58,40,Standard,25.0,1,41.47625493885301,-16.47625493885301,-0.9879761393255508,0.9879761393255508
66157,27,41,Standard,21.0,0,43.1851659131388,-22.185165913138803,-1.3303031939299144,1.3303031939299144
66157,63,42,Standard,23.0,1,38.65514333217779,-15.655143332177794,-0.9387393025486823,0.9387393025486823
66157,100,43,Standard,32.0,1,39.59078463852965,-7.590784638529648,-0.45517104035222555,0.45517104035222555
66157,29,44,Standard,29.0,1,43.894601256613996,-14.894601256613996,-0.8931344350348714,0.8931344350348714
66157,60,45,Standard,22.0,1,42.369882640098,-20.369882640097998,-1.2214522101027634,1.2214522101027634
66157,125,46,Standard,26.0,0,36.38065797686162,-10.38065797686162,-0.6224619872477334,0.6224619872477334
66157,99,47,Standard,26.0,1,39.26278790312426,-13.262787903124263,-0.7952849745194894,0.7952849745194894
66157,50,48,Standard,25.0,0,35.59278891487603,-10.592788914876031,-0.6351821294128543,0.6351821294128543
66157,48,49,Standard,20.0,1,47.75661573988895,-27.75661573988895,-1.6643875784400395,1.6643875784400395
66157,26,50,Standard,24.0,1,48.60933003827071,-24.609330038270713,-1.4756648870044482,1.4756648870044482
66157,68,51,Standard,29.0,1,37.69317210351958,-8.69317210351958,-0.5212742000656218,0.5212742000656218
66157,105,52,Standard,30.0,0,37.45691835409614,-7.456918354096139,-0.4471439313173564,0.4471439313173564
66157,124,53,Standard,21.0,1,40.47325512845087,-19.473255128450873,-1.167687165154274,1.167687165154274
66157,112,54,Standard,19.0,1,40.32476906935605,-21.32476906935605,-1.2787106715294598,1.2787106715294598
66157,64,55,Standard,25.0,1,40.197113286364235,-15.197113286364235,-0.9112741560067408,0.9112741560067408
66157,110,56,Standard,16.0,1,35.776715138629605,-19.776715138629605,-1.18588373047866,1.18588373047866
66157,123,57,Standard,21.0,1,38.03259866205284,-17.03259866205284,-1.0213365313457556,1.0213365313457556
66157,57,58,Standard,21.0,1,43.0691859272716,-22.069185927271597,-1.3233486123759528,1.3233486123759528
66157,72,59,Standard,26.0,1,38.25308691001588,-12.253086910015881,-0.7347396325867165,0.7347396325867165
66157,32,60,Standard,22.0,1,40.808609545841605,-18.808609545841605,-1.1278325999534398,1.1278325999534398
66157,82,61,Standard,24.0,1,36.474210186332876,-12.474210186332876,-0.7479989880447044,0.7479989880447044
66157,18,62,Standard,1.0,1,42.12691137728225,-41.12691137728225,-2.4661191075099986,2.4661191075099986
66157,35,63,Standard,59.0,1,45.273009217222025,13.726990782777975,0.8231202666174887,0.8231202666174887
66157,76,64,Standard,14.0,1,36.94408055903367,-22.944080559033672,-1.3758104748448712,1.3758104748448712
66201,9,1,Neutral,72.0,0,72.8467386739105,-0.8467386739104938,-0.05077352888580413,0.05077352888580413
66201,38,2,Neutral,72.0,1,66.804701199704,5.195298800296001,0.3115290016091745,0.3115290016091745
66201,40,3,Neutral,70.0,0,74.74164298277745,-4.741642982777449,-0.2843261496966539,0.2843261496966539
66201,126,4,Neutral,89.0,0,69.58067692561428,19.419323074385716,1.1644532031429469,1.1644532031429469
66201,54,5,Neutral,74.0,1,70.86148592922957,3.1385140707704267,0.1881967125640109,0.1881967125640109
66201,65,6,Neutral,8.0,1,66.88391310218402,-58.883913102184025,-3.5308934797974723,3.5308934797974723
66201,41,7,Neutral,50.0,1,75.9888907954469,-25.988890795446906,-1.5583883648759829,1.5583883648759829
66201,55,8,Neutral,76.0,0,74.70271715208519,1.2972828479148149,0.07778979534200862,0.07778979534200862
66201,74,9,Neutral,6.0,1,66.7493406491988,-60.7493406491988,-3.642751296572641,3.642751296572641
66201,70,10,Neutral,66.0,0,66.47228936484858,-0.472289364848578,-0.028320187145641336,0.028320187145641336
66201,89,11,Neutral,69.0,0,64.58310897786379,4.4168910221362125,0.26485284162370487,0.26485284162370487
66201,77,12,Neutral,63.0,0,67.58594923324578,-4.585949233245785,-0.2749901865090072,0.2749901865090072
66201,11,13,Neutral,76.0,1,76.14982051948043,-0.14982051948042852,-0.00898378296386852,0.00898378296386852
66201,33,14,Neutral,64.0,0,67.44441528898531,-3.4444152889853115,-0.2065396615963329,0.2065396615963329
66201,59,15,Neutral,77.0,1,66.58756575496159,10.412434245038412,0.624367407798216,0.624367407798216
66201,96,16,Neutral,69.0,1,61.94142585641356,7.058574143586441,0.4232577644255097,0.4232577644255097
66201,128,17,Neutral,76.0,0,67.8783123746927,8.121687625307302,0.4870059133363835,0.4870059133363835
66201,103,18,Neutral,17.0,1,67.5436357218551,-50.5436357218551,-3.0307801301496293,3.0307801301496293
66201,39,19,Neutral,6.0,1,71.43388096779144,-65.43388096779144,-3.92365336294964,3.92365336294964
66201,34,20,Neutral,73.0,1,73.32905853965418,-0.3290585396541843,-0.019731546205504186,0.019731546205504186
66201,44,21,Neutral,73.0,1,68.48382955324365,4.516170446756348,0.27080599681671935,0.27080599681671935
66201,56,22,Neutral,77.0,1,75.96664794751052,1.0333520524894766,0.061963545427742614,0.061963545427742614
66201,71,23,Neutral,73.0,0,66.5300295276737,6.469970472326295,0.38796294865077113,0.38796294865077113
66201,52,24,Neutral,85.0,1,72.24130846203981,12.758691537960189,0.7650575240126137,0.7650575240126137
66201,98,25,Neutral,76.0,0,63.983186142916004,12.016813857083996,0.7205718414516179,0.7205718414516179
66201,108,26,Neutral,67.0,1,66.57534583633623,0.4246541636637744,0.025463807322846827,0.025463807322846827
66201,119,27,Neutral,66.0,1,64.73072596944205,1.269274030557952,0.07611028483783126,0.07611028483783126
66201,88,28,Neutral,68.0,1,67.39506094873235,0.6049390512676496,0.03627434454108296,0.03627434454108296
66201,25,29,Neutral,94.0,0,70.37208035543041,23.627919644569587,1.4168159522519064,1.4168159522519064
66201,97,30,Neutral,81.0,0,67.83335099615213,13.166649003847866,0.7895201366422773,0.7895201366422773
66201,45,31,Neutral,59.0,1,66.7441384509192,-7.744138450919195,-0.46436669240287454,0.46436669240287454
66201,46,32,Neutral,98.0,0,65.56676291829498,32.433237081705016,1.9448147941830707,1.9448147941830707
66201,87,33,Neutral,67.0,1,66.3807662796414,0.6192337203585936,0.037131504862637825,0.037131504862637825
66201,61,34,Neutral,80.0,0,64.93681111512295,15.06318888487705,0.9032435620620707,0.9032435620620707
66201,118,35,Neutral,76.0,0,68.83732696940766,7.1626730305923445,0.4294999121025072,0.4294999121025072
66201,85,36,Neutral,68.0,0,68.46936536512456,-0.46936536512455973,-0.028144853493094344,0.028144853493094344
66201,127,37,Neutral,62.0,0,65.85148499176348,-3.851484991763485,-0.23094904072282368,0.23094904072282368
66201,37,38,Neutral,5.0,0,68.32288488242295,-63.322884882422954,-3.7970703639432593,3.7970703639432593
66201,92,39,Neutral,82.0,1,70.53847394207746,11.46152605792254,0.6872747664751665,0.6872747664751665
66201,12,40,Neutral,83.0,1,71.3418456365358,11.658154363464206,0.6990653144432658,0.6990653144432658
66201,30,41,Neutral,91.0,1,69.8093151262325,21.190684873767495,1.2706704957496004,1.2706704957496004
66201,84,42,Neutral,76.0,1,69.14581764051928,6.854182359480717,0.41100169006152004,0.41100169006152004
66201,1,43,Neutral,91.0,1,70.82135645544592,20.178643544554077,1.2099848187565632,1.2099848187565632
66201,109,44,Neutral,43.0,0,66.03951976047153,-23.039519760471535,-1.381533356296198,1.381533356296198
66201,104,45,Neutral,89.0,0,68.21398028704162,20.786019712958378,1.246405301700377,1.246405301700377
66201,93,46,Neutral,91.0,0,66.14177299227623,24.85822700772377,1.4905896540636292,1.4905896540636292
66201,95,47,Neutral,84.0,0,65.31751606746309,18.68248393253691,1.120269649697736,1.120269649697736
66201,62,48,Neutral,74.0,0,62.55817813657188,11.441821863428117,0.6860932313461359,0.6860932313461359
66201,4,49,Neutral,75.0,1,68.93384110987837,6.066158890121628,0.3637489382775325,0.3637489382775325
66201,42,50,Neutral,56.0,0,67.86905062877794,-11.869050628777941,-0.7117114211450687,0.7117114211450687
66201,14,51,Neutral,92.0,1,69.24597645504262,22.754023544957377,1.3644139654004797,1.3644139654004797
66201,53,52,Neutral,74.0,0,63.6718643941214,10.3281356058786,0.6193125549583809,0.6193125549583809
66201,19,53,Neutral,93.0,0,69.37119816632406,23.628801833675936,1.4168688515175878,1.4168688515175878
66201,122,54,Neutral,67.0,0,64.08277777716236,2.917222222837637,0.17492724893916156,0.17492724893916156
66201,107,55,Neutral,89.0,1,67.14467057673198,21.855329423268017,1.310524999001479,1.310524999001479
66201,21,56,Neutral,52.0,1,64.77110058553838,-12.771100585538377,-0.7658016156138001,0.7658016156138001
66201,10,57,Neutral,65.0,1,66.67053231695348,-1.6705323169534836,-0.10017119031281302,0.10017119031281302
66201,117,58,Neutral,54.0,0,67.77312751616746,-13.773127516167463,-0.8258867928641633,0.8258867928641633
66201,24,59,Neutral,86.0,0,67.7489440224535,18.2510559775465,1.0943996612233882,1.0943996612233882
66201,86,60,Neutral,12.0,1,67.0266872199429,-55.0266872199429,-3.2996001944127737,3.2996001944127737
66201,43,61,Neutral,82.0,0,69.29977585077346,12.700224149226543,0.7615516068480706,0.7615516068480706
66201,78,62,Neutral,92.0,1,67.45909565610495,24.54090434389505,1.4715618336339569,1.4715618336339569
66201,94,63,Neutral,61.0,1,74.0213732971039,-13.021373297103906,-0.7808088771710349,0.7808088771710349
66201,47,64,Neutral,66.0,0,70.0677489488497,-4.067748948849697,-0.24391701373551714,0.24391701373551714
66206,50,1,Standard,100.0,0,75.18820583556794,24.811794164432058,1.4878053719908217,1.4878053719908217
66206,23,2,Standard,100.0,0,81.532997184093,18.467002815906994,1.1073486186445223,1.1073486186445223
66206,110,3,Standard,100.0,1,76.48733705505566,23.51266294494434,1.4099047415702461,1.4099047415702461
66206,73,4,Standard,100.0,0,77.32013806868754,22.67986193131246,1.3599669654598392,1.3599669654598392
66206,125,5,Standard,0.0,0,75.54304497522348,-75.54304497522348,-4.529835584876755,4.529835584876755
66206,102,6,Standard,100.0,1,77.88336563934702,22.11663436065298,1.3261937929223306,1.3261937929223306
66206,28,7,Standard,100.0,1,80.94036713725633,19.05963286274367,1.1428848705351948,1.1428848705351948
66206,57,8,Standard,100.0,1,82.45468163587995,17.54531836412005,1.0520810684802224,1.0520810684802224
66206,106,9,Standard,100.0,0,78.59717207134679,21.40282792865321,1.283391364486371,1.283391364486371
66206,80,10,Standard,100.0,1,83.10026346877018,16.89973653122982,1.013369635011592,1.013369635011592
66206,49,11,Standard,100.0,1,82.5736008765651,17.426399123434905,1.0449502385228284,1.0449502385228284
66206,76,12,Standard,100.0,0,76.58759836457031,23.41240163542969,1.4038927089896855,1.4038927089896855
66206,13,13,Standard,100.0,0,78.82726002394107,21.172739976058935,1.2695944544511082,1.2695944544511082
66206,66,14,Standard,97.0,0,78.03264758666633,18.96735241333367,1.137351399337907,1.137351399337907
66206,75,15,Standard,100.0,1,75.21829431699419,24.78170568300581,1.486001157269212,1.486001157269212
66206,100,16,Standard,100.0,0,78.14082333685089,21.859176663149114,1.3107556934899347,1.3107556934899347
66206,63,17,Standard,100.0,1,76.9471599335708,23.052840066429198,1.3823320902623528,1.3823320902623528
66206,105,18,Standard,100.0,0,77.3364961490385,22.663503850961504,1.358986075498383,1.358986075498383
66206,124,19,Standard,100.0,1,79.1589242084414,20.841075791558595,1.2497066643087922,1.2497066643087922
66206,2,20,Standard,100.0,0,78.6996872938533,21.3003127061467,1.2772441790895703,1.2772441790895703
66206,60,21,Standard,100.0,1,80.61816007720238,19.381839922797624,1.1622055771179072,1.1622055771179072
66206,3,22,Standard,100.0,1,81.78319212810321,18.21680787189679,1.0923460203125994,1.0923460203125994
66206,58,23,Standard,100.0,1,80.61226694088892,19.387733059111085,1.16255895099353,1.16255895099353
66206,111,24,Standard,100.0,0,80.15544586715694,19.844554132843058,1.1899516031746988,1.1899516031746988
66206,64,25,Standard,100.0,0,79.04896441414967,20.951035585850335,1.2563002532917598,1.2563002532917598
66206,101,26,Standard,65.0,0,82.76485588122195,-17.764855881221948,-1.0652453360512455,1.0652453360512455
66206,16,27,Standard,100.0,0,79.02642338910374,20.97357661089626,1.2576518950928828,1.2576518950928828
66206,6,28,Standard,100.0,1,80.77044670375952,19.229553296240482,1.1530739174091196,1.1530739174091196
66206,51,29,Standard,100.0,0,78.20057163985315,21.799428360146848,1.3071729680495658,1.3071729680495658
66206,29,30,Standard,0.0,0,81.87603081918326,-81.87603081918326,-4.909584437254874,4.909584437254874
66206,116,31,Standard,63.0,1,82.22571366773325,-19.225713667733245,-1.1528436793263086,1.1528436793263086
66206,114,32,Standard,64.0,1,77.6995538736857,-13.699553873685701,-0.8214750498118123,0.8214750498118123
66206,27,33,Standard,82.0,0,80.73361672162532,1.2663832783746756,0.075936944828686,0.075936944828686
66206,7,34,Standard,82.0,1,84.84092165738532,-2.840921657385323,-0.17035198967279933,0.17035198967279933
66206,22,35,Standard,68.0,1,86.35374077153853,-18.353740771538526,-1.1005570147428732,1.1005570147428732
66206,115,36,Standard,79.0,1,84.64242182485428,-5.6424218248542815,-0.33834012350829984,0.33834012350829984
66206,35,37,Standard,80.0,1,83.77930875125465,-3.7793087512546464,-0.2266210909724954,0.2266210909724954
66206,17,38,Standard,63.0,1,84.92922564895048,-21.929225648950478,-1.3149560853151732,1.3149560853151732
66206,18,39,Standard,81.0,0,80.33144965009801,0.6685503499019916,0.04008870924201038,0.04008870924201038
66206,81,40,Standard,66.0,0,77.84008741267223,-11.840087412672233,-0.7099746814225549,0.7099746814225549
66206,90,41,Standard,85.0,1,79.98676807667518,5.013231923324824,0.30061160983072677,0.30061160983072677
66206,31,42,Standard,69.0,0,77.18880015053256,-8.188800150532558,-0.49103022431108684,0.49103022431108684
66206,91,43,Standard,72.0,0,76.1678240650145,-4.1678240650145,-0.24991788148598548,0.24991788148598548
66206,123,44,Standard,70.0,1,76.99365400693428,-6.993654006934278,-0.4193649170392483,0.4193649170392483
66206,120,45,Standard,68.0,0,76.53568828701204,-8.535688287012036,-0.51183089795499,0.51183089795499
66206,15,46,Standard,79.0,1,81.81716711329526,-2.8171671132952554,-0.16892758085850007,0.16892758085850007
66206,99,47,Standard,63.0,1,76.46132539730188,-13.461325397301877,-0.8071900043783332,0.8071900043783332
66206,36,48,Standard,71.0,0,75.17228310294523,-4.172283102945229,-0.2501852616094576,0.2501852616094576
66206,113,49,Standard,66.0,1,82.96019215224042,-16.960192152240424,-1.0169947738109277,1.0169947738109277
66206,48,50,Standard,56.0,1,85.25255277472732,-29.25255277472732,-1.754089400962131,1.754089400962131
66206,8,51,Standard,80.0,0,82.54319018830007,-2.5431901883000734,-0.1524989284963226,0.1524989284963226
66206,112,52,Standard,61.0,0,77.95192359706027,-16.951923597060272,-1.0164989611851216,1.0164989611851216
66206,5,53,Standard,65.0,1,75.818534300713,-10.818534300712997,-0.6487186433595904,0.6487186433595904
66206,26,54,Standard,58.0,1,85.97404958024322,-27.974049580243218,-1.6774257019061536,1.6774257019061536
66206,83,55,Standard,69.0,1,78.80697619052238,-9.806976190522377,-0.5880619419357198,0.5880619419357198
66206,67,56,Standard,65.0,1,79.28474556959789,-14.284745569597888,-0.8565652711417416,0.8565652711417416
66206,79,57,Standard,58.0,1,77.85568853651876,-19.855688536518755,-1.1906192624940062,1.1906192624940062
66206,121,58,Standard,62.0,1,79.12534482471237,-17.12534482471237,-1.02689792840241,1.02689792840241
66206,32,59,Standard,61.0,0,78.22142997265885,-17.221429972658854,-1.0326595431544876,1.0326595431544876
66206,20,60,Standard,67.0,1,76.02273745127862,-9.022737451278616,-0.541036136327402,0.541036136327402
66206,68,61,Standard,67.0,0,74.62486172316206,-7.624861723162056,-0.4572144262211347,0.4572144262211347
66206,82,62,Standard,64.0,1,74.8229172311737,-10.822917231173705,-0.6489814598025,0.6489814598025
66206,69,63,Standard,61.0,1,76.37049403990463,-15.370494039904628,-0.921670696249163,0.921670696249163
66206,72,64,Standard,58.0,1,76.42683729770226,-18.426837297702264,-1.1049401481664196,1.1049401481664196
66275,87,1,Neutral,100.0,1,78.20785573549854,21.79214426450146,1.306736187196094,1.306736187196094
66275,12,2,Neutral,78.0,1,82.91968760482423,-4.919687604824233,-0.29500235244844886,0.29500235244844886
66275,118,3,Neutral,77.0,0,80.32332888856274,-3.3233288885627417,-0.19927888086319342,0.19927888086319342
66275,41,4,Neutral,100.0,1,86.03586201363383,13.964137986366168,0.8373404750035836,0.8373404750035836
66275,96,5,Neutral,26.0,0,72.84999286220977,-46.849992862209774,-2.809295877443971,2.809295877443971
66275,52,6,Neutral,68.0,0,82.94436714455594,-14.94436714455594,-0.8961185785809298,0.8961185785809298
66275,34,7,Neutral,88.0,1,83.81342140072724,4.186578599272764,0.2510424715351255,0.2510424715351255
66275,54,8,Neutral,100.0,1,81.15770463498518,18.84229536501482,1.129852524123118,1.129852524123118
66275,47,9,Neutral,100.0,0,82.55975164664294,17.440248353357063,1.045780688692597,1.045780688692597
66275,89,10,Neutral,32.0,1,75.05428434077386,-43.05428434077386,-2.5816913966362462,2.5816913966362462
66275,88,11,Neutral,93.0,0,78.56606294026025,14.433937059739748,0.8655113352198713,0.8655113352198713
66275,45,12,Neutral,24.0,0,78.00261877102433,-54.00261877102433,-3.2381933276021715,3.2381933276021715
66275,9,13,Neutral,100.0,0,82.40821736436651,17.591782635633493,1.0548672351034503,1.0548672351034503
66275,78,14,Neutral,100.0,1,79.64492420387788,20.355075796122122,1.22056433791329,1.22056433791329
66275,86,15,Neutral,100.0,0,78.91070333825164,21.089296661748364,1.2645908899984433,1.2645908899984433
66275,40,16,Neutral,100.0,1,84.0887875723465,15.911212427653496,0.954094136355732,0.954094136355732
66275,61,17,Neutral,100.0,1,75.76672556994882,24.233274430051182,1.453115225727702,1.453115225727702
66275,38,18,Neutral,37.0,0,76.5323107697076,-39.53231076970761,-2.3705010585125454,2.3705010585125454
66275,4,19,Neutral,100.0,0,79.99122599550688,20.00877400449312,1.1997988236380561,1.1997988236380561
66275,14,20,Neutral,100.0,1,80.34710050495974,19.65289949504026,1.1784592944041095,1.1784592944041095
66275,94,21,Neutral,89.0,1,85.77417192254678,3.2258280774532153,0.19343237780175163,0.19343237780175163
66275,107,22,Neutral,100.0,1,78.3332729552263,21.666727044773694,1.29921571479436,1.29921571479436
66275,84,23,Neutral,71.0,1,79.72207171897303,-8.722071718973027,-0.5230071260618298,0.5230071260618298
66275,59,24,Neutral,84.0,1,76.28026193828347,7.7197380617165265,0.46290355636789815,0.46290355636789815
66275,95,25,Neutral,77.0,0,76.19553140713369,0.8044685928663142,0.0482388611695061,0.0482388611695061
66275,46,26,Neutral,91.0,0,75.57440786099671,15.425592139003285,0.9249745785594143,0.9249745785594143
66275,44,27,Neutral,92.0,1,78.64883076613341,13.351169233866585,0.8005846403876926,0.8005846403876926
66275,71,28,Neutral,71.0,0,76.05654366320067,-5.056543663200671,-0.30320873919712815,0.30320873919712815
66275,109,29,Neutral,81.0,0,76.6113609501218,4.3886390498781935,0.2631587506677565,0.2631587506677565
66275,98,30,Neutral,69.0,1,73.85083898339234,-4.850838983392336,-0.29087393883427426,0.29087393883427426
66275,74,31,Neutral,71.0,0,76.21451523347075,-5.214515233470749,-0.3126812887964057,0.3126812887964057
66275,42,32,Neutral,36.0,1,78.57210931129406,-42.57210931129406,-2.5527784291037228,2.5527784291037228
66275,117,33,Neutral,85.0,0,78.95295528530224,6.047044714697762,0.3626027828367636,0.3626027828367636
66275,77,34,Neutral,87.0,1,76.36889757586628,10.631102424133715,0.6374795467022141,0.6374795467022141
66275,103,35,Neutral,71.0,0,76.88641859086805,-5.886418590868047,-0.35297105655642497,0.35297105655642497
66275,93,36,Neutral,77.0,0,77.00660083378385,-0.00660083378384968,-0.0003958099885137772,0.0003958099885137772
66275,62,37,Neutral,41.0,1,73.12565760566605,-32.12565760566605,-1.9263712107109452,1.9263712107109452
66275,25,38,Neutral,91.0,0,80.06477653875228,10.935223461247716,0.6557157496045521,0.6557157496045521
66275,65,39,Neutral,61.0,0,75.18573063762976,-14.18573063762976,-0.8506279758896045,0.8506279758896045
66275,85,40,Neutral,67.0,0,78.21016243329116,-11.21016243329116,-0.6722020898049015,0.6722020898049015
66275,126,41,Neutral,70.0,1,77.70753780390555,-7.707537803905552,-0.4621719845601302,0.4621719845601302
66275,19,42,Neutral,73.0,0,79.93867763541823,-6.93867763541823,-0.41606833395734477,0.41606833395734477
66275,53,43,Neutral,40.0,0,74.49295307134038,-34.49295307134038,-2.0683228522399046,2.0683228522399046
66275,10,44,Neutral,86.0,1,77.66657765132693,8.333422348673068,0.49970229703088315,0.49970229703088315
66275,122,45,Neutral,100.0,1,74.56277891767931,25.43722108232069,1.5253082434903875,1.5253082434903875
66275,92,46,Neutral,100.0,1,79.97750974902719,20.022490250972808,1.2006212996372037,1.2006212996372037
66275,55,47,Neutral,95.0,1,82.91264347015026,12.087356529849743,0.7248018365418529,0.7248018365418529
66275,24,48,Neutral,100.0,0,78.31642349154767,21.683576508452333,1.3002260698863821,1.3002260698863821
66275,21,49,Neutral,55.0,1,75.1636233974781,-20.163623397478105,-1.2090841561378252,1.2090841561378252
66275,128,50,Neutral,71.0,0,76.86235615178985,-5.862356151789854,-0.351528185239402,0.351528185239402
66275,33,51,Neutral,79.0,0,75.5712761672766,3.4287238327234064,0.20559874483851587,0.20559874483851587
66275,70,52,Neutral,42.0,0,74.38045442169678,-32.38045442169678,-1.9416497540175839,1.9416497540175839
66275,1,53,Neutral,69.0,1,80.1291747695298,-11.129174769529797,-0.667345775085756,0.667345775085756
66275,104,54,Neutral,79.0,0,78.24776400706554,0.7522359929344589,0.045106804605734394,0.045106804605734394
66275,11,55,Neutral,100.0,1,84.22852934467967,15.771470655320329,0.9457147117082858,0.9457147117082858
66275,97,56,Neutral,60.0,0,76.4413426816182,-16.441342681618195,-0.9858826734714474,0.9858826734714474
66275,127,57,Neutral,41.0,1,75.40413790461264,-34.40413790461264,-2.062997171988969,2.062997171988969
66275,39,58,Neutral,74.0,1,79.64380728585651,-5.643807285856511,-0.3384232007863129,0.3384232007863129
66275,37,59,Neutral,100.0,1,77.14957238933206,22.850427610667936,1.3701947036209965,1.3701947036209965
66275,108,60,Neutral,57.0,1,75.51565044914479,-18.515650449144786,-1.1102657075735276,1.1102657075735276
66275,119,61,Neutral,100.0,1,73.32994304554855,26.670056954451454,1.599233563891784,1.599233563891784
66275,30,62,Neutral,100.0,1,78.63600263314163,21.36399736685837,1.2810629428473346,1.2810629428473346
66275,56,63,Neutral,100.0,1,84.08909593699836,15.910904063001638,0.9540756456902636,0.9540756456902636
66275,43,64,Neutral,96.0,0,79.08431208322868,16.91568791677132,1.014326138073888,1.014326138073888
66305,62,1,Neutral,100.0,0,91.311331286534,8.688668713466,0.5210041604276382,0.5210041604276382
66305,71,2,Neutral,100.0,1,93.63428193283141,6.3657180671685865,0.38171159546733424,0.38171159546733424
66305,24,3,Neutral,100.0,0,96.89574965101315,3.1042503489868523,0.18614213525306908,0.18614213525306908
66305,89,4,Neutral,100.0,0,91.75723932463232,8.242760675367677,0.4942658935332756,0.4942658935332756
66305,104,5,Neutral,100.0,0,96.83150305533445,3.1684969446655487,0.18999459467415805,0.18999459467415805
66305,47,6,Neutral,100.0,0,99.30203290598658,0.6979670940134213,0.041852644152376675,0.041852644152376675
66305,42,7,Neutral,100.0,1,95.93556464828518,4.06443535171482,0.24371831840598104,0.24371831840598104
66305,54,8,Neutral,50.0,1,97.59822463311195,-47.598224633111954,-2.8541625743408154,2.8541625743408154
66305,40,9,Neutral,100.0,1,100.66493795214257,-0.6649379521425658,-0.03987209674084971,0.03987209674084971
66305,9,10,Neutral,100.0,0,99.15049862371015,0.8495013762898509,0.05093919056322976,0.05093919056322976
66305,86,11,Neutral,100.0,1,95.35563622518185,4.644363774818146,0.2784929347656539,0.2784929347656539
66305,65,12,Neutral,100.0,1,92.80720807154913,7.192791928450873,0.4313059507039639,0.4313059507039639
66305,44,13,Neutral,100.0,0,95.7016990643008,4.298300935699203,0.2577417489515447,0.2577417489515447
66305,128,14,Neutral,100.0,0,94.87748606430677,5.1225139356932345,0.30716455654575164,0.30716455654575164
66305,25,15,Neutral,100.0,0,97.68184108386822,2.318158916131779,0.13900523540105017,0.13900523540105017
66305,56,16,Neutral,100.0,1,102.414812888339,-2.414812888339,-0.1448009589235473,0.1448009589235473
66305,1,17,Neutral,100.0,1,98.14430468204672,1.855695317953277,0.11127423694280428,0.11127423694280428
66305,98,18,Neutral,50.0,1,90.9867727213335,-40.986772721333494,-2.4577158842782416,2.4577158842782416
66305,77,19,Neutral,100.0,1,93.46550503832229,6.534494961677709,0.3918320715866535,0.3918320715866535
66305,126,20,Neutral,100.0,1,95.06658025209325,4.933419747906754,0.2958257816656882,0.2958257816656882
66305,59,21,Neutral,100.0,0,93.0225431976271,6.977456802372899,0.41839367377493814,0.41839367377493814
66305,19,22,Neutral,100.0,0,97.42452468766834,2.575475312331662,0.15443486189361172,0.15443486189361172
66305,55,23,Neutral,100.0,1,100.23235964285277,-0.23235964285277078,-0.01393312884103294,0.01393312884103294
66305,109,24,Neutral,100.0,1,93.10003300134063,6.899966998659366,0.4137471034594074,0.4137471034594074
66305,122,25,Neutral,100.0,0,92.0486259699294,7.951374030070596,0.4767932910553441,0.4767932910553441
66305,118,26,Neutral,100.0,0,95.92839187640237,4.071608123597628,0.24414842388197291,0.24414842388197291
66305,33,27,Neutral,100.0,1,93.06153610833013,6.938463891669869,0.4160555171052085,0.4160555171052085
66305,87,28,Neutral,100.0,0,93.4674182978327,6.532581702167306,0.3917173455914786,0.3917173455914786
66305,43,29,Neutral,100.0,1,96.88515906310595,3.114840936894055,0.1867771854020609,0.1867771854020609
66305,103,30,Neutral,100.0,0,93.71617817878891,6.283821821211092,0.3768007988569017,0.3768007988569017
66305,93,31,Neutral,100.0,0,93.66581665335369,6.334183346646313,0.3798206589922717,0.3798206589922717
66305,11,32,Neutral,100.0,1,101.50450635309355,-1.5045063530935465,-0.09021566999518657,0.09021566999518657
66305,21,33,Neutral,100.0,0,92.47451379257373,7.525486207426269,0.4512555090555228,0.4512555090555228
66305,74,34,Neutral,100.0,0,92.52381773873165,7.476182261268349,0.4482990652180492,0.4482990652180492
66305,127,35,Neutral,100.0,0,92.80691951708894,7.193080482911057,0.43132325347832706,0.43132325347832706
66305,85,36,Neutral,100.0,1,94.65509532022136,5.344904679778637,0.3204999139785329,0.3204999139785329
66305,12,37,Neutral,100.0,1,97.65879308449844,2.3412069155015587,0.14038727722554492,0.14038727722554492
66305,108,38,Neutral,100.0,0,92.91843206162108,7.0815679383789245,0.42463655594650956,0.42463655594650956
66305,97,39,Neutral,100.0,1,93.62542847265142,6.374571527348579,0.3822424811231318,0.3822424811231318
66305,30,40,Neutral,100.0,1,96.03878424561793,3.961215754382067,0.23752889613411066,0.23752889613411066
66305,92,41,Neutral,100.0,1,96.63672556859704,3.3632744314029566,0.20167416081880246,0.20167416081880246
66305,53,42,Neutral,100.0,0,90.97721223375576,9.022787766244235,0.5410391533956416,0.5410391533956416
66305,4,43,Neutral,100.0,1,95.38200605070688,4.617993949293123,0.2769117041696484,0.2769117041696484
66305,88,44,Neutral,100.0,0,93.56319051686273,6.436809483137267,0.38597449519476545,0.38597449519476545
66305,39,45,Neutral,100.0,1,96.48239265138425,3.517607348615755,0.2109285235538188,0.2109285235538188
66305,37,46,Neutral,100.0,1,94.15870152321082,5.841298476789177,0.35026549049915,0.35026549049915
66305,119,47,Neutral,100.0,0,90.55335511206697,9.446644887933033,0.5664551671843242,0.5664551671843242
66305,84,48,Neutral,100.0,1,95.0691126098844,4.9308873901156005,0.29567393228710187,0.29567393228710187
66305,52,49,Neutral,100.0,1,97.33355930992124,2.6664406900787583,0.15988947661354655,0.15988947661354655
66305,107,50,Neutral,100.0,1,93.54909635327186,6.450903646728136,0.3868196324776739,0.3868196324776739
66305,34,51,Neutral,100.0,1,98.15887440180393,1.8411255981960721,0.11040058358345778,0.11040058358345778
66305,61,52,Neutral,100.0,0,90.84691858632509,9.153081413674911,0.5488520341288505,0.5488520341288505
66305,95,53,Neutral,100.0,0,91.24081103682819,8.759188963171809,0.5252328109496888,0.5252328109496888
66305,38,54,Neutral,100.0,0,91.39822085344426,8.601779146555742,0.5157939461415486,0.5157939461415486
66305,14,55,Neutral,100.0,1,95.25674975298499,4.743250247015013,0.2844225271029393,0.2844225271029393
66305,70,56,Neutral,100.0,1,90.64601776266909,9.35398223733091,0.5608987778142086,0.5608987778142086
66305,96,57,Neutral,50.0,1,87.01607631732857,-37.01607631732857,-2.219618493929429,2.219618493929429
66305,94,58,Neutral,100.0,1,100.42579907364377,-0.42579907364377334,-0.02553246028713468,0.02553246028713468
66305,45,59,Neutral,100.0,0,92.38739804758617,7.612601952413826,0.45647928580131203,0.45647928580131203
66305,46,60,Neutral,50.0,0,90.52779627331057,-40.52779627331057,-2.430193988019539,2.430193988019539
66305,78,61,Neutral,49.0,1,94.20024724879075,-45.200247248790745,-2.710371133437281,2.710371133437281
66305,117,62,Neutral,100.0,0,94.2955832874102,5.704416712589804,0.3420575623358837,0.3420575623358837
66305,10,63,Neutral,49.0,0,93.27605352797,-44.27605352797001,-2.6549531183802166,2.6549531183802166
66305,41,64,Neutral,100.0,1,99.68148838609267,0.31851161390733296,0.019099114198364287,0.019099114198364287
66312,94,1,Neutral,82.0,1,73.5094637452057,8.490536254794307,0.5091234179700828,0.5091234179700828
66312,108,2,Neutral,73.0,1,63.37798309486985,9.622016905130153,0.5769711108340895,0.5769711108340895
66312,103,3,Neutral,40.0,1,64.97598544839197,-24.975985448391967,-1.4976508782323579,1.4976508782323579
66312,85,4,Neutral,70.0,1,66.64528088456791,3.35471911543209,0.20116115297357454,0.20116115297357454
66312,86,5,Neutral,67.0,1,66.20860351802439,0.7913964819756103,0.04745500988178548,0.04745500988178548
66312,24,6,Neutral,50.0,0,66.84338199195777,-16.84338199195777,-1.009990411981231,1.009990411981231
66312,61,7,Neutral,50.0,1,62.894030813123216,-12.894030813123216,-0.7731729589261254,0.7731729589261254
66312,117,8,Neutral,50.0,0,66.73634799280588,-16.736347992805875,-1.00357226431047,1.00357226431047
66312,89,9,Neutral,34.0,1,60.42348462204787,-26.423484622047873,-1.5844481905204282,1.5844481905204282
66312,98,10,Neutral,93.0,1,61.41553586945288,31.58446413054712,1.8939192826386668,1.8939192826386668
66312,107,11,Neutral,85.0,1,65.8454560676387,19.154543932361307,1.1485760832827574,1.1485760832827574
66312,122,12,Neutral,82.0,1,62.69608493949187,19.30391506050813,1.157532919108671,1.157532919108671
66312,41,13,Neutral,82.0,1,72.50271807192289,9.497281928077115,0.5694915481831669,0.5694915481831669
66312,52,14,Neutral,50.0,1,69.45496236713362,-19.454962367133618,-1.1665902646892776,1.1665902646892776
66312,93,15,Neutral,64.0,1,63.250584400830135,0.7494155991698648,0.044937683543134745,0.044937683543134745
66312,11,16,Neutral,86.0,1,72.79486528882224,13.205134711177763,0.7918278795540079,0.7918278795540079
66312,21,17,Neutral,74.0,1,63.253190255002025,10.746809744997975,0.6444177782714284,0.6444177782714284
66312,127,18,Neutral,23.0,1,62.43542642885401,-39.43542642885401,-2.3646915212485937,2.3646915212485937
66312,53,19,Neutral,32.0,1,60.868154131252545,-28.868154131252545,-1.7310394609635318,1.7310394609635318
66312,46,20,Neutral,26.0,0,62.867895151966025,-36.867895151966025,-2.2107330125977205,2.2107330125977205
66312,14,21,Neutral,24.0,1,67.33441364590874,-43.33441364590874,-2.5984889680762504,2.5984889680762504
66312,37,22,Neutral,57.0,1,65.79897377324845,-8.798973773248449,-0.5276184527845107,0.5276184527845107
66312,4,23,Neutral,26.0,1,66.84732164359004,-40.847321643590035,-2.4493538907351042,2.4493538907351042
66312,42,24,Neutral,76.0,1,65.78253116248959,10.21746883751041,0.6126765732398526,0.6126765732398526
66312,25,25,Neutral,75.0,1,67.32329927479255,7.6767007252074535,0.46032288122485815,0.46032288122485815
66312,62,26,Neutral,77.0,1,60.29670201312907,16.70329798687093,1.0015904658138168,1.0015904658138168
66312,56,27,Neutral,76.0,1,72.5242143882751,3.475785611724902,0.20842074018273982,0.20842074018273982
66312,88,28,Neutral,81.0,1,63.14795826433919,17.852041735660812,1.0704733168145915,1.0704733168145915
66312,126,29,Neutral,67.0,0,65.26346008060655,1.7365399193934508,0.10412924610078168,0.10412924610078168
66312,39,30,Neutral,60.0,1,67.72901242282434,-7.72901242282434,-0.46345968077335403,0.46345968077335403
66312,19,31,Neutral,62.0,1,67.10972204288127,-5.109722042881273,-0.30639750815265926,0.30639750815265926
66312,40,32,Neutral,43.0,1,70.24946948061525,-27.249469480615247,-1.6339772451956143,1.6339772451956143
66312,128,33,Neutral,58.0,0,62.9313830616817,-4.9313830616817,-0.29570365455603165,0.29570365455603165
66312,97,34,Neutral,72.0,1,64.43465660120533,7.565343398794667,0.45364549113571334,0.45364549113571334
66312,47,35,Neutral,100.0,0,68.1124469754272,31.887553024572796,1.9120935944894633,1.9120935944894633
66312,10,36,Neutral,79.0,1,63.34195208262125,15.658047917378752,0.9389134720358525,0.9389134720358525
66312,65,37,Neutral,61.0,1,62.3042612714446,-1.3042612714446022,-0.0782082469842735,0.0782082469842735
66312,96,38,Neutral,50.0,0,56.73206155767088,-6.732061557670882,-0.4036788828610252,0.4036788828610252
66312,77,39,Neutral,62.0,1,63.181254059660844,-1.1812540596608443,-0.07083228741953411,0.07083228741953411
66312,95,40,Neutral,60.0,1,62.39995247969104,-2.399952479691038,-0.14390987480162148,0.14390987480162148
66312,45,41,Neutral,58.0,1,62.059644123639885,-4.059644123639885,-0.24343101895391073,0.24343101895391073
66312,12,42,Neutral,76.0,1,68.03062957016623,7.9693704298337735,0.4778724206042476,0.4778724206042476
66312,92,43,Neutral,75.0,1,67.13977954713066,7.860220452869342,0.47132739121201006,0.47132739121201006
66312,109,44,Neutral,72.0,1,62.815782022679194,9.184217977320806,0.5507190956702567,0.5507190956702567
66312,54,45,Neutral,64.0,1,64.86481667329183,-0.864816673291827,-0.051857551444436774,0.051857551444436774
66312,87,46,Neutral,64.0,1,61.56505445949625,2.4349455405037475,0.1460081859319864,0.1460081859319864
66312,30,47,Neutral,70.0,1,66.32314240270848,3.676857597291516,0.2204777473584527,0.2204777473584527
66312,9,48,Neutral,80.0,0,67.56726021455324,12.432739785446756,0.7455122720576184,0.7455122720576184
66312,44,49,Neutral,72.0,1,63.01203026876929,8.987969731230713,0.538951337448436,0.538951337448436
66312,104,50,Neutral,79.0,1,63.74818178120541,15.25181821879459,0.914554462614352,0.914554462614352
66312,71,51,Neutral,64.0,1,62.08159518980013,1.918404810199867,0.11503452605454612,0.11503452605454612
66312,118,52,Neutral,50.0,1,64.87002343870886,-14.870023438708856,-0.89166065972992,0.89166065972992
66312,119,53,Neutral,70.0,1,60.36976996014572,9.630230039854283,0.5774636002478926,0.5774636002478926
66312,55,54,Neutral,80.0,1,69.46697785701654,10.533022142983455,0.6315982965106858,0.6315982965106858
66312,74,55,Neutral,76.0,1,60.490236407529366,15.509763592470634,0.9300218048827938,0.9300218048827938
66312,33,56,Neutral,50.0,0,62.38363265107113,-12.383632651071132,-0.742567629770046,0.742567629770046
66312,34,57,Neutral,73.0,0,68.48697172318307,4.513028276816925,0.27061758088498145,0.27061758088498145
66312,1,58,Neutral,77.0,0,66.94153125332436,10.058468746675644,0.603142349808719,0.603142349808719
66312,70,59,Neutral,76.0,1,61.1053325769141,14.894667423085899,0.89313840261705,0.89313840261705
66312,84,60,Neutral,74.0,1,65.13477494553187,8.865225054468127,0.5315911204379128,0.5315911204379128
66312,59,61,Neutral,30.0,1,61.35182645989296,-31.351826459892962,-1.879969482239998,1.879969482239998
66312,78,62,Neutral,77.0,1,64.2353579183126,12.764642081687398,0.7654143402454479,0.7654143402454479
66312,43,63,Neutral,78.0,1,65.9885597844039,12.011440215596096,0.7202496183741627,0.7202496183741627
66312,38,64,Neutral,78.0,1,59.845770329416716,18.154229670583284,1.0885936038824637,1.0885936038824637
66314,22,1,Standard,57.0,1,62.67561930287489,-5.6756193028748925,-0.34033076496728853,0.34033076496728853
66314,18,2,Standard,58.0,0,56.7845456743002,1.2154543256998025,0.0728830596933594,0.0728830596933594
66314,69,3,Standard,55.0,0,54.852955789345785,0.14704421065421514,0.008817305394428297,0.008817305394428297
66314,2,4,Standard,47.0,0,55.257625814595386,-8.257625814595386,-0.49515726131795923,0.49515726131795923
66314,91,5,Standard,52.0,0,53.68802420010611,-1.6880242001061134,-0.10122006721176878,0.10122006721176878
66314,73,6,Standard,47.0,0,52.067406685633756,-5.067406685633756,-0.3038601255106246,0.3038601255106246
66314,90,7,Standard,53.0,1,56.30864660801153,-3.3086466080115287,-0.198398477949466,0.198398477949466
66314,28,8,Standard,54.0,0,56.75473986509197,-2.7547398650919703,-0.16518421612558626,0.16518421612558626
66314,68,9,Standard,48.0,1,51.73404521169349,-3.7340452116934912,-0.22390692460193345,0.22390692460193345
66314,26,10,Standard,53.0,1,62.733319754465725,-9.733319754465725,-0.5836452342796536,0.5836452342796536
66314,57,11,Standard,51.0,1,57.15821108853755,-6.1582110885375485,-0.3692687227154955,0.3692687227154955
66314,99,12,Standard,51.0,1,52.826943092926854,-1.8269430929268538,-0.10955014901238272,0.10955014901238272
66314,48,13,Standard,50.0,1,61.70564879892951,-11.70564879892951,-0.7019132534418185,0.7019132534418185
66314,67,14,Standard,51.0,1,56.97990236184398,-5.979902361843983,-0.358576683289027,0.358576683289027
66314,13,15,Standard,52.0,1,53.57452864088728,-1.57452864088728,-0.09441446091083694,0.09441446091083694
66314,27,16,Standard,54.0,0,56.311929460055225,-2.311929460055225,-0.13863169456986904,0.13863169456986904
66314,101,17,Standard,52.0,1,57.99325530534295,-5.993255305342949,-0.35937737432079964,0.35937737432079964
66314,105,18,Standard,51.0,1,53.19460804116275,-2.194608041162752,-0.1315966758154402,0.1315966758154402
66314,115,19,Standard,52.0,1,60.22073456328419,-8.22073456328419,-0.4929451277851516,0.4929451277851516
66314,64,20,Standard,52.0,0,54.102407181116185,-2.1024071811161846,-0.12606797708570058,0.12606797708570058
66314,116,21,Standard,52.0,0,57.49785225614282,-5.497852256142821,-0.32967120664038374,0.32967120664038374
66314,106,22,Standard,53.0,0,52.86330988111823,0.13669011888177351,0.008196436413368972,0.008196436413368972
66314,113,23,Standard,53.0,1,58.932157369267884,-5.932157369267884,-0.35571371997530526,0.35571371997530526
66314,124,24,Standard,54.0,1,53.77497533252178,0.22502466747822325,0.01349329705404689,0.01349329705404689
66314,82,25,Standard,52.0,1,52.299378201976715,-0.2993782019767153,-0.017951805266723478,0.017951805266723478
66314,121,26,Standard,53.0,1,55.35974502747148,-2.359745027471483,-0.14149888980755476,0.14149888980755476
66314,120,27,Standard,54.0,1,52.157740189730546,1.8422598102694536,0.11046859506237666,0.11046859506237666
66314,31,28,Standard,53.0,0,52.635895396096615,0.3641046039033853,0.02183303561459506,0.02183303561459506
66314,112,29,Standard,54.0,1,53.79267132122186,0.20732867877813987,0.0124321812445173,0.0124321812445173
66314,76,30,Standard,53.0,0,50.63504035289868,2.3649596471013226,0.14181157735633693,0.14181157735633693
66314,50,31,Standard,53.0,0,48.71077785243293,4.289222147567067,0.257197351812642,0.257197351812642
66314,81,32,Standard,54.0,0,53.02474767250459,0.9752523274954115,0.05847967471752716,0.05847967471752716
66314,79,33,Standard,53.0,1,54.76354037156976,-1.7635403715697606,-0.10574829136320295,0.10574829136320295
66314,123,34,Standard,54.0,1,53.28915754194468,0.7108424580553176,0.042624697783844055,0.042624697783844055
66314,114,35,Standard,53.0,0,52.40308332634329,0.5969166736567075,0.03579329361721191,0.03579329361721191
66314,23,36,Standard,56.0,0,54.88061254380355,1.1193874561964492,0.067122540983176,0.067122540983176
66314,35,37,Standard,55.0,1,58.61405569677808,-3.614055696778081,-0.2167119171111156,0.2167119171111156
66314,5,38,Standard,53.0,0,51.309368710565664,1.6906312894343358,0.101376397764976,0.101376397764976
66314,111,39,Standard,54.0,0,54.33410534835117,-0.3341053483511729,-0.02003417120073945,0.02003417120073945
66314,51,40,Standard,55.0,0,52.55418777820182,2.445812221798178,0.14665979164410947,0.14665979164410947
66314,66,41,Standard,53.0,0,51.686437096397164,1.3135629036028362,0.07876600666104616,0.07876600666104616
66314,3,42,Standard,53.0,1,55.74315578785436,-2.743155787854363,-0.16448959274488872,0.16448959274488872
66314,75,43,Standard,54.0,0,49.851709609037215,4.148290390962785,0.24874657138256215,0.24874657138256215
66314,83,44,Standard,56.0,1,54.12285394322059,1.8771460567794094,0.11256050121886545,0.11256050121886545
66314,7,45,Standard,53.0,1,59.19453779573402,-6.194537795734021,-0.37144700413099774,0.37144700413099774
66314,110,46,Standard,53.0,1,50.46466488276946,2.535335117230538,0.15202790988085393,0.15202790988085393
66314,72,47,Standard,56.0,1,53.02851498273297,2.971485017267028,0.1781810433450096,0.1781810433450096
66314,32,48,Standard,55.0,0,53.53730772535705,1.4626922746429472,0.08770834585202454,0.08770834585202454
66314,17,49,Standard,55.0,1,59.282841787299155,-4.282841787299155,-0.256814762217592,0.256814762217592
66314,63,50,Standard,62.0,0,50.33851445756996,11.661485542430043,0.6992650640432984,0.6992650640432984
66314,29,51,Standard,61.0,1,55.79225531464577,5.207744685354228,0.3122753021195727,0.3122753021195727
66314,60,52,Standard,60.0,1,54.096992929778764,5.903007070221236,0.3539657620795835,0.3539657620795835
66314,102,53,Standard,57.0,1,50.66237186330555,6.337628136694448,0.38002722112578896,0.38002722112578896
66314,80,54,Standard,54.0,1,56.01048718559458,-2.0104871855945774,-0.12055612001385428,0.12055612001385428
66314,58,55,Standard,61.0,1,55.07072557577749,5.929274424222513,0.3555408481105287,0.3555408481105287
66314,15,56,Standard,54.0,1,56.21452241593255,-2.2145224159325494,-0.1327908141178132,0.1327908141178132
66314,20,57,Standard,57.0,0,50.98870188966791,6.011298110332092,0.36045928649574066,0.36045928649574066
66314,49,58,Standard,56.0,0,55.352607100523635,0.6473928994763654,0.03882003160458259,0.03882003160458259
66314,16,59,Standard,55.0,0,53.484882023992306,1.5151179760076943,0.09085198147965964,0.09085198147965964
66314,8,60,Standard,60.0,0,56.98428465522598,3.015715344774023,0.18083325456495247,0.18083325456495247
66314,6,61,Standard,53.0,1,55.18516617435945,-2.185166174359452,-0.1310305071595794,0.1310305071595794
66314,36,62,Standard,54.0,1,50.41804669502888,3.5819533049711225,0.21478694100226914,0.21478694100226914
66314,100,63,Standard,55.0,0,50.919829560809426,4.080170439190574,0.24466185144998526,0.24466185144998526
66314,125,64,Standard,54.0,0,47.79718122771864,6.202818772281361,0.3719435615871338,0.3719435615871338
66373,128,1,Neutral,78.0,0,76.66164616707515,1.3383538329248523,0.08025256090123947,0.08025256090123947
66373,118,2,Neutral,93.0,0,78.36422655469656,14.635773445303442,0.8776141785980963,0.8776141785980963
66373,34,3,Neutral,92.0,1,82.15613149632526,9.843868503674742,0.5902741391403838,0.5902741391403838
66373,46,4,Neutral,79.0,0,74.87496668214084,4.125033317859163,0.24735199273697778,0.24735199273697778
66373,61,5,Neutral,86.0,1,74.28875404325741,11.711245956742587,0.7022488793706406,0.7022488793706406
66373,95,6,Neutral,89.0,0,75.19432896706091,13.805671032939088,0.8278382204294341,0.8278382204294341
66373,30,7,Neutral,55.0,0,79.37995387581003,-24.37995387581003,-1.4619106584930393,1.4619106584930393
66373,96,8,Neutral,79.0,1,70.3748463344871,8.625153665512897,0.5171955672674409,0.5171955672674409
66373,74,9,Neutral,89.0,0,74.83284781296342,14.167152187036578,0.8495139444571084,0.8495139444571084
66373,108,10,Neutral,88.0,1,75.35867962871869,12.64132037128131,0.7580195222000727,0.7580195222000727
66373,84,11,Neutral,71.0,1,78.58523889723097,-7.5852388972309654,-0.454838497544512,0.454838497544512
66373,39,12,Neutral,93.0,1,79.82356228157637,13.176437718423628,0.7901071035514088,0.7901071035514088
66373,45,13,Neutral,73.0,0,75.61495057187886,-2.6149505718788646,-0.15680194195343475,0.15680194195343475
66373,85,14,Neutral,77.0,0,77.51513414323871,-0.5151341432387113,-0.03088931580389755,0.03088931580389755
66373,4,15,Neutral,76.0,0,78.5044798594559,-2.5044798594558983,-0.15017771646206932,0.15017771646206932
66373,11,16,Neutral,83.0,1,84.1021101903792,-1.102110190379193,-0.06608653331980936,0.06608653331980936
66373,119,17,Neutral,100.0,1,73.25162477609283,26.748375223907175,1.60392981202479,1.60392981202479
66373,87,18,Neutral,72.0,1,75.12036090773523,-3.1203609077352326,-0.1871081829194637,0.1871081829194637
66373,109,19,Neutral,100.0,0,75.21650603145153,24.78349396854847,1.4861083893709854,1.4861083893709854
66373,14,20,Neutral,91.0,1,78.68539771175432,12.31460228824568,0.7384283182812618,0.7384283182812618
66373,59,21,Neutral,68.0,1,74.40863793299452,-6.408637932994523,-0.3842852266411932,0.3842852266411932
66373,126,22,Neutral,80.0,0,76.87687913218383,3.1231208678161693,0.18727368015870746,0.18727368015870746
66373,92,23,Neutral,87.0,1,79.32180773445992,7.678192265540076,0.46041231940513283,0.46041231940513283
66373,40,24,Neutral,97.0,1,81.90662769648114,15.093372303518862,0.9050534695642339,0.9050534695642339
66373,43,25,Neutral,95.0,0,78.95789292892823,16.04210707107177,0.9619430549930509,0.9619430549930509
66373,52,26,Neutral,83.0,1,80.23733729722719,2.762662702772815,0.16565929827340892,0.16565929827340892
66373,10,27,Neutral,100.0,1,76.06621440937654,23.933785590623458,1.4351567862372354,1.4351567862372354
66373,88,28,Neutral,87.0,1,75.47856811249696,11.521431887503041,0.6908669377817946,0.6908669377817946
66373,9,29,Neutral,100.0,0,79.70554923759389,20.294450762406115,1.2169290405123023,1.2169290405123023
66373,103,30,Neutral,90.0,0,75.10227291415633,14.89772708584367,0.8933218711182525,0.8933218711182525
66373,98,31,Neutral,91.0,1,71.80425832094893,19.195741679051068,1.1510464499330988,1.1510464499330988
66373,104,32,Neutral,88.0,0,76.86609658655824,11.133903413441757,0.6676293217639132,0.6676293217639132
66373,54,33,Neutral,90.0,1,77.72029649291298,12.27970350708702,0.7363356605016718,0.7363356605016718
66373,1,34,Neutral,95.0,1,79.29851609780806,15.701483902191939,0.9415180515803422,0.9415180515803422
66373,78,35,Neutral,94.0,1,76.72356025566216,17.276439744337836,1.0359581290315745,1.0359581290315745
66373,71,36,Neutral,42.0,0,74.04492755568631,-32.044927555686314,-1.9215303434506035,1.9215303434506035
66373,70,37,Neutral,70.0,0,73.3748390928206,-3.3748390928205936,-0.2023676199563557,0.2023676199563557
66373,97,38,Neutral,71.0,0,75.56694484560784,-4.566944845607836,-0.2738506143429738,0.2738506143429738
66373,89,39,Neutral,85.0,1,71.4419195415472,13.558080458452807,0.8129917895613658,0.8129917895613658
66373,21,40,Neutral,96.0,0,73.55443437792083,22.445565622079172,1.3459177070626125,1.3459177070626125
66373,12,41,Neutral,88.0,1,79.3816136360118,8.618386363988193,0.5167897752680549,0.5167897752680549
66373,122,42,Neutral,73.0,1,72.69115491239036,0.30884508760964025,0.01851947414255509,0.01851947414255509
66373,47,43,Neutral,95.0,0,79.06977856267524,15.93022143732476,0.9552339856756846,0.9552339856756846
66373,93,44,Neutral,33.0,0,74.31275848461807,-41.31275848461807,-2.477263175642708,2.477263175642708
66373,55,45,Neutral,82.0,1,81.16787523717105,0.8321247628289541,0.049897225654009655,0.049897225654009655
66373,24,46,Neutral,91.0,0,76.40106032197012,14.598939678029879,0.8754054920171466,0.8754054920171466
66373,127,47,Neutral,36.0,1,73.49760051264195,-37.49760051264195,-2.2484924350794726,2.2484924350794726
66373,56,48,Neutral,88.0,1,82.91293683977113,5.087063160228865,0.3050387991810248,0.3050387991810248
66373,25,49,Neutral,90.0,0,77.58080423342274,12.41919576657726,0.7447001234520465,0.7447001234520465
66373,41,50,Neutral,95.0,1,82.1916138948011,12.808386105198906,0.7680373909100472,0.7680373909100472
66373,62,51,Neutral,24.0,1,70.51046780747066,-46.51046780747066,-2.7889367209469182,2.7889367209469182
66373,107,52,Neutral,56.0,1,75.35939523336243,-19.359395233362434,-1.1608597119501953,1.1608597119501953
66373,117,53,Neutral,85.0,0,76.07533050137515,8.924669498624851,0.5351556253973392,0.5351556253973392
66373,53,54,Neutral,27.0,0,71.66789322930879,-44.66789322930879,-2.6784492512574927,2.6784492512574927
66373,38,55,Neutral,78.0,0,72.57003265617203,5.429967343827968,0.32560058052806706,0.32560058052806706
66373,44,56,Neutral,58.0,1,75.03646596690675,-17.036465966906746,-1.0215684290029197,1.0215684290029197
66373,94,57,Neutral,88.0,1,82.3673154466002,5.632684553399798,0.33775624131572224,0.33775624131572224
66373,77,58,Neutral,56.0,0,73.65745483973411,-17.657454839734115,-1.058805179187778,1.058805179187778
66373,37,59,Neutral,27.0,1,75.48786959612664,-48.48786959612664,-2.90750892029089,2.90750892029089
66373,33,60,Neutral,55.0,0,73.51592089547364,-18.51592089547364,-1.1102819245185112,1.1102819245185112
66373,19,61,Neutral,96.0,0,77.10479201577976,18.895207984220235,1.1330253571144853,1.1330253571144853
66373,42,62,Neutral,17.0,0,75.42768782107918,-58.427687821079175,-3.5035365535080043,3.5035365535080043
66373,65,63,Neutral,29.0,1,72.47428790149758,-43.474287901497576,-2.6068763369012995,2.6068763369012995
66373,86,64,Neutral,57.0,0,74.93523772655305,-17.935237726553055,-1.0754620508560424,1.0754620508560424
66420,18,1,Standard,100.0,0,72.51606390125687,27.48393609874313,1.6480367159332545,1.6480367159332545
66420,116,2,Standard,100.0,0,74.01667544029455,25.98332455970545,1.558054593146981,1.558054593146981
66420,99,3,Standard,100.0,1,68.90837463419243,31.091625365807573,1.8643668787759935,1.8643668787759935
66420,102,4,Standard,100.0,0,68.49336997611576,31.50663002388424,1.8892520666667103,1.8892520666667103
66420,69,5,Standard,90.0,1,70.28271275508557,19.71728724491443,1.1823202179438719,1.1823202179438719
66420,35,6,Standard,99.0,1,75.48720508404217,23.512794915957826,1.4099126550319456,1.4099126550319456
66420,17,7,Standard,100.0,1,76.63712198173799,23.36287801826201,1.4009230928799359,1.4009230928799359
66420,79,8,Standard,61.0,1,71.37425477310217,-10.374254773102166,-0.6220780278738915,0.6220780278738915
66420,66,9,Standard,30.0,1,68.60332564794986,-38.60332564794986,-2.3147957336379723,2.3147957336379723
66420,22,10,Standard,65.0,1,77.79920211859437,-12.799202118594366,-0.7674866856883299,0.7674866856883299
66420,76,11,Standard,74.0,1,66.98331976869937,7.016680231300626,0.4207456531553824,0.4207456531553824
66420,2,12,Standard,58.0,0,70.42494779460348,-12.424947794603483,-0.7450450359618207,0.7450450359618207
66420,26,13,Standard,65.0,1,78.11933755591691,-13.119337555916914,-0.7866831702414662,0.7866831702414662
66420,32,14,Standard,63.0,0,70.54167460548699,-7.541674605486989,-0.4522262242500407,0.4522262242500407
66420,28,15,Standard,59.0,0,71.96580100938867,-12.96580100938867,-0.7774765607876001,0.7774765607876001
66420,36,16,Standard,59.0,0,67.94728354662219,-8.947283546622188,-0.5365116459200762,0.5365116459200762
66420,81,17,Standard,80.0,0,69.19807043115084,10.801929568849161,0.6477229632768136,0.6477229632768136
66420,15,18,Standard,70.0,1,73.39384595321695,-3.393845953216953,-0.20350734039797216,0.20350734039797216
66420,51,19,Standard,71.0,0,68.98994552257976,2.0100544774202405,0.12053017325877416,0.12053017325877416
66420,114,20,Standard,67.0,0,68.74694985334057,-1.746949853340567,-0.1047534635816276,0.1047534635816276
66420,13,21,Standard,67.0,0,68.82932894947261,-1.829328949472611,-0.10969321364374525,0.10969321364374525
66420,29,22,Standard,63.0,1,72.57792637333263,-9.57792637333263,-0.574327282273061,0.574327282273061
66420,120,23,Standard,61.0,0,67.84993214120205,-6.849932141202046,-0.41074683152347025,0.41074683152347025
66420,115,24,Standard,63.0,1,75.51927403615812,-12.519274036158123,-0.7507011802928049,0.7507011802928049
66420,75,25,Standard,61.0,0,66.15624986054931,-5.156249860549309,-0.3091874852343145,0.3091874852343145
66420,90,26,Standard,63.0,1,70.99483778084486,-7.994837780844861,-0.4793995355477928,0.4793995355477928
66420,31,27,Standard,67.0,0,68.19686985470224,-1.1968698547022427,-0.07176866725553184,0.07176866725553184
66420,101,28,Standard,68.0,1,73.0293597924852,-5.029359792485195,-0.30157869549234984,0.30157869549234984
66420,3,29,Standard,69.0,1,71.82900021792338,-2.8290002179233795,-0.16963713682677786,0.16963713682677786
66420,60,30,Standard,70.0,1,70.74703360679634,-0.7470336067963359,-0.04479485062158578,0.04479485062158578
66420,100,31,Standard,70.0,0,67.83671811236212,2.163281887637879,0.12971824577570829,0.12971824577570829
66420,72,32,Standard,74.0,0,69.20183774137921,4.798162258620792,0.287715250930667,0.287715250930667
66420,113,33,Standard,68.0,1,74.01200102069875,-6.012001020698747,-0.36050143555649006,0.36050143555649006
66420,49,34,Standard,63.0,0,72.09012610611842,-9.090126106118419,-0.5450770050375584,0.5450770050375584
66420,83,35,Standard,66.0,1,70.03374171613515,-4.033741716135154,-0.2418778164415234,0.2418778164415234
66420,58,36,Standard,65.0,1,71.41900499157819,-6.419004991578191,-0.3849068731593896,0.3849068731593896
66420,50,37,Standard,68.0,0,63.96557816101825,4.03442183898175,0.2419185990797346,0.2419185990797346
66420,82,38,Standard,70.0,0,67.24800436054173,2.751995639458272,0.16501966238099555,0.16501966238099555
66420,63,39,Standard,68.0,1,66.50742432741276,1.4925756725872361,0.08950026302255255,0.08950026302255255
66420,68,40,Standard,67.0,0,65.89536641306343,1.104633586936572,0.0662378453502434,0.0662378453502434
66420,5,41,Standard,67.0,0,66.69538651201684,0.30461348798316124,0.018265732046571764,0.018265732046571764
66420,6,42,Standard,67.0,1,71.53344559016016,-4.533445590160156,-0.2718418772124604,0.2718418772124604
66420,91,43,Standard,68.0,0,67.54317125145576,0.4568287485442397,0.027393112390811332,0.027393112390811332
66420,48,44,Standard,71.0,1,75.86697000029949,-4.866970000299489,-0.2918412132462368,0.2918412132462368
66420,23,45,Standard,69.0,0,70.17473912787405,-1.174739127874048,-0.07044162842702788,0.07044162842702788
66420,125,46,Standard,60.0,0,64.10172147923073,-4.101721479230733,-0.24595413015144654,0.24595413015144654
66420,67,47,Standard,68.0,1,71.05374523463671,-3.0537452346367076,-0.18311366500439707,0.18311366500439707
66420,16,48,Standard,71.0,0,69.48324812548408,1.5167518745159185,0.0909499559736327,0.0909499559736327
66420,80,49,Standard,68.0,1,71.9169620697057,-3.916962069705704,-0.23487528433338628,0.23487528433338628
66420,106,50,Standard,73.0,0,67.15584857535403,5.844151424645972,0.3504365636234561,0.3504365636234561
66420,57,51,Standard,67.0,1,71.09642357966098,-4.0964235796609785,-0.24563644883473437,0.24563644883473437
66420,73,52,Standard,71.0,0,65.57264042267448,5.427359577325518,0.3254442093690315,0.3254442093690315
66420,112,53,Standard,68.0,1,68.26016667261212,-0.26016667261211524,-0.015600539427340628,0.015600539427340628
66420,7,54,Standard,64.0,1,74.31812061145351,-10.318120611453509,-0.6187120194869288,0.6187120194869288
66420,64,55,Standard,66.0,0,68.0887717253317,-2.0887717253316964,-0.12525034559032142,0.12525034559032142
66420,121,56,Standard,69.0,1,69.73534916148108,-0.7353491614810821,-0.0440942088061024,0.0440942088061024
66420,111,57,Standard,68.0,0,69.06403568547312,-1.0640356854731152,-0.06380344760018179,0.06380344760018179
66420,110,58,Standard,68.0,1,65.45703020562311,2.542969794376887,0.15248571287552962,0.15248571287552962
66420,20,59,Standard,67.0,1,66.58900262375872,0.4109973762412835,0.02464489670490991,0.02464489670490991
66420,8,60,Standard,71.0,0,72.67206371789403,-1.6720637178940336,-0.10026301868003719,0.10026301868003719
66420,124,61,Standard,66.0,1,67.84440531651106,-1.8444053165110574,-0.11059724741579953,0.11059724741579953
66420,123,62,Standard,67.0,1,67.58169623618048,-0.5816962361804769,-0.03488062085799452,0.03488062085799452
66420,27,63,Standard,67.0,0,69.94396780115838,-2.9439678011583794,-0.1765310110387055,0.1765310110387055
66420,105,64,Standard,67.0,1,66.69984177820348,0.3001582217965222,0.017998578090586075,0.017998578090586075
66520,43,1,Neutral,100.0,1,101.3720827019018,-1.3720827019018031,-0.08227506649364111,0.08227506649364111
66520,59,2,Neutral,100.0,1,96.604131884525,3.395868115474997,0.20362859659777036,0.20362859659777036
66520,39,3,Neutral,100.0,1,101.5816645902207,-1.5816645902206972,-0.09484235837291294,0.09484235837291294
66520,88,4,Neutral,100.0,1,96.86939293886971,3.1306070611302914,0.18772257952304602,0.18772257952304602
66520,93,5,Neutral,100.0,1,96.35967077532005,3.6403292246799452,0.21828737335158288,0.21828737335158288
66520,84,6,Neutral,100.0,1,100.16838454872085,-0.1683845487208515,-0.010096949639629885,0.010096949639629885
66520,89,7,Neutral,100.0,1,93.18265768222885,6.81734231777115,0.4087926272425792,0.4087926272425792
66520,9,8,Neutral,100.0,1,101.9885215177016,-1.9885215177015994,-0.11923897871911522,0.11923897871911522
66520,95,9,Neutral,100.0,1,96.42756130424186,3.5724386957581373,0.2142164104470961,0.2142164104470961
66520,4,10,Neutral,100.0,1,100.08762551094577,-0.0876255109457702,-0.00525434416570502,0.00525434416570502
66520,11,11,Neutral,100.0,1,105.68525584186908,-5.685255841869079,-0.340908606875372,0.340908606875372
66520,30,12,Neutral,99.0,1,100.52570788441378,-1.5257078844137766,-0.09148699088329422,0.09148699088329422
66520,96,13,Neutral,100.0,0,90.49723539649001,9.502764603509988,0.5698203093323145,0.5698203093323145
66520,71,14,Neutral,100.0,1,96.37163900008265,3.628360999917348,0.21756971508886394,0.21756971508886394
66520,92,15,Neutral,99.0,1,101.03617087881562,-2.036170878815625,-0.12209620762273896,0.12209620762273896
66520,24,16,Neutral,100.0,0,99.07768508067537,0.9223149193246343,0.05530535528968598,0.05530535528968598
66520,117,17,Neutral,100.0,1,99.01439024581211,0.985609754187891,0.0591007436725148,0.0591007436725148
66520,74,18,Neutral,100.0,1,94.78028021781188,5.219719782188122,0.3129933724566674,0.3129933724566674
66520,33,19,Neutral,100.0,1,96.67367646135365,3.326323538646349,0.19945845096812406,0.19945845096812406
66520,38,20,Neutral,99.0,1,94.44198828971955,4.558011710280454,0.2733149510757099,0.2733149510757099
66520,14,21,Neutral,100.0,1,100.0061083775125,-0.006108377512504148,-0.000366280520345419,0.000366280520345419
66520,19,22,Neutral,100.0,1,100.17506925308257,-0.17506925308256882,-0.010497788812872362,0.010497788812872362
66520,62,23,Neutral,100.0,1,93.09961423759869,6.900385762401314,0.41377221405563175,0.41377221405563175
66520,85,24,Neutral,100.0,1,98.44219233039937,1.5578076696006349,0.09341181068972407,0.09341181068972407
66520,52,25,Neutral,100.0,1,101.64552629156262,-1.6455262915626179,-0.09867173813043108,0.09867173813043108
66520,44,26,Neutral,100.0,1,96.68972577901118,3.3102742209888163,0.19849607554015544,0.19849607554015544
66520,86,27,Neutral,100.0,1,97.91803663527861,2.081963364721389,0.12484209153890796,0.12484209153890796
66520,127,28,Neutral,100.0,1,94.66972951757162,5.330270482428375,0.3196223943083228,0.3196223943083228
66520,97,29,Neutral,100.0,1,97.32504715425216,2.674952845747839,0.16039989641018645,0.16039989641018645
66520,98,30,Neutral,99.0,1,93.21244731528435,5.787552684715649,0.347042697433926,0.347042697433926
66520,78,31,Neutral,100.0,1,98.26296674286344,1.7370332571365594,0.10415882842520122,0.10415882842520122
66520,34,32,Neutral,100.0,1,102.25214556200221,-2.2521455620022124,-0.13504683472086504,0.13504683472086504
66520,103,33,Neutral,100.0,1,96.33550525133728,3.664494748662719,0.21973642601421067,0.21973642601421067
66520,119,34,Neutral,99.0,1,93.87250881323317,5.127491186766832,0.30746301061303793,0.30746301061303793
66520,104,35,Neutral,100.0,1,97.07596397713839,2.924036022861614,0.17533582915759158,0.17533582915759158
66520,47,36,Neutral,99.0,1,100.74040254274234,-1.7404025427423448,-0.10436086303788734,0.10436086303788734
66520,45,37,Neutral,98.0,1,94.90629551239809,3.0937044876019115,0.18550976706893843,0.18550976706893843
66520,1,38,Neutral,100.0,0,100.48800927070042,-0.48800927070041666,-0.029262809844288525,0.029262809844288525
66520,12,39,Neutral,99.0,1,100.83354179463583,-1.8335417946358348,-0.10994583115393702,0.10994583115393702
66520,70,40,Neutral,98.0,1,94.60807143000154,3.3919285699984556,0.2033923671302697,0.2033923671302697
66520,53,41,Neutral,100.0,1,92.57758724850677,7.422412751493226,0.44507484995322083,0.44507484995322083
66520,41,42,Neutral,99.0,1,103.9059770391568,-4.905977039156795,-0.2941802170914545,0.2941802170914545
66520,10,43,Neutral,99.0,1,95.7074726642047,3.292527335795299,0.1974319077918646,0.1974319077918646
66520,37,44,Neutral,0.0,0,97.50840689050268,-97.50840689050268,-5.846958532080724,5.846958532080724
66520,54,45,Neutral,100.0,1,97.53651140489558,2.4634885951044225,0.14771973124332013,0.14771973124332013
66520,40,46,Neutral,100.0,1,102.3088159121784,-2.308815912178403,-0.13844499492104934,0.13844499492104934
66520,94,47,Neutral,99.0,1,104.16915691953317,-5.169156919533165,-0.30996143940971677,0.30996143940971677
66520,122,48,Neutral,100.0,1,93.79316975670548,6.206830243294519,0.3721841039712681,0.3721841039712681
66520,107,49,Neutral,99.0,0,96.85506255627509,2.1449374437249134,0.12861824623440063,0.12861824623440063
66520,21,50,Neutral,99.0,1,94.4814925650815,4.518507434918504,0.27094613112215865,0.27094613112215865
66520,108,51,Neutral,100.0,1,93.90645877633148,6.093541223668524,0.3653908825351194,0.3653908825351194
66520,55,52,Neutral,99.0,1,102.22615091719754,-3.2261509171975433,-0.1934517364463833,0.1934517364463833
66520,61,53,Neutral,99.0,1,93.55372398745068,5.446276012549319,0.32657850758859486,0.32657850758859486
66520,42,54,Neutral,98.0,1,97.14205096543489,0.8579490345651095,0.05144574286168021,0.05144574286168021
66520,126,55,Neutral,100.0,1,96.79793654070632,3.202063459293683,0.19200736490962683,0.19200736490962683
66520,77,56,Neutral,100.0,1,95.10938299835814,4.890617001641857,0.293259173406453,0.293259173406453
66520,46,57,Neutral,100.0,1,93.92124080489104,6.078759195108958,0.364504498368215,0.364504498368215
66520,118,58,Neutral,100.0,1,97.27928318458093,2.720716815419067,0.16314407038927267,0.16314407038927267
66520,25,59,Neutral,100.0,1,98.50786242058338,1.492137579416621,0.08947399336352048,0.08947399336352048
66520,128,60,Neutral,100.0,1,94.42212035749286,5.577879642507142,0.3344699396360775,0.3344699396360775
66520,87,61,Neutral,100.0,1,93.58066172677078,6.419338273229215,0.38492685793870435,0.38492685793870435
66520,65,62,Neutral,100.0,1,93.882476895833,6.117523104167006,0.36682892326686267,0.36682892326686267
66520,109,63,Neutral,100.0,1,94.65643263279927,5.343567367200734,0.32041972385506784,0.32041972385506784
66520,56,64,Neutral,100.0,1,103.5775600412001,-3.577560041200101,-0.21452350493651023,0.21452350493651023
67013,114,1,Standard,90.0,0,74.7532980536607,15.2467019463393,0.9142476723196599,0.9142476723196599
67013,5,2,Standard,66.0,1,73.74706176646029,-7.747061766460291,-0.4645419850293264,0.4645419850293264
67013,60,3,Standard,72.0,0,77.10329512142539,-5.10329512142539,-0.3060121265795228,0.3060121265795228
67013,20,4,Standard,71.0,0,74.169960738469,-3.169960738469001,-0.1900823690716817,0.1900823690716817
67013,32,5,Standard,77.0,1,76.28117493127199,0.7188250687280089,0.04310336413753993,0.04310336413753993
67013,36,6,Standard,70.0,0,73.73052303669581,-3.730523036695814,-0.22369572218553796,0.22369572218553796
67013,111,7,Standard,71.0,1,76.59684174709133,-5.596841747091332,-0.3356069763565035,0.3356069763565035
67013,29,8,Standard,72.0,1,78.53612252056071,-6.53612252056071,-0.39192966593365286,0.39192966593365286
67013,64,9,Standard,76.0,0,75.44662112979545,0.5533788702045541,0.03318260865700653,0.03318260865700653
67013,22,10,Standard,76.0,1,83.14504996578184,-7.145049965781837,-0.42844316907448377,0.42844316907448377
67013,121,11,Standard,69.0,1,76.87891563330521,-7.878915633305212,-0.472448422190201,0.472448422190201
67013,50,12,Standard,73.0,0,70.40490511542112,2.5950948845788844,0.15561132276508807,0.15561132276508807
67013,63,13,Standard,76.0,1,72.8199466777532,3.180053322246806,0.19068755708276922,0.19068755708276922
67013,8,14,Standard,73.0,0,79.85936935400676,-6.859369354006759,-0.4113127211086579,0.4113127211086579
67013,125,15,Standard,75.0,0,70.80348341936526,4.196516580634736,0.25163838902336105,0.25163838902336105
67013,101,16,Standard,69.0,1,78.90007761113606,-9.900077611136055,-0.5936446415507107,0.5936446415507107
67013,17,17,Standard,76.0,1,81.54557818603934,-5.545578186039336,-0.33253302688654235,0.33253302688654235
67013,16,18,Standard,75.0,0,76.14127090133002,-1.1412709013300173,-0.0684347519023711,0.0684347519023711
67013,28,19,Standard,77.0,0,77.1366921994217,-0.1366921994217023,-0.008196561170106118,0.008196561170106118
67013,35,20,Standard,75.0,1,80.22070463118904,-5.220704631189037,-0.3130524275828082,0.3130524275828082
67013,123,21,Standard,75.0,1,74.72084981920116,0.2791501807988368,0.016738859585579077,0.016738859585579077
67013,113,22,Standard,74.0,1,79.83897967506098,-5.838979675060983,-0.350126446718401,0.350126446718401
67013,15,23,Standard,73.0,1,78.52099797896135,-5.520997978961347,-0.3310591083181019,0.3310591083181019
67013,51,24,Standard,77.0,0,74.11709754832415,2.8829024516758466,0.17286931070375558,0.17286931070375558
67013,99,25,Standard,77.0,1,73.12141709867934,3.878582901320655,0.23257392988407077,0.23257392988407077
67013,75,26,Standard,77.0,1,71.45835854344816,5.541641456551844,0.33229696627598154,0.33229696627598154
67013,18,27,Standard,79.0,0,76.55414970858932,2.445850291410679,0.14666207443646267,0.14666207443646267
67013,26,28,Standard,78.0,1,82.80909793877515,-4.809097938775153,-0.2883709940652508,0.2883709940652508
67013,91,29,Standard,78.0,0,73.50136739868384,4.49863260131616,0.2697543638519231,0.2697543638519231
67013,76,30,Standard,74.0,1,71.49812349440316,2.50187650559684,0.15002160990117208,0.15002160990117208
67013,27,31,Standard,78.0,0,76.5189251372305,1.4810748627695034,0.08881063265903792,0.08881063265903792
67013,79,32,Standard,75.0,1,75.67036267736286,-0.6703626773628599,-0.04019738298459493,0.04019738298459493
67013,67,33,Standard,73.0,1,77.01194138186479,-4.011941381864787,-0.24057058915180393,0.24057058915180393
67013,106,34,Standard,75.0,1,73.20152305115933,1.7984769488406727,0.10784321553507711,0.10784321553507711
67013,48,35,Standard,75.0,1,81.60647032608448,-6.606470326084477,-0.3961479760756926,0.3961479760756926
67013,110,36,Standard,75.0,1,71.76513966716011,3.2348603328398866,0.19397398466808405,0.19397398466808405
67013,82,37,Standard,77.0,1,72.63759137201782,4.362408627982177,0.2615858792200954,0.2615858792200954
67013,105,38,Standard,78.0,0,73.18290789689495,4.817092103105054,0.2888503532182319,0.2888503532182319
67013,2,39,Standard,79.0,1,74.58983820599835,4.410161794001652,0.2644493326431934,0.2644493326431934
67013,66,40,Standard,76.0,1,72.59325940219027,3.40674059780973,0.20428055016135746,0.20428055016135746
67013,72,41,Standard,76.0,1,74.15403310996915,1.8459668900308515,0.11069088504055617,0.11069088504055617
67013,7,42,Standard,77.0,1,80.18883843010435,-3.1888384301043544,-0.19121434408484406,0.19121434408484406
67013,23,43,Standard,78.0,0,75.43752153528773,2.562478464712271,0.15365552366523016,0.15365552366523016
67013,73,44,Standard,77.0,1,71.26840158417087,5.731598415829126,0.3436874760709128,0.3436874760709128
67013,49,45,Standard,79.0,0,76.78429937778012,2.2157006222198845,0.13286146364972506,0.13286146364972506
67013,69,46,Standard,73.0,1,73.83525486643983,-0.8352548664398256,-0.05008491804482508,0.05008491804482508
67013,100,47,Standard,77.0,0,72.48273933093176,4.517260669068236,0.27087137050963095,0.27087137050963095
67013,80,48,Standard,73.0,1,77.13600531283076,-4.136005312830761,-0.24800991344001186,0.24800991344001186
67013,13,49,Standard,78.0,1,72.95048019657887,5.049519803421134,0.30278756303216203,0.30278756303216203
67013,115,50,Standard,77.0,1,79.72790361184161,-2.7279036118416116,-0.1635750168276481,0.1635750168276481
67013,81,51,Standard,78.0,1,73.05678669252539,4.943213307474608,0.29641303909815764,0.29641303909815764
67013,68,52,Standard,80.0,1,70.71634428878754,9.283655711212461,0.5566817436626649,0.5566817436626649
67013,116,53,Standard,80.0,0,76.96128214041163,3.038717859588374,0.1822125689701618,0.1822125689701618
67013,124,54,Standard,75.0,1,73.32588354536782,1.674116454632184,0.10038610823680456,0.10038610823680456
67013,112,55,Standard,71.0,1,73.51853619122237,-2.518536191222367,-0.15102058521126346,0.15102058521126346
67013,6,56,Standard,71.0,1,76.26694513730702,-5.266945137307019,-0.3158251764195098,0.3158251764195098
67013,57,57,Standard,68.0,1,76.00929267276575,-8.009292672765753,-0.4802663034126608,0.4802663034126608
67013,31,58,Standard,77.0,1,72.18680360894265,4.813196391057346,0.2886167521624639,0.2886167521624639
67013,58,59,Standard,76.0,1,75.75885206012751,0.24114793987249072,0.014460107076864584,0.014460107076864584
67013,90,60,Standard,73.0,1,74.85355404221943,-1.8535540422194288,-0.11114583826600485,0.11114583826600485
67013,3,61,Standard,76.0,1,75.77519480787517,0.2248051921248333,0.013480136514038009,0.013480136514038009
67013,120,62,Standard,75.0,1,71.48995258113351,3.510047418866492,0.21047520268478828,0.21047520268478828
67013,102,63,Standard,75.0,0,71.0880633619239,3.9119366380760994,0.2345739411848196,0.2345739411848196
67013,83,64,Standard,75.0,1,74.11115379895277,0.8888462010472296,0.05329844927890859,0.05329844927890859
67024,64,1,Standard,100.0,0,92.59114394495327,7.408856055046726,0.4442619411540472,0.4442619411540472
67024,105,2,Standard,100.0,1,91.38153237553561,8.618467624464387,0.5167946479415992,0.5167946479415992
67024,63,3,Standard,100.0,0,90.39308652643761,9.606913473562386,0.5760654541744743,0.5760654541744743
67024,121,4,Standard,100.0,1,94.32083798912379,5.679162010876212,0.3405431986172224,0.3405431986172224
67024,35,5,Standard,100.0,1,97.67140159636716,2.3285984036328387,0.13963122502042133,0.13963122502042133
67024,80,6,Standard,100.0,1,96.10879841875087,3.8912015812491347,0.2333305918030197,0.2333305918030197
67024,32,7,Standard,100.0,0,92.98830610354366,7.011693896456336,0.4204466543921848,0.4204466543921848
67024,100,8,Standard,100.0,1,90.98317623903664,9.016823760963362,0.5406815299591153,0.5406815299591153
67024,8,9,Standard,100.0,0,97.21381338124813,2.78618661875187,0.1670698777878106,0.1670698777878106
67024,75,10,Standard,100.0,0,88.78219973631653,11.217800263683472,0.6726600818796676,0.6726600818796676
67024,116,11,Standard,100.0,0,95.93407524633173,4.06592475366827,0.24380762836126724,0.24380762836126724
67024,15,12,Standard,100.0,1,95.79673828698502,4.203261713014982,0.25204285168025775,0.25204285168025775
67024,68,13,Standard,100.0,0,89.21678119689241,10.783218803107587,0.6466009977470382,0.6466009977470382
67024,36,14,Standard,100.0,0,90.00462428663742,9.995375713362577,0.5993590621804127,0.5993590621804127
67024,3,15,Standard,100.0,1,94.58180586600035,5.418194133999648,0.32489461606971043,0.32489461606971043
67024,20,16,Standard,93.0,0,90.78083897280388,2.2191610271961224,0.13306896211109354,0.13306896211109354
67024,50,17,Standard,5.0,0,86.98081879482693,-81.98081879482693,-4.915867905191513,4.915867905191513
67024,29,18,Standard,97.0,1,94.89334037852345,2.1066596214765525,0.1263229688678465,0.1263229688678465
67024,17,19,Standard,100.0,1,98.252709358311,1.7472906416890055,0.10477389848980709,0.10477389848980709
67024,76,20,Standard,100.0,1,88.73012463813822,11.269875361861779,0.6757826940657584,0.6757826940657584
67024,101,21,Standard,100.0,1,95.47599129054187,4.52400870945813,0.27127600754135706,0.27127600754135706
67024,115,22,Standard,100.0,1,97.74720971277173,2.2527902872282652,0.13508549478907383,0.13508549478907383
67024,31,23,Standard,100.0,0,90.51228385989309,9.487716140106912,0.5689179487636702,0.5689179487636702
67024,110,24,Standard,100.0,1,88.91402420287402,11.085975797125982,0.664755407666901,0.664755407666901
67024,67,25,Standard,100.0,1,93.98586926042424,6.014130739575762,0.3606291412421432,0.3606291412421432
67024,22,26,Standard,100.0,1,99.23983283801289,0.7601671619871126,0.045582386332896276,0.045582386332896276
67024,57,27,Standard,99.0,1,94.45721580722247,4.542784192777532,0.2724018537723553,0.2724018537723553
67024,90,28,Standard,100.0,1,93.04781680030402,6.95218319969598,0.4168781766858085,0.4168781766858085
67024,114,29,Standard,99.0,0,90.66434965937775,8.335650340622252,0.4998358955271781,0.4998358955271781
67024,2,30,Standard,95.0,0,91.60750524884642,3.3924947511535777,0.2034263174104682,0.2034263174104682
67024,106,31,Standard,95.0,0,90.12735004487408,4.872649955125922,0.29218180398495686,0.29218180398495686
67024,124,32,Standard,86.0,1,91.42389336551561,-5.42389336551561,-0.3252363627088077,0.3252363627088077
67024,91,33,Standard,81.0,1,89.95042530577992,-8.950425305779916,-0.5367000372198504,0.5367000372198504
67024,13,34,Standard,96.0,0,90.40117716175698,5.598822838243024,0.3357257697834663,0.3357257697834663
67024,5,35,Standard,98.0,0,89.09827884578489,8.90172115421511,0.5337795592465062,0.5337795592465062
67024,79,36,Standard,98.0,0,92.11942058445896,5.880579415541035,0.35262091837770443,0.35262091837770443
67024,72,37,Standard,76.0,1,90.95300433137413,-14.953004331374132,-0.8966364956997739,0.8966364956997739
67024,23,38,Standard,91.0,0,92.79196556252907,-1.7919655625290716,-0.10745276914215182,0.10745276914215182
67024,82,39,Standard,96.0,0,89.17412760769113,6.825872392308867,0.4093041215197198,0.4093041215197198
67024,123,40,Standard,90.0,0,90.51382026196802,-0.5138202619680214,-0.03081053070678866,0.03081053070678866
67024,66,41,Standard,93.0,0,89.34412973875055,3.655870261249447,0.21921927039784952,0.21921927039784952
67024,28,42,Standard,100.0,0,92.75470598503408,7.245294014965921,0.43445416666288034,0.43445416666288034
67024,69,43,Standard,71.0,1,90.5904869235562,-19.5904869235562,-1.1747168097406322,1.1747168097406322
67024,102,44,Standard,73.0,1,89.05485568920587,-16.054855689205866,-0.9627075084791498,0.9627075084791498
67024,112,45,Standard,93.0,1,90.7505373349574,2.2494626650426,0.13488595846650972,0.13488595846650972
67024,60,46,Standard,74.0,1,92.3582592628132,-18.358259262813206,-1.1008279599049688,1.1008279599049688
67024,81,47,Standard,96.0,0,90.02635285052875,5.9736471494712475,0.3582015980166995,0.3582015980166995
67024,58,48,Standard,80.0,1,92.8639974315528,-12.863997431552804,-0.7713720481921662,0.7713720481921662
67024,27,49,Standard,85.0,0,92.8673683858337,-7.8673683858337,-0.47175600725615924,0.47175600725615924
67024,18,50,Standard,100.0,0,92.68389713574945,7.316102864250553,0.4387001226647717,0.4387001226647717
67024,73,51,Standard,79.0,1,87.75683693499946,-8.756836934999455,-0.5250917747905658,0.5250917747905658
67024,26,52,Standard,86.0,1,98.5539674966973,-12.553967496697297,-0.752781526301685,0.752781526301685
67024,16,53,Standard,89.0,0,91.23441471547902,-2.2344147154790193,-0.13398362870954936,0.13398362870954936
67024,113,54,Standard,96.0,1,95.23393591867419,0.7660640813258084,0.04593598705246395,0.04593598705246395
67024,48,55,Standard,91.0,1,97.52629654116109,-6.526296541161088,-0.3913404644902206,0.3913404644902206
67024,99,56,Standard,94.0,1,88.90125121153054,5.098748788469464,0.3057395119290119,0.3057395119290119
67024,6,57,Standard,91.0,1,92.84722053726894,-1.8472205372689388,-0.11076605828611216,0.11076605828611216
67024,83,58,Standard,83.0,1,91.16819828553338,-8.168198285533379,-0.4897948615954495,0.4897948615954495
67024,7,59,Standard,92.0,1,96.2398821380468,-4.239882138046795,-0.2542387454848671,0.2542387454848671
67024,49,60,Standard,100.0,0,93.26396011924916,6.7360398807508375,0.4039174375745879,0.4039174375745879
67024,51,61,Standard,91.0,0,89.2933579704943,1.7066420295057014,0.1023364599406438,0.1023364599406438
67024,125,62,Standard,82.0,1,85.54235219864925,-3.5423521986492545,-0.21241231471236885,0.21241231471236885
67024,111,63,Standard,91.0,0,90.94205804777779,0.057941952222208215,0.0034744100812916837,0.0034744100812916837
67024,120,64,Standard,94.0,0,88.19708375340518,5.802916246594819,0.34796395245261824,0.34796395245261824
67026,39,1,Neutral,92.0,1,83.35402474136626,8.64597525863374,0.5184441056799917,0.5184441056799917
67026,70,2,Neutral,71.0,0,77.95504149553724,-6.955041495537245,-0.4170495704947039,0.4170495704947039
67026,118,3,Neutral,95.0,0,81.71095774797246,13.289042252027542,0.7968592807174836,0.7968592807174836
67026,87,4,Neutral,77.0,1,78.61144592379263,-1.6114459237926297,-0.09662815539265804,0.09662815539265804
67026,117,5,Neutral,95.0,0,81.56528074479317,13.43471925520683,0.8055946033817496,0.8055946033817496
67026,38,6,Neutral,70.0,1,77.59198842233093,-7.591988422330928,-0.4552432236048509,0.4552432236048509
67026,55,7,Neutral,78.0,1,85.87929513275354,-7.8792951327535405,-0.4724711783566494,0.4724711783566494
67026,108,8,Neutral,93.0,0,78.32489467331268,14.675105326687316,0.879972661182049,0.879972661182049
67026,62,9,Neutral,39.0,1,75.737983065157,-36.737983065156996,-2.202943011626405,2.202943011626405
67026,74,10,Neutral,89.0,0,77.66784536469157,11.332154635308427,0.6795171856943582,0.6795171856943582
67026,42,11,Neutral,34.0,0,80.70771685241367,-46.70771685241367,-2.800764490705985,2.800764490705985
67026,84,12,Neutral,18.0,0,81.5908313855575,-63.59083138555749,-3.813137410289355,3.813137410289355
67026,41,13,Neutral,77.0,1,86.85929462609496,-9.859294626094965,-0.5911991455165329,0.5911991455165329
67026,37,14,Neutral,93.0,1,80.50546364172945,12.494536358270551,0.7492178192021962,0.7492178192021962
67026,10,15,Neutral,87.0,1,79.46982109685669,7.530178903143309,0.4515369001492366,0.4515369001492366
67026,126,16,Neutral,41.0,0,80.18864577053064,-39.18864577053064,-2.3498936558977976,2.3498936558977976
67026,33,17,Neutral,77.0,0,78.44603661249921,-1.4460366124992134,-0.08670961180452733,0.08670961180452733
67026,54,18,Neutral,95.0,1,81.25512067325896,13.744879326741042,0.8241929287405486,0.8241929287405486
67026,25,19,Neutral,91.0,0,82.28344951964569,8.716550480354314,0.5226760525238775,0.5226760525238775
67026,97,20,Neutral,84.0,1,79.40358145541805,4.596418544581951,0.2756179644739446,0.2756179644739446
67026,93,21,Neutral,96.0,0,78.197495979273,17.802504020727,1.0675028553515373,1.0675028553515373
67026,104,22,Neutral,92.0,0,80.18222494546116,11.817775054538842,0.7086367513207396,0.7086367513207396
67026,30,23,Neutral,97.0,1,81.72945889980733,15.270541100192673,0.9156771546429336,0.9156771546429336
67026,109,24,Neutral,93.0,0,78.04714186262358,14.952858137376424,0.8966277293762384,0.8966277293762384
67026,95,25,Neutral,96.0,0,77.41261649819235,18.58738350180765,1.1145670821695697,1.1145670821695697
67026,12,26,Neutral,87.0,0,83.08703275295615,3.912967247043852,0.23463574024491507,0.23463574024491507
67026,71,27,Neutral,87.0,1,77.487911686899,9.512088313101003,0.5703793928522108,0.5703793928522108
67026,92,28,Neutral,98.0,1,82.15244356563197,15.84755643436803,0.9502770916010528,0.9502770916010528
67026,78,29,Neutral,74.0,1,80.37646559895836,-6.376465598958362,-0.3823560565420352,0.3823560565420352
67026,122,30,Neutral,100.0,1,76.60649524141824,23.393504758581756,1.4027595835614364,1.4027595835614364
67026,24,31,Neutral,99.0,0,80.44761814386385,18.55238185613615,1.1124682562598647,1.1124682562598647
67026,11,32,Neutral,100.0,1,86.4516152143765,13.548384785623497,0.8124104017735696,0.8124104017735696
67026,88,33,Neutral,89.0,1,78.13860900707066,10.861390992929344,0.6512884864141746,0.6512884864141746
67026,98,34,Neutral,93.0,0,75.06351118564757,17.93648881435243,1.0755370706283494,1.0755370706283494
67026,9,35,Neutral,95.0,0,82.8335846094267,12.166415390573306,0.7295424932194182,0.7295424932194182
67026,53,36,Neutral,86.0,0,75.33393490252062,10.666065097479375,0.6395760356895925,0.6395760356895925
67026,40,37,Neutral,87.0,1,84.38735021334428,2.612649786655723,0.15666397850782088,0.15666397850782088
67026,86,38,Neutral,99.0,0,79.12178765067218,19.878212349327825,1.1919698721868388,1.1919698721868388
67026,52,39,Neutral,82.0,0,82.71805981409034,-0.7180598140903385,-0.04305747668767147,0.04305747668767147
67026,127,40,Neutral,88.0,0,76.68251137867902,11.317488621320976,0.6786377581829248,0.6786377581829248
67026,45,41,Neutral,99.0,0,77.26899068781441,21.73100931218559,1.3030703132222428,1.3030703132222428
67026,21,42,Neutral,56.0,1,76.8574264069081,-20.857426406908104,-1.2506871066416256,1.2506871066416256
67026,19,43,Neutral,100.0,0,81.28256733053934,18.717432669460663,1.1223653030065963,1.1223653030065963
67026,14,44,Neutral,95.0,1,80.68498942144268,14.31501057855732,0.8583800710959402,0.8583800710959402
67026,46,45,Neutral,100.0,0,76.13099259892273,23.86900740107727,1.431272450515443,1.431272450515443
67026,4,46,Neutral,100.0,0,80.19789741912396,19.80210258087604,1.1874060538021984,1.1874060538021984
67026,128,47,Neutral,85.0,0,77.52838132581563,7.47161867418437,0.44802541594729933,0.44802541594729933
67026,34,48,Neutral,94.0,1,83.23720075595271,10.762799244047287,0.6453765667582002,0.6453765667582002
67026,103,49,Neutral,50.0,0,77.66169915023715,-27.661699150237155,-1.6586960346911628,1.6586960346911628
67026,47,50,Neutral,86.0,0,82.15407477021944,3.845925229780562,0.2306156571839162,0.2306156571839162
67026,85,51,Neutral,88.0,0,78.94611671717507,9.053883282824927,0.542903753605807,0.542903753605807
67026,43,52,Neutral,93.0,0,80.82626714575075,12.173732854249252,0.729981274941299,0.729981274941299
67026,1,53,Neutral,90.0,1,81.51680362893951,8.483196371060487,0.5086832918600322,0.5086832918600322
67026,56,54,Neutral,84.0,1,85.69983350665458,-1.6998335066545849,-0.10192819616068167,0.10192819616068167
67026,107,55,Neutral,82.0,1,78.27750939311173,3.7224906068882717,0.2232140684954178,0.2232140684954178
67026,77,56,Neutral,7.0,0,76.79426482092646,-69.79426482092646,-4.185117829309597,4.185117829309597
67026,119,57,Neutral,52.0,1,74.89252856211272,-22.892528562112716,-1.372719229711708,1.372719229711708
67026,59,58,Neutral,78.0,1,76.18075921188027,1.8192407881197283,0.10908829081733211,0.10908829081733211
67026,44,59,Neutral,95.0,1,77.78398519005766,17.216014809942337,1.0323348303132298,1.0323348303132298
67026,96,60,Neutral,0.0,1,70.97914650749588,-70.97914650749588,-4.256167642425435,4.256167642425435
67026,65,61,Neutral,0.0,0,75.61109788268993,-75.61109788268993,-4.533916284589044,4.533916284589044
67026,89,62,Neutral,74.0,1,73.3146554789258,0.6853445210741995,0.04109574879435209,0.04109574879435209
67026,61,63,Neutral,73.0,1,75.14235287208224,-2.142352872082242,-0.12846326592347357,0.12846326592347357
67026,94,64,Neutral,84.0,1,85.11047294919503,-1.110472949195028,-0.06658799473805291,0.06658799473805291
67038,111,1,Standard,100.0,0,76.210955493943,23.789044506056996,1.4264775846551725,1.4264775846551725
67038,22,2,Standard,100.0,1,82.84664204121071,17.153357958789286,1.0285776977528134,1.0285776977528134
67038,120,3,Standard,100.0,0,73.42224203528177,26.57775796471823,1.5936989809493192,1.5936989809493192
67038,58,4,Standard,100.0,1,76.49281991052051,23.50718008947949,1.409575969625727,1.409575969625727
67038,28,5,Standard,64.0,0,76.07735431398147,-12.077354313981473,-0.7242020673191195,0.7242020673191195
67038,125,6,Standard,60.0,0,70.54881465908278,-10.54881465908278,-0.6325452731837193,0.6325452731837193
67038,105,7,Standard,38.0,0,72.86713580436117,-34.86713580436117,-2.090760209111605,2.090760209111605
67038,36,8,Standard,65.0,1,71.97135852263774,-6.971358522637743,-0.4180279987540292,0.4180279987540292
67038,76,9,Standard,74.0,0,71.76832470558405,2.2316752944159504,0.13381936306447878,0.13381936306447878
67038,115,10,Standard,100.0,1,80.82914894450616,19.17085105549384,1.1495539176641616,1.1495539176641616
67038,26,11,Standard,91.0,1,82.90434249280158,8.095657507198425,0.4854450528319279,0.4854450528319279
67038,18,12,Standard,80.0,0,76.56191593403852,3.438084065961476,0.20616001844905754,0.20616001844905754
67038,75,13,Standard,30.0,1,70.35528149371932,-40.35528149371932,-2.4198493747230283,2.4198493747230283
67038,68,14,Standard,100.0,0,71.73011129287487,28.269888707125133,1.6951652913652242,1.6951652913652242
67038,60,15,Standard,79.0,1,75.93010391108196,3.0698960889180427,0.18408212893742684,0.18408212893742684
67038,83,16,Standard,20.0,1,75.56231244592627,-55.56231244592627,-3.3317182300256203,3.3317182300256203
67038,6,17,Standard,81.0,1,76.30108635908218,4.698913640917823,0.2817639430323927,0.2817639430323927
67038,7,18,Standard,64.0,1,80.59025713415107,-16.590257134151074,-0.9948121253674772,0.9948121253674772
67038,99,19,Standard,68.0,1,72.735530845531,-4.735530845531002,-0.2839596437289942,0.2839596437289942
67038,23,20,Standard,84.0,1,75.79520107504585,8.204798924954147,0.4919895689828975,0.4919895689828975
67038,63,21,Standard,77.0,1,71.82171212456424,5.178287875435757,0.3105089647177721,0.3105089647177721
67038,57,22,Standard,77.0,1,76.89184218398725,0.10815781601274921,0.006485535814948858,0.006485535814948858
67038,27,23,Standard,0.0,1,76.22051721265939,-76.22051721265939,-4.570459282927446,4.570459282927446
67038,32,24,Standard,73.0,0,74.80180957090828,-1.8018095709082758,-0.10804305166873741,0.10804305166873741
67038,29,25,Standard,70.0,1,77.14423548877423,-7.144235488774228,-0.42839433007238453,0.42839433007238453
67038,73,26,Standard,86.0,0,71.4073853024859,14.592614697514094,0.8750262231933461,0.8750262231933461
67038,3,27,Standard,21.0,0,76.61400515480804,-55.61400515480804,-3.3348179127594597,3.3348179127594597
67038,8,28,Standard,79.0,0,78.59869981508612,0.40130018491387887,0.024063417862448068,0.024063417862448068
67038,72,29,Standard,80.0,1,73.00721689595169,6.992783104048314,0.4193126945363679,0.4193126945363679
67038,69,30,Standard,78.0,1,72.86339530957683,5.1366046904231695,0.3080094894209669,0.3080094894209669
67038,114,31,Standard,28.0,0,72.79280188612222,-44.79280188612222,-2.6859392283781953,2.6859392283781953
67038,121,32,Standard,75.0,1,75.31207194436426,-0.3120719443642628,-0.01871296820357928,0.01871296820357928
67038,5,33,Standard,100.0,0,71.7428264346332,28.2571735653668,1.6944028452443067,1.6944028452443067
67038,66,34,Standard,100.0,0,72.20737314904191,27.792626850958086,1.6665469355645164,1.6665469355645164
67038,90,35,Standard,15.0,1,75.29871191055476,-60.29871191055476,-3.6157299593132364,3.6157299593132364
67038,100,36,Standard,89.0,0,72.31554889922648,16.684451100773515,1.000460338012691,1.000460338012691
67038,35,37,Standard,85.0,1,78.82881759940254,6.171182400597459,0.3700465297389057,0.3700465297389057
67038,31,38,Standard,84.0,0,72.41326565583492,11.58673434416508,0.694782710465628,0.694782710465628
67038,101,39,Standard,98.0,1,77.24575559361787,20.754244406382128,1.2444999388109586,1.2444999388109586
67038,123,40,Standard,85.0,1,72.21811951223663,12.781880487763374,0.7664480177374674,0.7664480177374674
67038,15,41,Standard,94.0,1,77.08537178288624,16.91462821711376,1.0142625946302835,1.0142625946302835
67038,79,42,Standard,82.0,1,73.56128484899587,8.438715151004132,0.5060160362108047,0.5060160362108047
67038,81,43,Standard,85.0,0,72.75837876795428,12.241621232045716,0.7340521088564905,0.7340521088564905
67038,20,44,Standard,83.0,0,71.77207292804437,11.227927071955634,0.673267322115847,0.673267322115847
67038,113,45,Standard,83.0,1,78.18465765754279,4.815342342457214,0.2887454312091945,0.2887454312091945
67038,67,46,Standard,99.0,1,74.77164606063195,24.22835393936805,1.4528201752197587,1.4528201752197587
67038,80,47,Standard,99.0,1,76.53142323823934,22.46857676176066,1.3472975386462076,1.3472975386462076
67038,116,48,Standard,97.0,0,76.53165672297467,20.468343277025326,1.2273562678093242,1.2273562678093242
67038,106,49,Standard,18.0,1,71.89711434795008,-53.89711434795008,-3.2318668988732213,3.2318668988732213
67038,110,50,Standard,19.0,1,69.48110518163867,-50.48110518163867,-3.0270305716521286,3.0270305716521286
67038,112,51,Standard,23.0,1,73.04517160949679,-50.04517160949679,-3.000890409994912,3.000890409994912
67038,50,52,Standard,96.0,0,68.00701730499648,27.99298269500352,1.6785610002913578,1.6785610002913578
67038,16,53,Standard,96.0,0,72.93871396574765,23.061286034252348,1.3828385411951498,1.3828385411951498
67038,2,54,Standard,76.0,1,72.26206455618828,3.737935443811722,0.22414019706120977,0.22414019706120977
67038,49,55,Standard,100.0,0,75.69858649601395,24.301413503986055,1.4572010922946634,1.4572010922946634
67038,13,56,Standard,73.0,0,71.99598480767852,1.004015192321475,0.06020440064901213,0.06020440064901213
67038,51,57,Standard,81.0,0,72.02538388791983,8.97461611208017,0.5381506059021387,0.5381506059021387
67038,124,58,Standard,91.0,1,72.50260564933333,18.497394350666667,1.1091710055456399,1.1091710055456399
67038,91,59,Standard,93.0,0,70.51750628454455,22.482493715455448,1.3481320497795677,1.3481320497795677
67038,102,60,Standard,76.0,0,70.57095961590971,5.429040384090285,0.32554499665258413,0.32554499665258413
67038,64,61,Standard,88.0,0,72.52386334790742,15.476136652092578,0.9280054112997048,0.9280054112997048
67038,48,62,Standard,100.0,1,79.77719165141184,20.22280834858816,1.2126331009508844,1.2126331009508844
67038,82,63,Standard,25.0,1,69.828686915033,-44.828686915033,-2.6880910251581334,2.6880910251581334
67038,17,64,Standard,86.0,1,78.84151622559438,7.1584837744056244,0.42924870907309537,0.42924870907309537
67058,26,1,Standard,99.0,1,107.95667625184174,-8.956676251841742,-0.5370748666686672,0.5370748666686672
67058,68,2,Standard,96.0,1,96.86992338049227,-0.869923380492267,-0.05216376817167734,0.05216376817167734
67058,69,3,Standard,95.0,1,98.65929486152345,-3.659294861523449,-0.21942462187911746,0.21942462187911746
67058,121,4,Standard,93.0,1,101.1517106605995,-8.151710660599505,-0.4888062036698912,0.4888062036698912
67058,3,5,Standard,100.0,1,102.19120888531158,-2.191208885311582,-0.13139285007425885,0.13139285007425885
67058,80,6,Standard,99.0,1,102.93967109022657,-3.939671090226568,-0.23623699975387066,0.23623699975387066
67058,99,7,Standard,98.0,1,97.87534293314839,0.12465706685161138,0.0074748908720318535,0.0074748908720318535
67058,111,8,Standard,97.0,0,100.5197234600767,-3.5197234600767047,-0.21105541328934005,0.21105541328934005
67058,90,9,Standard,100.0,1,101.05087229821277,-1.0508722982127665,-0.06301412304953656,0.06301412304953656
67058,100,10,Standard,100.0,0,98.0677092868845,1.9322907131155063,0.11586717527031491,0.11586717527031491
67058,106,11,Standard,99.0,0,98.17414470707146,0.8258552929285372,0.04952128544849455,0.04952128544849455
67058,57,12,Standard,100.0,1,101.94417594302742,-1.9441759430274175,-0.11657985686009031,0.11657985686009031
67058,22,13,Standard,100.0,1,106.98045335018996,-6.980453350189961,-0.4185733576748652,0.4185733576748652
67058,18,14,Standard,100.0,0,101.0893797216153,-1.0893797216153018,-0.06532316813592315,0.06532316813592315
67058,66,15,Standard,97.0,1,97.65335938667963,-0.6533593866796252,-0.03917780386619718,0.03917780386619718
67058,48,16,Standard,99.0,1,106.40413532484214,-7.404135324842144,-0.44397886901055167,0.44397886901055167
67058,115,17,Standard,100.0,1,105.13791691063989,-5.137916910639888,-0.3080881749152415,0.3080881749152415
67058,16,18,Standard,100.0,0,99.08452683200319,0.915473167996808,0.054895099009470774,0.054895099009470774
67058,114,19,Standard,100.0,0,97.93261397373962,2.0673860262603796,0.1239679813343864,0.1239679813343864
67058,27,20,Standard,100.0,0,100.96667682167924,-0.9666768216792434,-0.05796545621578241,0.05796545621578241
67058,29,21,Standard,100.0,1,101.9341342620827,-1.9341342620826936,-0.11597772116791233,0.11597772116791233
67058,50,22,Standard,100.0,0,93.93413434980894,6.065865650191057,0.3637313545453327,0.3637313545453327
67058,7,23,Standard,100.0,1,104.98650342886202,-4.986503428862022,-0.2990088721414068,0.2990088721414068
67058,23,24,Standard,100.0,0,100.2351865340454,-0.2351865340453969,-0.014102639513036332,0.014102639513036332
67058,31,25,Standard,100.0,0,97.59681690774093,2.40318309225907,0.14410359407487053,0.14410359407487053
67058,17,26,Standard,100.0,1,105.11854658471577,-5.118546584715773,-0.3069266597593394,0.3069266597593394
67058,73,27,Standard,100.0,0,95.97858825435131,4.021411745648692,0.2411384665902118,0.2411384665902118
67058,2,28,Standard,100.0,1,98.0142249438463,1.9857750561536989,0.11907429090098114,0.11907429090098114
67058,120,29,Standard,100.0,0,96.89996587993178,3.1000341200682158,0.18588931484060237,0.18588931484060237
67058,8,30,Standard,100.0,0,103.1261636026629,-3.126163602662899,-0.18745613360082888,0.18745613360082888
67058,35,31,Standard,100.0,1,103.70619470128827,-3.7061947012882683,-0.22223690675804147,0.22223690675804147
67058,15,32,Standard,100.0,1,102.09396637763778,-2.093966377637784,-0.12556183582578775,0.12556183582578775
67058,123,33,Standard,100.0,1,97.13923577841095,2.8607642215890507,0.17154182195259063,0.17154182195259063
67058,63,34,Standard,100.0,1,95.86804510496626,4.1319548950337435,0.24776703566514102,0.24776703566514102
67058,67,35,Standard,100.0,1,99.86771898396073,0.132281016039272,0.007932050579307145,0.007932050579307145
67058,49,36,Standard,100.0,0,101.14457273365164,-1.1445727336516427,-0.06863274177093809,0.06863274177093809
67058,105,37,Standard,100.0,0,96.16990299185673,3.8300970081432695,0.2296665394770321,0.2296665394770321
67058,64,38,Standard,100.0,0,98.14480624269959,1.8551937573004125,0.11124416154282452,0.11124416154282452
67058,5,39,Standard,100.0,0,96.09533356505553,3.904666434944474,0.23413799337697414,0.23413799337697414
67058,72,40,Standard,100.0,1,97.14102820493093,2.858971795069067,0.17143434154276385,0.17143434154276385
67058,36,41,Standard,100.0,0,95.14290821726746,4.857091782732539,0.29124887941239946,0.29124887941239946
67058,110,42,Standard,100.0,1,94.44596061210159,5.554039387898413,0.3330403913075112,0.3330403913075112
67058,6,43,Standard,100.0,1,99.77881020373219,0.221189796267808,0.013263344236046824,0.013263344236046824
67058,83,44,Standard,100.0,1,98.95255796199906,1.0474420380009377,0.06280843217782196,0.06280843217782196
67058,32,45,Standard,100.0,0,98.49822923700137,1.5017707629986319,0.09005163406889256,0.09005163406889256
67058,28,46,Standard,100.0,0,98.89899069430227,1.1010093056977297,0.06602052027245903,0.06602052027245903
67058,58,47,Standard,100.0,1,99.22697796226407,0.7730220377359274,0.04635321141183304,0.04635321141183304
67058,116,48,Standard,100.0,0,101.1465988391287,-1.1465988391286999,-0.06875423442048242,0.06875423442048242
67058,75,49,Standard,100.0,0,93.3956136954832,6.604386304516794,0.3960230105668223,0.3960230105668223
67058,113,50,Standard,100.0,1,102.58090395225373,-2.5809039522537347,-0.154760382877106,0.154760382877106
67058,102,51,Standard,100.0,0,95.57955421066126,4.420445789338743,0.26506599838718,0.26506599838718
67058,51,52,Standard,100.0,0,96.85902182551692,3.140978174483081,0.18834446917993852,0.18834446917993852
67058,91,53,Standard,100.0,0,95.39488338643025,4.6051166135697486,0.2761395323089923,0.2761395323089923
67058,82,54,Standard,100.0,0,94.83728150978455,5.162718490215454,0.30957536778335265,0.30957536778335265
67058,124,55,Standard,100.0,1,97.24876525835319,2.7512347416468117,0.16497403618226425,0.16497403618226425
67058,101,56,Standard,100.0,1,101.11713191686542,-1.117131916865418,-0.06698729064572738,0.06698729064572738
67058,79,57,Standard,100.0,1,97.52013950082068,2.479860499179324,0.14870145012551506,0.14870145012551506
67058,76,58,Standard,100.0,1,94.24004777159594,5.75995222840406,0.3453876737424654,0.3453876737424654
67058,125,59,Standard,100.0,0,92.84558106794019,7.154418932059812,0.4290049663498438,0.4290049663498438
67058,60,60,Standard,100.0,1,98.5767836342483,1.4232163657516992,0.08534122685517213,0.08534122685517213
67058,13,61,Standard,100.0,1,96.39223110238946,3.6077688976105406,0.21633493777974977,0.21633493777974977
67058,81,62,Standard,100.0,0,96.54227676262461,3.45772323737539,0.20733765455781406,0.20733765455781406
67058,20,63,Standard,100.0,1,95.55597092271469,4.4440290772853075,0.26648013806057785,0.26648013806057785
67058,112,64,Standard,100.0,1,97.0915045898988,2.908495410101196,0.17440395752445817,0.17440395752445817
67100,76,1,Standard,85.0,1,78.75718651326586,6.242813486734136,0.37434179005137674,0.37434179005137674
67100,120,2,Standard,88.0,0,80.10492969294327,7.895070307056727,0.47341711515254703,0.47341711515254703
67100,116,3,Standard,97.0,0,85.48000631428462,11.519993685715377,0.6907806979745678,0.6907806979745678
67100,113,4,Standard,100.0,1,86.61691188674891,13.383088113251091,0.8024986124245989,0.8024986124245989
67100,60,5,Standard,100.0,1,83.34758275229038,16.65241724770962,0.9985394717360256,0.9985394717360256
67100,110,6,Standard,100.0,1,78.89734691371305,21.10265308628695,1.2653917897660056,1.2653917897660056
67100,82,7,Standard,77.0,0,79.76979861857076,-2.7697986185707606,-0.16608719372457612,0.16608719372457612
67100,64,8,Standard,100.0,0,81.48098754857692,18.51901245142308,1.1104673054514216,1.1104673054514216
67100,57,9,Standard,97.0,1,84.4405385180615,12.559461481938499,0.7531109656280525,0.7531109656280525
67100,67,10,Standard,99.0,1,83.83797447839741,15.162025521602587,0.9091701660833371,0.9091701660833371
67100,75,11,Standard,88.0,0,77.93447832567188,10.065521674328124,0.6035652689890121,0.6035652689890121
67100,115,12,Standard,99.0,1,87.38061910930185,11.619380890698153,0.6967403160699209,0.6967403160699209
67100,63,13,Standard,76.0,1,79.15171263719542,-3.1517126371954163,-0.18898814658524854,0.18898814658524854
67100,50,14,Standard,83.0,0,76.30805404133673,6.691945958663268,0.4012734057194441,0.4012734057194441
67100,121,15,Standard,92.0,1,83.03572493559297,8.964275064407033,0.5375305190926906,0.5375305190926906
67100,49,16,Standard,100.0,0,84.38450110159218,15.615498898407822,0.9363620781874932,0.9363620781874932
67100,17,17,Standard,100.0,1,87.53620544053219,12.463794559467814,0.7473744291958041,0.7473744291958041
67100,31,18,Standard,77.0,0,79.92699743498011,-2.926997434980109,-0.17551340619331,0.17551340619331
67100,26,19,Standard,100.0,1,89.19337767186555,10.806622328134452,0.6480043581823107,0.6480043581823107
67100,111,20,Standard,84.0,0,82.0188598658322,1.981140134167802,0.11879636413020125,0.11879636413020125
67100,80,21,Standard,81.0,1,84.64872870806559,-3.6487287080655904,-0.2187910369085305,0.2187910369085305
67100,16,22,Standard,81.0,0,81.78634656207005,-0.7863465620700509,-0.04715219832717469,0.04715219832717469
67100,3,23,Standard,78.0,1,83.4279103053354,-5.427910305335402,-0.3254772330224675,0.3254772330224675
67100,29,24,Standard,84.0,1,83.82692314643572,0.17307685356428237,0.010378317295141175,0.010378317295141175
67100,28,25,Standard,96.0,0,82.6942895315845,13.305710468415498,0.7978587675631005,0.7978587675631005
67100,15,26,Standard,100.0,1,84.38040774058835,15.619592259411647,0.9366075309931479,0.9366075309931479
67100,22,27,Standard,100.0,1,88.39211142736823,11.607888572631765,0.6960511949026855,0.6960511949026855
67100,20,28,Standard,100.0,0,79.45198675498446,20.54801324501554,1.2321335687000472,1.2321335687000472
67100,6,29,Standard,83.0,1,83.26793489099411,-0.2679348909941126,-0.01606635003994443,0.01606635003994443
67100,91,30,Standard,80.0,0,79.27766055228972,0.7223394477102829,0.043314099076512395,0.043314099076512395
67100,18,31,Standard,100.0,0,82.71095901087709,17.28904098912291,1.0367137454759459,1.0367137454759459
67100,72,32,Standard,81.0,1,80.36771790646117,0.6322820935388336,0.037913932750949564,0.037913932750949564
67100,123,33,Standard,76.0,1,80.01601216563229,-4.01601216563229,-0.24081468814429785,0.24081468814429785
67100,112,34,Standard,82.0,1,80.42768589577612,1.572314104223878,0.09428166924238907,0.09428166924238907
67100,13,35,Standard,76.0,1,79.55345575111232,-3.553455751112324,-0.21307812408081905,0.21307812408081905
67100,73,36,Standard,68.0,0,77.60894215297265,-9.608942152972645,-0.5761871011664099,0.5761871011664099
67100,100,37,Standard,25.0,0,78.91075822831075,-53.910758228310755,-3.232685035536813,3.232685035536813
67100,105,38,Standard,82.0,0,79.00294021478943,2.997059785210567,0.17971459939829817,0.17971459939829817
67100,69,39,Standard,89.0,0,79.96146133435462,9.038538665645376,0.5419836345801702,0.5419836345801702
67100,125,40,Standard,42.0,0,75.70063156664274,-33.70063156664274,-2.020812374633136,2.020812374633136
67100,5,41,Standard,75.0,0,78.03186161369716,-3.03186161369716,-0.18180144354323635,0.18180144354323635
67100,90,42,Standard,72.0,1,81.63148625390735,-9.631486253907354,-0.5775389274090057,0.5775389274090057
67100,79,43,Standard,64.0,1,81.0092641880826,-17.009264188082597,-1.019937311462847,1.019937311462847
67100,81,44,Standard,63.0,0,79.35358809703855,-16.353588097038553,-0.980620589581457,0.980620589581457
67100,124,45,Standard,58.0,1,80.05130198340757,-22.05130198340757,-1.3222762260915533,1.3222762260915533
67100,66,46,Standard,74.0,0,78.32145167095143,-4.321451670951433,-0.2591299511930086,0.2591299511930086
67100,51,47,Standard,66.0,0,79.10172402417888,-13.101724024178878,-0.7856269988511221,0.7856269988511221
67100,99,48,Standard,65.0,0,78.44718227948341,-13.447182279483414,-0.8063419316219836,0.8063419316219836
67100,106,49,Standard,64.0,1,78.53606284132297,-14.536062841322973,-0.8716351683232467,0.8716351683232467
67100,58,50,Standard,69.0,1,81.97253685661954,-12.972536856619541,-0.7778804666731877,0.7778804666731877
67100,114,51,Standard,72.0,0,78.89810579867218,-6.8981057986721765,-0.4136354991424871,0.4136354991424871
67100,36,52,Standard,69.0,0,77.53855379731401,-8.538553797314009,-0.512002724369175,0.512002724369175
67100,35,53,Standard,69.0,1,84.76793946415759,-15.767939464157593,-0.9455029686498585,0.9455029686498585
67100,7,54,Standard,70.0,1,85.65459571313383,-15.65459571313383,-0.9387064653201443,0.9387064653201443
67100,23,55,Standard,88.0,0,81.24441752326658,6.755582476733423,0.4050892826694185,0.4050892826694185
67100,2,56,Standard,73.0,1,79.66630473098638,-6.666304730986383,-0.39973586449895476,0.39973586449895476
67100,32,57,Standard,79.0,0,79.99736564275688,-0.9973656427568756,-0.0598056694851968,0.0598056694851968
67100,83,58,Standard,72.0,1,80.36421603917734,-8.364216039177336,-0.5015487986523317,0.5015487986523317
67100,27,59,Standard,70.0,0,81.6259944965915,-11.625994496591503,-0.6971368919205485,0.6971368919205485
67100,101,60,Standard,100.0,1,82.96618163692985,17.033818363070154,1.0214096690525154,1.0214096690525154
67100,68,61,Standard,91.0,0,76.31331906468284,14.686680935317156,0.8806667767542404,0.8806667767542404
67100,102,62,Standard,72.0,0,77.46356848565475,-5.463568485654747,-0.32761542713624064,0.32761542713624064
67100,48,63,Standard,72.0,1,86.37240098049612,-14.372400980496124,-0.8618214082172865,0.8618214082172865
67100,8,64,Standard,99.0,0,84.00417709901825,14.99582290098175,0.8992040527841584,0.8992040527841584
67105,35,1,Standard,80.0,1,77.1412667446651,2.858733255334897,0.17142003783318208,0.17142003783318208
67105,113,2,Standard,67.0,1,76.80328095282563,-9.80328095282563,-0.5878403620507842,0.5878403620507842
67105,100,3,Standard,72.0,1,70.49678055162319,1.5032194483768109,0.09013850251031584,0.09013850251031584
67105,3,4,Standard,87.0,1,74.35784516431859,12.64215483568141,0.7580695597188825,0.7580695597188825
67105,31,5,Standard,77.0,1,70.59449730823161,6.40550269176839,0.38409722618029085,0.38409722618029085
67105,48,6,Standard,75.0,1,78.96442408244668,-3.9644240824466834,-0.23772127914752803,0.23772127914752803
67105,6,7,Standard,70.0,0,73.47631723284071,-3.4763172328407137,-0.20845261811735133,0.20845261811735133
67105,124,8,Standard,69.0,0,71.42740309463647,-2.4274030946364746,-0.14555591346007604,0.14555591346007604
67105,102,9,Standard,79.0,0,69.53949622550148,9.46050377449852,0.5672861964015301,0.5672861964015301
67105,121,10,Standard,76.0,1,73.01217278958619,2.987827210413812,0.17916098065195174,0.17916098065195174
67105,36,11,Standard,76.0,0,68.5779802606443,7.422019739355704,0.44505128351680806,0.44505128351680806
67105,75,12,Standard,69.0,0,67.13685988888034,1.8631401111196624,0.11172065380378997,0.11172065380378997
67105,105,13,Standard,71.0,0,69.34254004950188,1.6574599504981222,0.09938732370050653,0.09938732370050653
67105,16,14,Standard,76.0,0,71.38238060387604,4.617619396123956,0.2768892446000788,0.2768892446000788
67105,60,15,Standard,74.0,1,72.66794314195435,1.3320568580456467,0.07987497139721225,0.07987497139721225
67105,66,16,Standard,72.0,1,69.7325173371094,2.2674826628906004,0.1359665030423611,0.1359665030423611
67105,67,17,Standard,70.0,1,72.77792105587419,-2.777921055874188,-0.16657424459133777,0.16657424459133777
67105,18,18,Standard,68.0,0,73.03732017917922,-5.037320179179218,-0.3020560292154979,0.3020560292154979
67105,26,19,Standard,73.0,1,79.29226840936505,-6.29226840936505,-0.37730728698698895,0.37730728698698895
67105,82,20,Standard,70.0,0,68.44731021031585,1.5526897896841518,0.09310492400581538,0.09310492400581538
67105,22,21,Standard,75.0,1,78.75343715059942,-3.7534371505994244,-0.2250697357507912,0.2250697357507912
67105,17,22,Standard,77.0,1,77.41640035658862,-0.41640035658862473,-0.024968879047027614,0.024968879047027614
67105,115,23,Standard,76.0,1,76.99837903962658,-0.9983790396265846,-0.05986643644532551,0.05986643644532551
67105,123,24,Standard,79.0,1,69.65578537172688,9.344214628273122,0.5603130764686559,0.5603130764686559
67105,27,25,Standard,67.0,1,72.87087811495455,-5.87087811495455,-0.35203919312913046,0.35203919312913046
67105,28,26,Standard,70.0,1,71.89667109479295,-1.89667109479295,-0.1137312934740468,0.1137312934740468
67105,63,27,Standard,68.0,1,68.29711636970495,-0.2971163697049519,-0.017816177581672966,0.017816177581672966
67105,101,28,Standard,68.0,1,74.46472563166503,-6.464725631665033,-0.3876484489390877,0.3876484489390877
67105,15,29,Standard,78.0,1,74.34808098522201,3.651919014777988,0.21898233929615904,0.21898233929615904
67105,8,30,Standard,59.0,0,75.2490607173813,-16.249060717381298,-0.9743527479274615,0.9743527479274615
67105,57,31,Standard,70.0,1,73.23602893626212,-3.236028936262116,-0.19404405837729657,0.19404405837729657
67105,23,32,Standard,68.0,1,72.00817033445486,-4.00817033445486,-0.24034446344088842,0.24034446344088842
67105,99,33,Standard,72.0,1,68.86102177636279,3.13897822363721,0.18822454485715537,0.18822454485715537
67105,72,34,Standard,72.0,0,69.526360305381,2.4736396946189956,0.1483284280706961,0.1483284280706961
67105,20,35,Standard,66.0,1,68.9035646375143,-2.903564637514293,-0.17410829047618903,0.17410829047618903
67105,64,36,Standard,65.0,1,70.3551816859952,-5.3551816859952055,-0.3211161606294467,0.3211161606294467
67105,125,37,Standard,62.0,1,65.9307397970081,-3.9307397970081013,-0.23570144694615355,0.23570144694615355
67105,5,38,Standard,68.0,1,68.26196984406252,-0.26196984406252,-0.015708664142254573,0.015708664142254573
67105,81,39,Standard,69.0,1,69.67117465598115,-0.6711746559811473,-0.040246072174188546,0.040246072174188546
67105,29,40,Standard,70.0,1,73.22598725531739,-3.225987255317392,-0.1934419226851186,0.1934419226851186
67105,7,41,Standard,67.0,1,76.32209558638533,-9.32209558638533,-0.5589867383116547,0.5589867383116547
67105,2,42,Standard,70.0,1,69.52477375852405,0.4752262414759514,0.028496292944122616,0.028496292944122616
67105,69,43,Standard,63.0,1,69.03262540469723,-6.032625404697228,-0.36173814859318487,0.36173814859318487
67105,111,44,Standard,71.0,1,71.06801066040495,-0.0680106604049513,-0.0040781664249086025,0.0040781664249086025
67105,58,45,Standard,73.0,1,71.43735340555968,1.5626465944403236,0.09370197021319251,0.09370197021319251
67105,91,46,Standard,66.0,1,67.82395465116895,-1.8239546511689468,-0.10937095118122914,0.10937095118122914
67105,13,47,Standard,68.0,1,69.12747651714847,-1.127476517148466,-0.06760759048257994,0.06760759048257994
67105,32,48,Standard,67.0,0,70.48990885885391,-3.4899088588539087,-0.2092676214203172,0.2092676214203172
67105,68,49,Standard,70.0,0,66.93707977364575,3.062920226354251,0.1836638308599925,0.1836638308599925
67105,83,50,Standard,79.0,1,70.81302009098576,8.18697990901424,0.4909210760128491,0.4909210760128491
67105,50,51,Standard,65.0,1,64.78859570015749,0.2114042998425134,0.012676570298915724,0.012676570298915724
67105,80,52,Standard,68.0,1,73.05056664766866,-5.05056664766866,-0.30285033561864994,0.30285033561864994
67105,112,53,Standard,73.0,1,69.69553251179195,3.304467488208047,0.19814788273444014,0.19814788273444014
67105,120,54,Standard,75.0,1,67.9293838874348,7.0706161125652045,0.42397984465949917,0.42397984465949917
67105,79,55,Standard,76.0,1,69.73051494411628,6.26948505588372,0.37594111429198573,0.37594111429198573
67105,76,56,Standard,82.0,0,66.45042321489154,15.549576785108457,0.9324091486391584,0.9324091486391584
67105,73,57,Standard,70.0,0,66.78931044041124,3.210689559588758,0.19252461724024392,0.19252461724024392
67105,106,58,Standard,64.0,1,68.24130110022494,-4.241301100224945,-0.25432383161516914,0.25432383161516914
67105,114,59,Standard,76.0,1,68.3059445169134,7.694055483086601,0.4613635355939488,0.4613635355939488
67105,90,60,Standard,70.0,0,70.94307203421178,-0.9430720342117809,-0.056550027352958124,0.056550027352958124
67105,49,61,Standard,68.0,0,72.17399074115464,-4.17399074115464,-0.25028765780396656,0.25028765780396656
67105,110,62,Standard,61.0,1,65.69407444104768,-4.694074441047675,-0.2814737670170982,0.2814737670170982
67105,116,63,Standard,67.0,1,72.61340848951785,-5.613408489517852,-0.3366003784545225,0.3366003784545225
67105,51,64,Standard,68.0,0,68.45704896877191,-0.4570489687719146,-0.027406317596190048,0.027406317596190048
67144,108,1,Neutral,100.0,0,85.31025954230589,14.689740457694114,0.880850236837699,0.880850236837699
67144,85,2,Neutral,100.0,1,87.59793154969174,12.402068450308263,0.7436731073086783,0.7436731073086783
67144,86,3,Neutral,100.0,1,87.16125418314822,12.838745816851784,0.7698578695820004,0.7698578695820004
67144,56,4,Neutral,100.0,1,94.39538750345986,5.604612496540142,0.3360729387410741,0.3360729387410741
67144,11,5,Neutral,100.0,1,94.14116843254361,5.8588315674563916,0.3513168383504746,0.3513168383504746
67144,84,6,Neutral,100.0,1,88.3618621536637,11.638137846336306,0.6978650513138012,0.6978650513138012
67144,97,7,Neutral,100.0,1,86.48078637354453,13.519213626455468,0.8106611930291407,0.8106611930291407
67144,92,8,Neutral,100.0,1,89.53582263377878,10.464177366221222,0.6274701134368801,0.6274701134368801
67144,62,9,Neutral,100.0,0,81.90544014258214,18.094559857417863,1.0850155849780323,1.0850155849780323
67144,55,10,Neutral,100.0,1,92.25667342226221,7.74332657773779,0.46431800953565966,0.46431800953565966
67144,21,11,Neutral,22.0,1,84.38079757728032,-62.38079757728032,-3.740579384524897,3.740579384524897
67144,89,12,Neutral,100.0,0,82.18080441232944,17.819195587670563,1.0685037423813506,1.0685037423813506
67144,9,13,Neutral,100.0,0,89.96330330120136,10.036696698798636,0.6018368186739698,0.6018368186739698
67144,74,14,Neutral,100.0,0,84.17207942650998,15.827920573490019,0.9490996540040632,0.9490996540040632
67144,128,15,Neutral,100.0,0,85.60722530202418,14.392774697975824,0.8630430903783118,0.8630430903783118
67144,53,16,Neutral,27.0,0,82.8879089072658,-55.887908907265796,-3.351242177430302,3.351242177430302
67144,95,17,Neutral,50.0,1,84.2711255948758,-34.2711255948758,-2.055021270381214,2.055021270381214
67144,122,18,Neutral,23.0,0,83.29882229030677,-60.298822290306774,-3.615736578084411,3.615736578084411
67144,4,19,Neutral,100.0,1,87.8874506372911,12.112549362708904,0.7263124903791017,0.7263124903791017
67144,98,20,Neutral,19.0,1,81.84331656311335,-62.84331656311335,-3.768313704228249,3.768313704228249
67144,78,21,Neutral,71.0,1,86.89383599069242,-15.893835990692423,-0.953052182030083,0.953052182030083
67144,94,22,Neutral,100.0,1,93.45611363169138,6.54388636830862,0.39239521446714903,0.39239521446714903
67144,12,23,Neutral,100.0,1,89.72684602819653,10.273153971803467,0.6160156563143045,0.6160156563143045
67144,45,24,Neutral,79.0,1,84.69174719969375,-5.691747199693751,-0.34129785228741505,0.34129785228741505
67144,127,25,Neutral,78.0,1,84.01778956198113,-6.017789561981132,-0.36084853753383395,0.36084853753383395
67144,93,26,Neutral,76.0,1,84.65799087680278,-8.657990876802785,-0.5191646058236419,0.5191646058236419
67144,59,27,Neutral,100.0,1,83.70413038225249,16.295869617747513,0.9771595797494695,0.9771595797494695
67144,54,28,Neutral,76.0,1,87.4969197493457,-11.496919749345693,-0.6893971008732747,0.6893971008732747
67144,117,29,Neutral,72.0,0,86.68299787929155,-14.682997879291548,-0.880445927326588,0.880445927326588
67144,87,30,Neutral,77.0,1,84.15341837126151,-7.153418371261509,-0.4289449690872173,0.4289449690872173
67144,47,31,Neutral,100.0,0,89.15257596912826,10.847424030871736,0.6504509765975934,0.6504509765975934
67144,19,32,Neutral,100.0,0,87.93115521513926,12.068844784860744,0.7236918050198666,0.7236918050198666
67144,39,33,Neutral,100.0,1,88.46296726650509,11.537032733494911,0.691802421218441,0.691802421218441
67144,25,34,Neutral,74.0,0,87.7948191327416,-13.794819132741594,-0.8271875010456144,0.8271875010456144
67144,52,35,Neutral,100.0,1,89.4016122536193,10.598387746380695,0.6355178557023079,0.6355178557023079
67144,103,36,Neutral,100.0,0,84.3977653634143,15.602234636585706,0.935566704831433,0.935566704831433
67144,14,37,Neutral,100.0,1,87.49975935383749,12.50024064616251,0.7495598690399788,0.7495598690399788
67144,44,38,Neutral,78.0,1,85.38169835909146,-7.381698359091459,-0.4426334669830394,0.4426334669830394
67144,37,39,Neutral,100.0,1,85.9205803168886,14.079419683111396,0.8442531846034254,0.8442531846034254
67144,107,40,Neutral,100.0,1,85.44219263981546,14.55780736018454,0.8729390487181587,0.8729390487181587
67144,70,41,Neutral,100.0,1,82.75780987065578,17.242190129344223,1.0339043976150386,1.0339043976150386
67144,34,42,Neutral,100.0,1,90.0082315240589,9.9917684759411,0.5991427591118739,0.5991427591118739
67144,30,43,Neutral,100.0,1,87.36327139640954,12.636728603590456,0.7577441831176948,0.7577441831176948
67144,24,44,Neutral,50.0,0,86.04646608553699,-36.04646608553699,-2.161477139780008,2.161477139780008
67144,96,45,Neutral,50.0,0,78.31442469079798,-28.314424690797978,-1.6978358308399688,1.6978358308399688
67144,10,46,Neutral,100.0,1,84.79309772288251,15.206902277117493,0.9118611394764788,0.9118611394764788
67144,1,47,Neutral,100.0,1,88.28783439704573,11.712165602954272,0.7023040247005191,0.7023040247005191
67144,38,48,Neutral,50.0,1,82.43413424118197,-32.434134241181965,-1.9448685911265924,1.9448685911265924
67144,41,49,Neutral,100.0,1,91.79328049407934,8.20671950592066,0.49210473399919513,0.49210473399919513
67144,42,50,Neutral,100.0,1,85.5104852275322,14.4895147724678,0.8688439769067952,0.8688439769067952
67144,104,51,Neutral,50.0,1,85.5929799000642,-35.59297990006419,-2.134284459621584,2.134284459621584
67144,119,52,Neutral,100.0,1,81.27868146098093,18.721318539019066,1.1225983138709268,1.1225983138709268
67144,71,53,Neutral,100.0,1,82.8592891977695,17.1407108022305,1.0278193282715953,1.0278193282715953
67144,61,54,Neutral,100.0,1,81.70346242810491,18.296537571895087,1.0971269029516602,1.0971269029516602
67144,40,55,Neutral,100.0,1,90.10864103852371,9.891358961476286,0.5931218396237583,0.5931218396237583
67144,77,56,Neutral,100.0,0,83.30286060330099,16.697139396699015,1.001221174359884,1.001221174359884
67144,65,57,Neutral,100.0,0,82.29465032221891,17.705349677781086,1.0616771277806398,1.0616771277806398
67144,118,58,Neutral,50.0,1,85.47276078952378,-35.472760789523775,-2.1270756847424828,2.1270756847424828
67144,88,59,Neutral,100.0,1,83.68058145453954,16.319418545460465,0.9785716590583563,0.9785716590583563
67144,46,60,Neutral,50.0,0,81.98350091696804,-31.98350091696804,-1.917846978899748,1.917846978899748
67144,33,61,Neutral,100.0,0,83.03010916617465,16.969890833825346,1.0175763420146478,1.0175763420146478
67144,126,62,Neutral,100.0,0,84.68523999562886,15.314760004371138,0.9183286808785727,0.9183286808785727
67144,43,63,Neutral,100.0,1,86.8537321209505,13.146267879049503,0.7882980103114984,0.7882980103114984
67144,109,64,Neutral,100.0,1,82.80617107345348,17.193828926546516,1.03100448409643,1.03100448409643
67179,23,1,Standard,66.0,0,75.75735151438234,-9.757351514382336,-0.5850862659626257,0.5850862659626257
67179,123,2,Standard,29.0,1,74.03467901965763,-45.03467901965763,-2.7004430605577965,2.7004430605577965
67179,68,3,Standard,72.0,0,71.34234841790244,0.6576515820975573,0.03943517950610911,0.03943517950610911
67179,32,4,Standard,71.0,1,74.80769917453338,-3.807699174533383,-0.22832348395493224,0.22832348395493224
67179,99,5,Standard,77.0,0,72.47898546342441,4.521014536575592,0.2710964660511373,0.2710964660511373
67179,31,6,Standard,0.0,1,72.9440252309234,-72.9440252309234,-4.373988913255442,4.373988913255442
67179,36,7,Standard,61.0,1,72.16956895137996,-11.169568951379958,-0.6697679570672588,0.6697679570672588
67179,17,8,Standard,100.0,1,80.42201574360962,19.57798425639038,1.1739671043686528,1.1739671043686528
67179,81,9,Standard,65.0,1,73.37661667162,-8.376616671619999,-0.502292385651402,0.502292385651402
67179,49,10,Standard,69.0,0,76.79795520685441,-7.797955206854411,-0.4675937407192076,0.4675937407192076
67179,101,11,Standard,100.0,1,77.6015585115519,22.3984414884481,1.3430919727081325,1.3430919727081325
67179,76,12,Standard,82.0,1,70.76821353057102,11.231786469428982,0.6734987456177285,0.6734987456177285
67179,79,13,Standard,83.0,1,74.98419187781931,8.015808122180687,0.48065699344403184,0.48065699344403184
67179,22,14,Standard,87.0,1,81.45287838760015,5.547121612399849,0.3326255763416614,0.3326255763416614
67179,113,15,Standard,80.0,1,78.62793890405405,1.372061095945952,0.082273770921988,0.082273770921988
67179,80,16,Standard,77.0,1,77.01844364903921,-0.018443649039213028,-0.0011059482413001316,0.0011059482413001316
67179,5,17,Standard,76.0,1,71.57375938110384,4.426240618896159,0.2654134774323534,0.2654134774323534
67179,114,18,Standard,81.0,0,72.49251733972702,8.507482660272984,0.5101395860448306,0.5101395860448306
67179,125,19,Standard,8.0,1,69.11131184118358,-61.11131184118358,-3.6644564050533845,3.6644564050533845
67179,120,20,Standard,72.0,1,71.80978256022811,0.1902174397718852,0.01140612915226598,0.01140612915226598
67179,28,21,Standard,83.0,0,75.53199894981724,7.468001050182764,0.4478084900616595,0.4478084900616595
67179,7,22,Standard,71.0,1,79.54640679484943,-8.546406794849432,-0.5124736186480008,0.5124736186480008
67179,72,23,Standard,22.0,1,73.42412314613699,-51.42412314613699,-3.083577356788518,3.083577356788518
67179,121,24,Standard,72.0,1,74.79309157652598,-2.793091576525981,-0.16748392415630817,0.16748392415630817
67179,112,25,Standard,77.0,1,73.31349619885358,3.686503801146415,0.22105616880671747,0.22105616880671747
67179,111,26,Standard,71.0,0,74.24858270458041,-3.2485827045804143,-0.19479682796013742,0.19479682796013742
67179,63,27,Standard,35.0,0,70.69038345668535,-35.69038345668535,-2.1401251309503717,2.1401251309503717
67179,82,28,Standard,85.0,0,71.51402892958814,13.485971070411864,0.8086678485280293,0.8086678485280293
67179,58,29,Standard,81.0,1,75.55381206775873,5.446187932241273,0.3265732259731418,0.3265732259731418
67179,116,30,Standard,92.0,0,76.45006799802255,15.549932001977453,0.9324304487338799,0.9324304487338799
67179,48,31,Standard,80.0,1,80.26421206221171,-0.2642120622117119,-0.01584311569321598,0.01584311569321598
67179,73,32,Standard,78.0,0,70.27605663460702,7.723943365392984,0.4631557216631292,0.4631557216631292
67179,64,33,Standard,78.0,0,72.87966626584145,5.1203337341585495,0.307033823736434,0.307033823736434
67179,8,34,Standard,97.0,0,77.46737114720722,19.532628852792783,1.171247429496529,1.171247429496529
67179,13,35,Standard,80.0,1,72.04561357559224,7.954386424407758,0.4769739251702204,0.4769739251702204
67179,91,36,Standard,68.0,0,71.67797832763631,-3.6779783276363105,-0.2205449504239178,0.2205449504239178
67179,35,37,Standard,100.0,1,77.95992391725534,22.040076082744662,1.32160308028029,1.32160308028029
67179,105,38,Standard,72.0,0,71.66569297586771,0.3343070241322863,0.02004626441369102,0.02004626441369102
67179,69,39,Standard,73.0,1,72.6242140954329,0.3757859045670955,0.022533488865340692,0.022533488865340692
67179,3,40,Standard,100.0,1,75.17650233690885,24.823497663091146,1.4885071563140626,1.4885071563140626
67179,51,41,Standard,100.0,0,71.85631683439047,28.14368316560953,1.6875975483234456,1.6875975483234456
67179,6,42,Standard,78.0,1,75.3620785163204,2.637921483679605,0.1581793613270672,0.1581793613270672
67179,15,43,Standard,100.0,1,76.1289997721618,23.871000227838195,1.4313919476521961,1.4313919476521961
67179,100,44,Standard,100.0,0,71.09674190277036,28.90325809722964,1.7331444223707069,1.7331444223707069
67179,57,45,Standard,100.0,0,75.0169477232019,24.983052276798105,1.4980746309523711,1.4980746309523711
67179,18,46,Standard,100.0,0,74.2058906660784,25.794109333921597,1.546708560388607,1.546708560388607
67179,90,47,Standard,67.0,1,73.9049482569442,-6.904948256944195,-0.41404579781364587,0.41404579781364587
67179,2,48,Standard,19.0,1,72.67897080637357,-53.67897080637357,-3.2187862191419714,3.2187862191419714
67179,124,49,Standard,66.0,1,72.02736444578366,-6.027364445783661,-0.36142268237250147,0.36142268237250147
67179,16,50,Standard,44.0,0,73.22440272306712,-29.224402723067115,-1.7524014215357213,1.7524014215357213
67179,75,51,Standard,42.0,0,68.84766451520555,-26.84766451520555,-1.6098835588596985,1.6098835588596985
67179,60,52,Standard,67.0,1,73.44286115025602,-6.442861150256022,-0.38633737515375244,0.38633737515375244
67179,115,53,Standard,68.0,1,78.07947119794852,-10.079471197948521,-0.6044017331335071,0.6044017331335071
67179,106,54,Standard,87.0,1,70.8095248443598,16.1904751556402,0.9708397446798184,0.9708397446798184
67179,66,55,Standard,78.0,0,70.41995701683382,7.58004298316618,0.45452693164940744,0.45452693164940744
67179,20,56,Standard,100.0,0,70.37830927443378,29.621690725566225,1.7762242543558084,1.7762242543558084
67179,110,57,Standard,53.0,1,69.32940229607196,-16.32940229607196,-0.9791703210371702,0.9791703210371702
67179,27,58,Standard,82.0,0,73.82075278041066,8.179247219589342,0.49045739584566506,0.49045739584566506
67179,29,59,Standard,86.0,1,74.78821022081411,11.211789779185892,0.6722996713803501,0.6722996713803501
67179,50,60,Standard,77.0,0,66.78821030854036,10.211789691459643,0.6123360309982615,0.6123360309982615
67179,102,61,Standard,73.0,0,69.65832676947389,3.341673230526112,0.20037887429123274,0.20037887429123274
67179,26,62,Standard,90.0,1,79.804751431935,10.195248568064997,0.6113441651105219,0.6113441651105219
67179,83,63,Standard,88.0,1,72.63767804221416,15.362321957785838,0.9211806684988072,0.9211806684988072
67179,67,64,Standard,82.0,1,74.13881236789048,7.8611876321095195,0.47138538679506536,0.47138538679506536
67180,48,1,Standard,100.0,1,73.93319247844471,26.06680752155529,1.5630605350102238,1.5630605350102238
67180,120,2,Standard,74.0,0,64.95389300499772,9.046106995002276,0.5424374591202082,0.5424374591202082
67180,64,3,Standard,72.0,0,66.54864668207445,5.451353317925552,0.32688296127557676,0.32688296127557676
67180,115,4,Standard,16.0,1,72.5794957356652,-56.579495735665205,-3.3927122376634204,3.3927122376634204
67180,58,5,Standard,88.0,1,67.93699255165923,20.06300744834077,1.2030508580763302,1.2030508580763302
67180,2,6,Standard,68.0,0,65.84945624746915,2.150543752530851,0.12895442089001946,0.12895442089001946
67180,111,7,Standard,40.0,0,67.43643231363865,-27.436432313638647,-1.6451882162963494,1.6451882162963494
67180,31,8,Standard,70.0,0,65.21335238992071,4.786647610079285,0.28702479074696946,0.28702479074696946
67180,106,9,Standard,45.0,1,65.13459272492203,-20.13459272492203,-1.207343371481335,1.207343371481335
67180,72,10,Standard,76.0,1,65.32617282286272,10.673827177137284,0.640041478201985,0.640041478201985
67180,23,11,Standard,100.0,0,67.67676535907073,32.32323464092927,1.938218647961897,1.938218647961897
67180,32,12,Standard,22.0,0,66.81459134779901,-44.81459134779901,-2.6872458037076807,2.6872458037076807
67180,20,13,Standard,24.0,1,64.61589882641877,-40.61589882641877,-2.43547693736741,2.43547693736741
67180,15,14,Standard,67.0,1,69.7542410241062,-2.754241024106193,-0.16515430380673135,0.16515430380673135
67180,83,15,Standard,26.0,1,67.09396341564222,-41.09396341564222,-2.464143427960212,2.464143427960212
67180,29,16,Standard,79.0,1,69.0257997727991,9.974200227200896,0.598089303054689,0.598089303054689
67180,50,17,Standard,15.0,0,61.02579986052535,-46.02579986052535,-2.7598742690211044,2.7598742690211044
67180,13,18,Standard,22.0,0,65.14598485607324,-43.14598485607324,-2.5871900928761304,2.5871900928761304
67180,123,19,Standard,35.0,1,64.6245537677249,-29.624553767724905,-1.7763959327711496,1.7763959327711496
67180,124,20,Standard,35.0,1,65.65260569772805,-30.65260569772805,-1.8380416635880215,1.8380416635880215
67180,75,21,Standard,83.0,0,61.49327998483774,21.50672001516226,1.289621111653832,1.289621111653832
67180,28,22,Standard,70.0,0,66.82170032650237,3.1782996734976336,0.1905824019290422,0.1905824019290422
67180,81,23,Standard,95.0,0,65.12107385915394,29.878926140846062,1.7916490249380286,1.7916490249380286
67180,51,24,Standard,100.0,0,64.95668811487147,35.04331188512853,2.101324367335911,2.101324367335911
67180,66,25,Standard,33.0,0,64.08893743306682,-31.088937433066818,-1.8642057005578951,1.8642057005578951
67180,5,26,Standard,42.0,0,63.53691239008084,-21.536912390080843,-1.2914315562069079,1.2914315562069079
67180,7,27,Standard,78.0,1,71.68451646098089,6.315483539019112,0.37869935055086823,0.37869935055086823
67180,110,28,Standard,76.0,1,61.93127860141554,14.068721398584458,0.8436116765736238,0.8436116765736238
67180,49,29,Standard,100.0,0,68.32371657294527,31.676283427054727,1.8994251014315806,1.8994251014315806
67180,68,30,Standard,33.0,0,62.518196469684376,-29.518196469684376,-1.770018362558917,1.770018362558917
67180,91,31,Standard,24.0,0,63.23011469005313,-39.23011469005313,-2.352380283056935,2.352380283056935
67180,79,32,Standard,82.0,1,65.48658829730937,16.513411702690632,0.9902041939546133,0.9902041939546133
67180,69,33,Standard,79.0,1,64.22008962213833,14.779910377861668,0.8862571530295793,0.8862571530295793
67180,67,34,Standard,100.0,1,66.78442783752267,33.21557216247733,1.9917264495094102,1.9917264495094102
67180,125,35,Standard,83.0,1,60.768290700140284,22.231709299859716,1.3330941045885756,1.3330941045885756
67180,18,36,Standard,100.0,0,67.0000877965391,32.999912203460894,1.978794694416587,1.978794694416587
67180,101,37,Standard,82.0,1,68.82114572762244,13.178854272377563,0.7902520089109545,0.7902520089109545
67180,57,38,Standard,88.0,1,67.67992736079675,20.320072639203246,1.2184654213836987,1.2184654213836987
67180,76,39,Standard,71.0,0,61.94406158235295,9.055938417647049,0.5430269869604066,0.5430269869604066
67180,27,40,Standard,100.0,0,66.96486322518027,33.03513677481973,1.980906887760867,1.980906887760867
67180,73,41,Standard,67.0,0,62.23920964358403,4.760790356415967,0.2854742958230529,0.2854742958230529
67180,6,42,Standard,100.0,1,66.69551905729413,33.304480942705865,1.9970577431661498,1.9970577431661498
67180,82,43,Standard,0.0,1,62.191382006232644,-62.191382006232644,-3.729221338336225,3.729221338336225
67180,113,44,Standard,19.0,1,69.71630862725875,-50.716308627258755,-3.041134225244659,3.041134225244659
67180,100,45,Standard,90.0,0,63.40980822605629,26.590191773943708,1.5944445573488886,1.5944445573488886
67180,60,46,Standard,82.0,1,66.06210162356224,15.937898376437758,0.955694322851508,0.955694322851508
67180,105,47,Standard,100.0,0,62.60548103824392,37.39451896175608,2.242311290574373,2.242311290574373
67180,112,48,Standard,0.0,1,64.66430090778998,-64.66430090778998,-3.8775065450347737,3.8775065450347737
67180,121,49,Standard,100.0,1,66.05641795688516,33.943582043114844,2.0353805683569535,2.0353805683569535
67180,114,50,Standard,71.0,0,63.449669570065886,7.550330429934114,0.45274525894886564,0.45274525894886564
67180,16,51,Standard,100.0,0,64.51410409975223,35.48589590024777,2.1278633137292196,2.1278633137292196
67180,17,52,Standard,100.0,1,70.85429800248511,29.14570199751489,1.7476822399448944,1.7476822399448944
67180,99,53,Standard,40.0,1,62.73631106514543,-22.73631106514543,-1.3633518607239357,1.3633518607239357
67180,26,54,Standard,97.0,1,72.51147023381847,24.48852976618153,1.4684212635662899,1.4684212635662899
67180,80,55,Standard,100.0,1,67.66942172935777,32.330578270642235,1.938658998694474,1.938658998694474
67180,36,56,Standard,81.0,0,61.35979044221156,19.640209557788438,1.177698359637024,1.177698359637024
67180,102,57,Standard,100.0,0,62.1900889142029,37.8099110857971,2.267219712332798,2.267219712332798
67180,90,58,Standard,35.0,1,65.78062293734396,-30.780622937343963,-1.845718042633638,1.845718042633638
67180,22,59,Standard,83.0,1,71.841421482187,11.158578517812998,0.6691089307190202,0.6691089307190202
67180,3,60,Standard,0.0,1,66.65852453871109,-66.65852453871109,-3.997087443190406,3.997087443190406
67180,8,61,Standard,85.0,0,68.64321919898916,16.356780801010842,0.980812035717503,0.980812035717503
67180,35,62,Standard,82.0,1,69.22325029761453,12.776749702385473,0.7661403571951793,0.7661403571951793
67180,63,63,Standard,10.0,1,61.47257902986976,-51.47257902986976,-3.086482947720169,3.086482947720169
67180,116,64,Standard,69.0,0,67.31974189978418,1.6802581002158234,0.10075438363162874,0.10075438363162874
67186,116,1,Standard,83.0,0,87.38774664814048,-4.387746648140478,-0.2631052390155742,0.2631052390155742
67186,64,2,Standard,74.0,1,83.73422830793825,-9.734228307938253,-0.5836997144485688,0.5836997144485688
67186,67,3,Standard,87.0,1,86.81723181194613,0.18276818805387052,0.010959444940317222,0.010959444940317222
67186,99,4,Standard,84.0,1,82.19196751346112,1.8080324865388775,0.10841620031100396,0.10841620031100396
67186,23,5,Standard,79.0,0,85.25163774297594,-6.251637742975944,-0.37487092453288096,0.37487092453288096
67186,105,6,Standard,80.0,0,83.07567665555352,-3.075676655553522,-0.18442875272595344,0.18442875272595344
67186,72,7,Standard,6.0,0,84.13428019720496,-78.13428019720496,-4.685215468242159,4.685215468242159
67186,5,8,Standard,70.0,1,81.29551604050009,-11.29551604050009,-0.677320202363899,0.677320202363899
67186,106,9,Standard,74.0,1,82.1058914181462,-8.1058914181462,-0.48605871533386835,0.48605871533386835
67186,22,10,Standard,76.0,1,91.12648299390435,-15.126482993904347,-0.9070389069211369,0.9070389069211369
67186,75,11,Standard,70.0,0,80.6075615092003,-10.607561509200295,-0.6360679478687155,0.6360679478687155
67186,80,12,Standard,66.0,1,86.86264319194176,-20.862643191941757,-1.250999924035892,1.250999924035892
67186,8,13,Standard,73.0,0,88.05513648301624,-15.055136483016241,-0.9027607107750358,0.9027607107750358
67186,35,14,Standard,99.0,1,88.29402887669222,10.705971123307776,0.6419689460615241,0.6419689460615241
67186,2,15,Standard,93.0,0,84.132693650348,8.867306349651997,0.531715922462899,0.531715922462899
67186,121,16,Standard,72.0,1,84.81224777658298,-12.812247776582979,-0.7682689507638816,0.7682689507638816
67186,26,17,Standard,81.0,1,91.27166177407244,-10.271661774072442,-0.6159261787140319,0.6159261787140319
67186,50,18,Standard,82.0,0,78.12390315781191,3.8760968421880904,0.23242485674135469,0.23242485674135469
67186,76,19,Standard,75.0,0,79.79014356134941,-4.79014356134941,-0.2872344206933345,0.2872344206933345
67186,49,20,Standard,81.0,0,86.02980644971635,-5.029806449716347,-0.30160547868358306,0.30160547868358306
67186,28,21,Standard,37.0,0,85.54232937226736,-48.54232937226736,-2.9107745264362017,2.9107745264362017
67186,125,22,Standard,43.0,0,78.30819852911644,-35.30819852911644,-2.1172079334046146,2.1172079334046146
67186,57,23,Standard,67.0,1,85.64845222329953,-18.64845222329953,-1.1182289847024576,1.1182289847024576
67186,112,24,Standard,10.0,0,82.85588331229192,-72.85588331229192,-4.368703603407696,4.368703603407696
67186,114,25,Standard,81.0,0,81.8555860754548,-0.855586075454795,-0.051304051243781804,0.051304051243781804
67186,27,26,Standard,100.0,0,84.88964892339442,15.110351076605582,0.9060715785184202,0.9060715785184202
67186,6,27,Standard,81.0,1,86.02849640309978,-5.02849640309978,-0.3015269235262748,0.3015269235262748
67186,66,28,Standard,100.0,0,80.92901863342513,19.07098136657487,1.1435653680781062,1.1435653680781062
67186,115,29,Standard,100.0,1,88.62785909002503,11.372140909974974,0.6819149080783391,0.6819149080783391
67186,58,30,Standard,97.0,1,85.52040332592024,11.479596674079758,0.6883583463088423,0.6883583463088423
67186,17,31,Standard,100.0,1,88.91466291412122,11.085337085878777,0.6647171082187255,0.6647171082187255
67186,32,32,Standard,100.0,1,82.91110675525087,17.08889324474913,1.0247121591618844,1.0247121591618844
67186,100,33,Standard,96.0,0,80.90597689074384,15.094023109256156,0.9050924942420001,0.9050924942420001
67186,69,34,Standard,100.0,1,82.85324033932609,17.146759660673908,1.0281820398121986,1.0281820398121986
67186,101,35,Standard,99.0,1,86.05046651777486,12.949533482225135,0.7765011007244335,0.7765011007244335
67186,81,36,Standard,100.0,0,81.69430718497713,18.305692815022866,1.0976758846100247,1.0976758846100247
67186,20,37,Standard,98.0,1,80.87859628166554,17.121403718334463,1.0266616053375892,1.0266616053375892
67186,68,38,Standard,98.0,0,79.13958184859962,18.86041815140038,1.1309392322733305,1.1309392322733305
67186,124,39,Standard,99.0,1,82.13399897441789,16.866001025582108,1.0113467314602864,1.0113467314602864
67186,15,40,Standard,98.0,1,85.58832144582637,12.411678554173633,0.744249364070343,0.744249364070343
67186,13,41,Standard,91.0,1,81.28182653901028,9.718173460989718,0.5827370074642121,0.5827370074642121
67186,113,42,Standard,99.0,1,86.94562941741117,12.054370582588831,0.7228238792361559,0.7228238792361559
67186,48,43,Standard,100.0,1,89.23799003989807,10.762009960101935,0.6453292384236937,0.6453292384236937
67186,91,44,Standard,98.0,0,81.33839543577753,16.661604564222472,0.9990903766311497,0.9990903766311497
67186,18,45,Standard,94.0,0,83.91887271611509,10.08112728388491,0.6045010380663269,0.6045010380663269
67186,123,46,Standard,93.0,1,82.1204862134087,10.879513786591303,0.6523751950007062,0.6523751950007062
67186,31,47,Standard,85.0,0,80.64936744423993,4.350632555760072,0.2608797431222023,0.2608797431222023
67186,83,48,Standard,86.0,1,82.6218696873421,3.378130312657902,0.20256497346178537,0.20256497346178537
67186,120,49,Standard,52.0,0,80.03999474500803,-28.03999474500803,-1.6813800137041515,1.6813800137041515
67186,29,50,Standard,98.0,1,84.50996688021037,13.49003311978963,0.8089114237747639,0.8089114237747639
67186,36,51,Standard,88.0,0,80.25537614513102,7.744623854868976,0.4643957989882059,0.4643957989882059
67186,79,52,Standard,88.0,1,83.28869489301348,4.711305106986515,0.2825069803823587,0.2825069803823587
67186,63,53,Standard,94.0,1,79.22240807092943,14.777591929070567,0.8861181304122214,0.8861181304122214
67186,102,54,Standard,90.0,0,79.63374380524229,10.36625619475771,0.6215984040405523,0.6215984040405523
67186,73,55,Standard,91.0,0,78.59816003676758,12.401839963232419,0.7436594063930324,0.7436594063930324
67186,60,56,Standard,87.0,1,82.93714737884964,4.0628526211503555,0.24362341212791752,0.24362341212791752
67186,3,57,Standard,68.0,1,83.7610407248011,-15.761040724801106,-0.9450892951602864,0.9450892951602864
67186,16,58,Standard,87.0,0,82.88481983120832,4.115180168791682,0.24676116210149557,0.24676116210149557
67186,51,59,Standard,90.0,0,80.39711605799413,9.602883942005874,0.5758238288145082,0.5758238288145082
67186,111,60,Standard,94.0,0,82.26009906791725,11.739900932082747,0.7039671358563594,0.7039671358563594
67186,110,61,Standard,91.0,1,79.16477606136762,11.835223938632382,0.7096830498398055,0.7096830498398055
67186,82,62,Standard,91.0,0,80.03722776622534,10.962772233774658,0.6573676741484085,0.6573676741484085
67186,90,63,Standard,91.0,1,82.53322580912507,8.46677419087493,0.5076985582394826,0.5076985582394826
67186,7,64,Standard,90.0,1,87.20800984387733,2.791990156122665,0.1674178789851281,0.1674178789851281
67194,52,1,Neutral,42.0,1,52.75010520213942,-10.750105202139423,-0.6446153858610174,0.6446153858610174
67194,84,2,Neutral,56.0,1,50.39818017352535,5.601819826474653,0.3359054800922518,0.3359054800922518
67194,126,3,Neutral,35.0,1,49.12721205136435,-14.127212051364353,-0.8471189887349477,0.8471189887349477
67194,74,4,Neutral,57.0,1,46.47083243210334,10.529167567896657,0.6313671621766318,0.6313671621766318
67194,65,5,Neutral,54.0,1,46.43044822793409,7.569551772065907,0.4538978404950059,0.4538978404950059
67194,11,6,Neutral,57.0,1,55.9587906309622,1.0412093690378015,0.06243469869028209,0.06243469869028209
67194,34,7,Neutral,54.0,1,53.40046363686763,0.5995363631323727,0.03595037972106286,0.03595037972106286
67194,97,8,Neutral,59.0,0,48.29840857196313,10.70159142803687,0.6417063236123552,0.6417063236123552
67194,21,9,Neutral,55.0,0,46.32963726856475,8.670362731435247,0.5199064672006016,0.5199064672006016
67194,88,10,Neutral,50.0,1,47.68516186738887,2.314838132611129,0.13880610914969976,0.13880610914969976
67194,128,11,Neutral,50.0,0,47.64354332188584,2.3564566781141565,0.14130170842653933,0.14130170842653933
67194,38,12,Neutral,50.0,1,45.87010551827932,4.129894481720683,0.24764348579303677,0.24764348579303677
67194,119,13,Neutral,50.0,1,44.84587023094412,5.154129769055878,0.3090603568415778,0.3090603568415778
67194,25,14,Neutral,50.0,0,50.530963781221104,-0.5309637812211037,-0.03183851843998239,0.03183851843998239
67194,98,15,Neutral,50.0,1,43.923373747263604,6.076626252736396,0.36437659939005107,0.36437659939005107
67194,14,16,Neutral,50.0,1,50.27964316660562,-0.2796431666056165,-0.01676842080661699,0.01676842080661699
67194,44,17,Neutral,50.0,1,48.16158217185958,1.8384178281404218,0.11023821584784728,0.11023821584784728
67194,10,18,Neutral,50.0,1,47.87915568567092,2.1208443143290765,0.12717353461436867,0.12717353461436867
67194,96,19,Neutral,50.0,1,41.313004325009175,8.686995674990825,0.5209038389589683,0.5209038389589683
67194,86,20,Neutral,50.0,0,48.27904975294897,1.7209502470510287,0.10319443267677378,0.10319443267677378
67194,54,21,Neutral,50.0,1,49.6644552620732,0.33554473792680284,0.02012048223205051,0.02012048223205051
67194,108,22,Neutral,50.0,1,46.25309845495216,3.746901545047841,0.22467783708419667,0.22467783708419667
67194,85,23,Neutral,50.0,1,48.540770462338024,1.459229537661976,0.08750070755517515,0.08750070755517515
67194,55,24,Neutral,47.0,1,53.5056864849288,-6.505686484928802,-0.39010461059846996,0.39010461059846996
67194,107,25,Neutral,50.0,1,47.95964146685189,2.0403585331481082,0.1223473145991478,0.1223473145991478
67194,117,26,Neutral,50.0,0,48.6755767348646,1.324423265135401,0.07941723341727466,0.07941723341727466
67194,77,27,Neutral,50.0,1,46.43265773037802,3.5673422696219816,0.21391081020984296,0.21391081020984296
67194,94,28,Neutral,50.0,1,55.05504000866689,-5.055040008666893,-0.3031185746053156,0.3031185746053156
67194,45,29,Neutral,50.0,0,46.334412740957866,3.665587259042134,0.2198019369079686,0.2198019369079686
67194,95,30,Neutral,50.0,0,45.56387782183099,4.436122178169008,0.266006011647024,0.266006011647024
67194,12,31,Neutral,50.0,0,51.238294076594805,-1.238294076594805,-0.07425261418229794,0.07425261418229794
67194,53,32,Neutral,50.0,1,44.049443641355154,5.950556358644846,0.3568169902609135,0.3568169902609135
67194,104,33,Neutral,50.0,1,48.24164621996647,1.7583537800335307,0.10543728448079913,0.10543728448079913
67194,122,34,Neutral,50.0,0,44.460357024396124,5.539642975603876,0.33217713009361993,0.33217713009361993
67194,4,35,Neutral,50.0,1,49.04898537138045,0.9510146286195535,0.057026294185945486,0.057026294185945486
67194,89,36,Neutral,50.0,1,42.99242583210987,7.007574167890127,0.42019962049164017,0.42019962049164017
67194,59,37,Neutral,50.0,1,45.128100102073525,4.871899897926475,0.2921368278287288,0.2921368278287288
67194,9,38,Neutral,50.0,1,50.73118555669319,-0.7311855566931911,-0.04384454392781033,0.04384454392781033
67194,71,39,Neutral,50.0,0,45.33299886051732,4.667001139482679,0.2798503534405149,0.2798503534405149
67194,87,40,Neutral,0.0,0,45.577388091082554,-45.577388091082554,-2.7329858692939593,2.7329858692939593
67194,56,41,Neutral,50.0,1,54.6383997874883,-4.6383997874882965,-0.27813531240553635,0.27813531240553635
67194,39,42,Neutral,50.0,1,49.930676150614744,0.06932384938525615,0.0041569100097694454,0.0041569100097694454
67194,24,43,Neutral,0.0,0,47.95156661253281,-47.95156661253281,-2.875350243867988,2.875350243867988
67194,1,44,Neutral,50.0,1,50.28041325261877,-0.2804132526187715,-0.016814597963322145,0.016814597963322145
67194,42,45,Neutral,50.0,1,47.59054241168246,2.4094575883175366,0.144479835667093,0.144479835667093
67194,127,46,Neutral,8.0,1,44.96062847462741,-36.96062847462741,-2.2162936397214112,2.2162936397214112
67194,19,47,Neutral,50.0,0,49.13642911351723,0.8635708864827691,0.051782849538779,0.051782849538779
67194,37,48,Neutral,50.0,0,47.38828920099826,2.6117107990017416,0.15660767339475373,0.15660767339475373
67194,33,49,Neutral,50.0,1,45.41634050034524,4.5836594996547575,0.27485288575942896,0.27485288575942896
67194,92,50,Neutral,50.0,1,49.56013909636415,0.4398609036358465,0.026375658729922785,0.026375658729922785
67194,43,51,Neutral,50.0,0,49.23996345512108,0.7600365448789219,0.045574554056280074,0.045574554056280074
67194,47,52,Neutral,50.0,0,50.09541488177455,-0.09541488177455193,-0.005721423155909731,0.005721423155909731
67194,93,53,Neutral,0.0,0,45.33839480371738,-45.33839480371738,-2.718654963013857,2.718654963013857
67194,118,54,Neutral,50.0,0,47.50907880938543,2.4909211906145714,0.14936468939093198,0.14936468939093198
67194,61,55,Neutral,52.0,1,43.5210846265235,8.478915373476497,0.5084265876829489,0.5084265876829489
67194,30,56,Neutral,50.0,1,48.65602362336474,1.3439763766352613,0.08058970906074626,0.08058970906074626
67194,103,57,Neutral,50.0,1,45.340604276060574,4.659395723939426,0.27939430507793034,0.27939430507793034
67194,62,58,Neutral,50.0,0,41.6235824551472,8.3764175448528,0.5022804452865907,0.5022804452865907
67194,41,59,Neutral,50.0,1,53.217250213900385,-3.2172502139003853,-0.19291801792154598,0.19291801792154598
67194,46,60,Neutral,50.0,0,43.84486227967524,6.15513772032476,0.3690844323853892,0.3690844323853892
67194,70,61,Neutral,50.0,1,43.74438794759067,6.255612052409333,0.37510923857360545,0.37510923857360545
67194,78,62,Neutral,50.0,1,46.96189161756641,3.0381083824335917,0.18217602250443743,0.18217602250443743
67194,40,63,Neutral,50.0,1,51.62008908692201,-1.6200890869220075,-0.09714643087284541,0.09714643087284541
67194,109,64,Neutral,50.0,0,44.667532436160684,5.332467563839316,0.31975413929638113,0.31975413929638113
67212,94,1,Neutral,100.0,1,104.4919378791776,-4.491937879177598,-0.2693529239763652,0.2693529239763652
67212,103,2,Neutral,100.0,0,96.51388121995289,3.486118780047107,0.20904035451766367,0.20904035451766367
67212,127,3,Neutral,100.0,0,95.77957921540738,4.220420784592619,0.25307177198736636,0.25307177198736636
67212,34,4,Neutral,100.0,1,101.7876215644516,-1.787621564451598,-0.1071922872264648,0.1071922872264648
67212,46,5,Neutral,100.0,1,94.50645675026716,5.493543249732838,0.3294128229522784,0.3294128229522784
67212,71,6,Neutral,100.0,0,95.03233171675973,4.967668283240272,0.29787944834188,0.29787944834188
67212,98,7,Neutral,100.0,0,93.04090996959101,6.959090030408987,0.41729233536253063,0.41729233536253063
67212,108,8,Neutral,100.0,0,95.8036134313623,4.196386568637706,0.2516305930314098,0.2516305930314098
67212,4,9,Neutral,100.0,0,98.44214407760256,1.5578559223974366,0.09341470410282508,0.09341470410282508
67212,96,10,Neutral,100.0,1,90.64482347997622,9.355176520023775,0.5609703913458357,0.5609703913458357
67212,70,11,Neutral,100.0,0,94.18728659673953,5.812713403260474,0.3485514255801478,0.3485514255801478
67212,53,12,Neutral,100.0,0,93.86239360349698,6.137606396503017,0.3680331904805418,0.3680331904805418
67212,95,13,Neutral,100.0,1,94.56338404945555,5.43661595054445,0.3259992551552819,0.3259992551552819
67212,14,14,Neutral,100.0,1,98.62306192990096,1.376938070099044,0.08256621202060198,0.08256621202060198
67212,77,15,Neutral,100.0,0,95.2134681365595,4.786531863440501,0.28701785015775483,0.28701785015775483
67212,126,16,Neutral,100.0,0,96.81454335033045,3.185456649669547,0.19101156023678953,0.19101156023678953
67212,52,17,Neutral,100.0,1,100.30621900823968,-0.3062190082396796,-0.018362004877414136,0.018362004877414136
67212,65,18,Neutral,100.0,1,94.1177795269002,5.882220473099807,0.3527193221543723,0.3527193221543723
67212,88,19,Neutral,100.0,0,96.22967606516086,3.7703239348391406,0.2260823287193205,0.2260823287193205
67212,21,20,Neutral,100.0,0,94.6161293694085,5.3838706305915025,0.3228364540352458,0.3228364540352458
67212,44,21,Neutral,100.0,1,96.92479219107463,3.07520780892537,0.1844006389778149,0.1844006389778149
67212,11,22,Neutral,100.0,1,103.51490443706247,-3.5149044370624694,-0.21076644715167137,0.21076644715167137
67212,37,23,Neutral,100.0,1,96.73770874293174,3.262291257068256,0.19561884259956508,0.19561884259956508
67212,78,24,Neutral,100.0,1,97.39160276855227,2.608397231447725,0.15640897983899357,0.15640897983899357
67212,38,25,Neutral,100.0,0,94.23966305889684,5.760336941103162,0.345410742514381,0.345410742514381
67212,118,26,Neutral,100.0,0,97.50139831748514,2.4986016825148596,0.14982523960479607,0.14982523960479607
67212,87,27,Neutral,100.0,1,95.08416390320407,4.915836096795928,0.2947714020263713,0.2947714020263713
67212,109,28,Neutral,58.0,0,94.49808278526893,-36.498082785268934,-2.1885577187776026,2.1885577187776026
67212,54,29,Neutral,100.0,1,98.25270862413379,1.7472913758662116,0.1047739425137412,0.1047739425137412
67212,42,30,Neutral,100.0,1,96.5025703107298,3.4974296892702057,0.20971859775121227,0.20971859775121227
67212,74,31,Neutral,100.0,0,94.22804167268026,5.771958327319737,0.3461076030770801,0.3461076030770801
67212,59,32,Neutral,98.0,1,94.11441883153509,3.8855811684649098,0.23299357142159308,0.23299357142159308
67212,24,33,Neutral,100.0,0,97.15658116343747,2.8434188365625346,0.17050172961381516,0.17050172961381516
67212,97,34,Neutral,54.0,1,95.41713073517724,-41.41713073517724,-2.4835217151920688,2.4835217151920688
67212,9,35,Neutral,100.0,0,99.63002595757753,0.36997404242247,0.022184988484322727,0.022184988484322727
67212,93,36,Neutral,98.0,0,95.02012727299338,2.9798727270066223,0.17868400091134137,0.17868400091134137
67212,39,37,Neutral,100.0,1,98.40531240677592,1.59468759322408,0.09562326497319663,0.09562326497319663
67212,128,38,Neutral,94.0,0,95.40075256246276,-1.4007525624627561,-0.08399421555130822,0.08399421555130822
67212,47,39,Neutral,94.0,0,99.43164692554504,-5.431646925545039,-0.3257012943533065,0.3257012943533065
67212,55,40,Neutral,100.0,1,101.06180029102906,-1.0618002910290585,-0.0636694052233853,0.0636694052233853
67212,10,41,Neutral,52.0,1,95.8113215834023,-43.811321583402304,-2.627086101626759,2.627086101626759
67212,30,42,Neutral,100.0,1,97.52431235812347,2.475687641876533,0.14845123043279557,0.14845123043279557
67212,107,43,Neutral,100.0,1,95.42827694437491,4.571723055625085,0.27413713318498306,0.27413713318498306
67212,45,44,Neutral,100.0,0,94.61649195299816,5.38350804700184,0.32281471220517416,0.32281471220517416
67212,62,45,Neutral,99.0,1,90.95981449891768,8.04018550108232,0.4821187496977129,0.4821187496977129
67212,84,46,Neutral,96.0,1,96.7295973795444,-0.7295973795444013,-0.04374931105275166,0.04374931105275166
67212,119,47,Neutral,98.0,1,92.12636155314972,5.873638446850279,0.35220471266374076,0.35220471266374076
67212,92,48,Neutral,97.0,1,97.90355785965949,-0.903557859659486,-0.054180613807969,0.054180613807969
67212,25,49,Neutral,99.0,0,97.76771593913807,1.2322840608619288,0.07389223179181605,0.07389223179181605
67212,19,50,Neutral,99.0,0,97.77283452866988,1.2271654713301245,0.07358530255679317,0.07358530255679317
67212,86,51,Neutral,100.0,1,95.17907609472002,4.820923905279983,0.2890801220057079,0.2890801220057079
67212,40,52,Neutral,100.0,1,100.35716032881487,-0.3571603288148708,-0.02141663163700264,0.02141663163700264
67212,85,53,Neutral,98.0,0,95.48453596839767,2.5154640316023347,0.1508363673527722,0.1508363673527722
67212,117,54,Neutral,100.0,0,96.21850304280187,3.7814969571981294,0.22675230375526154,0.22675230375526154
67212,56,55,Neutral,100.0,1,102.28199192216579,-2.281991922165787,-0.1368365309714246,0.1368365309714246
67212,12,56,Neutral,100.0,0,98.40075540409751,1.5992445959024906,0.09589651941905347,0.09589651941905347
67212,61,57,Neutral,99.0,0,92.20122920596476,6.798770794035235,0.4076790111696248,0.4076790111696248
67212,104,58,Neutral,98.0,0,96.08633378912062,1.9136662108793843,0.11475038241390474,0.11475038241390474
67212,43,59,Neutral,96.0,0,97.14599057553025,-1.1459905755302486,-0.0687177607240071,0.0687177607240071
67212,41,60,Neutral,93.0,1,101.42945148432989,-8.429451484329888,-0.5054605530824613,0.5054605530824613
67212,33,61,Neutral,95.0,0,93.14741096359997,1.8525890364000333,0.1110879730091603,0.1110879730091603
67212,1,62,Neutral,96.0,1,97.74904873014181,-1.7490487301418085,-0.10487931986430266,0.10487931986430266
67212,89,63,Neutral,95.0,1,90.74963507268679,4.250364927313214,0.25486733163549635,0.25486733163549635
67212,122,64,Neutral,95.0,1,91.91580500375616,3.0841949962438377,0.18493954339894988,0.18493954339894988
67245,70,1,Neutral,75.0,1,72.96770567584856,2.0322943241514366,0.12186375531332623,0.12186375531332623
67245,128,2,Neutral,75.0,0,74.63616367142436,0.3638363285756441,0.02181694885073023,0.02181694885073023
67245,52,3,Neutral,92.0,1,79.26159474450317,12.73840525549683,0.763841084773005,0.763841084773005
67245,21,4,Neutral,80.0,0,73.14730096094881,6.852699039051188,0.41091274477651524,0.41091274477651524
67245,46,5,Neutral,77.0,0,72.84948418649003,4.150515813509969,0.2488800158081731,0.2488800158081731
67245,56,6,Neutral,78.0,1,82.7682384085308,-4.768238408530806,-0.28592090810243453,0.28592090810243453
67245,55,7,Neutral,92.0,1,80.84822014877624,11.151779851223765,0.6687012579563493,0.6687012579563493
67245,40,8,Neutral,81.0,1,80.62471099373681,0.37528900626318773,0.022503693036752575,0.022503693036752575
67245,38,9,Neutral,68.0,1,72.60029088208614,-4.600290882086142,-0.27585016390711403,0.27585016390711403
67245,103,10,Neutral,89.0,0,73.99531286856646,15.004687131433542,0.8997355842646043,0.8997355842646043
67245,107,11,Neutral,76.0,1,75.17095763783348,0.8290423621665184,0.049712393705388463,0.049712393705388463
67245,94,12,Neutral,82.0,1,82.35383450822572,-0.3538345082257166,-0.021217203344714348,0.021217203344714348
67245,65,13,Neutral,82.0,1,72.67950278456615,9.320497215433846,0.5588908941791307,0.5588908941791307
67245,74,14,Neutral,86.0,0,72.63240866015816,13.367591339841837,0.8015693695583226,0.8015693695583226
67245,109,15,Neutral,64.0,1,73.4097193572438,-9.409719357243802,-0.5642409781353999,0.5642409781353999
67245,122,16,Neutral,64.0,0,71.84662985253217,-7.846629852532175,-0.47051244941230724,0.47051244941230724
67245,78,17,Neutral,60.0,1,75.52912188149507,-15.529121881495072,-0.9311825982624358,0.9311825982624358
67245,47,18,Neutral,87.0,0,78.18151433852843,8.81848566147157,0.5287884565304574,0.5287884565304574
67245,108,19,Neutral,67.0,1,72.98328381875898,-5.983283818758977,-0.3587794477376574,0.3587794477376574
67245,98,20,Neutral,63.0,1,70.30364579676151,-7.303645796761515,-0.43795315161517256,0.43795315161517256
67245,97,21,Neutral,60.0,1,74.3287673071521,-14.328767307152106,-0.8592049745498661,0.8592049745498661
67245,10,22,Neutral,69.0,1,74.30316689945744,-5.3031668994574375,-0.31799716494856267,0.31799716494856267
67245,118,23,Neutral,85.0,0,75.46396077327348,9.536039226726515,0.5718155766976826,0.5718155766976826
67245,42,24,Neutral,70.0,1,75.10803273268436,-5.108032732684364,-0.30629621097240445,0.30629621097240445
67245,89,25,Neutral,62.0,1,70.07252451022562,-8.07252451022562,-0.48405791424217914,0.48405791424217914
67245,53,26,Neutral,68.0,0,70.91084649802782,-2.910846498027823,-0.17454493730302945,0.17454493730302945
67245,41,27,Neutral,64.0,1,81.21587134207705,-17.21587134207705,-1.032326227458504,1.032326227458504
67245,4,28,Neutral,64.0,0,75.95412739234173,-11.954127392341732,-0.7168129331527433,0.7168129331527433
67245,77,29,Neutral,60.0,1,72.94414727274176,-12.944147272741759,-0.7761781240242833,0.7761781240242833
67245,12,30,Neutral,75.0,1,77.88100111182439,-2.8810011118243892,-0.17275529945466045,0.17275529945466045
67245,37,31,Neutral,85.0,1,74.73082286484569,10.269177135154308,0.6157771907325358,0.6157771907325358
67245,117,32,Neutral,93.0,0,75.01210962007389,17.987890379926114,1.0786192953510942,1.0786192953510942
67245,86,33,Neutral,79.0,0,74.30940848813795,4.690591511862053,0.2812649179222568,0.2812649179222568
67245,92,34,Neutral,78.0,1,76.85893359592296,1.141066404077037,0.06842248950371,0.06842248950371
67245,87,35,Neutral,93.0,1,72.39505178346661,20.604948216533387,1.235547596557808,1.235547596557808
67245,61,36,Neutral,71.0,1,70.95109661894817,0.04890338105182934,0.0029324244976095346,0.0029324244976095346
67245,39,37,Neutral,63.0,1,76.7483398429988,-13.748339842998803,-0.8244004338747617,0.8244004338747617
67245,88,38,Neutral,78.0,1,73.05943313824864,4.940566861751364,0.29625434859243965,0.29625434859243965
67245,19,39,Neutral,69.0,0,76.08531029876713,-7.085310298767126,-0.4248609614793216,0.4248609614793216
67245,45,40,Neutral,71.0,1,72.45224980472408,-1.452249804724076,-0.08708217739603998,0.08708217739603998
67245,96,41,Neutral,60.0,0,66.94971058160063,-6.949710581600627,-0.4167299095165434,0.4167299095165434
67245,34,42,Neutral,81.0,0,78.46856075770708,2.531439242292919,0.15179429905761474,0.15179429905761474
67245,1,43,Neutral,62.0,1,76.92312028784836,-14.923120287848363,-0.8948445398178335,0.8948445398178335
67245,85,44,Neutral,62.0,0,74.22121588321808,-12.221215883218079,-0.732828529964859,0.732828529964859
67245,9,45,Neutral,70.0,0,77.02397927761386,-7.023979277613861,-0.4211833305052457,0.4211833305052457
67245,127,46,Neutral,84.0,0,71.5595963455684,12.440403654431606,0.7459718255010465,0.7459718255010465
67245,24,47,Neutral,72.0,0,74.37557782631933,-2.3755778263193292,-0.14244828198062234,0.14244828198062234
67245,62,48,Neutral,86.0,1,68.65994196897432,17.340058031025677,1.039772912761592,1.039772912761592
67245,14,49,Neutral,66.0,1,75.4352186160223,-9.435218616022297,-0.5657700063846675,0.5657700063846675
67245,11,50,Neutral,78.0,1,80.63323527320412,-2.6332352732041215,-0.15789835911201178,0.15789835911201178
67245,54,51,Neutral,72.0,1,74.95124820435572,-2.9512482043557213,-0.1769675704795698,0.1769675704795698
67245,30,52,Neutral,70.0,1,75.42994815146018,-5.429948151460181,-0.3255994296839279,0.3255994296839279
67245,33,53,Neutral,82.0,0,71.84035171413176,10.159648285868244,0.6092094427786461,0.6092094427786461
67245,43,54,Neutral,74.0,1,75.70771383319621,-1.707713833196209,-0.1024007291860635,0.1024007291860635
67245,95,55,Neutral,64.0,0,71.0693665855566,-7.069366585556594,-0.42390491847788014,0.42390491847788014
67245,119,56,Neutral,66.0,1,69.56405403747465,-3.564054037474648,-0.21371363585716477,0.21371363585716477
67245,25,57,Neutral,82.0,0,75.24914758775164,6.7508524122483635,0.4048056508085343,0.4048056508085343
67245,71,58,Neutral,72.0,1,71.10092260997462,0.8990773900253828,0.053911948561655765,0.053911948561655765
67245,104,59,Neutral,75.0,0,73.70339581940345,1.296604180596546,0.07774909998256693,0.07774909998256693
67245,84,60,Neutral,77.0,1,74.46027651572666,2.5397234842733383,0.15229105232098852,0.15229105232098852
67245,93,61,Neutral,87.0,0,71.58744936034944,15.412550639650561,0.9241925628507877,0.9241925628507877
67245,59,62,Neutral,82.0,1,70.63358886579913,11.366411134200874,0.6815713298944919,0.6815713298944919
67245,44,63,Neutral,78.0,1,72.74854848552427,5.2514515144757326,0.31489612247334126,0.31489612247334126
67245,126,64,Neutral,70.0,0,73.05809090069981,-3.05809090069981,-0.18337424693856572,0.18337424693856572
67311,79,1,Standard,100.0,0,91.68809238969426,8.311907610305738,0.49841219510968565,0.49841219510968565
67311,31,2,Standard,100.0,1,90.32137737509024,9.678622624909764,0.5803653955607554,0.5803653955607554
67311,8,3,Standard,99.0,0,96.02568072716667,2.974319272833327,0.1783509956116288,0.1783509956116288
67311,22,4,Standard,100.0,1,99.09266551749866,0.9073344825013407,0.05440707384205027,0.05440707384205027
67311,113,5,Standard,100.0,1,96.26772603395256,3.732273966047444,0.22380071427430298,0.22380071427430298
67311,67,6,Standard,80.0,1,92.85471443704172,-12.854714437041721,-0.7708154060964669,0.7708154060964669
67311,32,7,Standard,100.0,1,91.87887716867989,8.121122831320108,0.4869720462358164,0.4869720462358164
67311,18,8,Standard,85.0,0,93.07037439605814,-8.070374396058142,-0.4839289855807705,0.4839289855807705
67311,36,9,Standard,78.0,0,88.2611211632143,-10.261121163214298,-0.6152941253705743,0.6152941253705743
67311,105,10,Standard,76.0,0,89.06942011636049,-13.06942011636049,-0.7836899391096951,0.7836899391096951
67311,49,11,Standard,100.0,0,93.95661152957817,6.0433884704218315,0.3623835411390859,0.3623835411390859
67311,60,12,Standard,76.0,1,92.39482320881298,-16.39482320881298,-0.9830931967781015,0.9830931967781015
67311,125,13,Standard,100.0,1,86.57614231392763,13.423857686072367,0.8049433042133215,0.8049433042133215
67311,106,14,Standard,100.0,1,89.76148690291677,10.238513097083228,0.6139384635422834,0.6139384635422834
67311,72,15,Standard,83.0,1,89.95306700085746,-6.953067000857459,-0.4169311726161755,0.4169311726161755
67311,27,16,Standard,82.0,0,92.86019316754485,-10.86019316754485,-0.6512166604498792,0.6512166604498792
67311,114,17,Standard,82.0,0,89.73865199102801,-7.738651991028007,-0.4640377043238495,0.4640377043238495
67311,15,18,Standard,100.0,1,94.42487436638955,5.575125633610455,0.3343047992514746,0.3343047992514746
67311,57,19,Standard,80.0,1,93.35656148171826,-13.35656148171826,-0.8009079791703562,0.8009079791703562
67311,69,20,Standard,80.0,1,89.63428875732815,-9.63428875732815,-0.5777069757015576,0.5777069757015576
67311,73,21,Standard,100.0,1,87.95958292879415,12.040417071205852,0.7219871759709203,0.7219871759709203
67311,91,22,Standard,80.0,1,88.46935716808848,-8.469357168088479,-0.5078534429426436,0.5078534429426436
67311,3,23,Standard,100.0,1,93.12246361682767,6.877536383172327,0.41240208221678737,0.41240208221678737
67311,66,24,Standard,100.0,1,88.97826659679325,11.021733403206753,0.6609032001985836,0.6609032001985836
67311,83,25,Standard,100.0,1,91.5021617721939,8.497838227806099,0.5095612708154303,0.5095612708154303
67311,124,26,Standard,73.0,1,90.23576071143417,-17.235760711434168,-1.033518866345435,1.033518866345435
67311,7,27,Standard,100.0,1,96.53010646041871,3.4698935395812924,0.20806743011860965,0.20806743011860965
67311,29,28,Standard,100.0,1,93.34651980077355,6.6534801992264505,0.3989668589558955,0.3989668589558955
67311,116,29,Standard,48.0,1,93.69620264932354,-45.69620264932354,-2.740110422111468,2.740110422111468
67311,75,30,Standard,78.0,1,85.94521750567803,-7.9452175056780305,-0.47642412347305046,0.47642412347305046
67311,82,31,Standard,77.0,1,87.56184197713385,-10.561841977133852,-0.6333264385299482,0.6333264385299482
67311,48,32,Standard,100.0,1,97.42286838493546,2.5771316150645447,0.15453417982633738,0.15453417982633738
67311,51,33,Standard,100.0,1,89.40862563571176,10.591374364288242,0.6350973078175469,0.6350973078175469
67311,50,34,Standard,100.0,1,85.12782406705671,14.872175932943293,0.8917897311087953,0.8917897311087953
67311,102,35,Standard,76.0,1,87.99794052799025,-11.997940527990252,-0.7194401280323088,0.7194401280323088
67311,63,36,Standard,75.0,1,87.49912646510019,-12.49912646510019,-0.7494930586932983,0.7494930586932983
67311,112,37,Standard,82.0,1,89.99102171440256,-7.991021714402564,-0.4791707103320467,0.4791707103320467
67311,6,38,Standard,83.0,1,91.71606571388642,-8.716065713886422,-0.5226469841642776,0.5226469841642776
67311,58,39,Standard,77.0,1,91.29545096528415,-14.295450965284147,-0.857207205582506,0.857207205582506
67311,80,40,Standard,90.0,1,93.1710991931248,-3.171099193124803,-0.1901506349512648,0.1901506349512648
67311,23,41,Standard,100.0,1,91.2101804298501,8.789819570149902,0.5270695334900795,0.5270695334900795
67311,17,42,Standard,100.0,1,96.13727964480907,3.8627203551909304,0.23162275395584678,0.23162275395584678
67311,120,43,Standard,100.0,1,88.00617726860233,11.993822731397671,0.719193209979926,0.719193209979926
67311,13,44,Standard,100.0,1,88.85435658400708,11.145643415992922,0.668333294993219,0.668333294993219
67311,123,45,Standard,100.0,1,88.33292549565871,11.667074504341286,0.6996001985160533,0.6996001985160533
67311,76,46,Standard,100.0,1,86.48347743177047,13.516522568229533,0.8104998273955895,0.8104998273955895
67311,35,47,Standard,100.0,1,94.72492776138157,5.275072238618435,0.3163125069571447,0.3163125069571447
67311,101,48,Standard,100.0,1,93.18560491988549,6.814395080114508,0.4086159001591194,0.4086159001591194
67311,26,49,Standard,100.0,1,97.57575605469937,2.4242439453006313,0.14536647938200653,0.14536647938200653
67311,81,50,Standard,100.0,1,88.78570642279915,11.214293577200849,0.6724498082109374,0.6724498082109374
67311,5,51,Standard,100.0,1,87.28902328230329,12.71097671769671,0.7621963699404368,0.7621963699404368
67311,20,52,Standard,100.0,1,87.75566141860061,12.24433858139939,0.7342150510016324,0.7342150510016324
67311,121,53,Standard,100.0,1,90.72705129916851,9.272948700831492,0.5560397123989362,0.5560397123989362
67311,100,54,Standard,77.0,1,87.86174574689659,-10.861745746896588,-0.6513097587516243,0.6513097587516243
67311,16,55,Standard,77.0,1,89.1847374420356,-12.184737442035598,-0.7306411500279842,0.7306411500279842
67311,2,56,Standard,78.0,1,88.50808803247621,-10.50808803247621,-0.630103156606145,0.630103156606145
67311,68,57,Standard,100.0,1,86.1828290333296,13.817170966670403,0.8285277982596224,0.8285277982596224
67311,28,58,Standard,78.0,1,90.09268041155005,-12.092680411550049,-0.7251210758415612,0.7251210758415612
67311,110,59,Standard,100.0,1,85.42095450790629,14.579045492093712,0.874212564310627,0.874212564310627
67311,64,60,Standard,100.0,1,88.90110431706121,11.098895682938789,0.6655301309855942,0.6655301309855942
67311,111,61,Standard,100.0,1,89.92010744149125,10.079892558508746,0.604426999444395,0.604426999444395
67311,99,62,Standard,79.0,1,87.18824858598572,-8.188248585985718,-0.49099715049585413,0.49099715049585413
67311,90,63,Standard,100.0,1,90.40751711533872,9.59248288466128,0.575200143607017,0.575200143607017
67311,115,64,Standard,100.0,1,94.80073587778611,5.19926412221389,0.31176677672579894,0.31176677672579894
67323,124,1,Standard,62.0,1,65.15458812173839,-3.154588121738385,-0.18916057109118123,0.18916057109118123
67323,64,2,Standard,67.0,0,65.09272921229137,1.907270787708626,0.1143668895924445,0.1143668895924445
67323,99,3,Standard,61.0,1,63.59420758210285,-2.5942075821028467,-0.15555811688317236,0.15555811688317236
67323,7,4,Standard,66.0,1,71.19086060554736,-5.190860605547357,-0.31126287131866776,0.31126287131866776
67323,32,5,Standard,57.0,1,65.4505650953966,-8.450565095396598,-0.506726601952567,0.506726601952567
67323,22,6,Standard,87.0,1,72.65994055541194,14.340059444588064,0.85988209215882,0.85988209215882
67323,13,7,Standard,76.0,0,64.12745902917631,11.872540970823692,0.7119207147419501,0.7119207147419501
67323,105,8,Standard,53.0,0,64.34669923132941,-11.34669923132941,-0.6803893325431529,0.6803893325431529
67323,116,9,Standard,68.0,0,68.39633423818468,-0.3963342381846786,-0.023765641644744484,0.023765641644744484
67323,27,10,Standard,84.0,0,66.94797645636538,17.05202354363462,1.0225013178572078,1.0225013178572078
67323,90,11,Standard,71.0,1,66.16616325648617,4.833836743513828,0.28985442272594775,0.28985442272594775
67323,66,12,Standard,58.0,0,62.987346166396094,-4.987346166396094,-0.29905940574740325,0.29905940574740325
67323,23,13,Standard,66.0,0,66.26022533302014,-0.26022533302014494,-0.015604056918643812,0.015604056918643812
67323,8,14,Standard,72.0,0,69.36989822308075,2.630101776919247,0.15771046328413035,0.15771046328413035
67323,101,15,Standard,58.0,0,68.28375070790028,-10.283750707900282,-0.616651075131095,0.616651075131095
67323,113,16,Standard,66.0,1,69.44134859326829,-3.4413485932682875,-0.206355771373328,0.206355771373328
67323,57,17,Standard,56.0,1,67.26938811338434,-11.269388113384338,-0.6757534768758436,0.6757534768758436
67323,111,18,Standard,58.0,0,65.45564487239218,-7.455644872392185,-0.4470675687251263,0.4470675687251263
67323,68,19,Standard,47.0,1,61.329126874436426,-14.329126874436426,-0.8592265355113048,0.8592265355113048
67323,76,20,Standard,58.0,0,61.10490530141392,-3.104905301413922,-0.18618140858142795,0.18618140858142795
67323,67,21,Standard,58.0,1,67.38842775910419,-9.38842775910419,-0.5629642565133982,0.5629642565133982
67323,28,22,Standard,51.0,0,66.85709111233187,-15.857091112331872,-0.9508488255514795,0.9508488255514795
67323,120,23,Standard,43.0,0,62.53571392086514,-19.535713920865142,-1.1714324213927454,1.1714324213927454
67323,69,24,Standard,54.0,0,64.64913288656537,-10.649132886565368,-0.6385607187725413,0.6385607187725413
67323,102,25,Standard,54.0,1,62.26068047396526,-8.260680473965259,-0.4953404297978354,0.4953404297978354
67323,3,26,Standard,66.0,1,66.47545572210129,-0.4754557221012874,-0.028510053436607764,0.028510053436607764
67323,36,27,Standard,60.0,0,62.663616992410915,-2.6636169924109154,-0.15972015743689802,0.15972015743689802
67323,20,28,Standard,65.0,0,62.63074966461621,2.3692503353837893,0.14206886262292773,0.14206886262292773
67323,51,29,Standard,71.0,0,63.06779189100568,7.932208108994317,0.4756440327571547,0.4756440327571547
67323,5,30,Standard,62.0,0,61.69175533050368,0.3082446694963181,0.01848347088988738,0.01848347088988738
67323,79,31,Standard,59.0,1,65.56571824742753,-6.565718247427526,-0.39370433330065624,0.39370433330065624
67323,123,32,Standard,64.0,1,64.09133541780243,-0.09133541780242638,-0.005476803666793058,0.005476803666793058
67323,80,33,Standard,61.0,1,67.30262164623396,-6.302621646233959,-0.37792810470492477,0.37792810470492477
67323,50,34,Standard,57.0,0,58.78257743354719,-1.7825774335471891,-0.10688982280140673,0.10688982280140673
67323,75,35,Standard,45.0,0,60.91632247062665,-15.916322470626653,-0.9544005531080306,0.9544005531080306
67323,112,36,Standard,73.0,1,63.68951424518168,9.310485754818323,0.5582905706077462,0.5582905706077462
67323,91,37,Standard,65.0,0,63.00307049015095,1.9969295098490534,0.1197431524923513,0.1197431524923513
67323,125,38,Standard,58.0,0,58.96687280485172,-0.9668728048517181,-0.057977208079226676,0.057977208079226676
67323,60,39,Standard,68.0,1,65.03921407610923,2.960785923890768,0.17753948681366247,0.17753948681366247
67323,72,40,Standard,58.0,1,64.04938868003379,-6.049388680033786,-0.3627433355189109,0.3627433355189109
67323,49,41,Standard,69.0,0,66.46978490400855,2.5302150959914513,0.15172089479545797,0.15172089479545797
67323,110,42,Standard,68.0,1,61.354321087204426,6.645678912795574,0.39849906546287456,0.39849906546287456
67323,73,43,Standard,22.0,1,60.481530912584084,-38.481530912584084,-2.3074924785667545,2.3074924785667545
67323,16,44,Standard,76.0,0,64.85566903560205,11.144330964397952,0.6682545956246634,0.6682545956246634
67323,48,45,Standard,75.0,1,70.50901261567395,4.490987384326047,0.2692959288499017,0.2692959288499017
67323,100,46,Standard,59.0,0,61.69586865934497,-2.695868659344967,-0.1616540846249982,0.1616540846249982
67323,2,47,Standard,72.0,0,64.09154129746545,7.908458702534546,0.474219932013844,0.474219932013844
67323,114,48,Standard,73.0,0,62.20808620116976,10.791913798830237,0.6471223812979359,0.6471223812979359
67323,58,49,Standard,65.0,1,66.04786010878969,-1.047860108789692,-0.06283350122205386,0.06283350122205386
67323,31,50,Standard,70.0,0,61.876650855727206,8.123349144272794,0.487105544053378,0.487105544053378
67323,63,51,Standard,37.0,1,60.66838730385979,-23.668387303859788,-1.4192425402078135,1.4192425402078135
67323,29,52,Standard,77.0,1,65.78098945598626,11.219010544013742,0.6727326546877869,0.6727326546877869
67323,83,53,Standard,71.0,1,63.76167477025215,7.238325229747851,0.4340362929688224,0.4340362929688224
67323,26,54,Standard,84.0,1,71.0118135997468,12.988186400253198,0.7788188701974574,0.7788188701974574
67323,115,55,Standard,82.0,1,68.84914172287417,13.150858277125835,0.7885732672668109,0.7885732672668109
67323,81,56,Standard,71.0,0,62.17802480355794,8.821975196442061,0.5289977017321723,0.5289977017321723
67323,18,57,Standard,77.0,0,64.75250364900484,12.247496350995164,0.7344044023454719,0.7344044023454719
67323,6,58,Standard,82.0,1,66.03108321450583,15.968916785494173,0.9575542994142225,0.9575542994142225
67323,121,59,Standard,60.0,1,64.28996461652565,-4.289964616525651,-0.2572418729503638,0.2572418729503638
67323,106,60,Standard,68.0,1,61.23369494377995,6.766305056220048,0.405732247513318,0.405732247513318
67323,15,61,Standard,66.0,1,66.02829990011857,-0.028299900118568644,-0.0016969648846905103,0.0016969648846905103
67323,35,62,Standard,75.0,1,67.55304989519182,7.446950104808181,0.4465461988542511,0.4465461988542511
67323,17,63,Standard,71.0,1,68.87351056123866,2.1264894387613396,0.1275120367960415,0.1275120367960415
67323,82,64,Standard,72.0,0,61.30825034200123,10.69174965799877,0.6411161753048389,0.6411161753048389
67339,100,1,Standard,65.0,1,64.2011887545069,0.7988112454930985,0.04789962605586186,0.04789962605586186
67339,91,2,Standard,33.0,1,65.07099894242673,-32.070998942426726,-1.9230936785722224,1.9230936785722224
67339,51,3,Standard,82.0,0,64.74206786468393,17.257932135316068,1.034848345517218,1.034848345517218
67339,73,4,Standard,75.0,1,62.724416022014324,12.275583977985676,0.7360886385617654,0.7360886385617654
67339,29,5,Standard,73.0,1,68.37378787972541,4.626212120274587,0.2774044955757487,0.2774044955757487
67339,80,6,Standard,73.0,1,69.19118055255184,3.8088194474481583,0.22839065959123056,0.22839065959123056
67339,116,7,Standard,31.0,1,69.19141403728717,-38.191414037287174,-2.290096016113802,2.290096016113802
67339,101,8,Standard,72.0,1,68.95643879174382,3.043561208256179,0.18250299376244525,0.18250299376244525
67339,99,9,Standard,77.0,1,64.03937406689644,12.960625933103557,0.7771662444015126,0.7771662444015126
67339,112,10,Standard,77.0,1,65.1932464505089,11.806753549491106,0.707975861813565,0.707975861813565
67339,67,11,Standard,86.0,0,68.36287710416458,17.637122895835418,1.0575860019225216,1.0575860019225216
67339,15,12,Standard,78.0,1,68.70857665243497,9.29142334756503,0.5571475193746684,0.5571475193746684
67339,121,13,Standard,92.0,1,67.00956764432722,24.99043235567278,1.4985171673091815,1.4985171673091815
67339,111,14,Standard,90.0,1,65.99711546336988,24.00288453663012,1.4393002102228731,1.4393002102228731
67339,16,15,Standard,81.0,0,66.66116250214613,14.338837497853874,0.8598088197907129,0.8598088197907129
67339,106,16,Standard,88.0,1,63.69527587465326,24.304724125346738,1.4573996091859616,1.4573996091859616
67339,90,17,Standard,84.0,1,66.44078597292874,17.559214027071263,1.052914302943203,1.052914302943203
67339,26,18,Standard,94.0,1,72.95293744796015,21.047062552039847,1.262058379254192,1.262058379254192
67339,102,19,Standard,22.0,1,63.230716930222215,-41.230716930222215,-2.4723436658100972,2.4723436658100972
67339,6,20,Standard,95.0,1,68.23022915964745,26.76977084035255,1.6052127709625246,1.6052127709625246
67339,76,21,Standard,87.0,1,61.59822383929955,25.40177616070045,1.523182837143434,1.523182837143434
67339,27,22,Standard,41.0,0,67.13070795542728,-26.130707955427283,-1.5668922373110425,1.5668922373110425
67339,113,23,Standard,91.0,1,69.50168837707122,21.49831162292878,1.2891169138899838,1.2891169138899838
67339,31,24,Standard,32.0,1,63.38038306105442,-31.380383061054417,-1.8816818398523594,1.8816818398523594
67339,50,25,Standard,23.0,1,59.54274384596796,-36.54274384596796,-2.191235758325507,2.191235758325507
67339,8,26,Standard,84.0,0,69.55262972214264,14.44737027785736,0.8663168398095861,0.8663168398095861
67339,5,27,Standard,25.0,0,62.36003052554377,-37.36003052554377,-2.2402432385694198,2.2402432385694198
67339,114,28,Standard,83.0,0,63.79047095746735,19.20952904253265,1.1518731903661987,1.1518731903661987
67339,49,29,Standard,82.0,0,67.7022563459972,14.297743654002801,0.857344683532279,0.857344683532279
67339,79,30,Standard,84.0,0,66.14651511389039,17.853484886109612,1.070559853361529,1.070559853361529
67339,68,31,Standard,34.0,1,61.3413146051473,-27.341314605147303,-1.6394846127307618,1.6394846127307618
67339,64,32,Standard,64.0,1,64.14706821745615,-0.14706821745615173,-0.008818744929540061,0.008818744929540061
67339,20,33,Standard,82.0,0,63.11965531369841,18.88034468630159,1.1321340997413865,1.1321340997413865
67339,75,34,Standard,76.0,0,61.497119337089515,14.502880662910485,0.869645444284377,0.869645444284377
67339,18,35,Standard,41.0,0,66.42236673387964,-25.42236673387964,-1.5244175227604977,1.5244175227604977
67339,23,36,Standard,77.0,0,65.96182602490728,11.038173975092718,0.6618890366523458,0.6618890366523458
67339,3,37,Standard,10.0,0,66.53138261710077,-56.531382617100775,-3.3898272001772556,3.3898272001772556
67339,124,38,Standard,91.0,0,64.2438405135849,26.7561594864151,1.604396584701507,1.604396584701507
67339,48,39,Standard,90.0,1,71.13796153522888,18.862038464771118,1.1310363921530762,1.1310363921530762
67339,22,40,Standard,83.0,1,71.53932290342223,11.460677096577768,0.6872238596668562,0.6872238596668562
67339,105,41,Standard,92.0,0,63.44036451197937,28.559635488020632,1.71253956161253,1.71253956161253
67339,110,42,Standard,25.0,0,61.89137878937868,-36.89137878937868,-2.2121411768628634,2.2121411768628634
67339,115,43,Standard,84.0,1,69.74052562816077,14.259474371839232,0.8550499182602532,0.8550499182602532
67339,123,44,Standard,17.0,0,64.1035231485133,-47.103523148513304,-2.824498475024177,2.824498475024177
67339,66,45,Standard,87.0,1,62.08101144704604,24.918988552953962,1.4942331371912434,1.4942331371912434
67339,63,46,Standard,12.0,0,61.59468459582814,-49.59468459582814,-2.9738775710802194,2.9738775710802194
67339,120,47,Standard,96.0,1,61.85248791176161,34.14751208823839,2.0476089551730943,2.0476089551730943
67339,58,48,Standard,0.0,0,66.62865697525255,-66.62865697525255,-3.995296475513204,3.995296475513204
67339,17,49,Standard,98.0,1,69.8523727951025,28.147627204897503,1.6878340472562152,1.6878340472562152
67339,60,50,Standard,16.0,0,65.26568473945974,-49.26568473945974,-2.9541495437378518,2.9541495437378518
67339,7,51,Standard,89.0,1,69.50163381780567,19.49836618219433,1.1691929152184684,1.1691929152184684
67339,57,52,Standard,26.0,1,66.44611883380807,-40.44611883380807,-2.4252963118395363,2.4252963118395363
67339,28,53,Standard,82.0,0,66.03823472155905,15.96176527844095,0.9571254690547129,0.9571254690547129
67339,72,54,Standard,29.0,0,63.97409808216742,-34.97409808216742,-2.0971740561097656,2.0971740561097656
67339,2,55,Standard,18.0,0,64.27868568533079,-46.278685685330785,-2.7750382223471886,2.7750382223471886
67339,81,56,Standard,81.0,1,62.54453873738117,18.455461262618833,1.1066565451544133,1.1066565451544133
67339,32,57,Standard,94.0,1,63.71318625456287,30.28681374543713,1.8161074484303932,1.8161074484303932
67339,36,58,Standard,94.0,0,61.8447606016381,32.1552393983619,1.928145042534405,1.928145042534405
67339,35,59,Standard,21.0,1,68.22132509023191,-47.221325090231915,-2.83156230767402,2.83156230767402
67339,82,60,Standard,78.0,0,62.02026470132995,15.97973529867005,0.9582030167908603,0.9582030167908603
67339,83,61,Standard,84.0,1,63.94881915811747,20.051180841882527,1.20234169176194,1.20234169176194
67339,13,62,Standard,40.0,1,62.08831892712571,-22.088318927125712,-1.3244958965979885,1.3244958965979885
67339,69,63,Standard,73.0,0,63.48036318148364,9.51963681851636,0.5708320286766516,0.5708320286766516
67339,125,64,Standard,76.0,0,58.36671223552197,17.633287764478027,1.0573560335051633,1.0573560335051633
67424,30,1,Neutral,100.0,1,102.84263635644031,-2.842636356440309,-0.17045480926127604,0.17045480926127604
67424,43,2,Neutral,100.0,1,103.16414120246495,-3.164141202464947,-0.18973340853815696,0.18973340853815696
67424,25,3,Neutral,100.0,1,102.79305328559761,-2.7930532855976082,-0.16748162809305073,0.16748162809305073
67424,44,4,Neutral,100.0,1,99.48778505821251,0.5122149417874908,0.030714269873229817,0.030714269873229817
67424,47,5,Neutral,100.0,1,103.93211430054119,-3.932114300541187,-0.23578386717448502,0.23578386717448502
67424,108,6,Neutral,100.0,0,97.71051883417093,2.2894811658290735,0.13728561324578742,0.13728561324578742
67424,42,7,Neutral,100.0,1,101.03358935185157,-1.0335893518515746,-0.061977774760106075,0.061977774760106075
67424,77,8,Neutral,100.0,1,99.04466054906344,0.9553394509365631,0.05728562625332885,0.05728562625332885
67424,70,9,Neutral,100.0,1,97.7997831878004,2.2002168121995993,0.1319329981153749,0.1319329981153749
67424,87,10,Neutral,100.0,1,97.64715677034192,2.3528432296580775,0.14108503292178792,0.14108503292178792
67424,97,11,Neutral,100.0,1,99.94814977629902,0.051850223700981246,0.003109127894984354,0.003109127894984354
67424,10,12,Neutral,100.0,1,98.89918442200354,1.1008155779964568,0.06600890365526693,0.06600890365526693
67424,21,13,Neutral,100.0,1,97.93563930861202,2.064360691387975,0.12378657125797657,0.12378657125797657
67424,71,14,Neutral,100.0,1,98.20743666493443,1.7925633350655659,0.10748861375641594,0.10748861375641594
67424,33,15,Neutral,100.0,1,98.68443078335989,1.3155692166401138,0.07888631248395339,0.07888631248395339
67424,11,16,Neutral,100.0,1,107.30235768527777,-7.302357685277769,-0.4378759117681652,0.4378759117681652
67424,126,17,Neutral,100.0,1,100.29582244852547,-0.29582244852547035,-0.017738589364190288,0.017738589364190288
67424,103,18,Neutral,100.0,1,98.82739038051827,1.172609619481733,0.07031393536280249,0.07031393536280249
67424,93,19,Neutral,100.0,1,97.58312014013123,2.4168798598687715,0.14492490205016545,0.14492490205016545
67424,39,20,Neutral,100.0,1,102.67389646216603,-2.6738964621660273,-0.16033655181053813,0.16033655181053813
67424,52,21,Neutral,100.0,1,103.65628061356885,-3.6562806135688533,-0.21924387661460173,0.21924387661460173
67424,88,22,Neutral,100.0,1,97.91788564652641,2.0821143534735853,0.12485114537335214,0.12485114537335214
67424,92,23,Neutral,100.0,1,102.5220552293585,-2.5220552293585,-0.1512315995300379,0.1512315995300379
67424,89,24,Neutral,100.0,1,94.27488955417418,5.72511044582582,0.343298433804954,0.343298433804954
67424,37,25,Neutral,100.0,1,100.17524867683815,-0.1752486768381516,-0.010508547713484294,0.010508547713484294
67424,65,26,Neutral,100.0,1,97.29288447507491,2.7071155249250864,0.16232848756890733,0.16232848756890733
67424,54,27,Neutral,100.0,1,100.15961402694244,-0.15961402694243532,-0.00957103727188198,0.00957103727188198
67424,53,28,Neutral,100.0,1,94.98199404911055,5.018005950889446,0.3008978778776727,0.3008978778776727
67424,84,29,Neutral,100.0,1,100.99818143493448,-0.9981814349344802,-0.05985458734966982,0.05985458734966982
67424,24,30,Neutral,100.0,1,100.30113444548654,-0.30113444548653945,-0.018057116011731433,0.018057116011731433
67424,118,31,Neutral,100.0,1,100.29603828522532,-0.29603828522532183,-0.017751531717306052,0.017751531717306052
67424,9,32,Neutral,100.0,1,102.77457923962662,-2.7745792396266182,-0.1663738571412247,0.1663738571412247
67424,95,33,Neutral,100.0,1,97.21361902616688,2.7863809738331184,0.16708153202498663,0.16708153202498663
67424,61,34,Neutral,100.0,1,96.22056577378615,3.7794342262138514,0.22662861490716604,0.22662861490716604
67424,85,35,Neutral,100.0,1,99.79685918807638,0.20314081192361755,0.012181061524514444,0.012181061524514444
67424,122,36,Neutral,100.0,1,96.15383739302064,3.8461626069793624,0.23062989118365126,0.23062989118365126
67424,45,37,Neutral,100.0,1,96.74209317724987,3.2579068227501295,0.19535593597989787,0.19535593597989787
67424,104,38,Neutral,100.0,1,98.78054414912432,1.2194558508756757,0.07312300568893577,0.07312300568893577
67424,14,39,Neutral,100.0,1,101.05460108516921,-1.0546010851692103,-0.06323771467003932,0.06323771467003932
67424,78,40,Neutral,100.0,1,99.70511192911766,0.2948880708823367,0.017682560684131543,0.017682560684131543
67424,40,41,Neutral,100.0,1,104.36330939847326,-4.3633093984732625,-0.2616398926931513,0.2616398926931513
67424,38,42,Neutral,100.0,1,95.31552434022178,4.684475659778215,0.2808981891994432,0.2808981891994432
67424,4,43,Neutral,100.0,1,100.48003075427326,-0.48003075427325825,-0.02878438899643788,0.02878438899643788
67424,128,44,Neutral,100.0,1,96.95774465096247,3.042255349037532,0.182424689696738,0.182424689696738
67424,96,45,Neutral,100.0,0,90.93337980410611,9.06662019589389,0.5436675052136511,0.5436675052136511
67424,117,46,Neutral,100.0,1,99.58175214629404,0.41824785370596373,0.02507966169006013,0.02507966169006013
67424,41,47,Neutral,100.0,1,105.52307888256551,-5.523078882565514,-0.33118388686254563,0.33118388686254563
67424,74,48,Neutral,100.0,1,95.3039029540052,4.696097045994804,0.28159504976214317,0.28159504976214317
67424,59,49,Neutral,100.0,1,96.38418882781188,3.615811172188117,0.2168171817980681,0.2168171817980681
67424,1,50,Neutral,100.0,1,101.79893696408882,-1.7989369640888242,-0.1078707997215677,0.1078707997215677
67424,86,51,Neutral,100.0,1,98.70409435720363,1.2959056427963702,0.07770721311679847,0.07770721311679847
67424,46,52,Neutral,100.0,1,95.97573429118589,4.024265708814113,0.2413096005961139,0.2413096005961139
67424,62,53,Neutral,100.0,1,93.623236973792,6.376763026207996,0.38237389136110755,0.38237389136110755
67424,12,54,Neutral,100.0,1,102.01325199515838,-2.0132519951583845,-0.1207219080457194,0.1207219080457194
67424,107,55,Neutral,100.0,1,98.42842523539518,1.5715747646048186,0.09423733575124077,0.09423733575124077
67424,56,56,Neutral,100.0,1,105.7632710203608,-5.763271020360804,-0.3455866805724044,0.3455866805724044
67424,19,57,Neutral,100.0,1,100.47999616783281,-0.47999616783280885,-0.028782315067742613,0.028782315067742613
67424,109,58,Neutral,100.0,1,96.71092611909413,3.2890738809058746,0.19722482608296588,0.19722482608296588
67424,98,59,Neutral,100.0,1,93.77980921576628,6.220190784233722,0.37298525057317505,0.37298525057317505
67424,127,60,Neutral,100.0,1,95.10587392518772,4.894126074812277,0.29346959018965946,0.29346959018965946
67424,34,61,Neutral,100.0,1,102.81950746248415,-2.819507462484154,-0.16906791670332055,0.16906791670332055
67424,94,62,Neutral,100.0,1,105.3488671200557,-5.348867120055701,-0.32073751630149827,0.32073751630149827
67424,119,63,Neutral,100.0,1,94.43987071371511,5.560129286284891,0.33340556375228614,0.33340556375228614
67424,55,64,Neutral,100.0,1,103.53707861058594,-3.5370786105859366,-0.2120960912019579,0.2120960912019579
67454,43,1,Neutral,95.0,0,74.7050209788722,20.2949790211278,1.2169607168255394,1.2169607168255394
67454,117,2,Neutral,70.0,0,73.51509846041212,-3.515098460412119,-0.21077808149701485,0.21077808149701485
67454,30,3,Neutral,78.0,1,74.25229863998172,3.747701360018283,0.22472579689724914,0.22472579689724914
67454,78,4,Neutral,82.0,1,73.28854492892684,8.71145507107316,0.5223705132609466,0.5223705132609466
67454,52,5,Neutral,99.0,1,75.85324785430532,23.146752145694677,1.3879633999169485,1.3879633999169485
67454,1,6,Neutral,82.0,1,75.22060080490651,6.7793991950934895,0.40651741967895794,0.40651741967895794
67454,71,7,Neutral,89.0,1,70.01075142707337,18.989248572926627,1.1386643726623056,1.1386643726623056
67454,118,8,Neutral,55.0,1,73.31086214928247,-18.31086214928247,-1.0979858566833898,1.0979858566833898
67454,104,9,Neutral,55.0,0,73.25171171386502,-18.25171171386502,-1.094438981556728,1.094438981556728
67454,87,10,Neutral,57.0,1,70.84988857071278,-13.849888570712778,-0.8304896647304758,0.8304896647304758
67454,93,11,Neutral,82.0,0,71.135765254811,10.864234745188995,0.6514590081370487,0.6514590081370487
67454,65,12,Neutral,33.0,0,69.40237338723415,-36.40237338723415,-2.182818635356127,2.182818635356127
67454,77,13,Neutral,60.0,1,70.323105339739,-10.323105339739001,-0.6190109219150208,0.6190109219150208
67454,24,14,Neutral,86.0,0,73.0097841595234,12.990215840476594,0.7789405628105144,0.7789405628105144
67454,41,15,Neutral,30.0,0,78.41987275191983,-48.419872751919826,-2.903431582335445,2.903431582335445
67454,108,16,Neutral,99.0,1,70.47585899165563,28.524141008344372,1.7104111835843883,1.7104111835843883
67454,44,17,Neutral,100.0,1,72.12190772283137,27.878092277168633,1.6716717531973266,1.6716717531973266
67454,54,18,Neutral,100.0,1,73.75599830591082,26.244001694089178,1.573685741717738,1.573685741717738
67454,42,19,Neutral,88.0,1,72.00585999250683,15.994140007493172,0.9590667754947643,0.9590667754947643
67454,21,20,Neutral,71.0,1,69.63828824401075,1.3617117559892478,0.08165318687707371,0.08165318687707371
67454,88,21,Neutral,31.0,1,71.1643566111859,-40.164356611185895,-2.4084008247311397,2.4084008247311397
67454,98,22,Neutral,60.0,0,67.40698137986408,-7.406981379864078,-0.4441495288154232,0.4441495288154232
67454,109,23,Neutral,65.0,1,69.73893748131428,-4.738937481314281,-0.28416391799409524,0.28416391799409524
67454,38,24,Neutral,91.0,0,69.30556109778772,21.694438902212283,1.3008774185023522,1.3008774185023522
67454,34,25,Neutral,70.0,1,75.89125798899295,-5.8912579889929475,-0.3532612444597952,0.3532612444597952
67454,126,26,Neutral,67.0,1,71.39931058204657,-4.399310582046567,-0.2637986545288904,0.2637986545288904
67454,92,27,Neutral,54.0,1,73.84423918432267,-19.844239184322674,-1.1899327177165404,1.1899327177165404
67454,70,28,Neutral,57.0,0,68.46587967843534,-11.465879678435343,-0.6875358253870546,0.6875358253870546
67454,47,29,Neutral,59.0,0,74.89119744303345,-15.891197443033448,-0.952893965121009,0.952893965121009
67454,59,30,Neutral,56.0,1,69.2240560347146,-13.224056034714593,-0.7929624708945902,0.7929624708945902
67454,103,31,Neutral,60.0,0,70.26760433018532,-10.267604330185321,-0.6156828796292578,0.6156828796292578
67454,94,32,Neutral,56.0,1,78.15818266083278,-22.15818266083278,-1.328685180034239,1.328685180034239
67454,12,33,Neutral,96.0,1,74.42891505733793,21.57108494266207,1.2934806666810656,1.2934806666810656
67454,84,34,Neutral,60.0,1,72.27662622561004,-12.276626225610045,-0.7361511355180196,0.7361511355180196
67454,128,35,Neutral,77.0,0,70.55412892993087,6.445871070069131,0.3865178608871714,0.3865178608871714
67454,33,36,Neutral,67.0,1,69.26304894541762,-2.263048945417623,-0.13570064122557876,0.13570064122557876
67454,89,37,Neutral,73.0,0,66.90901221879305,6.090987781206948,0.3652377688430492,0.3652377688430492
67454,37,38,Neutral,85.0,1,71.10378015320477,13.896219846795233,0.8332678564642071,0.8332678564642071
67454,19,39,Neutral,75.0,0,73.27612421044691,1.723875789553091,0.10336985883990046,0.10336985883990046
67454,127,40,Neutral,79.0,0,69.18338901133089,9.816610988669112,0.5886396794562619,0.5886396794562619
67454,85,41,Neutral,36.0,0,71.03156481446331,-35.03156481446331,-2.1006199702767927,2.1006199702767927
67454,86,42,Neutral,68.0,1,70.5948874479198,-2.5948874479198025,-0.15559888410895203,0.15559888410895203
67454,119,43,Neutral,65.0,1,67.32347708490644,-2.3234770849064432,-0.1393241321329698,0.1393241321329698
67454,39,44,Neutral,65.0,1,73.12129713135789,-8.121297131357892,-0.48698249789968384,0.48698249789968384
67454,4,45,Neutral,58.0,0,71.88969303781467,-13.889693037814666,-0.8328764852719873,0.8328764852719873
67454,25,46,Neutral,69.0,0,72.92109230660618,-3.921092306606184,-0.23512294835185285,0.23512294835185285
67454,14,47,Neutral,78.0,1,72.20182838297893,5.798171617021069,0.34767944721607025,0.34767944721607025
67454,61,48,Neutral,46.0,1,67.61704055916456,-21.617040559164565,-1.2962363325008144,1.2962363325008144
67454,107,49,Neutral,63.0,1,70.1880008332455,-7.188000833245496,-0.4310186592192353,0.4310186592192353
67454,46,50,Neutral,87.0,0,67.56035323188175,19.43964676811825,1.16567188569825,1.16567188569825
67454,9,51,Neutral,60.0,0,73.95235820356196,-13.952358203561957,-0.8366341164056988,0.8366341164056988
67454,74,52,Neutral,94.0,0,68.33167809722161,25.668321902778388,1.5391658887646391,1.5391658887646391
67454,53,53,Neutral,100.0,0,67.09124674226602,32.90875325773398,1.9733284726569391,1.9733284726569391
67454,11,54,Neutral,66.0,1,77.13741005442904,-11.13741005442904,-0.6678395927045774,0.6678395927045774
67454,122,55,Neutral,40.0,1,67.33161635695598,-27.331616356955976,-1.6389030705148975,1.6389030705148975
67454,55,56,Neutral,56.0,1,75.38413253701349,-19.384132537013485,-1.162343050600222,1.162343050600222
67454,96,57,Neutral,69.0,1,63.61124163301359,5.3887583669864085,0.32312954047700104,0.32312954047700104
67454,97,58,Neutral,89.0,1,69.38954966685276,19.61045033314724,1.1759138883491345,1.1759138883491345
67454,40,59,Neutral,100.0,1,75.07314505339683,24.92685494660317,1.4947048347497482,1.4947048347497482
67454,62,60,Neutral,100.0,0,65.32588590919073,34.67411409080927,2.079185925509613,2.079185925509613
67454,95,61,Neutral,79.0,0,67.48606303820429,11.513936961795707,0.6904175147914158,0.6904175147914158
67454,45,62,Neutral,80.0,0,68.85134587040535,11.148654129594647,0.6685138283250889,0.6685138283250889
67454,56,63,Neutral,84.0,1,76.95423748245912,7.045762517540879,0.42248953275599793,0.42248953275599793
67454,10,64,Neutral,65.0,1,69.8274796793664,-4.827479679366405,-0.2894732300509664,0.2894732300509664
68007,3,1,Standard,100.0,0,95.16809660424934,4.831903395750658,0.28973849216611364,0.28973849216611364
68007,113,2,Standard,82.0,0,97.48231489989054,-15.48231489989054,-0.9283758814963533,0.9283758814963533
68007,50,3,Standard,80.0,1,87.56710953307592,-7.5671095330759215,-0.4537513949673304,0.4537513949673304
68007,68,4,Standard,100.0,0,89.58437611369833,10.415623886301674,0.6245586702830953,0.6245586702830953
68007,16,5,Standard,80.0,1,92.45506702953847,-12.45506702953847,-0.7468510947756071,0.7468510947756071
68007,15,6,Standard,87.0,1,96.03311571092507,-9.033115710925074,-0.5416584545020405,0.5416584545020405
68007,13,7,Standard,67.0,1,91.55607703575797,-24.556077035757966,-1.4724716433926388,1.4724716433926388
68007,57,8,Standard,99.0,1,94.92106366196515,4.0789363380348505,0.24458785025858015,0.24458785025858015
68007,27,9,Standard,100.0,0,94.24973869063729,5.750261309362713,0.3448065710090761,0.3448065710090761
68007,106,10,Standard,79.0,0,91.01981493314337,-12.019814933143365,-0.7207517968814144,0.7207517968814144
68007,111,11,Standard,100.0,0,93.19043702899415,6.809562971005846,0.40832614933165934,0.40832614933165934
68007,120,12,Standard,93.0,0,90.44546273462154,2.554537265378457,0.15317934048594864,0.15317934048594864
68007,35,13,Standard,90.0,1,97.29543072026661,-7.295430720266609,-0.4374605457657351,0.4374605457657351
68007,112,14,Standard,53.0,0,92.08039386611286,-39.08039386611286,-2.3434024782000598,2.3434024782000598
68007,99,15,Standard,10.0,1,90.32736068062276,-80.32736068062276,-4.816720546142354,4.816720546142354
68007,102,16,Standard,5.0,0,89.91235602254608,-84.91235602254608,-5.091653533860155,5.091653533860155
68007,79,17,Standard,100.0,1,92.07163713414856,7.92836286585144,0.47541345800038104,0.47541345800038104
68007,18,18,Standard,100.0,0,93.71635412624411,6.283645873755887,0.3767902484078972,0.3767902484078972
68007,91,19,Standard,89.0,0,89.68394603402646,-0.6839460340264623,-0.04101189042729914,0.04101189042729914
68007,6,20,Standard,100.0,1,93.58674204415364,6.413257955846362,0.38456226000573474,0.38456226000573474
68007,23,21,Standard,98.0,0,93.16833508869453,4.831664911305467,0.28972419177186,0.28972419177186
68007,125,22,Standard,98.0,0,87.26586120840224,10.734138791597758,0.6436579818450937,0.6436579818450937
68007,115,23,Standard,99.0,1,97.67741298669148,1.322587013308521,0.07930712508273606,0.07930712508273606
68007,124,24,Standard,89.0,1,91.40661041308354,-2.4066104130835413,-0.14430910869023417,0.14430910869023417
68007,123,25,Standard,98.0,1,90.29108015450316,7.708919845496837,0.462254856797833,0.462254856797833
68007,80,26,Standard,99.0,1,94.86681886623754,4.133181133762463,0.24784056539684204,0.24784056539684204
68007,116,27,Standard,96.0,0,94.8670523509729,1.132947649027102,0.06793565943825321,0.06793565943825321
68007,66,28,Standard,90.0,1,89.88668131271092,0.11331868728908034,0.00679500041707286,0.00679500041707286
68007,101,29,Standard,84.0,0,95.1000204144413,-11.100020414441303,-0.665597573975021,0.665597573975021
68007,82,30,Standard,89.0,1,88.68895251449459,0.31104748550541217,0.018651537926369966,0.018651537926369966
68007,49,31,Standard,95.0,0,94.165199616878,0.8348003831220012,0.05005766557298616,0.05005766557298616
68007,121,32,Standard,100.0,1,92.72894512230155,7.271054877698447,0.43599888163619377,0.43599888163619377
68007,36,33,Standard,97.0,1,88.29475259335968,8.705247406640325,0.5219982791359381,0.5219982791359381
68007,48,34,Standard,100.0,1,98.41876142943036,1.5812385705696386,0.09481681268600217,0.09481681268600217
68007,60,35,Standard,100.0,1,92.47219380324697,7.527806196753033,0.45139462404899916,0.45139462404899916
68007,76,36,Standard,100.0,0,88.00424044772875,11.995759552271252,0.7193093488000855,0.7193093488000855
68007,17,37,Standard,100.0,1,97.43934683932429,2.560653160675713,0.15354607179999585,0.15354607179999585
68007,75,38,Standard,100.0,1,86.67867556444125,13.32132443555875,0.7987950377916808,0.7987950377916808
68007,31,39,Standard,85.0,0,89.78639966948361,-4.786399669483615,-0.2870099233275588,0.2870099233275588
68007,7,40,Standard,100.0,1,97.04486869773885,2.955131302261151,0.17720041514551282,0.17720041514551282
68007,5,41,Standard,98.0,0,88.80978629826159,9.190213701738415,0.5510786211015245,0.5510786211015245
68007,90,42,Standard,100.0,1,92.40941093847175,7.590589061528249,0.45515931284427547,0.45515931284427547
68007,8,43,Standard,100.0,0,95.3594855286942,4.640514471305806,0.2782621165343673,0.2782621165343673
68007,32,44,Standard,100.0,0,91.34389946307329,8.656100536926715,0.5190512541730573,0.5190512541730573
68007,2,45,Standard,100.0,1,90.07259021272311,9.927409787276886,0.5952835781879017,0.5952835781879017
68007,26,46,Standard,93.0,1,98.79034492063735,-5.790344920637352,-0.34721013004990875,0.34721013004990875
68007,73,47,Standard,99.0,0,87.9057360303623,11.094263969637694,0.6652523966192191,0.6652523966192191
68007,114,48,Standard,100.0,0,89.46610927115306,10.533890728846941,0.6316503800764758,0.6316503800764758
68007,64,49,Standard,96.0,0,90.4656064973081,5.5343935026918984,0.33186235261534486,0.33186235261534486
68007,83,50,Standard,100.0,0,91.49205403805067,8.507945961949332,0.5101673672975023,0.5101673672975023
68007,20,51,Standard,97.0,1,88.88277195596136,8.11722804403864,0.4867385006323939,0.4867385006323939
68007,29,52,Standard,100.0,0,93.38015123091893,6.619848769081074,0.39695019615003707,0.39695019615003707
68007,110,53,Standard,100.0,1,86.76676086671011,13.233239133289885,0.7935131228668456,0.7935131228668456
68007,67,54,Standard,100.0,1,91.83860592426034,8.161394075739665,0.4893868564420877,0.4893868564420877
68007,69,55,Standard,100.0,1,89.18678938029876,10.813210619701238,0.6483994160938968,0.6483994160938968
68007,100,56,Standard,99.0,0,88.85763879139148,10.14236120860852,0.6081728467855233,0.6081728467855233
68007,72,57,Standard,100.0,1,89.19939347380777,10.800606526192226,0.6476436288296826,0.6476436288296826
68007,28,58,Standard,100.0,0,91.17605178462219,8.823948215377811,0.5291160111197238,0.5291160111197238
68007,51,59,Standard,100.0,0,89.3547787372799,10.6452212627201,0.6383261635875502,0.6383261635875502
68007,58,60,Standard,99.0,1,91.46029988829537,7.539700111704633,0.45210782642532543,0.45210782642532543
68007,63,61,Standard,100.0,1,87.48901873095693,12.510981269043072,0.7502039158313686,0.7502039158313686
68007,105,62,Standard,95.0,1,87.87835494642465,7.1216450535753495,0.42703972545887847,0.42703972545887847
68007,22,63,Standard,95.0,1,97.59542619754251,-2.5954261975425084,-0.1556311894947499,0.1556311894947499
68007,81,64,Standard,99.0,0,89.25672949583067,9.743270504169331,0.5842419174040681,0.5842419174040681
68016,55,1,Neutral,50.0,1,70.7369024933726,-20.736902493372597,-1.2434600546669428,1.2434600546669428
68016,71,2,Neutral,63.0,0,63.176563169001724,-0.17656316900172442,-0.010587369441951114,0.010587369441951114
68016,59,3,Neutral,66.0,1,63.35212939099248,2.6478706090075192,0.15877594704801032,0.15877594704801032
68016,9,4,Neutral,100.0,0,68.95521484561215,31.044785154387853,1.861558169429398,1.861558169429398
68016,107,5,Neutral,73.0,0,65.05963998242983,7.940360017570171,0.47613285082854273,0.47613285082854273
68016,118,6,Neutral,59.0,0,66.345456398345,-7.345456398344993,-0.4404602672727432,0.4404602672727432
68016,61,7,Neutral,100.0,1,62.357462215483054,37.642537784516946,2.25718340076572,2.25718340076572
68016,119,8,Neutral,95.0,1,61.80146375549325,33.19853624450675,1.990704913940259,1.990704913940259
68016,1,9,Neutral,82.0,1,68.03649923252595,13.963500767474045,0.8373022650424436,0.8373022650424436
68016,4,10,Neutral,29.0,0,66.36767970840148,-37.36767970840148,-2.2407019113792788,2.2407019113792788
68016,33,11,Neutral,65.0,0,63.30364397311827,1.6963560268817304,0.10171967383243913,0.10171967383243913
68016,65,12,Neutral,57.0,0,62.34948930771944,-5.349489307719438,-0.3207748249355438,0.3207748249355438
68016,127,13,Neutral,81.0,0,63.31146236760877,17.68853763239123,1.060669016425233,1.060669016425233
68016,70,14,Neutral,50.0,0,62.025343898961225,-12.025343898961225,-0.721083333770317,0.721083333770317
68016,92,15,Neutral,51.0,0,67.31622507627132,-16.316225076271323,-0.9783801670371262,0.9783801670371262
68016,45,16,Neutral,58.0,0,63.81046334816693,-5.810463348166927,-0.34841650409751457,0.34841650409751457
68016,39,17,Neutral,61.0,1,67.24937048763577,-6.2493704876357725,-0.37473497166093517,0.37473497166093517
68016,84,18,Neutral,58.0,0,65.92356877471316,-7.923568774713161,-0.47512598686862506,0.47512598686862506
68016,21,19,Neutral,62.0,0,62.62914332878465,-0.6291433287846502,-0.03772572100649685,0.03772572100649685
68016,24,20,Neutral,66.0,0,65.69446509427699,0.30553490572300745,0.018320983603718567,0.018320983603718567
68016,86,21,Neutral,66.0,0,64.460525818466,1.539474181534004,0.09231246810078851,0.09231246810078851
68016,85,22,Neutral,60.0,0,64.80972485643228,-4.8097248564322825,-0.28840858632689426,0.28840858632689426
68016,34,23,Neutral,62.0,1,68.92585223805546,-6.925852238055455,-0.4152992765095925,0.4152992765095925
68016,14,24,Neutral,61.0,1,66.15494508210234,-5.154945082102344,-0.309109245975606,0.309109245975606
68016,108,25,Neutral,33.0,1,63.02932243354338,-30.029322433543378,-1.8006673333569874,1.8006673333569874
68016,41,26,Neutral,99.0,1,70.88585786523034,28.114142134769665,1.685826160729045,1.685826160729045
68016,44,27,Neutral,91.0,1,64.63163200043049,26.368367999569514,1.5811431974809953,1.5811431974809953
68016,77,28,Neutral,64.0,0,62.614133795895064,1.3858662041049357,0.08310157539044895,0.08310157539044895
68016,62,29,Neutral,76.0,0,59.628915922623065,16.371084077376935,0.9816697121625643,0.9816697121625643
68016,95,30,Neutral,20.0,1,61.78909305163665,-41.78909305163665,-2.5058259278152644,2.5058259278152644
68016,40,31,Neutral,67.0,1,69.24495757396333,-2.244957573963333,-0.13461581682884252,0.13461581682884252
68016,96,32,Neutral,16.0,1,57.65183666071424,-41.65183666071424,-2.4975955356718713,2.4975955356718713
68016,37,33,Neutral,97.0,1,64.26959189513313,32.73040810486687,1.9626342489846913,1.9626342489846913
68016,103,34,Neutral,79.0,0,63.08350275780475,15.916497242195248,0.9544110330465996,0.9544110330465996
68016,19,35,Neutral,100.0,0,66.39819678808664,33.601803211913364,2.0148862672304655,2.0148862672304655
68016,30,36,Neutral,93.0,1,65.75602213894271,27.24397786105729,1.6336479477242136,1.6336479477242136
68016,25,37,Neutral,100.0,0,66.26186070568899,33.73813929431101,2.0230614743292805,2.0230614743292805
68016,78,38,Neutral,75.0,1,64.74852926359921,10.25147073640079,0.6147154506983604,0.6147154506983604
68016,11,39,Neutral,88.0,1,70.74061343924356,17.25938656075644,1.0349355581536361,1.0349355581536361
68016,128,40,Neutral,78.0,0,63.28254902897308,14.71745097102692,0.8825118599482225,0.8825118599482225
68016,46,41,Neutral,0.0,0,60.90112163096456,-60.90112163096456,-3.651852635981657,3.651852635981657
68016,12,42,Neutral,56.0,1,66.98237849922567,-10.982378499225675,-0.6585433370960125,0.6585433370960125
68016,94,43,Neutral,84.0,1,70.6241677741433,13.375832225856698,0.8020635230403972,0.8020635230403972
68016,104,44,Neutral,78.0,0,64.66795688424877,13.332043115751233,0.799437768819729,0.799437768819729
68016,117,45,Neutral,77.0,0,64.58143031648694,12.418569683513056,0.7446625812356287,0.7446625812356287
68016,74,46,Neutral,73.0,0,61.54122900343858,11.45877099656142,0.6871095629809704,0.6871095629809704
68016,10,47,Neutral,62.0,1,63.51816139275815,-1.5181613927581523,-0.0910344758112074,0.0910344758112074
68016,122,48,Neutral,70.0,0,60.584906427461554,9.415093572538446,0.5645632356203933,0.5645632356203933
68016,89,49,Neutral,67.0,0,59.33125816781495,7.668741832185049,0.45984563706769,0.45984563706769
68016,54,50,Neutral,56.0,1,65.30346096916043,-9.303460969160426,-0.5578693389237479,0.5578693389237479
68016,126,51,Neutral,43.0,0,63.25294739531647,-20.25294739531647,-1.2144403477518166,1.2144403477518166
68016,52,52,Neutral,54.0,0,66.7446230532257,-12.744623053225695,-0.7642139265272793,0.7642139265272793
68016,56,53,Neutral,58.0,1,70.33874504583055,-12.33874504583055,-0.7398760057879126,0.7398760057879126
68016,87,54,Neutral,50.0,1,61.87248126249901,-11.872481262499008,-0.7119171344137549,0.7119171344137549
68016,93,55,Neutral,58.0,0,62.158357946597235,-4.158357946597235,-0.24935025861519375,0.24935025861519375
68016,47,56,Neutral,58.0,0,66.65735592772612,-8.657355927726115,-0.5191265319688877,0.5191265319688877
68016,38,57,Neutral,57.0,0,60.8092845967487,-3.8092845967486966,-0.22841855163416516,0.22841855163416516
68016,88,58,Neutral,50.0,0,62.49312345299242,-12.493123452992421,-0.749133096265637,0.749133096265637
68016,53,59,Neutral,80.0,0,59.77592767701961,20.22407232298039,1.2127088934501433,1.2127088934501433
68016,42,60,Neutral,7.0,1,63.159670177158894,-56.159670177158894,-3.3675379710583826,3.3675379710583826
68016,98,61,Neutral,9.0,0,58.64826989309335,-49.64826989309335,-2.977090740293318,2.977090740293318
68016,43,62,Neutral,73.0,0,64.98404787775196,8.015952122248038,0.480665628211528,0.480665628211528
68016,97,63,Neutral,75.0,1,62.11796976589496,12.882030234105038,0.7724533605846301,0.7724533605846301
68016,109,64,Neutral,59.0,0,60.89274766596633,-1.8927476659663327,-0.11349603041946155,0.11349603041946155
68027,108,1,Neutral,74.0,1,77.93574948773319,-3.93574948773319,-0.23600184621286538,0.23600184621286538
68027,10,2,Neutral,100.0,1,79.34311089700887,20.65688910299113,1.238662160921258,1.238662160921258
68027,117,3,Neutral,82.0,0,80.44570609622286,1.5542939037771362,0.09320111251798067,0.09320111251798067
68027,97,4,Neutral,78.0,0,79.23749381183771,-1.2374938118377088,-0.07420462739840265,0.07420462739840265
68027,33,5,Neutral,75.0,1,78.10499231176442,-3.10499231176442,-0.18618662603833702,0.18618662603833702
68027,1,6,Neutral,82.0,1,82.70663007830625,-0.7066300783062474,-0.04237210818157675,0.04237210818157675
68027,94,7,Neutral,82.0,1,86.7376910414479,-4.737691041447903,-0.2840891769287466,0.2840891769287466
68027,47,8,Neutral,86.0,0,82.78406669319372,3.215933306806278,0.19283905138506574,0.19283905138506574
68027,59,9,Neutral,77.0,1,77.11692528487487,-0.11692528487486697,-0.007011265118737787,0.007011265118737787
68027,9,10,Neutral,81.0,0,82.72001073949453,-1.7200107394945263,-0.10313809638846158,0.10313809638846158
68027,118,11,Neutral,93.0,0,80.15399145651598,12.846008543484018,0.7702933690717644,0.7702933690717644
68027,84,12,Neutral,74.0,1,80.72491711335931,-6.724917113359311,-0.40325047600917885,0.40325047600917885
68027,44,13,Neutral,94.0,1,79.10066741173414,14.899332588265864,0.8934181428796839,0.8934181428796839
68027,107,14,Neutral,78.0,1,79.20490085674676,-1.204900856746761,-0.072250235331791,0.072250235331791
68027,42,15,Neutral,77.0,0,79.66684592306103,-2.6668459230610324,-0.15991377585623492,0.15991377585623492
68027,11,16,Neutral,97.0,1,86.28552757079615,10.714472429203852,0.6424787152663344,0.6424787152663344
68027,92,17,Neutral,87.0,1,81.76766010060857,5.232339899391434,0.3137501205598399,0.3137501205598399
68027,127,18,Neutral,79.0,1,76.94945365742873,2.0505463425712662,0.1229582126860875,0.1229582126860875
68027,24,19,Neutral,79.0,0,79.76543513817968,-0.7654351381796829,-0.04589827333513738,0.04589827333513738
68027,71,20,Neutral,79.0,1,76.92817156472111,2.0718284352788885,0.12423436432783364,0.12423436432783364
68027,41,21,Neutral,78.0,1,85.64346703958788,-7.643467039587875,-0.45833006862661635,0.45833006862661635
68027,93,22,Neutral,91.0,1,77.45843747938456,13.541562520615443,0.812001313963923,0.812001313963923
68027,56,23,Neutral,83.0,1,86.18983332740348,-3.189833327403477,-0.1912740017434722,0.1912740017434722
68027,52,24,Neutral,92.0,1,82.50823300622137,9.491766993778626,0.5691608526751722,0.5691608526751722
68027,54,25,Neutral,83.0,1,80.25362718763886,2.7463728123611446,0.16468249722859096,0.16468249722859096
68027,103,26,Neutral,92.0,0,77.46064695172774,14.539353048272261,0.8718324610922287,0.8718324610922287
68027,53,27,Neutral,85.0,0,75.03226804551835,9.96773195448165,0.5977014419094844,0.5977014419094844
68027,77,28,Neutral,83.0,0,77.15304714880952,5.84695285119048,0.3506045473425912,0.3506045473425912
68027,37,29,Neutral,74.0,1,78.98346190520205,-4.983461905202049,-0.2988264913264461,0.2988264913264461
68027,55,30,Neutral,78.0,1,84.00738008191722,-6.007380081917219,-0.3602243472694748,0.3602243472694748
68027,70,31,Neutral,83.0,0,75.82069145896924,7.179308541030764,0.43049743778049987,0.43049743778049987
68027,30,32,Neutral,86.0,1,80.46989214901161,5.5301078509883865,0.33160536936033674,0.33160536936033674
68027,46,33,Neutral,75.0,1,75.78994829818795,-0.7899482981879515,-0.04736817151755314,0.04736817151755314
68027,88,34,Neutral,83.0,1,77.39955050718221,5.600449492817788,0.33582330990485654,0.33582330990485654
68027,89,35,Neutral,80.0,1,73.8002935791186,6.199706420881398,0.37175693368341595,0.37175693368341595
68027,104,36,Neutral,82.0,0,78.87455730982074,3.1254426901792556,0.187412905067705,0.187412905067705
68027,38,37,Neutral,82.0,0,75.54075499378405,6.459245006215951,0.38731981071442023,0.38731981071442023
68027,85,38,Neutral,75.0,1,78.6488115807289,-3.6488115807289034,-0.21879600625467496,0.21879600625467496
68027,34,39,Neutral,65.0,0,82.76493896235206,-17.764938962352062,-1.065250317897817,1.065250317897817
68027,19,40,Neutral,96.0,0,80.20673184625764,15.79326815374236,0.9470217689502304,0.9470217689502304
68027,61,41,Neutral,80.0,0,74.89756150928422,5.102438490715784,0.3059607598882179,0.3059607598882179
68027,86,42,Neutral,86.0,0,78.08091672131954,7.919083278680461,0.47485702022118037,0.47485702022118037
68027,40,43,Neutral,85.0,1,83.2590009554144,1.7409990445856067,0.10439663145676613,0.10439663145676613
68027,119,44,Neutral,55.0,0,74.25408472071717,-19.254084720717174,-1.1545449107954555,1.1545449107954555
68027,109,45,Neutral,60.0,0,76.26270514036449,-16.26270514036449,-0.9751709171286718,0.9751709171286718
68027,74,46,Neutral,67.0,0,75.39791611470162,-8.397916114701616,-0.5035695776846435,0.5035695776846435
68027,96,47,Neutral,72.0,0,70.85243630764808,1.1475636923519232,0.0688120905271058,0.0688120905271058
68027,62,48,Neutral,68.0,1,72.82510268075346,-4.82510268075346,-0.289330696573455,0.289330696573455
68027,128,49,Neutral,72.0,0,76.74558366163858,-4.745583661638577,-0.28456244712601436,0.28456244712601436
68027,65,50,Neutral,67.0,0,75.22631441766653,-8.22631441766653,-0.49327971613736643,0.49327971613736643
68027,12,51,Neutral,74.0,0,81.1276393735426,-7.127639373542607,-0.4273991666741978,0.4273991666741978
68027,4,52,Neutral,72.0,0,79.0695481611941,-7.069548161194106,-0.4239158064131549,0.4239158064131549
68027,98,53,Neutral,77.0,0,73.02541408701634,3.974585912983656,0.23833061944601563,0.23833061944601563
68027,126,54,Neutral,74.0,0,77.6606432553651,-3.660643255365102,-0.2195054764754387,0.2195054764754387
68027,43,55,Neutral,77.0,0,79.82913538068674,-2.8291353806867363,-0.16964524167740183,0.16964524167740183
68027,21,56,Neutral,79.0,0,75.03802512971994,3.9619748702800592,0.23757441548283292,0.23757441548283292
68027,14,57,Neutral,39.0,0,79.25046601349251,-40.25046601349251,-2.413564257511602,2.413564257511602
68027,78,58,Neutral,74.0,1,77.90097685744098,-3.9009768574409804,-0.23391675289780142,0.23391675289780142
68027,45,59,Neutral,70.0,0,75.78636639501953,-5.786366395019527,-0.3469715631914391,0.3469715631914391
68027,95,60,Neutral,73.0,1,75.01583147589265,-2.0158314758926537,-0.12087658308727259,0.12087658308727259
68027,25,61,Neutral,81.0,0,79.2393516423763,1.760648357623694,0.10557487569417412,0.10557487569417412
68027,122,62,Neutral,82.0,0,73.99978900703502,8.00021099296498,0.47972173287879516,0.47972173287879516
68027,87,63,Neutral,76.0,1,75.33551589516452,0.6644841048354806,0.039844882406526685,0.039844882406526685
68027,39,64,Neutral,80.0,1,79.73254311898533,0.2674568810146667,0.016037686823952402,0.016037686823952402
68051,31,1,Standard,72.0,1,63.05873631237385,8.941263687626147,0.5361506732917535,0.5361506732917535
68051,32,2,Standard,69.0,1,64.79119276311798,4.2088072368820235,0.25237538144997973,0.25237538144997973
68051,66,3,Standard,27.0,1,62.590408819849166,-35.590408819849166,-2.1341302883057014,2.1341302883057014
68051,17,4,Standard,100.0,1,70.49298766077146,29.507012339228538,1.7693477214411097,1.7693477214411097
68051,35,5,Standard,60.0,1,69.2555924344984,-9.255592434498396,-0.5549989675774634,0.5549989675774634
68051,20,6,Standard,59.0,0,62.46128274887191,-3.461282748871909,-0.20755109580640282,0.20755109580640282
68051,7,7,Standard,92.0,1,70.09850951918601,21.90149048081399,1.3132929838129976,1.3132929838129976
68051,81,8,Standard,36.0,1,63.31637109591598,-27.316371095915983,-1.63798890924456,1.63798890924456
68051,82,9,Standard,73.0,1,61.21772336447838,11.782276635521619,0.7065081370753934,0.7065081370753934
68051,83,10,Standard,76.0,0,64.85186900951813,11.148130990481874,0.6684824590022127,0.6684824590022127
68051,124,11,Standard,97.0,1,63.58546794875841,33.41453205124159,2.003656807683125,2.003656807683125
68051,64,12,Standard,69.0,1,63.69420397590974,5.305796024090263,0.3181548168187349,0.3181548168187349
68051,110,13,Standard,13.0,1,60.12657583817758,-47.12657583817758,-2.8258807980957794,2.8258807980957794
68051,36,14,Standard,75.0,1,60.73604511476622,14.26395488523378,0.8553185861306017,0.8553185861306017
68051,16,15,Standard,58.0,1,63.62792378657519,-5.627923786575188,-0.3374707684309518,0.3374707684309518
68051,121,16,Standard,61.0,1,65.03902015084228,-4.039020150842276,-0.242194330574315,0.242194330574315
68051,100,17,Standard,26.0,1,62.17371459857034,-36.17371459857034,-2.1691074231853196,2.1691074231853196
68051,114,18,Standard,81.0,0,62.388532599734376,18.611467400265624,1.1160112402690119,1.1160112402690119
68051,116,19,Standard,100.0,0,66.82721406520469,33.172785934795314,1.9891608317644518,1.9891608317644518
68051,26,20,Standard,100.0,1,71.53781159206422,28.462188407935784,1.706696280458647,1.706696280458647
68051,106,21,Standard,65.0,1,62.14893252589147,2.8510674741085325,0.17096036972480153,0.17096036972480153
68051,72,22,Standard,62.0,1,62.34051262383217,-0.3405126238321685,-0.02041837472980611,0.02041837472980611
68051,6,23,Standard,37.0,1,65.06577295121066,-28.06577295121066,-1.6829257686549781,1.6829257686549781
68051,50,24,Standard,4.0,0,58.25883548293786,-54.25883548293786,-3.253557013027437,3.253557013027437
68051,111,25,Standard,65.0,1,64.18833712887641,0.8116628711235876,0.04867025624588924,0.04867025624588924
68051,51,26,Standard,36.0,1,62.40841955872706,-26.40841955872706,-1.5835448345603738,1.5835448345603738
68051,3,27,Standard,67.0,0,65.6411267326682,1.358873267331802,0.08148298077892155,0.08148298077892155
68051,22,28,Standard,81.0,1,70.7365453475669,10.263454652433097,0.6154340498666508,0.6154340498666508
68051,15,29,Standard,69.0,0,66.63736333220979,2.3626366677902126,0.14167228307253027,0.14167228307253027
68051,28,30,Standard,59.0,1,64.01099678462626,-5.010996784626258,-0.30047758278935954,0.30047758278935954
68051,63,31,Standard,64.0,1,60.41144205953827,3.588557940461733,0.21518297895493999,0.21518297895493999
68051,18,32,Standard,40.0,1,64.71425422612637,-24.71425422612637,-1.481956522720466,1.481956522720466
68051,80,33,Standard,66.0,1,66.17089311614012,-0.17089311614012104,-0.010247372461037156,0.010247372461037156
68051,5,34,Standard,62.0,1,60.72620884820475,1.2737911517952512,0.07638114784750517,0.07638114784750517
68051,29,35,Standard,65.0,0,65.73396542374824,-0.7339654237482449,-0.04401123486158642,0.04401123486158642
68051,123,36,Standard,43.0,1,61.420197747251265,-18.420197747251265,-1.1045420165858038,1.1045420165858038
68051,68,37,Standard,76.0,1,59.75123209209689,16.248767907903108,0.9743351900067513,0.9743351900067513
68051,112,38,Standard,89.0,1,62.64090232310896,26.35909767689104,1.5805873152344427,1.5805873152344427
68051,120,39,Standard,5.0,0,60.8747536987518,-55.8747536987518,-3.3504533433070187,3.3504533433070187
68051,105,40,Standard,69.0,0,60.45086496069704,8.54913503930296,0.512637214102935,0.512637214102935
68051,79,41,Standard,39.0,1,62.63214559114466,-23.632145591144663,-1.4170693553703781,1.4170693553703781
68051,60,42,Standard,74.0,1,63.77626805314952,10.223731946850478,0.6130521320430478,0.6130521320430478
68051,99,43,Standard,25.0,1,60.71291248046441,-35.71291248046441,-2.1414760531119073,2.1414760531119073
68051,58,44,Standard,65.0,1,63.77037491683607,1.2296250831639313,0.07373278982333657,0.07373278982333657
68051,48,45,Standard,61.0,1,69.54787902217845,-8.54787902217845,-0.5125618987503742,0.5125618987503742
68051,90,46,Standard,88.0,1,63.844702681240165,24.155297318759835,1.448439434678383,1.448439434678383
68051,76,47,Standard,68.0,1,59.13335804047685,8.86664195952315,0.5316760832156343,0.5316760832156343
68051,49,48,Standard,76.0,0,65.0318822238944,10.9681177761056,0.6576882122982688,0.6576882122982688
68051,8,49,Standard,40.0,1,66.70729894288537,-26.707298942885373,-1.6014667288974422,1.6014667288974422
68051,2,50,Standard,64.0,1,61.46414279120292,2.5358572087970828,0.15205921638905034,0.15205921638905034
68051,27,51,Standard,62.0,1,64.02294219043833,-2.0229421904383287,-0.12130296737974404,0.12130296737974404
68051,75,52,Standard,58.0,1,57.67657566432351,0.3234243356764921,0.019393698853984596,0.019393698853984596
68051,13,53,Standard,84.0,1,61.15432387840453,22.845676121595467,1.3699097870639703,1.3699097870639703
68051,102,54,Standard,11.0,1,59.860516179501566,-48.860516179501566,-2.929854164045733,2.929854164045733
68051,23,55,Standard,64.0,1,63.291451902804496,0.7085480971955036,0.042487119566408646,0.042487119566408646
68051,67,56,Standard,53.0,1,63.36137599560597,-10.361375995605968,-0.621305769559296,0.621305769559296
68051,125,57,Standard,69.0,1,57.345238858223574,11.654761141776426,0.6988618445360927,0.6988618445360927
68051,115,58,Standard,100.0,1,67.75679063651282,32.24320936348718,1.9334200414248466,1.9334200414248466
68051,69,59,Standard,43.0,1,60.622081123067154,-17.622081123067154,-1.0566840425486619,1.0566840425486619
68051,57,60,Standard,70.0,1,64.25687551888004,5.743124481119963,0.3443786208444015,0.3443786208444015
68051,91,61,Standard,73.0,1,59.45714953382749,13.54285046617251,0.8120785438613636,0.8120785438613636
68051,113,62,Standard,100.0,1,66.4682134424965,33.531786557503494,2.0106878141129894,2.0106878141129894
68051,101,63,Standard,97.0,1,65.22313722855128,31.77686277144872,1.9054562045396022,1.9054562045396022
68051,73,64,Standard,90.0,1,58.7724186373787,31.2275813626213,1.8725192945615394,1.8725192945615394
68124,59,1,Neutral,100.0,1,94.14872092742235,5.851279072577654,0.35086396330330744,0.35086396330330744
68124,78,2,Neutral,100.0,1,97.03225238584197,2.9677476141580286,0.1779569350686788,0.1779569350686788
68124,88,3,Neutral,72.0,1,95.43734692836784,-23.437346928367845,-1.405388519433433,1.405388519433433
68124,25,4,Neutral,100.0,0,98.41436633506594,1.5856336649340648,0.09508035852079609,0.09508035852079609
68124,94,5,Neutral,100.0,1,103.5070516982637,-3.5070516982636946,-0.21029556838763558,0.21029556838763558
68124,93,6,Neutral,100.0,1,94.84014643624096,5.159853563759043,0.3094035763786699,0.3094035763786699
68124,52,7,Neutral,100.0,1,99.93368112736638,0.06631887263361591,0.003976720680284887,0.003976720680284887
68124,77,8,Neutral,100.0,0,94.70971276282037,5.290287237179626,0.31722485357924524,0.31722485357924524
68124,44,9,Neutral,100.0,0,95.95750639712718,4.042493602872824,0.24240261138448752,0.24240261138448752
68124,42,10,Neutral,100.0,1,96.56742407274267,3.432575927257332,0.2058297304296025,0.2058297304296025
68124,97,11,Neutral,100.0,1,95.61320199005596,4.3867980099440445,0.2630483552209007,0.2630483552209007
68124,40,12,Neutral,100.0,1,101.29679737660004,-1.2967973766000398,-0.0777606847172274,0.0777606847172274
68124,128,13,Neutral,100.0,1,95.00207590426727,4.997924095732728,0.29969369684248837,0.29969369684248837
68124,34,14,Neutral,100.0,1,100.54030039780599,-0.5403003978059928,-0.03239837591014993,0.03239837591014993
68124,117,15,Neutral,100.0,1,96.60271845299803,3.397281547001967,0.20371335109012312,0.20371335109012312
68124,47,16,Neutral,100.0,0,99.11603570712336,0.8839642928766409,0.05300571231866975,0.05300571231866975
68124,12,17,Neutral,100.0,1,99.29665328759408,0.7033467124059172,0.04217522562675831,0.04217522562675831
68124,61,18,Neutral,100.0,0,92.58544461616093,7.4145553838390725,0.44460369362619007,0.44460369362619007
68124,85,19,Neutral,100.0,1,96.16173803045115,3.838261969548853,0.2301561402435393,0.2301561402435393
68124,56,20,Neutral,100.0,1,103.00293314850788,-3.0029331485078785,-0.18006678761199538,0.18006678761199538
68124,89,21,Neutral,100.0,0,91.09452420739777,8.905475792602232,0.5340047010127655,0.5340047010127655
68124,107,22,Neutral,100.0,1,95.53686987067641,4.463130129323588,0.267625506575442,0.267625506575442
68124,41,23,Neutral,100.0,1,102.23787103924921,-2.237871039249214,-0.13419088244696778,0.13419088244696778
68124,62,24,Neutral,100.0,0,90.55672495191878,9.443275048081219,0.5662530993370314,0.5662530993370314
68124,53,25,Neutral,28.0,0,91.80162870233414,-63.80162870233414,-3.8257775836771843,3.8257775836771843
68124,24,26,Neutral,100.0,0,96.14114331639793,3.8588566836020703,0.23139107416246227,0.23139107416246227
68124,9,27,Neutral,100.0,0,98.65832727482663,1.3416727251733676,0.0804515737450377,0.0804515737450377
68124,92,28,Neutral,100.0,1,97.96841162167236,2.0315883783276405,0.12182142423553242,0.12182142423553242
68124,95,29,Neutral,100.0,1,93.05362789707827,6.946372102921728,0.41652972219918033,0.41652972219918033
68124,39,30,Neutral,100.0,1,97.90155703303681,2.0984429669631908,0.12583026839468617,0.12583026839468617
68124,1,31,Neutral,100.0,1,98.29503329932945,1.7049667006705533,0.10223600113366411,0.10223600113366411
68124,45,32,Neutral,74.0,1,93.64920615905069,-19.649206159050692,-1.1782378285524493,1.1782378285524493
68124,37,33,Neutral,100.0,1,95.49038757628615,4.509612423713847,0.2704127539158791,0.2704127539158791
68124,33,34,Neutral,100.0,1,93.51843887563314,6.481561124366863,0.3886579662805543,0.3886579662805543
68124,54,35,Neutral,100.0,1,96.49811787299126,3.5018821270087415,0.20998558210316792,0.20998558210316792
68124,103,36,Neutral,100.0,0,93.70513763708016,6.294862362919844,0.3774628298714713,0.3774628298714713
68124,84,37,Neutral,100.0,1,96.3133203343825,3.686679665617504,0.2210667142796927,0.2210667142796927
68124,70,38,Neutral,100.0,1,92.1963996371875,7.803600362812503,0.46793224479128376,0.46793224479128376
68124,30,39,Neutral,100.0,1,96.84560032722987,3.1543996727701256,0.18914927100600945,0.18914927100600945
68124,118,40,Neutral,100.0,0,95.56743802038471,4.432561979615286,0.2657925291999878,0.2657925291999878
68124,119,41,Neutral,100.0,0,91.06718454182158,8.932815458178425,0.5356440867437258,0.5356440867437258
68124,11,42,Neutral,100.0,1,101.83019162753071,-1.8301916275307093,-0.10974494295604854,0.10974494295604854
68124,126,43,Neutral,100.0,1,94.82365639077842,5.1763436092215755,0.3103923794479255,0.3103923794479255
68124,74,44,Neutral,100.0,1,92.16727677151741,7.8327232284825925,0.4696785576820234,0.4696785576820234
68124,127,45,Neutral,84.0,1,92.4503785498747,-8.4503785498747,-0.5067154160049583,0.5067154160049583
68124,55,46,Neutral,100.0,1,99.98943578153794,0.0105642184620649,0.0006334689412052258,0.0006334689412052258
68124,46,47,Neutral,100.0,1,91.8594823263859,8.140517673614099,0.4881350314823763,0.4881350314823763
68124,87,48,Neutral,100.0,0,92.6734856877323,7.3265143122677046,0.43932443093476076,0.43932443093476076
68124,43,49,Neutral,100.0,1,96.77345269465698,3.2265473053430185,0.19347550532050514,0.19347550532050514
68124,38,50,Neutral,81.0,1,91.65402818627062,-10.654028186270622,-0.6388542587378786,0.6388542587378786
68124,65,51,Neutral,100.0,1,91.86445758161648,8.135542418383523,0.4878366970930927,0.4878366970930927
68124,98,52,Neutral,100.0,0,89.75103557954353,10.248964420456474,0.6145651628835758,0.6145651628835758
68124,71,53,Neutral,100.0,1,92.16666147143536,7.833338528564639,0.46971545331163356,0.46971545331163356
68124,10,54,Neutral,75.0,1,93.75055668223945,-18.75055668223945,-1.12435153922263,1.12435153922263
68124,122,55,Neutral,78.0,1,90.98784548529389,-12.987845485293889,-0.7787984276972298,0.7787984276972298
68124,4,56,Neutral,100.0,1,95.5764738322782,4.423526167721803,0.26525070907257864,0.26525070907257864
68124,19,57,Neutral,79.0,1,96.14504838158975,-17.145048381589746,-1.0280794252976044,1.0280794252976044
68124,21,58,Neutral,81.0,1,91.63242912938128,-10.63242912938128,-0.6375591007715931,0.6375591007715931
68124,104,59,Neutral,79.0,1,94.55043885942115,-15.55043885942115,-0.9324608417486925,0.9324608417486925
68124,96,60,Neutral,100.0,0,86.96570950013464,13.034290499865364,0.781583439604216,0.781583439604216
68124,109,61,Neutral,100.0,1,92.2447608399852,7.755239160014796,0.4650323312726753,0.4650323312726753
68124,14,62,Neutral,100.0,1,95.713652520288,4.286347479712006,0.25702497627828513,0.25702497627828513
68124,108,63,Neutral,100.0,0,91.90580363007761,8.094196369922386,0.48535743772944484,0.48535743772944484
68124,86,64,Neutral,100.0,1,93.80053743520857,6.199462564791432,0.37174231118581497,0.37174231118581497
68138,69,1,Standard,59.0,0,79.17339389211311,-20.17339389211311,-1.2096700305130772,1.2096700305130772
68138,3,2,Standard,100.0,1,81.72568213358906,18.27431786641094,1.095794528639497,1.095794528639497
68138,82,3,Standard,93.0,0,77.49459959051634,15.505400409483656,0.9297601725701935,0.9297601725701935
68138,15,4,Standard,83.0,1,82.72191873313064,0.2780812668693642,0.016674763620735673,0.016674763620735673
68138,72,5,Standard,97.0,1,79.09851965704489,17.90148034295511,1.073437835423312,1.073437835423312
68138,111,6,Standard,100.0,0,80.01045754406556,19.98954245593444,1.1986456300774582,1.1986456300774582
68138,60,7,Standard,100.0,1,80.29821509695653,19.701784903043475,1.18139064117239,1.18139064117239
68138,22,8,Standard,100.0,1,86.60240492704467,13.397595072955326,0.8033685024630288,0.8033685024630288
68138,50,9,Standard,100.0,0,73.90599924097256,26.094000759027438,1.5646911403797814,1.5646911403797814
68138,73,10,Standard,70.0,1,76.12540980266938,-6.125409802669381,-0.367301838378174,0.367301838378174
68138,106,11,Standard,67.0,0,77.5774004624831,-10.577400462483098,-0.6342593818684767,0.6342593818684767
68138,115,12,Standard,64.0,1,84.7598684874946,-20.7598684874946,-1.2448371791586816,1.2448371791586816
68138,110,13,Standard,54.0,1,76.14101707848386,-22.141017078483856,-1.3276558693176166,1.3276558693176166
68138,13,14,Standard,58.0,1,77.851227579366,-19.851227579365997,-1.1903517672870045,1.1903517672870045
68138,75,15,Standard,54.0,1,75.30936598330852,-21.309365983308524,-1.2777870464979577,1.2777870464979577
68138,116,16,Standard,100.0,0,81.949507851776,18.050492148223995,1.0823731249432818,1.0823731249432818
68138,79,17,Standard,100.0,1,79.69632677437771,20.30367322562229,1.2174820529315205,1.2174820529315205
68138,20,18,Standard,98.0,0,76.92748907111398,21.072510928886018,1.2635843564378353,1.2635843564378353
68138,91,19,Standard,0.0,1,77.30863567425561,-77.30863567425561,-4.635706821327791,4.635706821327791
68138,63,20,Standard,100.0,1,75.8836491604185,24.1163508395815,1.4461040622116583,1.4461040622116583
68138,29,21,Standard,64.0,1,81.33739001749433,-17.33739001749433,-1.0396129289716987,1.0396129289716987
68138,121,22,Standard,72.0,1,79.76766145881605,-7.76766145881605,-0.46577721746536654,0.46577721746536654
68138,64,23,Standard,100.0,0,78.20414946244044,21.79585053755956,1.3069584288014116,1.3069584288014116
68138,123,24,Standard,100.0,1,77.95950895902094,22.040491040979063,1.3216279626844485,1.3216279626844485
68138,125,25,Standard,65.0,0,73.73596840916473,-8.735968409164727,-0.5238404221218843,0.5238404221218843
68138,124,26,Standard,66.0,0,77.92045677813464,-11.920456778134636,-0.7147939207281053,0.7147939207281053
68138,35,27,Standard,66.0,1,83.28440711385434,-17.284407113854343,-1.036435881470142,1.036435881470142
68138,51,28,Standard,97.0,0,77.31201752385532,19.687982476144683,1.1805629974820369,1.1805629974820369
68138,102,29,Standard,100.0,0,75.94507158042241,24.054928419577593,1.442420950630252,1.442420950630252
68138,32,30,Standard,100.0,0,78.55757245674224,21.442427543257764,1.2857659013274787,1.2857659013274787
68138,28,31,Standard,97.0,0,79.98169886064393,17.01830113935607,1.020479199911622,1.020479199911622
68138,68,32,Standard,69.0,0,74.96100420724544,-5.961004207245438,-0.3574434812422062,0.3574434812422062
68138,36,33,Standard,93.0,0,75.91944223358881,17.08055776641119,1.0242123335802633,1.0242123335802633
68138,5,34,Standard,62.0,1,75.71728514191021,-13.71728514191021,-0.8225382811098718,0.8225382811098718
68138,101,35,Standard,54.0,1,81.43891012233797,-27.438910122337973,-1.6453367947130972,1.6453367947130972
68138,120,36,Standard,69.0,0,75.99704748532311,-6.997047485323108,-0.4195684023391495,0.4195684023391495
68138,49,37,Standard,64.0,0,80.50408932477464,-16.50408932477464,-0.9896451902867921,0.9896451902867921
68138,7,38,Standard,63.0,1,83.73367171994443,-20.733671719944425,-1.2432663257479348,1.2432663257479348
68138,81,39,Standard,61.0,1,76.95153329667438,-15.951533296674384,-0.9565119222334906,0.9565119222334906
68138,66,40,Standard,72.0,0,75.96313603487587,-3.9631360348758733,-0.23764404313297258,0.23764404313297258
68138,112,41,Standard,60.0,1,77.50076112394858,-17.50076112394858,-1.0494092543885503,1.0494092543885503
68138,90,42,Standard,100.0,1,79.01073563210011,20.989264367899892,1.2585925900297266,1.2585925900297266
68138,48,43,Standard,100.0,1,84.62643364446116,15.373566355538841,0.9218549234628316,0.9218549234628316
68138,99,44,Standard,59.0,0,75.66024960988126,-16.660249609881262,-0.999009128643427,0.999009128643427
68138,8,45,Standard,78.0,0,81.8733318937453,-3.873331893745302,-0.232259060381801,0.232259060381801
68138,67,46,Standard,74.0,1,79.81320887879839,-5.813208878798392,-0.3485811360945152,0.3485811360945152
68138,6,47,Standard,84.0,1,80.03047424859017,3.969525751409833,0.23802719376374604,0.23802719376374604
68138,80,48,Standard,69.0,0,80.50588194551636,-11.505881945516364,-0.6899345067343419,0.6899345067343419
68138,2,49,Standard,86.0,0,77.52232319579781,8.47767680420219,0.5083523185669114,0.5083523185669114
68138,17,50,Standard,64.0,1,83.47206239720065,-19.472062397200645,-1.167615644652787,1.167615644652787
68138,23,51,Standard,78.0,0,78.45748485366441,-0.45748485366441116,-0.027432454838838775,0.027432454838838775
68138,18,52,Standard,68.0,1,78.83054723405955,-10.830547234059551,-0.6494389825115245,0.6494389825115245
68138,26,53,Standard,100.0,1,85.08549546424537,14.91450453575463,0.8943279080029859,0.8943279080029859
68138,57,54,Standard,93.0,0,79.5103867983172,13.4896132016828,0.8088862439586251,0.8088862439586251
68138,100,55,Standard,72.0,1,75.50270264930845,-3.5027026493084463,-0.21003478360295666,0.21003478360295666
68138,31,56,Standard,82.0,1,75.64415857020549,6.355841429794509,0.3811193563876057,0.3811193563876057
68138,58,57,Standard,86.0,1,79.21620702139035,6.783792978609654,0.406780886910525,0.406780886910525
68138,16,58,Standard,76.0,1,77.76158096247103,-1.7615809624710295,-0.10563079807095248,0.10563079807095248
68138,114,59,Standard,85.0,0,75.58630315760664,9.413696842393364,0.5644794826036102,0.5644794826036102
68138,83,60,Standard,100.0,1,77.65598708879284,22.34401291120716,1.3398282373622632,1.3398282373622632
68138,27,61,Standard,100.0,0,78.57662684125764,21.423373158742365,1.2846233311669286,1.2846233311669286
68138,76,62,Standard,0.0,0,73.4683468698531,-73.4683468698531,-4.405429144698635,4.405429144698635
68138,113,63,Standard,100.0,1,81.41555057191337,18.58444942808663,1.1143911444435421,1.1143911444435421
68138,105,64,Standard,93.0,0,75.41556625807655,17.584433741923448,1.054426568722473,1.054426568722473
68193,32,1,Standard,100.0,1,69.29192083469451,30.70807916530549,1.841368054356771,1.841368054356771
68193,123,2,Standard,100.0,0,67.36431824035208,32.63568175964792,1.95695411298357,1.95695411298357
68193,58,3,Standard,100.0,1,70.0206695599572,29.9793304400428,1.7976696316997123,1.7976696316997123
68193,80,4,Standard,100.0,1,71.89631778779787,28.10368221220213,1.685198945748804,1.685198945748804
68193,79,5,Standard,100.0,0,68.66374441282271,31.33625558717729,1.8790357961099489,1.8790357961099489
68193,13,6,Standard,100.0,1,67.66705350725736,32.332946492742636,1.9388010059003897,1.9388010059003897
68193,31,7,Standard,100.0,1,67.25329023393006,32.74670976606994,1.96361175584895,1.96361175584895
68193,35,8,Standard,100.0,1,73.58136384892046,26.41863615107954,1.584157458576385,1.584157458576385
68193,120,9,Standard,100.0,1,66.64391753469816,33.35608246530184,2.000151958038819,2.000151958038819
68193,76,10,Standard,55.0,1,65.2086960264435,-10.208696026443505,-0.612150523598045,0.612150523598045
68193,66,11,Standard,53.0,0,66.69748441282815,-13.697484412828146,-0.8213509574160512,0.8213509574160512
68193,16,12,Standard,99.0,0,68.21613018672896,30.78386981327104,1.8459127371170145,1.8459127371170145
68193,125,13,Standard,55.0,1,63.72675099421055,-8.726750994210548,-0.5232877124148065,0.5232877124148065
68193,27,14,Standard,50.0,0,70.098280176405,-20.098280176404998,-1.2051659390717206,1.2051659390717206
68193,113,15,Standard,46.0,1,72.98094307134932,-26.980943071349316,-1.6178754255698506,1.6178754255698506
68193,64,16,Standard,46.0,0,67.97623622604318,-21.976236226043184,-1.3177750104068209,1.3177750104068209
68193,17,17,Standard,55.0,1,74.38136743230737,-19.38136743230737,-1.1621772448705512,1.1621772448705512
68193,106,18,Standard,46.0,1,66.73713892604522,-20.73713892604522,-1.2434742320294547,1.2434742320294547
68193,121,19,Standard,92.0,1,69.36479156526434,22.63520843473566,1.3572893794841996,1.3572893794841996
68193,18,20,Standard,47.0,1,69.69611310487768,-22.696113104877682,-1.3609414449018036,1.3609414449018036
68193,8,21,Standard,96.0,0,72.3889844502545,23.611015549745503,1.4158023212778124,1.4158023212778124
68193,72,22,Standard,60.0,1,66.79750153112008,-6.797501531120076,-0.4076029015513067,0.4076029015513067
68193,68,23,Standard,56.0,0,64.82056929942542,-8.820569299425415,-0.5289133990364475,0.5289133990364475
68193,63,24,Standard,55.0,1,65.17460511684648,-10.174605116846479,-0.610106308734002,0.610106308734002
68193,81,25,Standard,47.0,1,67.02979421029744,-20.02979421029744,-1.2010592715890895,1.2010592715890895
68193,73,26,Standard,44.0,0,64.89149578763399,-20.891495787633986,-1.2527300305562947,1.2527300305562947
68193,57,27,Standard,94.0,1,70.15725684769225,23.842743152307747,1.4296975506854819,1.4296975506854819
68193,20,28,Standard,92.0,1,65.95601004181029,26.043989958189712,1.5616923109662038,1.5616923109662038
68193,69,29,Standard,85.0,1,66.39124495901352,18.60875504098648,1.1158485973468781,1.1158485973468781
68193,91,30,Standard,83.0,1,65.27005253406247,17.729947465937528,1.0631521005744535,1.0631521005744535
68193,5,31,Standard,47.0,0,65.31441524835851,-18.314415248358515,-1.098198913419937,1.098198913419937
68193,23,32,Standard,45.0,1,68.75444158873054,-23.754441588730543,-1.4244026679464625,1.4244026679464625
68193,101,33,Standard,44.0,1,70.99230106449764,-26.99230106449764,-1.6185564921267115,1.6185564921267115
68193,111,34,Standard,46.0,0,68.25167355756678,-22.251673557566775,-1.3342912340531972,1.3342912340531972
68193,99,35,Standard,46.0,0,65.51981470206124,-19.51981470206124,-1.1704790464376682,1.1704790464376682
68193,115,36,Standard,91.0,1,73.17604115815026,17.823958841849745,1.068789364416943,1.068789364416943
68193,116,37,Standard,55.0,0,70.49689801529752,-15.496898015297518,-0.9292503381075551,0.9292503381075551
68193,6,38,Standard,97.0,1,68.86667439416934,28.133325605830663,1.6869764713881144,1.6869764713881144
68193,90,39,Standard,67.0,0,68.60786573854838,-1.6078657385483837,-0.09641347447100396,0.09641347447100396
68193,49,40,Standard,54.0,1,69.83878444549123,-15.838784445491228,-0.9497510912607525,0.9497510912607525
68193,28,41,Standard,54.0,1,67.98685488473942,-13.986854884739415,-0.8387026628087337,0.8387026628087337
68193,22,42,Standard,94.0,1,74.58118595481419,19.418814045185812,1.1644226799017376,1.1644226799017376
68193,114,43,Standard,66.0,1,65.75204239980691,0.24795760019308943,0.014868439063631708,0.014868439063631708
68193,60,44,Standard,56.0,1,68.14577863186021,-12.14577863186021,-0.7283050381498516,0.7283050381498516
68193,83,45,Standard,94.0,1,67.7779871667045,26.222012833295494,1.5723672096923635,1.5723672096923635
68193,67,46,Standard,66.0,1,68.25575654578003,-2.255756545780031,-0.13526336243454853,0.13526336243454853
68193,15,47,Standard,60.0,0,70.30704728230263,-10.307047282302634,-0.6180480224181432,0.6180480224181432
68193,48,48,Standard,56.0,1,73.87365043660053,-17.873650436600528,-1.0717690530731945,1.0717690530731945
68193,36,49,Standard,55.0,1,63.66216327195261,-8.662163271952608,-0.5194147978039895,0.5194147978039895
68193,124,50,Standard,56.0,1,66.33662944879033,-10.336629448790333,-0.619821876655521,0.619821876655521
68193,7,51,Standard,56.0,1,72.63097519777486,-16.63097519777486,-0.9972537284774762,0.9972537284774762
68193,2,52,Standard,58.0,1,65.83365336991359,-7.833653369913591,-0.4697343323434034,0.4697343323434034
68193,100,53,Standard,54.0,0,65.0560935914681,-11.056093591468098,-0.6629635619902,0.6629635619902
68193,75,54,Standard,53.0,1,62.04608624303418,-9.046086243034182,-0.5424362147567654,0.5424362147567654
68193,102,55,Standard,55.0,1,64.27376592250087,-9.273765922500871,-0.5560887159809325,0.5560887159809325
68193,26,56,Standard,91.0,1,74.42019058496197,16.579809415038028,0.9941856421507285,0.9941856421507285
68193,110,57,Standard,57.0,1,62.65904151676643,-5.659041516766429,-0.33933670064995497,0.33933670064995497
68193,50,58,Standard,55.0,1,61.228692804412866,-6.228692804412866,-0.3734950626089946,0.3734950626089946
68193,3,59,Standard,55.0,1,68.69846238272044,-13.698462382720436,-0.8214096000458325,0.8214096000458325
68193,105,60,Standard,54.0,1,64.03307058221266,-10.033070582212659,-0.6016193835420994,0.6016193835420994
68193,29,61,Standard,77.0,1,69.05373605953216,7.946263940467844,0.4764868715069655,0.4764868715069655
68193,82,62,Standard,55.0,1,63.356536564469685,-8.356536564469685,-0.5010883094330358,0.5010883094330358
68193,112,63,Standard,54.0,1,66.0044121231815,-12.004412123181496,-0.719828188405012,0.719828188405012
68193,51,64,Standard,55.0,0,65.2033202230476,-10.203320223047598,-0.6118281708847269,0.6118281708847269
68200,12,1,Neutral,87.0,1,90.25215772584642,-3.2521577258464163,-0.19501119923088428,0.19501119923088428
68200,103,2,Neutral,100.0,0,85.44794703252755,14.552052967472449,0.8725939944132238,0.8725939944132238
68200,96,3,Neutral,73.0,1,79.71451967422018,-6.714519674220185,-0.40262700776244015,0.40262700776244015
68200,43,4,Neutral,100.0,0,88.99739289727916,11.002607102720845,0.6597563176950185,0.6597563176950185
68200,14,5,Neutral,100.0,1,88.46246269437354,11.537537305626458,0.6918326771976296,0.6918326771976296
68200,40,6,Neutral,95.0,0,91.81491017196622,3.1850898280337816,0.19098956427806776,0.19098956427806776
68200,11,7,Neutral,100.0,1,93.61674018726673,6.383259812733272,0.38276346229777275,0.38276346229777275
68200,107,8,Neutral,90.0,1,86.40489598035151,3.5951040196484882,0.21557550565877234,0.21557550565877234
68200,127,9,Neutral,88.0,1,84.28066627389933,3.719333726100672,0.22302477044774743,0.22302477044774743
68200,87,10,Neutral,89.0,1,84.59125174033416,4.408748259665842,0.26436457198604885,0.26436457198604885
68200,19,11,Neutral,97.0,0,88.41272774850053,8.58727225149947,0.5149240599796455,0.5149240599796455
68200,39,12,Neutral,84.0,1,88.94453979986638,-4.9445397998663765,-0.2964925804039294,0.2964925804039294
68200,89,13,Neutral,87.0,1,81.70011533134118,5.2998846686588195,0.31780035045856914,0.31780035045856914
68200,117,14,Neutral,88.0,0,86.90213542692115,1.0978645730788514,0.06583195067314529,0.06583195067314529
68200,33,15,Neutral,82.0,0,84.60516080675131,-2.6051608067513143,-0.15621491204939913,0.15621491204939913
68200,65,16,Neutral,68.0,1,83.65100614135248,-15.651006141352482,-0.9384912215476044,0.9384912215476044
68200,109,17,Neutral,77.0,0,84.42496187831877,-7.4249618783187685,-0.4452277048640666,0.4452277048640666
68200,9,18,Neutral,100.0,0,89.30765756305865,10.692342436941345,0.6411517204850593,0.6411517204850593
68200,119,19,Neutral,100.0,1,82.2851239658056,17.714876034194404,1.0622483627406472,1.0622483627406472
68200,21,20,Neutral,100.0,1,83.55019518198314,16.449804818016858,0.9863900939308069,0.9863900939308069
68200,38,21,Neutral,100.0,1,83.17814176027494,16.82185823972506,1.0086997695558988,1.0086997695558988
68200,37,22,Neutral,100.0,1,86.22719619309541,13.77280380690459,0.825867382080039,0.825867382080039
68200,41,23,Neutral,100.0,1,92.4935488488837,7.506451151116295,0.4501140978844304,0.4501140978844304
68200,92,24,Neutral,97.0,0,88.3990460884613,8.600953911538696,0.5157444620500968,0.5157444620500968
68200,78,25,Neutral,100.0,1,86.28192941683832,13.718070583161676,0.8225853790224842,0.8225853790224842
68200,93,26,Neutral,56.0,0,84.22104096010314,-28.22104096010314,-1.69223620288628,1.69223620288628
68200,85,27,Neutral,100.0,0,86.06750252577672,13.932497474223283,0.8354431948783837,0.8354431948783837
68200,94,28,Neutral,100.0,1,92.75672872926005,7.243271270739953,0.43433287556616984,0.43433287556616984
68200,25,29,Neutral,100.0,0,87.57656503748504,12.42343496251496,0.7449543210504641,0.7449543210504641
68200,47,30,Neutral,100.0,0,88.75936521671724,11.240634783282758,0.6740293226810985,0.6740293226810985
68200,59,31,Neutral,100.0,1,83.09222380839839,16.907776191601613,1.0138517222726287,1.0138517222726287
68200,30,32,Neutral,100.0,1,87.40745228688466,12.592547713115337,0.7550949363218928,0.7550949363218928
68200,62,33,Neutral,52.0,1,80.41875028295574,-28.41875028295574,-1.7040915725819727,1.7040915725819727
68200,122,34,Neutral,95.0,1,82.16204574498929,12.837954255010715,0.7698104046565863,0.7698104046565863
68200,1,35,Neutral,100.0,1,88.37575445180947,11.62424554819053,0.6970320186167859,0.6970320186167859
68200,88,36,Neutral,89.0,1,84.24963231647806,4.750367683521944,0.2848493144686428,0.2848493144686428
68200,44,37,Neutral,100.0,1,84.98848760668044,15.011512393319563,0.9001448517779478,0.9001448517779478
68200,4,38,Neutral,50.0,0,86.61945659910776,-36.619456599107764,-2.1958357338639636,2.1958357338639636
68200,61,39,Neutral,100.0,0,81.92259997573451,18.077400024265486,1.0839866190041338,1.0839866190041338
68200,24,40,Neutral,100.0,0,85.78447282599181,14.215527174008187,0.8524146845248911,0.8524146845248911
68200,46,41,Neutral,50.0,0,82.37759512175208,-32.37759512175208,-1.9414782999989963,1.9414782999989963
68200,104,42,Neutral,50.0,1,85.54968246196209,-35.54968246196209,-2.131688187841525,2.131688187841525
68200,52,43,Neutral,81.0,0,88.61474902261074,-7.614749022610738,-0.4566080319351804,0.4566080319351804
68200,97,44,Neutral,96.0,0,84.42548737816615,11.574512621833847,0.6940498515671991,0.6940498515671991
68200,74,45,Neutral,93.0,0,82.37921541686327,10.620784583136725,0.6368608514494268,0.6368608514494268
68200,98,46,Neutral,70.0,1,80.2691483749097,-10.269148374909705,-0.6157754661637224,0.6157754661637224
68200,77,47,Neutral,75.0,0,83.25956316519888,-8.259563165198884,-0.4952734319026502,0.4952734319026502
68200,53,48,Neutral,62.0,0,81.05130573333048,-19.05130573333048,-1.1423855455854512,1.1423855455854512
68200,108,49,Neutral,71.0,0,82.77382973975271,-11.773829739752713,-0.7060016304995956,0.7060016304995956
68200,34,50,Neutral,68.0,0,89.22136829305036,-21.22136829305036,-1.2725103851077646,1.2725103851077646
68200,118,51,Neutral,99.0,0,85.34198502284443,13.658014977155574,0.8189842265769215,0.8189842265769215
68200,95,52,Neutral,77.0,1,82.30330492807462,-5.303304928074624,-0.3180054416462,0.3180054416462
68200,128,53,Neutral,77.0,0,83.50818714235716,-6.5081871423571585,-0.39025455910806833,0.39025455910806833
68200,84,54,Neutral,83.0,0,85.82543235111052,-2.8254323511105213,-0.1694231945630488,0.1694231945630488
68200,126,55,Neutral,87.0,0,84.55446422894954,2.4455357710504586,0.1466432146523441,0.1466432146523441
68200,71,56,Neutral,77.0,0,82.29112178820401,-5.291121788204009,-0.3172748962923618,0.3172748962923618
68200,70,57,Neutral,85.0,1,81.6210333253383,3.3789666746616973,0.2026151247678106,0.2026151247678106
68200,54,58,Neutral,80.0,1,85.74779490398761,-5.747794903987611,-0.34465867637710124,0.34465867637710124
68200,42,59,Neutral,79.0,0,84.67988283223502,-5.679882832235023,-0.3405864216861701,0.3405864216861701
68200,55,60,Neutral,85.0,1,89.63276529113183,-4.632765291131832,-0.27779744752192276,0.27779744752192276
68200,56,61,Neutral,79.0,1,91.46530522230914,-12.46530522230914,-0.7474650140312132,0.7474650140312132
68200,86,62,Neutral,92.0,0,84.1436935734203,7.856306426579707,0.47109269196772163,0.47109269196772163
68200,10,63,Neutral,50.0,1,83.61258201327641,-33.61258201327641,-2.0155326033424483,2.0155326033424483
68200,45,64,Neutral,84.0,0,82.5052307114495,1.4947692885505006,0.08963180020977089,0.08963180020977089
68255,4,1,Neutral,100.0,0,71.01582309991281,28.984176900087192,1.7379966079397422,1.7379966079397422
68255,127,2,Neutral,100.0,0,68.04708408769731,31.952915912302686,1.9160129908397994,1.9160129908397994
68255,44,3,Neutral,98.0,1,69.93586285627103,28.06413714372897,1.6828276796920167,1.6828276796920167
68255,98,4,Neutral,50.0,1,65.39589317045821,-15.395893170458208,-0.9231937204460864,0.9231937204460864
68255,65,5,Neutral,100.0,1,66.91015437065352,33.089845629346485,1.9841874295516355,1.9841874295516355
68255,11,6,Neutral,100.0,1,76.43849677368163,23.561503226318365,1.4128333823817996,1.4128333823817996
68255,107,7,Neutral,100.0,1,69.22665256676639,30.77334743323361,1.8452817769598382,1.8452817769598382
68255,122,8,Neutral,39.0,1,66.58896391191995,-27.588963911919947,-1.6543345654002197,1.6543345654002197
68255,38,9,Neutral,96.0,0,67.16325539551602,28.836744604483982,1.7291560315610361,1.7291560315610361
68255,25,10,Neutral,100.0,0,71.69730905439539,28.30269094560461,1.6971322328245826,1.6971322328245826
68255,117,11,Neutral,100.0,0,70.32305281521366,29.676947184786343,1.7795376325146008,1.7795376325146008
68255,43,12,Neutral,83.0,0,71.4254970050965,11.574502994903497,0.6940492743014604,0.6940492743014604
68255,88,13,Neutral,72.0,1,68.71587675889387,3.28412324110613,0.196927967724395,0.196927967724395
68255,126,14,Neutral,66.0,0,69.12578738690902,-3.1257873869090247,-0.18743357433663652,0.18743357433663652
68255,109,15,Neutral,64.0,0,67.29045762902226,-3.2904576290222565,-0.19730780065011697,0.19730780065011697
68255,39,16,Neutral,37.0,1,71.54760056483818,-34.54760056483818,-2.071599714600322,2.071599714600322
68255,42,17,Neutral,59.0,0,69.29494515448313,-10.29494515448313,-0.6173223348413782,0.6173223348413782
68255,52,18,Neutral,69.0,1,72.48624555195238,-3.486245551952379,-0.2090479562219351,0.2090479562219351
68255,34,19,Neutral,58.0,1,73.35529980812369,-15.35529980812369,-0.9207595948786962,0.9207595948786962
68255,37,20,Neutral,71.0,1,69.09269194379891,1.9073080562010887,0.11436912434672807,0.11436912434672807
68255,46,21,Neutral,92.0,0,66.03039582965064,25.969604170349356,1.5572318687259044,1.5572318687259044
68255,45,22,Neutral,100.0,0,67.80251927534903,32.19748072465097,1.9306779860110599,1.9306779860110599
68255,61,23,Neutral,50.0,1,65.91212649977902,-15.91212649977902,-0.9541489474431419,0.9541489474431419
68255,96,24,Neutral,29.0,1,62.25624088793695,-33.25624088793695,-1.9941650941237354,1.9941650941237354
68255,128,25,Neutral,86.0,0,68.19312740621609,17.806872593783908,1.0677648108723243,1.0677648108723243
68255,41,26,Neutral,69.0,1,75.14034877814413,-6.14034877814413,-0.3681976336526339,0.3681976336526339
68255,108,27,Neutral,70.0,1,67.19633501787993,2.8036649821200683,0.16811794399134578,0.16811794399134578
68255,85,28,Neutral,50.0,0,68.80178078361438,-18.801780783614376,-1.1274231225469133,1.1274231225469133
68255,9,29,Neutral,91.0,0,72.11622665131055,18.883773348689445,1.1323396948017672,1.1323396948017672
68255,56,30,Neutral,75.0,1,75.59923673738248,-0.5992367373824834,-0.035932413071923436,0.035932413071923436
68255,71,31,Neutral,23.0,1,66.16261831754568,-43.16261831754568,-2.5881874956906747,2.5881874956906747
68255,87,32,Neutral,23.0,1,67.08923378976232,-44.08923378976232,-2.6437507277647985,2.6437507277647985
68255,93,33,Neutral,59.0,0,67.37511047386054,-8.375110473860545,-0.5022020685585329,0.5022020685585329
68255,104,34,Neutral,70.0,0,69.3598394400487,0.6401605599512976,0.038386354236225155,0.038386354236225155
68255,24,35,Neutral,100.0,0,69.29286854286156,30.707131457138445,1.8413112263300402,1.8413112263300402
68255,12,36,Neutral,66.0,1,71.49930439787116,-5.499304397871157,-0.3297582823371267,0.3297582823371267
68255,40,37,Neutral,53.0,1,73.23701350114541,-20.237013501145412,-1.2134848935356757,1.2134848935356757
68255,92,38,Neutral,65.0,1,70.56471521054698,-5.564715210546979,-0.33368055244143374,0.33368055244143374
68255,118,39,Neutral,71.0,0,69.15655488973448,1.8434451102655203,0.11053966995885055,0.11053966995885055
68255,47,40,Neutral,100.0,0,71.61167346925775,28.388326530742248,1.7022672538052095,1.7022672538052095
68255,54,41,Neutral,0.0,0,69.95160436067175,-69.95160436067175,-4.1945524800611,4.1945524800611
68255,86,42,Neutral,38.0,0,67.79649428131887,-29.79649428131887,-1.7867061109909366,1.7867061109909366
68255,62,43,Neutral,50.0,1,63.271058535496245,-13.271058535496245,-0.7957809117012686,0.7957809117012686
68255,59,44,Neutral,68.0,1,65.81331456807305,2.1866854319269464,0.13112160736601253,0.13112160736601253
68255,53,45,Neutral,66.0,0,64.64276688997401,1.3572331100259873,0.08138463098469348,0.08138463098469348
68255,77,46,Neutral,60.0,1,66.08131975161378,-6.081319751613776,-0.36465803864417845,0.36465803864417845
68255,95,47,Neutral,67.0,0,65.30001817164398,1.699981828356016,0.10193709006906691,0.10193709006906691
68255,89,48,Neutral,50.0,1,63.62948824501735,-13.629488245017349,-0.8172736600197704,0.8172736600197704
68255,94,49,Neutral,59.0,1,74.6162237013254,-15.616223701325396,-0.9364055400051777,0.9364055400051777
68255,14,50,Neutral,74.0,1,69.27221772351216,4.727782276487844,0.28349501136217486,0.28349501136217486
68255,70,51,Neutral,35.0,0,64.66148573319626,-29.66148573319626,-1.7786105076730012,1.7786105076730012
68255,55,52,Neutral,67.0,1,72.76069602756701,-5.760696027567008,-0.34543227464407616,0.34543227464407616
68255,103,53,Neutral,89.0,0,66.50694954923485,22.493050450765153,1.3487650700037552,1.3487650700037552
68255,10,54,Neutral,39.0,1,67.46647815565163,-28.46647815565163,-1.706953509325444,1.706953509325444
68255,1,55,Neutral,100.0,1,70.27898858816343,29.72101141183657,1.7821798837473608,1.7821798837473608
68255,19,56,Neutral,54.0,0,69.73416525093951,-15.734165250939512,-0.9434777440519269,0.9434777440519269
68255,119,57,Neutral,42.0,1,63.912735618264904,-21.912735618264904,-1.3139672831319977,1.3139672831319977
68255,97,58,Neutral,66.0,0,66.59115650025183,-0.5911565002518273,-0.03544789268092393,0.03544789268092393
68255,74,59,Neutral,65.0,0,65.22711078060037,-0.22711078060036982,-0.013618387980125886,0.013618387980125886
68255,30,60,Neutral,83.0,1,68.96077310892973,14.039226891070271,0.8418430786869487,0.8418430786869487
68255,33,61,Neutral,72.0,1,65.3711766716013,6.6288233283986955,0.397488343350337,0.397488343350337
68255,78,62,Neutral,50.0,1,67.95328023358623,-17.953280233586227,-1.0765439451644605,1.0765439451644605
68255,21,63,Neutral,100.0,0,64.95911101299937,35.04088898700063,2.1011790815566322,2.1011790815566322
68255,84,64,Neutral,85.0,1,68.16605813035065,16.83394186964935,1.0094243479316247,1.0094243479316247
68293,114,1,Standard,89.0,0,79.51257809711912,9.487421902880882,0.5689003052300093,0.5689003052300093
68293,16,2,Standard,91.0,0,81.42983380505524,9.570166194944761,0.5738619537677314,0.5738619537677314
68293,18,3,Standard,92.0,0,82.36316969497449,9.636830305025512,0.5778593761403267,0.5778593761403267
68293,68,4,Standard,92.0,1,77.40456044974844,14.595439550251555,0.8751956116321679,0.8751956116321679
68293,91,5,Standard,87.0,0,79.139843616718,7.860156383282003,0.4713235493666525,0.4713235493666525
68293,112,6,Standard,90.0,1,80.2504915164719,9.749508483528103,0.5846159693222343,0.5846159693222343
68293,36,7,Standard,86.0,0,78.27552014751458,7.724479852485416,0.4631878913793873,0.4631878913793873
68293,66,8,Standard,90.0,1,78.58164893453333,11.418351065466666,0.6846858369811601,0.6846858369811601
68293,81,9,Standard,50.0,0,79.48256786775463,-29.482567867754625,-1.767881942072905,1.767881942072905
68293,111,10,Standard,87.0,0,81.05436052933288,5.945639470667118,0.35652215578428276,0.35652215578428276
68293,69,11,Standard,82.0,1,79.95486189164875,2.045138108351253,0.12263391530266592,0.12263391530266592
68293,26,12,Standard,88.0,1,88.0976608425004,-0.09766084250040308,-0.005856099125372346,0.005856099125372346
68293,28,13,Standard,88.0,0,81.98786346026077,6.012136539739231,0.3605095617707857,0.3605095617707857
68293,106,14,Standard,86.0,1,78.66504261203903,7.334957387960969,0.4398307084449366,0.4398307084449366
68293,32,15,Standard,87.0,0,80.43251956349323,6.56748043650677,0.3938100005636195,0.3938100005636195
68293,48,16,Standard,99.0,1,87.02625072267556,11.973749277324444,0.7179895327042467,0.7179895327042467
68293,110,17,Standard,52.0,1,77.18492006375118,-25.18492006375118,-1.510179357272051,1.510179357272051
68293,79,18,Standard,85.0,1,80.87144725251088,4.128552747489124,0.24756303053114526,0.24756303053114526
68293,76,19,Standard,89.0,1,76.56799057668532,12.432009423314682,0.745468476889224,0.745468476889224
68293,50,20,Standard,89.0,0,74.64372807621957,14.356271923780426,0.8608542513455291,0.8608542513455291
68293,99,21,Standard,88.0,1,78.05565379929222,9.944346200707784,0.5962991471031424,0.5962991471031424
68293,120,22,Standard,93.0,0,77.82825542778552,15.171744572214479,0.909752955687958,0.909752955687958
68293,3,23,Standard,95.0,1,82.02601932594993,12.973980674050068,0.7779670432147741,0.7779670432147741
68293,123,24,Standard,91.0,1,79.17836860144271,11.821631398557287,0.7088679917263653,0.7088679917263653
68293,15,25,Standard,95.0,1,83.02225592549152,11.977744074508479,0.7182290752649754,0.7182290752649754
68293,90,26,Standard,75.0,1,80.92942190313973,-5.929421903139726,-0.35554969148250865,0.35554969148250865
68293,17,27,Standard,72.0,1,85.69692281826056,-13.69692281826056,-0.8213172821643142,0.8213172821643142
68293,125,28,Standard,71.0,0,74.82361055872067,-3.8236105587206737,-0.2292775883906202,0.2292775883906202
68293,5,29,Standard,69.0,0,77.15484060577508,-8.154840605775078,-0.4889938865603502,0.4889938865603502
68293,113,30,Standard,65.0,1,84.07780263585946,-19.077802635859456,-1.143974396180554,1.143974396180554
68293,22,31,Standard,89.0,1,86.81526379082833,2.1847362091716747,0.1310047248839445,0.1310047248839445
68293,27,32,Standard,85.0,0,81.2344660164003,3.7655339835996955,0.22579510583094764,0.22579510583094764
68293,23,33,Standard,84.0,0,80.6341932216323,3.3658067783676984,0.2018260095481978,0.2018260095481978
68293,72,34,Standard,86.0,1,79.04894353509684,6.951056464903161,0.4168106135718129,0.4168106135718129
68293,83,35,Standard,86.0,1,79.96832583843002,6.031674161569981,0.3616811085973906,0.3616811085973906
68293,8,36,Standard,95.0,0,83.65638778311566,11.343612216884338,0.6802042239353532,0.6802042239353532
68293,6,37,Standard,89.0,1,81.6867255338981,7.313274466101902,0.43853052163020706,0.43853052163020706
68293,116,38,Standard,89.0,0,82.37664964819928,6.623350351800724,0.39716016377858665,0.39716016377858665
68293,102,39,Standard,87.0,0,76.8970833483091,10.102916651690904,0.6058076077669782,0.6058076077669782
68293,101,40,Standard,88.0,1,82.43907394331667,5.5609260566833285,0.33345334100173385,0.33345334100173385
68293,31,41,Standard,63.0,0,77.5191056769565,-14.5191056769565,-0.8706183551064768,0.8706183551064768
68293,57,42,Standard,77.0,1,81.42466018055337,-4.424660180553374,-0.2653187086042343,0.2653187086042343
68293,20,43,Standard,63.0,1,77.22341337467142,-14.223413374671424,-0.852887569783958,0.852887569783958
68293,29,44,Standard,88.0,1,81.55024888127797,6.449751118722034,0.38675052270884847,0.38675052270884847
68293,67,45,Standard,68.0,1,81.07580768550879,-13.075807685508792,-0.7840729609754186,0.7840729609754186
68293,64,46,Standard,65.0,0,78.41700832622408,-13.417008326224078,-0.8045325916985615,0.8045325916985615
68293,60,47,Standard,82.0,1,79.93805193618475,2.061948063815251,0.12364190133852118,0.12364190133852118
68293,124,48,Standard,68.0,1,78.34759857455792,-10.34759857455792,-0.6204796253106528,0.6204796253106528
68293,49,49,Standard,86.0,0,81.36862276408407,4.631377235915934,0.27771421468542784,0.27771421468542784
68293,58,50,Standard,66.0,1,80.74124081383245,-14.741240813832448,-0.8839383854018158,0.8839383854018158
68293,80,51,Standard,76.0,1,81.76406786342332,-5.764067863423321,-0.3456344621790544,0.3456344621790544
68293,115,52,Standard,87.0,1,84.22916155837177,2.7708384416282286,0.16614954529498527,0.16614954529498527
68293,7,53,Standard,87.0,1,84.29644389803698,2.7035561019630165,0.16211505162916595,0.16211505162916595
68293,63,54,Standard,61.0,1,75.7859209853784,-14.785920985378397,-0.8866175709055722,0.8866175709055722
68293,51,55,Standard,77.0,0,77.34991973048449,-0.349919730484487,-0.020982459040656688,0.020982459040656688
68293,75,56,Standard,58.0,0,74.7349198898971,-16.7349198898971,-1.003486630068732,1.003486630068732
68293,13,57,Standard,50.0,1,77.18930315737734,-27.18930315737734,-1.6303694537423619,1.6303694537423619
68293,35,58,Standard,79.0,1,83.14735266332906,-4.147352663329059,-0.24869034182488986,0.24869034182488986
68293,73,59,Standard,54.0,0,75.20105039494904,-21.201050394949036,-1.2712920500795768,1.2712920500795768
68293,121,60,Standard,76.0,1,79.49497662662148,-3.4949766266214795,-0.20957150319761336,0.20957150319761336
68293,100,61,Standard,50.0,1,76.45912730599852,-26.45912730599852,-1.5865854554156031,1.5865854554156031
68293,82,62,Standard,83.0,0,76.13284853990983,6.86715146009017,0.411779364478322,0.411779364478322
68293,105,63,Standard,86.0,0,76.67816506478697,9.321834935213033,0.558971108719865,0.558971108719865
68293,2,64,Standard,79.0,0,78.08509537389035,0.9149046261096458,0.05486100717119758,0.05486100717119758
68411,54,1,Neutral,100.0,1,96.31350013581209,3.6864998641879083,0.2210559327323741,0.2210559327323741
68411,43,2,Neutral,100.0,1,98.1808090398306,1.8191909601693936,0.10908530295229939,0.10908530295229939
68411,19,3,Neutral,58.0,1,97.85857887678368,-39.85857887678368,-2.3900652802371045,2.3900652802371045
68411,61,4,Neutral,100.0,1,92.54940853981027,7.450591460189727,0.4467645477596986,0.4467645477596986
68411,21,5,Neutral,100.0,1,93.30222046028659,6.697779539713409,0.4016232084449876,0.4016232084449876
68411,74,6,Neutral,100.0,1,92.1576156914927,7.842384308507306,0.4702578711595069,0.4702578711595069
68411,1,7,Neutral,100.0,1,98.69638886586492,1.3036111341350818,0.07816926238786642,0.07816926238786642
68411,52,8,Neutral,100.0,1,99.2415575866865,0.758442413313503,0.045478964132755303,0.045478964132755303
68411,59,9,Neutral,100.0,1,93.15042323672215,6.849576763277852,0.41072552177129357,0.41072552177129357
68411,84,10,Neutral,100.0,1,96.84589339378383,3.1541066062161747,0.18913169767010196,0.18913169767010196
68411,88,11,Neutral,100.0,1,93.41568429106684,6.584315708933161,0.39481950469657007,0.39481950469657007
68411,44,12,Neutral,100.0,1,94.15453958126925,5.845460418730752,0.3505150556671323,0.3505150556671323
68411,108,13,Neutral,100.0,0,92.42101252151627,7.578987478483725,0.45446363975175946,0.45446363975175946
68411,9,14,Neutral,100.0,1,98.57855203418735,1.4214479658126464,0.08523518716647753,0.08523518716647753
68411,42,15,Neutral,100.0,1,95.70034387490831,4.299656125091687,0.25782301103379646,0.25782301103379646
68411,70,16,Neutral,0.0,0,92.51027687514575,-92.51027687514575,-5.5472524875490254,5.5472524875490254
68411,34,17,Neutral,100.0,1,99.76069852854889,0.2393014714511139,0.014349386118181396,0.014349386118181396
68411,62,18,Neutral,100.0,1,90.17077556125919,9.829224438740809,0.589396027773987,0.589396027773987
68411,47,19,Neutral,100.0,1,98.33643383786624,1.6635661621337618,0.09975347434700192,0.09975347434700192
68411,119,20,Neutral,100.0,1,91.33732261549122,8.662677384508783,0.5194456258617194,0.5194456258617194
68411,86,21,Neutral,100.0,0,95.03293712322774,4.96706287677226,0.29784314596933187,0.29784314596933187
68411,77,22,Neutral,100.0,1,93.44898008638849,6.551019913611512,0.3928229677748158,0.3928229677748158
68411,96,23,Neutral,100.0,1,86.91230925582131,13.087690744178687,0.7847855123696299,0.7847855123696299
68411,118,24,Neutral,100.0,1,95.61888027261128,4.381119727388722,0.2627078647576354,0.2627078647576354
68411,109,25,Neutral,100.0,1,93.17098637798408,6.829013622015921,0.4094924810717071,0.4094924810717071
68411,14,26,Neutral,100.0,1,96.63987805828685,3.360121941713146,0.20148512607731772,0.20148512607731772
68411,4,27,Neutral,100.0,1,96.19652522025676,3.80347477974324,0.2280701738871261,0.2280701738871261
68411,127,28,Neutral,100.0,1,91.52219501978905,8.477804980210948,0.508360004466332,0.508360004466332
68411,92,29,Neutral,100.0,1,97.27628808099246,2.723711919007542,0.1633236676880037,0.1633236676880037
68411,126,30,Neutral,100.0,1,94.74388115013913,5.256118849860869,0.3151759928693662,0.3151759928693662
68411,97,31,Neutral,67.0,1,94.09003432789238,-27.090034327892383,-1.6244169338721672,1.6244169338721672
68411,10,32,Neutral,100.0,1,93.0410689735969,6.958931026403107,0.4172828009043391,0.4172828009043391
68411,71,33,Neutral,0.0,0,92.3930603808164,-92.3930603808164,-5.5402237604528155,5.5402237604528155
68411,25,34,Neutral,100.0,1,96.4538070300162,3.5461929699838066,0.21264262132325984,0.21264262132325984
68411,41,35,Neutral,100.0,1,101.06461669139455,-1.0646166913945478,-0.06383828682725813,0.06383828682725813
68411,117,36,Neutral,100.0,1,95.03581162654585,4.964188373454149,0.2976707803012085,0.2976707803012085
68411,95,37,Neutral,100.0,1,92.05533020637807,7.944669793621927,0.47639128066716646,0.47639128066716646
68411,122,38,Neutral,100.0,1,91.08302690180906,8.916973098190937,0.5346941212499694,0.5346941212499694
68411,98,39,Neutral,100.0,1,89.67126033890425,10.328739661095753,0.6193487763050155,0.6193487763050155
68411,103,40,Neutral,100.0,1,92.8817966035344,7.118203396465603,0.4268333511877356,0.4268333511877356
68411,40,41,Neutral,100.0,1,99.37997723583891,0.6200227641610923,0.0371788187973059,0.0371788187973059
68411,24,42,Neutral,49.0,1,94.79293231138881,-45.79293231138881,-2.7459106842729955,2.7459106842729955
68411,45,43,Neutral,100.0,1,91.49632602888384,8.503673971116157,0.5099112031979386,0.5099112031979386
68411,39,44,Neutral,100.0,1,96.64082435660492,3.3591756433950763,0.20142838259025672,0.20142838259025672
68411,128,45,Neutral,100.0,1,91.9306733240395,8.069326675960497,0.48386616047512565,0.48386616047512565
68411,104,46,Neutral,100.0,0,93.44729867218106,6.552701327818937,0.3929237914828383,0.3929237914828383
68411,55,47,Neutral,100.0,1,99.29731224085805,0.702687759141952,0.042135712393675646,0.042135712393675646
68411,56,48,Neutral,100.0,1,101.12985217203537,-1.1298521720353705,-0.06775004338539338,0.06775004338539338
68411,89,49,Neutral,100.0,1,88.19807828432447,11.801921715675533,0.7076861274936793,0.7076861274936793
68411,38,50,Neutral,100.0,1,89.98227886327854,10.017721136721462,0.6006989749933449,0.6006989749933449
68411,53,51,Neutral,100.0,1,88.99266110783806,11.00733889216194,0.6600400529905371,0.6600400529905371
68411,94,52,Neutral,100.0,1,100.80292660030752,-0.8029266003075151,-0.04814639769034988,0.04814639769034988
68411,107,53,Neutral,100.0,1,93.53257140133806,6.4674285986619395,0.3878105286658362,0.3878105286658362
68411,37,54,Neutral,100.0,1,93.92348074983396,6.076519250166044,0.3643701831269654,0.3643701831269654
68411,93,55,Neutral,100.0,1,91.02517806310674,8.974821936893264,0.53816294790613,0.53816294790613
68411,85,56,Neutral,100.0,1,93.89500457538111,6.104995424618892,0.36607771806151795,0.36607771806151795
68411,87,57,Neutral,100.0,1,90.60808388614268,9.39191611385732,0.56317343094499,0.56317343094499
68411,65,58,Neutral,100.0,1,90.9098990552049,9.090100944795097,0.5450754962731476,0.5450754962731476
68411,33,59,Neutral,100.0,1,91.77657539202649,8.223424607973513,0.49310643264336323,0.49310643264336323
68411,11,60,Neutral,100.0,1,100.39450229394437,-0.3945022939443703,-0.02365579160875533,0.02365579160875533
68411,30,61,Neutral,100.0,1,95.23495433648905,4.765045663510946,0.28572945950502704,0.28572945950502704
68411,12,62,Neutral,100.0,1,96.68000651821512,3.319993481784877,0.19907887774818311,0.19907887774818311
68411,78,63,Neutral,100.0,1,93.71577898784518,6.284221012154816,0.3768247357969951,0.3768247357969951
68411,46,64,Neutral,100.0,1,90.46753215708814,9.532467842911856,0.5716014235417408,0.5716014235417408
68426,29,1,Standard,99.0,1,73.15954355465682,25.84045644534318,1.5494877016668358,1.5494877016668358
68426,79,2,Standard,100.0,1,71.29978449009712,28.700215509902876,1.7209692507500782,1.7209692507500782
68426,111,3,Standard,99.0,0,71.08904528832159,27.910954711678414,1.673642304229482,1.673642304229482
68426,125,4,Standard,98.0,0,65.60186111061583,32.39813888938417,1.942710178985312,1.942710178985312
68426,113,5,Standard,96.0,1,74.89979235204322,21.10020764795678,1.2652451523942627,1.2652451523942627
68426,72,6,Standard,100.0,1,70.00215074414648,29.997849255853524,1.7987800872138724,1.7987800872138724
68426,81,7,Standard,98.0,0,69.29855680530025,28.70144319469975,1.7210428671932823,1.7210428671932823
68426,31,8,Standard,100.0,0,68.6910087074492,31.3089912925508,1.8774009298951153,1.8774009298951153
68426,68,9,Standard,100.0,0,66.91437523727377,33.085624762726226,1.983934331045721,1.983934331045721
68426,28,10,Standard,99.0,0,71.84759156209502,27.15240843790498,1.6281571122460037,1.6281571122460037
68426,105,11,Standard,100.0,0,68.68111221676334,31.31888778323666,1.8779943594515878,1.8779943594515878
68426,57,12,Standard,99.0,1,72.46534571818025,26.534654281819755,1.5911143274355932,1.5911143274355932
68426,116,13,Standard,100.0,0,73.19863936438306,26.801360635616945,1.607107009919328,1.607107009919328
68426,112,14,Standard,99.0,0,69.62908881113137,29.370911188868632,1.761186601721284,1.761186601721284
68426,32,15,Standard,100.0,0,70.16103017246164,29.838969827538364,1.7892530991460374,1.7892530991460374
68426,102,16,Standard,55.0,1,67.63159473591563,-12.631594735915627,-0.7574363377496782,0.7574363377496782
68426,120,17,Standard,22.0,0,67.775461858197,-45.775461858197005,-2.744863092392391,2.744863092392391
68426,106,18,Standard,66.0,1,68.21859656385297,-2.2185965638529694,-0.1330351148371451,0.1330351148371451
68426,99,19,Standard,64.0,1,67.87164273683786,-3.871642736837856,-0.23215777239333962,0.23215777239333962
68426,82,20,Standard,55.0,1,67.69840404900008,-12.698404049000075,-0.7614424670222057,0.7614424670222057
68426,48,21,Standard,84.0,1,76.53606551020088,7.463934489799115,0.44756464431861404,0.44756464431861404
68426,35,22,Standard,57.0,1,74.4504731866876,-17.450473186687603,-1.04639380686761,1.04639380686761
68426,76,23,Standard,45.0,0,66.12154452849927,-21.12154452849927,-1.266524589313748,1.266524589313748
68426,110,24,Standard,52.0,1,66.60725652269927,-14.607256522699274,-0.875904200256266,0.875904200256266
68426,75,25,Standard,56.0,0,65.81934459181258,-9.81934459181258,-0.5888035962377244,0.5888035962377244
68426,60,26,Standard,57.0,1,70.58508499521406,-13.58508499521406,-0.8146110797503482,0.8146110797503482
68426,26,27,Standard,77.0,1,77.17008398713958,-0.17008398713957718,-0.010198854144882155,0.010198854144882155
68426,13,28,Standard,45.0,1,68.18624953071557,-23.18624953071557,-1.3903318067006027,1.3903318067006027
68426,50,29,Standard,11.0,0,63.978586206590435,-52.978586206590435,-3.1767886125557148,3.1767886125557148
68426,63,30,Standard,75.0,0,66.56417153727355,8.435828462726448,0.5058429398882116,0.5058429398882116
68426,16,31,Standard,58.0,0,69.88990864965382,-11.889908649653819,-0.7129621438982306,0.7129621438982306
68426,8,32,Standard,100.0,0,73.55985504923852,26.44014495076148,1.5854472043924186,1.5854472043924186
68426,100,33,Standard,59.0,0,67.41233451504816,-8.412334515048158,-0.5044341573820622,0.5044341573820622
68426,20,34,Standard,57.0,0,67.34557646223735,-10.345576462237347,-0.6203583721052868,0.6203583721052868
68426,90,35,Standard,59.0,1,70.2642800335106,-11.264280033510602,-0.6754471778381224,0.6754471778381224
68426,6,36,Standard,44.0,1,71.45897530715513,-27.45897530715513,-1.6465399761341226,1.6465399761341226
68426,27,37,Standard,90.0,0,70.74428080392562,19.25571919607438,1.1546429198793904,1.1546429198793904
68426,114,38,Standard,38.0,1,67.62273962740876,-29.622739627408762,-1.776287150323173,1.776287150323173
68426,67,39,Standard,82.0,1,71.0667532802089,10.9332467197911,0.6555972170011177,0.6555972170011177
68426,3,40,Standard,76.0,1,71.01096414201187,4.989035857988128,0.2991607257974962,0.2991607257974962
68426,124,41,Standard,64.0,1,68.38228333354664,-4.3822833335466385,-0.2627776388127141,0.2627776388127141
68426,73,42,Standard,35.0,0,65.67312679682388,-30.67312679682388,-1.8392721832865002,1.8392721832865002
68426,83,43,Standard,12.0,0,69.34692313308949,-57.34692313308949,-3.438729974104969,3.438729974104969
68426,58,44,Standard,61.0,1,70.73218640853253,-9.732186408532527,-0.5835772747376488,0.5835772747376488
68426,15,45,Standard,65.0,1,71.8759832486876,-6.875983248687604,-0.4123089506272505,0.4123089506272505
68426,115,46,Standard,59.0,1,74.22010715307187,-15.220107153071865,-0.9126529518400343,0.9126529518400343
68426,66,47,Standard,44.0,0,66.60433213624576,-22.60433213624576,-1.3554379243876424,1.3554379243876424
68426,123,48,Standard,60.0,1,67.85713926748436,-7.8571392674843565,-0.47114263213584245,0.47114263213584245
68426,49,49,Standard,56.0,0,71.09713337305247,-15.097133373052472,-0.9052789969654147,0.9052789969654147
68426,101,50,Standard,67.0,1,71.73019290939894,-4.730192909398937,-0.2836395616744681,0.2836395616744681
68426,2,51,Standard,62.0,0,68.38221511861076,-6.382215118610759,-0.38270081864059663,0.38270081864059663
68426,91,52,Standard,33.0,0,66.8126135041215,-33.8126135041215,-2.0275272186723337,2.0275272186723337
68426,5,53,Standard,42.0,0,65.83361127181672,-23.83361127181672,-1.429149969935743,1.429149969935743
68426,51,54,Standard,59.0,1,67.1221695037415,-8.122169503741503,-0.48703480851898495,0.48703480851898495
68426,36,55,Standard,56.0,0,65.90455087062946,-9.904550870629464,-0.5939128744507781,0.5939128744507781
68426,22,56,Standard,61.0,1,75.45029529258134,-14.450295292581345,-0.8664922343252208,0.8664922343252208
68426,17,57,Standard,69.0,1,74.11325849857052,-5.1132584985705165,-0.3066095668912331,0.3066095668912331
68426,18,58,Standard,76.0,0,69.68602626806907,6.313973731930929,0.3786088170295282,0.3786088170295282
68426,7,59,Standard,74.0,1,73.7625195212737,0.2374804787262974,0.014240192774871221,0.014240192774871221
68426,121,60,Standard,76.0,1,69.22348723558989,6.776512764410114,0.40634433880265597,0.40634433880265597
68426,64,61,Standard,100.0,0,67.48943147086325,32.51056852913675,1.9494518688803002,1.9494518688803002
68426,69,62,Standard,76.0,0,67.45267512189777,8.54732487810223,0.512528670257183,0.512528670257183
68426,23,63,Standard,70.0,0,69.05052890194224,0.9494710980577565,0.056933738482538694,0.056933738482538694
68426,80,64,Standard,100.0,1,70.92396933663973,29.07603066336027,1.7435044934852044,1.7435044934852044
68542,4,1,Neutral,100.0,1,72.95490118857137,27.04509881142863,1.6217224369589296,1.6217224369589296
68542,87,2,Neutral,35.0,1,68.63489561882712,-33.634895618827116,-2.0168706082439405,2.0168706082439405
68542,46,3,Neutral,87.0,1,68.75677887550428,18.24322112449572,1.0939298549538188,1.0939298549538188
68542,34,4,Neutral,100.0,1,75.95046536111148,24.049534638888517,1.4420975199330859,1.4420975199330859
68542,33,5,Neutral,61.0,1,69.75964796042231,-8.759647960422313,-0.5252603340933398,0.5252603340933398
68542,93,6,Neutral,79.0,0,68.78955481005949,10.210445189940515,0.6122554097997479,0.6122554097997479
68542,12,7,Neutral,100.0,1,74.70681825089956,25.29318174910044,1.5166711214699948,1.5166711214699948
68542,42,8,Neutral,100.0,1,71.62767572173924,28.372324278260763,1.7013077005762844,1.7013077005762844
68542,119,9,Neutral,100.0,1,67.4396111194766,32.560388880523405,1.9524392782524849,1.9524392782524849
68542,97,10,Neutral,57.0,0,70.6297144747639,-13.629714474763901,-0.8172872255777464,0.8172872255777464
68542,37,11,Neutral,57.0,1,71.42542251105502,-14.425422511055018,-0.8650007719293142,0.8650007719293142
68542,52,12,Neutral,100.0,1,74.68775862634266,25.312241373657344,1.5178140058424816,1.5178140058424816
68542,78,13,Neutral,100.0,0,71.52389489908654,28.476105100913458,1.7075307759584608,1.7075307759584608
68542,104,14,Neutral,40.0,1,70.46810962622736,-30.46810962622736,-1.8269786084751665,1.8269786084751665
68542,127,15,Neutral,83.0,0,67.71196185235166,15.288038147648336,0.9167263412122721,0.9167263412122721
68542,59,16,Neutral,39.0,1,68.46540678351245,-29.46540678351245,-1.7668529010791143,1.7668529010791143
68542,55,17,Neutral,99.0,1,76.23064486632711,22.76935513367289,1.3653333031920527,1.3653333031920527
68542,70,18,Neutral,100.0,1,68.04395624337911,31.956043756620886,1.9162005477552133,1.9162005477552133
68542,103,19,Neutral,42.0,1,69.42147675040593,-27.42147675040593,-1.644291426359623,1.644291426359623
68542,86,20,Neutral,100.0,1,70.69783398432698,29.302166015673023,1.7570643912394044,1.7570643912394044
68542,62,21,Neutral,77.0,1,65.66071576520396,11.33928423479604,0.6799447023965972,0.6799447023965972
68542,88,22,Neutral,80.0,1,68.55571118070267,11.444288819297327,0.6862411589877385,0.6862411589877385
68542,118,23,Neutral,59.0,1,71.2837771337105,-12.283777133710501,-0.7365799299621442,0.7365799299621442
68542,77,24,Neutral,24.0,0,68.98265945462187,-44.98265945462187,-2.697323778340802,2.697323778340802
68542,41,25,Neutral,100.0,1,77.1231660310913,22.8768339689087,1.3717781248514385,1.3717781248514385
68542,85,26,Neutral,100.0,1,70.82833720085017,29.17166279914983,1.7492389439815987,1.7492389439815987
68542,25,27,Neutral,76.0,1,72.38113887684712,3.6188611231528824,0.21700006794485838,0.21700006794485838
68542,1,28,Neutral,24.0,0,73.39902411261461,-49.39902411261461,-2.9621450572570667,2.9621450572570667
68542,65,29,Neutral,78.0,1,67.79949251638533,10.200507483614672,0.6116595088036785,0.6116595088036785
68542,117,30,Neutral,81.0,1,70.91940430908815,10.08059569091185,0.604469161819257,0.604469161819257
68542,14,31,Neutral,70.0,0,72.0423399336544,-2.0423399336544037,-0.12246612657613726,0.12246612657613726
68542,39,32,Neutral,100.0,1,72.78685202487891,27.21314797512109,1.6317992756930917,1.6317992756930917
68542,107,33,Neutral,29.0,0,70.02851238392097,-41.02851238392097,-2.4602187461757397,2.4602187461757397
68542,96,34,Neutral,99.0,0,62.05233614545714,36.94766385454286,2.2155162339731698,2.2155162339731698
68542,21,35,Neutral,76.0,1,67.61120322843875,8.388796771561246,0.5030227487200248,0.5030227487200248
68542,95,36,Neutral,91.0,1,67.72022706747731,23.27977293252269,1.3959398098419054,1.3959398098419054
68542,98,37,Neutral,40.0,1,65.37989636429208,-25.37989636429208,-1.5218708450150653,1.5218708450150653
68542,108,38,Neutral,39.0,0,66.94869111111151,-27.948691111111515,-1.6759051159158953,1.6759051159158953
68542,54,39,Neutral,45.0,1,70.27256958965533,-25.272569589655333,-1.5154351414619582,1.5154351414619582
68542,61,40,Neutral,38.0,1,66.59595632223072,-28.59595632223072,-1.7147174908624196,1.7147174908624196
68542,74,41,Neutral,40.0,1,66.24790263820178,-26.24790263820178,-1.573919656507136,1.573919656507136
68542,38,42,Neutral,42.0,0,65.95334987439804,-23.953349874398043,-1.4363299318109122,1.4363299318109122
68542,30,43,Neutral,31.0,0,71.64341699049474,-40.64341699049474,-2.4371270265172806,2.4371270265172806
68542,9,44,Neutral,99.0,0,72.88753480233952,26.112465197660484,1.5657983352407006,1.5657983352407006
68542,56,45,Neutral,100.0,1,76.88222736171183,23.117772638288173,1.3862256833088182,1.3862256833088182
68542,10,46,Neutral,37.0,1,68.0498783703669,-31.049878370366898,-1.8618635771739613,1.8618635771739613
68542,45,47,Neutral,40.0,1,66.94252706854,-26.942527068540002,-1.6155718623945587,1.6155718623945587
68542,128,48,Neutral,37.0,1,67.42061352798427,-30.420613527984273,-1.8241305697704133,1.8241305697704133
68542,94,49,Neutral,100.0,1,76.55530178998397,23.44469821001603,1.4058293290038617,1.4058293290038617
68542,40,50,Neutral,100.0,1,74.60748245405199,25.39251754594801,1.5226276569466863,1.5226276569466863
68542,19,51,Neutral,36.0,1,71.38025668774077,-35.38025668774077,-2.1215288025359054,2.1215288025359054
68542,24,52,Neutral,29.0,1,69.97669836531328,-40.97669836531328,-2.457111789269759,2.457111789269759
68542,71,53,Neutral,100.0,1,67.1394347918547,32.8605652081453,1.9704389420341772,1.9704389420341772
68542,122,54,Neutral,39.0,1,66.00435797000183,-27.004357970001834,-1.619279468009062,1.619279468009062
68542,126,55,Neutral,100.0,1,69.27155973973437,30.72844026026563,1.842588979625639,1.842588979625639
68542,89,56,Neutral,100.0,0,63.51306183111476,36.48693816888524,2.187889447067199,2.187889447067199
68542,84,57,Neutral,100.0,1,70.41131036902952,29.588689630970478,1.7742453887608522,1.7742453887608522
68542,109,58,Neutral,85.0,1,67.3487516532704,17.651248346729602,1.05843301530587,1.05843301530587
68542,44,59,Neutral,29.0,1,67.71995655651493,-38.71995655651493,-2.3217893468830813,2.3217893468830813
68542,43,60,Neutral,83.0,1,71.26509520790155,11.734904792098448,0.7036675491413239,0.7036675491413239
68542,92,61,Neutral,81.0,1,71.49779252056739,9.502207479432613,0.5697869021474213,0.5697869021474213
68542,11,62,Neutral,100.0,1,75.92818166217775,24.07181833782225,1.4434337315251102,1.4434337315251102
68542,47,63,Neutral,31.0,0,72.03306830597779,-41.03306830597779,-2.460491935823598,2.460491935823598
68542,53,64,Neutral,35.0,0,64.04520966889667,-29.045209668896675,-1.7416563546191013,1.7416563546191013
68549,33,1,Neutral,70.0,1,66.5762032395278,3.4237967604722,0.20530329967582628,0.20530329967582628
68549,70,2,Neutral,81.0,1,65.38538149394799,15.614618506052011,0.9363092866615054,0.9363092866615054
68549,104,3,Neutral,90.0,0,67.59083905535314,22.409160944646857,1.3437347502683377,1.3437347502683377
68549,24,4,Neutral,70.0,0,68.71777687311783,1.2822231268821724,0.07688675972497261,0.07688675972497261
68549,97,5,Neutral,81.0,1,67.49000891815801,13.509991081841989,0.8101081757290444,0.8101081757290444
68549,117,6,Neutral,81.0,0,68.61074287396595,12.389257126034053,0.7429048937344738,0.7429048937344738
68549,4,7,Neutral,91.0,1,69.3340648247907,21.6659351752093,1.2991682314167365,1.2991682314167365
68549,128,8,Neutral,57.0,0,65.81177872147991,-8.81177872147991,-0.5283862840280144,0.5283862840280144
68549,118,9,Neutral,66.0,0,68.53772405570214,-2.5377240557021423,-0.15217115931569342,0.15217115931569342
68549,122,10,Neutral,46.0,1,64.57047982065193,-18.570479820651926,-1.1135534760005341,1.1135534760005341
68549,119,11,Neutral,44.0,1,63.99373141285039,-19.993731412850387,-1.1988968151615065,1.1988968151615065
68549,107,12,Neutral,55.0,1,67.58863345593292,-12.588633455932921,-0.754860223232434,0.754860223232434
68549,103,13,Neutral,59.0,0,66.32551035808865,-7.32551035808865,-0.439264230192689,0.439264230192689
68549,52,14,Neutral,71.0,1,71.24187891971646,-0.2418789197164557,-0.014503939285509419,0.014503939285509419
68549,84,15,Neutral,77.0,1,68.88995389110238,8.11004610889762,0.48630784569413,0.48630784569413
68549,93,16,Neutral,65.0,1,64.99376178912436,0.006238210875636696,0.00037406580075892274,0.00037406580075892274
68549,65,17,Neutral,80.0,1,64.96596110979975,15.03403889020025,0.9014956224174715,0.9014956224174715
68549,12,18,Neutral,75.0,1,70.86728606567583,4.1327139343241726,0.24781255042019534,0.24781255042019534
68549,38,19,Neutral,54.0,1,63.60094927498723,-9.60094927498723,-0.5757078191473202,0.5757078191473202
68549,62,20,Neutral,62.0,1,62.34605355144361,-0.3460535514436103,-0.020750628891334378,0.020750628891334378
68549,59,21,Neutral,58.0,1,64.8883095840204,-6.888309584020405,-0.41304808250153435,0.41304808250153435
68549,54,22,Neutral,75.0,1,67.6577340045128,7.342265995487196,0.440268959119887,0.440268959119887
68549,71,23,Neutral,56.0,1,65.0932083424642,-9.093208342464195,-0.5452618271331553,0.5452618271331553
68549,89,24,Neutral,58.0,1,61.55431371030147,-3.5543137103014715,-0.2131295704325864,0.2131295704325864
68549,45,25,Neutral,67.0,1,64.54638730484056,2.4536126951594355,0.14712753638252046,0.14712753638252046
68549,21,26,Neutral,66.0,1,64.64645432898732,1.3535456710126823,0.08116351873716611,0.08116351873716611
68549,40,27,Neutral,64.0,1,72.25508185464116,-8.255081854641162,-0.49500471623149994,0.49500471623149994
68549,34,28,Neutral,70.0,1,71.54232404013575,-1.5423240401357532,-0.09248335598213224,0.09248335598213224
68549,86,29,Neutral,71.0,1,66.94578012768045,4.05421987231955,0.24310576112692975,0.24310576112692975
68549,94,30,Neutral,75.0,1,74.02794453341869,0.9720554665813097,0.058287979316139125,0.058287979316139125
68549,42,31,Neutral,65.0,1,67.26327356505212,-2.263273565052117,-0.13571411023538274,0.13571411023538274
68549,44,32,Neutral,73.0,1,65.54251261425857,7.45748738574143,0.44717805252330733,0.44717805252330733
68549,56,33,Neutral,83.0,1,74.04869595512625,8.951304044873751,0.5367527296102403,0.5367527296102403
68549,9,34,Neutral,78.0,0,69.96652506717668,8.033474932823324,0.4817163596311712,0.4817163596311712
68549,30,35,Neutral,81.0,1,68.6349289267547,12.365071073245304,0.7414546100900149,0.7414546100900149
68549,53,36,Neutral,72.0,1,61.91150489092893,10.088495109071069,0.6049428396474302,0.6049428396474302
68549,77,37,Neutral,70.0,1,65.0556489408209,4.944351059179098,0.2964812628262248,0.2964812628262248
68549,92,38,Neutral,74.0,1,69.14539192115656,4.854608078843441,0.2910999474986432,0.2910999474986432
68549,108,39,Neutral,71.0,0,63.54655056877393,7.453449431226069,0.4469359220921102,0.4469359220921102
68549,25,40,Neutral,34.0,0,68.45412836304614,-34.45412836304614,-2.065994781598042,2.065994781598042
68549,74,41,Neutral,62.0,1,62.889501260152805,-0.8895012601528052,-0.05333772900409847,0.05333772900409847
68549,43,42,Neutral,72.0,1,68.69399878704765,3.306001212952353,0.19823985044538484,0.19823985044538484
68549,85,43,Neutral,71.0,1,66.72637002989475,4.273629970105247,0.2562623881725687,0.2562623881725687
68549,1,44,Neutral,44.0,0,69.3407961059478,-25.340796105947803,-1.5195262513905448,1.5195262513905448
68549,127,45,Neutral,65.0,1,63.04138554564423,1.958614454355768,0.11744564248508411,0.11744564248508411
68549,39,46,Neutral,63.0,1,68.81610234678932,-5.816102346789322,-0.3487546389533596,0.3487546389533596
68549,46,47,Neutral,83.0,1,63.47385426875625,19.52614573124375,1.170858677961513,1.170858677961513
68549,10,48,Neutral,67.0,1,64.6039986637407,2.396001336259303,0.1436729498785674,0.1436729498785674
68549,14,49,Neutral,74.0,1,67.89663359841035,6.103366401589653,0.36598003591898787,0.36598003591898787
68549,61,50,Neutral,67.0,1,62.80016330129561,4.199836698704388,0.2518374753718507,0.2518374753718507
68549,98,51,Neutral,66.0,1,61.4091466862025,4.590853313797503,0.2752842530058179,0.2752842530058179
68549,37,52,Neutral,44.0,0,66.27371539717284,-22.273715397172836,-1.3356129428807462,1.3356129428807462
68549,41,53,Neutral,66.0,1,72.5400680529611,-6.540068052961104,-0.392166254398871,0.392166254398871
68549,109,54,Neutral,65.0,1,64.16530693237587,0.83469306762413,0.050051230545628905,0.050051230545628905
68549,96,55,Neutral,33.0,0,57.77541231734727,-24.775412317347268,-1.4856237841871758,1.4856237841871758
68549,11,56,Neutral,72.0,1,72.83221526986047,-0.8322152698604697,-0.04990265278462341,0.04990265278462341
68549,95,57,Neutral,73.0,1,63.44330323936742,9.556696760632583,0.5730542775233403,0.5730542775233403
68549,88,58,Neutral,69.0,1,63.62269988826357,5.377300111736432,0.3224424618400601,0.3224424618400601
68549,87,59,Neutral,51.0,1,62.78336187632709,-11.783361876327092,-0.706573212059072,0.706573212059072
68549,78,60,Neutral,60.0,1,66.10975279947267,-6.109752799472673,-0.36636298755138724,0.36636298755138724
68549,19,61,Neutral,60.0,1,67.58446366680565,-7.584463666805647,-0.4547920119101529,0.4547920119101529
68549,55,62,Neutral,65.0,1,70.90398109529046,-5.903981095290462,-0.35402416816343396,0.35402416816343396
68549,47,63,Neutral,60.0,1,68.67466692792881,-8.674666927928811,-0.5201645624686339,0.5201645624686339
68549,126,64,Neutral,71.0,1,65.51950588308785,5.480494116912155,0.32863034951316433,0.32863034951316433
68786,56,1,Neutral,55.0,1,80.10625136089654,-25.106251360896536,-1.5054620958785776,1.5054620958785776
68786,93,2,Neutral,58.0,1,70.26401223769957,-12.264012237699575,-0.7353947549495266,0.7353947549495266
68786,9,3,Neutral,89.0,0,75.98034130865835,13.019658691341647,0.7807060631767292,0.7807060631767292
68786,74,4,Neutral,61.0,1,69.16575248736618,-8.165752487366177,-0.48964820264657005,0.48964820264657005
68786,128,5,Neutral,63.0,1,70.60089836288036,-7.600898362880358,-0.455777496028913,0.455777496028913
68786,41,6,Neutral,56.0,1,79.25371092306062,-23.253710923060623,-1.3943770370159836,1.3943770370159836
68786,126,7,Neutral,58.0,1,72.6705403960735,-14.670540396073505,-0.8796989313483666,0.8796989313483666
68786,70,8,Neutral,49.0,1,69.7808486567509,-20.780848656750905,-1.2460952263727583,1.2460952263727583
68786,71,9,Neutral,78.0,1,70.3634587910394,7.636541208960594,0.4579147706459673,0.4579147706459673
68786,39,10,Neutral,88.0,1,75.04861440971406,12.951385590285938,0.7766121598563974,0.7766121598563974
68786,117,11,Neutral,87.0,0,73.04994920105746,13.950050798942542,0.8364957560370221,0.8364957560370221
68786,47,12,Neutral,81.0,0,75.56326645518278,5.436733544817216,0.3260063065353464,0.3260063065353464
68786,127,13,Neutral,70.0,1,69.09894095141452,0.9010590485854806,0.05403077601248927,0.05403077601248927
68786,89,14,Neutral,74.0,1,66.64960750172223,7.35039249827777,0.4407562537680365,0.4407562537680365
68786,87,15,Neutral,74.0,1,69.36578725356075,4.634212746439246,0.27788424220383146,0.27788424220383146
68786,104,16,Neutral,75.0,1,71.68013206813575,3.319867931864252,0.19907134931855316,0.19907134931855316
68786,30,17,Neutral,40.0,1,74.08013603248436,-34.08013603248436,-2.04356884194992,2.04356884194992
68786,46,18,Neutral,33.0,0,69.40019218166069,-36.400192181660685,-2.1826878423409943,2.1826878423409943
68786,62,19,Neutral,67.0,1,67.04769486426682,-0.04769486426681624,-0.0028599574380745543,0.0028599574380745543
68786,14,20,Neutral,65.0,0,73.82297151131479,-8.82297151131479,-0.529057444393667,0.529057444393667
68786,88,21,Neutral,70.0,1,69.89895111547692,0.10104888452308103,0.006059258440997205,0.006059258440997205
68786,65,22,Neutral,79.0,1,69.40516743689128,9.594832563108724,0.575341038868093,0.575341038868093
68786,97,23,Neutral,72.0,0,71.36060610949755,0.639393890502447,0.03834038194913532,0.03834038194913532
68786,98,24,Neutral,82.0,1,67.24800627052971,14.751993729470286,0.8845831693116176,0.8845831693116176
68786,55,25,Neutral,100.0,1,77.18023232250383,22.819767677496174,1.368356222575429,1.368356222575429
68786,25,26,Neutral,71.0,1,73.72437881162135,-2.7243788116213494,-0.16336365699336342,0.16336365699336342
68786,24,27,Neutral,38.0,1,72.36967824301428,-34.36967824301428,-2.0609308454144672,2.0609308454144672
68786,37,28,Neutral,69.0,1,71.9813574886342,-2.9813574886342025,-0.17877303261582028,0.17877303261582028
68786,19,29,Neutral,76.0,0,73.64201907257592,2.35798092742408,0.1413931079559941,0.1413931079559941
68786,96,30,Neutral,69.0,0,63.526793573097244,5.473206426902756,0.3281933531285607,0.3281933531285607
68786,53,31,Neutral,72.0,1,66.7881028609066,5.211897139093395,0.31252429834044787,0.31252429834044787
68786,10,32,Neutral,79.0,1,69.96172744089314,9.038272559106858,0.541967677864791,0.541967677864791
68786,108,33,Neutral,75.0,1,68.46688770304023,6.5331122969597715,0.3917491619840115,0.3917491619840115
68786,122,34,Neutral,77.0,1,68.17864202625977,8.821357973740234,0.5289606908152912,0.5289606908152912
68786,43,35,Neutral,100.0,1,73.65807508560256,26.34192491439744,1.5795575739702448,1.5795575739702448
68786,11,36,Neutral,99.0,1,78.36490070416738,20.635099295832617,1.2373555648754326,1.2373555648754326
68786,77,37,Neutral,90.0,0,69.71355108935549,20.28644891064451,1.2164492203929713,1.2164492203929713
68786,85,38,Neutral,89.0,1,71.60296799987243,17.397032000127567,1.043189279056253,1.043189279056253
68786,61,39,Neutral,81.0,1,67.93919625700498,13.06080374299502,0.7831732700411357,0.7831732700411357
68786,21,40,Neutral,62.0,1,68.69200817748131,-6.692008177481313,-0.401277136585947,0.401277136585947
68786,40,41,Neutral,87.0,1,76.30063570313516,10.699364296864843,0.6415727767313876,0.6415727767313876
68786,1,42,Neutral,70.0,1,74.08617658305963,-4.0861765830596255,-0.2450220016694375,0.2450220016694375
68786,119,43,Neutral,69.0,1,67.2519803041493,1.7480196958507008,0.10481761522754296,0.10481761522754296
68786,54,44,Neutral,77.0,1,71.35337453869788,5.646625461302122,0.33859218883044245,0.33859218883044245
68786,4,45,Neutral,65.0,0,72.32987873035792,-7.329878730357919,-0.43952617367351926,0.43952617367351926
68786,92,46,Neutral,70.0,0,73.45338075538224,-3.4533807553822413,-0.20707726355205433,0.20707726355205433
68786,12,47,Neutral,84.0,1,74.2567524498406,9.743247550159396,0.5842405409981918,0.5842405409981918
68786,103,48,Neutral,73.0,1,69.45254175652173,3.5474582434782747,0.21271849172141127,0.21271849172141127
68786,95,49,Neutral,0.0,0,68.45111870221095,-68.45111870221095,-4.104577905531808,4.104577905531808
68786,94,50,Neutral,78.0,1,77.811063396181,0.1889366038190019,0.011329325572536525,0.011329325572536525
68786,78,51,Neutral,68.0,1,71.16130742660481,-3.1613074266048073,-0.18956348503646286,0.18956348503646286
68786,52,52,Neutral,70.0,1,74.23769282528369,-4.237692825283688,-0.2541074663331728,0.2541074663331728
68786,38,53,Neutral,78.0,1,66.77171983770891,11.228280162291085,0.6732884946958869,0.6732884946958869
68786,59,54,Neutral,76.0,0,68.10281931103071,7.897180688969286,0.4735436613235191,0.4735436613235191
68786,84,55,Neutral,76.0,0,71.79828946809239,4.201710531907608,0.2519498372223275,0.2519498372223275
68786,86,56,Neutral,76.0,1,70.42272484042245,5.577275159577553,0.3344336926422503,0.3344336926422503
68786,109,57,Neutral,72.0,0,68.69199158804463,3.3080084119553703,0.1983602093940184,0.1983602093940184
68786,42,58,Neutral,77.0,1,70.74021827779411,6.2597817222058865,0.37535926713186396,0.37535926713186396
68786,34,59,Neutral,70.0,1,74.84431209572328,-4.844312095723282,-0.2904825629236068,0.2904825629236068
68786,44,60,Neutral,69.0,1,68.97571816271196,0.024281837288043562,0.0014560272312248242,0.0014560272312248242
68786,33,61,Neutral,78.0,1,68.60975553074549,9.390244469254512,0.563073193057974,0.563073193057974
68786,118,62,Neutral,66.0,1,70.87745049694014,-4.877450496940142,-0.2924696619226912,0.2924696619226912
68786,45,63,Neutral,72.0,1,67.5422012104078,4.4577987895922035,0.2673058200650794,0.2673058200650794
68786,107,64,Neutral,72.0,1,69.97209906145953,2.027900938540469,0.12160031194160123,0.12160031194160123
68800,33,1,Neutral,100.0,1,95.39586494141972,4.604135058580283,0.27608067470375214,0.27608067470375214
68800,88,2,Neutral,91.0,0,96.59734597857015,-5.5973459785701465,-0.33563721190891593,0.33563721190891593
68800,103,3,Neutral,93.0,0,96.09424617616712,-3.0942461761671183,-0.18554224868441208,0.18554224868441208
68800,96,4,Neutral,91.0,1,90.53136258621076,0.4686374137892386,0.028101202884836793,0.028101202884836793
68800,117,5,Neutral,94.0,0,97.98582621344684,-3.985826213446842,-0.23900462872164843,0.23900462872164843
68800,43,6,Neutral,94.0,1,99.08827040332969,-5.0882704033296875,-0.30511118986582564,0.30511118986582564
68800,56,7,Neutral,100.0,1,104.00557592852213,-4.005575928522134,-0.24018889343018088,0.24018889343018088
68800,93,8,Neutral,95.0,0,95.86892799357743,-0.8689279935774294,-0.0521040811539111,0.0521040811539111
68800,55,9,Neutral,99.0,1,102.04181850447897,-3.041818504478968,-0.18239849490902335,0.18239849490902335
68800,30,10,Neutral,100.0,1,98.54806973586199,1.4519302641380136,0.08706301658093077,0.08706301658093077
68800,98,11,Neutral,100.0,0,92.49005743293941,7.509942567060591,0.45032345587617234,0.45032345587617234
68800,62,12,Neutral,100.0,0,92.02731104094482,7.972688959055176,0.47807141167962053,0.47807141167962053
68800,92,13,Neutral,100.0,1,99.05853273026385,0.941467269736151,0.056453799841485186,0.056453799841485186
68800,39,14,Neutral,100.0,1,99.03541730591691,0.9645826940830915,0.05783988471270847,0.05783988471270847
68800,47,15,Neutral,100.0,0,100.10549098897462,-0.10549098897462272,-0.006325623171501948,0.006325623171501948
68800,108,16,Neutral,100.0,1,95.0778042375562,4.922195762443806,0.29515275069677666,0.29515275069677666
68800,74,17,Neutral,5.0,1,94.46449409322372,-89.46449409322372,-5.364616280153886,5.364616280153886
68800,128,18,Neutral,91.0,0,95.8996399687379,-4.899639968737901,-0.29380022331311534,0.29380022331311534
68800,109,19,Neutral,98.0,1,94.5158393843693,3.4841606156306995,0.2089229358610899,0.2089229358610899
68800,14,20,Neutral,99.0,1,97.9847310646721,1.0152689353278959,0.06087921598840257,0.06087921598840257
68800,85,21,Neutral,92.0,1,96.50829334613618,-4.508293346136185,-0.27033365722931496,0.27033365722931496
68800,24,22,Neutral,92.0,0,97.26181609111507,-5.261816091115065,-0.3155176201651332,0.3155176201651332
68800,11,23,Neutral,100.0,1,103.0952693932767,-3.095269393276695,-0.185603604501821,0.185603604501821
68800,84,24,Neutral,98.0,1,97.31596311439677,0.6840368856032342,0.04101733821809893,0.04101733821809893
68800,70,25,Neutral,100.0,1,93.19904241720175,6.800957582798247,0.40781013897309826,0.40781013897309826
68800,107,26,Neutral,96.0,1,95.7959468577842,0.2040531422157983,0.012235768165265249,0.012235768165265249
68800,87,27,Neutral,100.0,0,94.7082680237069,5.291731976293093,0.3173114853882912,0.3173114853882912
68800,40,28,Neutral,100.0,1,101.03100439224447,-1.0310043922444692,-0.06182277118542126,0.06182277118542126
68800,59,29,Neutral,100.0,0,93.86974044490378,6.130259555096217,0.3675926471631274,0.3675926471631274
68800,52,30,Neutral,100.0,1,99.36171399299052,0.6382860070094836,0.0382739492276059,0.0382739492276059
68800,71,31,Neutral,100.0,1,93.56295673004719,6.4370432699528095,0.3859885139020689,0.3859885139020689
68800,12,32,Neutral,100.0,1,99.07459946752712,0.925400532472878,0.055490379870634,0.055490379870634
68800,65,33,Neutral,100.0,1,93.08579618307381,6.9142038169261895,0.41460079483525325,0.41460079483525325
68800,95,34,Neutral,100.0,1,93.26896571989747,6.731034280102534,0.4036172835637481,0.4036172835637481
68800,41,35,Neutral,100.0,1,102.1470347120481,-2.1470347120480966,-0.1287440060668843,0.1287440060668843
68800,21,36,Neutral,100.0,0,93.54040686129349,6.459593138706509,0.3873406860040581,0.3873406860040581
68800,19,37,Neutral,100.0,0,97.9655477849247,2.034452215075305,0.12199315029731751,0.12199315029731751
68800,4,38,Neutral,100.0,1,96.79781243373554,3.202187566264456,0.19201480681473831,0.19201480681473831
68800,78,39,Neutral,100.0,0,96.35961942472589,3.640380575274108,0.21829045251987453,0.21829045251987453
68800,119,40,Neutral,98.0,1,92.05663982367285,5.943360176327147,0.3563854810101458,0.3563854810101458
68800,89,41,Neutral,100.0,0,91.33600080753915,8.66399919246085,0.5195248862714581,0.5195248862714581
68800,53,42,Neutral,100.0,0,92.17432279534135,7.825677204658646,0.46925605248038543,0.46925605248038543
68800,97,43,Neutral,100.0,1,94.64758237708256,5.352417622917443,0.32095041735959834,0.32095041735959834
68800,37,44,Neutral,100.0,1,95.44329041337366,4.55670958662634,0.2732368710080313,0.2732368710080313
68800,46,45,Neutral,96.0,1,92.38099429922539,3.6190057007746077,0.2170087373446143,0.2170087373446143
68800,38,46,Neutral,100.0,0,92.94524472933875,7.054755270661246,0.4230287709228472,0.4230287709228472
68800,10,47,Neutral,99.0,0,95.17299071817345,3.827009281826548,0.22948138818282057,0.22948138818282057
68800,25,48,Neutral,100.0,0,97.43555922392952,2.5644407760704837,0.15377319098750922,0.15377319098750922
68800,86,49,Neutral,100.0,1,94.89065854380007,5.109341456199928,0.3063746867917669,0.3063746867917669
68800,45,50,Neutral,100.0,1,93.97816108776931,6.021838912230692,0.36109135129467845,0.36109135129467845
68800,127,51,Neutral,100.0,1,93.30420345005669,6.69579654994331,0.40150430116996333,0.40150430116996333
68800,1,52,Neutral,100.0,1,97.8105444935308,2.1894555064692014,0.13128771110512422,0.13128771110512422
68800,126,53,Neutral,100.0,1,94.82029839215453,5.179701607845473,0.31059373725214806,0.31059373725214806
68800,118,54,Neutral,96.0,0,95.90080583790676,0.09919416209324083,0.005948042541962228,0.005948042541962228
68800,9,55,Neutral,100.0,0,98.37934679230807,1.6206532076919302,0.09718025760485763,0.09718025760485763
68800,54,56,Neutral,100.0,1,96.69585530884402,3.304144691155983,0.19812852664979183,0.19812852664979183
68800,77,57,Neutral,100.0,1,93.00052735694052,6.999472643059477,0.41971382361276566,0.41971382361276566
68800,61,58,Neutral,100.0,1,91.78159416217899,8.21840583782101,0.49280548894117887,0.49280548894117887
68800,94,59,Neutral,100.0,1,101.57917047094075,-1.5791704709407526,-0.09469280191446033,0.09469280191446033
68800,34,60,Neutral,100.0,1,98.96233248479199,1.037667515208014,0.0622223162595783,0.0622223162595783
68800,104,61,Neutral,59.0,0,95.5792204167576,-36.57922041675759,-2.1934230261068275,2.1934230261068275
68800,44,62,Neutral,100.0,1,94.75559057574425,5.24440942425575,0.3144738531448961,0.3144738531448961
68800,42,63,Neutral,100.0,1,94.68328200970834,5.316717990291664,0.3188097376148473,0.3188097376148473
68800,122,64,Neutral,100.0,0,91.539909124259,8.460090875741002,0.5072978023693885,0.5072978023693885
68832,108,1,Neutral,88.0,1,75.13865808718602,12.861341912813984,0.7712128136354528,0.7712128136354528
68832,77,2,Neutral,71.0,1,76.51653896636714,-5.516538966367136,-0.3307917297138996,0.3307917297138996
68832,11,3,Neutral,66.0,1,85.08041025260178,-19.08041025260178,-1.144130758359428,1.144130758359428
68832,34,4,Neutral,81.0,1,82.52208325850722,-1.522083258507223,-0.09126964513798097,0.09126964513798097
68832,96,5,Neutral,65.0,1,69.89238980722273,-4.892389807222727,-0.2933654772734461,0.2933654772734461
68832,118,6,Neutral,84.0,0,78.59896082401269,5.401039175987307,0.3238659424269303,0.3238659424269303
68832,41,7,Neutral,84.0,1,84.48208888568212,-0.48208888568211705,-0.028907802037271207,0.028907802037271207
68832,89,8,Neutral,81.0,1,72.18415961436403,8.815840385635966,0.5286298361754549,0.5286298361754549
68832,85,9,Neutral,76.0,1,78.14352089115238,-2.1435208911523773,-0.12853330459281037,0.12853330459281037
68832,47,10,Neutral,88.0,0,80.92286191067012,7.077138089329878,0.4243709260944883,0.4243709260944883
68832,42,11,Neutral,88.0,1,78.06807612626913,9.931923873730867,0.595554259220936,0.595554259220936
68832,19,12,Neutral,86.0,0,79.6577019923925,6.342298007607496,0.3803072435612844,0.3803072435612844
68832,10,13,Neutral,86.0,1,76.06488868928693,9.935111310713069,0.5957453895291102,0.5957453895291102
68832,107,14,Neutral,72.0,0,77.4311744028004,-5.431174402800394,-0.32567296017186,0.32567296017186
68832,52,15,Neutral,89.0,1,81.12815903087254,7.871840969127462,0.4720241996088378,0.4720241996088378
68832,54,16,Neutral,85.0,1,77.85018826568921,7.149811734310788,0.4287287020250878,0.4287287020250878
68832,14,17,Neutral,86.0,1,79.22630613109075,6.773693868909248,0.4061753075813958,0.4061753075813958
68832,38,18,Neutral,81.0,0,73.57470771472056,7.42529228527944,0.44524751726649797,0.44524751726649797
68832,97,19,Neutral,77.0,1,76.80767989356211,0.1923201064378901,0.011532212689008866,0.011532212689008866
68832,71,20,Neutral,72.0,1,75.15444511077474,-3.154445110774745,-0.1891519956339391,0.1891519956339391
68832,25,21,Neutral,87.0,0,79.21519175997454,7.7848082400254555,0.46680540079731897,0.46680540079731897
68832,117,22,Neutral,88.0,0,77.84093552079281,10.159064479207188,0.6091744356090409,0.6091744356090409
68832,109,23,Neutral,80.0,1,75.45124030076767,4.548759699232335,0.2727601668610785,0.2727601668610785
68832,56,24,Neutral,91.0,1,84.37236770916849,6.627632290831514,0.3974169244082423,0.3974169244082423
68832,30,25,Neutral,78.0,1,79.00233984508556,-1.002339845085558,-0.060103940738655444,0.060103940738655444
68832,61,26,Neutral,92.0,1,73.77992251966708,18.220077480332918,1.0925420779198542,1.0925420779198542
68832,4,27,Neutral,77.0,1,78.38930081446311,-1.3893008144631125,-0.08330752711275188,0.08330752711275188
68832,45,28,Neutral,88.0,0,74.34518908741943,13.654810912580572,0.8187920992178398,0.8187920992178398
68832,122,29,Neutral,84.0,1,73.66945497461295,10.330545025387053,0.6194570325106409,0.6194570325106409
68832,12,30,Neutral,87.0,1,80.27243536965716,6.72756463034284,0.4034092307515577,0.4034092307515577
68832,33,31,Neutral,74.0,1,75.19404758631407,-1.1940475863140705,-0.07159943378368797,0.07159943378368797
68832,92,32,Neutral,82.0,1,79.33784618233297,2.6621538176670327,0.15963242016043655,0.15963242016043655
68832,59,33,Neutral,81.0,1,74.29345888800174,6.706541111998263,0.402148584168569,0.402148584168569
68832,43,34,Neutral,83.0,1,78.97393137680127,4.026068623198725,0.24141770989642844,0.24141770989642844
68832,24,35,Neutral,70.0,1,77.29188205561547,-7.291882055615474,-0.4372477549334252,0.4372477549334252
68832,126,36,Neutral,72.0,1,76.6742217586138,-4.674221758613797,-0.280283328011446,0.280283328011446
68832,95,37,Neutral,67.0,1,74.24810580058443,-7.248105800584426,-0.4346227715497488,0.4346227715497488
68832,127,38,Neutral,72.0,1,73.27757897110926,-1.2775789711092642,-0.0766082792627576,0.0766082792627576
68832,55,39,Neutral,87.0,1,81.84000114937334,5.159998850626664,0.30941228830738793,0.30941228830738793
68832,65,40,Neutral,75.0,1,73.8899796066063,1.1100203933936967,0.06656085784710966,0.06656085784710966
68832,39,41,Neutral,90.0,1,78.96481744367712,11.03518255632288,0.661709660308735,0.661709660308735
68832,119,42,Neutral,72.0,1,72.56783659534803,-0.5678365953480267,-0.0340495464121996,0.0340495464121996
68832,84,43,Neutral,84.0,1,77.59527656646587,6.40472343353413,0.38405049902386607,0.38405049902386607
68832,103,44,Neutral,64.0,1,74.8996155405863,-10.899615540586296,-0.6535805692425682,0.6535805692425682
68832,46,45,Neutral,64.0,1,73.49135187277818,-9.491351872778182,-0.5691359605109703,0.5691359605109703
68832,88,46,Neutral,60.0,0,74.07758913517165,-14.07758913517165,-0.8441434182946935,0.8441434182946935
68832,9,47,Neutral,93.0,0,79.32793520686941,13.672064793130588,0.8198267046155743,0.8198267046155743
68832,44,48,Neutral,63.0,1,74.77270526108543,-11.772705261085434,-0.7059342026710889,0.7059342026710889
68832,40,49,Neutral,86.0,1,81.22283951573635,4.777160484263646,0.28645590819620675,0.28645590819620675
68832,86,50,Neutral,85.0,1,75.95727695306427,9.042723046935734,0.5422345452930754,0.5422345452930754
68832,78,51,Neutral,69.0,1,76.43342455351491,-7.433424553514911,-0.4457351576316816,0.4457351576316816
68832,62,52,Neutral,76.0,0,70.87641956965264,5.12358043034736,0.3072285074420509,0.3072285074420509
68832,98,53,Neutral,60.0,1,71.25168763306998,-11.251687633069977,-0.6746920917327944,0.6746920917327944
68832,128,54,Neutral,65.0,0,73.72979643964833,-8.729796439648325,-0.5234703283938205,0.5234703283938205
68832,104,55,Neutral,63.0,1,75.24642178778988,-12.246421787789885,-0.7343399676295153,0.7343399676295153
68832,70,56,Neutral,68.0,1,72.9534858978075,-4.9534858978074965,-0.29702902095663375,0.29702902095663375
68832,53,57,Neutral,61.0,1,70.92300171631273,-9.923001716312726,-0.5950192542290161,0.5950192542290161
68832,74,58,Neutral,56.0,1,72.07595474269107,-16.075954742691067,-0.9639726844237497,0.9639726844237497
68832,21,59,Neutral,86.0,0,73.13308118290773,12.86691881709227,0.7715472250887045,0.7715472250887045
68832,1,60,Neutral,65.0,1,78.57098875277467,-13.570988752774667,-0.8137658178121253,0.8137658178121253
68832,93,61,Neutral,62.0,1,72.95551867158139,-10.955518671581387,-0.6569327241917187,0.6569327241917187
68832,87,62,Neutral,59.0,1,72.58216365890596,-13.582163658905955,-0.8144359058059012,0.8144359058059012
68832,37,63,Neutral,57.0,0,75.72260386544278,-18.722603865442778,-1.1226753867156105,1.1226753867156105
68832,94,64,Neutral,80.0,1,82.47083222305048,-2.470832223050479,-0.148160081869947,0.148160081869947
68850,31,1,Standard,100.0,1,96.8336465575781,3.1663534424218938,0.18986606248773696,0.18986606248773696
68850,81,2,Standard,100.0,0,97.35371632685192,2.6462836731480763,0.15868078860517315,0.15868078860517315
68850,111,3,Standard,100.0,0,98.9255089884302,1.0744910115698048,0.06443038695932211,0.06443038695932211
68850,90,4,Standard,100.0,1,99.45665782656626,0.5433421734337429,0.03258077183401443,0.03258077183401443
68850,67,5,Standard,100.0,1,99.36698361952958,0.6330163804704227,0.037957963264590014,0.037957963264590014
68850,36,6,Standard,100.0,1,94.8608686742794,5.139131325720598,0.3081609956580275,0.3081609956580275
68850,116,7,Standard,100.0,0,101.12699428187231,-1.1269942818723138,-0.06757867390243795,0.06757867390243795
68850,105,8,Standard,100.0,1,95.62542846313698,4.374571536863016,0.2623152114502446,0.2623152114502446
68850,17,9,Standard,100.0,1,104.04920208453264,-4.049202084532638,-0.24280487633095724,0.24280487633095724
68850,83,10,Standard,100.0,0,98.62677925472238,1.3732207452776208,0.08234330771138132,0.08234330771138132
68850,28,11,Standard,100.0,1,98.6169511513142,1.383048848685803,0.08293263651808792,0.08293263651808792
68850,91,12,Standard,100.0,1,95.3752788291739,4.624721170826106,0.2773150928270351,0.2773150928270351
68850,123,13,Standard,100.0,1,96.20110877109366,3.798891228906342,0.22779532751718057,0.22779532751718057
68850,64,14,Standard,100.0,1,97.38163589253676,2.6183641074632362,0.15700662995569095,0.15700662995569095
68850,29,15,Standard,100.0,0,100.3836589547248,-0.38365895472479394,-0.023005585572291796,0.023005585572291796
68850,113,16,Standard,100.0,1,102.25512524497705,-2.2551252449770516,-0.13522550734354666,0.13522550734354666
68850,35,17,Standard,100.0,0,102.50563270823928,-2.5056327082392755,-0.15024684546586625,0.15024684546586625
68850,101,18,Standard,100.0,0,100.96630986674319,-0.9663098667431882,-0.05794345226389069,0.05794345226389069
68850,110,19,Standard,100.0,1,93.63905109765014,6.360948902349861,0.3814256190083089,0.3814256190083089
68850,82,20,Standard,100.0,1,94.51150280250786,5.488497197492137,0.32911024331691197,0.32911024331691197
68850,75,21,Standard,100.0,1,92.80740000247482,7.192599997525178,0.43129444182796695,0.43129444182796695
68850,68,22,Standard,100.0,0,94.18222980163037,5.8177701983696295,0.34885464939695837,0.34885464939695837
68850,57,23,Standard,100.0,1,99.65013484276305,0.3498651572369482,0.020979186630353867,0.020979186630353867
68850,20,24,Standard,100.0,1,95.44888803688107,4.551111963118927,0.2729012171544841,0.2729012171544841
68850,58,25,Standard,100.0,1,98.376329283524,1.6236707164759991,0.09736119840056208,0.09736119840056208
68850,106,26,Standard,100.0,0,95.70514694965264,4.294853050347356,0.2575350012123651,0.2575350012123651
68850,32,27,Standard,100.0,1,97.47262390110686,2.527376098893143,0.1515506582093434,0.1515506582093434
68850,100,28,Standard,100.0,0,95.46749403659983,4.532505963400169,0.27178553377627396,0.27178553377627396
68850,72,29,Standard,100.0,1,95.80924871901611,4.190751280983889,0.25129268069873045,0.25129268069873045
68850,50,30,Standard,100.0,0,91.77131074241042,8.22868925758958,0.49342212017198467,0.49342212017198467
68850,73,31,Standard,100.0,1,93.99072130410727,6.009278695892732,0.3603381950651394,0.3603381950651394
68850,124,32,Standard,100.0,1,96.44185574390173,3.5581442560982737,0.21335926388306284,0.21335926388306284
68850,7,33,Standard,100.0,1,102.73620149288628,-2.7362014928862806,-0.16407258793889395,0.16407258793889395
68850,2,34,Standard,100.0,1,95.938879665025,4.061120334975001,0.2435195379517722,0.2435195379517722
68850,23,35,Standard,100.0,1,97.94114543378103,2.058854566218969,0.12345640397740786,0.12345640397740786
68850,76,36,Standard,100.0,0,93.38939909285587,6.610600907144132,0.3963956607311944,0.3963956607311944
68850,6,37,Standard,100.0,1,98.22833489637429,1.7716651036257076,0.10623547983166735,0.10623547983166735
68850,69,38,Standard,100.0,1,95.31551381833233,4.6844861816676655,0.280898820130183,0.280898820130183
68850,115,39,Standard,100.0,1,102.36274500320076,-2.3627450032007573,-0.14167877925755892,0.14167877925755892
68850,27,40,Standard,100.0,0,98.27898324281733,1.7210167571826673,0.10319842086603925,0.10319842086603925
68850,66,41,Standard,100.0,1,94.70323082208604,5.2967691779139585,0.31761353430831923,0.31761353430831923
68850,102,42,Standard,100.0,1,94.1602963961692,5.839703603830799,0.3501698561190083,0.3501698561190083
68850,63,43,Standard,100.0,1,93.66148233327914,6.338517666720861,0.3800805605797226,0.3800805605797226
68850,120,44,Standard,100.0,1,94.43096812251298,5.569031877487021,0.33393939548276835,0.33393939548276835
68850,3,45,Standard,100.0,0,98.62873202067738,1.3712679793226243,0.08222621276617782,0.08222621276617782
68850,8,46,Standard,100.0,0,100.61342668095547,-0.6134266809554703,-0.03678329367073158,0.03678329367073158
68850,18,47,Standard,100.0,0,97.8330770070014,2.166922992998593,0.1299365796889978,0.1299365796889978
68850,99,48,Standard,100.0,1,94.26912690422557,5.730873095774427,0.3436439832438064,0.3436439832438064
68850,125,49,Standard,24.0,0,91.47006241773676,-67.47006241773676,-4.045750204455742,4.045750204455742
68850,48,50,Standard,100.0,1,103.10409344593964,-3.1040934459396397,-0.18613272677599654,0.18613272677599654
68850,60,51,Standard,100.0,0,97.15752581975624,2.842474180243755,0.17044508458700044,0.17044508458700044
68850,49,52,Standard,100.0,0,98.6318358119442,1.3681641880558004,0.08204009815916005,0.08204009815916005
68850,22,53,Standard,100.0,1,103.41797648555577,-3.4179764855557693,-0.2049542948344294,0.2049542948344294
68850,13,54,Standard,100.0,1,94.88549495932017,5.1145050406798305,0.30668431408743985,0.30668431408743985
68850,121,55,Standard,100.0,1,97.10810298879053,2.8918970112094655,0.17340865718970994,0.17340865718970994
68850,26,56,Standard,100.0,1,103.73811192287832,-3.7381119228783177,-0.22415077938756575,0.22415077938756575
68850,51,57,Standard,100.0,1,94.82741571098425,5.172584289015745,0.31016695694279744,0.31016695694279744
68850,16,58,Standard,29.0,0,95.522049967369,-66.522049967369,-3.988903931791058,3.988903931791058
68850,15,59,Standard,100.0,1,99.10009864875559,0.8999013512444094,0.05396135627154791,0.05396135627154791
68850,5,60,Standard,100.0,1,93.36390082190502,6.63609917809498,0.3979246297467254,0.3979246297467254
68850,114,61,Standard,100.0,0,94.28265878052818,5.71734121947182,0.3428325627506848,0.3428325627506848
68850,112,62,Standard,100.0,1,95.36607262538644,4.633927374613563,0.2778671302718022,0.2778671302718022
68850,80,63,Standard,100.0,1,98.63362843268591,1.36637156731409,0.08193260610309254,0.08193260610309254
68850,79,64,Standard,100.0,1,95.40105505771076,4.598944942289236,0.27576945646423656,0.27576945646423656
68881,64,1,Standard,100.0,1,96.97554042289052,3.024459577109482,0.18135759052213535,0.18135759052213535
68881,17,2,Standard,100.0,1,103.38067162915469,-3.3806716291546905,-0.20271736003692756,0.20271736003692756
68881,29,3,Standard,100.0,1,99.93382432078994,0.06617567921006184,0.003968134282083063,0.003968134282083063
68881,63,4,Standard,100.0,1,94.73374384008625,5.266256159913752,0.31578386283049287,0.31578386283049287
68881,51,5,Standard,100.0,0,96.12714764859399,3.87285235140601,0.2322303052799423,0.2322303052799423
68881,123,6,Standard,0.0,1,96.38534832571818,-96.38534832571818,-5.779615858081683,5.779615858081683
68881,112,7,Standard,76.0,0,96.79702205586202,-20.797022055862016,-1.2470650421757346,1.2470650421757346
68881,125,8,Standard,100.0,1,92.28866354817171,7.711336451828288,0.46239976529812493,0.46239976529812493
68881,60,9,Standard,74.0,1,98.36100481942921,-24.361004819429212,-1.4607744041903192,1.4607744041903192
68881,58,10,Standard,100.0,1,98.91048215245742,1.0895178475425809,0.06533145066862735,0.06533145066862735
68881,3,11,Standard,100.0,1,99.14115900109206,0.8588409989079366,0.05149922828607506,0.05149922828607506
68881,83,12,Standard,100.0,1,97.56459632074692,2.435403679253085,0.14603565759678677,0.14603565759678677
68881,105,13,Standard,100.0,0,95.28479804629809,4.715201953701907,0.28274064947692573,0.28274064947692573
68881,100,14,Standard,81.0,0,95.1051377312422,-14.105137731242195,-0.845795332257583,0.845795332257583
68881,23,15,Standard,100.0,0,98.18236281910445,1.8176371808955452,0.10899213269886267,0.10899213269886267
68881,48,16,Standard,100.0,1,103.61652042635431,-3.616520426354313,-0.21685971125609843,0.21685971125609843
68881,18,17,Standard,100.0,0,98.51168603521099,1.4883139647890147,0.08924471553114469,0.08924471553114469
68881,81,18,Standard,100.0,0,95.67918509283584,4.320814907164163,0.25909176852161003,0.25909176852161003
68881,27,19,Standard,100.0,0,98.5639397924294,1.4360602075706055,0.0861113902995619,0.0861113902995619
68881,121,20,Standard,75.0,0,98.00540783844319,-23.00540783844319,-1.3794878814503904,1.3794878814503904
68881,6,21,Standard,100.0,1,98.80622692959633,1.1937730704036653,0.07158297281180133,0.07158297281180133
68881,36,22,Standard,100.0,0,94.03910745026575,5.960892549734254,0.357436785851947,0.357436785851947
68881,72,23,Standard,100.0,1,95.94974910935201,4.0502508906479875,0.24286776655817147,0.24286776655817147
68881,90,24,Standard,100.0,1,97.60716993539572,2.392830064604283,0.14348278890217397,0.14348278890217397
68881,75,25,Standard,100.0,0,92.51050874992457,7.489491250075432,0.4490971205667159,0.4490971205667159
68881,16,26,Standard,100.0,0,96.79976862920887,3.20023137079113,0.19189750622314905,0.19189750622314905
68881,8,27,Standard,100.0,0,100.8109049019903,-0.8109049019902983,-0.04862480566134717,0.04862480566134717
68881,99,28,Standard,100.0,1,94.51034428954901,5.4896557104509895,0.3291797119652604,0.3291797119652604
68881,106,29,Standard,100.0,1,94.59922485138856,5.400775148611444,0.3238501103857019,0.3238501103857019
68881,116,30,Standard,100.0,0,99.4874276027853,0.5125723972146972,0.03073570420003909,0.03073570420003909
68881,110,31,Standard,100.0,1,92.99224653079096,7.007753469209035,0.42021037205050404,0.42021037205050404
68881,124,32,Standard,100.0,1,95.80828984345285,4.1917101565471455,0.25135017836313267,0.25135017836313267
68881,35,33,Standard,100.0,1,100.83110147422319,-0.831101474223189,-0.04983586554942936,0.04983586554942936
68881,114,34,Standard,100.0,0,94.83005031587192,5.169949684128085,0.3100089764566239,0.3100089764566239
68881,57,35,Standard,100.0,1,98.49169897085079,1.5083010291492087,0.09044321256559337,0.09044321256559337
68881,115,36,Standard,100.0,1,101.51925789066837,-1.5192578906683707,-0.09110022581180743,0.09110022581180743
68881,20,37,Standard,100.0,1,94.2467130006802,5.753286999319798,0.3449880023776541,0.3449880023776541
68881,15,38,Standard,100.0,1,99.04391649341827,0.9560835065817344,0.05733024253454615,0.05733024253454615
68881,73,39,Standard,100.0,0,92.66610338440009,7.333896615599912,0.43976710067813096,0.43976710067813096
68881,120,40,Standard,100.0,0,93.6312201742692,6.3687798257307975,0.3818951896405894,0.3818951896405894
68881,101,41,Standard,100.0,0,98.98560448270682,1.0143955172931811,0.06082684266806022,0.06082684266806022
68881,111,42,Standard,100.0,0,96.24497697577596,3.7550230242240445,0.22516483049816707,0.22516483049816707
68881,113,43,Standard,100.0,1,100.0994632037862,-0.09946320378620044,-0.0059641752598713835,0.0059641752598713835
68881,50,44,Standard,100.0,0,90.18425783697157,9.815742163028432,0.5885875815125597,0.5885875815125597
68881,69,45,Standard,100.0,1,94.88740507291621,5.112594927083791,0.3065697767327259,0.3065697767327259
68881,66,46,Standard,100.0,0,93.50983039524472,6.49016960475528,0.38917416205751776,0.38917416205751776
68881,22,47,Standard,100.0,1,102.70570686588923,-2.7057068658892263,-0.16224401925247012,0.16224401925247012
68881,7,48,Standard,100.0,1,101.10540942315882,-1.105409423158818,-0.06628436731038836,0.06628436731038836
68881,49,49,Standard,100.0,0,98.12948740436117,1.8705125956388287,0.11216273477543767,0.11216273477543767
68881,102,50,Standard,100.0,0,93.17681718141142,6.8231828185885774,0.40914284490252345,0.40914284490252345
68881,80,51,Standard,100.0,1,98.52493250370043,1.4750674962995731,0.08845040912799267,0.08845040912799267
68881,13,52,Standard,100.0,0,93.99826868249916,6.001731317500841,0.35988562682112263,0.35988562682112263
68881,28,53,Standard,100.0,0,96.65797165579656,3.3420283442034417,0.20040016819820686,0.20040016819820686
68881,31,54,Standard,100.0,0,93.54076624488326,6.459233755116742,0.38731913605761253,0.38731913605761253
68881,5,55,Standard,100.0,0,92.60789203794985,7.392107962050147,0.443257664616616,0.443257664616616
68881,82,56,Standard,100.0,0,92.81495829272191,7.1850417072780886,0.4308412192694465,0.4308412192694465
68881,91,57,Standard,100.0,0,93.28508184079041,6.714918159209589,0.40265090237094625,0.40265090237094625
68881,26,58,Standard,100.0,1,102.67592898890285,-2.6759289889028537,-0.1604584295021603,0.1604584295021603
68881,2,59,Standard,100.0,0,94.72346596241383,5.276534037586174,0.3164001617370675,0.3164001617370675
68881,67,60,Standard,100.0,1,96.83939498825995,3.1606050117400457,0.18952136568780822,0.18952136568780822
68881,32,61,Standard,100.0,0,95.0107877098957,4.989212290104305,0.2991713053085344,0.2991713053085344
68881,68,62,Standard,100.0,1,91.45795862468752,8.542041375312479,0.5122118522237338,0.5122118522237338
68881,76,63,Standard,100.0,1,91.23373705166502,8.766262948334983,0.5256569928148697,0.5256569928148697
68881,79,64,Standard,100.0,1,95.27912046231498,4.720879537685022,0.283081098051262,0.283081098051262
68882,74,1,Neutral,100.0,0,80.64568114435733,19.354318855642674,1.1605553138888678,1.1605553138888678
68882,9,2,Neutral,100.0,0,87.37279163707228,12.627208362927718,0.7571733148803236,0.7571733148803236
68882,24,3,Neutral,78.0,1,84.76812935006636,-6.76812935006636,-0.40584163880387303,0.40584163880387303
68882,86,4,Neutral,100.0,1,84.04587254755576,15.95412745244424,0.9566674772435231,0.9566674772435231
68882,89,5,Neutral,100.0,1,78.39197114444508,21.60802885555492,1.2956959579937406,1.2956959579937406
68882,78,6,Neutral,85.0,1,84.47828098371781,0.5217190162821908,0.031284168728399495,0.031284168728399495
68882,104,7,Neutral,100.0,0,83.4224957108586,16.5775042891414,0.9940474184225535,0.9940474184225535
68882,128,8,Neutral,80.0,1,81.81839203413983,-1.8183920341398334,-0.1090373964433736,0.1090373964433736
68882,59,9,Neutral,86.0,1,81.4197928681437,4.580207131856298,0.27464586923645623,0.27464586923645623
68882,70,10,Neutral,100.0,1,81.04208149229899,18.95791850770101,1.1367857080627775,1.1367857080627775
68882,30,11,Neutral,73.0,0,85.69128218234137,-12.691282182341368,-0.7610154140084976,0.7610154140084976
68882,55,12,Neutral,100.0,1,89.09755262238114,10.902447377618856,0.6537503764851127,0.6537503764851127
68882,47,13,Neutral,68.0,1,86.86823845501948,-18.86823845501948,-1.131408166106087,1.131408166106087
68882,1,14,Neutral,76.0,1,86.65958434726618,-10.659584347266176,-0.6391874263484933,0.6391874263484933
68882,54,15,Neutral,94.0,1,83.97052146719302,10.029478532806976,0.601403991202198,0.601403991202198
68882,10,16,Neutral,86.0,1,82.01026523363629,3.9897347663637106,0.23923899976260943,0.23923899976260943
68882,97,17,Neutral,100.0,1,82.97175225935456,17.02824774064544,1.021075634282039,1.021075634282039
68882,46,18,Neutral,85.0,0,80.748903345786,4.251096654213995,0.2549112086403835,0.2549112086403835
68882,122,19,Neutral,100.0,0,80.1834406547143,19.816559345285697,1.1882729339482996,1.1882729339482996
68882,127,20,Neutral,78.0,1,80.14147796551954,-2.1414779655195417,-0.12841080334558225,0.12841080334558225
68882,39,21,Neutral,100.0,1,85.91619476666462,14.083805233335383,0.8445161581368643,0.8445161581368643
68882,108,22,Neutral,100.0,0,80.2967296743403,19.7032703256597,1.181479712512151,1.181479712512151
68882,21,23,Neutral,100.0,0,80.7842851345131,19.215714865486902,1.1522441147967548,1.1522441147967548
68882,107,24,Neutral,23.0,0,83.07037679712946,-60.070376797129455,-3.6020381558863286,3.6020381558863286
68882,37,25,Neutral,79.0,0,83.46128614562537,-4.461286145625365,-0.2675149346097914,0.2675149346097914
68882,42,26,Neutral,100.0,1,83.4885826991551,16.511417300844897,0.9900846023700497,0.9900846023700497
68882,25,27,Neutral,100.0,0,85.02935081145806,14.970649188541941,0.897694545476759,0.897694545476759
68882,85,28,Neutral,100.0,1,83.3890708068839,16.610929193116107,0.9960516971684708,0.9960516971684708
68882,71,29,Neutral,26.0,1,80.83738666939242,-54.837386669392416,-3.2882490452712267,3.2882490452712267
68882,11,30,Neutral,100.0,1,89.97604685402439,10.02395314597561,0.6010726689223357,0.6010726689223357
68882,103,31,Neutral,33.0,1,81.54481871355351,-48.54481871355351,-2.9109237963887775,2.9109237963887775
68882,52,32,Neutral,100.0,1,86.4611872751813,13.538812724818698,0.8118364262121078,0.8118364262121078
68882,77,33,Neutral,23.0,0,81.23721891063528,-58.23721891063528,-3.492115345260118,3.492115345260118
68882,98,34,Neutral,100.0,0,78.15932579176888,21.84067420823112,1.3096462190343765,1.3096462190343765
68882,40,35,Neutral,100.0,1,87.91178185299216,12.088218147007836,0.7248535022387355,0.7248535022387355
68882,56,36,Neutral,100.0,1,89.92409177492033,10.075908225079672,0.604188084328451,0.604188084328451
68882,43,37,Neutral,100.0,1,84.91930792115065,15.080692078849353,0.9042931171988903,0.9042931171988903
68882,92,38,Neutral,74.0,0,85.15200523381648,-11.152005233816482,-0.6687147727159017,0.6687147727159017
68882,62,39,Neutral,34.0,1,77.52162274261984,-43.52162274261984,-2.6097147060428987,2.6097147060428987
68882,14,40,Neutral,100.0,1,84.2968993896678,15.7031006103322,0.9416149952773631,0.9416149952773631
68882,88,41,Neutral,84.0,1,80.37287899382994,3.627121006170057,0.2174953605562482,0.2174953605562482
68882,19,42,Neutral,33.0,0,84.42212110094924,-51.42212110094924,-3.083457306881382,3.083457306881382
68882,44,43,Neutral,96.0,1,81.06799511974373,14.932004880256272,0.8953772922751865,0.8953772922751865
68882,61,44,Neutral,100.0,0,79.06921159968722,20.930788400312778,1.2550861584459443,1.2550861584459443
68882,119,45,Neutral,26.0,1,78.51321313969738,-52.513213139697385,-3.148883151777072,3.148883151777072
68882,95,46,Neutral,100.0,1,79.9310473592021,20.068952640797903,1.203407353427558,1.203407353427558
68882,84,47,Neutral,68.0,1,83.49691394652663,-15.496913946526632,-0.9292512934019647,0.9292512934019647
68882,38,48,Neutral,100.0,1,78.33912682327731,21.66087317672269,1.2988646955864989,1.2988646955864989
68882,34,49,Neutral,100.0,1,86.63041490273476,13.369585097265244,0.8016889225009809,0.8016889225009809
68882,53,50,Neutral,83.0,1,77.30576990354824,5.694230096451761,0.3414467358026572,0.3414467358026572
68882,41,51,Neutral,100.0,1,88.63415969419826,11.36584030580174,0.681537100948649,0.681537100948649
68882,94,52,Neutral,100.0,1,89.07229623172908,10.927703768270916,0.6552648414786642,0.6552648414786642
68882,118,53,Neutral,76.0,1,82.61981413966299,-6.619814139662992,-0.39694811964424676,0.39694811964424676
68882,93,54,Neutral,29.0,1,79.33828685881691,-50.338286858816915,-3.0184666658537513,3.0184666658537513
68882,12,55,Neutral,100.0,1,85.25555029965699,14.744449700343012,0.8841308019016823,0.8841308019016823
68882,126,56,Neutral,100.0,1,81.87603251005669,18.12396748994331,1.0867789735245812,1.0867789735245812
68882,4,57,Neutral,59.0,0,83.15371992301986,-24.153719923019864,-1.448344848295789,1.448344848295789
68882,96,58,Neutral,100.0,1,73.65080813714134,26.34919186285866,1.5799933266162216,1.5799933266162216
68882,45,59,Neutral,80.0,1,79.06586903168755,0.934130968312445,0.05601388853977124,0.05601388853977124
68882,33,60,Neutral,21.0,0,80.00220585915943,-59.00220585915943,-3.537986743514286,3.537986743514286
68882,65,61,Neutral,85.0,0,79.0480511937606,5.9519488062394,0.35690048648039946,0.35690048648039946
68882,109,62,Neutral,100.0,1,79.82200693072687,20.17799306927313,1.2099458138941606,1.2099458138941606
68882,87,63,Neutral,86.0,1,78.61501853183256,7.384981468167439,0.4428303341377362,0.4428303341377362
68882,117,64,Neutral,100.0,0,82.08048465788617,17.919515342113826,1.0745192795322853,1.0745192795322853
68896,101,1,Standard,81.0,1,86.10895600603533,-5.108956006035328,-0.3063515737987392,0.3063515737987392
68896,116,2,Standard,75.0,1,85.74477044970106,-10.744770449701065,-0.6442954947123392,0.6442954947123392
68896,23,3,Standard,68.0,0,83.7398790374024,-15.739879037402403,-0.943820363458551,0.943820363458551
68896,82,4,Standard,68.0,1,79.61040977751138,-11.610409777511379,-0.6962023755121537,0.6962023755121537
68896,80,5,Standard,91.0,1,85.56958030781125,5.4304196921887495,0.32562770498012084,0.32562770498012084
68896,6,6,Standard,100.0,1,83.98332933570704,16.01667066429296,0.9604177955781591,0.9604177955781591
68896,105,7,Standard,100.0,1,80.06824797381125,19.931752026188747,1.195180305834661,1.195180305834661
68896,114,8,Standard,100.0,0,80.99991483421046,19.000085165789542,1.1393141741626998,1.1393141741626998
68896,67,9,Standard,100.0,1,83.59110730876081,16.40889269123919,0.9839368540886578,0.9839368540886578
68896,63,10,Standard,100.0,1,79.50395510118909,20.496044898810908,1.2290173577503543,1.2290173577503543
68896,48,11,Standard,94.0,1,89.2090011995813,4.790998800418706,0.2872857039368275,0.2872857039368275
68896,75,12,Standard,75.0,0,77.60013282745804,-2.60013282745804,-0.15591341613365775,0.15591341613365775
68896,2,13,Standard,83.0,0,81.25648246147159,1.7435175385284083,0.1045476495086085,0.1045476495086085
68896,58,14,Standard,86.0,1,83.25654043708444,2.743459562915561,0.16450780820181748,0.16450780820181748
68896,121,15,Standard,73.0,1,83.2567499067208,-10.256749906720799,-0.6150320089411747,0.6150320089411747
68896,28,16,Standard,96.0,0,82.7973356762568,13.202664323743207,0.791679746143273,0.791679746143273
68896,76,17,Standard,61.0,1,78.61952356072523,-17.619523560725227,-1.0565306818135896,1.0565306818135896
68896,35,18,Standard,84.0,1,86.86097389033633,-2.860973890336325,-0.17155439445284862,0.17155439445284862
68896,115,19,Standard,100.0,1,87.63660863535873,12.363391364641274,0.741353888656172,0.741353888656172
68896,73,20,Standard,61.0,1,78.8709324576677,-17.870932457667706,-1.0716060731761985,1.0716060731761985
68896,125,21,Standard,67.0,0,77.09383936420363,-10.093839364203632,-0.6052633006121966,0.6052633006121966
68896,79,22,Standard,66.0,0,81.63718030421828,-15.637180304218276,-0.9376621740944369,0.9376621740944369
68896,17,23,Standard,95.0,1,87.8359341308777,7.164065869122297,0.4295834317639007,0.4295834317639007
68896,50,24,Standard,87.0,1,76.43282607452778,10.567173925472218,0.6336461615345977,0.6336461615345977
68896,106,25,Standard,59.0,0,80.14796646032694,-21.14796646032694,-1.268108944393073,1.268108944393073
68896,27,26,Standard,61.0,0,83.29041188924361,-22.290411889243614,-1.3366141252390908,1.3366141252390908
68896,113,27,Standard,93.0,1,86.17307478418795,6.826925215812054,0.40936725264411244,0.40936725264411244
68896,81,28,Standard,80.0,0,80.61557840173361,-0.6155784017336146,-0.03691231867035602,0.03691231867035602
68896,83,29,Standard,56.0,0,82.19481547962437,-26.194815479624367,-1.5707363575005522,1.5707363575005522
68896,112,30,Standard,100.0,1,81.16480622900781,18.83519377099219,1.1294266867303626,1.1294266867303626
68896,69,31,Standard,68.0,1,80.0207683147383,-12.020768314738305,-0.7208089651075051,0.7208089651075051
68896,57,32,Standard,63.0,1,83.65556271055118,-20.65556271055118,-1.2385826256089607,1.2385826256089607
68896,15,33,Standard,63.0,0,84.63639726664525,-21.636397266645247,-1.2973970310453435,1.2973970310453435
68896,49,34,Standard,63.0,0,83.81822111552493,-20.818221115524935,-1.2483362148542851,1.2483362148542851
68896,72,35,Standard,62.0,1,79.9458940796701,-17.945894079670097,-1.0761010445260808,1.0761010445260808
68896,36,36,Standard,61.0,1,77.94777409200663,-16.947774092006625,-1.016250141778149,1.016250141778149
68896,91,37,Standard,90.0,0,78.68088006834418,11.31911993165582,0.6787355774806136,0.6787355774806136
68896,102,38,Standard,58.0,0,78.73433339970933,-20.734333399709328,-1.243306002471925,1.243306002471925
68896,123,39,Standard,68.0,1,79.46297084597535,-11.462970845975349,-0.6873614012187933,0.6873614012187933
68896,29,40,Standard,65.0,1,83.6892601938951,-18.689260193895095,-1.1206759789613072,1.1206759789613072
68896,16,41,Standard,65.0,0,80.66469610666113,-15.664696106661125,-0.9393121216322007,0.9393121216322007
68896,124,42,Standard,64.0,1,80.40354444740126,-16.40354444740126,-0.9836161539466183,0.9836161539466183
68896,111,43,Standard,85.0,0,81.57502276327126,3.4249772367287363,0.20537408532334303,0.20537408532334303
68896,26,44,Standard,100.0,1,88.66206224072738,11.33793775927262,0.6798639628296106,0.6798639628296106
68896,100,45,Standard,76.0,1,79.12300859007904,-3.1230085900790385,-0.18726694757744589,0.18726694757744589
68896,60,46,Standard,100.0,1,81.775301987585,18.224698012415004,1.0928191418196924,1.0928191418196924
68896,64,47,Standard,97.0,0,80.33732381739813,16.66267618260187,0.9991546347646417,0.9991546347646417
68896,31,48,Standard,100.0,1,79.17698618239886,20.823013817601137,1.2486236026928295,1.2486236026928295
68896,22,49,Standard,100.0,1,87.99201348909591,12.00798651090409,0.7200425216861931,0.7200425216861931
68896,99,50,Standard,76.0,1,78.58072892203404,-2.580728922034041,-0.15474988742887702,0.15474988742887702
68896,18,51,Standard,83.0,1,82.05720069623261,0.9427993037673872,0.05653367344410392,0.05653367344410392
68896,66,52,Standard,89.0,1,78.62118036129695,10.37881963870305,0.6223517538091626,0.6223517538091626
68896,20,53,Standard,70.0,1,78.57953261889692,-8.57953261889692,-0.5144599634742901,0.5144599634742901
68896,5,54,Standard,93.0,1,78.02541615402238,14.97458384597762,0.8979304818395609,0.8979304818395609
68896,3,55,Standard,100.0,1,82.59042072417691,17.40957927582309,1.0439416593178308,1.0439416593178308
68896,7,56,Standard,100.0,1,86.1292810606338,13.8707189393662,0.8317387293558601,0.8317387293558601
68896,32,57,Standard,100.0,1,80.55952931883408,19.44047068116592,1.1657212905196124,1.1657212905196124
68896,120,58,Standard,74.0,1,78.21770016885804,-4.217700168858045,-0.252908633978152,0.252908633978152
68896,51,59,Standard,74.0,0,79.1390177287927,-5.139017728792695,-0.30815418397329175,0.30815418397329175
68896,90,60,Standard,100.0,1,81.40634497278948,18.593655027210517,1.1149431456304837,1.1149431456304837
68896,110,61,Standard,99.0,0,76.20108654391397,22.798913456086026,1.3671057276520437,1.3671057276520437
68896,8,62,Standard,100.0,0,84.3126803987233,15.687319601276698,0.9406687086085067,0.9406687086085067
68896,13,63,Standard,94.0,0,78.89092282710831,15.109077172891688,0.90599519062094,0.90599519062094
68896,68,64,Standard,72.0,1,76.7442652478942,-4.744265247894205,-0.2844833902453074,0.2844833902453074
68906,34,1,Neutral,73.0,1,68.80556642465262,4.194433575347375,0.25151348445435323,0.25151348445435323
68906,38,2,Neutral,55.0,0,62.13239120487017,-7.132391204870167,-0.42768410375408356,0.42768410375408356
68906,126,3,Neutral,31.0,1,64.26987985341765,-33.26987985341765,-1.9949829360732578,1.9949829360732578
68906,70,4,Neutral,25.0,0,61.38018811409503,-36.38018811409503,-2.1814883257325373,2.1814883257325373
68906,9,5,Neutral,76.0,0,67.82892825357118,8.171071746428822,0.48996716475612034,0.48996716475612034
68906,59,6,Neutral,41.0,0,62.138364470374285,-21.138364470374285,-1.2675331741711098,1.2675331741711098
68906,108,7,Neutral,55.0,0,62.73407996298609,-7.734079962986087,-0.4637635489025776,0.4637635489025776
68906,1,8,Neutral,70.0,1,66.9976909690622,3.002309030937795,0.18002936325374985,0.18002936325374985
68906,94,9,Neutral,71.0,1,71.02875193220386,-0.02875193220386052,-0.001724070371716255,0.001724070371716255
68906,93,10,Neutral,78.0,0,63.044072911832544,14.955927088167456,0.8968117548216783,0.8968117548216783
68906,97,11,Neutral,70.0,1,63.30985888115059,6.690141118849411,0.4011651809633928,0.4011651809633928
68906,39,12,Neutral,74.0,1,66.3855188813265,7.6144811186734955,0.4565919674412399,0.4565919674412399
68906,4,13,Neutral,39.0,1,65.15391478778328,-26.15391478778328,-1.568283803338768,1.568283803338768
68906,128,14,Neutral,80.0,0,63.33721987272472,16.662780127275283,0.9991608676651111,0.9991608676651111
68906,40,15,Neutral,84.0,1,68.8622367748288,15.137763225171199,0.9077153105929108,0.9077153105929108
68906,14,16,Neutral,73.0,1,65.42231096865892,7.57768903134108,0.4543857801410731,0.4543857801410731
68906,45,17,Neutral,69.0,0,62.684176756125964,6.315823243874036,0.3787197204888379,0.3787197204888379
68906,88,18,Neutral,25.0,1,63.16014259678466,-38.16014259678466,-2.288220866865779,2.288220866865779
68906,92,19,Neutral,70.0,1,66.05872099136451,3.9412790086354903,0.23633341638664873,0.23633341638664873
68906,25,20,Neutral,70.0,0,65.9228790708431,4.077120929156905,0.24447899174302634,0.24447899174302634
68906,118,21,Neutral,67.0,0,64.6068215062634,2.393178493736599,0.14350368197952995,0.14350368197952995
68906,47,22,Neutral,75.0,0,67.06194008578669,7.938059914213312,0.47599492827010986,0.47599492827010986
68906,54,23,Neutral,75.0,1,65.40187097720069,9.598129022799313,0.5755387065741727,0.5755387065741727
68906,11,24,Neutral,73.0,1,70.31415347582042,2.6858465241795813,0.16105312096880062,0.16105312096880062
68906,104,25,Neutral,73.0,0,64.4164535779801,8.583546422019893,0.5147006457002065,0.5147006457002065
68906,96,26,Neutral,17.0,0,56.83172421869357,-39.83172421869357,-2.3884549773180708,2.3884549773180708
68906,95,27,Neutral,34.0,0,60.83776311675014,-26.83776311675014,-1.6092898350155236,1.6092898350155236
68906,122,28,Neutral,26.0,0,60.37714228548151,-34.37714228548151,-2.0613784165335054,2.0613784165335054
68906,19,29,Neutral,96.0,0,65.57808434606598,30.421915653934022,1.8242086499757466,1.8242086499757466
68906,119,30,Neutral,73.0,1,59.75665471339136,13.243345286608637,0.7941191245569352,0.7941191245569352
68906,85,31,Neutral,60.0,0,63.33352495008239,-3.333524950082392,-0.19989027377583618,0.19989027377583618
68906,56,32,Neutral,74.0,1,70.17472006813911,3.8252799318608908,0.22937769007248215,0.22937769007248215
68906,44,33,Neutral,70.0,0,63.286649586946446,6.713350413053554,0.40255689461248234,0.40255689461248234
68906,61,34,Neutral,64.0,1,60.093957351938094,3.9060426480619057,0.23422051611819752,0.23422051611819752
68906,117,35,Neutral,61.0,0,63.936274531620754,-2.9362745316207537,-0.17606969463125838,0.17606969463125838
68906,37,36,Neutral,67.0,1,63.05582697451493,3.944173025485071,0.23650695215705306,0.23650695215705306
68906,55,37,Neutral,79.0,1,68.07974515123009,10.920254848769915,0.6548181771876551,0.6548181771876551
68906,10,38,Neutral,70.0,1,62.82926644360333,7.170733556396669,0.42998325053072683,0.42998325053072683
68906,78,39,Neutral,70.0,1,63.62224267155824,6.37775732844176,0.3824335133374537,0.3824335133374537
68906,84,40,Neutral,67.0,1,63.87875973261127,3.1212402673887283,0.1871609125208667,0.1871609125208667
68906,30,41,Neutral,65.0,1,64.45477888974727,0.5452211102527258,0.03269343971584465,0.03269343971584465
68906,86,42,Neutral,71.0,0,62.459455940652724,8.540544059347276,0.5121220677155345,0.5121220677155345
68906,42,43,Neutral,73.0,0,62.820688542312986,10.179311457687014,0.6103885180389222,0.6103885180389222
68906,12,44,Neutral,8.0,1,65.8123527428961,-57.812352742896095,-3.4666388254022493,3.4666388254022493
68906,33,45,Neutral,75.0,0,60.733964959553,14.266035040447,0.8554433197988038,0.8554433197988038
68906,98,46,Neutral,63.0,1,58.22180992967023,4.778190070329771,0.28651764591940226,0.28651764591940226
68906,109,47,Neutral,72.0,0,60.55376603112044,11.446233968879561,0.6863577972275448,0.6863577972275448
68906,53,48,Neutral,59.0,0,59.17451105644202,-0.17451105644202158,-0.010464317313192428,0.010464317313192428
68906,127,49,Neutral,65.0,0,60.65430502546627,4.345694974533728,0.26058366780316206,0.26058366780316206
68906,41,50,Neutral,91.0,1,68.75357049455123,22.246429505448774,1.3339767816254342,1.3339767816254342
68906,87,51,Neutral,73.0,1,60.92115132761249,12.078848672387508,0.72429167448132,0.72429167448132
68906,43,52,Neutral,67.0,0,64.33889209288576,2.6611079071142427,0.1595697035616791,0.1595697035616791
68906,107,53,Neutral,0.0,0,61.87761266882394,-61.87761266882394,-3.710406588275471,3.710406588275471
68906,71,54,Neutral,80.0,0,59.819579198241385,20.180420801758615,1.2100913895590935,1.2100913895590935
68906,74,55,Neutral,78.0,0,60.0650290970887,17.934970902911303,1.0754460511405466,1.0754460511405466
68906,21,56,Neutral,81.0,0,59.92824682235353,21.07175317764647,1.263538918918994,1.263538918918994
68906,52,57,Neutral,54.0,0,65.44337980403026,-11.443379804030258,-0.6861866511279439,0.6861866511279439
68906,46,58,Neutral,69.0,0,59.075008410305756,9.924991589694244,0.5951385742704038,0.5951385742704038
68906,24,59,Neutral,100.0,0,62.906090259268645,37.093909740731355,2.224285668930627,2.224285668930627
68906,103,60,Neutral,79.0,0,60.86373705854841,18.13626294145159,1.0875162534924805,1.0875162534924805
68906,65,61,Neutral,69.0,1,59.12372282982493,9.876277170175072,0.5922174805931907,0.5922174805931907
68906,77,62,Neutral,54.0,1,60.044454782329794,-6.044454782329794,-0.3624474810772609,0.3624474810772609
68906,89,63,Neutral,0.0,0,57.636362440021976,-57.636362440021976,-3.4560858070957474,3.4560858070957474
68906,62,64,Neutral,68.0,1,57.015497744769185,10.984502255230815,0.6586706852261923,0.6586706852261923
68939,102,1,Standard,100.0,0,92.32454508620654,7.675454913793459,0.4602481778437989,0.4602481778437989
68939,79,2,Standard,100.0,1,95.50719114440983,4.4928088555901695,0.26940515088816824,0.26940515088816824
68939,69,3,Standard,100.0,1,94.24069246923878,5.75930753076122,0.34534901532824624,0.34534901532824624
68939,80,4,Standard,100.0,1,97.58518207991834,2.41481792008166,0.14480126064512816,0.14480126064512816
68939,51,5,Standard,100.0,0,93.47279520819636,6.527204791803641,0.3913949265003497,0.3913949265003497
68939,2,6,Standard,100.0,1,94.55788416591116,5.442115834088838,0.32632904816534947,0.32632904816534947
68939,114,7,Standard,67.0,0,93.01551660631752,-26.01551660631752,-1.5599849452838477,1.5599849452838477
68939,50,8,Standard,78.0,0,89.10451531096408,-11.104515310964075,-0.6658671043100222,0.6658671043100222
68939,27,9,Standard,100.0,0,96.00584028996853,3.994159710031468,0.23950433547013691,0.23950433547013691
68939,17,10,Standard,99.0,1,100.37640587444814,-1.3764058744481389,-0.08253429963477775,0.08253429963477775
68939,29,11,Standard,64.0,1,96.92955856608339,-32.92955856608339,-1.9745760345753975,1.9745760345753975
68939,106,12,Standard,92.0,1,92.68843820389739,-0.6884382038973911,-0.04128125726234423,0.04128125726234423
68939,36,13,Standard,84.0,1,91.94900242506401,-7.949002425064009,-0.4766510809980763,0.4766510809980763
68939,83,14,Standard,86.0,1,94.82276555177204,-8.822765551772036,-0.5290450943107955,0.5290450943107955
68939,125,15,Standard,79.0,0,89.32813695775377,-10.32813695775377,-0.6193126360217303,0.6193126360217303
68939,57,16,Standard,100.0,1,96.32725194698747,3.6727480530125263,0.2202313241447909,0.2202313241447909
68939,31,17,Standard,99.0,0,92.50476288316439,6.495237116835611,0.3894780285028775,0.3894780285028775
68939,68,18,Standard,100.0,0,90.72812941298895,9.271870587011051,0.5559750647751877,0.5559750647751877
68939,81,19,Standard,80.0,0,92.98109348814958,-12.981093488149583,-0.7783935534041259,0.7783935534041259
68939,72,20,Standard,84.0,1,93.59720909841857,-9.597209098418574,-0.5754835445642665,0.5754835445642665
68939,91,21,Standard,86.0,1,92.37593425138127,-6.375934251381267,-0.38232419500979953,0.38232419500979953
68939,90,22,Standard,71.0,1,95.04029582357532,-24.04029582357532,-1.4415435269826886,1.4415435269826886
68939,3,23,Standard,85.0,1,95.96193658923106,-10.961936589231058,-0.6573175658639047,0.6573175658639047
68939,115,24,Standard,93.0,1,99.38977542173411,-6.3897754217341145,-0.383154161898495,0.383154161898495
68939,101,25,Standard,91.0,1,97.03107867092703,-6.03107867092703,-0.36164540081375834,0.36164540081375834
68939,16,26,Standard,92.0,0,94.3160111254096,-2.3160111254096023,-0.1388764460618678,0.1388764460618678
68939,13,27,Standard,88.0,0,92.4373953493169,-4.437395349316901,-0.26608235561718374,0.26608235561718374
68939,48,28,Standard,100.0,1,100.4372980144933,-0.43729801449329386,-0.02622197858052138,0.02622197858052138
68939,116,29,Standard,100.0,0,96.53567562172691,3.4643243782730906,0.20773348296199073,0.20773348296199073
68939,20,30,Standard,100.0,0,91.55739600535351,8.44260399464649,0.5062492254120204,0.5062492254120204
68939,63,31,Standard,91.0,1,90.55729525894664,0.44270474105336177,0.026546185559172118,0.026546185559172118
68939,75,32,Standard,94.0,1,89.72057709610499,4.279422903895011,0.2566097535406222,0.2566097535406222
68939,64,33,Standard,79.0,0,92.92153472525719,-13.921534725257189,-0.83478582859945,0.83478582859945
68939,26,34,Standard,90.0,1,101.07131649143196,-11.071316491431958,-0.663876382409127,0.663876382409127
68939,60,35,Standard,91.0,1,94.22829540257823,-3.228295402578226,-0.19358032758527438,0.19358032758527438
68939,111,36,Standard,89.0,0,93.85305952111001,-4.853059521110012,-0.291007090347751,0.291007090347751
68939,121,37,Standard,100.0,1,94.26635090018972,5.733649099810279,0.3438104425369086,0.3438104425369086
68939,58,38,Standard,100.0,1,95.20202804857693,4.797971951423065,0.2877038394193015,0.2877038394193015
68939,82,39,Standard,86.0,0,91.07476658182911,-5.07476658182911,-0.3043014516406164,0.3043014516406164
68939,15,40,Standard,94.0,0,96.30208572444339,-2.302085724443387,-0.13804142839940625,0.13804142839940625
68939,49,41,Standard,100.0,0,95.48390957332309,4.516090426676911,0.27080119852187357,0.27080119852187357
68939,73,42,Standard,99.0,0,89.8805334511366,9.1194665488634,0.5468363646406277,0.5468363646406277
68939,66,43,Standard,100.0,0,90.98669544771293,9.013304552287067,0.5404705054141329,0.5404705054141329
68939,32,44,Standard,100.0,0,93.10000106240452,6.899998937595484,0.413749018634119,0.413749018634119
68939,105,45,Standard,100.0,0,91.40138728526314,8.59861271473686,0.5156040753793234,0.5156040753793234
68939,110,46,Standard,100.0,1,89.85240156266246,10.147598437337535,0.6084868900580789,0.6084868900580789
68939,23,47,Standard,100.0,0,93.78721841652178,6.212781583478218,0.3725409679625286,0.3725409679625286
68939,22,48,Standard,100.0,1,100.00761526120297,-0.007615261202971624,-0.00045663874413145707,0.00045663874413145707
68939,113,49,Standard,100.0,1,97.18267577765688,2.8173242223431174,0.1689370016881204,0.1689370016881204
68939,35,50,Standard,100.0,0,97.4331832409191,2.5668167590808935,0.1539156635658008,0.1539156635658008
68939,124,51,Standard,100.0,1,91.98175457662217,8.018245423377834,0.4808031428836993,0.4808031428836993
68939,6,52,Standard,100.0,1,94.96655533284999,5.0334446671500075,0.3018236394262685,0.3018236394262685
68939,120,53,Standard,100.0,0,90.40825859811955,9.591741401880455,0.5751556816040986,0.5751556816040986
68939,100,54,Standard,100.0,0,90.70121871929996,9.298781280700041,0.5575887277924262,0.5575887277924262
68939,18,55,Standard,100.0,0,93.85410664689661,6.145893353103389,0.3685301065223959,0.3685301065223959
68939,99,56,Standard,99.0,0,90.29015654412078,8.709843455879223,0.5222738749555008,0.5222738749555008
68939,8,57,Standard,100.0,0,96.50323882798483,3.4967611720151694,0.2096785110264587,0.2096785110264587
68939,67,58,Standard,100.0,1,94.44311581303792,5.55688418696208,0.3332109758005594,0.3332109758005594
68939,123,59,Standard,100.0,1,91.58341511462231,8.416584885377688,0.5046890250376342,0.5046890250376342
68939,28,60,Standard,100.0,0,93.868040001977,6.131959998023007,0.3676946119023347,0.3676946119023347
68939,7,61,Standard,100.0,1,97.88244784700917,2.117552152990825,0.12697612465312,0.12697612465312
68939,112,62,Standard,100.0,1,91.73701557959056,8.262984420409438,0.4954785828017541,0.4954785828017541
68939,76,63,Standard,100.0,0,88.57938461126739,11.420615388732614,0.6848216140352771,0.6848216140352771
68939,5,64,Standard,100.0,0,89.55988711895466,10.440112881045337,0.6260271194284017,0.6260271194284017
68987,18,1,Standard,100.0,0,97.10165297241282,2.898347027587178,0.17379542361831213,0.17379542361831213
68987,60,2,Standard,100.0,1,96.55731927803349,3.4426807219665108,0.20643565065252342,0.20643565065252342
68987,112,3,Standard,100.0,1,95.20325772654985,4.79674227345015,0.2876301034580164,0.2876301034580164
68987,91,4,Standard,100.0,0,92.98176655161794,7.0182334483820625,0.42083878969771854,0.42083878969771854
68987,110,5,Standard,100.0,0,91.50797380582587,8.49202619417413,0.5092127601514079,0.5092127601514079
68987,90,6,Standard,100.0,1,96.62575390612415,3.374246093875854,0.20233206158400577,0.20233206158400577
68987,31,7,Standard,100.0,1,93.82778597998151,6.172214020018487,0.3701083893894527,0.3701083893894527
68987,57,8,Standard,100.0,1,97.56279671522739,2.4372032847726075,0.14614356848552243,0.14614356848552243
68987,36,9,Standard,89.0,1,91.98622558954867,-2.986225589548667,-0.17906494164279085,0.17906494164279085
68987,63,10,Standard,100.0,1,92.36144916293854,7.638550837061459,0.4580352752521379,0.4580352752521379
68987,114,11,Standard,100.0,0,93.72619140309405,6.273808596905951,0.37620036952827646,0.37620036952827646
68987,20,12,Standard,100.0,1,93.23033241647958,6.769667583520416,0.405933876873444,0.405933876873444
68987,106,13,Standard,98.0,1,93.53033049353976,4.469669506460235,0.26801763139998713,0.26801763139998713
68987,69,14,Standard,95.0,1,93.6218281693942,1.378171830605794,0.08264019278545631,0.08264019278545631
68987,15,15,Standard,100.0,1,98.28119628558976,1.7188037144102424,0.10306571877672484,0.10306571877672484
68987,66,16,Standard,100.0,1,93.05328433743654,6.946715662563463,0.41655032328417985,0.41655032328417985
68987,2,17,Standard,100.0,1,93.93901986606659,6.060980133933413,0.3634384012310781,0.3634384012310781
68987,75,18,Standard,99.0,0,90.19519190347577,8.804808096524226,0.5279683000166014,0.5279683000166014
68987,102,19,Standard,100.0,0,92.42287158294246,7.577128417057537,0.4543521636707307,0.4543521636707307
68987,17,20,Standard,100.0,1,100.824645685493,-0.824645685492996,-0.04944875298958926,0.04944875298958926
68987,82,21,Standard,91.0,1,91.72433804635436,-0.7243380463543616,-0.04343394231636066,0.04343394231636066
68987,50,22,Standard,100.0,1,89.37779846485446,10.622201535145535,0.6369458170426681,0.6369458170426681
68987,68,23,Standard,100.0,1,91.39506504547688,8.604934954523117,0.5159831798590184,0.5159831798590184
68987,23,24,Standard,1.0,0,95.67885064909092,-94.67885064909092,-5.67728805406437,5.67728805406437
68987,101,25,Standard,90.0,1,97.91671012485801,-7.916710124858014,-0.4747147172912835,0.4747147172912835
68987,100,26,Standard,99.0,1,92.81154677331217,6.188453226687827,0.37108215125283894,0.37108215125283894
68987,113,27,Standard,100.0,1,99.0305688459374,0.9694311540626046,0.058130615997822176,0.058130615997822176
68987,105,28,Standard,95.0,1,92.0072195854998,2.992780414500203,0.17945799277447141,0.17945799277447141
68987,73,29,Standard,100.0,1,91.3347740408196,8.665225959180404,0.5195984476634089,0.5195984476634089
68987,79,30,Standard,98.0,1,94.1447610516588,3.8552389483411957,0.23117414160531227,0.23117414160531227
68987,8,31,Standard,100.0,0,98.52608855341981,1.473911446580189,0.08838108818443698,0.08838108818443698
68987,123,32,Standard,100.0,1,92.6266390577451,7.373360942254905,0.4421335251619947,0.4421335251619947
68987,22,33,Standard,100.0,1,101.54933417946319,-1.5493341794631874,-0.0929037094189148,0.0929037094189148
68987,81,34,Standard,100.0,1,93.21063747775135,6.789362522248652,0.4071148569930883,0.4071148569930883
68987,29,35,Standard,100.0,1,96.76545007708762,3.234549922912379,0.19395537136045282,0.19395537136045282
68987,72,36,Standard,87.0,1,92.75964897713092,-5.759648977130922,-0.34536948969377274,0.34536948969377274
68987,58,37,Standard,100.0,1,95.10803372019573,4.891966279804265,0.29334008102986137,0.29334008102986137
68987,48,38,Standard,100.0,1,100.88553782553814,-0.8855378255381368,-0.053100067057035766,0.053100067057035766
68987,124,39,Standard,100.0,0,93.39225600201655,6.607743997983448,0.3962243500727073,0.3962243500727073
68987,125,40,Standard,100.0,1,89.1202893044694,10.879710695530605,0.6523870023764947,0.6523870023764947
68987,76,41,Standard,92.0,1,90.42727767954791,1.5727223204520868,0.09430614737134814,0.09430614737134814
68987,116,42,Standard,100.0,0,96.85269793990591,3.1473020600940913,0.18872367234926854,0.18872367234926854
68987,13,43,Standard,100.0,1,92.62320017463006,7.376799825369943,0.44233973309433106,0.44233973309433106
68987,3,44,Standard,67.0,0,95.92904559310112,-28.929045593101122,-1.734690734363847,1.734690734363847
68987,115,45,Standard,100.0,1,99.35688442560418,0.6431155743958215,0.03856354764415595,0.03856354764415595
68987,111,46,Standard,100.0,1,94.30129933215485,5.698700667845145,0.34171480751447564,0.34171480751447564
68987,83,47,Standard,96.0,1,94.26500458417874,1.7349954158212597,0.10403663205213465,0.10403663205213465
68987,35,48,Standard,100.0,1,98.40629302342731,1.5937069765726903,0.09556446363411844,0.09556446363411844
68987,80,49,Standard,100.0,1,96.50255114086164,3.497448859138359,0.20971974724619155,0.20971974724619155
68987,27,50,Standard,89.0,1,95.09816600806631,-6.098166008066315,-0.3656682014192651,0.3656682014192651
68987,16,51,Standard,84.0,1,93.08479852552442,-9.08479852552442,-0.5447575439387383,0.5447575439387383
68987,121,52,Standard,91.0,1,94.4958948897915,-3.4958948897915008,-0.20962656559528622,0.20962656559528622
68987,67,53,Standard,81.0,1,94.52407814181117,-13.524078141811174,-0.8109528870529742,0.8109528870529742
68987,7,54,Standard,85.0,1,99.07425345096047,-14.07425345096047,-0.8439433985437731,0.8439433985437731
68987,99,55,Standard,100.0,0,91.2195271623404,8.780472837659602,0.5265090694334509,0.5265090694334509
68987,6,56,Standard,100.0,1,94.65386518302572,5.346134816974285,0.32057367747648235,0.32057367747648235
68987,49,57,Standard,58.0,1,95.66971439863624,-37.669714398636245,-2.258813009338613,2.258813009338613
68987,51,58,Standard,91.0,1,92.04025095483075,-1.0402509548307535,-0.062377228690475205,0.062377228690475205
68987,32,59,Standard,100.0,1,93.3295450520063,6.670454947993704,0.3999847265972577,0.3999847265972577
68987,26,60,Standard,100.0,1,100.81972967385897,-0.8197296738589728,-0.04915397106171264,0.04915397106171264
68987,120,61,Standard,100.0,1,90.94397673774162,9.056023262258378,0.5430320745517224,0.5430320745517224
68987,28,62,Standard,98.0,1,93.64282818072995,4.35717181927005,0.2612718611332793,0.2612718611332793
68987,64,63,Standard,99.0,1,92.49499125052974,6.505008749470264,0.39006397111672514,0.39006397111672514
68987,5,64,Standard,100.0,1,90.44551857288566,9.55448142711434,0.5729214380725793,0.5729214380725793
69019,41,1,Neutral,100.0,1,73.68796112099321,26.312038879006792,1.5777654986488456,1.5777654986488456
69019,95,2,Neutral,100.0,1,64.72241380026534,35.27758619973466,2.1153723068553396,2.1153723068553396
69019,103,3,Neutral,100.0,0,65.46581475764789,34.53418524235211,2.0707952830977274,2.0707952830977274
69019,47,4,Neutral,100.0,0,69.95819037763017,30.041809622369826,1.8014161105914723,1.8014161105914723
69019,4,5,Neutral,100.0,0,68.12445591004101,31.875544089958993,1.9113734951160808,1.9113734951160808
69019,37,6,Neutral,100.0,0,66.9886297111222,33.0113702888778,1.9794817628697197,1.9794817628697197
69019,107,7,Neutral,100.0,0,66.51024203404907,33.48975796595093,2.008167626984452,2.008167626984452
69019,78,8,Neutral,100.0,1,67.08710209915374,32.91289790084626,1.9735770005242337,1.9735770005242337
69019,10,9,Neutral,100.0,1,64.50105635436935,35.498943645630646,2.128645703972519,2.128645703972519
69019,43,10,Neutral,100.0,1,68.96710856930741,31.032891430692587,1.8608449785214967,1.8608449785214967
69019,42,11,Neutral,99.0,1,67.01151337584851,31.98848662415149,1.9181459400261203,1.9181459400261203
69019,96,12,Neutral,99.0,1,57.84742666513037,41.15257333486963,2.467657891771277,2.467657891771277
69019,77,13,Neutral,100.0,0,64.80830164042074,35.19169835957926,2.1102221597468707,2.1102221597468707
69019,52,14,Neutral,100.0,1,70.11533544474055,29.884664555259448,1.79199312112609,1.79199312112609
69019,89,15,Neutral,52.0,0,60.13919647227168,-8.139196472271678,-0.48805580744715704,0.48805580744715704
69019,34,16,Neutral,99.0,1,70.94065053662324,28.059349463376762,1.6825405929742974,1.6825405929742974
69019,74,17,Neutral,100.0,1,62.130471486452244,37.869528513547756,2.270794590017333,2.270794590017333
69019,70,18,Neutral,50.0,1,63.38846762200322,-13.388467622003219,-0.8028211873245454,0.8028211873245454
69019,88,19,Neutral,49.0,1,63.519757578892225,-14.519757578892225,-0.8706574455162858,0.8706574455162858
69019,98,20,Neutral,99.0,1,61.46797353582266,37.53202646417734,2.2505567402760582,2.2505567402760582
69019,118,21,Neutral,75.0,1,66.71576684091183,8.284233159088174,0.49675273441468226,0.49675273441468226
69019,126,22,Neutral,50.0,1,66.05946353988277,-16.05946353988277,-0.9629838119558349,0.9629838119558349
69019,12,23,Neutral,50.0,1,69.52204676925685,-19.522046769256846,-1.1706128893005525,1.1706128893005525
69019,117,24,Neutral,50.0,0,66.52635067344393,-16.52635067344393,-0.9909800616757144,0.9909800616757144
69019,86,25,Neutral,50.0,1,65.99419330985903,-15.994193309859028,-0.9590699716983816,0.9590699716983816
69019,14,26,Neutral,50.0,1,67.60554713372157,-17.605547133721572,-1.0556926044444372,1.0556926044444372
69019,56,27,Neutral,50.0,1,73.18458746588203,-23.184587465882032,-1.3902321432513758,1.3902321432513758
69019,30,28,Neutral,50.0,1,67.64401583344808,-17.64401583344808,-1.057999327518444,1.057999327518444
69019,39,29,Neutral,50.0,1,68.43312466471987,-18.43312466471987,-1.1053171615481396,1.1053171615481396
69019,53,30,Neutral,50.0,0,60.36517016003327,-10.365170160033273,-0.6215332814506066,0.6215332814506066
69019,24,31,Neutral,50.0,0,66.2397321939983,-16.239732193998293,-0.9737933757550988,0.9737933757550988
69019,46,32,Neutral,50.0,0,62.83285448975855,-12.832854489758553,-0.7695046041937994,0.7695046041937994
69019,87,33,Neutral,50.0,1,62.11181043120374,-12.111810431203743,-0.7262681813599463,0.7262681813599463
69019,61,34,Neutral,50.0,1,62.20290268658651,-12.202902686586512,-0.7317304041241317,0.7317304041241317
69019,104,35,Neutral,50.0,0,64.38241608149012,-14.38241608149012,-0.8624219500789975,0.8624219500789975
69019,40,36,Neutral,50.0,1,70.73488590106774,-20.73488590106774,-1.243339132461785,1.243339132461785
69019,62,37,Neutral,50.0,1,60.30540051521022,-10.305400515210223,-0.6179492762770834,0.6179492762770834
69019,19,38,Neutral,50.0,0,67.29337720211686,-17.293377202116858,-1.036973760569725,1.036973760569725
69019,128,39,Neutral,50.0,0,62.64709491190552,-12.64709491190552,-0.7583657846470583,0.7583657846470583
69019,109,40,Neutral,50.0,1,63.651111757440574,-13.651111757440574,-0.8185702844287663,0.8185702844287663
69019,85,41,Neutral,50.0,1,65.68730488349607,-15.687304883496068,-0.9406678260768793,0.9406678260768793
69019,21,42,Neutral,50.0,0,62.649540457042555,-12.649540457042555,-0.7585124284233292,0.7585124284233292
69019,93,43,Neutral,50.0,0,62.004034636704425,-12.004034636704425,-0.7198055529436376,0.7198055529436376
69019,25,44,Neutral,50.0,1,66.98208446256477,-16.98208446256477,-1.0183075163191881,1.0183075163191881
69019,119,45,Neutral,50.0,1,61.20951258371055,-11.209512583710548,-0.6721631224617658,0.6721631224617658
69019,65,46,Neutral,100.0,1,62.40043810210298,37.59956189789702,2.254606410381411,2.254606410381411
69019,94,47,Neutral,50.0,0,72.15783526553633,-22.157835265536335,-1.32866434894944,1.32866434894944
69019,45,48,Neutral,50.0,0,61.73161680957508,-11.73161680957508,-0.703470389757006,0.703470389757006
69019,59,49,Neutral,50.0,1,62.36652574061225,-12.366525740612254,-0.7415418372332301,0.7415418372332301
69019,55,50,Neutral,50.0,1,70.30230759177795,-20.302307591777947,-1.2174001645619683,1.2174001645619683
69019,127,51,Neutral,50.0,0,60.97018084328522,-10.97018084328522,-0.6578119213058591,0.6578119213058591
69019,33,52,Neutral,50.0,0,63.048418617481516,-13.048418617481516,-0.7824306128939075,0.7824306128939075
69019,122,53,Neutral,50.0,0,61.39260851291454,-11.392608512914542,-0.6831422199528233,0.6831422199528233
69019,44,54,Neutral,48.0,1,62.7714812832817,-14.771481283281702,-0.88575171387778,0.88575171387778
69019,54,55,Neutral,100.0,1,64.40557186636119,35.594428133638814,2.1343713009712237,2.1343713009712237
69019,92,56,Neutral,50.0,1,67.06099972063457,-17.06099972063457,-1.0230395620596207,1.0230395620596207
69019,9,57,Neutral,50.0,1,67.66343704521161,-17.66343704521161,-1.0591638939742536,1.0591638939742536
69019,97,58,Neutral,50.0,1,63.8747459675345,-13.874745967534501,-0.831980204603569,0.831980204603569
69019,38,59,Neutral,50.0,0,60.0426129868153,-10.0426129868153,-0.6021915808098759,0.6021915808098759
69019,84,60,Neutral,50.0,1,65.6246042547878,-15.624604254787798,-0.9369080684551151,0.9369080684551151
69019,108,61,Neutral,50.0,0,60.77551923779705,-10.775519237797049,-0.6461393038221613,0.6461393038221613
69019,1,62,Neutral,50.0,1,67.25640390542581,-17.256403905425813,-1.0347567072976966,1.0347567072976966
69019,71,63,Neutral,50.0,1,62.046554527592676,-12.046554527592676,-0.7223552001662752,0.7223552001662752
69019,11,64,Neutral,50.0,1,71.35575848057566,-21.35575848057566,-1.280568909276469,1.280568909276469
69283,107,1,Neutral,85.0,1,87.22910832111039,-2.229108321110388,-0.1336654380138169,0.1336654380138169
69283,46,2,Neutral,100.0,1,84.60146071974663,15.398539280253374,0.9233523908083356,0.9233523908083356
69283,4,3,Neutral,98.0,1,88.66836553994787,9.331634460052129,0.5595587238516827,0.5595587238516827
69283,89,4,Neutral,89.0,0,83.29403224232871,5.705967757671289,0.34215056863720716,0.34215056863720716
69283,78,5,Neutral,97.0,1,88.1864333666496,8.813566633350405,0.5284934937230464,0.5284934937230464
69283,53,6,Neutral,95.0,0,84.0886150658423,10.911384934157695,0.6542863048642873,0.6542863048642873
69283,42,7,Neutral,100.0,1,87.47235756598157,12.527642434018432,0.7512029798486536,0.7512029798486536
69283,93,8,Neutral,99.0,0,86.20861034968823,12.791389650311771,0.7670182216908324,0.7670182216908324
69283,19,9,Neutral,100.0,0,89.52992674111672,10.470073258883275,0.6278236525931842,0.6278236525931842
69283,14,10,Neutral,97.0,1,88.76180506366904,8.238194936330956,0.4939921152236167,0.4939921152236167
69283,59,11,Neutral,61.0,0,84.99672775820964,-23.996727758209644,-1.4389310274081426,1.4389310274081426
69283,109,12,Neutral,93.0,1,85.16169589050041,7.838304109499589,0.4700132075949842,0.4700132075949842
69283,127,13,Neutral,70.0,0,85.30597404913486,-15.30597404913486,-0.917801843064589,0.917801843064589
69283,62,14,Neutral,83.0,1,82.27951506847839,0.7204849315216109,0.04320289554444757,0.04320289554444757
69283,33,15,Neutral,80.0,1,85.1231989974899,-5.123198997489894,-0.3072056353413623,0.3072056353413623
69283,39,16,Neutral,95.0,1,89.28762133345047,5.712378666549526,0.34253499003798027,0.34253499003798027
69283,30,17,Neutral,95.0,1,88.58157794195247,6.4184220580475255,0.38487191834585655,0.38487191834585655
69283,128,18,Neutral,90.0,0,86.2393223248487,3.7606776751512996,0.2255039039231096,0.2255039039231096
69283,24,19,Neutral,99.0,0,87.7327159400917,11.267284059908306,0.6756273101809303,0.6756273101809303
69283,25,20,Neutral,100.0,0,88.99993818012155,11.000061819878454,0.6596036932833759,0.6596036932833759
69283,12,21,Neutral,94.0,1,89.89541263081267,4.104587369187328,0.24612597933110278,0.24612597933110278
69283,71,22,Neutral,97.0,1,84.29629156475552,12.70370843524448,0.7617605373035098,0.7617605373035098
69283,119,23,Neutral,44.0,0,83.13988797269012,-39.13988797269012,-2.3469699610987504,2.3469699610987504
69283,21,24,Neutral,92.0,0,84.40495918886766,7.5950408111323355,0.4554262559331881,0.4554262559331881
69283,70,25,Neutral,92.0,1,83.53872477331255,8.461275226687448,0.5073688203573972,0.5073688203573972
69283,118,26,Neutral,85.0,0,87.46518479409878,-2.465184794098775,-0.14782144150091128,0.14782144150091128
69283,40,27,Neutral,92.0,1,91.41442591264388,0.5855740873561217,0.03511315091094715,0.03511315091094715
69283,9,28,Neutral,97.0,0,89.89998658421148,7.100013415788524,0.4257426138235444,0.4257426138235444
69283,108,29,Neutral,83.0,1,84.848877457915,-1.8488774579149947,-0.11086541327115788,0.11086541327115788
69283,86,30,Neutral,80.0,1,86.06138502139456,-6.061385021394557,-0.3634626797550636,0.3634626797550636
69283,56,31,Neutral,99.0,1,93.29551834170618,5.704481658293815,0.3420614567163818,0.3420614567163818
69283,74,32,Neutral,99.0,0,84.14808898500527,14.851911014994727,0.8905745729631562,0.8905745729631562
69283,34,33,Neutral,93.0,1,90.48297227669539,2.517027723304608,0.15093013199145017,0.15093013199145017
69283,103,34,Neutral,96.0,0,85.07801443933084,10.921985560669157,0.6549219569644821,0.6549219569644821
69283,85,35,Neutral,99.0,1,86.23562740220638,12.764372597793624,0.7653981810115704,0.7653981810115704
69283,45,36,Neutral,93.0,0,84.93019174392072,8.069808256079284,0.4838950377696505,0.4838950377696505
69283,97,37,Neutral,97.0,1,85.24969971892503,11.75030028107497,0.7045907186248322,0.7045907186248322
69283,10,38,Neutral,68.0,1,85.90632555288178,-17.906325552881782,-1.073728371823443,1.073728371823443
69283,1,39,Neutral,90.0,1,88.71883598539358,1.2811640146064178,0.07682325150291634,0.07682325150291634
69283,98,40,Neutral,43.0,0,81.56130402468037,-38.56130402468037,-2.312275964353019,2.312275964353019
69283,94,41,Neutral,90.0,1,92.70615778424663,-2.706157784246628,-0.16227105795632302,0.16227105795632302
69283,52,42,Neutral,80.0,1,89.17652637763793,-9.176526377637927,-0.5502578793933703,0.5502578793933703
69283,77,43,Neutral,85.0,1,83.95255801309192,1.0474419869080833,0.06280842911410868,0.06280842911410868
69283,95,44,Neutral,74.0,1,83.17125643312212,-9.171256433122124,-0.5499418743633131,0.5499418743633131
69283,84,45,Neutral,80.0,1,86.73712302044665,-6.737123020446646,-0.4039823865680932,0.4039823865680932
69283,55,46,Neutral,84.0,1,90.763151781911,-6.763151781911006,-0.4055431657232119,0.4055431657232119
69283,43,47,Neutral,66.0,1,87.63464702360727,-21.634647023607272,-1.29729208011044,1.29729208011044
69283,65,48,Neutral,87.0,1,82.76939107485538,4.230608925144622,0.2536826899299953,0.2536826899299953
69283,117,49,Neutral,84.0,0,86.40098534085858,-2.4009853408585826,-0.1439718089118035,0.1439718089118035
69283,11,50,Neutral,100.0,1,92.25399431359489,7.7460056864051126,0.4644786586302384,0.4644786586302384
69283,126,51,Neutral,82.0,1,85.24745907684256,-3.24745907684256,-0.1947294511564521,0.1947294511564521
69283,87,52,Neutral,54.0,0,83.95447127260233,-29.954471272602333,-1.7961789856538826,1.7961789856538826
69283,38,53,Neutral,100.0,0,82.97875293542926,17.021247064570744,1.0206558482962909,1.0206558482962909
69283,41,54,Neutral,65.0,1,91.65567294667521,-26.65567294667521,-1.5983710464979015,1.5983710464979015
69283,92,55,Neutral,96.0,1,87.56117018625282,8.438829813747176,0.5060229118056907,0.5060229118056907
69283,54,56,Neutral,59.0,0,87.03553766495482,-28.035537664954816,-1.6811127509821324,1.6811127509821324
69283,122,57,Neutral,71.0,0,82.18576563039011,-11.185765630390108,-0.6707391688176068,0.6707391688176068
69283,96,58,Neutral,93.0,0,78.50913007073635,14.490869929263653,0.8689252370344344,0.8689252370344344
69283,44,59,Neutral,94.0,0,85.2264904247209,8.773509575279107,0.5260915269088102,0.5260915269088102
69283,47,60,Neutral,91.0,0,88.47691095209775,2.5230890479022463,0.15129359104797716,0.15129359104797716
69283,88,61,Neutral,57.0,0,84.35641764165265,-27.356417641652655,-1.6403902457009987,1.6403902457009987
69283,61,62,Neutral,94.0,0,81.94631986113532,12.053680138864678,0.7227824777206087,0.7227824777206087
69283,37,63,Neutral,100.0,1,84.95192864800077,15.048071351999226,0.9023370598366445,0.9023370598366445
69283,104,64,Neutral,99.0,0,85.78768528000255,13.212314719997451,0.7922584189830423,0.7922584189830423
