subject_id,task,premise_1,premise_2,number_models_generated,std_models_generated,minimum_models_generated,maximum_models_generated,n_samples,n_parameter_sets_used,epsilon,lambda,omega,sigma,task_type,simulation_setting
63873,1,All B are C,No A are C,2.0,0.0,2,2,3,1,0.5,4.05,0.5,0.2,MT,3
63873,2,All B are C,All A are B,2.3333,0.4714,2,3,3,1,0.5,4.05,0.5,0.2,MP,3
63873,3,All B are C,All A are C,2.3333,0.4714,2,3,3,1,0.5,4.05,0.5,0.2,AC,3
63873,4,All B are C,No A are B,3.6667,2.357,2,7,3,1,0.5,4.05,0.5,0.2,DA,3
63884,1,All B are C,No A are C,2.0,0.0,2,2,3,1,0.6000000000000001,3.26,0.0,0.5,MT,3
63884,2,All B are C,All A are B,2.3333,0.4714,2,3,3,1,0.6000000000000001,3.26,0.0,0.5,MP,3
63884,3,All B are C,All A are C,3.0,0.0,3,3,3,1,0.6000000000000001,3.26,0.0,0.5,AC,3
63884,4,All B are C,No A are B,3.3333,1.8856,2,6,3,1,0.6000000000000001,3.26,0.0,0.5,DA,3
63885,1,All B are C,No A are C,2.0,0.0,2,2,3,1,0.5,4.05,0.2,0.9,MT,3
63885,2,All B are C,All A are B,2.3333,0.4714,2,3,3,1,0.5,4.05,0.2,0.9,MP,3
63885,3,All B are C,All A are C,3.0,0.0,3,3,3,1,0.5,4.05,0.2,0.9,AC,3
63885,4,All B are C,No A are B,5.3333,2.357,2,7,3,1,0.5,4.05,0.2,0.9,DA,3
63954,1,All B are C,No A are C,2.0,0.0,2,2,3,1,0.5,4.05,0.2,0.9,MT,3
63954,2,All B are C,All A are B,2.3333,0.4714,2,3,3,1,0.5,4.05,0.2,0.9,MP,3
63954,3,All B are C,All A are C,3.0,0.0,3,3,3,1,0.5,4.05,0.2,0.9,AC,3
63954,4,All B are C,No A are B,5.3333,2.357,2,7,3,1,0.5,4.05,0.2,0.9,DA,3
63969,1,All B are C,No A are C,2.0,0.0,2,2,3,1,0.5,4.05,0.6000000000000001,0.1,MT,3
63969,2,All B are C,All A are B,2.3333,0.4714,2,3,3,1,0.5,4.05,0.6000000000000001,0.1,MP,3
63969,3,All B are C,All A are C,2.0,0.0,2,2,3,1,0.5,4.05,0.6000000000000001,0.1,AC,3
63969,4,All B are C,No A are B,2.0,0.0,2,2,3,1,0.5,4.05,0.6000000000000001,0.1,DA,3
63977,1,All B are C,No A are C,2.0,0.0,2,2,3,1,0.5,4.05,0.6000000000000001,0.1,MT,3
63977,2,All B are C,All A are B,2.3333,0.4714,2,3,3,1,0.5,4.05,0.6000000000000001,0.1,MP,3
63977,3,All B are C,All A are C,2.0,0.0,2,2,3,1,0.5,4.05,0.6000000000000001,0.1,AC,3
63977,4,All B are C,No A are B,2.0,0.0,2,2,3,1,0.5,4.05,0.6000000000000001,0.1,DA,3
63978,1,All B are C,No A are C,2.0,0.0,2,2,3,1,0.5,4.05,0.6000000000000001,0.1,MT,3
63978,2,All B are C,All A are B,2.3333,0.4714,2,3,3,1,0.5,4.05,0.6000000000000001,0.1,MP,3
63978,3,All B are C,All A are C,2.0,0.0,2,2,3,1,0.5,4.05,0.6000000000000001,0.1,AC,3
63978,4,All B are C,No A are B,2.0,0.0,2,2,3,1,0.5,4.05,0.6000000000000001,0.1,DA,3
64012,1,All B are C,No A are C,2.0,0.0,2,2,3,1,0.5,4.05,0.2,0.9,MT,3
64012,2,All B are C,All A are B,2.3333,0.4714,2,3,3,1,0.5,4.05,0.2,0.9,MP,3
64012,3,All B are C,All A are C,3.0,0.0,3,3,3,1,0.5,4.05,0.2,0.9,AC,3
64012,4,All B are C,No A are B,5.3333,2.357,2,7,3,1,0.5,4.05,0.2,0.9,DA,3
64037,1,All B are C,No A are C,2.0,0.0,2,2,3,1,0.5,4.05,0.6000000000000001,0.1,MT,3
64037,2,All B are C,All A are B,2.3333,0.4714,2,3,3,1,0.5,4.05,0.6000000000000001,0.1,MP,3
64037,3,All B are C,All A are C,2.0,0.0,2,2,3,1,0.5,4.05,0.6000000000000001,0.1,AC,3
64037,4,All B are C,No A are B,2.0,0.0,2,2,3,1,0.5,4.05,0.6000000000000001,0.1,DA,3
64038,1,All B are C,No A are C,2.0,0.0,2,2,3,1,0.5,4.05,0.6000000000000001,0.1,MT,3
64038,2,All B are C,All A are B,2.3333,0.4714,2,3,3,1,0.5,4.05,0.6000000000000001,0.1,MP,3
64038,3,All B are C,All A are C,2.0,0.0,2,2,3,1,0.5,4.05,0.6000000000000001,0.1,AC,3
64038,4,All B are C,No A are B,2.0,0.0,2,2,3,1,0.5,4.05,0.6000000000000001,0.1,DA,3
64039,1,All B are C,No A are C,2.0,0.0,2,2,3,1,0.5,4.05,0.6000000000000001,0.1,MT,3
64039,2,All B are C,All A are B,2.3333,0.4714,2,3,3,1,0.5,4.05,0.6000000000000001,0.1,MP,3
64039,3,All B are C,All A are C,2.0,0.0,2,2,3,1,0.5,4.05,0.6000000000000001,0.1,AC,3
64039,4,All B are C,No A are B,2.0,0.0,2,2,3,1,0.5,4.05,0.6000000000000001,0.1,DA,3
64065,1,All B are C,No A are C,2.0,0.0,2,2,3,1,0.5,4.05,0.2,0.9,MT,3
64065,2,All B are C,All A are B,2.3333,0.4714,2,3,3,1,0.5,4.05,0.2,0.9,MP,3
64065,3,All B are C,All A are C,3.0,0.0,3,3,3,1,0.5,4.05,0.2,0.9,AC,3
64065,4,All B are C,No A are B,5.3333,2.357,2,7,3,1,0.5,4.05,0.2,0.9,DA,3
64066,1,All B are C,No A are C,2.0,0.0,2,2,3,1,0.6000000000000001,3.26,0.0,0.5,MT,3
64066,2,All B are C,All A are B,2.3333,0.4714,2,3,3,1,0.6000000000000001,3.26,0.0,0.5,MP,3
64066,3,All B are C,All A are C,3.0,0.0,3,3,3,1,0.6000000000000001,3.26,0.0,0.5,AC,3
64066,4,All B are C,No A are B,3.3333,1.8856,2,6,3,1,0.6000000000000001,3.26,0.0,0.5,DA,3
64105,1,All B are C,No A are C,2.0,0.0,2,2,3,1,0.6000000000000001,3.26,0.0,0.5,MT,3
64105,2,All B are C,All A are B,2.3333,0.4714,2,3,3,1,0.6000000000000001,3.26,0.0,0.5,MP,3
64105,3,All B are C,All A are C,3.0,0.0,3,3,3,1,0.6000000000000001,3.26,0.0,0.5,AC,3
64105,4,All B are C,No A are B,3.3333,1.8856,2,6,3,1,0.6000000000000001,3.26,0.0,0.5,DA,3
64116,1,All B are C,No A are C,2.0,0.0,2,2,3,1,0.5,4.05,0.2,0.9,MT,3
64116,2,All B are C,All A are B,2.3333,0.4714,2,3,3,1,0.5,4.05,0.2,0.9,MP,3
64116,3,All B are C,All A are C,3.0,0.0,3,3,3,1,0.5,4.05,0.2,0.9,AC,3
64116,4,All B are C,No A are B,5.3333,2.357,2,7,3,1,0.5,4.05,0.2,0.9,DA,3
64123,1,All B are C,No A are C,2.0,0.0,2,2,3,1,0.5,4.05,0.6000000000000001,0.1,MT,3
64123,2,All B are C,All A are B,2.3333,0.4714,2,3,3,1,0.5,4.05,0.6000000000000001,0.1,MP,3
64123,3,All B are C,All A are C,2.0,0.0,2,2,3,1,0.5,4.05,0.6000000000000001,0.1,AC,3
64123,4,All B are C,No A are B,2.0,0.0,2,2,3,1,0.5,4.05,0.6000000000000001,0.1,DA,3
64159,1,All B are C,No A are C,2.0,0.0,2,2,3,1,0.5,4.05,0.2,0.9,MT,3
64159,2,All B are C,All A are B,2.3333,0.4714,2,3,3,1,0.5,4.05,0.2,0.9,MP,3
64159,3,All B are C,All A are C,3.0,0.0,3,3,3,1,0.5,4.05,0.2,0.9,AC,3
64159,4,All B are C,No A are B,5.3333,2.357,2,7,3,1,0.5,4.05,0.2,0.9,DA,3
64189,1,All B are C,No A are C,2.0,0.0,2,2,3,1,0.5,4.05,0.2,0.9,MT,3
64189,2,All B are C,All A are B,2.3333,0.4714,2,3,3,1,0.5,4.05,0.2,0.9,MP,3
64189,3,All B are C,All A are C,3.0,0.0,3,3,3,1,0.5,4.05,0.2,0.9,AC,3
64189,4,All B are C,No A are B,5.3333,2.357,2,7,3,1,0.5,4.05,0.2,0.9,DA,3
64222,1,All B are C,No A are C,2.0,0.0,2,2,3,1,0.5,4.05,0.2,0.9,MT,3
64222,2,All B are C,All A are B,2.3333,0.4714,2,3,3,1,0.5,4.05,0.2,0.9,MP,3
64222,3,All B are C,All A are C,3.0,0.0,3,3,3,1,0.5,4.05,0.2,0.9,AC,3
64222,4,All B are C,No A are B,5.3333,2.357,2,7,3,1,0.5,4.05,0.2,0.9,DA,3
64250,1,All B are C,No A are C,2.0,0.0,2,2,3,1,0.5,4.05,0.2,0.9,MT,3
64250,2,All B are C,All A are B,2.3333,0.4714,2,3,3,1,0.5,4.05,0.2,0.9,MP,3
64250,3,All B are C,All A are C,3.0,0.0,3,3,3,1,0.5,4.05,0.2,0.9,AC,3
64250,4,All B are C,No A are B,5.3333,2.357,2,7,3,1,0.5,4.05,0.2,0.9,DA,3
64258,1,All B are C,No A are C,2.0,0.0,2,2,3,1,0.5,4.05,0.7000000000000001,0.9,MT,3
64258,2,All B are C,All A are B,2.0,0.0,2,2,3,1,0.5,4.05,0.7000000000000001,0.9,MP,3
64258,3,All B are C,All A are C,3.0,0.0,3,3,3,1,0.5,4.05,0.7000000000000001,0.9,AC,3
64258,4,All B are C,No A are B,6.3333,0.4714,6,7,3,1,0.5,4.05,0.7000000000000001,0.9,DA,3
64270,1,All B are C,No A are C,2.0,0.0,2,2,3,1,0.5,4.05,0.2,0.9,MT,3
64270,2,All B are C,All A are B,2.3333,0.4714,2,3,3,1,0.5,4.05,0.2,0.9,MP,3
64270,3,All B are C,All A are C,3.0,0.0,3,3,3,1,0.5,4.05,0.2,0.9,AC,3
64270,4,All B are C,No A are B,5.3333,2.357,2,7,3,1,0.5,4.05,0.2,0.9,DA,3
64312,1,All B are C,No A are C,2.0,0.0,2,2,3,1,0.5,4.05,0.5,0.5,MT,3
64312,2,All B are C,All A are B,2.3333,0.4714,2,3,3,1,0.5,4.05,0.5,0.5,MP,3
64312,3,All B are C,All A are C,2.6667,0.4714,2,3,3,1,0.5,4.05,0.5,0.5,AC,3
64312,4,All B are C,No A are B,3.3333,1.8856,2,6,3,1,0.5,4.05,0.5,0.5,DA,3
64363,1,All B are C,No A are C,2.0,0.0,2,2,3,1,0.5,4.05,0.6000000000000001,0.1,MT,3
64363,2,All B are C,All A are B,2.3333,0.4714,2,3,3,1,0.5,4.05,0.6000000000000001,0.1,MP,3
64363,3,All B are C,All A are C,2.0,0.0,2,2,3,1,0.5,4.05,0.6000000000000001,0.1,AC,3
64363,4,All B are C,No A are B,2.0,0.0,2,2,3,1,0.5,4.05,0.6000000000000001,0.1,DA,3
64369,1,All B are C,No A are C,2.0,0.0,2,2,3,1,0.5,4.05,0.2,0.9,MT,3
64369,2,All B are C,All A are B,2.3333,0.4714,2,3,3,1,0.5,4.05,0.2,0.9,MP,3
64369,3,All B are C,All A are C,3.0,0.0,3,3,3,1,0.5,4.05,0.2,0.9,AC,3
64369,4,All B are C,No A are B,5.3333,2.357,2,7,3,1,0.5,4.05,0.2,0.9,DA,3
64386,1,All B are C,No A are C,2.0,0.0,2,2,3,1,0.5,4.05,0.2,0.9,MT,3
64386,2,All B are C,All A are B,2.3333,0.4714,2,3,3,1,0.5,4.05,0.2,0.9,MP,3
64386,3,All B are C,All A are C,3.0,0.0,3,3,3,1,0.5,4.05,0.2,0.9,AC,3
64386,4,All B are C,No A are B,5.3333,2.357,2,7,3,1,0.5,4.05,0.2,0.9,DA,3
64388,1,All B are C,No A are C,2.0,0.0,2,2,3,1,0.5,4.05,0.2,0.9,MT,3
64388,2,All B are C,All A are B,2.3333,0.4714,2,3,3,1,0.5,4.05,0.2,0.9,MP,3
64388,3,All B are C,All A are C,3.0,0.0,3,3,3,1,0.5,4.05,0.2,0.9,AC,3
64388,4,All B are C,No A are B,5.3333,2.357,2,7,3,1,0.5,4.05,0.2,0.9,DA,3
64392,1,All B are C,No A are C,2.0,0.0,2,2,3,1,0.5,4.05,0.6000000000000001,0.1,MT,3
64392,2,All B are C,All A are B,2.3333,0.4714,2,3,3,1,0.5,4.05,0.6000000000000001,0.1,MP,3
64392,3,All B are C,All A are C,2.0,0.0,2,2,3,1,0.5,4.05,0.6000000000000001,0.1,AC,3
64392,4,All B are C,No A are B,2.0,0.0,2,2,3,1,0.5,4.05,0.6000000000000001,0.1,DA,3
64434,1,All B are C,No A are C,2.0,0.0,2,2,3,1,0.5,4.05,0.5,0.8,MT,3
64434,2,All B are C,All A are B,2.6667,0.4714,2,3,3,1,0.5,4.05,0.5,0.8,MP,3
64434,3,All B are C,All A are C,2.6667,0.4714,2,3,3,1,0.5,4.05,0.5,0.8,AC,3
64434,4,All B are C,No A are B,7.3333,0.4714,7,8,3,1,0.5,4.05,0.5,0.8,DA,3
64438,1,All B are C,No A are C,2.0,0.0,2,2,3,1,0.5,4.05,0.2,0.9,MT,3
64438,2,All B are C,All A are B,2.3333,0.4714,2,3,3,1,0.5,4.05,0.2,0.9,MP,3
64438,3,All B are C,All A are C,3.0,0.0,3,3,3,1,0.5,4.05,0.2,0.9,AC,3
64438,4,All B are C,No A are B,5.3333,2.357,2,7,3,1,0.5,4.05,0.2,0.9,DA,3
64450,1,All B are C,No A are C,2.0,0.0,2,2,3,1,0.5,4.05,0.5,0.2,MT,3
64450,2,All B are C,All A are B,2.3333,0.4714,2,3,3,1,0.5,4.05,0.5,0.2,MP,3
64450,3,All B are C,All A are C,2.3333,0.4714,2,3,3,1,0.5,4.05,0.5,0.2,AC,3
64450,4,All B are C,No A are B,3.6667,2.357,2,7,3,1,0.5,4.05,0.5,0.2,DA,3
64597,1,All B are C,No A are C,2.0,0.0,2,2,3,1,0.6000000000000001,3.26,0.0,0.5,MT,3
64597,2,All B are C,All A are B,2.3333,0.4714,2,3,3,1,0.6000000000000001,3.26,0.0,0.5,MP,3
64597,3,All B are C,All A are C,3.0,0.0,3,3,3,1,0.6000000000000001,3.26,0.0,0.5,AC,3
64597,4,All B are C,No A are B,3.3333,1.8856,2,6,3,1,0.6000000000000001,3.26,0.0,0.5,DA,3
64615,1,All B are C,No A are C,2.0,0.0,2,2,3,1,0.5,4.05,0.5,0.2,MT,3
64615,2,All B are C,All A are B,2.3333,0.4714,2,3,3,1,0.5,4.05,0.5,0.2,MP,3
64615,3,All B are C,All A are C,2.3333,0.4714,2,3,3,1,0.5,4.05,0.5,0.2,AC,3
64615,4,All B are C,No A are B,3.6667,2.357,2,7,3,1,0.5,4.05,0.5,0.2,DA,3
64652,1,All B are C,No A are C,2.0,0.0,2,2,3,1,0.5,4.05,0.2,0.9,MT,3
64652,2,All B are C,All A are B,2.3333,0.4714,2,3,3,1,0.5,4.05,0.2,0.9,MP,3
64652,3,All B are C,All A are C,3.0,0.0,3,3,3,1,0.5,4.05,0.2,0.9,AC,3
64652,4,All B are C,No A are B,5.3333,2.357,2,7,3,1,0.5,4.05,0.2,0.9,DA,3
64685,1,All B are C,No A are C,2.0,0.0,2,2,3,1,0.5,4.05,0.5,0.8,MT,3
64685,2,All B are C,All A are B,2.6667,0.4714,2,3,3,1,0.5,4.05,0.5,0.8,MP,3
64685,3,All B are C,All A are C,2.6667,0.4714,2,3,3,1,0.5,4.05,0.5,0.8,AC,3
64685,4,All B are C,No A are B,7.3333,0.4714,7,8,3,1,0.5,4.05,0.5,0.8,DA,3
64695,1,All B are C,No A are C,2.0,0.0,2,2,3,1,0.5,4.05,0.7000000000000001,0.9,MT,3
64695,2,All B are C,All A are B,2.0,0.0,2,2,3,1,0.5,4.05,0.7000000000000001,0.9,MP,3
64695,3,All B are C,All A are C,3.0,0.0,3,3,3,1,0.5,4.05,0.7000000000000001,0.9,AC,3
64695,4,All B are C,No A are B,6.3333,0.4714,6,7,3,1,0.5,4.05,0.7000000000000001,0.9,DA,3
64707,1,All B are C,No A are C,2.0,0.0,2,2,3,1,0.5,4.05,0.6000000000000001,0.1,MT,3
64707,2,All B are C,All A are B,2.3333,0.4714,2,3,3,1,0.5,4.05,0.6000000000000001,0.1,MP,3
64707,3,All B are C,All A are C,2.0,0.0,2,2,3,1,0.5,4.05,0.6000000000000001,0.1,AC,3
64707,4,All B are C,No A are B,2.0,0.0,2,2,3,1,0.5,4.05,0.6000000000000001,0.1,DA,3
64708,1,All B are C,No A are C,2.0,0.0,2,2,3,1,0.5,4.05,0.2,0.9,MT,3
64708,2,All B are C,All A are B,2.3333,0.4714,2,3,3,1,0.5,4.05,0.2,0.9,MP,3
64708,3,All B are C,All A are C,3.0,0.0,3,3,3,1,0.5,4.05,0.2,0.9,AC,3
64708,4,All B are C,No A are B,5.3333,2.357,2,7,3,1,0.5,4.05,0.2,0.9,DA,3
64776,1,All B are C,No A are C,2.0,0.0,2,2,3,1,0.5,4.05,0.6000000000000001,0.1,MT,3
64776,2,All B are C,All A are B,2.3333,0.4714,2,3,3,1,0.5,4.05,0.6000000000000001,0.1,MP,3
64776,3,All B are C,All A are C,2.0,0.0,2,2,3,1,0.5,4.05,0.6000000000000001,0.1,AC,3
64776,4,All B are C,No A are B,2.0,0.0,2,2,3,1,0.5,4.05,0.6000000000000001,0.1,DA,3
64793,1,All B are C,No A are C,2.0,0.0,2,2,3,1,0.5,4.05,0.6000000000000001,0.1,MT,3
64793,2,All B are C,All A are B,2.3333,0.4714,2,3,3,1,0.5,4.05,0.6000000000000001,0.1,MP,3
64793,3,All B are C,All A are C,2.0,0.0,2,2,3,1,0.5,4.05,0.6000000000000001,0.1,AC,3
64793,4,All B are C,No A are B,2.0,0.0,2,2,3,1,0.5,4.05,0.6000000000000001,0.1,DA,3
64806,1,All B are C,No A are C,2.0,0.0,2,2,3,1,0.5,4.05,0.2,0.9,MT,3
64806,2,All B are C,All A are B,2.3333,0.4714,2,3,3,1,0.5,4.05,0.2,0.9,MP,3
64806,3,All B are C,All A are C,3.0,0.0,3,3,3,1,0.5,4.05,0.2,0.9,AC,3
64806,4,All B are C,No A are B,5.3333,2.357,2,7,3,1,0.5,4.05,0.2,0.9,DA,3
64843,1,All B are C,No A are C,2.0,0.0,2,2,3,1,0.6000000000000001,3.26,0.0,0.5,MT,3
64843,2,All B are C,All A are B,2.3333,0.4714,2,3,3,1,0.6000000000000001,3.26,0.0,0.5,MP,3
64843,3,All B are C,All A are C,3.0,0.0,3,3,3,1,0.6000000000000001,3.26,0.0,0.5,AC,3
64843,4,All B are C,No A are B,3.3333,1.8856,2,6,3,1,0.6000000000000001,3.26,0.0,0.5,DA,3
64869,1,All B are C,No A are C,2.0,0.0,2,2,3,1,0.5,4.05,0.6000000000000001,0.1,MT,3
64869,2,All B are C,All A are B,2.3333,0.4714,2,3,3,1,0.5,4.05,0.6000000000000001,0.1,MP,3
64869,3,All B are C,All A are C,2.0,0.0,2,2,3,1,0.5,4.05,0.6000000000000001,0.1,AC,3
64869,4,All B are C,No A are B,2.0,0.0,2,2,3,1,0.5,4.05,0.6000000000000001,0.1,DA,3
64871,1,All B are C,No A are C,2.0,0.0,2,2,3,1,0.6000000000000001,3.26,0.0,0.5,MT,3
64871,2,All B are C,All A are B,2.3333,0.4714,2,3,3,1,0.6000000000000001,3.26,0.0,0.5,MP,3
64871,3,All B are C,All A are C,3.0,0.0,3,3,3,1,0.6000000000000001,3.26,0.0,0.5,AC,3
64871,4,All B are C,No A are B,3.3333,1.8856,2,6,3,1,0.6000000000000001,3.26,0.0,0.5,DA,3
64882,1,All B are C,No A are C,2.0,0.0,2,2,3,1,0.5,4.05,0.6000000000000001,0.1,MT,3
64882,2,All B are C,All A are B,2.3333,0.4714,2,3,3,1,0.5,4.05,0.6000000000000001,0.1,MP,3
64882,3,All B are C,All A are C,2.0,0.0,2,2,3,1,0.5,4.05,0.6000000000000001,0.1,AC,3
64882,4,All B are C,No A are B,2.0,0.0,2,2,3,1,0.5,4.05,0.6000000000000001,0.1,DA,3
64888,1,All B are C,No A are C,2.0,0.0,2,2,3,1,0.5,4.05,0.2,0.9,MT,3
64888,2,All B are C,All A are B,2.3333,0.4714,2,3,3,1,0.5,4.05,0.2,0.9,MP,3
64888,3,All B are C,All A are C,3.0,0.0,3,3,3,1,0.5,4.05,0.2,0.9,AC,3
64888,4,All B are C,No A are B,5.3333,2.357,2,7,3,1,0.5,4.05,0.2,0.9,DA,3
64890,1,All B are C,No A are C,2.0,0.0,2,2,3,1,0.6000000000000001,3.26,0.0,0.5,MT,3
64890,2,All B are C,All A are B,2.3333,0.4714,2,3,3,1,0.6000000000000001,3.26,0.0,0.5,MP,3
64890,3,All B are C,All A are C,3.0,0.0,3,3,3,1,0.6000000000000001,3.26,0.0,0.5,AC,3
64890,4,All B are C,No A are B,3.3333,1.8856,2,6,3,1,0.6000000000000001,3.26,0.0,0.5,DA,3
64919,1,All B are C,No A are C,2.0,0.0,2,2,3,1,0.5,4.05,0.2,0.9,MT,3
64919,2,All B are C,All A are B,2.3333,0.4714,2,3,3,1,0.5,4.05,0.2,0.9,MP,3
64919,3,All B are C,All A are C,3.0,0.0,3,3,3,1,0.5,4.05,0.2,0.9,AC,3
64919,4,All B are C,No A are B,5.3333,2.357,2,7,3,1,0.5,4.05,0.2,0.9,DA,3
64923,1,All B are C,No A are C,2.0,0.0,2,2,3,1,0.6000000000000001,3.26,0.0,0.5,MT,3
64923,2,All B are C,All A are B,2.3333,0.4714,2,3,3,1,0.6000000000000001,3.26,0.0,0.5,MP,3
64923,3,All B are C,All A are C,3.0,0.0,3,3,3,1,0.6000000000000001,3.26,0.0,0.5,AC,3
64923,4,All B are C,No A are B,3.3333,1.8856,2,6,3,1,0.6000000000000001,3.26,0.0,0.5,DA,3
64926,1,All B are C,No A are C,2.0,0.0,2,2,3,1,0.5,4.05,0.5,0.5,MT,3
64926,2,All B are C,All A are B,2.3333,0.4714,2,3,3,1,0.5,4.05,0.5,0.5,MP,3
64926,3,All B are C,All A are C,2.6667,0.4714,2,3,3,1,0.5,4.05,0.5,0.5,AC,3
64926,4,All B are C,No A are B,3.3333,1.8856,2,6,3,1,0.5,4.05,0.5,0.5,DA,3
64939,1,All B are C,No A are C,2.0,0.0,2,2,3,1,0.5,4.05,0.6000000000000001,0.1,MT,3
64939,2,All B are C,All A are B,2.3333,0.4714,2,3,3,1,0.5,4.05,0.6000000000000001,0.1,MP,3
64939,3,All B are C,All A are C,2.0,0.0,2,2,3,1,0.5,4.05,0.6000000000000001,0.1,AC,3
64939,4,All B are C,No A are B,2.0,0.0,2,2,3,1,0.5,4.05,0.6000000000000001,0.1,DA,3
64947,1,All B are C,No A are C,2.0,0.0,2,2,3,1,0.5,4.05,0.5,0.2,MT,3
64947,2,All B are C,All A are B,2.3333,0.4714,2,3,3,1,0.5,4.05,0.5,0.2,MP,3
64947,3,All B are C,All A are C,2.3333,0.4714,2,3,3,1,0.5,4.05,0.5,0.2,AC,3
64947,4,All B are C,No A are B,3.6667,2.357,2,7,3,1,0.5,4.05,0.5,0.2,DA,3
64973,1,All B are C,No A are C,2.0,0.0,2,2,3,1,0.5,4.05,0.5,0.2,MT,3
64973,2,All B are C,All A are B,2.3333,0.4714,2,3,3,1,0.5,4.05,0.5,0.2,MP,3
64973,3,All B are C,All A are C,2.3333,0.4714,2,3,3,1,0.5,4.05,0.5,0.2,AC,3
64973,4,All B are C,No A are B,3.6667,2.357,2,7,3,1,0.5,4.05,0.5,0.2,DA,3
64976,1,All B are C,No A are C,2.0,0.0,2,2,3,1,0.5,4.05,0.6000000000000001,0.1,MT,3
64976,2,All B are C,All A are B,2.3333,0.4714,2,3,3,1,0.5,4.05,0.6000000000000001,0.1,MP,3
64976,3,All B are C,All A are C,2.0,0.0,2,2,3,1,0.5,4.05,0.6000000000000001,0.1,AC,3
64976,4,All B are C,No A are B,2.0,0.0,2,2,3,1,0.5,4.05,0.6000000000000001,0.1,DA,3
65018,1,All B are C,No A are C,2.0,0.0,2,2,3,1,0.6000000000000001,3.26,0.0,0.5,MT,3
65018,2,All B are C,All A are B,2.3333,0.4714,2,3,3,1,0.6000000000000001,3.26,0.0,0.5,MP,3
65018,3,All B are C,All A are C,3.0,0.0,3,3,3,1,0.6000000000000001,3.26,0.0,0.5,AC,3
65018,4,All B are C,No A are B,3.3333,1.8856,2,6,3,1,0.6000000000000001,3.26,0.0,0.5,DA,3
65021,1,All B are C,No A are C,2.0,0.0,2,2,3,1,0.5,4.05,0.2,0.9,MT,3
65021,2,All B are C,All A are B,2.3333,0.4714,2,3,3,1,0.5,4.05,0.2,0.9,MP,3
65021,3,All B are C,All A are C,3.0,0.0,3,3,3,1,0.5,4.05,0.2,0.9,AC,3
65021,4,All B are C,No A are B,5.3333,2.357,2,7,3,1,0.5,4.05,0.2,0.9,DA,3
65028,1,All B are C,No A are C,2.0,0.0,2,2,3,1,0.5,4.05,0.2,0.9,MT,3
65028,2,All B are C,All A are B,2.3333,0.4714,2,3,3,1,0.5,4.05,0.2,0.9,MP,3
65028,3,All B are C,All A are C,3.0,0.0,3,3,3,1,0.5,4.05,0.2,0.9,AC,3
65028,4,All B are C,No A are B,5.3333,2.357,2,7,3,1,0.5,4.05,0.2,0.9,DA,3
65048,1,All B are C,No A are C,2.0,0.0,2,2,3,1,0.5,4.05,0.6000000000000001,0.1,MT,3
65048,2,All B are C,All A are B,2.3333,0.4714,2,3,3,1,0.5,4.05,0.6000000000000001,0.1,MP,3
65048,3,All B are C,All A are C,2.0,0.0,2,2,3,1,0.5,4.05,0.6000000000000001,0.1,AC,3
65048,4,All B are C,No A are B,2.0,0.0,2,2,3,1,0.5,4.05,0.6000000000000001,0.1,DA,3
65063,1,All B are C,No A are C,2.0,0.0,2,2,3,1,0.5,4.05,0.5,0.2,MT,3
65063,2,All B are C,All A are B,2.3333,0.4714,2,3,3,1,0.5,4.05,0.5,0.2,MP,3
65063,3,All B are C,All A are C,2.3333,0.4714,2,3,3,1,0.5,4.05,0.5,0.2,AC,3
65063,4,All B are C,No A are B,3.6667,2.357,2,7,3,1,0.5,4.05,0.5,0.2,DA,3
65065,1,All B are C,No A are C,2.0,0.0,2,2,3,1,0.5,4.05,0.2,0.9,MT,3
65065,2,All B are C,All A are B,2.3333,0.4714,2,3,3,1,0.5,4.05,0.2,0.9,MP,3
65065,3,All B are C,All A are C,3.0,0.0,3,3,3,1,0.5,4.05,0.2,0.9,AC,3
65065,4,All B are C,No A are B,5.3333,2.357,2,7,3,1,0.5,4.05,0.2,0.9,DA,3
65071,1,All B are C,No A are C,2.0,0.0,2,2,3,1,0.5,4.05,0.6000000000000001,0.1,MT,3
65071,2,All B are C,All A are B,2.3333,0.4714,2,3,3,1,0.5,4.05,0.6000000000000001,0.1,MP,3
65071,3,All B are C,All A are C,2.0,0.0,2,2,3,1,0.5,4.05,0.6000000000000001,0.1,AC,3
65071,4,All B are C,No A are B,2.0,0.0,2,2,3,1,0.5,4.05,0.6000000000000001,0.1,DA,3
65079,1,All B are C,No A are C,2.0,0.0,2,2,3,1,0.5,4.05,0.7000000000000001,0.9,MT,3
65079,2,All B are C,All A are B,2.0,0.0,2,2,3,1,0.5,4.05,0.7000000000000001,0.9,MP,3
65079,3,All B are C,All A are C,3.0,0.0,3,3,3,1,0.5,4.05,0.7000000000000001,0.9,AC,3
65079,4,All B are C,No A are B,6.3333,0.4714,6,7,3,1,0.5,4.05,0.7000000000000001,0.9,DA,3
65080,1,All B are C,No A are C,2.0,0.0,2,2,3,1,0.5,4.05,0.2,0.9,MT,3
65080,2,All B are C,All A are B,2.3333,0.4714,2,3,3,1,0.5,4.05,0.2,0.9,MP,3
65080,3,All B are C,All A are C,3.0,0.0,3,3,3,1,0.5,4.05,0.2,0.9,AC,3
65080,4,All B are C,No A are B,5.3333,2.357,2,7,3,1,0.5,4.05,0.2,0.9,DA,3
65088,1,All B are C,No A are C,2.0,0.0,2,2,3,1,0.5,4.05,0.5,0.2,MT,3
65088,2,All B are C,All A are B,2.3333,0.4714,2,3,3,1,0.5,4.05,0.5,0.2,MP,3
65088,3,All B are C,All A are C,2.3333,0.4714,2,3,3,1,0.5,4.05,0.5,0.2,AC,3
65088,4,All B are C,No A are B,3.6667,2.357,2,7,3,1,0.5,4.05,0.5,0.2,DA,3
65112,1,All B are C,No A are C,2.0,0.0,2,2,3,1,0.5,4.05,0.2,0.9,MT,3
65112,2,All B are C,All A are B,2.3333,0.4714,2,3,3,1,0.5,4.05,0.2,0.9,MP,3
65112,3,All B are C,All A are C,3.0,0.0,3,3,3,1,0.5,4.05,0.2,0.9,AC,3
65112,4,All B are C,No A are B,5.3333,2.357,2,7,3,1,0.5,4.05,0.2,0.9,DA,3
65163,1,All B are C,No A are C,2.0,0.0,2,2,3,1,0.5,4.05,0.5,0.2,MT,3
65163,2,All B are C,All A are B,2.3333,0.4714,2,3,3,1,0.5,4.05,0.5,0.2,MP,3
65163,3,All B are C,All A are C,2.3333,0.4714,2,3,3,1,0.5,4.05,0.5,0.2,AC,3
65163,4,All B are C,No A are B,3.6667,2.357,2,7,3,1,0.5,4.05,0.5,0.2,DA,3
65216,1,All B are C,No A are C,2.0,0.0,2,2,3,1,0.5,4.05,0.5,0.8,MT,3
65216,2,All B are C,All A are B,2.6667,0.4714,2,3,3,1,0.5,4.05,0.5,0.8,MP,3
65216,3,All B are C,All A are C,2.6667,0.4714,2,3,3,1,0.5,4.05,0.5,0.8,AC,3
65216,4,All B are C,No A are B,7.3333,0.4714,7,8,3,1,0.5,4.05,0.5,0.8,DA,3
65222,1,All B are C,No A are C,2.0,0.0,2,2,3,1,0.5,4.05,0.6000000000000001,0.1,MT,3
65222,2,All B are C,All A are B,2.3333,0.4714,2,3,3,1,0.5,4.05,0.6000000000000001,0.1,MP,3
65222,3,All B are C,All A are C,2.0,0.0,2,2,3,1,0.5,4.05,0.6000000000000001,0.1,AC,3
65222,4,All B are C,No A are B,2.0,0.0,2,2,3,1,0.5,4.05,0.6000000000000001,0.1,DA,3
65278,1,All B are C,No A are C,2.0,0.0,2,2,3,1,0.5,4.05,0.2,0.9,MT,3
65278,2,All B are C,All A are B,2.3333,0.4714,2,3,3,1,0.5,4.05,0.2,0.9,MP,3
65278,3,All B are C,All A are C,3.0,0.0,3,3,3,1,0.5,4.05,0.2,0.9,AC,3
65278,4,All B are C,No A are B,5.3333,2.357,2,7,3,1,0.5,4.05,0.2,0.9,DA,3
65305,1,All B are C,No A are C,2.0,0.0,2,2,3,1,0.5,4.05,0.6000000000000001,0.1,MT,3
65305,2,All B are C,All A are B,2.3333,0.4714,2,3,3,1,0.5,4.05,0.6000000000000001,0.1,MP,3
65305,3,All B are C,All A are C,2.0,0.0,2,2,3,1,0.5,4.05,0.6000000000000001,0.1,AC,3
65305,4,All B are C,No A are B,2.0,0.0,2,2,3,1,0.5,4.05,0.6000000000000001,0.1,DA,3
65322,1,All B are C,No A are C,2.0,0.0,2,2,3,1,0.5,4.05,0.2,0.9,MT,3
65322,2,All B are C,All A are B,2.3333,0.4714,2,3,3,1,0.5,4.05,0.2,0.9,MP,3
65322,3,All B are C,All A are C,3.0,0.0,3,3,3,1,0.5,4.05,0.2,0.9,AC,3
65322,4,All B are C,No A are B,5.3333,2.357,2,7,3,1,0.5,4.05,0.2,0.9,DA,3
65323,1,All B are C,No A are C,2.0,0.0,2,2,3,1,0.5,4.05,0.6000000000000001,0.1,MT,3
65323,2,All B are C,All A are B,2.3333,0.4714,2,3,3,1,0.5,4.05,0.6000000000000001,0.1,MP,3
65323,3,All B are C,All A are C,2.0,0.0,2,2,3,1,0.5,4.05,0.6000000000000001,0.1,AC,3
65323,4,All B are C,No A are B,2.0,0.0,2,2,3,1,0.5,4.05,0.6000000000000001,0.1,DA,3
65466,1,All B are C,No A are C,2.0,0.0,2,2,3,1,0.5,4.05,0.6000000000000001,0.1,MT,3
65466,2,All B are C,All A are B,2.3333,0.4714,2,3,3,1,0.5,4.05,0.6000000000000001,0.1,MP,3
65466,3,All B are C,All A are C,2.0,0.0,2,2,3,1,0.5,4.05,0.6000000000000001,0.1,AC,3
65466,4,All B are C,No A are B,2.0,0.0,2,2,3,1,0.5,4.05,0.6000000000000001,0.1,DA,3
65502,1,All B are C,No A are C,2.0,0.0,2,2,3,1,0.5,4.05,0.2,0.9,MT,3
65502,2,All B are C,All A are B,2.3333,0.4714,2,3,3,1,0.5,4.05,0.2,0.9,MP,3
65502,3,All B are C,All A are C,3.0,0.0,3,3,3,1,0.5,4.05,0.2,0.9,AC,3
65502,4,All B are C,No A are B,5.3333,2.357,2,7,3,1,0.5,4.05,0.2,0.9,DA,3
65527,1,All B are C,No A are C,2.0,0.0,2,2,3,1,0.5,4.05,0.7000000000000001,0.9,MT,3
65527,2,All B are C,All A are B,2.0,0.0,2,2,3,1,0.5,4.05,0.7000000000000001,0.9,MP,3
65527,3,All B are C,All A are C,3.0,0.0,3,3,3,1,0.5,4.05,0.7000000000000001,0.9,AC,3
65527,4,All B are C,No A are B,6.3333,0.4714,6,7,3,1,0.5,4.05,0.7000000000000001,0.9,DA,3
65554,1,All B are C,No A are C,2.0,0.0,2,2,3,1,0.5,4.05,0.2,0.9,MT,3
65554,2,All B are C,All A are B,2.3333,0.4714,2,3,3,1,0.5,4.05,0.2,0.9,MP,3
65554,3,All B are C,All A are C,3.0,0.0,3,3,3,1,0.5,4.05,0.2,0.9,AC,3
65554,4,All B are C,No A are B,5.3333,2.357,2,7,3,1,0.5,4.05,0.2,0.9,DA,3
65585,1,All B are C,No A are C,2.0,0.0,2,2,3,1,0.5,4.05,0.2,0.9,MT,3
65585,2,All B are C,All A are B,2.3333,0.4714,2,3,3,1,0.5,4.05,0.2,0.9,MP,3
65585,3,All B are C,All A are C,3.0,0.0,3,3,3,1,0.5,4.05,0.2,0.9,AC,3
65585,4,All B are C,No A are B,5.3333,2.357,2,7,3,1,0.5,4.05,0.2,0.9,DA,3
65600,1,All B are C,No A are C,2.0,0.0,2,2,3,1,0.5,4.05,0.6000000000000001,0.1,MT,3
65600,2,All B are C,All A are B,2.3333,0.4714,2,3,3,1,0.5,4.05,0.6000000000000001,0.1,MP,3
65600,3,All B are C,All A are C,2.0,0.0,2,2,3,1,0.5,4.05,0.6000000000000001,0.1,AC,3
65600,4,All B are C,No A are B,2.0,0.0,2,2,3,1,0.5,4.05,0.6000000000000001,0.1,DA,3
65909,1,All B are C,No A are C,2.0,0.0,2,2,3,1,0.5,4.05,0.6000000000000001,0.1,MT,3
65909,2,All B are C,All A are B,2.3333,0.4714,2,3,3,1,0.5,4.05,0.6000000000000001,0.1,MP,3
65909,3,All B are C,All A are C,2.0,0.0,2,2,3,1,0.5,4.05,0.6000000000000001,0.1,AC,3
65909,4,All B are C,No A are B,2.0,0.0,2,2,3,1,0.5,4.05,0.6000000000000001,0.1,DA,3
65973,1,All B are C,No A are C,2.0,0.0,2,2,3,1,0.5,4.05,0.2,0.9,MT,3
65973,2,All B are C,All A are B,2.3333,0.4714,2,3,3,1,0.5,4.05,0.2,0.9,MP,3
65973,3,All B are C,All A are C,3.0,0.0,3,3,3,1,0.5,4.05,0.2,0.9,AC,3
65973,4,All B are C,No A are B,5.3333,2.357,2,7,3,1,0.5,4.05,0.2,0.9,DA,3
65995,1,All B are C,No A are C,2.0,0.0,2,2,3,1,0.5,4.05,0.6000000000000001,0.1,MT,3
65995,2,All B are C,All A are B,2.3333,0.4714,2,3,3,1,0.5,4.05,0.6000000000000001,0.1,MP,3
65995,3,All B are C,All A are C,2.0,0.0,2,2,3,1,0.5,4.05,0.6000000000000001,0.1,AC,3
65995,4,All B are C,No A are B,2.0,0.0,2,2,3,1,0.5,4.05,0.6000000000000001,0.1,DA,3
66020,1,All B are C,No A are C,2.0,0.0,2,2,3,1,0.5,4.05,0.6000000000000001,0.1,MT,3
66020,2,All B are C,All A are B,2.3333,0.4714,2,3,3,1,0.5,4.05,0.6000000000000001,0.1,MP,3
66020,3,All B are C,All A are C,2.0,0.0,2,2,3,1,0.5,4.05,0.6000000000000001,0.1,AC,3
66020,4,All B are C,No A are B,2.0,0.0,2,2,3,1,0.5,4.05,0.6000000000000001,0.1,DA,3
66022,1,All B are C,No A are C,2.0,0.0,2,2,3,1,0.5,4.05,0.6000000000000001,0.1,MT,3
66022,2,All B are C,All A are B,2.3333,0.4714,2,3,3,1,0.5,4.05,0.6000000000000001,0.1,MP,3
66022,3,All B are C,All A are C,2.0,0.0,2,2,3,1,0.5,4.05,0.6000000000000001,0.1,AC,3
66022,4,All B are C,No A are B,2.0,0.0,2,2,3,1,0.5,4.05,0.6000000000000001,0.1,DA,3
66036,1,All B are C,No A are C,2.0,0.0,2,2,3,1,0.6000000000000001,3.26,0.0,0.5,MT,3
66036,2,All B are C,All A are B,2.3333,0.4714,2,3,3,1,0.6000000000000001,3.26,0.0,0.5,MP,3
66036,3,All B are C,All A are C,3.0,0.0,3,3,3,1,0.6000000000000001,3.26,0.0,0.5,AC,3
66036,4,All B are C,No A are B,3.3333,1.8856,2,6,3,1,0.6000000000000001,3.26,0.0,0.5,DA,3
66050,1,All B are C,No A are C,2.0,0.0,2,2,3,1,0.5,4.05,0.6000000000000001,0.1,MT,3
66050,2,All B are C,All A are B,2.3333,0.4714,2,3,3,1,0.5,4.05,0.6000000000000001,0.1,MP,3
66050,3,All B are C,All A are C,2.0,0.0,2,2,3,1,0.5,4.05,0.6000000000000001,0.1,AC,3
66050,4,All B are C,No A are B,2.0,0.0,2,2,3,1,0.5,4.05,0.6000000000000001,0.1,DA,3
66057,1,All B are C,No A are C,2.0,0.0,2,2,3,1,0.5,4.05,0.2,0.9,MT,3
66057,2,All B are C,All A are B,2.3333,0.4714,2,3,3,1,0.5,4.05,0.2,0.9,MP,3
66057,3,All B are C,All A are C,3.0,0.0,3,3,3,1,0.5,4.05,0.2,0.9,AC,3
66057,4,All B are C,No A are B,5.3333,2.357,2,7,3,1,0.5,4.05,0.2,0.9,DA,3
66073,1,All B are C,No A are C,2.0,0.0,2,2,3,1,0.5,4.05,0.6000000000000001,0.1,MT,3
66073,2,All B are C,All A are B,2.3333,0.4714,2,3,3,1,0.5,4.05,0.6000000000000001,0.1,MP,3
66073,3,All B are C,All A are C,2.0,0.0,2,2,3,1,0.5,4.05,0.6000000000000001,0.1,AC,3
66073,4,All B are C,No A are B,2.0,0.0,2,2,3,1,0.5,4.05,0.6000000000000001,0.1,DA,3
66085,1,All B are C,No A are C,2.0,0.0,2,2,3,1,0.5,4.05,0.2,0.9,MT,3
66085,2,All B are C,All A are B,2.3333,0.4714,2,3,3,1,0.5,4.05,0.2,0.9,MP,3
66085,3,All B are C,All A are C,3.0,0.0,3,3,3,1,0.5,4.05,0.2,0.9,AC,3
66085,4,All B are C,No A are B,5.3333,2.357,2,7,3,1,0.5,4.05,0.2,0.9,DA,3
66087,1,All B are C,No A are C,2.0,0.0,2,2,3,1,0.5,4.05,0.2,0.9,MT,3
66087,2,All B are C,All A are B,2.3333,0.4714,2,3,3,1,0.5,4.05,0.2,0.9,MP,3
66087,3,All B are C,All A are C,3.0,0.0,3,3,3,1,0.5,4.05,0.2,0.9,AC,3
66087,4,All B are C,No A are B,5.3333,2.357,2,7,3,1,0.5,4.05,0.2,0.9,DA,3
66089,1,All B are C,No A are C,2.0,0.0,2,2,3,1,0.5,4.05,0.2,0.9,MT,3
66089,2,All B are C,All A are B,2.3333,0.4714,2,3,3,1,0.5,4.05,0.2,0.9,MP,3
66089,3,All B are C,All A are C,3.0,0.0,3,3,3,1,0.5,4.05,0.2,0.9,AC,3
66089,4,All B are C,No A are B,5.3333,2.357,2,7,3,1,0.5,4.05,0.2,0.9,DA,3
66121,1,All B are C,No A are C,2.0,0.0,2,2,3,1,0.5,4.05,0.2,0.9,MT,3
66121,2,All B are C,All A are B,2.3333,0.4714,2,3,3,1,0.5,4.05,0.2,0.9,MP,3
66121,3,All B are C,All A are C,3.0,0.0,3,3,3,1,0.5,4.05,0.2,0.9,AC,3
66121,4,All B are C,No A are B,5.3333,2.357,2,7,3,1,0.5,4.05,0.2,0.9,DA,3
66151,1,All B are C,No A are C,2.0,0.0,2,2,3,1,0.5,4.05,0.2,0.9,MT,3
66151,2,All B are C,All A are B,2.3333,0.4714,2,3,3,1,0.5,4.05,0.2,0.9,MP,3
66151,3,All B are C,All A are C,3.0,0.0,3,3,3,1,0.5,4.05,0.2,0.9,AC,3
66151,4,All B are C,No A are B,5.3333,2.357,2,7,3,1,0.5,4.05,0.2,0.9,DA,3
66157,1,All B are C,No A are C,2.0,0.0,2,2,3,1,0.5,4.05,0.5,0.8,MT,3
66157,2,All B are C,All A are B,2.6667,0.4714,2,3,3,1,0.5,4.05,0.5,0.8,MP,3
66157,3,All B are C,All A are C,2.6667,0.4714,2,3,3,1,0.5,4.05,0.5,0.8,AC,3
66157,4,All B are C,No A are B,7.3333,0.4714,7,8,3,1,0.5,4.05,0.5,0.8,DA,3
66201,1,All B are C,No A are C,2.0,0.0,2,2,3,1,0.6000000000000001,3.26,0.0,0.5,MT,3
66201,2,All B are C,All A are B,2.3333,0.4714,2,3,3,1,0.6000000000000001,3.26,0.0,0.5,MP,3
66201,3,All B are C,All A are C,3.0,0.0,3,3,3,1,0.6000000000000001,3.26,0.0,0.5,AC,3
66201,4,All B are C,No A are B,3.3333,1.8856,2,6,3,1,0.6000000000000001,3.26,0.0,0.5,DA,3
66206,1,All B are C,No A are C,2.0,0.0,2,2,3,1,0.5,4.05,0.2,0.9,MT,3
66206,2,All B are C,All A are B,2.3333,0.4714,2,3,3,1,0.5,4.05,0.2,0.9,MP,3
66206,3,All B are C,All A are C,3.0,0.0,3,3,3,1,0.5,4.05,0.2,0.9,AC,3
66206,4,All B are C,No A are B,5.3333,2.357,2,7,3,1,0.5,4.05,0.2,0.9,DA,3
66275,1,All B are C,No A are C,2.0,0.0,2,2,3,1,0.5,4.05,0.6000000000000001,0.4,MT,3
66275,2,All B are C,All A are B,2.0,0.0,2,2,3,1,0.5,4.05,0.6000000000000001,0.4,MP,3
66275,3,All B are C,All A are C,2.3333,0.4714,2,3,3,1,0.5,4.05,0.6000000000000001,0.4,AC,3
66275,4,All B are C,No A are B,2.0,0.0,2,2,3,1,0.5,4.05,0.6000000000000001,0.4,DA,3
66305,1,All B are C,No A are C,2.0,0.0,2,2,3,1,0.5,4.05,0.6000000000000001,0.1,MT,3
66305,2,All B are C,All A are B,2.3333,0.4714,2,3,3,1,0.5,4.05,0.6000000000000001,0.1,MP,3
66305,3,All B are C,All A are C,2.0,0.0,2,2,3,1,0.5,4.05,0.6000000000000001,0.1,AC,3
66305,4,All B are C,No A are B,2.0,0.0,2,2,3,1,0.5,4.05,0.6000000000000001,0.1,DA,3
66312,1,All B are C,No A are C,2.0,0.0,2,2,3,1,0.5,4.05,0.2,0.9,MT,3
66312,2,All B are C,All A are B,2.3333,0.4714,2,3,3,1,0.5,4.05,0.2,0.9,MP,3
66312,3,All B are C,All A are C,3.0,0.0,3,3,3,1,0.5,4.05,0.2,0.9,AC,3
66312,4,All B are C,No A are B,5.3333,2.357,2,7,3,1,0.5,4.05,0.2,0.9,DA,3
66314,1,All B are C,No A are C,2.0,0.0,2,2,3,1,0.6000000000000001,3.26,0.0,0.5,MT,3
66314,2,All B are C,All A are B,2.3333,0.4714,2,3,3,1,0.6000000000000001,3.26,0.0,0.5,MP,3
66314,3,All B are C,All A are C,3.0,0.0,3,3,3,1,0.6000000000000001,3.26,0.0,0.5,AC,3
66314,4,All B are C,No A are B,3.3333,1.8856,2,6,3,1,0.6000000000000001,3.26,0.0,0.5,DA,3
66373,1,All B are C,No A are C,2.0,0.0,2,2,3,1,0.6000000000000001,3.26,0.0,0.5,MT,3
66373,2,All B are C,All A are B,2.3333,0.4714,2,3,3,1,0.6000000000000001,3.26,0.0,0.5,MP,3
66373,3,All B are C,All A are C,3.0,0.0,3,3,3,1,0.6000000000000001,3.26,0.0,0.5,AC,3
66373,4,All B are C,No A are B,3.3333,1.8856,2,6,3,1,0.6000000000000001,3.26,0.0,0.5,DA,3
66420,1,All B are C,No A are C,2.0,0.0,2,2,3,1,0.5,4.05,0.5,0.5,MT,3
66420,2,All B are C,All A are B,2.3333,0.4714,2,3,3,1,0.5,4.05,0.5,0.5,MP,3
66420,3,All B are C,All A are C,2.6667,0.4714,2,3,3,1,0.5,4.05,0.5,0.5,AC,3
66420,4,All B are C,No A are B,3.3333,1.8856,2,6,3,1,0.5,4.05,0.5,0.5,DA,3
66520,1,All B are C,No A are C,2.0,0.0,2,2,3,1,0.5,4.05,0.2,0.9,MT,3
66520,2,All B are C,All A are B,2.3333,0.4714,2,3,3,1,0.5,4.05,0.2,0.9,MP,3
66520,3,All B are C,All A are C,3.0,0.0,3,3,3,1,0.5,4.05,0.2,0.9,AC,3
66520,4,All B are C,No A are B,5.3333,2.357,2,7,3,1,0.5,4.05,0.2,0.9,DA,3
67013,1,All B are C,No A are C,2.0,0.0,2,2,3,1,0.6000000000000001,3.26,0.0,0.5,MT,3
67013,2,All B are C,All A are B,2.3333,0.4714,2,3,3,1,0.6000000000000001,3.26,0.0,0.5,MP,3
67013,3,All B are C,All A are C,3.0,0.0,3,3,3,1,0.6000000000000001,3.26,0.0,0.5,AC,3
67013,4,All B are C,No A are B,3.3333,1.8856,2,6,3,1,0.6000000000000001,3.26,0.0,0.5,DA,3
67024,1,All B are C,No A are C,2.0,0.0,2,2,3,1,0.5,4.05,0.5,0.2,MT,3
67024,2,All B are C,All A are B,2.3333,0.4714,2,3,3,1,0.5,4.05,0.5,0.2,MP,3
67024,3,All B are C,All A are C,2.3333,0.4714,2,3,3,1,0.5,4.05,0.5,0.2,AC,3
67024,4,All B are C,No A are B,3.6667,2.357,2,7,3,1,0.5,4.05,0.5,0.2,DA,3
67026,1,All B are C,No A are C,2.0,0.0,2,2,3,1,0.5,4.05,0.5,0.2,MT,3
67026,2,All B are C,All A are B,2.3333,0.4714,2,3,3,1,0.5,4.05,0.5,0.2,MP,3
67026,3,All B are C,All A are C,2.3333,0.4714,2,3,3,1,0.5,4.05,0.5,0.2,AC,3
67026,4,All B are C,No A are B,3.6667,2.357,2,7,3,1,0.5,4.05,0.5,0.2,DA,3
67038,1,All B are C,No A are C,2.0,0.0,2,2,3,1,0.5,4.05,0.2,0.9,MT,3
67038,2,All B are C,All A are B,2.3333,0.4714,2,3,3,1,0.5,4.05,0.2,0.9,MP,3
67038,3,All B are C,All A are C,3.0,0.0,3,3,3,1,0.5,4.05,0.2,0.9,AC,3
67038,4,All B are C,No A are B,5.3333,2.357,2,7,3,1,0.5,4.05,0.2,0.9,DA,3
67058,1,All B are C,No A are C,2.0,0.0,2,2,3,1,0.5,4.05,0.2,0.9,MT,3
67058,2,All B are C,All A are B,2.3333,0.4714,2,3,3,1,0.5,4.05,0.2,0.9,MP,3
67058,3,All B are C,All A are C,3.0,0.0,3,3,3,1,0.5,4.05,0.2,0.9,AC,3
67058,4,All B are C,No A are B,5.3333,2.357,2,7,3,1,0.5,4.05,0.2,0.9,DA,3
67100,1,All B are C,No A are C,2.0,0.0,2,2,3,1,0.5,4.05,0.5,0.2,MT,3
67100,2,All B are C,All A are B,2.3333,0.4714,2,3,3,1,0.5,4.05,0.5,0.2,MP,3
67100,3,All B are C,All A are C,2.3333,0.4714,2,3,3,1,0.5,4.05,0.5,0.2,AC,3
67100,4,All B are C,No A are B,3.6667,2.357,2,7,3,1,0.5,4.05,0.5,0.2,DA,3
67105,1,All B are C,No A are C,2.0,0.0,2,2,3,1,0.5,4.05,0.2,0.9,MT,3
67105,2,All B are C,All A are B,2.3333,0.4714,2,3,3,1,0.5,4.05,0.2,0.9,MP,3
67105,3,All B are C,All A are C,3.0,0.0,3,3,3,1,0.5,4.05,0.2,0.9,AC,3
67105,4,All B are C,No A are B,5.3333,2.357,2,7,3,1,0.5,4.05,0.2,0.9,DA,3
67144,1,All B are C,No A are C,2.0,0.0,2,2,3,1,0.6000000000000001,3.26,0.0,0.5,MT,3
67144,2,All B are C,All A are B,2.3333,0.4714,2,3,3,1,0.6000000000000001,3.26,0.0,0.5,MP,3
67144,3,All B are C,All A are C,3.0,0.0,3,3,3,1,0.6000000000000001,3.26,0.0,0.5,AC,3
67144,4,All B are C,No A are B,3.3333,1.8856,2,6,3,1,0.6000000000000001,3.26,0.0,0.5,DA,3
67165,1,All B are C,No A are C,2.0,0.0,2,2,3,1,0.5,4.05,0.2,0.9,MT,3
67165,2,All B are C,All A are B,2.3333,0.4714,2,3,3,1,0.5,4.05,0.2,0.9,MP,3
67165,3,All B are C,All A are C,3.0,0.0,3,3,3,1,0.5,4.05,0.2,0.9,AC,3
67165,4,All B are C,No A are B,5.3333,2.357,2,7,3,1,0.5,4.05,0.2,0.9,DA,3
67179,1,All B are C,No A are C,2.0,0.0,2,2,3,1,0.6000000000000001,3.26,0.0,0.5,MT,3
67179,2,All B are C,All A are B,2.3333,0.4714,2,3,3,1,0.6000000000000001,3.26,0.0,0.5,MP,3
67179,3,All B are C,All A are C,3.0,0.0,3,3,3,1,0.6000000000000001,3.26,0.0,0.5,AC,3
67179,4,All B are C,No A are B,3.3333,1.8856,2,6,3,1,0.6000000000000001,3.26,0.0,0.5,DA,3
67180,1,All B are C,No A are C,2.0,0.0,2,2,3,1,0.5,4.05,0.2,0.9,MT,3
67180,2,All B are C,All A are B,2.3333,0.4714,2,3,3,1,0.5,4.05,0.2,0.9,MP,3
67180,3,All B are C,All A are C,3.0,0.0,3,3,3,1,0.5,4.05,0.2,0.9,AC,3
67180,4,All B are C,No A are B,5.3333,2.357,2,7,3,1,0.5,4.05,0.2,0.9,DA,3
67186,1,All B are C,No A are C,2.0,0.0,2,2,3,1,0.5,4.05,0.6000000000000001,0.4,MT,3
67186,2,All B are C,All A are B,2.0,0.0,2,2,3,1,0.5,4.05,0.6000000000000001,0.4,MP,3
67186,3,All B are C,All A are C,2.3333,0.4714,2,3,3,1,0.5,4.05,0.6000000000000001,0.4,AC,3
67186,4,All B are C,No A are B,2.0,0.0,2,2,3,1,0.5,4.05,0.6000000000000001,0.4,DA,3
67194,1,All B are C,No A are C,2.0,0.0,2,2,3,1,0.6000000000000001,3.26,0.0,0.5,MT,3
67194,2,All B are C,All A are B,2.3333,0.4714,2,3,3,1,0.6000000000000001,3.26,0.0,0.5,MP,3
67194,3,All B are C,All A are C,3.0,0.0,3,3,3,1,0.6000000000000001,3.26,0.0,0.5,AC,3
67194,4,All B are C,No A are B,3.3333,1.8856,2,6,3,1,0.6000000000000001,3.26,0.0,0.5,DA,3
67212,1,All B are C,No A are C,2.0,0.0,2,2,3,1,0.5,4.05,0.6000000000000001,0.1,MT,3
67212,2,All B are C,All A are B,2.3333,0.4714,2,3,3,1,0.5,4.05,0.6000000000000001,0.1,MP,3
67212,3,All B are C,All A are C,2.0,0.0,2,2,3,1,0.5,4.05,0.6000000000000001,0.1,AC,3
67212,4,All B are C,No A are B,2.0,0.0,2,2,3,1,0.5,4.05,0.6000000000000001,0.1,DA,3
67245,1,All B are C,No A are C,2.0,0.0,2,2,3,1,0.6000000000000001,3.26,0.0,0.5,MT,3
67245,2,All B are C,All A are B,2.3333,0.4714,2,3,3,1,0.6000000000000001,3.26,0.0,0.5,MP,3
67245,3,All B are C,All A are C,3.0,0.0,3,3,3,1,0.6000000000000001,3.26,0.0,0.5,AC,3
67245,4,All B are C,No A are B,3.3333,1.8856,2,6,3,1,0.6000000000000001,3.26,0.0,0.5,DA,3
67311,1,All B are C,No A are C,2.0,0.0,2,2,3,1,0.5,4.05,0.2,0.9,MT,3
67311,2,All B are C,All A are B,2.3333,0.4714,2,3,3,1,0.5,4.05,0.2,0.9,MP,3
67311,3,All B are C,All A are C,3.0,0.0,3,3,3,1,0.5,4.05,0.2,0.9,AC,3
67311,4,All B are C,No A are B,5.3333,2.357,2,7,3,1,0.5,4.05,0.2,0.9,DA,3
67317,1,All B are C,No A are C,2.0,0.0,2,2,3,1,0.5,4.05,0.2,0.9,MT,3
67317,2,All B are C,All A are B,2.3333,0.4714,2,3,3,1,0.5,4.05,0.2,0.9,MP,3
67317,3,All B are C,All A are C,3.0,0.0,3,3,3,1,0.5,4.05,0.2,0.9,AC,3
67317,4,All B are C,No A are B,5.3333,2.357,2,7,3,1,0.5,4.05,0.2,0.9,DA,3
67323,1,All B are C,No A are C,2.0,0.0,2,2,3,1,0.5,4.05,0.6000000000000001,0.4,MT,3
67323,2,All B are C,All A are B,2.0,0.0,2,2,3,1,0.5,4.05,0.6000000000000001,0.4,MP,3
67323,3,All B are C,All A are C,2.3333,0.4714,2,3,3,1,0.5,4.05,0.6000000000000001,0.4,AC,3
67323,4,All B are C,No A are B,2.0,0.0,2,2,3,1,0.5,4.05,0.6000000000000001,0.4,DA,3
67339,1,All B are C,No A are C,2.0,0.0,2,2,3,1,0.5,4.05,0.6000000000000001,0.1,MT,3
67339,2,All B are C,All A are B,2.3333,0.4714,2,3,3,1,0.5,4.05,0.6000000000000001,0.1,MP,3
67339,3,All B are C,All A are C,2.0,0.0,2,2,3,1,0.5,4.05,0.6000000000000001,0.1,AC,3
67339,4,All B are C,No A are B,2.0,0.0,2,2,3,1,0.5,4.05,0.6000000000000001,0.1,DA,3
67424,1,All B are C,No A are C,2.0,0.0,2,2,3,1,0.5,4.05,0.2,0.9,MT,3
67424,2,All B are C,All A are B,2.3333,0.4714,2,3,3,1,0.5,4.05,0.2,0.9,MP,3
67424,3,All B are C,All A are C,3.0,0.0,3,3,3,1,0.5,4.05,0.2,0.9,AC,3
67424,4,All B are C,No A are B,5.3333,2.357,2,7,3,1,0.5,4.05,0.2,0.9,DA,3
67454,1,All B are C,No A are C,2.0,0.0,2,2,3,1,0.5,4.05,0.6000000000000001,0.1,MT,3
67454,2,All B are C,All A are B,2.3333,0.4714,2,3,3,1,0.5,4.05,0.6000000000000001,0.1,MP,3
67454,3,All B are C,All A are C,2.0,0.0,2,2,3,1,0.5,4.05,0.6000000000000001,0.1,AC,3
67454,4,All B are C,No A are B,2.0,0.0,2,2,3,1,0.5,4.05,0.6000000000000001,0.1,DA,3
68007,1,All B are C,No A are C,2.0,0.0,2,2,3,1,0.5,4.05,0.2,0.9,MT,3
68007,2,All B are C,All A are B,2.3333,0.4714,2,3,3,1,0.5,4.05,0.2,0.9,MP,3
68007,3,All B are C,All A are C,3.0,0.0,3,3,3,1,0.5,4.05,0.2,0.9,AC,3
68007,4,All B are C,No A are B,5.3333,2.357,2,7,3,1,0.5,4.05,0.2,0.9,DA,3
68016,1,All B are C,No A are C,2.0,0.0,2,2,3,1,0.5,4.05,0.6000000000000001,0.1,MT,3
68016,2,All B are C,All A are B,2.3333,0.4714,2,3,3,1,0.5,4.05,0.6000000000000001,0.1,MP,3
68016,3,All B are C,All A are C,2.0,0.0,2,2,3,1,0.5,4.05,0.6000000000000001,0.1,AC,3
68016,4,All B are C,No A are B,2.0,0.0,2,2,3,1,0.5,4.05,0.6000000000000001,0.1,DA,3
68027,1,All B are C,No A are C,2.0,0.0,2,2,3,1,0.6000000000000001,3.26,0.0,0.5,MT,3
68027,2,All B are C,All A are B,2.3333,0.4714,2,3,3,1,0.6000000000000001,3.26,0.0,0.5,MP,3
68027,3,All B are C,All A are C,3.0,0.0,3,3,3,1,0.6000000000000001,3.26,0.0,0.5,AC,3
68027,4,All B are C,No A are B,3.3333,1.8856,2,6,3,1,0.6000000000000001,3.26,0.0,0.5,DA,3
68051,1,All B are C,No A are C,2.0,0.0,2,2,3,1,0.5,4.05,0.2,0.9,MT,3
68051,2,All B are C,All A are B,2.3333,0.4714,2,3,3,1,0.5,4.05,0.2,0.9,MP,3
68051,3,All B are C,All A are C,3.0,0.0,3,3,3,1,0.5,4.05,0.2,0.9,AC,3
68051,4,All B are C,No A are B,5.3333,2.357,2,7,3,1,0.5,4.05,0.2,0.9,DA,3
68124,1,All B are C,No A are C,2.0,0.0,2,2,3,1,0.6000000000000001,3.26,0.0,0.5,MT,3
68124,2,All B are C,All A are B,2.3333,0.4714,2,3,3,1,0.6000000000000001,3.26,0.0,0.5,MP,3
68124,3,All B are C,All A are C,3.0,0.0,3,3,3,1,0.6000000000000001,3.26,0.0,0.5,AC,3
68124,4,All B are C,No A are B,3.3333,1.8856,2,6,3,1,0.6000000000000001,3.26,0.0,0.5,DA,3
68138,1,All B are C,No A are C,2.0,0.0,2,2,3,1,0.6000000000000001,3.26,0.0,0.5,MT,3
68138,2,All B are C,All A are B,2.3333,0.4714,2,3,3,1,0.6000000000000001,3.26,0.0,0.5,MP,3
68138,3,All B are C,All A are C,3.0,0.0,3,3,3,1,0.6000000000000001,3.26,0.0,0.5,AC,3
68138,4,All B are C,No A are B,3.3333,1.8856,2,6,3,1,0.6000000000000001,3.26,0.0,0.5,DA,3
68193,1,All B are C,No A are C,2.0,0.0,2,2,3,1,0.5,4.05,0.2,0.9,MT,3
68193,2,All B are C,All A are B,2.3333,0.4714,2,3,3,1,0.5,4.05,0.2,0.9,MP,3
68193,3,All B are C,All A are C,3.0,0.0,3,3,3,1,0.5,4.05,0.2,0.9,AC,3
68193,4,All B are C,No A are B,5.3333,2.357,2,7,3,1,0.5,4.05,0.2,0.9,DA,3
68195,1,All B are C,No A are C,2.0,0.0,2,2,3,1,0.5,4.05,0.7000000000000001,0.9,MT,3
68195,2,All B are C,All A are B,2.0,0.0,2,2,3,1,0.5,4.05,0.7000000000000001,0.9,MP,3
68195,3,All B are C,All A are C,3.0,0.0,3,3,3,1,0.5,4.05,0.7000000000000001,0.9,AC,3
68195,4,All B are C,No A are B,6.3333,0.4714,6,7,3,1,0.5,4.05,0.7000000000000001,0.9,DA,3
68200,1,All B are C,No A are C,2.0,0.0,2,2,3,1,0.6000000000000001,3.26,0.0,0.5,MT,3
68200,2,All B are C,All A are B,2.3333,0.4714,2,3,3,1,0.6000000000000001,3.26,0.0,0.5,MP,3
68200,3,All B are C,All A are C,3.0,0.0,3,3,3,1,0.6000000000000001,3.26,0.0,0.5,AC,3
68200,4,All B are C,No A are B,3.3333,1.8856,2,6,3,1,0.6000000000000001,3.26,0.0,0.5,DA,3
68255,1,All B are C,No A are C,2.0,0.0,2,2,3,1,0.5,4.05,0.6000000000000001,0.1,MT,3
68255,2,All B are C,All A are B,2.3333,0.4714,2,3,3,1,0.5,4.05,0.6000000000000001,0.1,MP,3
68255,3,All B are C,All A are C,2.0,0.0,2,2,3,1,0.5,4.05,0.6000000000000001,0.1,AC,3
68255,4,All B are C,No A are B,2.0,0.0,2,2,3,1,0.5,4.05,0.6000000000000001,0.1,DA,3
68293,1,All B are C,No A are C,2.0,0.0,2,2,3,1,0.5,4.05,0.5,0.5,MT,3
68293,2,All B are C,All A are B,2.3333,0.4714,2,3,3,1,0.5,4.05,0.5,0.5,MP,3
68293,3,All B are C,All A are C,2.6667,0.4714,2,3,3,1,0.5,4.05,0.5,0.5,AC,3
68293,4,All B are C,No A are B,3.3333,1.8856,2,6,3,1,0.5,4.05,0.5,0.5,DA,3
68411,1,All B are C,No A are C,2.0,0.0,2,2,3,1,0.5,4.05,0.2,0.9,MT,3
68411,2,All B are C,All A are B,2.3333,0.4714,2,3,3,1,0.5,4.05,0.2,0.9,MP,3
68411,3,All B are C,All A are C,3.0,0.0,3,3,3,1,0.5,4.05,0.2,0.9,AC,3
68411,4,All B are C,No A are B,5.3333,2.357,2,7,3,1,0.5,4.05,0.2,0.9,DA,3
68425,1,All B are C,No A are C,2.0,0.0,2,2,3,1,0.5,4.05,0.2,0.9,MT,3
68425,2,All B are C,All A are B,2.3333,0.4714,2,3,3,1,0.5,4.05,0.2,0.9,MP,3
68425,3,All B are C,All A are C,3.0,0.0,3,3,3,1,0.5,4.05,0.2,0.9,AC,3
68425,4,All B are C,No A are B,5.3333,2.357,2,7,3,1,0.5,4.05,0.2,0.9,DA,3
68426,1,All B are C,No A are C,2.0,0.0,2,2,3,1,0.5,4.05,0.5,0.5,MT,3
68426,2,All B are C,All A are B,2.3333,0.4714,2,3,3,1,0.5,4.05,0.5,0.5,MP,3
68426,3,All B are C,All A are C,2.6667,0.4714,2,3,3,1,0.5,4.05,0.5,0.5,AC,3
68426,4,All B are C,No A are B,3.3333,1.8856,2,6,3,1,0.5,4.05,0.5,0.5,DA,3
68542,1,All B are C,No A are C,2.0,0.0,2,2,3,1,0.5,4.05,0.2,0.9,MT,3
68542,2,All B are C,All A are B,2.3333,0.4714,2,3,3,1,0.5,4.05,0.2,0.9,MP,3
68542,3,All B are C,All A are C,3.0,0.0,3,3,3,1,0.5,4.05,0.2,0.9,AC,3
68542,4,All B are C,No A are B,5.3333,2.357,2,7,3,1,0.5,4.05,0.2,0.9,DA,3
68549,1,All B are C,No A are C,2.0,0.0,2,2,3,1,0.5,4.05,0.2,0.9,MT,3
68549,2,All B are C,All A are B,2.3333,0.4714,2,3,3,1,0.5,4.05,0.2,0.9,MP,3
68549,3,All B are C,All A are C,3.0,0.0,3,3,3,1,0.5,4.05,0.2,0.9,AC,3
68549,4,All B are C,No A are B,5.3333,2.357,2,7,3,1,0.5,4.05,0.2,0.9,DA,3
68786,1,All B are C,No A are C,2.0,0.0,2,2,3,1,0.5,4.05,0.2,0.9,MT,3
68786,2,All B are C,All A are B,2.3333,0.4714,2,3,3,1,0.5,4.05,0.2,0.9,MP,3
68786,3,All B are C,All A are C,3.0,0.0,3,3,3,1,0.5,4.05,0.2,0.9,AC,3
68786,4,All B are C,No A are B,5.3333,2.357,2,7,3,1,0.5,4.05,0.2,0.9,DA,3
68800,1,All B are C,No A are C,2.0,0.0,2,2,3,1,0.5,4.05,0.6000000000000001,0.1,MT,3
68800,2,All B are C,All A are B,2.3333,0.4714,2,3,3,1,0.5,4.05,0.6000000000000001,0.1,MP,3
68800,3,All B are C,All A are C,2.0,0.0,2,2,3,1,0.5,4.05,0.6000000000000001,0.1,AC,3
68800,4,All B are C,No A are B,2.0,0.0,2,2,3,1,0.5,4.05,0.6000000000000001,0.1,DA,3
68832,1,All B are C,No A are C,2.0,0.0,2,2,3,1,0.5,4.05,0.2,0.9,MT,3
68832,2,All B are C,All A are B,2.3333,0.4714,2,3,3,1,0.5,4.05,0.2,0.9,MP,3
68832,3,All B are C,All A are C,3.0,0.0,3,3,3,1,0.5,4.05,0.2,0.9,AC,3
68832,4,All B are C,No A are B,5.3333,2.357,2,7,3,1,0.5,4.05,0.2,0.9,DA,3
68850,1,All B are C,No A are C,2.0,0.0,2,2,3,1,0.5,4.05,0.2,0.9,MT,3
68850,2,All B are C,All A are B,2.3333,0.4714,2,3,3,1,0.5,4.05,0.2,0.9,MP,3
68850,3,All B are C,All A are C,3.0,0.0,3,3,3,1,0.5,4.05,0.2,0.9,AC,3
68850,4,All B are C,No A are B,5.3333,2.357,2,7,3,1,0.5,4.05,0.2,0.9,DA,3
68881,1,All B are C,No A are C,2.0,0.0,2,2,3,1,0.5,4.05,0.5,0.2,MT,3
68881,2,All B are C,All A are B,2.3333,0.4714,2,3,3,1,0.5,4.05,0.5,0.2,MP,3
68881,3,All B are C,All A are C,2.3333,0.4714,2,3,3,1,0.5,4.05,0.5,0.2,AC,3
68881,4,All B are C,No A are B,3.6667,2.357,2,7,3,1,0.5,4.05,0.5,0.2,DA,3
68882,1,All B are C,No A are C,2.0,0.0,2,2,3,1,0.5,4.05,0.2,0.9,MT,3
68882,2,All B are C,All A are B,2.3333,0.4714,2,3,3,1,0.5,4.05,0.2,0.9,MP,3
68882,3,All B are C,All A are C,3.0,0.0,3,3,3,1,0.5,4.05,0.2,0.9,AC,3
68882,4,All B are C,No A are B,5.3333,2.357,2,7,3,1,0.5,4.05,0.2,0.9,DA,3
68896,1,All B are C,No A are C,2.0,0.0,2,2,3,1,0.5,4.05,0.2,0.9,MT,3
68896,2,All B are C,All A are B,2.3333,0.4714,2,3,3,1,0.5,4.05,0.2,0.9,MP,3
68896,3,All B are C,All A are C,3.0,0.0,3,3,3,1,0.5,4.05,0.2,0.9,AC,3
68896,4,All B are C,No A are B,5.3333,2.357,2,7,3,1,0.5,4.05,0.2,0.9,DA,3
68906,1,All B are C,No A are C,2.0,0.0,2,2,3,1,0.5,4.05,0.6000000000000001,0.1,MT,3
68906,2,All B are C,All A are B,2.3333,0.4714,2,3,3,1,0.5,4.05,0.6000000000000001,0.1,MP,3
68906,3,All B are C,All A are C,2.0,0.0,2,2,3,1,0.5,4.05,0.6000000000000001,0.1,AC,3
68906,4,All B are C,No A are B,2.0,0.0,2,2,3,1,0.5,4.05,0.6000000000000001,0.1,DA,3
68939,1,All B are C,No A are C,2.0,0.0,2,2,3,1,0.6000000000000001,3.26,0.0,0.5,MT,3
68939,2,All B are C,All A are B,2.3333,0.4714,2,3,3,1,0.6000000000000001,3.26,0.0,0.5,MP,3
68939,3,All B are C,All A are C,3.0,0.0,3,3,3,1,0.6000000000000001,3.26,0.0,0.5,AC,3
68939,4,All B are C,No A are B,3.3333,1.8856,2,6,3,1,0.6000000000000001,3.26,0.0,0.5,DA,3
68987,1,All B are C,No A are C,2.0,0.0,2,2,3,1,0.5,4.05,0.2,0.9,MT,3
68987,2,All B are C,All A are B,2.3333,0.4714,2,3,3,1,0.5,4.05,0.2,0.9,MP,3
68987,3,All B are C,All A are C,3.0,0.0,3,3,3,1,0.5,4.05,0.2,0.9,AC,3
68987,4,All B are C,No A are B,5.3333,2.357,2,7,3,1,0.5,4.05,0.2,0.9,DA,3
69019,1,All B are C,No A are C,2.0,0.0,2,2,3,1,0.5,4.05,0.7000000000000001,0.9,MT,3
69019,2,All B are C,All A are B,2.0,0.0,2,2,3,1,0.5,4.05,0.7000000000000001,0.9,MP,3
69019,3,All B are C,All A are C,3.0,0.0,3,3,3,1,0.5,4.05,0.7000000000000001,0.9,AC,3
69019,4,All B are C,No A are B,6.3333,0.4714,6,7,3,1,0.5,4.05,0.7000000000000001,0.9,DA,3
69283,1,All B are C,No A are C,2.0,0.0,2,2,3,1,0.5,4.05,0.6000000000000001,0.1,MT,3
69283,2,All B are C,All A are B,2.3333,0.4714,2,3,3,1,0.5,4.05,0.6000000000000001,0.1,MP,3
69283,3,All B are C,All A are C,2.0,0.0,2,2,3,1,0.5,4.05,0.6000000000000001,0.1,AC,3
69283,4,All B are C,No A are B,2.0,0.0,2,2,3,1,0.5,4.05,0.6000000000000001,0.1,DA,3
63873,1,All B are C,No A are C,2.0,0.0,2,2,10,1,0.5,4.05,0.5,0.2,MT,10
63873,2,All B are C,All A are B,2.3,0.4583,2,3,10,1,0.5,4.05,0.5,0.2,MP,10
63873,3,All B are C,All A are C,2.1,0.3,2,3,10,1,0.5,4.05,0.5,0.2,AC,10
63873,4,All B are C,No A are B,3.4,2.1541,2,7,10,1,0.5,4.05,0.5,0.2,DA,10
63884,1,All B are C,No A are C,2.0,0.0,2,2,10,1,0.6000000000000001,3.26,0.0,0.5,MT,10
63884,2,All B are C,All A are B,2.5,0.5,2,3,10,1,0.6000000000000001,3.26,0.0,0.5,MP,10
63884,3,All B are C,All A are C,2.7,0.4583,2,3,10,1,0.6000000000000001,3.26,0.0,0.5,AC,10
63884,4,All B are C,No A are B,5.1,2.5475,2,8,10,1,0.6000000000000001,3.26,0.0,0.5,DA,10
63885,1,All B are C,No A are C,2.0,0.0,2,2,10,1,0.5,4.05,0.2,0.9,MT,10
63885,2,All B are C,All A are B,2.4,0.4899,2,3,10,1,0.5,4.05,0.2,0.9,MP,10
63885,3,All B are C,All A are C,3.0,0.0,3,3,10,1,0.5,4.05,0.2,0.9,AC,10
63885,4,All B are C,No A are B,6.4,1.562,2,8,10,1,0.5,4.05,0.2,0.9,DA,10
63954,1,All B are C,No A are C,2.0,0.0,2,2,10,1,0.5,4.05,0.2,0.9,MT,10
63954,2,All B are C,All A are B,2.4,0.4899,2,3,10,1,0.5,4.05,0.2,0.9,MP,10
63954,3,All B are C,All A are C,3.0,0.0,3,3,10,1,0.5,4.05,0.2,0.9,AC,10
63954,4,All B are C,No A are B,6.4,1.562,2,8,10,1,0.5,4.05,0.2,0.9,DA,10
63969,1,All B are C,No A are C,2.0,0.0,2,2,10,1,0.5,4.05,0.6000000000000001,0.1,MT,10
63969,2,All B are C,All A are B,2.2,0.4,2,3,10,1,0.5,4.05,0.6000000000000001,0.1,MP,10
63969,3,All B are C,All A are C,2.0,0.0,2,2,10,1,0.5,4.05,0.6000000000000001,0.1,AC,10
63969,4,All B are C,No A are B,2.9,1.8138,2,7,10,1,0.5,4.05,0.6000000000000001,0.1,DA,10
63977,1,All B are C,No A are C,2.0,0.0,2,2,10,1,0.5,4.05,0.6000000000000001,0.1,MT,10
63977,2,All B are C,All A are B,2.2,0.4,2,3,10,1,0.5,4.05,0.6000000000000001,0.1,MP,10
63977,3,All B are C,All A are C,2.0,0.0,2,2,10,1,0.5,4.05,0.6000000000000001,0.1,AC,10
63977,4,All B are C,No A are B,2.9,1.8138,2,7,10,1,0.5,4.05,0.6000000000000001,0.1,DA,10
63978,1,All B are C,No A are C,2.0,0.0,2,2,10,1,0.5,4.05,0.6000000000000001,0.1,MT,10
63978,2,All B are C,All A are B,2.2,0.4,2,3,10,1,0.5,4.05,0.6000000000000001,0.1,MP,10
63978,3,All B are C,All A are C,2.0,0.0,2,2,10,1,0.5,4.05,0.6000000000000001,0.1,AC,10
63978,4,All B are C,No A are B,2.9,1.8138,2,7,10,1,0.5,4.05,0.6000000000000001,0.1,DA,10
64012,1,All B are C,No A are C,2.0,0.0,2,2,10,1,0.5,4.05,0.2,0.9,MT,10
64012,2,All B are C,All A are B,2.4,0.4899,2,3,10,1,0.5,4.05,0.2,0.9,MP,10
64012,3,All B are C,All A are C,3.0,0.0,3,3,10,1,0.5,4.05,0.2,0.9,AC,10
64012,4,All B are C,No A are B,6.4,1.562,2,8,10,1,0.5,4.05,0.2,0.9,DA,10
64037,1,All B are C,No A are C,2.0,0.0,2,2,10,1,0.5,4.05,0.6000000000000001,0.1,MT,10
64037,2,All B are C,All A are B,2.2,0.4,2,3,10,1,0.5,4.05,0.6000000000000001,0.1,MP,10
64037,3,All B are C,All A are C,2.0,0.0,2,2,10,1,0.5,4.05,0.6000000000000001,0.1,AC,10
64037,4,All B are C,No A are B,2.9,1.8138,2,7,10,1,0.5,4.05,0.6000000000000001,0.1,DA,10
64038,1,All B are C,No A are C,2.0,0.0,2,2,10,1,0.5,4.05,0.6000000000000001,0.1,MT,10
64038,2,All B are C,All A are B,2.2,0.4,2,3,10,1,0.5,4.05,0.6000000000000001,0.1,MP,10
64038,3,All B are C,All A are C,2.0,0.0,2,2,10,1,0.5,4.05,0.6000000000000001,0.1,AC,10
64038,4,All B are C,No A are B,2.9,1.8138,2,7,10,1,0.5,4.05,0.6000000000000001,0.1,DA,10
64039,1,All B are C,No A are C,2.0,0.0,2,2,10,1,0.5,4.05,0.6000000000000001,0.1,MT,10
64039,2,All B are C,All A are B,2.2,0.4,2,3,10,1,0.5,4.05,0.6000000000000001,0.1,MP,10
64039,3,All B are C,All A are C,2.0,0.0,2,2,10,1,0.5,4.05,0.6000000000000001,0.1,AC,10
64039,4,All B are C,No A are B,2.9,1.8138,2,7,10,1,0.5,4.05,0.6000000000000001,0.1,DA,10
64065,1,All B are C,No A are C,2.0,0.0,2,2,10,1,0.5,4.05,0.2,0.9,MT,10
64065,2,All B are C,All A are B,2.4,0.4899,2,3,10,1,0.5,4.05,0.2,0.9,MP,10
64065,3,All B are C,All A are C,3.0,0.0,3,3,10,1,0.5,4.05,0.2,0.9,AC,10
64065,4,All B are C,No A are B,6.4,1.562,2,8,10,1,0.5,4.05,0.2,0.9,DA,10
64066,1,All B are C,No A are C,2.0,0.0,2,2,10,1,0.6000000000000001,3.26,0.0,0.5,MT,10
64066,2,All B are C,All A are B,2.5,0.5,2,3,10,1,0.6000000000000001,3.26,0.0,0.5,MP,10
64066,3,All B are C,All A are C,2.7,0.4583,2,3,10,1,0.6000000000000001,3.26,0.0,0.5,AC,10
64066,4,All B are C,No A are B,5.1,2.5475,2,8,10,1,0.6000000000000001,3.26,0.0,0.5,DA,10
64105,1,All B are C,No A are C,2.0,0.0,2,2,10,1,0.6000000000000001,3.26,0.0,0.5,MT,10
64105,2,All B are C,All A are B,2.5,0.5,2,3,10,1,0.6000000000000001,3.26,0.0,0.5,MP,10
64105,3,All B are C,All A are C,2.7,0.4583,2,3,10,1,0.6000000000000001,3.26,0.0,0.5,AC,10
64105,4,All B are C,No A are B,5.1,2.5475,2,8,10,1,0.6000000000000001,3.26,0.0,0.5,DA,10
64116,1,All B are C,No A are C,2.0,0.0,2,2,10,1,0.5,4.05,0.2,0.9,MT,10
64116,2,All B are C,All A are B,2.4,0.4899,2,3,10,1,0.5,4.05,0.2,0.9,MP,10
64116,3,All B are C,All A are C,3.0,0.0,3,3,10,1,0.5,4.05,0.2,0.9,AC,10
64116,4,All B are C,No A are B,6.4,1.562,2,8,10,1,0.5,4.05,0.2,0.9,DA,10
64123,1,All B are C,No A are C,2.0,0.0,2,2,10,1,0.5,4.05,0.6000000000000001,0.1,MT,10
64123,2,All B are C,All A are B,2.2,0.4,2,3,10,1,0.5,4.05,0.6000000000000001,0.1,MP,10
64123,3,All B are C,All A are C,2.0,0.0,2,2,10,1,0.5,4.05,0.6000000000000001,0.1,AC,10
64123,4,All B are C,No A are B,2.9,1.8138,2,7,10,1,0.5,4.05,0.6000000000000001,0.1,DA,10
64159,1,All B are C,No A are C,2.0,0.0,2,2,10,1,0.5,4.05,0.2,0.9,MT,10
64159,2,All B are C,All A are B,2.4,0.4899,2,3,10,1,0.5,4.05,0.2,0.9,MP,10
64159,3,All B are C,All A are C,3.0,0.0,3,3,10,1,0.5,4.05,0.2,0.9,AC,10
64159,4,All B are C,No A are B,6.4,1.562,2,8,10,1,0.5,4.05,0.2,0.9,DA,10
64189,1,All B are C,No A are C,2.0,0.0,2,2,10,1,0.5,4.05,0.2,0.9,MT,10
64189,2,All B are C,All A are B,2.4,0.4899,2,3,10,1,0.5,4.05,0.2,0.9,MP,10
64189,3,All B are C,All A are C,3.0,0.0,3,3,10,1,0.5,4.05,0.2,0.9,AC,10
64189,4,All B are C,No A are B,6.4,1.562,2,8,10,1,0.5,4.05,0.2,0.9,DA,10
64222,1,All B are C,No A are C,2.0,0.0,2,2,10,1,0.5,4.05,0.2,0.9,MT,10
64222,2,All B are C,All A are B,2.4,0.4899,2,3,10,1,0.5,4.05,0.2,0.9,MP,10
64222,3,All B are C,All A are C,3.0,0.0,3,3,10,1,0.5,4.05,0.2,0.9,AC,10
64222,4,All B are C,No A are B,6.4,1.562,2,8,10,1,0.5,4.05,0.2,0.9,DA,10
64250,1,All B are C,No A are C,2.0,0.0,2,2,10,1,0.5,4.05,0.2,0.9,MT,10
64250,2,All B are C,All A are B,2.4,0.4899,2,3,10,1,0.5,4.05,0.2,0.9,MP,10
64250,3,All B are C,All A are C,3.0,0.0,3,3,10,1,0.5,4.05,0.2,0.9,AC,10
64250,4,All B are C,No A are B,6.4,1.562,2,8,10,1,0.5,4.05,0.2,0.9,DA,10
64258,1,All B are C,No A are C,2.0,0.0,2,2,10,1,0.5,4.05,0.7000000000000001,0.9,MT,10
64258,2,All B are C,All A are B,2.5,0.5,2,3,10,1,0.5,4.05,0.7000000000000001,0.9,MP,10
64258,3,All B are C,All A are C,2.9,0.3,2,3,10,1,0.5,4.05,0.7000000000000001,0.9,AC,10
64258,4,All B are C,No A are B,6.6,0.6633,6,8,10,1,0.5,4.05,0.7000000000000001,0.9,DA,10
64270,1,All B are C,No A are C,2.0,0.0,2,2,10,1,0.5,4.05,0.2,0.9,MT,10
64270,2,All B are C,All A are B,2.4,0.4899,2,3,10,1,0.5,4.05,0.2,0.9,MP,10
64270,3,All B are C,All A are C,3.0,0.0,3,3,10,1,0.5,4.05,0.2,0.9,AC,10
64270,4,All B are C,No A are B,6.4,1.562,2,8,10,1,0.5,4.05,0.2,0.9,DA,10
64312,1,All B are C,No A are C,2.0,0.0,2,2,10,1,0.5,4.05,0.5,0.5,MT,10
64312,2,All B are C,All A are B,2.4,0.4899,2,3,10,1,0.5,4.05,0.5,0.5,MP,10
64312,3,All B are C,All A are C,2.5,0.5,2,3,10,1,0.5,4.05,0.5,0.5,AC,10
64312,4,All B are C,No A are B,4.5,2.5788,2,8,10,1,0.5,4.05,0.5,0.5,DA,10
64363,1,All B are C,No A are C,2.0,0.0,2,2,10,1,0.5,4.05,0.6000000000000001,0.1,MT,10
64363,2,All B are C,All A are B,2.2,0.4,2,3,10,1,0.5,4.05,0.6000000000000001,0.1,MP,10
64363,3,All B are C,All A are C,2.0,0.0,2,2,10,1,0.5,4.05,0.6000000000000001,0.1,AC,10
64363,4,All B are C,No A are B,2.9,1.8138,2,7,10,1,0.5,4.05,0.6000000000000001,0.1,DA,10
64369,1,All B are C,No A are C,2.0,0.0,2,2,10,1,0.5,4.05,0.2,0.9,MT,10
64369,2,All B are C,All A are B,2.4,0.4899,2,3,10,1,0.5,4.05,0.2,0.9,MP,10
64369,3,All B are C,All A are C,3.0,0.0,3,3,10,1,0.5,4.05,0.2,0.9,AC,10
64369,4,All B are C,No A are B,6.4,1.562,2,8,10,1,0.5,4.05,0.2,0.9,DA,10
64386,1,All B are C,No A are C,2.0,0.0,2,2,10,1,0.5,4.05,0.2,0.9,MT,10
64386,2,All B are C,All A are B,2.4,0.4899,2,3,10,1,0.5,4.05,0.2,0.9,MP,10
64386,3,All B are C,All A are C,3.0,0.0,3,3,10,1,0.5,4.05,0.2,0.9,AC,10
64386,4,All B are C,No A are B,6.4,1.562,2,8,10,1,0.5,4.05,0.2,0.9,DA,10
64388,1,All B are C,No A are C,2.0,0.0,2,2,10,1,0.5,4.05,0.2,0.9,MT,10
64388,2,All B are C,All A are B,2.4,0.4899,2,3,10,1,0.5,4.05,0.2,0.9,MP,10
64388,3,All B are C,All A are C,3.0,0.0,3,3,10,1,0.5,4.05,0.2,0.9,AC,10
64388,4,All B are C,No A are B,6.4,1.562,2,8,10,1,0.5,4.05,0.2,0.9,DA,10
64392,1,All B are C,No A are C,2.0,0.0,2,2,10,1,0.5,4.05,0.6000000000000001,0.1,MT,10
64392,2,All B are C,All A are B,2.2,0.4,2,3,10,1,0.5,4.05,0.6000000000000001,0.1,MP,10
64392,3,All B are C,All A are C,2.0,0.0,2,2,10,1,0.5,4.05,0.6000000000000001,0.1,AC,10
64392,4,All B are C,No A are B,2.9,1.8138,2,7,10,1,0.5,4.05,0.6000000000000001,0.1,DA,10
64434,1,All B are C,No A are C,2.0,0.0,2,2,10,1,0.5,4.05,0.5,0.8,MT,10
64434,2,All B are C,All A are B,2.5,0.5,2,3,10,1,0.5,4.05,0.5,0.8,MP,10
64434,3,All B are C,All A are C,2.9,0.3,2,3,10,1,0.5,4.05,0.5,0.8,AC,10
64434,4,All B are C,No A are B,5.6,1.9079,2,8,10,1,0.5,4.05,0.5,0.8,DA,10
64438,1,All B are C,No A are C,2.0,0.0,2,2,10,1,0.5,4.05,0.2,0.9,MT,10
64438,2,All B are C,All A are B,2.4,0.4899,2,3,10,1,0.5,4.05,0.2,0.9,MP,10
64438,3,All B are C,All A are C,3.0,0.0,3,3,10,1,0.5,4.05,0.2,0.9,AC,10
64438,4,All B are C,No A are B,6.4,1.562,2,8,10,1,0.5,4.05,0.2,0.9,DA,10
64450,1,All B are C,No A are C,2.0,0.0,2,2,10,1,0.5,4.05,0.5,0.2,MT,10
64450,2,All B are C,All A are B,2.3,0.4583,2,3,10,1,0.5,4.05,0.5,0.2,MP,10
64450,3,All B are C,All A are C,2.1,0.3,2,3,10,1,0.5,4.05,0.5,0.2,AC,10
64450,4,All B are C,No A are B,3.4,2.1541,2,7,10,1,0.5,4.05,0.5,0.2,DA,10
64597,1,All B are C,No A are C,2.0,0.0,2,2,10,1,0.6000000000000001,3.26,0.0,0.5,MT,10
64597,2,All B are C,All A are B,2.5,0.5,2,3,10,1,0.6000000000000001,3.26,0.0,0.5,MP,10
64597,3,All B are C,All A are C,2.7,0.4583,2,3,10,1,0.6000000000000001,3.26,0.0,0.5,AC,10
64597,4,All B are C,No A are B,5.1,2.5475,2,8,10,1,0.6000000000000001,3.26,0.0,0.5,DA,10
64615,1,All B are C,No A are C,2.0,0.0,2,2,10,1,0.5,4.05,0.5,0.2,MT,10
64615,2,All B are C,All A are B,2.3,0.4583,2,3,10,1,0.5,4.05,0.5,0.2,MP,10
64615,3,All B are C,All A are C,2.1,0.3,2,3,10,1,0.5,4.05,0.5,0.2,AC,10
64615,4,All B are C,No A are B,3.4,2.1541,2,7,10,1,0.5,4.05,0.5,0.2,DA,10
64652,1,All B are C,No A are C,2.0,0.0,2,2,10,1,0.5,4.05,0.2,0.9,MT,10
64652,2,All B are C,All A are B,2.4,0.4899,2,3,10,1,0.5,4.05,0.2,0.9,MP,10
64652,3,All B are C,All A are C,3.0,0.0,3,3,10,1,0.5,4.05,0.2,0.9,AC,10
64652,4,All B are C,No A are B,6.4,1.562,2,8,10,1,0.5,4.05,0.2,0.9,DA,10
64685,1,All B are C,No A are C,2.0,0.0,2,2,10,1,0.5,4.05,0.5,0.8,MT,10
64685,2,All B are C,All A are B,2.5,0.5,2,3,10,1,0.5,4.05,0.5,0.8,MP,10
64685,3,All B are C,All A are C,2.9,0.3,2,3,10,1,0.5,4.05,0.5,0.8,AC,10
64685,4,All B are C,No A are B,5.6,1.9079,2,8,10,1,0.5,4.05,0.5,0.8,DA,10
64695,1,All B are C,No A are C,2.0,0.0,2,2,10,1,0.5,4.05,0.7000000000000001,0.9,MT,10
64695,2,All B are C,All A are B,2.5,0.5,2,3,10,1,0.5,4.05,0.7000000000000001,0.9,MP,10
64695,3,All B are C,All A are C,2.9,0.3,2,3,10,1,0.5,4.05,0.7000000000000001,0.9,AC,10
64695,4,All B are C,No A are B,6.6,0.6633,6,8,10,1,0.5,4.05,0.7000000000000001,0.9,DA,10
64707,1,All B are C,No A are C,2.0,0.0,2,2,10,1,0.5,4.05,0.6000000000000001,0.1,MT,10
64707,2,All B are C,All A are B,2.2,0.4,2,3,10,1,0.5,4.05,0.6000000000000001,0.1,MP,10
64707,3,All B are C,All A are C,2.0,0.0,2,2,10,1,0.5,4.05,0.6000000000000001,0.1,AC,10
64707,4,All B are C,No A are B,2.9,1.8138,2,7,10,1,0.5,4.05,0.6000000000000001,0.1,DA,10
64708,1,All B are C,No A are C,2.0,0.0,2,2,10,1,0.5,4.05,0.2,0.9,MT,10
64708,2,All B are C,All A are B,2.4,0.4899,2,3,10,1,0.5,4.05,0.2,0.9,MP,10
64708,3,All B are C,All A are C,3.0,0.0,3,3,10,1,0.5,4.05,0.2,0.9,AC,10
64708,4,All B are C,No A are B,6.4,1.562,2,8,10,1,0.5,4.05,0.2,0.9,DA,10
64776,1,All B are C,No A are C,2.0,0.0,2,2,10,1,0.5,4.05,0.6000000000000001,0.1,MT,10
64776,2,All B are C,All A are B,2.2,0.4,2,3,10,1,0.5,4.05,0.6000000000000001,0.1,MP,10
64776,3,All B are C,All A are C,2.0,0.0,2,2,10,1,0.5,4.05,0.6000000000000001,0.1,AC,10
64776,4,All B are C,No A are B,2.9,1.8138,2,7,10,1,0.5,4.05,0.6000000000000001,0.1,DA,10
64793,1,All B are C,No A are C,2.0,0.0,2,2,10,1,0.5,4.05,0.6000000000000001,0.1,MT,10
64793,2,All B are C,All A are B,2.2,0.4,2,3,10,1,0.5,4.05,0.6000000000000001,0.1,MP,10
64793,3,All B are C,All A are C,2.0,0.0,2,2,10,1,0.5,4.05,0.6000000000000001,0.1,AC,10
64793,4,All B are C,No A are B,2.9,1.8138,2,7,10,1,0.5,4.05,0.6000000000000001,0.1,DA,10
64806,1,All B are C,No A are C,2.0,0.0,2,2,10,1,0.5,4.05,0.2,0.9,MT,10
64806,2,All B are C,All A are B,2.4,0.4899,2,3,10,1,0.5,4.05,0.2,0.9,MP,10
64806,3,All B are C,All A are C,3.0,0.0,3,3,10,1,0.5,4.05,0.2,0.9,AC,10
64806,4,All B are C,No A are B,6.4,1.562,2,8,10,1,0.5,4.05,0.2,0.9,DA,10
64843,1,All B are C,No A are C,2.0,0.0,2,2,10,1,0.6000000000000001,3.26,0.0,0.5,MT,10
64843,2,All B are C,All A are B,2.5,0.5,2,3,10,1,0.6000000000000001,3.26,0.0,0.5,MP,10
64843,3,All B are C,All A are C,2.7,0.4583,2,3,10,1,0.6000000000000001,3.26,0.0,0.5,AC,10
64843,4,All B are C,No A are B,5.1,2.5475,2,8,10,1,0.6000000000000001,3.26,0.0,0.5,DA,10
64869,1,All B are C,No A are C,2.0,0.0,2,2,10,1,0.5,4.05,0.6000000000000001,0.1,MT,10
64869,2,All B are C,All A are B,2.2,0.4,2,3,10,1,0.5,4.05,0.6000000000000001,0.1,MP,10
64869,3,All B are C,All A are C,2.0,0.0,2,2,10,1,0.5,4.05,0.6000000000000001,0.1,AC,10
64869,4,All B are C,No A are B,2.9,1.8138,2,7,10,1,0.5,4.05,0.6000000000000001,0.1,DA,10
64871,1,All B are C,No A are C,2.0,0.0,2,2,10,1,0.6000000000000001,3.26,0.0,0.5,MT,10
64871,2,All B are C,All A are B,2.5,0.5,2,3,10,1,0.6000000000000001,3.26,0.0,0.5,MP,10
64871,3,All B are C,All A are C,2.7,0.4583,2,3,10,1,0.6000000000000001,3.26,0.0,0.5,AC,10
64871,4,All B are C,No A are B,5.1,2.5475,2,8,10,1,0.6000000000000001,3.26,0.0,0.5,DA,10
64882,1,All B are C,No A are C,2.0,0.0,2,2,10,1,0.5,4.05,0.6000000000000001,0.1,MT,10
64882,2,All B are C,All A are B,2.2,0.4,2,3,10,1,0.5,4.05,0.6000000000000001,0.1,MP,10
64882,3,All B are C,All A are C,2.0,0.0,2,2,10,1,0.5,4.05,0.6000000000000001,0.1,AC,10
64882,4,All B are C,No A are B,2.9,1.8138,2,7,10,1,0.5,4.05,0.6000000000000001,0.1,DA,10
64888,1,All B are C,No A are C,2.0,0.0,2,2,10,1,0.5,4.05,0.2,0.9,MT,10
64888,2,All B are C,All A are B,2.4,0.4899,2,3,10,1,0.5,4.05,0.2,0.9,MP,10
64888,3,All B are C,All A are C,3.0,0.0,3,3,10,1,0.5,4.05,0.2,0.9,AC,10
64888,4,All B are C,No A are B,6.4,1.562,2,8,10,1,0.5,4.05,0.2,0.9,DA,10
64890,1,All B are C,No A are C,2.0,0.0,2,2,10,1,0.6000000000000001,3.26,0.0,0.5,MT,10
64890,2,All B are C,All A are B,2.5,0.5,2,3,10,1,0.6000000000000001,3.26,0.0,0.5,MP,10
64890,3,All B are C,All A are C,2.7,0.4583,2,3,10,1,0.6000000000000001,3.26,0.0,0.5,AC,10
64890,4,All B are C,No A are B,5.1,2.5475,2,8,10,1,0.6000000000000001,3.26,0.0,0.5,DA,10
64919,1,All B are C,No A are C,2.0,0.0,2,2,10,1,0.5,4.05,0.2,0.9,MT,10
64919,2,All B are C,All A are B,2.4,0.4899,2,3,10,1,0.5,4.05,0.2,0.9,MP,10
64919,3,All B are C,All A are C,3.0,0.0,3,3,10,1,0.5,4.05,0.2,0.9,AC,10
64919,4,All B are C,No A are B,6.4,1.562,2,8,10,1,0.5,4.05,0.2,0.9,DA,10
64923,1,All B are C,No A are C,2.0,0.0,2,2,10,1,0.6000000000000001,3.26,0.0,0.5,MT,10
64923,2,All B are C,All A are B,2.5,0.5,2,3,10,1,0.6000000000000001,3.26,0.0,0.5,MP,10
64923,3,All B are C,All A are C,2.7,0.4583,2,3,10,1,0.6000000000000001,3.26,0.0,0.5,AC,10
64923,4,All B are C,No A are B,5.1,2.5475,2,8,10,1,0.6000000000000001,3.26,0.0,0.5,DA,10
64926,1,All B are C,No A are C,2.0,0.0,2,2,10,1,0.5,4.05,0.5,0.5,MT,10
64926,2,All B are C,All A are B,2.4,0.4899,2,3,10,1,0.5,4.05,0.5,0.5,MP,10
64926,3,All B are C,All A are C,2.5,0.5,2,3,10,1,0.5,4.05,0.5,0.5,AC,10
64926,4,All B are C,No A are B,4.5,2.5788,2,8,10,1,0.5,4.05,0.5,0.5,DA,10
64939,1,All B are C,No A are C,2.0,0.0,2,2,10,1,0.5,4.05,0.6000000000000001,0.1,MT,10
64939,2,All B are C,All A are B,2.2,0.4,2,3,10,1,0.5,4.05,0.6000000000000001,0.1,MP,10
64939,3,All B are C,All A are C,2.0,0.0,2,2,10,1,0.5,4.05,0.6000000000000001,0.1,AC,10
64939,4,All B are C,No A are B,2.9,1.8138,2,7,10,1,0.5,4.05,0.6000000000000001,0.1,DA,10
64947,1,All B are C,No A are C,2.0,0.0,2,2,10,1,0.5,4.05,0.5,0.2,MT,10
64947,2,All B are C,All A are B,2.3,0.4583,2,3,10,1,0.5,4.05,0.5,0.2,MP,10
64947,3,All B are C,All A are C,2.1,0.3,2,3,10,1,0.5,4.05,0.5,0.2,AC,10
64947,4,All B are C,No A are B,3.4,2.1541,2,7,10,1,0.5,4.05,0.5,0.2,DA,10
64973,1,All B are C,No A are C,2.0,0.0,2,2,10,1,0.5,4.05,0.5,0.2,MT,10
64973,2,All B are C,All A are B,2.3,0.4583,2,3,10,1,0.5,4.05,0.5,0.2,MP,10
64973,3,All B are C,All A are C,2.1,0.3,2,3,10,1,0.5,4.05,0.5,0.2,AC,10
64973,4,All B are C,No A are B,3.4,2.1541,2,7,10,1,0.5,4.05,0.5,0.2,DA,10
64976,1,All B are C,No A are C,2.0,0.0,2,2,10,1,0.5,4.05,0.6000000000000001,0.1,MT,10
64976,2,All B are C,All A are B,2.2,0.4,2,3,10,1,0.5,4.05,0.6000000000000001,0.1,MP,10
64976,3,All B are C,All A are C,2.0,0.0,2,2,10,1,0.5,4.05,0.6000000000000001,0.1,AC,10
64976,4,All B are C,No A are B,2.9,1.8138,2,7,10,1,0.5,4.05,0.6000000000000001,0.1,DA,10
65018,1,All B are C,No A are C,2.0,0.0,2,2,10,1,0.6000000000000001,3.26,0.0,0.5,MT,10
65018,2,All B are C,All A are B,2.5,0.5,2,3,10,1,0.6000000000000001,3.26,0.0,0.5,MP,10
65018,3,All B are C,All A are C,2.7,0.4583,2,3,10,1,0.6000000000000001,3.26,0.0,0.5,AC,10
65018,4,All B are C,No A are B,5.1,2.5475,2,8,10,1,0.6000000000000001,3.26,0.0,0.5,DA,10
65021,1,All B are C,No A are C,2.0,0.0,2,2,10,1,0.5,4.05,0.2,0.9,MT,10
65021,2,All B are C,All A are B,2.4,0.4899,2,3,10,1,0.5,4.05,0.2,0.9,MP,10
65021,3,All B are C,All A are C,3.0,0.0,3,3,10,1,0.5,4.05,0.2,0.9,AC,10
65021,4,All B are C,No A are B,6.4,1.562,2,8,10,1,0.5,4.05,0.2,0.9,DA,10
65028,1,All B are C,No A are C,2.0,0.0,2,2,10,1,0.5,4.05,0.2,0.9,MT,10
65028,2,All B are C,All A are B,2.4,0.4899,2,3,10,1,0.5,4.05,0.2,0.9,MP,10
65028,3,All B are C,All A are C,3.0,0.0,3,3,10,1,0.5,4.05,0.2,0.9,AC,10
65028,4,All B are C,No A are B,6.4,1.562,2,8,10,1,0.5,4.05,0.2,0.9,DA,10
65048,1,All B are C,No A are C,2.0,0.0,2,2,10,1,0.5,4.05,0.6000000000000001,0.1,MT,10
65048,2,All B are C,All A are B,2.2,0.4,2,3,10,1,0.5,4.05,0.6000000000000001,0.1,MP,10
65048,3,All B are C,All A are C,2.0,0.0,2,2,10,1,0.5,4.05,0.6000000000000001,0.1,AC,10
65048,4,All B are C,No A are B,2.9,1.8138,2,7,10,1,0.5,4.05,0.6000000000000001,0.1,DA,10
65063,1,All B are C,No A are C,2.0,0.0,2,2,10,1,0.5,4.05,0.5,0.2,MT,10
65063,2,All B are C,All A are B,2.3,0.4583,2,3,10,1,0.5,4.05,0.5,0.2,MP,10
65063,3,All B are C,All A are C,2.1,0.3,2,3,10,1,0.5,4.05,0.5,0.2,AC,10
65063,4,All B are C,No A are B,3.4,2.1541,2,7,10,1,0.5,4.05,0.5,0.2,DA,10
65065,1,All B are C,No A are C,2.0,0.0,2,2,10,1,0.5,4.05,0.2,0.9,MT,10
65065,2,All B are C,All A are B,2.4,0.4899,2,3,10,1,0.5,4.05,0.2,0.9,MP,10
65065,3,All B are C,All A are C,3.0,0.0,3,3,10,1,0.5,4.05,0.2,0.9,AC,10
65065,4,All B are C,No A are B,6.4,1.562,2,8,10,1,0.5,4.05,0.2,0.9,DA,10
65071,1,All B are C,No A are C,2.0,0.0,2,2,10,1,0.5,4.05,0.6000000000000001,0.1,MT,10
65071,2,All B are C,All A are B,2.2,0.4,2,3,10,1,0.5,4.05,0.6000000000000001,0.1,MP,10
65071,3,All B are C,All A are C,2.0,0.0,2,2,10,1,0.5,4.05,0.6000000000000001,0.1,AC,10
65071,4,All B are C,No A are B,2.9,1.8138,2,7,10,1,0.5,4.05,0.6000000000000001,0.1,DA,10
65079,1,All B are C,No A are C,2.0,0.0,2,2,10,1,0.5,4.05,0.7000000000000001,0.9,MT,10
65079,2,All B are C,All A are B,2.5,0.5,2,3,10,1,0.5,4.05,0.7000000000000001,0.9,MP,10
65079,3,All B are C,All A are C,2.9,0.3,2,3,10,1,0.5,4.05,0.7000000000000001,0.9,AC,10
65079,4,All B are C,No A are B,6.6,0.6633,6,8,10,1,0.5,4.05,0.7000000000000001,0.9,DA,10
65080,1,All B are C,No A are C,2.0,0.0,2,2,10,1,0.5,4.05,0.2,0.9,MT,10
65080,2,All B are C,All A are B,2.4,0.4899,2,3,10,1,0.5,4.05,0.2,0.9,MP,10
65080,3,All B are C,All A are C,3.0,0.0,3,3,10,1,0.5,4.05,0.2,0.9,AC,10
65080,4,All B are C,No A are B,6.4,1.562,2,8,10,1,0.5,4.05,0.2,0.9,DA,10
65088,1,All B are C,No A are C,2.0,0.0,2,2,10,1,0.5,4.05,0.5,0.2,MT,10
65088,2,All B are C,All A are B,2.3,0.4583,2,3,10,1,0.5,4.05,0.5,0.2,MP,10
65088,3,All B are C,All A are C,2.1,0.3,2,3,10,1,0.5,4.05,0.5,0.2,AC,10
65088,4,All B are C,No A are B,3.4,2.1541,2,7,10,1,0.5,4.05,0.5,0.2,DA,10
65112,1,All B are C,No A are C,2.0,0.0,2,2,10,1,0.5,4.05,0.2,0.9,MT,10
65112,2,All B are C,All A are B,2.4,0.4899,2,3,10,1,0.5,4.05,0.2,0.9,MP,10
65112,3,All B are C,All A are C,3.0,0.0,3,3,10,1,0.5,4.05,0.2,0.9,AC,10
65112,4,All B are C,No A are B,6.4,1.562,2,8,10,1,0.5,4.05,0.2,0.9,DA,10
65163,1,All B are C,No A are C,2.0,0.0,2,2,10,1,0.5,4.05,0.5,0.2,MT,10
65163,2,All B are C,All A are B,2.3,0.4583,2,3,10,1,0.5,4.05,0.5,0.2,MP,10
65163,3,All B are C,All A are C,2.1,0.3,2,3,10,1,0.5,4.05,0.5,0.2,AC,10
65163,4,All B are C,No A are B,3.4,2.1541,2,7,10,1,0.5,4.05,0.5,0.2,DA,10
65216,1,All B are C,No A are C,2.0,0.0,2,2,10,1,0.5,4.05,0.5,0.8,MT,10
65216,2,All B are C,All A are B,2.5,0.5,2,3,10,1,0.5,4.05,0.5,0.8,MP,10
65216,3,All B are C,All A are C,2.9,0.3,2,3,10,1,0.5,4.05,0.5,0.8,AC,10
65216,4,All B are C,No A are B,5.6,1.9079,2,8,10,1,0.5,4.05,0.5,0.8,DA,10
65222,1,All B are C,No A are C,2.0,0.0,2,2,10,1,0.5,4.05,0.6000000000000001,0.1,MT,10
65222,2,All B are C,All A are B,2.2,0.4,2,3,10,1,0.5,4.05,0.6000000000000001,0.1,MP,10
65222,3,All B are C,All A are C,2.0,0.0,2,2,10,1,0.5,4.05,0.6000000000000001,0.1,AC,10
65222,4,All B are C,No A are B,2.9,1.8138,2,7,10,1,0.5,4.05,0.6000000000000001,0.1,DA,10
65278,1,All B are C,No A are C,2.0,0.0,2,2,10,1,0.5,4.05,0.2,0.9,MT,10
65278,2,All B are C,All A are B,2.4,0.4899,2,3,10,1,0.5,4.05,0.2,0.9,MP,10
65278,3,All B are C,All A are C,3.0,0.0,3,3,10,1,0.5,4.05,0.2,0.9,AC,10
65278,4,All B are C,No A are B,6.4,1.562,2,8,10,1,0.5,4.05,0.2,0.9,DA,10
65305,1,All B are C,No A are C,2.0,0.0,2,2,10,1,0.5,4.05,0.6000000000000001,0.1,MT,10
65305,2,All B are C,All A are B,2.2,0.4,2,3,10,1,0.5,4.05,0.6000000000000001,0.1,MP,10
65305,3,All B are C,All A are C,2.0,0.0,2,2,10,1,0.5,4.05,0.6000000000000001,0.1,AC,10
65305,4,All B are C,No A are B,2.9,1.8138,2,7,10,1,0.5,4.05,0.6000000000000001,0.1,DA,10
65322,1,All B are C,No A are C,2.0,0.0,2,2,10,1,0.5,4.05,0.2,0.9,MT,10
65322,2,All B are C,All A are B,2.4,0.4899,2,3,10,1,0.5,4.05,0.2,0.9,MP,10
65322,3,All B are C,All A are C,3.0,0.0,3,3,10,1,0.5,4.05,0.2,0.9,AC,10
65322,4,All B are C,No A are B,6.4,1.562,2,8,10,1,0.5,4.05,0.2,0.9,DA,10
65323,1,All B are C,No A are C,2.0,0.0,2,2,10,1,0.5,4.05,0.6000000000000001,0.1,MT,10
65323,2,All B are C,All A are B,2.2,0.4,2,3,10,1,0.5,4.05,0.6000000000000001,0.1,MP,10
65323,3,All B are C,All A are C,2.0,0.0,2,2,10,1,0.5,4.05,0.6000000000000001,0.1,AC,10
65323,4,All B are C,No A are B,2.9,1.8138,2,7,10,1,0.5,4.05,0.6000000000000001,0.1,DA,10
65466,1,All B are C,No A are C,2.0,0.0,2,2,10,1,0.5,4.05,0.6000000000000001,0.1,MT,10
65466,2,All B are C,All A are B,2.2,0.4,2,3,10,1,0.5,4.05,0.6000000000000001,0.1,MP,10
65466,3,All B are C,All A are C,2.0,0.0,2,2,10,1,0.5,4.05,0.6000000000000001,0.1,AC,10
65466,4,All B are C,No A are B,2.9,1.8138,2,7,10,1,0.5,4.05,0.6000000000000001,0.1,DA,10
65502,1,All B are C,No A are C,2.0,0.0,2,2,10,1,0.5,4.05,0.2,0.9,MT,10
65502,2,All B are C,All A are B,2.4,0.4899,2,3,10,1,0.5,4.05,0.2,0.9,MP,10
65502,3,All B are C,All A are C,3.0,0.0,3,3,10,1,0.5,4.05,0.2,0.9,AC,10
65502,4,All B are C,No A are B,6.4,1.562,2,8,10,1,0.5,4.05,0.2,0.9,DA,10
65527,1,All B are C,No A are C,2.0,0.0,2,2,10,1,0.5,4.05,0.7000000000000001,0.9,MT,10
65527,2,All B are C,All A are B,2.5,0.5,2,3,10,1,0.5,4.05,0.7000000000000001,0.9,MP,10
65527,3,All B are C,All A are C,2.9,0.3,2,3,10,1,0.5,4.05,0.7000000000000001,0.9,AC,10
65527,4,All B are C,No A are B,6.6,0.6633,6,8,10,1,0.5,4.05,0.7000000000000001,0.9,DA,10
65554,1,All B are C,No A are C,2.0,0.0,2,2,10,1,0.5,4.05,0.2,0.9,MT,10
65554,2,All B are C,All A are B,2.4,0.4899,2,3,10,1,0.5,4.05,0.2,0.9,MP,10
65554,3,All B are C,All A are C,3.0,0.0,3,3,10,1,0.5,4.05,0.2,0.9,AC,10
65554,4,All B are C,No A are B,6.4,1.562,2,8,10,1,0.5,4.05,0.2,0.9,DA,10
65585,1,All B are C,No A are C,2.0,0.0,2,2,10,1,0.5,4.05,0.2,0.9,MT,10
65585,2,All B are C,All A are B,2.4,0.4899,2,3,10,1,0.5,4.05,0.2,0.9,MP,10
65585,3,All B are C,All A are C,3.0,0.0,3,3,10,1,0.5,4.05,0.2,0.9,AC,10
65585,4,All B are C,No A are B,6.4,1.562,2,8,10,1,0.5,4.05,0.2,0.9,DA,10
65600,1,All B are C,No A are C,2.0,0.0,2,2,10,1,0.5,4.05,0.6000000000000001,0.1,MT,10
65600,2,All B are C,All A are B,2.2,0.4,2,3,10,1,0.5,4.05,0.6000000000000001,0.1,MP,10
65600,3,All B are C,All A are C,2.0,0.0,2,2,10,1,0.5,4.05,0.6000000000000001,0.1,AC,10
65600,4,All B are C,No A are B,2.9,1.8138,2,7,10,1,0.5,4.05,0.6000000000000001,0.1,DA,10
65909,1,All B are C,No A are C,2.0,0.0,2,2,10,1,0.5,4.05,0.6000000000000001,0.1,MT,10
65909,2,All B are C,All A are B,2.2,0.4,2,3,10,1,0.5,4.05,0.6000000000000001,0.1,MP,10
65909,3,All B are C,All A are C,2.0,0.0,2,2,10,1,0.5,4.05,0.6000000000000001,0.1,AC,10
65909,4,All B are C,No A are B,2.9,1.8138,2,7,10,1,0.5,4.05,0.6000000000000001,0.1,DA,10
65973,1,All B are C,No A are C,2.0,0.0,2,2,10,1,0.5,4.05,0.2,0.9,MT,10
65973,2,All B are C,All A are B,2.4,0.4899,2,3,10,1,0.5,4.05,0.2,0.9,MP,10
65973,3,All B are C,All A are C,3.0,0.0,3,3,10,1,0.5,4.05,0.2,0.9,AC,10
65973,4,All B are C,No A are B,6.4,1.562,2,8,10,1,0.5,4.05,0.2,0.9,DA,10
65995,1,All B are C,No A are C,2.0,0.0,2,2,10,1,0.5,4.05,0.6000000000000001,0.1,MT,10
65995,2,All B are C,All A are B,2.2,0.4,2,3,10,1,0.5,4.05,0.6000000000000001,0.1,MP,10
65995,3,All B are C,All A are C,2.0,0.0,2,2,10,1,0.5,4.05,0.6000000000000001,0.1,AC,10
65995,4,All B are C,No A are B,2.9,1.8138,2,7,10,1,0.5,4.05,0.6000000000000001,0.1,DA,10
66020,1,All B are C,No A are C,2.0,0.0,2,2,10,1,0.5,4.05,0.6000000000000001,0.1,MT,10
66020,2,All B are C,All A are B,2.2,0.4,2,3,10,1,0.5,4.05,0.6000000000000001,0.1,MP,10
66020,3,All B are C,All A are C,2.0,0.0,2,2,10,1,0.5,4.05,0.6000000000000001,0.1,AC,10
66020,4,All B are C,No A are B,2.9,1.8138,2,7,10,1,0.5,4.05,0.6000000000000001,0.1,DA,10
66022,1,All B are C,No A are C,2.0,0.0,2,2,10,1,0.5,4.05,0.6000000000000001,0.1,MT,10
66022,2,All B are C,All A are B,2.2,0.4,2,3,10,1,0.5,4.05,0.6000000000000001,0.1,MP,10
66022,3,All B are C,All A are C,2.0,0.0,2,2,10,1,0.5,4.05,0.6000000000000001,0.1,AC,10
66022,4,All B are C,No A are B,2.9,1.8138,2,7,10,1,0.5,4.05,0.6000000000000001,0.1,DA,10
66036,1,All B are C,No A are C,2.0,0.0,2,2,10,1,0.6000000000000001,3.26,0.0,0.5,MT,10
66036,2,All B are C,All A are B,2.5,0.5,2,3,10,1,0.6000000000000001,3.26,0.0,0.5,MP,10
66036,3,All B are C,All A are C,2.7,0.4583,2,3,10,1,0.6000000000000001,3.26,0.0,0.5,AC,10
66036,4,All B are C,No A are B,5.1,2.5475,2,8,10,1,0.6000000000000001,3.26,0.0,0.5,DA,10
66050,1,All B are C,No A are C,2.0,0.0,2,2,10,1,0.5,4.05,0.6000000000000001,0.1,MT,10
66050,2,All B are C,All A are B,2.2,0.4,2,3,10,1,0.5,4.05,0.6000000000000001,0.1,MP,10
66050,3,All B are C,All A are C,2.0,0.0,2,2,10,1,0.5,4.05,0.6000000000000001,0.1,AC,10
66050,4,All B are C,No A are B,2.9,1.8138,2,7,10,1,0.5,4.05,0.6000000000000001,0.1,DA,10
66057,1,All B are C,No A are C,2.0,0.0,2,2,10,1,0.5,4.05,0.2,0.9,MT,10
66057,2,All B are C,All A are B,2.4,0.4899,2,3,10,1,0.5,4.05,0.2,0.9,MP,10
66057,3,All B are C,All A are C,3.0,0.0,3,3,10,1,0.5,4.05,0.2,0.9,AC,10
66057,4,All B are C,No A are B,6.4,1.562,2,8,10,1,0.5,4.05,0.2,0.9,DA,10
66073,1,All B are C,No A are C,2.0,0.0,2,2,10,1,0.5,4.05,0.6000000000000001,0.1,MT,10
66073,2,All B are C,All A are B,2.2,0.4,2,3,10,1,0.5,4.05,0.6000000000000001,0.1,MP,10
66073,3,All B are C,All A are C,2.0,0.0,2,2,10,1,0.5,4.05,0.6000000000000001,0.1,AC,10
66073,4,All B are C,No A are B,2.9,1.8138,2,7,10,1,0.5,4.05,0.6000000000000001,0.1,DA,10
66085,1,All B are C,No A are C,2.0,0.0,2,2,10,1,0.5,4.05,0.2,0.9,MT,10
66085,2,All B are C,All A are B,2.4,0.4899,2,3,10,1,0.5,4.05,0.2,0.9,MP,10
66085,3,All B are C,All A are C,3.0,0.0,3,3,10,1,0.5,4.05,0.2,0.9,AC,10
66085,4,All B are C,No A are B,6.4,1.562,2,8,10,1,0.5,4.05,0.2,0.9,DA,10
66087,1,All B are C,No A are C,2.0,0.0,2,2,10,1,0.5,4.05,0.2,0.9,MT,10
66087,2,All B are C,All A are B,2.4,0.4899,2,3,10,1,0.5,4.05,0.2,0.9,MP,10
66087,3,All B are C,All A are C,3.0,0.0,3,3,10,1,0.5,4.05,0.2,0.9,AC,10
66087,4,All B are C,No A are B,6.4,1.562,2,8,10,1,0.5,4.05,0.2,0.9,DA,10
66089,1,All B are C,No A are C,2.0,0.0,2,2,10,1,0.5,4.05,0.2,0.9,MT,10
66089,2,All B are C,All A are B,2.4,0.4899,2,3,10,1,0.5,4.05,0.2,0.9,MP,10
66089,3,All B are C,All A are C,3.0,0.0,3,3,10,1,0.5,4.05,0.2,0.9,AC,10
66089,4,All B are C,No A are B,6.4,1.562,2,8,10,1,0.5,4.05,0.2,0.9,DA,10
66121,1,All B are C,No A are C,2.0,0.0,2,2,10,1,0.5,4.05,0.2,0.9,MT,10
66121,2,All B are C,All A are B,2.4,0.4899,2,3,10,1,0.5,4.05,0.2,0.9,MP,10
66121,3,All B are C,All A are C,3.0,0.0,3,3,10,1,0.5,4.05,0.2,0.9,AC,10
66121,4,All B are C,No A are B,6.4,1.562,2,8,10,1,0.5,4.05,0.2,0.9,DA,10
66151,1,All B are C,No A are C,2.0,0.0,2,2,10,1,0.5,4.05,0.2,0.9,MT,10
66151,2,All B are C,All A are B,2.4,0.4899,2,3,10,1,0.5,4.05,0.2,0.9,MP,10
66151,3,All B are C,All A are C,3.0,0.0,3,3,10,1,0.5,4.05,0.2,0.9,AC,10
66151,4,All B are C,No A are B,6.4,1.562,2,8,10,1,0.5,4.05,0.2,0.9,DA,10
66157,1,All B are C,No A are C,2.0,0.0,2,2,10,1,0.5,4.05,0.5,0.8,MT,10
66157,2,All B are C,All A are B,2.5,0.5,2,3,10,1,0.5,4.05,0.5,0.8,MP,10
66157,3,All B are C,All A are C,2.9,0.3,2,3,10,1,0.5,4.05,0.5,0.8,AC,10
66157,4,All B are C,No A are B,5.6,1.9079,2,8,10,1,0.5,4.05,0.5,0.8,DA,10
66201,1,All B are C,No A are C,2.0,0.0,2,2,10,1,0.6000000000000001,3.26,0.0,0.5,MT,10
66201,2,All B are C,All A are B,2.5,0.5,2,3,10,1,0.6000000000000001,3.26,0.0,0.5,MP,10
66201,3,All B are C,All A are C,2.7,0.4583,2,3,10,1,0.6000000000000001,3.26,0.0,0.5,AC,10
66201,4,All B are C,No A are B,5.1,2.5475,2,8,10,1,0.6000000000000001,3.26,0.0,0.5,DA,10
66206,1,All B are C,No A are C,2.0,0.0,2,2,10,1,0.5,4.05,0.2,0.9,MT,10
66206,2,All B are C,All A are B,2.4,0.4899,2,3,10,1,0.5,4.05,0.2,0.9,MP,10
66206,3,All B are C,All A are C,3.0,0.0,3,3,10,1,0.5,4.05,0.2,0.9,AC,10
66206,4,All B are C,No A are B,6.4,1.562,2,8,10,1,0.5,4.05,0.2,0.9,DA,10
66275,1,All B are C,No A are C,2.0,0.0,2,2,10,1,0.5,4.05,0.6000000000000001,0.4,MT,10
66275,2,All B are C,All A are B,2.3,0.4583,2,3,10,1,0.5,4.05,0.6000000000000001,0.4,MP,10
66275,3,All B are C,All A are C,2.2,0.4,2,3,10,1,0.5,4.05,0.6000000000000001,0.4,AC,10
66275,4,All B are C,No A are B,3.1,2.2113,2,8,10,1,0.5,4.05,0.6000000000000001,0.4,DA,10
66305,1,All B are C,No A are C,2.0,0.0,2,2,10,1,0.5,4.05,0.6000000000000001,0.1,MT,10
66305,2,All B are C,All A are B,2.2,0.4,2,3,10,1,0.5,4.05,0.6000000000000001,0.1,MP,10
66305,3,All B are C,All A are C,2.0,0.0,2,2,10,1,0.5,4.05,0.6000000000000001,0.1,AC,10
66305,4,All B are C,No A are B,2.9,1.8138,2,7,10,1,0.5,4.05,0.6000000000000001,0.1,DA,10
66312,1,All B are C,No A are C,2.0,0.0,2,2,10,1,0.5,4.05,0.2,0.9,MT,10
66312,2,All B are C,All A are B,2.4,0.4899,2,3,10,1,0.5,4.05,0.2,0.9,MP,10
66312,3,All B are C,All A are C,3.0,0.0,3,3,10,1,0.5,4.05,0.2,0.9,AC,10
66312,4,All B are C,No A are B,6.4,1.562,2,8,10,1,0.5,4.05,0.2,0.9,DA,10
66314,1,All B are C,No A are C,2.0,0.0,2,2,10,1,0.6000000000000001,3.26,0.0,0.5,MT,10
66314,2,All B are C,All A are B,2.5,0.5,2,3,10,1,0.6000000000000001,3.26,0.0,0.5,MP,10
66314,3,All B are C,All A are C,2.7,0.4583,2,3,10,1,0.6000000000000001,3.26,0.0,0.5,AC,10
66314,4,All B are C,No A are B,5.1,2.5475,2,8,10,1,0.6000000000000001,3.26,0.0,0.5,DA,10
66373,1,All B are C,No A are C,2.0,0.0,2,2,10,1,0.6000000000000001,3.26,0.0,0.5,MT,10
66373,2,All B are C,All A are B,2.5,0.5,2,3,10,1,0.6000000000000001,3.26,0.0,0.5,MP,10
66373,3,All B are C,All A are C,2.7,0.4583,2,3,10,1,0.6000000000000001,3.26,0.0,0.5,AC,10
66373,4,All B are C,No A are B,5.1,2.5475,2,8,10,1,0.6000000000000001,3.26,0.0,0.5,DA,10
66420,1,All B are C,No A are C,2.0,0.0,2,2,10,1,0.5,4.05,0.5,0.5,MT,10
66420,2,All B are C,All A are B,2.4,0.4899,2,3,10,1,0.5,4.05,0.5,0.5,MP,10
66420,3,All B are C,All A are C,2.5,0.5,2,3,10,1,0.5,4.05,0.5,0.5,AC,10
66420,4,All B are C,No A are B,4.5,2.5788,2,8,10,1,0.5,4.05,0.5,0.5,DA,10
66520,1,All B are C,No A are C,2.0,0.0,2,2,10,1,0.5,4.05,0.2,0.9,MT,10
66520,2,All B are C,All A are B,2.4,0.4899,2,3,10,1,0.5,4.05,0.2,0.9,MP,10
66520,3,All B are C,All A are C,3.0,0.0,3,3,10,1,0.5,4.05,0.2,0.9,AC,10
66520,4,All B are C,No A are B,6.4,1.562,2,8,10,1,0.5,4.05,0.2,0.9,DA,10
67013,1,All B are C,No A are C,2.0,0.0,2,2,10,1,0.6000000000000001,3.26,0.0,0.5,MT,10
67013,2,All B are C,All A are B,2.5,0.5,2,3,10,1,0.6000000000000001,3.26,0.0,0.5,MP,10
67013,3,All B are C,All A are C,2.7,0.4583,2,3,10,1,0.6000000000000001,3.26,0.0,0.5,AC,10
67013,4,All B are C,No A are B,5.1,2.5475,2,8,10,1,0.6000000000000001,3.26,0.0,0.5,DA,10
67024,1,All B are C,No A are C,2.0,0.0,2,2,10,1,0.5,4.05,0.5,0.2,MT,10
67024,2,All B are C,All A are B,2.3,0.4583,2,3,10,1,0.5,4.05,0.5,0.2,MP,10
67024,3,All B are C,All A are C,2.1,0.3,2,3,10,1,0.5,4.05,0.5,0.2,AC,10
67024,4,All B are C,No A are B,3.4,2.1541,2,7,10,1,0.5,4.05,0.5,0.2,DA,10
67026,1,All B are C,No A are C,2.0,0.0,2,2,10,1,0.5,4.05,0.5,0.2,MT,10
67026,2,All B are C,All A are B,2.3,0.4583,2,3,10,1,0.5,4.05,0.5,0.2,MP,10
67026,3,All B are C,All A are C,2.1,0.3,2,3,10,1,0.5,4.05,0.5,0.2,AC,10
67026,4,All B are C,No A are B,3.4,2.1541,2,7,10,1,0.5,4.05,0.5,0.2,DA,10
67038,1,All B are C,No A are C,2.0,0.0,2,2,10,1,0.5,4.05,0.2,0.9,MT,10
67038,2,All B are C,All A are B,2.4,0.4899,2,3,10,1,0.5,4.05,0.2,0.9,MP,10
67038,3,All B are C,All A are C,3.0,0.0,3,3,10,1,0.5,4.05,0.2,0.9,AC,10
67038,4,All B are C,No A are B,6.4,1.562,2,8,10,1,0.5,4.05,0.2,0.9,DA,10
67058,1,All B are C,No A are C,2.0,0.0,2,2,10,1,0.5,4.05,0.2,0.9,MT,10
67058,2,All B are C,All A are B,2.4,0.4899,2,3,10,1,0.5,4.05,0.2,0.9,MP,10
67058,3,All B are C,All A are C,3.0,0.0,3,3,10,1,0.5,4.05,0.2,0.9,AC,10
67058,4,All B are C,No A are B,6.4,1.562,2,8,10,1,0.5,4.05,0.2,0.9,DA,10
67100,1,All B are C,No A are C,2.0,0.0,2,2,10,1,0.5,4.05,0.5,0.2,MT,10
67100,2,All B are C,All A are B,2.3,0.4583,2,3,10,1,0.5,4.05,0.5,0.2,MP,10
67100,3,All B are C,All A are C,2.1,0.3,2,3,10,1,0.5,4.05,0.5,0.2,AC,10
67100,4,All B are C,No A are B,3.4,2.1541,2,7,10,1,0.5,4.05,0.5,0.2,DA,10
67105,1,All B are C,No A are C,2.0,0.0,2,2,10,1,0.5,4.05,0.2,0.9,MT,10
67105,2,All B are C,All A are B,2.4,0.4899,2,3,10,1,0.5,4.05,0.2,0.9,MP,10
67105,3,All B are C,All A are C,3.0,0.0,3,3,10,1,0.5,4.05,0.2,0.9,AC,10
67105,4,All B are C,No A are B,6.4,1.562,2,8,10,1,0.5,4.05,0.2,0.9,DA,10
67144,1,All B are C,No A are C,2.0,0.0,2,2,10,1,0.6000000000000001,3.26,0.0,0.5,MT,10
67144,2,All B are C,All A are B,2.5,0.5,2,3,10,1,0.6000000000000001,3.26,0.0,0.5,MP,10
67144,3,All B are C,All A are C,2.7,0.4583,2,3,10,1,0.6000000000000001,3.26,0.0,0.5,AC,10
67144,4,All B are C,No A are B,5.1,2.5475,2,8,10,1,0.6000000000000001,3.26,0.0,0.5,DA,10
67165,1,All B are C,No A are C,2.0,0.0,2,2,10,1,0.5,4.05,0.2,0.9,MT,10
67165,2,All B are C,All A are B,2.4,0.4899,2,3,10,1,0.5,4.05,0.2,0.9,MP,10
67165,3,All B are C,All A are C,3.0,0.0,3,3,10,1,0.5,4.05,0.2,0.9,AC,10
67165,4,All B are C,No A are B,6.4,1.562,2,8,10,1,0.5,4.05,0.2,0.9,DA,10
67179,1,All B are C,No A are C,2.0,0.0,2,2,10,1,0.6000000000000001,3.26,0.0,0.5,MT,10
67179,2,All B are C,All A are B,2.5,0.5,2,3,10,1,0.6000000000000001,3.26,0.0,0.5,MP,10
67179,3,All B are C,All A are C,2.7,0.4583,2,3,10,1,0.6000000000000001,3.26,0.0,0.5,AC,10
67179,4,All B are C,No A are B,5.1,2.5475,2,8,10,1,0.6000000000000001,3.26,0.0,0.5,DA,10
67180,1,All B are C,No A are C,2.0,0.0,2,2,10,1,0.5,4.05,0.2,0.9,MT,10
67180,2,All B are C,All A are B,2.4,0.4899,2,3,10,1,0.5,4.05,0.2,0.9,MP,10
67180,3,All B are C,All A are C,3.0,0.0,3,3,10,1,0.5,4.05,0.2,0.9,AC,10
67180,4,All B are C,No A are B,6.4,1.562,2,8,10,1,0.5,4.05,0.2,0.9,DA,10
67186,1,All B are C,No A are C,2.0,0.0,2,2,10,1,0.5,4.05,0.6000000000000001,0.4,MT,10
67186,2,All B are C,All A are B,2.3,0.4583,2,3,10,1,0.5,4.05,0.6000000000000001,0.4,MP,10
67186,3,All B are C,All A are C,2.2,0.4,2,3,10,1,0.5,4.05,0.6000000000000001,0.4,AC,10
67186,4,All B are C,No A are B,3.1,2.2113,2,8,10,1,0.5,4.05,0.6000000000000001,0.4,DA,10
67194,1,All B are C,No A are C,2.0,0.0,2,2,10,1,0.6000000000000001,3.26,0.0,0.5,MT,10
67194,2,All B are C,All A are B,2.5,0.5,2,3,10,1,0.6000000000000001,3.26,0.0,0.5,MP,10
67194,3,All B are C,All A are C,2.7,0.4583,2,3,10,1,0.6000000000000001,3.26,0.0,0.5,AC,10
67194,4,All B are C,No A are B,5.1,2.5475,2,8,10,1,0.6000000000000001,3.26,0.0,0.5,DA,10
67212,1,All B are C,No A are C,2.0,0.0,2,2,10,1,0.5,4.05,0.6000000000000001,0.1,MT,10
67212,2,All B are C,All A are B,2.2,0.4,2,3,10,1,0.5,4.05,0.6000000000000001,0.1,MP,10
67212,3,All B are C,All A are C,2.0,0.0,2,2,10,1,0.5,4.05,0.6000000000000001,0.1,AC,10
67212,4,All B are C,No A are B,2.9,1.8138,2,7,10,1,0.5,4.05,0.6000000000000001,0.1,DA,10
67245,1,All B are C,No A are C,2.0,0.0,2,2,10,1,0.6000000000000001,3.26,0.0,0.5,MT,10
67245,2,All B are C,All A are B,2.5,0.5,2,3,10,1,0.6000000000000001,3.26,0.0,0.5,MP,10
67245,3,All B are C,All A are C,2.7,0.4583,2,3,10,1,0.6000000000000001,3.26,0.0,0.5,AC,10
67245,4,All B are C,No A are B,5.1,2.5475,2,8,10,1,0.6000000000000001,3.26,0.0,0.5,DA,10
67311,1,All B are C,No A are C,2.0,0.0,2,2,10,1,0.5,4.05,0.2,0.9,MT,10
67311,2,All B are C,All A are B,2.4,0.4899,2,3,10,1,0.5,4.05,0.2,0.9,MP,10
67311,3,All B are C,All A are C,3.0,0.0,3,3,10,1,0.5,4.05,0.2,0.9,AC,10
67311,4,All B are C,No A are B,6.4,1.562,2,8,10,1,0.5,4.05,0.2,0.9,DA,10
67317,1,All B are C,No A are C,2.0,0.0,2,2,10,1,0.5,4.05,0.2,0.9,MT,10
67317,2,All B are C,All A are B,2.4,0.4899,2,3,10,1,0.5,4.05,0.2,0.9,MP,10
67317,3,All B are C,All A are C,3.0,0.0,3,3,10,1,0.5,4.05,0.2,0.9,AC,10
67317,4,All B are C,No A are B,6.4,1.562,2,8,10,1,0.5,4.05,0.2,0.9,DA,10
67323,1,All B are C,No A are C,2.0,0.0,2,2,10,1,0.5,4.05,0.6000000000000001,0.4,MT,10
67323,2,All B are C,All A are B,2.3,0.4583,2,3,10,1,0.5,4.05,0.6000000000000001,0.4,MP,10
67323,3,All B are C,All A are C,2.2,0.4,2,3,10,1,0.5,4.05,0.6000000000000001,0.4,AC,10
67323,4,All B are C,No A are B,3.1,2.2113,2,8,10,1,0.5,4.05,0.6000000000000001,0.4,DA,10
67339,1,All B are C,No A are C,2.0,0.0,2,2,10,1,0.5,4.05,0.6000000000000001,0.1,MT,10
67339,2,All B are C,All A are B,2.2,0.4,2,3,10,1,0.5,4.05,0.6000000000000001,0.1,MP,10
67339,3,All B are C,All A are C,2.0,0.0,2,2,10,1,0.5,4.05,0.6000000000000001,0.1,AC,10
67339,4,All B are C,No A are B,2.9,1.8138,2,7,10,1,0.5,4.05,0.6000000000000001,0.1,DA,10
67424,1,All B are C,No A are C,2.0,0.0,2,2,10,1,0.5,4.05,0.2,0.9,MT,10
67424,2,All B are C,All A are B,2.4,0.4899,2,3,10,1,0.5,4.05,0.2,0.9,MP,10
67424,3,All B are C,All A are C,3.0,0.0,3,3,10,1,0.5,4.05,0.2,0.9,AC,10
67424,4,All B are C,No A are B,6.4,1.562,2,8,10,1,0.5,4.05,0.2,0.9,DA,10
67454,1,All B are C,No A are C,2.0,0.0,2,2,10,1,0.5,4.05,0.6000000000000001,0.1,MT,10
67454,2,All B are C,All A are B,2.2,0.4,2,3,10,1,0.5,4.05,0.6000000000000001,0.1,MP,10
67454,3,All B are C,All A are C,2.0,0.0,2,2,10,1,0.5,4.05,0.6000000000000001,0.1,AC,10
67454,4,All B are C,No A are B,2.9,1.8138,2,7,10,1,0.5,4.05,0.6000000000000001,0.1,DA,10
68007,1,All B are C,No A are C,2.0,0.0,2,2,10,1,0.5,4.05,0.2,0.9,MT,10
68007,2,All B are C,All A are B,2.4,0.4899,2,3,10,1,0.5,4.05,0.2,0.9,MP,10
68007,3,All B are C,All A are C,3.0,0.0,3,3,10,1,0.5,4.05,0.2,0.9,AC,10
68007,4,All B are C,No A are B,6.4,1.562,2,8,10,1,0.5,4.05,0.2,0.9,DA,10
68016,1,All B are C,No A are C,2.0,0.0,2,2,10,1,0.5,4.05,0.6000000000000001,0.1,MT,10
68016,2,All B are C,All A are B,2.2,0.4,2,3,10,1,0.5,4.05,0.6000000000000001,0.1,MP,10
68016,3,All B are C,All A are C,2.0,0.0,2,2,10,1,0.5,4.05,0.6000000000000001,0.1,AC,10
68016,4,All B are C,No A are B,2.9,1.8138,2,7,10,1,0.5,4.05,0.6000000000000001,0.1,DA,10
68027,1,All B are C,No A are C,2.0,0.0,2,2,10,1,0.6000000000000001,3.26,0.0,0.5,MT,10
68027,2,All B are C,All A are B,2.5,0.5,2,3,10,1,0.6000000000000001,3.26,0.0,0.5,MP,10
68027,3,All B are C,All A are C,2.7,0.4583,2,3,10,1,0.6000000000000001,3.26,0.0,0.5,AC,10
68027,4,All B are C,No A are B,5.1,2.5475,2,8,10,1,0.6000000000000001,3.26,0.0,0.5,DA,10
68051,1,All B are C,No A are C,2.0,0.0,2,2,10,1,0.5,4.05,0.2,0.9,MT,10
68051,2,All B are C,All A are B,2.4,0.4899,2,3,10,1,0.5,4.05,0.2,0.9,MP,10
68051,3,All B are C,All A are C,3.0,0.0,3,3,10,1,0.5,4.05,0.2,0.9,AC,10
68051,4,All B are C,No A are B,6.4,1.562,2,8,10,1,0.5,4.05,0.2,0.9,DA,10
68124,1,All B are C,No A are C,2.0,0.0,2,2,10,1,0.6000000000000001,3.26,0.0,0.5,MT,10
68124,2,All B are C,All A are B,2.5,0.5,2,3,10,1,0.6000000000000001,3.26,0.0,0.5,MP,10
68124,3,All B are C,All A are C,2.7,0.4583,2,3,10,1,0.6000000000000001,3.26,0.0,0.5,AC,10
68124,4,All B are C,No A are B,5.1,2.5475,2,8,10,1,0.6000000000000001,3.26,0.0,0.5,DA,10
68138,1,All B are C,No A are C,2.0,0.0,2,2,10,1,0.6000000000000001,3.26,0.0,0.5,MT,10
68138,2,All B are C,All A are B,2.5,0.5,2,3,10,1,0.6000000000000001,3.26,0.0,0.5,MP,10
68138,3,All B are C,All A are C,2.7,0.4583,2,3,10,1,0.6000000000000001,3.26,0.0,0.5,AC,10
68138,4,All B are C,No A are B,5.1,2.5475,2,8,10,1,0.6000000000000001,3.26,0.0,0.5,DA,10
68193,1,All B are C,No A are C,2.0,0.0,2,2,10,1,0.5,4.05,0.2,0.9,MT,10
68193,2,All B are C,All A are B,2.4,0.4899,2,3,10,1,0.5,4.05,0.2,0.9,MP,10
68193,3,All B are C,All A are C,3.0,0.0,3,3,10,1,0.5,4.05,0.2,0.9,AC,10
68193,4,All B are C,No A are B,6.4,1.562,2,8,10,1,0.5,4.05,0.2,0.9,DA,10
68195,1,All B are C,No A are C,2.0,0.0,2,2,10,1,0.5,4.05,0.7000000000000001,0.9,MT,10
68195,2,All B are C,All A are B,2.5,0.5,2,3,10,1,0.5,4.05,0.7000000000000001,0.9,MP,10
68195,3,All B are C,All A are C,2.9,0.3,2,3,10,1,0.5,4.05,0.7000000000000001,0.9,AC,10
68195,4,All B are C,No A are B,6.6,0.6633,6,8,10,1,0.5,4.05,0.7000000000000001,0.9,DA,10
68200,1,All B are C,No A are C,2.0,0.0,2,2,10,1,0.6000000000000001,3.26,0.0,0.5,MT,10
68200,2,All B are C,All A are B,2.5,0.5,2,3,10,1,0.6000000000000001,3.26,0.0,0.5,MP,10
68200,3,All B are C,All A are C,2.7,0.4583,2,3,10,1,0.6000000000000001,3.26,0.0,0.5,AC,10
68200,4,All B are C,No A are B,5.1,2.5475,2,8,10,1,0.6000000000000001,3.26,0.0,0.5,DA,10
68255,1,All B are C,No A are C,2.0,0.0,2,2,10,1,0.5,4.05,0.6000000000000001,0.1,MT,10
68255,2,All B are C,All A are B,2.2,0.4,2,3,10,1,0.5,4.05,0.6000000000000001,0.1,MP,10
68255,3,All B are C,All A are C,2.0,0.0,2,2,10,1,0.5,4.05,0.6000000000000001,0.1,AC,10
68255,4,All B are C,No A are B,2.9,1.8138,2,7,10,1,0.5,4.05,0.6000000000000001,0.1,DA,10
68293,1,All B are C,No A are C,2.0,0.0,2,2,10,1,0.5,4.05,0.5,0.5,MT,10
68293,2,All B are C,All A are B,2.4,0.4899,2,3,10,1,0.5,4.05,0.5,0.5,MP,10
68293,3,All B are C,All A are C,2.5,0.5,2,3,10,1,0.5,4.05,0.5,0.5,AC,10
68293,4,All B are C,No A are B,4.5,2.5788,2,8,10,1,0.5,4.05,0.5,0.5,DA,10
68411,1,All B are C,No A are C,2.0,0.0,2,2,10,1,0.5,4.05,0.2,0.9,MT,10
68411,2,All B are C,All A are B,2.4,0.4899,2,3,10,1,0.5,4.05,0.2,0.9,MP,10
68411,3,All B are C,All A are C,3.0,0.0,3,3,10,1,0.5,4.05,0.2,0.9,AC,10
68411,4,All B are C,No A are B,6.4,1.562,2,8,10,1,0.5,4.05,0.2,0.9,DA,10
68425,1,All B are C,No A are C,2.0,0.0,2,2,10,1,0.5,4.05,0.2,0.9,MT,10
68425,2,All B are C,All A are B,2.4,0.4899,2,3,10,1,0.5,4.05,0.2,0.9,MP,10
68425,3,All B are C,All A are C,3.0,0.0,3,3,10,1,0.5,4.05,0.2,0.9,AC,10
68425,4,All B are C,No A are B,6.4,1.562,2,8,10,1,0.5,4.05,0.2,0.9,DA,10
68426,1,All B are C,No A are C,2.0,0.0,2,2,10,1,0.5,4.05,0.5,0.5,MT,10
68426,2,All B are C,All A are B,2.4,0.4899,2,3,10,1,0.5,4.05,0.5,0.5,MP,10
68426,3,All B are C,All A are C,2.5,0.5,2,3,10,1,0.5,4.05,0.5,0.5,AC,10
68426,4,All B are C,No A are B,4.5,2.5788,2,8,10,1,0.5,4.05,0.5,0.5,DA,10
68542,1,All B are C,No A are C,2.0,0.0,2,2,10,1,0.5,4.05,0.2,0.9,MT,10
68542,2,All B are C,All A are B,2.4,0.4899,2,3,10,1,0.5,4.05,0.2,0.9,MP,10
68542,3,All B are C,All A are C,3.0,0.0,3,3,10,1,0.5,4.05,0.2,0.9,AC,10
68542,4,All B are C,No A are B,6.4,1.562,2,8,10,1,0.5,4.05,0.2,0.9,DA,10
68549,1,All B are C,No A are C,2.0,0.0,2,2,10,1,0.5,4.05,0.2,0.9,MT,10
68549,2,All B are C,All A are B,2.4,0.4899,2,3,10,1,0.5,4.05,0.2,0.9,MP,10
68549,3,All B are C,All A are C,3.0,0.0,3,3,10,1,0.5,4.05,0.2,0.9,AC,10
68549,4,All B are C,No A are B,6.4,1.562,2,8,10,1,0.5,4.05,0.2,0.9,DA,10
68786,1,All B are C,No A are C,2.0,0.0,2,2,10,1,0.5,4.05,0.2,0.9,MT,10
68786,2,All B are C,All A are B,2.4,0.4899,2,3,10,1,0.5,4.05,0.2,0.9,MP,10
68786,3,All B are C,All A are C,3.0,0.0,3,3,10,1,0.5,4.05,0.2,0.9,AC,10
68786,4,All B are C,No A are B,6.4,1.562,2,8,10,1,0.5,4.05,0.2,0.9,DA,10
68800,1,All B are C,No A are C,2.0,0.0,2,2,10,1,0.5,4.05,0.6000000000000001,0.1,MT,10
68800,2,All B are C,All A are B,2.2,0.4,2,3,10,1,0.5,4.05,0.6000000000000001,0.1,MP,10
68800,3,All B are C,All A are C,2.0,0.0,2,2,10,1,0.5,4.05,0.6000000000000001,0.1,AC,10
68800,4,All B are C,No A are B,2.9,1.8138,2,7,10,1,0.5,4.05,0.6000000000000001,0.1,DA,10
68832,1,All B are C,No A are C,2.0,0.0,2,2,10,1,0.5,4.05,0.2,0.9,MT,10
68832,2,All B are C,All A are B,2.4,0.4899,2,3,10,1,0.5,4.05,0.2,0.9,MP,10
68832,3,All B are C,All A are C,3.0,0.0,3,3,10,1,0.5,4.05,0.2,0.9,AC,10
68832,4,All B are C,No A are B,6.4,1.562,2,8,10,1,0.5,4.05,0.2,0.9,DA,10
68850,1,All B are C,No A are C,2.0,0.0,2,2,10,1,0.5,4.05,0.2,0.9,MT,10
68850,2,All B are C,All A are B,2.4,0.4899,2,3,10,1,0.5,4.05,0.2,0.9,MP,10
68850,3,All B are C,All A are C,3.0,0.0,3,3,10,1,0.5,4.05,0.2,0.9,AC,10
68850,4,All B are C,No A are B,6.4,1.562,2,8,10,1,0.5,4.05,0.2,0.9,DA,10
68881,1,All B are C,No A are C,2.0,0.0,2,2,10,1,0.5,4.05,0.5,0.2,MT,10
68881,2,All B are C,All A are B,2.3,0.4583,2,3,10,1,0.5,4.05,0.5,0.2,MP,10
68881,3,All B are C,All A are C,2.1,0.3,2,3,10,1,0.5,4.05,0.5,0.2,AC,10
68881,4,All B are C,No A are B,3.4,2.1541,2,7,10,1,0.5,4.05,0.5,0.2,DA,10
68882,1,All B are C,No A are C,2.0,0.0,2,2,10,1,0.5,4.05,0.2,0.9,MT,10
68882,2,All B are C,All A are B,2.4,0.4899,2,3,10,1,0.5,4.05,0.2,0.9,MP,10
68882,3,All B are C,All A are C,3.0,0.0,3,3,10,1,0.5,4.05,0.2,0.9,AC,10
68882,4,All B are C,No A are B,6.4,1.562,2,8,10,1,0.5,4.05,0.2,0.9,DA,10
68896,1,All B are C,No A are C,2.0,0.0,2,2,10,1,0.5,4.05,0.2,0.9,MT,10
68896,2,All B are C,All A are B,2.4,0.4899,2,3,10,1,0.5,4.05,0.2,0.9,MP,10
68896,3,All B are C,All A are C,3.0,0.0,3,3,10,1,0.5,4.05,0.2,0.9,AC,10
68896,4,All B are C,No A are B,6.4,1.562,2,8,10,1,0.5,4.05,0.2,0.9,DA,10
68906,1,All B are C,No A are C,2.0,0.0,2,2,10,1,0.5,4.05,0.6000000000000001,0.1,MT,10
68906,2,All B are C,All A are B,2.2,0.4,2,3,10,1,0.5,4.05,0.6000000000000001,0.1,MP,10
68906,3,All B are C,All A are C,2.0,0.0,2,2,10,1,0.5,4.05,0.6000000000000001,0.1,AC,10
68906,4,All B are C,No A are B,2.9,1.8138,2,7,10,1,0.5,4.05,0.6000000000000001,0.1,DA,10
68939,1,All B are C,No A are C,2.0,0.0,2,2,10,1,0.6000000000000001,3.26,0.0,0.5,MT,10
68939,2,All B are C,All A are B,2.5,0.5,2,3,10,1,0.6000000000000001,3.26,0.0,0.5,MP,10
68939,3,All B are C,All A are C,2.7,0.4583,2,3,10,1,0.6000000000000001,3.26,0.0,0.5,AC,10
68939,4,All B are C,No A are B,5.1,2.5475,2,8,10,1,0.6000000000000001,3.26,0.0,0.5,DA,10
68987,1,All B are C,No A are C,2.0,0.0,2,2,10,1,0.5,4.05,0.2,0.9,MT,10
68987,2,All B are C,All A are B,2.4,0.4899,2,3,10,1,0.5,4.05,0.2,0.9,MP,10
68987,3,All B are C,All A are C,3.0,0.0,3,3,10,1,0.5,4.05,0.2,0.9,AC,10
68987,4,All B are C,No A are B,6.4,1.562,2,8,10,1,0.5,4.05,0.2,0.9,DA,10
69019,1,All B are C,No A are C,2.0,0.0,2,2,10,1,0.5,4.05,0.7000000000000001,0.9,MT,10
69019,2,All B are C,All A are B,2.5,0.5,2,3,10,1,0.5,4.05,0.7000000000000001,0.9,MP,10
69019,3,All B are C,All A are C,2.9,0.3,2,3,10,1,0.5,4.05,0.7000000000000001,0.9,AC,10
69019,4,All B are C,No A are B,6.6,0.6633,6,8,10,1,0.5,4.05,0.7000000000000001,0.9,DA,10
69283,1,All B are C,No A are C,2.0,0.0,2,2,10,1,0.5,4.05,0.6000000000000001,0.1,MT,10
69283,2,All B are C,All A are B,2.2,0.4,2,3,10,1,0.5,4.05,0.6000000000000001,0.1,MP,10
69283,3,All B are C,All A are C,2.0,0.0,2,2,10,1,0.5,4.05,0.6000000000000001,0.1,AC,10
69283,4,All B are C,No A are B,2.9,1.8138,2,7,10,1,0.5,4.05,0.6000000000000001,0.1,DA,10
63873,1,All B are C,No A are C,2.0,0.0,2,2,20,1,0.5,4.05,0.5,0.2,MT,20
63873,2,All B are C,All A are B,2.15,0.3571,2,3,20,1,0.5,4.05,0.5,0.2,MP,20
63873,3,All B are C,All A are C,2.2,0.4,2,3,20,1,0.5,4.05,0.5,0.2,AC,20
63873,4,All B are C,No A are B,2.5,1.533,2,8,20,1,0.5,4.05,0.5,0.2,DA,20
63884,1,All B are C,No A are C,2.0,0.0,2,2,20,1,0.6000000000000001,3.26,0.0,0.5,MT,20
63884,2,All B are C,All A are B,2.3,0.4583,2,3,20,1,0.6000000000000001,3.26,0.0,0.5,MP,20
63884,3,All B are C,All A are C,2.45,0.4975,2,3,20,1,0.6000000000000001,3.26,0.0,0.5,AC,20
63884,4,All B are C,No A are B,4.2,2.2271,2,7,20,1,0.6000000000000001,3.26,0.0,0.5,DA,20
63885,1,All B are C,No A are C,2.0,0.0,2,2,20,1,0.5,4.05,0.2,0.9,MT,20
63885,2,All B are C,All A are B,2.75,0.433,2,3,20,1,0.5,4.05,0.2,0.9,MP,20
63885,3,All B are C,All A are C,2.85,0.3571,2,3,20,1,0.5,4.05,0.2,0.9,AC,20
63885,4,All B are C,No A are B,6.65,1.6815,2,8,20,1,0.5,4.05,0.2,0.9,DA,20
63954,1,All B are C,No A are C,2.0,0.0,2,2,20,1,0.5,4.05,0.2,0.9,MT,20
63954,2,All B are C,All A are B,2.75,0.433,2,3,20,1,0.5,4.05,0.2,0.9,MP,20
63954,3,All B are C,All A are C,2.85,0.3571,2,3,20,1,0.5,4.05,0.2,0.9,AC,20
63954,4,All B are C,No A are B,6.65,1.6815,2,8,20,1,0.5,4.05,0.2,0.9,DA,20
63969,1,All B are C,No A are C,2.0,0.0,2,2,20,1,0.5,4.05,0.6000000000000001,0.1,MT,20
63969,2,All B are C,All A are B,2.0,0.0,2,2,20,1,0.5,4.05,0.6000000000000001,0.1,MP,20
63969,3,All B are C,All A are C,2.1,0.3,2,3,20,1,0.5,4.05,0.6000000000000001,0.1,AC,20
63969,4,All B are C,No A are B,2.75,1.8131,2,8,20,1,0.5,4.05,0.6000000000000001,0.1,DA,20
63977,1,All B are C,No A are C,2.0,0.0,2,2,20,1,0.5,4.05,0.6000000000000001,0.1,MT,20
63977,2,All B are C,All A are B,2.0,0.0,2,2,20,1,0.5,4.05,0.6000000000000001,0.1,MP,20
63977,3,All B are C,All A are C,2.1,0.3,2,3,20,1,0.5,4.05,0.6000000000000001,0.1,AC,20
63977,4,All B are C,No A are B,2.75,1.8131,2,8,20,1,0.5,4.05,0.6000000000000001,0.1,DA,20
63978,1,All B are C,No A are C,2.0,0.0,2,2,20,1,0.5,4.05,0.6000000000000001,0.1,MT,20
63978,2,All B are C,All A are B,2.0,0.0,2,2,20,1,0.5,4.05,0.6000000000000001,0.1,MP,20
63978,3,All B are C,All A are C,2.1,0.3,2,3,20,1,0.5,4.05,0.6000000000000001,0.1,AC,20
63978,4,All B are C,No A are B,2.75,1.8131,2,8,20,1,0.5,4.05,0.6000000000000001,0.1,DA,20
64012,1,All B are C,No A are C,2.0,0.0,2,2,20,1,0.5,4.05,0.2,0.9,MT,20
64012,2,All B are C,All A are B,2.75,0.433,2,3,20,1,0.5,4.05,0.2,0.9,MP,20
64012,3,All B are C,All A are C,2.85,0.3571,2,3,20,1,0.5,4.05,0.2,0.9,AC,20
64012,4,All B are C,No A are B,6.65,1.6815,2,8,20,1,0.5,4.05,0.2,0.9,DA,20
64037,1,All B are C,No A are C,2.0,0.0,2,2,20,1,0.5,4.05,0.6000000000000001,0.1,MT,20
64037,2,All B are C,All A are B,2.0,0.0,2,2,20,1,0.5,4.05,0.6000000000000001,0.1,MP,20
64037,3,All B are C,All A are C,2.1,0.3,2,3,20,1,0.5,4.05,0.6000000000000001,0.1,AC,20
64037,4,All B are C,No A are B,2.75,1.8131,2,8,20,1,0.5,4.05,0.6000000000000001,0.1,DA,20
64038,1,All B are C,No A are C,2.0,0.0,2,2,20,1,0.5,4.05,0.6000000000000001,0.1,MT,20
64038,2,All B are C,All A are B,2.0,0.0,2,2,20,1,0.5,4.05,0.6000000000000001,0.1,MP,20
64038,3,All B are C,All A are C,2.1,0.3,2,3,20,1,0.5,4.05,0.6000000000000001,0.1,AC,20
64038,4,All B are C,No A are B,2.75,1.8131,2,8,20,1,0.5,4.05,0.6000000000000001,0.1,DA,20
64039,1,All B are C,No A are C,2.0,0.0,2,2,20,1,0.5,4.05,0.6000000000000001,0.1,MT,20
64039,2,All B are C,All A are B,2.0,0.0,2,2,20,1,0.5,4.05,0.6000000000000001,0.1,MP,20
64039,3,All B are C,All A are C,2.1,0.3,2,3,20,1,0.5,4.05,0.6000000000000001,0.1,AC,20
64039,4,All B are C,No A are B,2.75,1.8131,2,8,20,1,0.5,4.05,0.6000000000000001,0.1,DA,20
64065,1,All B are C,No A are C,2.0,0.0,2,2,20,1,0.5,4.05,0.2,0.9,MT,20
64065,2,All B are C,All A are B,2.75,0.433,2,3,20,1,0.5,4.05,0.2,0.9,MP,20
64065,3,All B are C,All A are C,2.85,0.3571,2,3,20,1,0.5,4.05,0.2,0.9,AC,20
64065,4,All B are C,No A are B,6.65,1.6815,2,8,20,1,0.5,4.05,0.2,0.9,DA,20
64066,1,All B are C,No A are C,2.0,0.0,2,2,20,1,0.6000000000000001,3.26,0.0,0.5,MT,20
64066,2,All B are C,All A are B,2.3,0.4583,2,3,20,1,0.6000000000000001,3.26,0.0,0.5,MP,20
64066,3,All B are C,All A are C,2.45,0.4975,2,3,20,1,0.6000000000000001,3.26,0.0,0.5,AC,20
64066,4,All B are C,No A are B,4.2,2.2271,2,7,20,1,0.6000000000000001,3.26,0.0,0.5,DA,20
64105,1,All B are C,No A are C,2.0,0.0,2,2,20,1,0.6000000000000001,3.26,0.0,0.5,MT,20
64105,2,All B are C,All A are B,2.3,0.4583,2,3,20,1,0.6000000000000001,3.26,0.0,0.5,MP,20
64105,3,All B are C,All A are C,2.45,0.4975,2,3,20,1,0.6000000000000001,3.26,0.0,0.5,AC,20
64105,4,All B are C,No A are B,4.2,2.2271,2,7,20,1,0.6000000000000001,3.26,0.0,0.5,DA,20
64116,1,All B are C,No A are C,2.0,0.0,2,2,20,1,0.5,4.05,0.2,0.9,MT,20
64116,2,All B are C,All A are B,2.75,0.433,2,3,20,1,0.5,4.05,0.2,0.9,MP,20
64116,3,All B are C,All A are C,2.85,0.3571,2,3,20,1,0.5,4.05,0.2,0.9,AC,20
64116,4,All B are C,No A are B,6.65,1.6815,2,8,20,1,0.5,4.05,0.2,0.9,DA,20
64123,1,All B are C,No A are C,2.0,0.0,2,2,20,1,0.5,4.05,0.6000000000000001,0.1,MT,20
64123,2,All B are C,All A are B,2.0,0.0,2,2,20,1,0.5,4.05,0.6000000000000001,0.1,MP,20
64123,3,All B are C,All A are C,2.1,0.3,2,3,20,1,0.5,4.05,0.6000000000000001,0.1,AC,20
64123,4,All B are C,No A are B,2.75,1.8131,2,8,20,1,0.5,4.05,0.6000000000000001,0.1,DA,20
64159,1,All B are C,No A are C,2.0,0.0,2,2,20,1,0.5,4.05,0.2,0.9,MT,20
64159,2,All B are C,All A are B,2.75,0.433,2,3,20,1,0.5,4.05,0.2,0.9,MP,20
64159,3,All B are C,All A are C,2.85,0.3571,2,3,20,1,0.5,4.05,0.2,0.9,AC,20
64159,4,All B are C,No A are B,6.65,1.6815,2,8,20,1,0.5,4.05,0.2,0.9,DA,20
64189,1,All B are C,No A are C,2.0,0.0,2,2,20,1,0.5,4.05,0.2,0.9,MT,20
64189,2,All B are C,All A are B,2.75,0.433,2,3,20,1,0.5,4.05,0.2,0.9,MP,20
64189,3,All B are C,All A are C,2.85,0.3571,2,3,20,1,0.5,4.05,0.2,0.9,AC,20
64189,4,All B are C,No A are B,6.65,1.6815,2,8,20,1,0.5,4.05,0.2,0.9,DA,20
64222,1,All B are C,No A are C,2.0,0.0,2,2,20,1,0.5,4.05,0.2,0.9,MT,20
64222,2,All B are C,All A are B,2.75,0.433,2,3,20,1,0.5,4.05,0.2,0.9,MP,20
64222,3,All B are C,All A are C,2.85,0.3571,2,3,20,1,0.5,4.05,0.2,0.9,AC,20
64222,4,All B are C,No A are B,6.65,1.6815,2,8,20,1,0.5,4.05,0.2,0.9,DA,20
64250,1,All B are C,No A are C,2.0,0.0,2,2,20,1,0.5,4.05,0.2,0.9,MT,20
64250,2,All B are C,All A are B,2.75,0.433,2,3,20,1,0.5,4.05,0.2,0.9,MP,20
64250,3,All B are C,All A are C,2.85,0.3571,2,3,20,1,0.5,4.05,0.2,0.9,AC,20
64250,4,All B are C,No A are B,6.65,1.6815,2,8,20,1,0.5,4.05,0.2,0.9,DA,20
64258,1,All B are C,No A are C,2.0,0.0,2,2,20,1,0.5,4.05,0.7000000000000001,0.9,MT,20
64258,2,All B are C,All A are B,2.5,0.5,2,3,20,1,0.5,4.05,0.7000000000000001,0.9,MP,20
64258,3,All B are C,All A are C,2.95,0.2179,2,3,20,1,0.5,4.05,0.7000000000000001,0.9,AC,20
64258,4,All B are C,No A are B,6.6,1.241,2,8,20,1,0.5,4.05,0.7000000000000001,0.9,DA,20
64270,1,All B are C,No A are C,2.0,0.0,2,2,20,1,0.5,4.05,0.2,0.9,MT,20
64270,2,All B are C,All A are B,2.75,0.433,2,3,20,1,0.5,4.05,0.2,0.9,MP,20
64270,3,All B are C,All A are C,2.85,0.3571,2,3,20,1,0.5,4.05,0.2,0.9,AC,20
64270,4,All B are C,No A are B,6.65,1.6815,2,8,20,1,0.5,4.05,0.2,0.9,DA,20
64312,1,All B are C,No A are C,2.0,0.0,2,2,20,1,0.5,4.05,0.5,0.5,MT,20
64312,2,All B are C,All A are B,2.35,0.477,2,3,20,1,0.5,4.05,0.5,0.5,MP,20
64312,3,All B are C,All A are C,2.5,0.5,2,3,20,1,0.5,4.05,0.5,0.5,AC,20
64312,4,All B are C,No A are B,4.7,2.492,2,8,20,1,0.5,4.05,0.5,0.5,DA,20
64363,1,All B are C,No A are C,2.0,0.0,2,2,20,1,0.5,4.05,0.6000000000000001,0.1,MT,20
64363,2,All B are C,All A are B,2.0,0.0,2,2,20,1,0.5,4.05,0.6000000000000001,0.1,MP,20
64363,3,All B are C,All A are C,2.1,0.3,2,3,20,1,0.5,4.05,0.6000000000000001,0.1,AC,20
64363,4,All B are C,No A are B,2.75,1.8131,2,8,20,1,0.5,4.05,0.6000000000000001,0.1,DA,20
64369,1,All B are C,No A are C,2.0,0.0,2,2,20,1,0.5,4.05,0.2,0.9,MT,20
64369,2,All B are C,All A are B,2.75,0.433,2,3,20,1,0.5,4.05,0.2,0.9,MP,20
64369,3,All B are C,All A are C,2.85,0.3571,2,3,20,1,0.5,4.05,0.2,0.9,AC,20
64369,4,All B are C,No A are B,6.65,1.6815,2,8,20,1,0.5,4.05,0.2,0.9,DA,20
64386,1,All B are C,No A are C,2.0,0.0,2,2,20,1,0.5,4.05,0.2,0.9,MT,20
64386,2,All B are C,All A are B,2.75,0.433,2,3,20,1,0.5,4.05,0.2,0.9,MP,20
64386,3,All B are C,All A are C,2.85,0.3571,2,3,20,1,0.5,4.05,0.2,0.9,AC,20
64386,4,All B are C,No A are B,6.65,1.6815,2,8,20,1,0.5,4.05,0.2,0.9,DA,20
64388,1,All B are C,No A are C,2.0,0.0,2,2,20,1,0.5,4.05,0.2,0.9,MT,20
64388,2,All B are C,All A are B,2.75,0.433,2,3,20,1,0.5,4.05,0.2,0.9,MP,20
64388,3,All B are C,All A are C,2.85,0.3571,2,3,20,1,0.5,4.05,0.2,0.9,AC,20
64388,4,All B are C,No A are B,6.65,1.6815,2,8,20,1,0.5,4.05,0.2,0.9,DA,20
64392,1,All B are C,No A are C,2.0,0.0,2,2,20,1,0.5,4.05,0.6000000000000001,0.1,MT,20
64392,2,All B are C,All A are B,2.0,0.0,2,2,20,1,0.5,4.05,0.6000000000000001,0.1,MP,20
64392,3,All B are C,All A are C,2.1,0.3,2,3,20,1,0.5,4.05,0.6000000000000001,0.1,AC,20
64392,4,All B are C,No A are B,2.75,1.8131,2,8,20,1,0.5,4.05,0.6000000000000001,0.1,DA,20
64434,1,All B are C,No A are C,2.0,0.0,2,2,20,1,0.5,4.05,0.5,0.8,MT,20
64434,2,All B are C,All A are B,2.4,0.4899,2,3,20,1,0.5,4.05,0.5,0.8,MP,20
64434,3,All B are C,All A are C,2.75,0.433,2,3,20,1,0.5,4.05,0.5,0.8,AC,20
64434,4,All B are C,No A are B,6.15,2.1972,2,8,20,1,0.5,4.05,0.5,0.8,DA,20
64438,1,All B are C,No A are C,2.0,0.0,2,2,20,1,0.5,4.05,0.2,0.9,MT,20
64438,2,All B are C,All A are B,2.75,0.433,2,3,20,1,0.5,4.05,0.2,0.9,MP,20
64438,3,All B are C,All A are C,2.85,0.3571,2,3,20,1,0.5,4.05,0.2,0.9,AC,20
64438,4,All B are C,No A are B,6.65,1.6815,2,8,20,1,0.5,4.05,0.2,0.9,DA,20
64450,1,All B are C,No A are C,2.0,0.0,2,2,20,1,0.5,4.05,0.5,0.2,MT,20
64450,2,All B are C,All A are B,2.15,0.3571,2,3,20,1,0.5,4.05,0.5,0.2,MP,20
64450,3,All B are C,All A are C,2.2,0.4,2,3,20,1,0.5,4.05,0.5,0.2,AC,20
64450,4,All B are C,No A are B,2.5,1.533,2,8,20,1,0.5,4.05,0.5,0.2,DA,20
64597,1,All B are C,No A are C,2.0,0.0,2,2,20,1,0.6000000000000001,3.26,0.0,0.5,MT,20
64597,2,All B are C,All A are B,2.3,0.4583,2,3,20,1,0.6000000000000001,3.26,0.0,0.5,MP,20
64597,3,All B are C,All A are C,2.45,0.4975,2,3,20,1,0.6000000000000001,3.26,0.0,0.5,AC,20
64597,4,All B are C,No A are B,4.2,2.2271,2,7,20,1,0.6000000000000001,3.26,0.0,0.5,DA,20
64615,1,All B are C,No A are C,2.0,0.0,2,2,20,1,0.5,4.05,0.5,0.2,MT,20
64615,2,All B are C,All A are B,2.15,0.3571,2,3,20,1,0.5,4.05,0.5,0.2,MP,20
64615,3,All B are C,All A are C,2.2,0.4,2,3,20,1,0.5,4.05,0.5,0.2,AC,20
64615,4,All B are C,No A are B,2.5,1.533,2,8,20,1,0.5,4.05,0.5,0.2,DA,20
64652,1,All B are C,No A are C,2.0,0.0,2,2,20,1,0.5,4.05,0.2,0.9,MT,20
64652,2,All B are C,All A are B,2.75,0.433,2,3,20,1,0.5,4.05,0.2,0.9,MP,20
64652,3,All B are C,All A are C,2.85,0.3571,2,3,20,1,0.5,4.05,0.2,0.9,AC,20
64652,4,All B are C,No A are B,6.65,1.6815,2,8,20,1,0.5,4.05,0.2,0.9,DA,20
64685,1,All B are C,No A are C,2.0,0.0,2,2,20,1,0.5,4.05,0.5,0.8,MT,20
64685,2,All B are C,All A are B,2.4,0.4899,2,3,20,1,0.5,4.05,0.5,0.8,MP,20
64685,3,All B are C,All A are C,2.75,0.433,2,3,20,1,0.5,4.05,0.5,0.8,AC,20
64685,4,All B are C,No A are B,6.15,2.1972,2,8,20,1,0.5,4.05,0.5,0.8,DA,20
64695,1,All B are C,No A are C,2.0,0.0,2,2,20,1,0.5,4.05,0.7000000000000001,0.9,MT,20
64695,2,All B are C,All A are B,2.5,0.5,2,3,20,1,0.5,4.05,0.7000000000000001,0.9,MP,20
64695,3,All B are C,All A are C,2.95,0.2179,2,3,20,1,0.5,4.05,0.7000000000000001,0.9,AC,20
64695,4,All B are C,No A are B,6.6,1.241,2,8,20,1,0.5,4.05,0.7000000000000001,0.9,DA,20
64707,1,All B are C,No A are C,2.0,0.0,2,2,20,1,0.5,4.05,0.6000000000000001,0.1,MT,20
64707,2,All B are C,All A are B,2.0,0.0,2,2,20,1,0.5,4.05,0.6000000000000001,0.1,MP,20
64707,3,All B are C,All A are C,2.1,0.3,2,3,20,1,0.5,4.05,0.6000000000000001,0.1,AC,20
64707,4,All B are C,No A are B,2.75,1.8131,2,8,20,1,0.5,4.05,0.6000000000000001,0.1,DA,20
64708,1,All B are C,No A are C,2.0,0.0,2,2,20,1,0.5,4.05,0.2,0.9,MT,20
64708,2,All B are C,All A are B,2.75,0.433,2,3,20,1,0.5,4.05,0.2,0.9,MP,20
64708,3,All B are C,All A are C,2.85,0.3571,2,3,20,1,0.5,4.05,0.2,0.9,AC,20
64708,4,All B are C,No A are B,6.65,1.6815,2,8,20,1,0.5,4.05,0.2,0.9,DA,20
64776,1,All B are C,No A are C,2.0,0.0,2,2,20,1,0.5,4.05,0.6000000000000001,0.1,MT,20
64776,2,All B are C,All A are B,2.0,0.0,2,2,20,1,0.5,4.05,0.6000000000000001,0.1,MP,20
64776,3,All B are C,All A are C,2.1,0.3,2,3,20,1,0.5,4.05,0.6000000000000001,0.1,AC,20
64776,4,All B are C,No A are B,2.75,1.8131,2,8,20,1,0.5,4.05,0.6000000000000001,0.1,DA,20
64793,1,All B are C,No A are C,2.0,0.0,2,2,20,1,0.5,4.05,0.6000000000000001,0.1,MT,20
64793,2,All B are C,All A are B,2.0,0.0,2,2,20,1,0.5,4.05,0.6000000000000001,0.1,MP,20
64793,3,All B are C,All A are C,2.1,0.3,2,3,20,1,0.5,4.05,0.6000000000000001,0.1,AC,20
64793,4,All B are C,No A are B,2.75,1.8131,2,8,20,1,0.5,4.05,0.6000000000000001,0.1,DA,20
64806,1,All B are C,No A are C,2.0,0.0,2,2,20,1,0.5,4.05,0.2,0.9,MT,20
64806,2,All B are C,All A are B,2.75,0.433,2,3,20,1,0.5,4.05,0.2,0.9,MP,20
64806,3,All B are C,All A are C,2.85,0.3571,2,3,20,1,0.5,4.05,0.2,0.9,AC,20
64806,4,All B are C,No A are B,6.65,1.6815,2,8,20,1,0.5,4.05,0.2,0.9,DA,20
64843,1,All B are C,No A are C,2.0,0.0,2,2,20,1,0.6000000000000001,3.26,0.0,0.5,MT,20
64843,2,All B are C,All A are B,2.3,0.4583,2,3,20,1,0.6000000000000001,3.26,0.0,0.5,MP,20
64843,3,All B are C,All A are C,2.45,0.4975,2,3,20,1,0.6000000000000001,3.26,0.0,0.5,AC,20
64843,4,All B are C,No A are B,4.2,2.2271,2,7,20,1,0.6000000000000001,3.26,0.0,0.5,DA,20
64869,1,All B are C,No A are C,2.0,0.0,2,2,20,1,0.5,4.05,0.6000000000000001,0.1,MT,20
64869,2,All B are C,All A are B,2.0,0.0,2,2,20,1,0.5,4.05,0.6000000000000001,0.1,MP,20
64869,3,All B are C,All A are C,2.1,0.3,2,3,20,1,0.5,4.05,0.6000000000000001,0.1,AC,20
64869,4,All B are C,No A are B,2.75,1.8131,2,8,20,1,0.5,4.05,0.6000000000000001,0.1,DA,20
64871,1,All B are C,No A are C,2.0,0.0,2,2,20,1,0.6000000000000001,3.26,0.0,0.5,MT,20
64871,2,All B are C,All A are B,2.3,0.4583,2,3,20,1,0.6000000000000001,3.26,0.0,0.5,MP,20
64871,3,All B are C,All A are C,2.45,0.4975,2,3,20,1,0.6000000000000001,3.26,0.0,0.5,AC,20
64871,4,All B are C,No A are B,4.2,2.2271,2,7,20,1,0.6000000000000001,3.26,0.0,0.5,DA,20
64882,1,All B are C,No A are C,2.0,0.0,2,2,20,1,0.5,4.05,0.6000000000000001,0.1,MT,20
64882,2,All B are C,All A are B,2.0,0.0,2,2,20,1,0.5,4.05,0.6000000000000001,0.1,MP,20
64882,3,All B are C,All A are C,2.1,0.3,2,3,20,1,0.5,4.05,0.6000000000000001,0.1,AC,20
64882,4,All B are C,No A are B,2.75,1.8131,2,8,20,1,0.5,4.05,0.6000000000000001,0.1,DA,20
64888,1,All B are C,No A are C,2.0,0.0,2,2,20,1,0.5,4.05,0.2,0.9,MT,20
64888,2,All B are C,All A are B,2.75,0.433,2,3,20,1,0.5,4.05,0.2,0.9,MP,20
64888,3,All B are C,All A are C,2.85,0.3571,2,3,20,1,0.5,4.05,0.2,0.9,AC,20
64888,4,All B are C,No A are B,6.65,1.6815,2,8,20,1,0.5,4.05,0.2,0.9,DA,20
64890,1,All B are C,No A are C,2.0,0.0,2,2,20,1,0.6000000000000001,3.26,0.0,0.5,MT,20
64890,2,All B are C,All A are B,2.3,0.4583,2,3,20,1,0.6000000000000001,3.26,0.0,0.5,MP,20
64890,3,All B are C,All A are C,2.45,0.4975,2,3,20,1,0.6000000000000001,3.26,0.0,0.5,AC,20
64890,4,All B are C,No A are B,4.2,2.2271,2,7,20,1,0.6000000000000001,3.26,0.0,0.5,DA,20
64919,1,All B are C,No A are C,2.0,0.0,2,2,20,1,0.5,4.05,0.2,0.9,MT,20
64919,2,All B are C,All A are B,2.75,0.433,2,3,20,1,0.5,4.05,0.2,0.9,MP,20
64919,3,All B are C,All A are C,2.85,0.3571,2,3,20,1,0.5,4.05,0.2,0.9,AC,20
64919,4,All B are C,No A are B,6.65,1.6815,2,8,20,1,0.5,4.05,0.2,0.9,DA,20
64923,1,All B are C,No A are C,2.0,0.0,2,2,20,1,0.6000000000000001,3.26,0.0,0.5,MT,20
64923,2,All B are C,All A are B,2.3,0.4583,2,3,20,1,0.6000000000000001,3.26,0.0,0.5,MP,20
64923,3,All B are C,All A are C,2.45,0.4975,2,3,20,1,0.6000000000000001,3.26,0.0,0.5,AC,20
64923,4,All B are C,No A are B,4.2,2.2271,2,7,20,1,0.6000000000000001,3.26,0.0,0.5,DA,20
64926,1,All B are C,No A are C,2.0,0.0,2,2,20,1,0.5,4.05,0.5,0.5,MT,20
64926,2,All B are C,All A are B,2.35,0.477,2,3,20,1,0.5,4.05,0.5,0.5,MP,20
64926,3,All B are C,All A are C,2.5,0.5,2,3,20,1,0.5,4.05,0.5,0.5,AC,20
64926,4,All B are C,No A are B,4.7,2.492,2,8,20,1,0.5,4.05,0.5,0.5,DA,20
64939,1,All B are C,No A are C,2.0,0.0,2,2,20,1,0.5,4.05,0.6000000000000001,0.1,MT,20
64939,2,All B are C,All A are B,2.0,0.0,2,2,20,1,0.5,4.05,0.6000000000000001,0.1,MP,20
64939,3,All B are C,All A are C,2.1,0.3,2,3,20,1,0.5,4.05,0.6000000000000001,0.1,AC,20
64939,4,All B are C,No A are B,2.75,1.8131,2,8,20,1,0.5,4.05,0.6000000000000001,0.1,DA,20
64947,1,All B are C,No A are C,2.0,0.0,2,2,20,1,0.5,4.05,0.5,0.2,MT,20
64947,2,All B are C,All A are B,2.15,0.3571,2,3,20,1,0.5,4.05,0.5,0.2,MP,20
64947,3,All B are C,All A are C,2.2,0.4,2,3,20,1,0.5,4.05,0.5,0.2,AC,20
64947,4,All B are C,No A are B,2.5,1.533,2,8,20,1,0.5,4.05,0.5,0.2,DA,20
64973,1,All B are C,No A are C,2.0,0.0,2,2,20,1,0.5,4.05,0.5,0.2,MT,20
64973,2,All B are C,All A are B,2.15,0.3571,2,3,20,1,0.5,4.05,0.5,0.2,MP,20
64973,3,All B are C,All A are C,2.2,0.4,2,3,20,1,0.5,4.05,0.5,0.2,AC,20
64973,4,All B are C,No A are B,2.5,1.533,2,8,20,1,0.5,4.05,0.5,0.2,DA,20
64976,1,All B are C,No A are C,2.0,0.0,2,2,20,1,0.5,4.05,0.6000000000000001,0.1,MT,20
64976,2,All B are C,All A are B,2.0,0.0,2,2,20,1,0.5,4.05,0.6000000000000001,0.1,MP,20
64976,3,All B are C,All A are C,2.1,0.3,2,3,20,1,0.5,4.05,0.6000000000000001,0.1,AC,20
64976,4,All B are C,No A are B,2.75,1.8131,2,8,20,1,0.5,4.05,0.6000000000000001,0.1,DA,20
65018,1,All B are C,No A are C,2.0,0.0,2,2,20,1,0.6000000000000001,3.26,0.0,0.5,MT,20
65018,2,All B are C,All A are B,2.3,0.4583,2,3,20,1,0.6000000000000001,3.26,0.0,0.5,MP,20
65018,3,All B are C,All A are C,2.45,0.4975,2,3,20,1,0.6000000000000001,3.26,0.0,0.5,AC,20
65018,4,All B are C,No A are B,4.2,2.2271,2,7,20,1,0.6000000000000001,3.26,0.0,0.5,DA,20
65021,1,All B are C,No A are C,2.0,0.0,2,2,20,1,0.5,4.05,0.2,0.9,MT,20
65021,2,All B are C,All A are B,2.75,0.433,2,3,20,1,0.5,4.05,0.2,0.9,MP,20
65021,3,All B are C,All A are C,2.85,0.3571,2,3,20,1,0.5,4.05,0.2,0.9,AC,20
65021,4,All B are C,No A are B,6.65,1.6815,2,8,20,1,0.5,4.05,0.2,0.9,DA,20
65028,1,All B are C,No A are C,2.0,0.0,2,2,20,1,0.5,4.05,0.2,0.9,MT,20
65028,2,All B are C,All A are B,2.75,0.433,2,3,20,1,0.5,4.05,0.2,0.9,MP,20
65028,3,All B are C,All A are C,2.85,0.3571,2,3,20,1,0.5,4.05,0.2,0.9,AC,20
65028,4,All B are C,No A are B,6.65,1.6815,2,8,20,1,0.5,4.05,0.2,0.9,DA,20
65048,1,All B are C,No A are C,2.0,0.0,2,2,20,1,0.5,4.05,0.6000000000000001,0.1,MT,20
65048,2,All B are C,All A are B,2.0,0.0,2,2,20,1,0.5,4.05,0.6000000000000001,0.1,MP,20
65048,3,All B are C,All A are C,2.1,0.3,2,3,20,1,0.5,4.05,0.6000000000000001,0.1,AC,20
65048,4,All B are C,No A are B,2.75,1.8131,2,8,20,1,0.5,4.05,0.6000000000000001,0.1,DA,20
65063,1,All B are C,No A are C,2.0,0.0,2,2,20,1,0.5,4.05,0.5,0.2,MT,20
65063,2,All B are C,All A are B,2.15,0.3571,2,3,20,1,0.5,4.05,0.5,0.2,MP,20
65063,3,All B are C,All A are C,2.2,0.4,2,3,20,1,0.5,4.05,0.5,0.2,AC,20
65063,4,All B are C,No A are B,2.5,1.533,2,8,20,1,0.5,4.05,0.5,0.2,DA,20
65065,1,All B are C,No A are C,2.0,0.0,2,2,20,1,0.5,4.05,0.2,0.9,MT,20
65065,2,All B are C,All A are B,2.75,0.433,2,3,20,1,0.5,4.05,0.2,0.9,MP,20
65065,3,All B are C,All A are C,2.85,0.3571,2,3,20,1,0.5,4.05,0.2,0.9,AC,20
65065,4,All B are C,No A are B,6.65,1.6815,2,8,20,1,0.5,4.05,0.2,0.9,DA,20
65071,1,All B are C,No A are C,2.0,0.0,2,2,20,1,0.5,4.05,0.6000000000000001,0.1,MT,20
65071,2,All B are C,All A are B,2.0,0.0,2,2,20,1,0.5,4.05,0.6000000000000001,0.1,MP,20
65071,3,All B are C,All A are C,2.1,0.3,2,3,20,1,0.5,4.05,0.6000000000000001,0.1,AC,20
65071,4,All B are C,No A are B,2.75,1.8131,2,8,20,1,0.5,4.05,0.6000000000000001,0.1,DA,20
65079,1,All B are C,No A are C,2.0,0.0,2,2,20,1,0.5,4.05,0.7000000000000001,0.9,MT,20
65079,2,All B are C,All A are B,2.5,0.5,2,3,20,1,0.5,4.05,0.7000000000000001,0.9,MP,20
65079,3,All B are C,All A are C,2.95,0.2179,2,3,20,1,0.5,4.05,0.7000000000000001,0.9,AC,20
65079,4,All B are C,No A are B,6.6,1.241,2,8,20,1,0.5,4.05,0.7000000000000001,0.9,DA,20
65080,1,All B are C,No A are C,2.0,0.0,2,2,20,1,0.5,4.05,0.2,0.9,MT,20
65080,2,All B are C,All A are B,2.75,0.433,2,3,20,1,0.5,4.05,0.2,0.9,MP,20
65080,3,All B are C,All A are C,2.85,0.3571,2,3,20,1,0.5,4.05,0.2,0.9,AC,20
65080,4,All B are C,No A are B,6.65,1.6815,2,8,20,1,0.5,4.05,0.2,0.9,DA,20
65088,1,All B are C,No A are C,2.0,0.0,2,2,20,1,0.5,4.05,0.5,0.2,MT,20
65088,2,All B are C,All A are B,2.15,0.3571,2,3,20,1,0.5,4.05,0.5,0.2,MP,20
65088,3,All B are C,All A are C,2.2,0.4,2,3,20,1,0.5,4.05,0.5,0.2,AC,20
65088,4,All B are C,No A are B,2.5,1.533,2,8,20,1,0.5,4.05,0.5,0.2,DA,20
65112,1,All B are C,No A are C,2.0,0.0,2,2,20,1,0.5,4.05,0.2,0.9,MT,20
65112,2,All B are C,All A are B,2.75,0.433,2,3,20,1,0.5,4.05,0.2,0.9,MP,20
65112,3,All B are C,All A are C,2.85,0.3571,2,3,20,1,0.5,4.05,0.2,0.9,AC,20
65112,4,All B are C,No A are B,6.65,1.6815,2,8,20,1,0.5,4.05,0.2,0.9,DA,20
65163,1,All B are C,No A are C,2.0,0.0,2,2,20,1,0.5,4.05,0.5,0.2,MT,20
65163,2,All B are C,All A are B,2.15,0.3571,2,3,20,1,0.5,4.05,0.5,0.2,MP,20
65163,3,All B are C,All A are C,2.2,0.4,2,3,20,1,0.5,4.05,0.5,0.2,AC,20
65163,4,All B are C,No A are B,2.5,1.533,2,8,20,1,0.5,4.05,0.5,0.2,DA,20
65216,1,All B are C,No A are C,2.0,0.0,2,2,20,1,0.5,4.05,0.5,0.8,MT,20
65216,2,All B are C,All A are B,2.4,0.4899,2,3,20,1,0.5,4.05,0.5,0.8,MP,20
65216,3,All B are C,All A are C,2.75,0.433,2,3,20,1,0.5,4.05,0.5,0.8,AC,20
65216,4,All B are C,No A are B,6.15,2.1972,2,8,20,1,0.5,4.05,0.5,0.8,DA,20
65222,1,All B are C,No A are C,2.0,0.0,2,2,20,1,0.5,4.05,0.6000000000000001,0.1,MT,20
65222,2,All B are C,All A are B,2.0,0.0,2,2,20,1,0.5,4.05,0.6000000000000001,0.1,MP,20
65222,3,All B are C,All A are C,2.1,0.3,2,3,20,1,0.5,4.05,0.6000000000000001,0.1,AC,20
65222,4,All B are C,No A are B,2.75,1.8131,2,8,20,1,0.5,4.05,0.6000000000000001,0.1,DA,20
65278,1,All B are C,No A are C,2.0,0.0,2,2,20,1,0.5,4.05,0.2,0.9,MT,20
65278,2,All B are C,All A are B,2.75,0.433,2,3,20,1,0.5,4.05,0.2,0.9,MP,20
65278,3,All B are C,All A are C,2.85,0.3571,2,3,20,1,0.5,4.05,0.2,0.9,AC,20
65278,4,All B are C,No A are B,6.65,1.6815,2,8,20,1,0.5,4.05,0.2,0.9,DA,20
65305,1,All B are C,No A are C,2.0,0.0,2,2,20,1,0.5,4.05,0.6000000000000001,0.1,MT,20
65305,2,All B are C,All A are B,2.0,0.0,2,2,20,1,0.5,4.05,0.6000000000000001,0.1,MP,20
65305,3,All B are C,All A are C,2.1,0.3,2,3,20,1,0.5,4.05,0.6000000000000001,0.1,AC,20
65305,4,All B are C,No A are B,2.75,1.8131,2,8,20,1,0.5,4.05,0.6000000000000001,0.1,DA,20
65322,1,All B are C,No A are C,2.0,0.0,2,2,20,1,0.5,4.05,0.2,0.9,MT,20
65322,2,All B are C,All A are B,2.75,0.433,2,3,20,1,0.5,4.05,0.2,0.9,MP,20
65322,3,All B are C,All A are C,2.85,0.3571,2,3,20,1,0.5,4.05,0.2,0.9,AC,20
65322,4,All B are C,No A are B,6.65,1.6815,2,8,20,1,0.5,4.05,0.2,0.9,DA,20
65323,1,All B are C,No A are C,2.0,0.0,2,2,20,1,0.5,4.05,0.6000000000000001,0.1,MT,20
65323,2,All B are C,All A are B,2.0,0.0,2,2,20,1,0.5,4.05,0.6000000000000001,0.1,MP,20
65323,3,All B are C,All A are C,2.1,0.3,2,3,20,1,0.5,4.05,0.6000000000000001,0.1,AC,20
65323,4,All B are C,No A are B,2.75,1.8131,2,8,20,1,0.5,4.05,0.6000000000000001,0.1,DA,20
65466,1,All B are C,No A are C,2.0,0.0,2,2,20,1,0.5,4.05,0.6000000000000001,0.1,MT,20
65466,2,All B are C,All A are B,2.0,0.0,2,2,20,1,0.5,4.05,0.6000000000000001,0.1,MP,20
65466,3,All B are C,All A are C,2.1,0.3,2,3,20,1,0.5,4.05,0.6000000000000001,0.1,AC,20
65466,4,All B are C,No A are B,2.75,1.8131,2,8,20,1,0.5,4.05,0.6000000000000001,0.1,DA,20
65502,1,All B are C,No A are C,2.0,0.0,2,2,20,1,0.5,4.05,0.2,0.9,MT,20
65502,2,All B are C,All A are B,2.75,0.433,2,3,20,1,0.5,4.05,0.2,0.9,MP,20
65502,3,All B are C,All A are C,2.85,0.3571,2,3,20,1,0.5,4.05,0.2,0.9,AC,20
65502,4,All B are C,No A are B,6.65,1.6815,2,8,20,1,0.5,4.05,0.2,0.9,DA,20
65527,1,All B are C,No A are C,2.0,0.0,2,2,20,1,0.5,4.05,0.7000000000000001,0.9,MT,20
65527,2,All B are C,All A are B,2.5,0.5,2,3,20,1,0.5,4.05,0.7000000000000001,0.9,MP,20
65527,3,All B are C,All A are C,2.95,0.2179,2,3,20,1,0.5,4.05,0.7000000000000001,0.9,AC,20
65527,4,All B are C,No A are B,6.6,1.241,2,8,20,1,0.5,4.05,0.7000000000000001,0.9,DA,20
65554,1,All B are C,No A are C,2.0,0.0,2,2,20,1,0.5,4.05,0.2,0.9,MT,20
65554,2,All B are C,All A are B,2.75,0.433,2,3,20,1,0.5,4.05,0.2,0.9,MP,20
65554,3,All B are C,All A are C,2.85,0.3571,2,3,20,1,0.5,4.05,0.2,0.9,AC,20
65554,4,All B are C,No A are B,6.65,1.6815,2,8,20,1,0.5,4.05,0.2,0.9,DA,20
65585,1,All B are C,No A are C,2.0,0.0,2,2,20,1,0.5,4.05,0.2,0.9,MT,20
65585,2,All B are C,All A are B,2.75,0.433,2,3,20,1,0.5,4.05,0.2,0.9,MP,20
65585,3,All B are C,All A are C,2.85,0.3571,2,3,20,1,0.5,4.05,0.2,0.9,AC,20
65585,4,All B are C,No A are B,6.65,1.6815,2,8,20,1,0.5,4.05,0.2,0.9,DA,20
65600,1,All B are C,No A are C,2.0,0.0,2,2,20,1,0.5,4.05,0.6000000000000001,0.1,MT,20
65600,2,All B are C,All A are B,2.0,0.0,2,2,20,1,0.5,4.05,0.6000000000000001,0.1,MP,20
65600,3,All B are C,All A are C,2.1,0.3,2,3,20,1,0.5,4.05,0.6000000000000001,0.1,AC,20
65600,4,All B are C,No A are B,2.75,1.8131,2,8,20,1,0.5,4.05,0.6000000000000001,0.1,DA,20
65909,1,All B are C,No A are C,2.0,0.0,2,2,20,1,0.5,4.05,0.6000000000000001,0.1,MT,20
65909,2,All B are C,All A are B,2.0,0.0,2,2,20,1,0.5,4.05,0.6000000000000001,0.1,MP,20
65909,3,All B are C,All A are C,2.1,0.3,2,3,20,1,0.5,4.05,0.6000000000000001,0.1,AC,20
65909,4,All B are C,No A are B,2.75,1.8131,2,8,20,1,0.5,4.05,0.6000000000000001,0.1,DA,20
65973,1,All B are C,No A are C,2.0,0.0,2,2,20,1,0.5,4.05,0.2,0.9,MT,20
65973,2,All B are C,All A are B,2.75,0.433,2,3,20,1,0.5,4.05,0.2,0.9,MP,20
65973,3,All B are C,All A are C,2.85,0.3571,2,3,20,1,0.5,4.05,0.2,0.9,AC,20
65973,4,All B are C,No A are B,6.65,1.6815,2,8,20,1,0.5,4.05,0.2,0.9,DA,20
65995,1,All B are C,No A are C,2.0,0.0,2,2,20,1,0.5,4.05,0.6000000000000001,0.1,MT,20
65995,2,All B are C,All A are B,2.0,0.0,2,2,20,1,0.5,4.05,0.6000000000000001,0.1,MP,20
65995,3,All B are C,All A are C,2.1,0.3,2,3,20,1,0.5,4.05,0.6000000000000001,0.1,AC,20
65995,4,All B are C,No A are B,2.75,1.8131,2,8,20,1,0.5,4.05,0.6000000000000001,0.1,DA,20
66020,1,All B are C,No A are C,2.0,0.0,2,2,20,1,0.5,4.05,0.6000000000000001,0.1,MT,20
66020,2,All B are C,All A are B,2.0,0.0,2,2,20,1,0.5,4.05,0.6000000000000001,0.1,MP,20
66020,3,All B are C,All A are C,2.1,0.3,2,3,20,1,0.5,4.05,0.6000000000000001,0.1,AC,20
66020,4,All B are C,No A are B,2.75,1.8131,2,8,20,1,0.5,4.05,0.6000000000000001,0.1,DA,20
66022,1,All B are C,No A are C,2.0,0.0,2,2,20,1,0.5,4.05,0.6000000000000001,0.1,MT,20
66022,2,All B are C,All A are B,2.0,0.0,2,2,20,1,0.5,4.05,0.6000000000000001,0.1,MP,20
66022,3,All B are C,All A are C,2.1,0.3,2,3,20,1,0.5,4.05,0.6000000000000001,0.1,AC,20
66022,4,All B are C,No A are B,2.75,1.8131,2,8,20,1,0.5,4.05,0.6000000000000001,0.1,DA,20
66036,1,All B are C,No A are C,2.0,0.0,2,2,20,1,0.6000000000000001,3.26,0.0,0.5,MT,20
66036,2,All B are C,All A are B,2.3,0.4583,2,3,20,1,0.6000000000000001,3.26,0.0,0.5,MP,20
66036,3,All B are C,All A are C,2.45,0.4975,2,3,20,1,0.6000000000000001,3.26,0.0,0.5,AC,20
66036,4,All B are C,No A are B,4.2,2.2271,2,7,20,1,0.6000000000000001,3.26,0.0,0.5,DA,20
66050,1,All B are C,No A are C,2.0,0.0,2,2,20,1,0.5,4.05,0.6000000000000001,0.1,MT,20
66050,2,All B are C,All A are B,2.0,0.0,2,2,20,1,0.5,4.05,0.6000000000000001,0.1,MP,20
66050,3,All B are C,All A are C,2.1,0.3,2,3,20,1,0.5,4.05,0.6000000000000001,0.1,AC,20
66050,4,All B are C,No A are B,2.75,1.8131,2,8,20,1,0.5,4.05,0.6000000000000001,0.1,DA,20
66057,1,All B are C,No A are C,2.0,0.0,2,2,20,1,0.5,4.05,0.2,0.9,MT,20
66057,2,All B are C,All A are B,2.75,0.433,2,3,20,1,0.5,4.05,0.2,0.9,MP,20
66057,3,All B are C,All A are C,2.85,0.3571,2,3,20,1,0.5,4.05,0.2,0.9,AC,20
66057,4,All B are C,No A are B,6.65,1.6815,2,8,20,1,0.5,4.05,0.2,0.9,DA,20
66073,1,All B are C,No A are C,2.0,0.0,2,2,20,1,0.5,4.05,0.6000000000000001,0.1,MT,20
66073,2,All B are C,All A are B,2.0,0.0,2,2,20,1,0.5,4.05,0.6000000000000001,0.1,MP,20
66073,3,All B are C,All A are C,2.1,0.3,2,3,20,1,0.5,4.05,0.6000000000000001,0.1,AC,20
66073,4,All B are C,No A are B,2.75,1.8131,2,8,20,1,0.5,4.05,0.6000000000000001,0.1,DA,20
66085,1,All B are C,No A are C,2.0,0.0,2,2,20,1,0.5,4.05,0.2,0.9,MT,20
66085,2,All B are C,All A are B,2.75,0.433,2,3,20,1,0.5,4.05,0.2,0.9,MP,20
66085,3,All B are C,All A are C,2.85,0.3571,2,3,20,1,0.5,4.05,0.2,0.9,AC,20
66085,4,All B are C,No A are B,6.65,1.6815,2,8,20,1,0.5,4.05,0.2,0.9,DA,20
66087,1,All B are C,No A are C,2.0,0.0,2,2,20,1,0.5,4.05,0.2,0.9,MT,20
66087,2,All B are C,All A are B,2.75,0.433,2,3,20,1,0.5,4.05,0.2,0.9,MP,20
66087,3,All B are C,All A are C,2.85,0.3571,2,3,20,1,0.5,4.05,0.2,0.9,AC,20
66087,4,All B are C,No A are B,6.65,1.6815,2,8,20,1,0.5,4.05,0.2,0.9,DA,20
66089,1,All B are C,No A are C,2.0,0.0,2,2,20,1,0.5,4.05,0.2,0.9,MT,20
66089,2,All B are C,All A are B,2.75,0.433,2,3,20,1,0.5,4.05,0.2,0.9,MP,20
66089,3,All B are C,All A are C,2.85,0.3571,2,3,20,1,0.5,4.05,0.2,0.9,AC,20
66089,4,All B are C,No A are B,6.65,1.6815,2,8,20,1,0.5,4.05,0.2,0.9,DA,20
66121,1,All B are C,No A are C,2.0,0.0,2,2,20,1,0.5,4.05,0.2,0.9,MT,20
66121,2,All B are C,All A are B,2.75,0.433,2,3,20,1,0.5,4.05,0.2,0.9,MP,20
66121,3,All B are C,All A are C,2.85,0.3571,2,3,20,1,0.5,4.05,0.2,0.9,AC,20
66121,4,All B are C,No A are B,6.65,1.6815,2,8,20,1,0.5,4.05,0.2,0.9,DA,20
66151,1,All B are C,No A are C,2.0,0.0,2,2,20,1,0.5,4.05,0.2,0.9,MT,20
66151,2,All B are C,All A are B,2.75,0.433,2,3,20,1,0.5,4.05,0.2,0.9,MP,20
66151,3,All B are C,All A are C,2.85,0.3571,2,3,20,1,0.5,4.05,0.2,0.9,AC,20
66151,4,All B are C,No A are B,6.65,1.6815,2,8,20,1,0.5,4.05,0.2,0.9,DA,20
66157,1,All B are C,No A are C,2.0,0.0,2,2,20,1,0.5,4.05,0.5,0.8,MT,20
66157,2,All B are C,All A are B,2.4,0.4899,2,3,20,1,0.5,4.05,0.5,0.8,MP,20
66157,3,All B are C,All A are C,2.75,0.433,2,3,20,1,0.5,4.05,0.5,0.8,AC,20
66157,4,All B are C,No A are B,6.15,2.1972,2,8,20,1,0.5,4.05,0.5,0.8,DA,20
66201,1,All B are C,No A are C,2.0,0.0,2,2,20,1,0.6000000000000001,3.26,0.0,0.5,MT,20
66201,2,All B are C,All A are B,2.3,0.4583,2,3,20,1,0.6000000000000001,3.26,0.0,0.5,MP,20
66201,3,All B are C,All A are C,2.45,0.4975,2,3,20,1,0.6000000000000001,3.26,0.0,0.5,AC,20
66201,4,All B are C,No A are B,4.2,2.2271,2,7,20,1,0.6000000000000001,3.26,0.0,0.5,DA,20
66206,1,All B are C,No A are C,2.0,0.0,2,2,20,1,0.5,4.05,0.2,0.9,MT,20
66206,2,All B are C,All A are B,2.75,0.433,2,3,20,1,0.5,4.05,0.2,0.9,MP,20
66206,3,All B are C,All A are C,2.85,0.3571,2,3,20,1,0.5,4.05,0.2,0.9,AC,20
66206,4,All B are C,No A are B,6.65,1.6815,2,8,20,1,0.5,4.05,0.2,0.9,DA,20
66275,1,All B are C,No A are C,2.0,0.0,2,2,20,1,0.5,4.05,0.6000000000000001,0.4,MT,20
66275,2,All B are C,All A are B,2.25,0.433,2,3,20,1,0.5,4.05,0.6000000000000001,0.4,MP,20
66275,3,All B are C,All A are C,2.45,0.4975,2,3,20,1,0.5,4.05,0.6000000000000001,0.4,AC,20
66275,4,All B are C,No A are B,3.05,2.1325,2,8,20,1,0.5,4.05,0.6000000000000001,0.4,DA,20
66305,1,All B are C,No A are C,2.0,0.0,2,2,20,1,0.5,4.05,0.6000000000000001,0.1,MT,20
66305,2,All B are C,All A are B,2.0,0.0,2,2,20,1,0.5,4.05,0.6000000000000001,0.1,MP,20
66305,3,All B are C,All A are C,2.1,0.3,2,3,20,1,0.5,4.05,0.6000000000000001,0.1,AC,20
66305,4,All B are C,No A are B,2.75,1.8131,2,8,20,1,0.5,4.05,0.6000000000000001,0.1,DA,20
66312,1,All B are C,No A are C,2.0,0.0,2,2,20,1,0.5,4.05,0.2,0.9,MT,20
66312,2,All B are C,All A are B,2.75,0.433,2,3,20,1,0.5,4.05,0.2,0.9,MP,20
66312,3,All B are C,All A are C,2.85,0.3571,2,3,20,1,0.5,4.05,0.2,0.9,AC,20
66312,4,All B are C,No A are B,6.65,1.6815,2,8,20,1,0.5,4.05,0.2,0.9,DA,20
66314,1,All B are C,No A are C,2.0,0.0,2,2,20,1,0.6000000000000001,3.26,0.0,0.5,MT,20
66314,2,All B are C,All A are B,2.3,0.4583,2,3,20,1,0.6000000000000001,3.26,0.0,0.5,MP,20
66314,3,All B are C,All A are C,2.45,0.4975,2,3,20,1,0.6000000000000001,3.26,0.0,0.5,AC,20
66314,4,All B are C,No A are B,4.2,2.2271,2,7,20,1,0.6000000000000001,3.26,0.0,0.5,DA,20
66373,1,All B are C,No A are C,2.0,0.0,2,2,20,1,0.6000000000000001,3.26,0.0,0.5,MT,20
66373,2,All B are C,All A are B,2.3,0.4583,2,3,20,1,0.6000000000000001,3.26,0.0,0.5,MP,20
66373,3,All B are C,All A are C,2.45,0.4975,2,3,20,1,0.6000000000000001,3.26,0.0,0.5,AC,20
66373,4,All B are C,No A are B,4.2,2.2271,2,7,20,1,0.6000000000000001,3.26,0.0,0.5,DA,20
66420,1,All B are C,No A are C,2.0,0.0,2,2,20,1,0.5,4.05,0.5,0.5,MT,20
66420,2,All B are C,All A are B,2.35,0.477,2,3,20,1,0.5,4.05,0.5,0.5,MP,20
66420,3,All B are C,All A are C,2.5,0.5,2,3,20,1,0.5,4.05,0.5,0.5,AC,20
66420,4,All B are C,No A are B,4.7,2.492,2,8,20,1,0.5,4.05,0.5,0.5,DA,20
66520,1,All B are C,No A are C,2.0,0.0,2,2,20,1,0.5,4.05,0.2,0.9,MT,20
66520,2,All B are C,All A are B,2.75,0.433,2,3,20,1,0.5,4.05,0.2,0.9,MP,20
66520,3,All B are C,All A are C,2.85,0.3571,2,3,20,1,0.5,4.05,0.2,0.9,AC,20
66520,4,All B are C,No A are B,6.65,1.6815,2,8,20,1,0.5,4.05,0.2,0.9,DA,20
67013,1,All B are C,No A are C,2.0,0.0,2,2,20,1,0.6000000000000001,3.26,0.0,0.5,MT,20
67013,2,All B are C,All A are B,2.3,0.4583,2,3,20,1,0.6000000000000001,3.26,0.0,0.5,MP,20
67013,3,All B are C,All A are C,2.45,0.4975,2,3,20,1,0.6000000000000001,3.26,0.0,0.5,AC,20
67013,4,All B are C,No A are B,4.2,2.2271,2,7,20,1,0.6000000000000001,3.26,0.0,0.5,DA,20
67024,1,All B are C,No A are C,2.0,0.0,2,2,20,1,0.5,4.05,0.5,0.2,MT,20
67024,2,All B are C,All A are B,2.15,0.3571,2,3,20,1,0.5,4.05,0.5,0.2,MP,20
67024,3,All B are C,All A are C,2.2,0.4,2,3,20,1,0.5,4.05,0.5,0.2,AC,20
67024,4,All B are C,No A are B,2.5,1.533,2,8,20,1,0.5,4.05,0.5,0.2,DA,20
67026,1,All B are C,No A are C,2.0,0.0,2,2,20,1,0.5,4.05,0.5,0.2,MT,20
67026,2,All B are C,All A are B,2.15,0.3571,2,3,20,1,0.5,4.05,0.5,0.2,MP,20
67026,3,All B are C,All A are C,2.2,0.4,2,3,20,1,0.5,4.05,0.5,0.2,AC,20
67026,4,All B are C,No A are B,2.5,1.533,2,8,20,1,0.5,4.05,0.5,0.2,DA,20
67038,1,All B are C,No A are C,2.0,0.0,2,2,20,1,0.5,4.05,0.2,0.9,MT,20
67038,2,All B are C,All A are B,2.75,0.433,2,3,20,1,0.5,4.05,0.2,0.9,MP,20
67038,3,All B are C,All A are C,2.85,0.3571,2,3,20,1,0.5,4.05,0.2,0.9,AC,20
67038,4,All B are C,No A are B,6.65,1.6815,2,8,20,1,0.5,4.05,0.2,0.9,DA,20
67058,1,All B are C,No A are C,2.0,0.0,2,2,20,1,0.5,4.05,0.2,0.9,MT,20
67058,2,All B are C,All A are B,2.75,0.433,2,3,20,1,0.5,4.05,0.2,0.9,MP,20
67058,3,All B are C,All A are C,2.85,0.3571,2,3,20,1,0.5,4.05,0.2,0.9,AC,20
67058,4,All B are C,No A are B,6.65,1.6815,2,8,20,1,0.5,4.05,0.2,0.9,DA,20
67100,1,All B are C,No A are C,2.0,0.0,2,2,20,1,0.5,4.05,0.5,0.2,MT,20
67100,2,All B are C,All A are B,2.15,0.3571,2,3,20,1,0.5,4.05,0.5,0.2,MP,20
67100,3,All B are C,All A are C,2.2,0.4,2,3,20,1,0.5,4.05,0.5,0.2,AC,20
67100,4,All B are C,No A are B,2.5,1.533,2,8,20,1,0.5,4.05,0.5,0.2,DA,20
67105,1,All B are C,No A are C,2.0,0.0,2,2,20,1,0.5,4.05,0.2,0.9,MT,20
67105,2,All B are C,All A are B,2.75,0.433,2,3,20,1,0.5,4.05,0.2,0.9,MP,20
67105,3,All B are C,All A are C,2.85,0.3571,2,3,20,1,0.5,4.05,0.2,0.9,AC,20
67105,4,All B are C,No A are B,6.65,1.6815,2,8,20,1,0.5,4.05,0.2,0.9,DA,20
67144,1,All B are C,No A are C,2.0,0.0,2,2,20,1,0.6000000000000001,3.26,0.0,0.5,MT,20
67144,2,All B are C,All A are B,2.3,0.4583,2,3,20,1,0.6000000000000001,3.26,0.0,0.5,MP,20
67144,3,All B are C,All A are C,2.45,0.4975,2,3,20,1,0.6000000000000001,3.26,0.0,0.5,AC,20
67144,4,All B are C,No A are B,4.2,2.2271,2,7,20,1,0.6000000000000001,3.26,0.0,0.5,DA,20
67165,1,All B are C,No A are C,2.0,0.0,2,2,20,1,0.5,4.05,0.2,0.9,MT,20
67165,2,All B are C,All A are B,2.75,0.433,2,3,20,1,0.5,4.05,0.2,0.9,MP,20
67165,3,All B are C,All A are C,2.85,0.3571,2,3,20,1,0.5,4.05,0.2,0.9,AC,20
67165,4,All B are C,No A are B,6.65,1.6815,2,8,20,1,0.5,4.05,0.2,0.9,DA,20
67179,1,All B are C,No A are C,2.0,0.0,2,2,20,1,0.6000000000000001,3.26,0.0,0.5,MT,20
67179,2,All B are C,All A are B,2.3,0.4583,2,3,20,1,0.6000000000000001,3.26,0.0,0.5,MP,20
67179,3,All B are C,All A are C,2.45,0.4975,2,3,20,1,0.6000000000000001,3.26,0.0,0.5,AC,20
67179,4,All B are C,No A are B,4.2,2.2271,2,7,20,1,0.6000000000000001,3.26,0.0,0.5,DA,20
67180,1,All B are C,No A are C,2.0,0.0,2,2,20,1,0.5,4.05,0.2,0.9,MT,20
67180,2,All B are C,All A are B,2.75,0.433,2,3,20,1,0.5,4.05,0.2,0.9,MP,20
67180,3,All B are C,All A are C,2.85,0.3571,2,3,20,1,0.5,4.05,0.2,0.9,AC,20
67180,4,All B are C,No A are B,6.65,1.6815,2,8,20,1,0.5,4.05,0.2,0.9,DA,20
67186,1,All B are C,No A are C,2.0,0.0,2,2,20,1,0.5,4.05,0.6000000000000001,0.4,MT,20
67186,2,All B are C,All A are B,2.25,0.433,2,3,20,1,0.5,4.05,0.6000000000000001,0.4,MP,20
67186,3,All B are C,All A are C,2.45,0.4975,2,3,20,1,0.5,4.05,0.6000000000000001,0.4,AC,20
67186,4,All B are C,No A are B,3.05,2.1325,2,8,20,1,0.5,4.05,0.6000000000000001,0.4,DA,20
67194,1,All B are C,No A are C,2.0,0.0,2,2,20,1,0.6000000000000001,3.26,0.0,0.5,MT,20
67194,2,All B are C,All A are B,2.3,0.4583,2,3,20,1,0.6000000000000001,3.26,0.0,0.5,MP,20
67194,3,All B are C,All A are C,2.45,0.4975,2,3,20,1,0.6000000000000001,3.26,0.0,0.5,AC,20
67194,4,All B are C,No A are B,4.2,2.2271,2,7,20,1,0.6000000000000001,3.26,0.0,0.5,DA,20
67212,1,All B are C,No A are C,2.0,0.0,2,2,20,1,0.5,4.05,0.6000000000000001,0.1,MT,20
67212,2,All B are C,All A are B,2.0,0.0,2,2,20,1,0.5,4.05,0.6000000000000001,0.1,MP,20
67212,3,All B are C,All A are C,2.1,0.3,2,3,20,1,0.5,4.05,0.6000000000000001,0.1,AC,20
67212,4,All B are C,No A are B,2.75,1.8131,2,8,20,1,0.5,4.05,0.6000000000000001,0.1,DA,20
67245,1,All B are C,No A are C,2.0,0.0,2,2,20,1,0.6000000000000001,3.26,0.0,0.5,MT,20
67245,2,All B are C,All A are B,2.3,0.4583,2,3,20,1,0.6000000000000001,3.26,0.0,0.5,MP,20
67245,3,All B are C,All A are C,2.45,0.4975,2,3,20,1,0.6000000000000001,3.26,0.0,0.5,AC,20
67245,4,All B are C,No A are B,4.2,2.2271,2,7,20,1,0.6000000000000001,3.26,0.0,0.5,DA,20
67311,1,All B are C,No A are C,2.0,0.0,2,2,20,1,0.5,4.05,0.2,0.9,MT,20
67311,2,All B are C,All A are B,2.75,0.433,2,3,20,1,0.5,4.05,0.2,0.9,MP,20
67311,3,All B are C,All A are C,2.85,0.3571,2,3,20,1,0.5,4.05,0.2,0.9,AC,20
67311,4,All B are C,No A are B,6.65,1.6815,2,8,20,1,0.5,4.05,0.2,0.9,DA,20
67317,1,All B are C,No A are C,2.0,0.0,2,2,20,1,0.5,4.05,0.2,0.9,MT,20
67317,2,All B are C,All A are B,2.75,0.433,2,3,20,1,0.5,4.05,0.2,0.9,MP,20
67317,3,All B are C,All A are C,2.85,0.3571,2,3,20,1,0.5,4.05,0.2,0.9,AC,20
67317,4,All B are C,No A are B,6.65,1.6815,2,8,20,1,0.5,4.05,0.2,0.9,DA,20
67323,1,All B are C,No A are C,2.0,0.0,2,2,20,1,0.5,4.05,0.6000000000000001,0.4,MT,20
67323,2,All B are C,All A are B,2.25,0.433,2,3,20,1,0.5,4.05,0.6000000000000001,0.4,MP,20
67323,3,All B are C,All A are C,2.45,0.4975,2,3,20,1,0.5,4.05,0.6000000000000001,0.4,AC,20
67323,4,All B are C,No A are B,3.05,2.1325,2,8,20,1,0.5,4.05,0.6000000000000001,0.4,DA,20
67339,1,All B are C,No A are C,2.0,0.0,2,2,20,1,0.5,4.05,0.6000000000000001,0.1,MT,20
67339,2,All B are C,All A are B,2.0,0.0,2,2,20,1,0.5,4.05,0.6000000000000001,0.1,MP,20
67339,3,All B are C,All A are C,2.1,0.3,2,3,20,1,0.5,4.05,0.6000000000000001,0.1,AC,20
67339,4,All B are C,No A are B,2.75,1.8131,2,8,20,1,0.5,4.05,0.6000000000000001,0.1,DA,20
67424,1,All B are C,No A are C,2.0,0.0,2,2,20,1,0.5,4.05,0.2,0.9,MT,20
67424,2,All B are C,All A are B,2.75,0.433,2,3,20,1,0.5,4.05,0.2,0.9,MP,20
67424,3,All B are C,All A are C,2.85,0.3571,2,3,20,1,0.5,4.05,0.2,0.9,AC,20
67424,4,All B are C,No A are B,6.65,1.6815,2,8,20,1,0.5,4.05,0.2,0.9,DA,20
67454,1,All B are C,No A are C,2.0,0.0,2,2,20,1,0.5,4.05,0.6000000000000001,0.1,MT,20
67454,2,All B are C,All A are B,2.0,0.0,2,2,20,1,0.5,4.05,0.6000000000000001,0.1,MP,20
67454,3,All B are C,All A are C,2.1,0.3,2,3,20,1,0.5,4.05,0.6000000000000001,0.1,AC,20
67454,4,All B are C,No A are B,2.75,1.8131,2,8,20,1,0.5,4.05,0.6000000000000001,0.1,DA,20
68007,1,All B are C,No A are C,2.0,0.0,2,2,20,1,0.5,4.05,0.2,0.9,MT,20
68007,2,All B are C,All A are B,2.75,0.433,2,3,20,1,0.5,4.05,0.2,0.9,MP,20
68007,3,All B are C,All A are C,2.85,0.3571,2,3,20,1,0.5,4.05,0.2,0.9,AC,20
68007,4,All B are C,No A are B,6.65,1.6815,2,8,20,1,0.5,4.05,0.2,0.9,DA,20
68016,1,All B are C,No A are C,2.0,0.0,2,2,20,1,0.5,4.05,0.6000000000000001,0.1,MT,20
68016,2,All B are C,All A are B,2.0,0.0,2,2,20,1,0.5,4.05,0.6000000000000001,0.1,MP,20
68016,3,All B are C,All A are C,2.1,0.3,2,3,20,1,0.5,4.05,0.6000000000000001,0.1,AC,20
68016,4,All B are C,No A are B,2.75,1.8131,2,8,20,1,0.5,4.05,0.6000000000000001,0.1,DA,20
68027,1,All B are C,No A are C,2.0,0.0,2,2,20,1,0.6000000000000001,3.26,0.0,0.5,MT,20
68027,2,All B are C,All A are B,2.3,0.4583,2,3,20,1,0.6000000000000001,3.26,0.0,0.5,MP,20
68027,3,All B are C,All A are C,2.45,0.4975,2,3,20,1,0.6000000000000001,3.26,0.0,0.5,AC,20
68027,4,All B are C,No A are B,4.2,2.2271,2,7,20,1,0.6000000000000001,3.26,0.0,0.5,DA,20
68051,1,All B are C,No A are C,2.0,0.0,2,2,20,1,0.5,4.05,0.2,0.9,MT,20
68051,2,All B are C,All A are B,2.75,0.433,2,3,20,1,0.5,4.05,0.2,0.9,MP,20
68051,3,All B are C,All A are C,2.85,0.3571,2,3,20,1,0.5,4.05,0.2,0.9,AC,20
68051,4,All B are C,No A are B,6.65,1.6815,2,8,20,1,0.5,4.05,0.2,0.9,DA,20
68124,1,All B are C,No A are C,2.0,0.0,2,2,20,1,0.6000000000000001,3.26,0.0,0.5,MT,20
68124,2,All B are C,All A are B,2.3,0.4583,2,3,20,1,0.6000000000000001,3.26,0.0,0.5,MP,20
68124,3,All B are C,All A are C,2.45,0.4975,2,3,20,1,0.6000000000000001,3.26,0.0,0.5,AC,20
68124,4,All B are C,No A are B,4.2,2.2271,2,7,20,1,0.6000000000000001,3.26,0.0,0.5,DA,20
68138,1,All B are C,No A are C,2.0,0.0,2,2,20,1,0.6000000000000001,3.26,0.0,0.5,MT,20
68138,2,All B are C,All A are B,2.3,0.4583,2,3,20,1,0.6000000000000001,3.26,0.0,0.5,MP,20
68138,3,All B are C,All A are C,2.45,0.4975,2,3,20,1,0.6000000000000001,3.26,0.0,0.5,AC,20
68138,4,All B are C,No A are B,4.2,2.2271,2,7,20,1,0.6000000000000001,3.26,0.0,0.5,DA,20
68193,1,All B are C,No A are C,2.0,0.0,2,2,20,1,0.5,4.05,0.2,0.9,MT,20
68193,2,All B are C,All A are B,2.75,0.433,2,3,20,1,0.5,4.05,0.2,0.9,MP,20
68193,3,All B are C,All A are C,2.85,0.3571,2,3,20,1,0.5,4.05,0.2,0.9,AC,20
68193,4,All B are C,No A are B,6.65,1.6815,2,8,20,1,0.5,4.05,0.2,0.9,DA,20
68195,1,All B are C,No A are C,2.0,0.0,2,2,20,1,0.5,4.05,0.7000000000000001,0.9,MT,20
68195,2,All B are C,All A are B,2.5,0.5,2,3,20,1,0.5,4.05,0.7000000000000001,0.9,MP,20
68195,3,All B are C,All A are C,2.95,0.2179,2,3,20,1,0.5,4.05,0.7000000000000001,0.9,AC,20
68195,4,All B are C,No A are B,6.6,1.241,2,8,20,1,0.5,4.05,0.7000000000000001,0.9,DA,20
68200,1,All B are C,No A are C,2.0,0.0,2,2,20,1,0.6000000000000001,3.26,0.0,0.5,MT,20
68200,2,All B are C,All A are B,2.3,0.4583,2,3,20,1,0.6000000000000001,3.26,0.0,0.5,MP,20
68200,3,All B are C,All A are C,2.45,0.4975,2,3,20,1,0.6000000000000001,3.26,0.0,0.5,AC,20
68200,4,All B are C,No A are B,4.2,2.2271,2,7,20,1,0.6000000000000001,3.26,0.0,0.5,DA,20
68255,1,All B are C,No A are C,2.0,0.0,2,2,20,1,0.5,4.05,0.6000000000000001,0.1,MT,20
68255,2,All B are C,All A are B,2.0,0.0,2,2,20,1,0.5,4.05,0.6000000000000001,0.1,MP,20
68255,3,All B are C,All A are C,2.1,0.3,2,3,20,1,0.5,4.05,0.6000000000000001,0.1,AC,20
68255,4,All B are C,No A are B,2.75,1.8131,2,8,20,1,0.5,4.05,0.6000000000000001,0.1,DA,20
68293,1,All B are C,No A are C,2.0,0.0,2,2,20,1,0.5,4.05,0.5,0.5,MT,20
68293,2,All B are C,All A are B,2.35,0.477,2,3,20,1,0.5,4.05,0.5,0.5,MP,20
68293,3,All B are C,All A are C,2.5,0.5,2,3,20,1,0.5,4.05,0.5,0.5,AC,20
68293,4,All B are C,No A are B,4.7,2.492,2,8,20,1,0.5,4.05,0.5,0.5,DA,20
68411,1,All B are C,No A are C,2.0,0.0,2,2,20,1,0.5,4.05,0.2,0.9,MT,20
68411,2,All B are C,All A are B,2.75,0.433,2,3,20,1,0.5,4.05,0.2,0.9,MP,20
68411,3,All B are C,All A are C,2.85,0.3571,2,3,20,1,0.5,4.05,0.2,0.9,AC,20
68411,4,All B are C,No A are B,6.65,1.6815,2,8,20,1,0.5,4.05,0.2,0.9,DA,20
68425,1,All B are C,No A are C,2.0,0.0,2,2,20,1,0.5,4.05,0.2,0.9,MT,20
68425,2,All B are C,All A are B,2.75,0.433,2,3,20,1,0.5,4.05,0.2,0.9,MP,20
68425,3,All B are C,All A are C,2.85,0.3571,2,3,20,1,0.5,4.05,0.2,0.9,AC,20
68425,4,All B are C,No A are B,6.65,1.6815,2,8,20,1,0.5,4.05,0.2,0.9,DA,20
68426,1,All B are C,No A are C,2.0,0.0,2,2,20,1,0.5,4.05,0.5,0.5,MT,20
68426,2,All B are C,All A are B,2.35,0.477,2,3,20,1,0.5,4.05,0.5,0.5,MP,20
68426,3,All B are C,All A are C,2.5,0.5,2,3,20,1,0.5,4.05,0.5,0.5,AC,20
68426,4,All B are C,No A are B,4.7,2.492,2,8,20,1,0.5,4.05,0.5,0.5,DA,20
68542,1,All B are C,No A are C,2.0,0.0,2,2,20,1,0.5,4.05,0.2,0.9,MT,20
68542,2,All B are C,All A are B,2.75,0.433,2,3,20,1,0.5,4.05,0.2,0.9,MP,20
68542,3,All B are C,All A are C,2.85,0.3571,2,3,20,1,0.5,4.05,0.2,0.9,AC,20
68542,4,All B are C,No A are B,6.65,1.6815,2,8,20,1,0.5,4.05,0.2,0.9,DA,20
68549,1,All B are C,No A are C,2.0,0.0,2,2,20,1,0.5,4.05,0.2,0.9,MT,20
68549,2,All B are C,All A are B,2.75,0.433,2,3,20,1,0.5,4.05,0.2,0.9,MP,20
68549,3,All B are C,All A are C,2.85,0.3571,2,3,20,1,0.5,4.05,0.2,0.9,AC,20
68549,4,All B are C,No A are B,6.65,1.6815,2,8,20,1,0.5,4.05,0.2,0.9,DA,20
68786,1,All B are C,No A are C,2.0,0.0,2,2,20,1,0.5,4.05,0.2,0.9,MT,20
68786,2,All B are C,All A are B,2.75,0.433,2,3,20,1,0.5,4.05,0.2,0.9,MP,20
68786,3,All B are C,All A are C,2.85,0.3571,2,3,20,1,0.5,4.05,0.2,0.9,AC,20
68786,4,All B are C,No A are B,6.65,1.6815,2,8,20,1,0.5,4.05,0.2,0.9,DA,20
68800,1,All B are C,No A are C,2.0,0.0,2,2,20,1,0.5,4.05,0.6000000000000001,0.1,MT,20
68800,2,All B are C,All A are B,2.0,0.0,2,2,20,1,0.5,4.05,0.6000000000000001,0.1,MP,20
68800,3,All B are C,All A are C,2.1,0.3,2,3,20,1,0.5,4.05,0.6000000000000001,0.1,AC,20
68800,4,All B are C,No A are B,2.75,1.8131,2,8,20,1,0.5,4.05,0.6000000000000001,0.1,DA,20
68832,1,All B are C,No A are C,2.0,0.0,2,2,20,1,0.5,4.05,0.2,0.9,MT,20
68832,2,All B are C,All A are B,2.75,0.433,2,3,20,1,0.5,4.05,0.2,0.9,MP,20
68832,3,All B are C,All A are C,2.85,0.3571,2,3,20,1,0.5,4.05,0.2,0.9,AC,20
68832,4,All B are C,No A are B,6.65,1.6815,2,8,20,1,0.5,4.05,0.2,0.9,DA,20
68850,1,All B are C,No A are C,2.0,0.0,2,2,20,1,0.5,4.05,0.2,0.9,MT,20
68850,2,All B are C,All A are B,2.75,0.433,2,3,20,1,0.5,4.05,0.2,0.9,MP,20
68850,3,All B are C,All A are C,2.85,0.3571,2,3,20,1,0.5,4.05,0.2,0.9,AC,20
68850,4,All B are C,No A are B,6.65,1.6815,2,8,20,1,0.5,4.05,0.2,0.9,DA,20
68881,1,All B are C,No A are C,2.0,0.0,2,2,20,1,0.5,4.05,0.5,0.2,MT,20
68881,2,All B are C,All A are B,2.15,0.3571,2,3,20,1,0.5,4.05,0.5,0.2,MP,20
68881,3,All B are C,All A are C,2.2,0.4,2,3,20,1,0.5,4.05,0.5,0.2,AC,20
68881,4,All B are C,No A are B,2.5,1.533,2,8,20,1,0.5,4.05,0.5,0.2,DA,20
68882,1,All B are C,No A are C,2.0,0.0,2,2,20,1,0.5,4.05,0.2,0.9,MT,20
68882,2,All B are C,All A are B,2.75,0.433,2,3,20,1,0.5,4.05,0.2,0.9,MP,20
68882,3,All B are C,All A are C,2.85,0.3571,2,3,20,1,0.5,4.05,0.2,0.9,AC,20
68882,4,All B are C,No A are B,6.65,1.6815,2,8,20,1,0.5,4.05,0.2,0.9,DA,20
68896,1,All B are C,No A are C,2.0,0.0,2,2,20,1,0.5,4.05,0.2,0.9,MT,20
68896,2,All B are C,All A are B,2.75,0.433,2,3,20,1,0.5,4.05,0.2,0.9,MP,20
68896,3,All B are C,All A are C,2.85,0.3571,2,3,20,1,0.5,4.05,0.2,0.9,AC,20
68896,4,All B are C,No A are B,6.65,1.6815,2,8,20,1,0.5,4.05,0.2,0.9,DA,20
68906,1,All B are C,No A are C,2.0,0.0,2,2,20,1,0.5,4.05,0.6000000000000001,0.1,MT,20
68906,2,All B are C,All A are B,2.0,0.0,2,2,20,1,0.5,4.05,0.6000000000000001,0.1,MP,20
68906,3,All B are C,All A are C,2.1,0.3,2,3,20,1,0.5,4.05,0.6000000000000001,0.1,AC,20
68906,4,All B are C,No A are B,2.75,1.8131,2,8,20,1,0.5,4.05,0.6000000000000001,0.1,DA,20
68939,1,All B are C,No A are C,2.0,0.0,2,2,20,1,0.6000000000000001,3.26,0.0,0.5,MT,20
68939,2,All B are C,All A are B,2.3,0.4583,2,3,20,1,0.6000000000000001,3.26,0.0,0.5,MP,20
68939,3,All B are C,All A are C,2.45,0.4975,2,3,20,1,0.6000000000000001,3.26,0.0,0.5,AC,20
68939,4,All B are C,No A are B,4.2,2.2271,2,7,20,1,0.6000000000000001,3.26,0.0,0.5,DA,20
68987,1,All B are C,No A are C,2.0,0.0,2,2,20,1,0.5,4.05,0.2,0.9,MT,20
68987,2,All B are C,All A are B,2.75,0.433,2,3,20,1,0.5,4.05,0.2,0.9,MP,20
68987,3,All B are C,All A are C,2.85,0.3571,2,3,20,1,0.5,4.05,0.2,0.9,AC,20
68987,4,All B are C,No A are B,6.65,1.6815,2,8,20,1,0.5,4.05,0.2,0.9,DA,20
69019,1,All B are C,No A are C,2.0,0.0,2,2,20,1,0.5,4.05,0.7000000000000001,0.9,MT,20
69019,2,All B are C,All A are B,2.5,0.5,2,3,20,1,0.5,4.05,0.7000000000000001,0.9,MP,20
69019,3,All B are C,All A are C,2.95,0.2179,2,3,20,1,0.5,4.05,0.7000000000000001,0.9,AC,20
69019,4,All B are C,No A are B,6.6,1.241,2,8,20,1,0.5,4.05,0.7000000000000001,0.9,DA,20
69283,1,All B are C,No A are C,2.0,0.0,2,2,20,1,0.5,4.05,0.6000000000000001,0.1,MT,20
69283,2,All B are C,All A are B,2.0,0.0,2,2,20,1,0.5,4.05,0.6000000000000001,0.1,MP,20
69283,3,All B are C,All A are C,2.1,0.3,2,3,20,1,0.5,4.05,0.6000000000000001,0.1,AC,20
69283,4,All B are C,No A are B,2.75,1.8131,2,8,20,1,0.5,4.05,0.6000000000000001,0.1,DA,20
