subject_id,task,number_models_generated
1,AA1,2.0
1,AA2,2.0
1,AA3,2.67
1,AA4,2.33
1,AI1,2.67
1,AI2,2.0
1,AI3,6.0
1,AI4,2.0
1,AE1,2.0
1,AE2,5.33
1,AE3,2.0
1,AE4,5.67
1,AO1,3.0
1,AO2,3.0
1,AO3,2.0
1,AO4,2.0
1,IA1,2.0
1,IA2,4.0
1,IA3,5.0
1,IA4,2.0
1,II1,2.33
1,II2,4.33
1,II3,2.67
1,II4,3.0
1,IE1,2.33
1,IE2,5.0
1,IE3,3.67
1,IE4,3.0
1,IO1,2.67
1,IO2,2.67
1,IO3,2.67
1,IO4,2.33
1,EA1,2.67
1,EA2,2.0
1,EA3,2.0
1,EA4,3.67
1,EI1,2.67
1,EI2,7.33
1,EI3,6.0
1,EI4,2.67
1,EE1,3.0
1,EE2,6.0
1,EE3,2.67
1,EE4,2.33
1,EO1,2.33
1,EO2,3.0
1,EO3,3.0
1,EO4,2.33
1,OA1,3.0
1,OA2,3.0
1,OA3,2.0
1,OA4,2.0
1,OI1,2.67
1,OI2,3.0
1,OI3,3.0
1,OI4,2.67
1,OE1,2.33
1,OE2,2.67
1,OE3,2.33
1,OE4,2.33
1,OO1,3.0
1,OO2,2.67
1,OO3,2.67
1,OO4,3.0
2,AA1,2.0
2,AA2,2.0
2,AA3,2.67
2,AA4,2.33
2,AI1,2.0
2,AI2,2.0
2,AI3,3.0
2,AI4,2.0
2,AE1,2.0
2,AE2,7.0
2,AE3,2.0
2,AE4,3.67
2,AO1,2.67
2,AO2,2.33
2,AO3,2.0
2,AO4,2.0
2,IA1,2.0
2,IA2,5.67
2,IA3,2.0
2,IA4,2.0
2,II1,2.33
2,II2,3.0
2,II3,2.33
2,II4,2.0
2,IE1,2.33
2,IE2,3.33
2,IE3,7.67
2,IE4,2.33
2,IO1,2.67
2,IO2,2.33
2,IO3,2.33
2,IO4,2.33
2,EA1,2.0
2,EA2,2.0
2,EA3,2.0
2,EA4,2.0
2,EI1,2.33
2,EI2,5.67
2,EI3,6.0
2,EI4,3.0
2,EE1,2.67
2,EE2,6.0
2,EE3,2.33
2,EE4,2.33
2,EO1,2.33
2,EO2,2.33
2,EO3,2.67
2,EO4,2.67
2,OA1,2.67
2,OA2,3.0
2,OA3,2.0
2,OA4,2.0
2,OI1,2.33
2,OI2,2.67
2,OI3,2.67
2,OI4,3.0
2,OE1,2.33
2,OE2,2.33
2,OE3,2.67
2,OE4,2.67
2,OO1,2.67
2,OO2,2.33
2,OO3,2.33
2,OO4,2.33
3,AA1,2.0
3,AA2,2.33
3,AA3,2.67
3,AA4,2.33
3,AI1,2.67
3,AI2,2.0
3,AI3,4.0
3,AI4,2.0
3,AE1,2.0
3,AE2,4.67
3,AE3,2.0
3,AE4,7.0
3,AO1,2.67
3,AO2,3.0
3,AO3,2.0
3,AO4,2.0
3,IA1,2.0
3,IA2,4.67
3,IA3,3.0
3,IA4,2.0
3,II1,2.67
3,II2,3.33
3,II3,2.67
3,II4,2.33
3,IE1,2.67
3,IE2,7.33
3,IE3,6.0
3,IE4,2.0
3,IO1,2.67
3,IO2,3.0
3,IO3,3.0
3,IO4,2.67
3,EA1,3.0
3,EA2,2.0
3,EA3,2.0
3,EA4,5.0
3,EI1,3.0
3,EI2,6.0
3,EI3,6.0
3,EI4,2.67
3,EE1,2.67
3,EE2,8.0
3,EE3,2.67
3,EE4,3.0
3,EO1,2.67
3,EO2,2.67
3,EO3,3.0
3,EO4,2.67
3,OA1,2.67
3,OA2,3.0
3,OA3,2.0
3,OA4,2.0
3,OI1,3.0
3,OI2,2.67
3,OI3,2.0
3,OI4,2.33
3,OE1,2.67
3,OE2,3.0
3,OE3,3.0
3,OE4,3.0
3,OO1,3.0
3,OO2,2.67
3,OO3,2.33
3,OO4,3.0
4,AA1,2.0
4,AA2,2.33
4,AA3,2.67
4,AA4,2.33
4,AI1,2.0
4,AI2,2.0
4,AI3,3.67
4,AI4,2.0
4,AE1,2.0
4,AE2,5.33
4,AE3,2.0
4,AE4,3.67
4,AO1,2.0
4,AO2,2.33
4,AO3,2.0
4,AO4,2.0
4,IA1,2.0
4,IA2,4.0
4,IA3,4.0
4,IA4,2.0
4,II1,2.67
4,II2,2.0
4,II3,2.33
4,II4,2.0
4,IE1,2.67
4,IE2,3.67
4,IE3,2.0
4,IE4,2.33
4,IO1,2.0
4,IO2,2.33
4,IO3,2.0
4,IO4,2.67
4,EA1,2.0
4,EA2,2.0
4,EA3,2.0
4,EA4,3.67
4,EI1,2.67
4,EI2,5.67
4,EI3,4.0
4,EI4,2.33
4,EE1,2.0
4,EE2,4.0
4,EE3,2.67
4,EE4,2.67
4,EO1,2.67
4,EO2,2.67
4,EO3,2.0
4,EO4,2.67
4,OA1,2.33
4,OA2,2.33
4,OA3,2.0
4,OA4,2.0
4,OI1,2.33
4,OI2,3.0
4,OI3,2.33
4,OI4,2.33
4,OE1,2.67
4,OE2,2.0
4,OE3,2.67
4,OE4,2.33
4,OO1,2.33
4,OO2,2.67
4,OO3,2.67
4,OO4,2.67
5,AA1,2.0
5,AA2,3.0
5,AA3,2.67
5,AA4,3.0
5,AI1,3.0
5,AI2,2.0
5,AI3,6.67
5,AI4,2.0
5,AE1,2.0
5,AE2,5.33
5,AE3,2.0
5,AE4,5.33
5,AO1,2.67
5,AO2,3.0
5,AO3,2.0
5,AO4,2.0
5,IA1,2.0
5,IA2,3.0
5,IA3,5.0
5,IA4,2.0
5,II1,2.67
5,II2,3.0
5,II3,2.33
5,II4,2.67
5,IE1,3.0
5,IE2,3.33
5,IE3,6.0
5,IE4,2.67
5,IO1,2.67
5,IO2,2.67
5,IO3,2.67
5,IO4,2.33
5,EA1,3.0
5,EA2,2.0
5,EA3,2.0
5,EA4,6.67
5,EI1,3.0
5,EI2,7.33
5,EI3,6.0
5,EI4,3.0
5,EE1,3.0
5,EE2,6.0
5,EE3,3.0
5,EE4,2.67
5,EO1,3.0
5,EO2,3.0
5,EO3,3.0
5,EO4,2.33
5,OA1,3.0
5,OA2,3.0
5,OA3,2.0
5,OA4,2.0
5,OI1,2.67
5,OI2,2.67
5,OI3,3.0
5,OI4,2.67
5,OE1,3.0
5,OE2,3.0
5,OE3,3.0
5,OE4,3.0
5,OO1,2.67
5,OO2,3.0
5,OO3,2.33
5,OO4,2.67
6,AA1,2.0
6,AA2,2.33
6,AA3,2.33
6,AA4,2.67
6,AI1,3.0
6,AI2,2.0
6,AI3,4.33
6,AI4,2.0
6,AE1,2.0
6,AE2,3.67
6,AE3,2.0
6,AE4,4.0
6,AO1,2.67
6,AO2,2.67
6,AO3,2.0
6,AO4,2.0
6,IA1,2.0
6,IA2,5.0
6,IA3,3.0
6,IA4,2.0
6,II1,2.67
6,II2,4.67
6,II3,2.0
6,II4,2.67
6,IE1,2.67
6,IE2,3.67
6,IE3,3.67
6,IE4,2.33
6,IO1,2.33
6,IO2,2.67
6,IO3,3.0
6,IO4,2.67
6,EA1,2.67
6,EA2,2.0
6,EA3,2.0
6,EA4,3.67
6,EI1,3.0
6,EI2,3.67
6,EI3,8.0
6,EI4,3.0
6,EE1,2.33
6,EE2,6.0
6,EE3,2.67
6,EE4,2.0
6,EO1,2.67
6,EO2,2.67
6,EO3,2.0
6,EO4,2.0
6,OA1,2.33
6,OA2,3.0
6,OA3,2.0
6,OA4,2.0
6,OI1,2.33
6,OI2,2.67
6,OI3,2.0
6,OI4,2.0
6,OE1,2.33
6,OE2,3.0
6,OE3,2.67
6,OE4,2.67
6,OO1,2.0
6,OO2,2.33
6,OO3,2.33
6,OO4,2.67
7,AA1,2.0
7,AA2,2.0
7,AA3,2.33
7,AA4,2.0
7,AI1,2.0
7,AI2,2.0
7,AI3,3.0
7,AI4,2.0
7,AE1,2.0
7,AE2,5.33
7,AE3,2.0
7,AE4,5.67
7,AO1,2.67
7,AO2,2.33
7,AO3,2.0
7,AO4,2.0
7,IA1,2.0
7,IA2,4.67
7,IA3,4.67
7,IA4,2.0
7,II1,2.67
7,II2,2.0
7,II3,2.33
7,II4,2.33
7,IE1,2.33
7,IE2,3.67
7,IE3,4.0
7,IE4,2.67
7,IO1,2.33
7,IO2,3.0
7,IO3,2.67
7,IO4,2.33
7,EA1,2.0
7,EA2,2.0
7,EA3,2.0
7,EA4,3.67
7,EI1,2.33
7,EI2,7.33
7,EI3,4.0
7,EI4,2.0
7,EE1,2.67
7,EE2,2.0
7,EE3,2.0
7,EE4,2.0
7,EO1,2.33
7,EO2,2.33
7,EO3,3.0
7,EO4,2.0
7,OA1,3.0
7,OA2,2.0
7,OA3,2.0
7,OA4,2.0
7,OI1,2.0
7,OI2,2.67
7,OI3,2.67
7,OI4,2.0
7,OE1,2.33
7,OE2,2.33
7,OE3,2.33
7,OE4,2.67
7,OO1,2.67
7,OO2,2.0
7,OO3,2.67
7,OO4,2.33
8,AA1,2.0
8,AA2,2.67
8,AA3,2.33
8,AA4,2.33
8,AI1,2.0
8,AI2,2.0
8,AI3,2.0
8,AI4,2.0
8,AE1,2.0
8,AE2,3.67
8,AE3,2.0
8,AE4,2.0
8,AO1,2.0
8,AO2,2.33
8,AO3,2.0
8,AO4,2.0
8,IA1,2.0
8,IA2,3.0
8,IA3,3.0
8,IA4,2.0
8,II1,2.67
8,II2,2.0
8,II3,3.0
8,II4,2.33
8,IE1,2.33
8,IE2,3.67
8,IE3,3.33
8,IE4,2.0
8,IO1,2.33
8,IO2,2.67
8,IO3,2.33
8,IO4,2.0
8,EA1,2.67
8,EA2,2.0
8,EA3,2.0
8,EA4,3.67
8,EI1,2.67
8,EI2,5.67
8,EI3,2.0
8,EI4,3.0
8,EE1,2.33
8,EE2,4.0
8,EE3,2.33
8,EE4,2.67
8,EO1,2.67
8,EO2,2.33
8,EO3,2.0
8,EO4,2.0
8,OA1,2.67
8,OA2,2.0
8,OA3,2.0
8,OA4,2.0
8,OI1,2.33
8,OI2,2.0
8,OI3,2.33
8,OI4,2.33
8,OE1,2.33
8,OE2,2.33
8,OE3,2.67
8,OE4,2.0
8,OO1,2.67
8,OO2,2.33
8,OO3,2.33
8,OO4,2.33
9,AA1,2.0
9,AA2,2.33
9,AA3,2.0
9,AA4,2.33
9,AI1,2.33
9,AI2,2.0
9,AI3,5.33
9,AI4,2.0
9,AE1,2.0
9,AE2,3.33
9,AE3,2.0
9,AE4,2.0
9,AO1,2.0
9,AO2,2.33
9,AO3,2.0
9,AO4,2.0
9,IA1,2.0
9,IA2,2.0
9,IA3,3.33
9,IA4,2.0
9,II1,2.0
9,II2,2.0
9,II3,2.0
9,II4,2.0
9,IE1,2.33
9,IE2,4.67
9,IE3,4.0
9,IE4,2.67
9,IO1,2.0
9,IO2,2.67
9,IO3,2.33
9,IO4,2.67
9,EA1,2.33
9,EA2,2.0
9,EA3,2.0
9,EA4,3.33
9,EI1,2.0
9,EI2,4.0
9,EI3,4.0
9,EI4,2.0
9,EE1,2.0
9,EE2,4.0
9,EE3,2.0
9,EE4,2.0
9,EO1,2.67
9,EO2,2.33
9,EO3,2.67
9,EO4,2.33
9,OA1,2.0
9,OA2,2.0
9,OA3,2.0
9,OA4,2.0
9,OI1,2.0
9,OI2,2.33
9,OI3,2.33
9,OI4,2.67
9,OE1,2.0
9,OE2,2.33
9,OE3,2.0
9,OE4,2.33
9,OO1,2.33
9,OO2,2.67
9,OO3,2.67
9,OO4,2.0
10,AA1,2.0
10,AA2,2.0
10,AA3,2.67
10,AA4,2.0
10,AI1,2.67
10,AI2,2.0
10,AI3,3.0
10,AI4,2.0
10,AE1,2.0
10,AE2,5.67
10,AE3,2.0
10,AE4,2.0
10,AO1,3.0
10,AO2,2.67
10,AO3,2.0
10,AO4,2.0
10,IA1,2.0
10,IA2,3.0
10,IA3,5.33
10,IA4,2.0
10,II1,2.33
10,II2,3.67
10,II3,2.67
10,II4,2.67
10,IE1,2.33
10,IE2,2.0
10,IE3,4.67
10,IE4,2.33
10,IO1,2.67
10,IO2,2.33
10,IO3,2.0
10,IO4,2.33
10,EA1,2.67
10,EA2,2.0
10,EA3,2.0
10,EA4,3.33
10,EI1,2.33
10,EI2,4.0
10,EI3,8.0
10,EI4,2.33
10,EE1,3.0
10,EE2,4.0
10,EE3,2.33
10,EE4,2.33
10,EO1,2.67
10,EO2,2.67
10,EO3,2.67
10,EO4,2.33
10,OA1,2.33
10,OA2,2.33
10,OA3,2.0
10,OA4,2.0
10,OI1,2.33
10,OI2,2.67
10,OI3,2.33
10,OI4,2.33
10,OE1,2.0
10,OE2,2.33
10,OE3,2.67
10,OE4,2.67
10,OO1,2.67
10,OO2,2.33
10,OO3,2.0
10,OO4,2.67
11,AA1,2.0
11,AA2,2.33
11,AA3,2.67
11,AA4,2.33
11,AI1,3.0
11,AI2,2.0
11,AI3,2.0
11,AI4,2.0
11,AE1,2.0
11,AE2,5.33
11,AE3,2.0
11,AE4,5.0
11,AO1,2.33
11,AO2,2.67
11,AO3,2.0
11,AO4,2.0
11,IA1,2.0
11,IA2,3.0
11,IA3,4.0
11,IA4,2.0
11,II1,2.33
11,II2,4.33
11,II3,2.0
11,II4,2.67
11,IE1,2.0
11,IE2,3.67
11,IE3,7.33
11,IE4,2.33
11,IO1,2.33
11,IO2,2.33
11,IO3,2.67
11,IO4,2.33
11,EA1,2.0
11,EA2,2.0
11,EA3,2.0
11,EA4,2.0
11,EI1,3.0
11,EI2,2.0
11,EI3,8.0
11,EI4,2.67
11,EE1,2.67
11,EE2,4.0
11,EE3,2.0
11,EE4,2.33
11,EO1,2.67
11,EO2,2.33
11,EO3,2.33
11,EO4,2.33
11,OA1,2.0
11,OA2,2.33
11,OA3,2.0
11,OA4,2.0
11,OI1,3.0
11,OI2,2.33
11,OI3,2.33
11,OI4,2.0
11,OE1,2.33
11,OE2,2.33
11,OE3,2.67
11,OE4,2.0
11,OO1,2.0
11,OO2,2.33
11,OO3,2.33
11,OO4,2.67
12,AA1,2.0
12,AA2,2.33
12,AA3,2.33
12,AA4,3.0
12,AI1,2.67
12,AI2,2.0
12,AI3,4.0
12,AI4,2.0
12,AE1,2.0
12,AE2,6.67
12,AE3,2.0
12,AE4,6.0
12,AO1,2.33
12,AO2,2.67
12,AO3,2.0
12,AO4,2.0
12,IA1,2.0
12,IA2,5.33
12,IA3,5.0
12,IA4,2.0
12,II1,2.33
12,II2,3.33
12,II3,2.0
12,II4,2.33
12,IE1,2.33
12,IE2,6.67
12,IE3,4.0
12,IE4,2.33
12,IO1,2.67
12,IO2,2.33
12,IO3,2.33
12,IO4,2.67
12,EA1,2.67
12,EA2,2.0
12,EA3,2.0
12,EA4,6.67
12,EI1,2.33
12,EI2,5.33
12,EI3,6.0
12,EI4,2.0
12,EE1,2.67
12,EE2,6.0
12,EE3,2.33
12,EE4,2.0
12,EO1,2.67
12,EO2,2.67
12,EO3,2.33
12,EO4,2.33
12,OA1,2.67
12,OA2,2.67
12,OA3,2.0
12,OA4,2.0
12,OI1,2.33
12,OI2,3.0
12,OI3,2.33
12,OI4,2.0
12,OE1,2.67
12,OE2,2.67
12,OE3,2.33
12,OE4,2.33
12,OO1,2.67
12,OO2,2.33
12,OO3,2.33
12,OO4,2.33
13,AA1,2.0
13,AA2,2.33
13,AA3,2.0
13,AA4,2.67
13,AI1,2.67
13,AI2,2.0
13,AI3,4.67
13,AI4,2.0
13,AE1,2.0
13,AE2,7.33
13,AE3,2.0
13,AE4,5.0
13,AO1,3.0
13,AO2,2.67
13,AO3,2.0
13,AO4,2.0
13,IA1,2.0
13,IA2,5.67
13,IA3,2.0
13,IA4,2.0
13,II1,2.67
13,II2,2.0
13,II3,3.0
13,II4,2.33
13,IE1,2.67
13,IE2,6.33
13,IE3,7.67
13,IE4,2.33
13,IO1,2.67
13,IO2,2.33
13,IO3,2.33
13,IO4,2.33
13,EA1,2.0
13,EA2,2.0
13,EA3,2.0
13,EA4,3.67
13,EI1,3.0
13,EI2,7.0
13,EI3,4.0
13,EI4,2.33
13,EE1,3.0
13,EE2,6.0
13,EE3,2.67
13,EE4,3.0
13,EO1,2.67
13,EO2,2.0
13,EO3,2.67
13,EO4,2.67
13,OA1,3.0
13,OA2,2.33
13,OA3,2.0
13,OA4,2.0
13,OI1,2.67
13,OI2,3.0
13,OI3,3.0
13,OI4,3.0
13,OE1,2.67
13,OE2,2.0
13,OE3,3.0
13,OE4,2.33
13,OO1,2.67
13,OO2,2.33
13,OO3,2.67
13,OO4,2.67
14,AA1,2.0
14,AA2,2.33
14,AA3,2.33
14,AA4,2.33
14,AI1,2.0
14,AI2,2.0
14,AI3,2.0
14,AI4,2.0
14,AE1,2.0
14,AE2,6.67
14,AE3,2.0
14,AE4,2.0
14,AO1,2.33
14,AO2,2.0
14,AO3,2.0
14,AO4,2.0
14,IA1,2.0
14,IA2,3.0
14,IA3,3.0
14,IA4,2.0
14,II1,2.67
14,II2,3.33
14,II3,2.0
14,II4,2.67
14,IE1,2.67
14,IE2,4.67
14,IE3,2.0
14,IE4,2.0
14,IO1,2.33
14,IO2,2.67
14,IO3,2.33
14,IO4,2.67
14,EA1,2.0
14,EA2,2.0
14,EA3,2.0
14,EA4,2.0
14,EI1,2.33
14,EI2,4.0
14,EI3,8.0
14,EI4,2.67
14,EE1,2.0
14,EE2,4.0
14,EE3,2.33
14,EE4,2.33
14,EO1,3.0
14,EO2,2.67
14,EO3,2.67
14,EO4,2.67
14,OA1,2.0
14,OA2,2.67
14,OA3,2.0
14,OA4,2.0
14,OI1,3.0
14,OI2,2.67
14,OI3,2.0
14,OI4,2.0
14,OE1,3.0
14,OE2,2.33
14,OE3,2.33
14,OE4,2.67
14,OO1,2.33
14,OO2,2.33
14,OO3,3.0
14,OO4,2.0
15,AA1,2.0
15,AA2,2.33
15,AA3,2.33
15,AA4,2.33
15,AI1,2.67
15,AI2,2.0
15,AI3,5.33
15,AI4,2.0
15,AE1,2.0
15,AE2,5.0
15,AE3,2.0
15,AE4,6.67
15,AO1,2.0
15,AO2,2.67
15,AO3,2.0
15,AO4,2.0
15,IA1,2.0
15,IA2,2.0
15,IA3,3.0
15,IA4,2.0
15,II1,2.67
15,II2,3.0
15,II3,2.33
15,II4,2.33
15,IE1,2.67
15,IE2,3.67
15,IE3,6.0
15,IE4,3.0
15,IO1,3.0
15,IO2,2.67
15,IO3,2.67
15,IO4,2.67
15,EA1,2.67
15,EA2,2.0
15,EA3,2.0
15,EA4,4.67
15,EI1,3.0
15,EI2,4.0
15,EI3,4.0
15,EI4,2.33
15,EE1,3.0
15,EE2,8.0
15,EE3,3.0
15,EE4,3.0
15,EO1,2.0
15,EO2,3.0
15,EO3,2.33
15,EO4,2.33
15,OA1,2.67
15,OA2,2.33
15,OA3,2.0
15,OA4,2.0
15,OI1,3.0
15,OI2,2.33
15,OI3,2.0
15,OI4,2.33
15,OE1,2.33
15,OE2,2.67
15,OE3,2.67
15,OE4,3.0
15,OO1,2.67
15,OO2,2.67
15,OO3,3.0
15,OO4,2.67
16,AA1,2.0
16,AA2,2.0
16,AA3,2.67
16,AA4,2.0
16,AI1,2.67
16,AI2,2.0
16,AI3,5.33
16,AI4,2.0
16,AE1,2.0
16,AE2,2.0
16,AE3,2.0
16,AE4,4.0
16,AO1,2.67
16,AO2,2.67
16,AO3,2.0
16,AO4,2.0
16,IA1,2.0
16,IA2,3.67
16,IA3,5.67
16,IA4,2.0
16,II1,2.67
16,II2,3.0
16,II3,2.33
16,II4,3.0
16,IE1,2.67
16,IE2,2.0
16,IE3,3.33
16,IE4,3.0
16,IO1,2.67
16,IO2,3.0
16,IO3,3.0
16,IO4,2.67
16,EA1,2.33
16,EA2,2.0
16,EA3,2.0
16,EA4,3.67
16,EI1,2.67
16,EI2,5.33
16,EI3,6.0
16,EI4,2.33
16,EE1,2.67
16,EE2,6.0
16,EE3,2.33
16,EE4,2.67
16,EO1,3.0
16,EO2,2.67
16,EO3,2.67
16,EO4,2.0
16,OA1,2.33
16,OA2,2.67
16,OA3,2.0
16,OA4,2.0
16,OI1,2.67
16,OI2,2.67
16,OI3,3.0
16,OI4,2.67
16,OE1,3.0
16,OE2,2.67
16,OE3,2.33
16,OE4,2.33
16,OO1,2.67
16,OO2,2.0
16,OO3,2.67
16,OO4,2.33
17,AA1,2.0
17,AA2,2.0
17,AA3,2.67
17,AA4,2.33
17,AI1,2.67
17,AI2,2.0
17,AI3,5.0
17,AI4,2.0
17,AE1,2.0
17,AE2,2.0
17,AE3,2.0
17,AE4,3.33
17,AO1,2.33
17,AO2,2.67
17,AO3,2.0
17,AO4,2.0
17,IA1,2.0
17,IA2,2.0
17,IA3,5.0
17,IA4,2.0
17,II1,2.67
17,II2,3.33
17,II3,2.0
17,II4,2.67
17,IE1,3.0
17,IE2,6.0
17,IE3,5.0
17,IE4,2.67
17,IO1,2.33
17,IO2,2.33
17,IO3,2.67
17,IO4,2.67
17,EA1,2.33
17,EA2,2.0
17,EA3,2.0
17,EA4,5.33
17,EI1,2.67
17,EI2,4.0
17,EI3,8.0
17,EI4,2.67
17,EE1,3.0
17,EE2,8.0
17,EE3,2.33
17,EE4,3.0
17,EO1,2.33
17,EO2,2.67
17,EO3,2.33
17,EO4,2.33
17,OA1,3.0
17,OA2,2.67
17,OA3,2.0
17,OA4,2.0
17,OI1,2.67
17,OI2,3.0
17,OI3,3.0
17,OI4,2.67
17,OE1,2.67
17,OE2,3.0
17,OE3,2.33
17,OE4,3.0
17,OO1,2.67
17,OO2,2.67
17,OO3,2.33
17,OO4,2.67
18,AA1,2.0
18,AA2,2.0
18,AA3,2.0
18,AA4,2.33
18,AI1,2.33
18,AI2,2.0
18,AI3,3.67
18,AI4,2.0
18,AE1,2.0
18,AE2,5.67
18,AE3,2.0
18,AE4,3.67
18,AO1,2.33
18,AO2,2.33
18,AO3,2.0
18,AO4,2.0
18,IA1,2.0
18,IA2,3.0
18,IA3,3.0
18,IA4,2.0
18,II1,2.33
18,II2,5.67
18,II3,2.67
18,II4,2.67
18,IE1,3.0
18,IE2,3.67
18,IE3,5.67
18,IE4,2.67
18,IO1,2.67
18,IO2,3.0
18,IO3,2.33
18,IO4,2.0
18,EA1,2.67
18,EA2,2.0
18,EA3,2.0
18,EA4,2.0
18,EI1,3.0
18,EI2,4.0
18,EI3,4.0
18,EI4,2.67
18,EE1,3.0
18,EE2,2.0
18,EE3,3.0
18,EE4,3.0
18,EO1,2.0
18,EO2,2.67
18,EO3,2.67
18,EO4,2.33
18,OA1,2.33
18,OA2,3.0
18,OA3,2.0
18,OA4,2.0
18,OI1,2.33
18,OI2,2.67
18,OI3,3.0
18,OI4,2.33
18,OE1,2.0
18,OE2,2.67
18,OE3,3.0
18,OE4,2.67
18,OO1,3.0
18,OO2,2.33
18,OO3,2.0
18,OO4,2.67
19,AA1,2.0
19,AA2,2.0
19,AA3,2.0
19,AA4,2.33
19,AI1,2.33
19,AI2,2.0
19,AI3,3.0
19,AI4,2.0
19,AE1,2.0
19,AE2,2.0
19,AE3,2.0
19,AE4,2.0
19,AO1,2.33
19,AO2,2.33
19,AO3,2.0
19,AO4,2.0
19,IA1,2.0
19,IA2,3.67
19,IA3,2.0
19,IA4,2.0
19,II1,2.33
19,II2,2.0
19,II3,2.33
19,II4,2.0
19,IE1,2.0
19,IE2,5.33
19,IE3,2.0
19,IE4,2.33
19,IO1,2.67
19,IO2,2.0
19,IO3,2.33
19,IO4,2.0
19,EA1,2.0
19,EA2,2.0
19,EA3,2.0
19,EA4,3.67
19,EI1,2.0
19,EI2,5.67
19,EI3,4.0
19,EI4,2.0
19,EE1,2.33
19,EE2,2.0
19,EE3,2.33
19,EE4,2.0
19,EO1,2.33
19,EO2,2.33
19,EO3,2.0
19,EO4,2.33
19,OA1,2.0
19,OA2,2.33
19,OA3,2.0
19,OA4,2.0
19,OI1,2.0
19,OI2,2.33
19,OI3,2.0
19,OI4,2.0
19,OE1,2.33
19,OE2,2.33
19,OE3,2.0
19,OE4,2.0
19,OO1,2.33
19,OO2,2.0
19,OO3,2.67
19,OO4,2.0
20,AA1,2.0
20,AA2,2.33
20,AA3,2.0
20,AA4,2.0
20,AI1,2.33
20,AI2,2.0
20,AI3,3.67
20,AI4,2.0
20,AE1,2.0
20,AE2,4.67
20,AE3,2.0
20,AE4,5.0
20,AO1,2.0
20,AO2,2.67
20,AO3,2.0
20,AO4,2.0
20,IA1,2.0
20,IA2,3.67
20,IA3,2.0
20,IA4,2.0
20,II1,2.33
20,II2,3.0
20,II3,2.0
20,II4,2.0
20,IE1,2.33
20,IE2,2.0
20,IE3,8.0
20,IE4,2.67
20,IO1,2.0
20,IO2,2.33
20,IO3,2.67
20,IO4,2.33
20,EA1,2.67
20,EA2,2.0
20,EA3,2.0
20,EA4,2.0
20,EI1,2.0
20,EI2,7.33
20,EI3,2.0
20,EI4,2.33
20,EE1,2.67
20,EE2,6.0
20,EE3,2.0
20,EE4,2.33
20,EO1,2.33
20,EO2,2.33
20,EO3,2.0
20,EO4,2.33
20,OA1,3.0
20,OA2,2.0
20,OA3,2.0
20,OA4,2.0
20,OI1,2.33
20,OI2,2.33
20,OI3,2.0
20,OI4,2.33
20,OE1,2.33
20,OE2,2.0
20,OE3,2.67
20,OE4,2.33
20,OO1,2.33
20,OO2,2.33
20,OO3,2.33
20,OO4,2.33
21,AA1,2.0
21,AA2,2.0
21,AA3,2.67
21,AA4,2.33
21,AI1,3.0
21,AI2,2.0
21,AI3,3.0
21,AI4,2.0
21,AE1,2.0
21,AE2,5.33
21,AE3,2.0
21,AE4,7.33
21,AO1,2.33
21,AO2,2.33
21,AO3,2.0
21,AO4,2.0
21,IA1,2.0
21,IA2,5.0
21,IA3,3.67
21,IA4,2.0
21,II1,2.67
21,II2,3.0
21,II3,2.33
21,II4,2.33
21,IE1,3.0
21,IE2,5.33
21,IE3,6.0
21,IE4,2.0
21,IO1,2.33
21,IO2,2.67
21,IO3,3.0
21,IO4,2.33
21,EA1,2.33
21,EA2,2.0
21,EA3,2.0
21,EA4,3.67
21,EI1,2.67
21,EI2,6.0
21,EI3,4.0
21,EI4,2.33
21,EE1,2.67
21,EE2,6.0
21,EE3,2.67
21,EE4,3.0
21,EO1,3.0
21,EO2,3.0
21,EO3,2.67
21,EO4,2.67
21,OA1,3.0
21,OA2,2.67
21,OA3,2.0
21,OA4,2.0
21,OI1,2.33
21,OI2,2.33
21,OI3,2.67
21,OI4,2.67
21,OE1,3.0
21,OE2,2.67
21,OE3,3.0
21,OE4,3.0
21,OO1,2.67
21,OO2,3.0
21,OO3,2.67
21,OO4,3.0
22,AA1,2.0
22,AA2,2.0
22,AA3,2.33
22,AA4,2.0
22,AI1,2.33
22,AI2,2.0
22,AI3,4.67
22,AI4,2.0
22,AE1,2.0
22,AE2,5.0
22,AE3,2.0
22,AE4,6.33
22,AO1,3.0
22,AO2,2.0
22,AO3,2.0
22,AO4,2.0
22,IA1,2.0
22,IA2,3.67
22,IA3,3.0
22,IA4,2.0
22,II1,2.0
22,II2,4.0
22,II3,2.33
22,II4,2.33
22,IE1,2.33
22,IE2,5.0
22,IE3,6.0
22,IE4,2.33
22,IO1,2.0
22,IO2,3.0
22,IO3,3.0
22,IO4,2.0
22,EA1,2.33
22,EA2,2.0
22,EA3,2.0
22,EA4,3.33
22,EI1,2.33
22,EI2,5.67
22,EI3,6.0
22,EI4,2.67
22,EE1,2.33
22,EE2,8.0
22,EE3,2.67
22,EE4,2.67
22,EO1,2.67
22,EO2,2.33
22,EO3,2.33
22,EO4,2.67
22,OA1,2.33
22,OA2,2.33
22,OA3,2.0
22,OA4,2.0
22,OI1,2.33
22,OI2,2.0
22,OI3,2.33
22,OI4,2.0
22,OE1,2.0
22,OE2,2.33
22,OE3,2.67
22,OE4,2.67
22,OO1,2.0
22,OO2,3.0
22,OO3,2.33
22,OO4,2.67
23,AA1,2.0
23,AA2,2.33
23,AA3,2.33
23,AA4,2.0
23,AI1,2.0
23,AI2,2.0
23,AI3,6.33
23,AI4,2.0
23,AE1,2.0
23,AE2,3.67
23,AE3,2.0
23,AE4,3.67
23,AO1,2.67
23,AO2,2.33
23,AO3,2.0
23,AO4,2.0
23,IA1,2.0
23,IA2,3.67
23,IA3,3.0
23,IA4,2.0
23,II1,2.33
23,II2,3.33
23,II3,3.0
23,II4,2.0
23,IE1,3.0
23,IE2,3.33
23,IE3,2.0
23,IE4,2.33
23,IO1,2.33
23,IO2,2.33
23,IO3,2.33
23,IO4,2.33
23,EA1,2.33
23,EA2,2.0
23,EA3,2.0
23,EA4,2.0
23,EI1,2.33
23,EI2,2.0
23,EI3,8.0
23,EI4,2.33
23,EE1,2.0
23,EE2,6.0
23,EE3,2.33
23,EE4,2.33
23,EO1,2.33
23,EO2,2.0
23,EO3,2.0
23,EO4,2.0
23,OA1,2.67
23,OA2,2.67
23,OA3,2.0
23,OA4,2.0
23,OI1,2.0
23,OI2,2.0
23,OI3,2.33
23,OI4,2.33
23,OE1,2.33
23,OE2,2.33
23,OE3,2.33
23,OE4,2.33
23,OO1,2.33
23,OO2,2.67
23,OO3,2.67
23,OO4,3.0
24,AA1,2.0
24,AA2,2.67
24,AA3,2.67
24,AA4,2.67
24,AI1,2.67
24,AI2,2.0
24,AI3,5.67
24,AI4,2.0
24,AE1,2.0
24,AE2,5.33
24,AE3,2.0
24,AE4,3.67
24,AO1,2.67
24,AO2,2.33
24,AO3,2.0
24,AO4,2.0
24,IA1,2.0
24,IA2,3.0
24,IA3,3.0
24,IA4,2.0
24,II1,2.67
24,II2,3.0
24,II3,2.67
24,II4,2.33
24,IE1,2.67
24,IE2,3.67
24,IE3,4.0
24,IE4,2.33
24,IO1,2.67
24,IO2,2.33
24,IO3,2.33
24,IO4,2.67
24,EA1,2.67
24,EA2,2.0
24,EA3,2.0
24,EA4,3.67
24,EI1,2.33
24,EI2,4.0
24,EI3,6.0
24,EI4,2.67
24,EE1,3.0
24,EE2,4.0
24,EE3,3.0
24,EE4,2.33
24,EO1,2.33
24,EO2,3.0
24,EO3,2.67
24,EO4,2.67
24,OA1,2.67
24,OA2,3.0
24,OA3,2.0
24,OA4,2.0
24,OI1,3.0
24,OI2,2.67
24,OI3,2.67
24,OI4,2.67
24,OE1,2.33
24,OE2,2.0
24,OE3,2.33
24,OE4,2.67
24,OO1,2.67
24,OO2,2.67
24,OO3,2.33
24,OO4,2.33
25,AA1,2.0
25,AA2,2.33
25,AA3,2.0
25,AA4,2.0
25,AI1,2.67
25,AI2,2.0
25,AI3,3.67
25,AI4,2.0
25,AE1,2.0
25,AE2,2.0
25,AE3,2.0
25,AE4,3.67
25,AO1,2.33
25,AO2,2.0
25,AO3,2.0
25,AO4,2.0
25,IA1,2.0
25,IA2,3.0
25,IA3,2.0
25,IA4,2.0
25,II1,2.0
25,II2,2.0
25,II3,2.0
25,II4,2.0
25,IE1,2.67
25,IE2,3.33
25,IE3,2.0
25,IE4,2.0
25,IO1,2.0
25,IO2,2.0
25,IO3,2.0
25,IO4,2.0
25,EA1,2.33
25,EA2,2.0
25,EA3,2.0
25,EA4,5.0
25,EI1,2.0
25,EI2,2.0
25,EI3,6.0
25,EI4,2.33
25,EE1,2.0
25,EE2,4.0
25,EE3,2.0
25,EE4,2.0
25,EO1,2.0
25,EO2,2.67
25,EO3,2.33
25,EO4,2.33
25,OA1,2.33
25,OA2,2.33
25,OA3,2.0
25,OA4,2.0
25,OI1,2.0
25,OI2,2.67
25,OI3,2.0
25,OI4,2.0
25,OE1,2.67
25,OE2,2.0
25,OE3,2.33
25,OE4,2.33
25,OO1,2.33
25,OO2,2.0
25,OO3,2.0
25,OO4,2.0
26,AA1,2.0
26,AA2,2.67
26,AA3,2.67
26,AA4,3.0
26,AI1,2.33
26,AI2,2.0
26,AI3,3.67
26,AI4,2.0
26,AE1,2.0
26,AE2,4.67
26,AE3,2.0
26,AE4,5.33
26,AO1,2.67
26,AO2,3.0
26,AO3,2.0
26,AO4,2.0
26,IA1,2.0
26,IA2,3.0
26,IA3,4.0
26,IA4,2.0
26,II1,2.33
26,II2,3.0
26,II3,2.33
26,II4,2.33
26,IE1,3.0
26,IE2,5.0
26,IE3,7.67
26,IE4,2.0
26,IO1,2.67
26,IO2,3.0
26,IO3,2.33
26,IO4,2.33
26,EA1,3.0
26,EA2,2.0
26,EA3,2.0
26,EA4,5.0
26,EI1,3.0
26,EI2,7.33
26,EI3,4.0
26,EI4,2.67
26,EE1,2.67
26,EE2,6.0
26,EE3,2.67
26,EE4,2.33
26,EO1,3.0
26,EO2,3.0
26,EO3,3.0
26,EO4,3.0
26,OA1,2.67
26,OA2,3.0
26,OA3,2.0
26,OA4,2.0
26,OI1,2.67
26,OI2,2.67
26,OI3,2.67
26,OI4,2.33
26,OE1,2.67
26,OE2,3.0
26,OE3,2.67
26,OE4,3.0
26,OO1,2.67
26,OO2,2.67
26,OO3,3.0
26,OO4,2.67
27,AA1,2.0
27,AA2,3.0
27,AA3,2.33
27,AA4,2.33
27,AI1,3.0
27,AI2,2.0
27,AI3,5.33
27,AI4,2.0
27,AE1,2.0
27,AE2,4.0
27,AE3,2.0
27,AE4,2.0
27,AO1,3.0
27,AO2,3.0
27,AO3,2.0
27,AO4,2.0
27,IA1,2.0
27,IA2,6.33
27,IA3,4.67
27,IA4,2.0
27,II1,2.67
27,II2,3.33
27,II3,2.67
27,II4,2.67
27,IE1,2.67
27,IE2,6.0
27,IE3,6.0
27,IE4,2.67
27,IO1,3.0
27,IO2,2.67
27,IO3,2.33
27,IO4,2.67
27,EA1,2.33
27,EA2,2.0
27,EA3,2.0
27,EA4,3.33
27,EI1,3.0
27,EI2,4.0
27,EI3,4.0
27,EI4,2.67
27,EE1,2.33
27,EE2,2.0
27,EE3,2.67
27,EE4,2.33
27,EO1,2.67
27,EO2,3.0
27,EO3,3.0
27,EO4,2.33
27,OA1,2.67
27,OA2,2.33
27,OA3,2.0
27,OA4,2.0
27,OI1,2.67
27,OI2,2.33
27,OI3,2.33
27,OI4,2.67
27,OE1,2.33
27,OE2,3.0
27,OE3,2.33
27,OE4,2.67
27,OO1,3.0
27,OO2,2.67
27,OO3,2.67
27,OO4,2.33
28,AA1,2.0
28,AA2,3.0
28,AA3,2.67
28,AA4,2.0
28,AI1,2.0
28,AI2,2.0
28,AI3,4.67
28,AI4,2.0
28,AE1,2.0
28,AE2,3.33
28,AE3,2.0
28,AE4,2.0
28,AO1,2.67
28,AO2,2.67
28,AO3,2.0
28,AO4,2.0
28,IA1,2.0
28,IA2,3.0
28,IA3,4.0
28,IA4,2.0
28,II1,2.33
28,II2,2.0
28,II3,2.33
28,II4,2.0
28,IE1,2.33
28,IE2,3.67
28,IE3,6.0
28,IE4,2.33
28,IO1,2.33
28,IO2,2.33
28,IO3,2.33
28,IO4,2.33
28,EA1,2.33
28,EA2,2.0
28,EA3,2.0
28,EA4,3.67
28,EI1,2.33
28,EI2,4.0
28,EI3,6.0
28,EI4,2.67
28,EE1,2.67
28,EE2,4.0
28,EE3,2.33
28,EE4,3.0
28,EO1,2.33
28,EO2,3.0
28,EO3,2.67
28,EO4,2.33
28,OA1,2.33
28,OA2,2.67
28,OA3,2.0
28,OA4,2.0
28,OI1,2.67
28,OI2,2.67
28,OI3,3.0
28,OI4,2.0
28,OE1,2.67
28,OE2,2.33
28,OE3,2.33
28,OE4,2.33
28,OO1,3.0
28,OO2,2.67
28,OO3,2.0
28,OO4,3.0
29,AA1,2.0
29,AA2,2.67
29,AA3,2.67
29,AA4,2.0
29,AI1,2.67
29,AI2,2.0
29,AI3,2.0
29,AI4,2.0
29,AE1,2.0
29,AE2,5.33
29,AE3,2.0
29,AE4,3.67
29,AO1,2.33
29,AO2,2.33
29,AO3,2.0
29,AO4,2.0
29,IA1,2.0
29,IA2,3.0
29,IA3,2.0
29,IA4,2.0
29,II1,2.0
29,II2,3.0
29,II3,2.67
29,II4,2.33
29,IE1,2.0
29,IE2,6.67
29,IE3,4.0
29,IE4,2.67
29,IO1,2.33
29,IO2,2.33
29,IO3,2.67
29,IO4,2.33
29,EA1,2.0
29,EA2,2.0
29,EA3,2.0
29,EA4,2.0
29,EI1,2.0
29,EI2,2.0
29,EI3,4.0
29,EI4,2.33
29,EE1,2.0
29,EE2,6.0
29,EE3,2.33
29,EE4,2.33
29,EO1,2.0
29,EO2,2.67
29,EO3,2.33
29,EO4,2.67
29,OA1,2.33
29,OA2,2.0
29,OA3,2.0
29,OA4,2.0
29,OI1,2.33
29,OI2,2.33
29,OI3,2.33
29,OI4,3.0
29,OE1,2.67
29,OE2,2.33
29,OE3,2.33
29,OE4,2.67
29,OO1,2.67
29,OO2,2.33
29,OO3,2.33
29,OO4,2.67
30,AA1,2.0
30,AA2,2.0
30,AA3,2.0
30,AA4,2.33
30,AI1,2.0
30,AI2,2.0
30,AI3,2.0
30,AI4,2.0
30,AE1,2.0
30,AE2,2.0
30,AE3,2.0
30,AE4,7.67
30,AO1,2.0
30,AO2,2.33
30,AO3,2.0
30,AO4,2.0
30,IA1,2.0
30,IA2,3.67
30,IA3,2.0
30,IA4,2.0
30,II1,2.0
30,II2,2.0
30,II3,2.33
30,II4,2.0
30,IE1,2.33
30,IE2,3.33
30,IE3,3.67
30,IE4,2.0
30,IO1,2.67
30,IO2,2.33
30,IO3,2.67
30,IO4,2.33
30,EA1,2.67
30,EA2,2.0
30,EA3,2.0
30,EA4,3.33
30,EI1,2.33
30,EI2,4.0
30,EI3,2.0
30,EI4,2.0
30,EE1,2.0
30,EE2,4.0
30,EE3,2.33
30,EE4,2.33
30,EO1,2.33
30,EO2,2.0
30,EO3,2.0
30,EO4,2.33
30,OA1,2.0
30,OA2,2.33
30,OA3,2.0
30,OA4,2.0
30,OI1,2.33
30,OI2,2.0
30,OI3,2.0
30,OI4,2.33
30,OE1,2.33
30,OE2,2.0
30,OE3,2.0
30,OE4,2.33
30,OO1,2.33
30,OO2,2.33
30,OO3,2.0
30,OO4,2.33
31,AA1,2.0
31,AA2,2.33
31,AA3,2.33
31,AA4,2.67
31,AI1,3.0
31,AI2,2.0
31,AI3,3.0
31,AI4,2.0
31,AE1,2.0
31,AE2,3.67
31,AE3,2.0
31,AE4,3.33
31,AO1,2.67
31,AO2,2.33
31,AO3,2.0
31,AO4,2.0
31,IA1,2.0
31,IA2,4.0
31,IA3,4.0
31,IA4,2.0
31,II1,3.0
31,II2,2.0
31,II3,2.0
31,II4,2.33
31,IE1,2.33
31,IE2,4.0
31,IE3,2.0
31,IE4,2.33
31,IO1,2.33
31,IO2,2.67
31,IO3,2.67
31,IO4,2.33
31,EA1,2.33
31,EA2,2.0
31,EA3,2.0
31,EA4,2.0
31,EI1,2.33
31,EI2,7.67
31,EI3,8.0
31,EI4,2.67
31,EE1,2.33
31,EE2,4.0
31,EE3,2.33
31,EE4,2.33
31,EO1,2.33
31,EO2,2.0
31,EO3,2.33
31,EO4,2.33
31,OA1,2.33
31,OA2,2.67
31,OA3,2.0
31,OA4,2.0
31,OI1,2.33
31,OI2,2.33
31,OI3,2.67
31,OI4,2.67
31,OE1,2.67
31,OE2,2.67
31,OE3,2.33
31,OE4,3.0
31,OO1,2.67
31,OO2,2.67
31,OO3,2.0
31,OO4,2.33
32,AA1,2.0
32,AA2,2.33
32,AA3,2.0
32,AA4,2.67
32,AI1,2.67
32,AI2,2.0
32,AI3,2.0
32,AI4,2.0
32,AE1,2.0
32,AE2,3.33
32,AE3,2.0
32,AE4,2.0
32,AO1,2.0
32,AO2,2.0
32,AO3,2.0
32,AO4,2.0
32,IA1,2.0
32,IA2,4.0
32,IA3,3.0
32,IA4,2.0
32,II1,3.0
32,II2,2.0
32,II3,2.33
32,II4,2.33
32,IE1,2.33
32,IE2,2.0
32,IE3,5.67
32,IE4,2.33
32,IO1,2.0
32,IO2,2.67
32,IO3,2.33
32,IO4,2.0
32,EA1,2.0
32,EA2,2.0
32,EA3,2.0
32,EA4,3.33
32,EI1,2.0
32,EI2,4.0
32,EI3,2.0
32,EI4,2.33
32,EE1,2.0
32,EE2,2.0
32,EE3,2.33
32,EE4,2.33
32,EO1,2.33
32,EO2,2.33
32,EO3,2.33
32,EO4,2.33
32,OA1,2.0
32,OA2,2.0
32,OA3,2.0
32,OA4,2.0
32,OI1,2.67
32,OI2,2.33
32,OI3,2.33
32,OI4,2.0
32,OE1,2.67
32,OE2,2.67
32,OE3,2.33
32,OE4,2.33
32,OO1,2.33
32,OO2,2.67
32,OO3,2.33
32,OO4,2.0
33,AA1,2.0
33,AA2,2.0
33,AA3,2.0
33,AA4,2.0
33,AI1,2.33
33,AI2,2.0
33,AI3,3.67
33,AI4,2.0
33,AE1,2.0
33,AE2,3.33
33,AE3,2.0
33,AE4,2.0
33,AO1,2.33
33,AO2,2.0
33,AO3,2.0
33,AO4,2.0
33,IA1,2.0
33,IA2,2.0
33,IA3,2.0
33,IA4,2.0
33,II1,2.0
33,II2,3.0
33,II3,2.67
33,II4,2.33
33,IE1,2.33
33,IE2,2.0
33,IE3,4.0
33,IE4,2.67
33,IO1,2.0
33,IO2,2.0
33,IO3,2.0
33,IO4,2.0
33,EA1,2.0
33,EA2,2.0
33,EA3,2.0
33,EA4,3.33
33,EI1,2.0
33,EI2,2.0
33,EI3,2.0
33,EI4,2.33
33,EE1,2.67
33,EE2,4.0
33,EE3,2.33
33,EE4,2.0
33,EO1,2.33
33,EO2,2.0
33,EO3,2.33
33,EO4,2.0
33,OA1,2.0
33,OA2,2.0
33,OA3,2.0
33,OA4,2.0
33,OI1,2.33
33,OI2,2.33
33,OI3,2.67
33,OI4,2.0
33,OE1,2.0
33,OE2,2.33
33,OE3,2.0
33,OE4,2.33
33,OO1,2.0
33,OO2,2.33
33,OO3,2.33
33,OO4,2.0
34,AA1,2.0
34,AA2,2.33
34,AA3,2.33
34,AA4,2.0
34,AI1,2.67
34,AI2,2.0
34,AI3,3.0
34,AI4,2.0
34,AE1,2.0
34,AE2,2.0
34,AE3,2.0
34,AE4,2.0
34,AO1,2.33
34,AO2,2.67
34,AO3,2.0
34,AO4,2.0
34,IA1,2.0
34,IA2,2.0
34,IA3,2.0
34,IA4,2.0
34,II1,2.0
34,II2,3.0
34,II3,2.33
34,II4,2.0
34,IE1,2.0
34,IE2,2.0
34,IE3,3.67
34,IE4,2.33
34,IO1,2.33
34,IO2,2.0
34,IO3,2.67
34,IO4,2.0
34,EA1,2.33
34,EA2,2.0
34,EA3,2.0
34,EA4,2.0
34,EI1,2.33
34,EI2,5.67
34,EI3,4.0
34,EI4,2.0
34,EE1,2.67
34,EE2,4.0
34,EE3,2.33
34,EE4,2.33
34,EO1,2.0
34,EO2,2.33
34,EO3,2.67
34,EO4,2.33
34,OA1,2.0
34,OA2,2.67
34,OA3,2.0
34,OA4,2.0
34,OI1,2.33
34,OI2,2.33
34,OI3,2.33
34,OI4,2.33
34,OE1,3.0
34,OE2,2.33
34,OE3,2.0
34,OE4,2.67
34,OO1,2.0
34,OO2,2.33
34,OO3,2.0
34,OO4,2.33
35,AA1,2.0
35,AA2,2.33
35,AA3,2.67
35,AA4,2.33
35,AI1,2.33
35,AI2,2.0
35,AI3,3.33
35,AI4,2.0
35,AE1,2.0
35,AE2,2.0
35,AE3,2.0
35,AE4,3.67
35,AO1,2.67
35,AO2,2.33
35,AO3,2.0
35,AO4,2.0
35,IA1,2.0
35,IA2,4.0
35,IA3,4.0
35,IA4,2.0
35,II1,3.0
35,II2,4.0
35,II3,2.33
35,II4,2.33
35,IE1,2.67
35,IE2,6.0
35,IE3,5.33
35,IE4,3.0
35,IO1,2.33
35,IO2,2.33
35,IO3,3.0
35,IO4,2.33
35,EA1,2.67
35,EA2,2.0
35,EA3,2.0
35,EA4,3.33
35,EI1,2.33
35,EI2,3.67
35,EI3,4.0
35,EI4,3.0
35,EE1,3.0
35,EE2,4.0
35,EE3,2.33
35,EE4,2.67
35,EO1,2.67
35,EO2,2.67
35,EO3,2.33
35,EO4,2.67
35,OA1,2.33
35,OA2,2.33
35,OA3,2.0
35,OA4,2.0
35,OI1,2.67
35,OI2,2.33
35,OI3,2.67
35,OI4,2.67
35,OE1,2.33
35,OE2,3.0
35,OE3,3.0
35,OE4,2.33
35,OO1,3.0
35,OO2,2.33
35,OO3,2.0
35,OO4,2.0
36,AA1,2.0
36,AA2,2.0
36,AA3,2.0
36,AA4,2.0
36,AI1,2.0
36,AI2,2.0
36,AI3,2.0
36,AI4,2.0
36,AE1,2.0
36,AE2,3.67
36,AE3,2.0
36,AE4,3.67
36,AO1,2.0
36,AO2,2.67
36,AO3,2.0
36,AO4,2.0
36,IA1,2.0
36,IA2,3.67
36,IA3,2.0
36,IA4,2.0
36,II1,2.0
36,II2,3.0
36,II3,2.33
36,II4,2.0
36,IE1,2.33
36,IE2,2.0
36,IE3,2.0
36,IE4,2.33
36,IO1,2.33
36,IO2,2.33
36,IO3,2.0
36,IO4,2.0
36,EA1,2.0
36,EA2,2.0
36,EA3,2.0
36,EA4,2.0
36,EI1,2.0
36,EI2,2.0
36,EI3,2.0
36,EI4,2.0
36,EE1,2.0
36,EE2,4.0
36,EE3,2.33
36,EE4,2.33
36,EO1,2.33
36,EO2,2.33
36,EO3,2.33
36,EO4,2.0
36,OA1,2.0
36,OA2,2.33
36,OA3,2.0
36,OA4,2.0
36,OI1,2.0
36,OI2,2.33
36,OI3,2.33
36,OI4,2.0
36,OE1,2.0
36,OE2,2.0
36,OE3,2.33
36,OE4,2.0
36,OO1,2.0
36,OO2,2.67
36,OO3,2.0
36,OO4,2.0
37,AA1,2.0
37,AA2,3.0
37,AA3,3.0
37,AA4,2.67
37,AI1,2.67
37,AI2,2.0
37,AI3,5.67
37,AI4,2.0
37,AE1,2.0
37,AE2,3.67
37,AE3,2.0
37,AE4,6.33
37,AO1,2.33
37,AO2,2.67
37,AO3,2.0
37,AO4,2.0
37,IA1,2.0
37,IA2,5.0
37,IA3,5.0
37,IA4,2.0
37,II1,2.33
37,II2,3.33
37,II3,2.67
37,II4,2.33
37,IE1,3.0
37,IE2,5.0
37,IE3,8.0
37,IE4,3.0
37,IO1,2.67
37,IO2,2.67
37,IO3,3.0
37,IO4,3.0
37,EA1,3.0
37,EA2,2.0
37,EA3,2.0
37,EA4,6.0
37,EI1,2.67
37,EI2,7.33
37,EI3,8.0
37,EI4,2.67
37,EE1,2.67
37,EE2,8.0
37,EE3,3.0
37,EE4,2.67
37,EO1,3.0
37,EO2,2.67
37,EO3,2.33
37,EO4,3.0
37,OA1,3.0
37,OA2,3.0
37,OA3,2.0
37,OA4,2.0
37,OI1,2.67
37,OI2,3.0
37,OI3,3.0
37,OI4,2.0
37,OE1,2.67
37,OE2,3.0
37,OE3,2.67
37,OE4,3.0
37,OO1,3.0
37,OO2,3.0
37,OO3,3.0
37,OO4,2.67
38,AA1,2.0
38,AA2,2.67
38,AA3,2.67
38,AA4,2.67
38,AI1,2.67
38,AI2,2.0
38,AI3,5.33
38,AI4,2.0
38,AE1,2.0
38,AE2,6.33
38,AE3,2.0
38,AE4,5.0
38,AO1,2.67
38,AO2,2.67
38,AO3,2.0
38,AO4,2.0
38,IA1,2.0
38,IA2,3.67
38,IA3,4.0
38,IA4,2.0
38,II1,2.67
38,II2,4.67
38,II3,2.67
38,II4,2.33
38,IE1,2.67
38,IE2,3.67
38,IE3,3.67
38,IE4,2.67
38,IO1,2.33
38,IO2,3.0
38,IO3,3.0
38,IO4,2.67
38,EA1,2.67
38,EA2,2.0
38,EA3,2.0
38,EA4,3.33
38,EI1,2.67
38,EI2,3.67
38,EI3,2.0
38,EI4,2.0
38,EE1,3.0
38,EE2,6.0
38,EE3,2.33
38,EE4,3.0
38,EO1,2.33
38,EO2,3.0
38,EO3,2.67
38,EO4,3.0
38,OA1,2.33
38,OA2,2.67
38,OA3,2.0
38,OA4,2.0
38,OI1,2.67
38,OI2,2.67
38,OI3,3.0
38,OI4,2.67
38,OE1,3.0
38,OE2,2.67
38,OE3,2.33
38,OE4,3.0
38,OO1,2.67
38,OO2,3.0
38,OO3,2.67
38,OO4,2.67
39,AA1,2.0
39,AA2,2.33
39,AA3,2.67
39,AA4,2.33
39,AI1,2.0
39,AI2,2.0
39,AI3,4.67
39,AI4,2.0
39,AE1,2.0
39,AE2,6.33
39,AE3,2.0
39,AE4,6.0
39,AO1,2.33
39,AO2,2.33
39,AO3,2.0
39,AO4,2.0
39,IA1,2.0
39,IA2,3.67
39,IA3,2.0
39,IA4,2.0
39,II1,2.33
39,II2,3.0
39,II3,2.67
39,II4,3.0
39,IE1,2.67
39,IE2,5.0
39,IE3,6.0
39,IE4,2.33
39,IO1,3.0
39,IO2,2.67
39,IO3,2.0
39,IO4,2.33
39,EA1,2.33
39,EA2,2.0
39,EA3,2.0
39,EA4,5.0
39,EI1,2.67
39,EI2,5.67
39,EI3,6.0
39,EI4,3.0
39,EE1,2.33
39,EE2,6.0
39,EE3,2.33
39,EE4,3.0
39,EO1,2.0
39,EO2,2.33
39,EO3,2.33
39,EO4,2.67
39,OA1,2.33
39,OA2,3.0
39,OA3,2.0
39,OA4,2.0
39,OI1,2.67
39,OI2,2.67
39,OI3,2.33
39,OI4,2.67
39,OE1,2.33
39,OE2,2.33
39,OE3,2.33
39,OE4,3.0
39,OO1,2.0
39,OO2,2.67
39,OO3,2.33
39,OO4,2.67
40,AA1,2.0
40,AA2,2.0
40,AA3,2.33
40,AA4,2.67
40,AI1,2.0
40,AI2,2.0
40,AI3,6.33
40,AI4,2.0
40,AE1,2.0
40,AE2,2.0
40,AE3,2.0
40,AE4,4.67
40,AO1,2.33
40,AO2,2.33
40,AO3,2.0
40,AO4,2.0
40,IA1,2.0
40,IA2,2.0
40,IA3,3.0
40,IA4,2.0
40,II1,2.33
40,II2,3.0
40,II3,2.0
40,II4,2.0
40,IE1,2.33
40,IE2,5.0
40,IE3,5.67
40,IE4,2.0
40,IO1,2.33
40,IO2,2.0
40,IO3,2.33
40,IO4,2.0
40,EA1,2.67
40,EA2,2.0
40,EA3,2.0
40,EA4,7.0
40,EI1,2.0
40,EI2,4.0
40,EI3,6.0
40,EI4,2.0
40,EE1,2.67
40,EE2,4.0
40,EE3,2.67
40,EE4,2.33
40,EO1,2.0
40,EO2,2.67
40,EO3,2.33
40,EO4,2.0
40,OA1,2.0
40,OA2,2.0
40,OA3,2.0
40,OA4,2.0
40,OI1,2.33
40,OI2,2.33
40,OI3,2.33
40,OI4,2.0
40,OE1,2.67
40,OE2,2.33
40,OE3,2.0
40,OE4,2.67
40,OO1,2.33
40,OO2,2.0
40,OO3,2.67
40,OO4,2.33
41,AA1,2.0
41,AA2,2.33
41,AA3,2.0
41,AA4,2.67
41,AI1,2.67
41,AI2,2.0
41,AI3,5.67
41,AI4,2.0
41,AE1,2.0
41,AE2,5.33
41,AE3,2.0
41,AE4,2.0
41,AO1,2.0
41,AO2,2.0
41,AO3,2.0
41,AO4,2.0
41,IA1,2.0
41,IA2,4.67
41,IA3,3.0
41,IA4,2.0
41,II1,2.33
41,II2,3.33
41,II3,2.33
41,II4,3.0
41,IE1,2.0
41,IE2,3.33
41,IE3,4.0
41,IE4,2.33
41,IO1,2.67
41,IO2,3.0
41,IO3,2.33
41,IO4,2.33
41,EA1,3.0
41,EA2,2.0
41,EA3,2.0
41,EA4,5.33
41,EI1,3.0
41,EI2,5.33
41,EI3,4.0
41,EI4,2.67
41,EE1,2.67
41,EE2,6.0
41,EE3,2.67
41,EE4,3.0
41,EO1,2.67
41,EO2,2.67
41,EO3,3.0
41,EO4,2.33
41,OA1,2.33
41,OA2,2.0
41,OA3,2.0
41,OA4,2.0
41,OI1,2.67
41,OI2,3.0
41,OI3,2.67
41,OI4,3.0
41,OE1,2.33
41,OE2,2.33
41,OE3,3.0
41,OE4,2.67
41,OO1,2.33
41,OO2,2.67
41,OO3,3.0
41,OO4,2.67
42,AA1,2.0
42,AA2,2.33
42,AA3,2.33
42,AA4,2.67
42,AI1,2.67
42,AI2,2.0
42,AI3,3.0
42,AI4,2.0
42,AE1,2.0
42,AE2,3.33
42,AE3,2.0
42,AE4,3.67
42,AO1,2.0
42,AO2,2.33
42,AO3,2.0
42,AO4,2.0
42,IA1,2.0
42,IA2,3.0
42,IA3,2.0
42,IA4,2.0
42,II1,2.67
42,II2,5.33
42,II3,2.33
42,II4,2.67
42,IE1,2.67
42,IE2,4.0
42,IE3,2.0
42,IE4,2.33
42,IO1,2.67
42,IO2,2.33
42,IO3,2.33
42,IO4,2.67
42,EA1,2.33
42,EA2,2.0
42,EA3,2.0
42,EA4,4.67
42,EI1,2.67
42,EI2,3.67
42,EI3,2.0
42,EI4,2.0
42,EE1,2.0
42,EE2,6.0
42,EE3,3.0
42,EE4,2.67
42,EO1,2.67
42,EO2,2.33
42,EO3,2.33
42,EO4,2.33
42,OA1,2.0
42,OA2,2.67
42,OA3,2.0
42,OA4,2.0
42,OI1,2.33
42,OI2,2.33
42,OI3,2.67
42,OI4,2.33
42,OE1,2.67
42,OE2,2.33
42,OE3,2.33
42,OE4,2.67
42,OO1,2.33
42,OO2,2.33
42,OO3,2.67
42,OO4,2.33
43,AA1,2.0
43,AA2,2.0
43,AA3,2.0
43,AA4,2.0
43,AI1,2.0
43,AI2,2.0
43,AI3,3.33
43,AI4,2.0
43,AE1,2.0
43,AE2,5.0
43,AE3,2.0
43,AE4,3.67
43,AO1,2.33
43,AO2,2.33
43,AO3,2.0
43,AO4,2.0
43,IA1,2.0
43,IA2,3.67
43,IA3,3.0
43,IA4,2.0
43,II1,2.33
43,II2,3.33
43,II3,2.0
43,II4,2.0
43,IE1,2.33
43,IE2,3.67
43,IE3,3.67
43,IE4,2.33
43,IO1,2.0
43,IO2,2.0
43,IO3,2.67
43,IO4,2.67
43,EA1,2.33
43,EA2,2.0
43,EA3,2.0
43,EA4,3.67
43,EI1,2.0
43,EI2,2.0
43,EI3,4.0
43,EI4,2.33
43,EE1,2.33
43,EE2,2.0
43,EE3,2.33
43,EE4,2.0
43,EO1,2.67
43,EO2,2.0
43,EO3,2.33
43,EO4,2.33
43,OA1,2.0
43,OA2,2.33
43,OA3,2.0
43,OA4,2.0
43,OI1,2.33
43,OI2,2.33
43,OI3,2.0
43,OI4,2.33
43,OE1,2.67
43,OE2,2.33
43,OE3,2.67
43,OE4,2.0
43,OO1,2.33
43,OO2,2.0
43,OO3,2.67
43,OO4,2.0
44,AA1,2.0
44,AA2,2.67
44,AA3,2.67
44,AA4,2.33
44,AI1,2.33
44,AI2,2.0
44,AI3,5.33
44,AI4,2.0
44,AE1,2.0
44,AE2,2.0
44,AE3,2.0
44,AE4,3.67
44,AO1,2.33
44,AO2,2.67
44,AO3,2.0
44,AO4,2.0
44,IA1,2.0
44,IA2,3.67
44,IA3,4.0
44,IA4,2.0
44,II1,2.67
44,II2,4.0
44,II3,2.0
44,II4,2.33
44,IE1,2.33
44,IE2,5.0
44,IE3,4.0
44,IE4,2.33
44,IO1,3.0
44,IO2,2.67
44,IO3,2.33
44,IO4,2.67
44,EA1,2.67
44,EA2,2.0
44,EA3,2.0
44,EA4,6.67
44,EI1,2.33
44,EI2,5.67
44,EI3,6.0
44,EI4,2.33
44,EE1,3.0
44,EE2,6.0
44,EE3,3.0
44,EE4,2.67
44,EO1,2.67
44,EO2,2.67
44,EO3,2.67
44,EO4,2.67
44,OA1,2.33
44,OA2,2.67
44,OA3,2.0
44,OA4,2.0
44,OI1,2.67
44,OI2,3.0
44,OI3,2.67
44,OI4,2.67
44,OE1,2.67
44,OE2,2.67
44,OE3,2.67
44,OE4,3.0
44,OO1,3.0
44,OO2,2.67
44,OO3,3.0
44,OO4,2.67
45,AA1,2.0
45,AA2,2.33
45,AA3,2.33
45,AA4,2.67
45,AI1,2.33
45,AI2,2.0
45,AI3,3.0
45,AI4,2.0
45,AE1,2.0
45,AE2,3.67
45,AE3,2.0
45,AE4,7.67
45,AO1,2.67
45,AO2,2.67
45,AO3,2.0
45,AO4,2.0
45,IA1,2.0
45,IA2,3.0
45,IA3,4.67
45,IA4,2.0
45,II1,2.67
45,II2,3.0
45,II3,2.67
45,II4,2.33
45,IE1,2.33
45,IE2,3.67
45,IE3,3.33
45,IE4,2.33
45,IO1,2.67
45,IO2,2.67
45,IO3,2.67
45,IO4,2.67
45,EA1,2.67
45,EA2,2.0
45,EA3,2.0
45,EA4,3.33
45,EI1,2.33
45,EI2,7.67
45,EI3,6.0
45,EI4,2.33
45,EE1,2.33
45,EE2,6.0
45,EE3,2.0
45,EE4,2.33
45,EO1,2.67
45,EO2,2.33
45,EO3,3.0
45,EO4,2.33
45,OA1,3.0
45,OA2,2.67
45,OA3,2.0
45,OA4,2.0
45,OI1,3.0
45,OI2,2.67
45,OI3,2.33
45,OI4,2.33
45,OE1,2.33
45,OE2,2.67
45,OE3,2.33
45,OE4,3.0
45,OO1,2.67
45,OO2,2.67
45,OO3,2.33
45,OO4,2.67
46,AA1,2.0
46,AA2,2.33
46,AA3,2.33
46,AA4,2.67
46,AI1,3.0
46,AI2,2.0
46,AI3,3.0
46,AI4,2.0
46,AE1,2.0
46,AE2,3.67
46,AE3,2.0
46,AE4,3.33
46,AO1,2.67
46,AO2,2.33
46,AO3,2.0
46,AO4,2.0
46,IA1,2.0
46,IA2,4.0
46,IA3,4.0
46,IA4,2.0
46,II1,3.0
46,II2,2.0
46,II3,2.0
46,II4,2.33
46,IE1,2.33
46,IE2,4.0
46,IE3,2.0
46,IE4,2.33
46,IO1,2.33
46,IO2,2.67
46,IO3,2.67
46,IO4,2.33
46,EA1,2.33
46,EA2,2.0
46,EA3,2.0
46,EA4,2.0
46,EI1,2.33
46,EI2,7.67
46,EI3,8.0
46,EI4,2.67
46,EE1,2.33
46,EE2,4.0
46,EE3,2.33
46,EE4,2.33
46,EO1,2.33
46,EO2,2.0
46,EO3,2.33
46,EO4,2.33
46,OA1,2.33
46,OA2,2.67
46,OA3,2.0
46,OA4,2.0
46,OI1,2.33
46,OI2,2.33
46,OI3,2.67
46,OI4,2.67
46,OE1,2.67
46,OE2,2.67
46,OE3,2.33
46,OE4,3.0
46,OO1,2.67
46,OO2,2.67
46,OO3,2.0
46,OO4,2.33
47,AA1,2.0
47,AA2,3.0
47,AA3,2.67
47,AA4,3.0
47,AI1,3.0
47,AI2,2.0
47,AI3,3.67
47,AI4,2.0
47,AE1,2.0
47,AE2,3.33
47,AE3,2.0
47,AE4,3.33
47,AO1,2.67
47,AO2,2.33
47,AO3,2.0
47,AO4,2.0
47,IA1,2.0
47,IA2,4.67
47,IA3,3.0
47,IA4,2.0
47,II1,2.33
47,II2,2.0
47,II3,2.67
47,II4,2.33
47,IE1,2.33
47,IE2,3.67
47,IE3,4.0
47,IE4,2.33
47,IO1,3.0
47,IO2,2.33
47,IO3,2.67
47,IO4,2.33
47,EA1,2.33
47,EA2,2.0
47,EA3,2.0
47,EA4,3.33
47,EI1,2.33
47,EI2,7.67
47,EI3,4.0
47,EI4,2.33
47,EE1,2.67
47,EE2,4.0
47,EE3,2.0
47,EE4,3.0
47,EO1,2.33
47,EO2,2.67
47,EO3,3.0
47,EO4,3.0
47,OA1,2.67
47,OA2,2.67
47,OA3,2.0
47,OA4,2.0
47,OI1,3.0
47,OI2,2.67
47,OI3,3.0
47,OI4,2.33
47,OE1,2.33
47,OE2,2.67
47,OE3,2.33
47,OE4,2.67
47,OO1,2.0
47,OO2,3.0
47,OO3,2.0
47,OO4,3.0
48,AA1,2.0
48,AA2,2.0
48,AA3,2.0
48,AA4,2.0
48,AI1,2.0
48,AI2,2.0
48,AI3,2.0
48,AI4,2.0
48,AE1,2.0
48,AE2,2.0
48,AE3,2.0
48,AE4,2.0
48,AO1,2.0
48,AO2,2.0
48,AO3,2.0
48,AO4,2.0
48,IA1,2.0
48,IA2,2.0
48,IA3,2.0
48,IA4,2.0
48,II1,2.0
48,II2,2.0
48,II3,2.0
48,II4,2.0
48,IE1,2.0
48,IE2,2.0
48,IE3,2.0
48,IE4,2.0
48,IO1,2.0
48,IO2,2.0
48,IO3,2.0
48,IO4,2.0
48,EA1,2.0
48,EA2,2.0
48,EA3,2.0
48,EA4,2.0
48,EI1,2.0
48,EI2,2.0
48,EI3,2.0
48,EI4,2.0
48,EE1,2.0
48,EE2,2.0
48,EE3,2.0
48,EE4,2.0
48,EO1,2.0
48,EO2,2.0
48,EO3,2.0
48,EO4,2.0
48,OA1,2.0
48,OA2,2.0
48,OA3,2.0
48,OA4,2.0
48,OI1,2.0
48,OI2,2.0
48,OI3,2.0
48,OI4,2.0
48,OE1,2.0
48,OE2,2.0
48,OE3,2.0
48,OE4,2.0
48,OO1,2.0
48,OO2,2.0
48,OO3,2.0
48,OO4,2.0
49,AA1,2.0
49,AA2,2.33
49,AA3,2.67
49,AA4,2.0
49,AI1,2.67
49,AI2,2.0
49,AI3,4.67
49,AI4,2.0
49,AE1,2.0
49,AE2,4.67
49,AE3,2.0
49,AE4,3.33
49,AO1,2.33
49,AO2,2.67
49,AO3,2.0
49,AO4,2.0
49,IA1,2.0
49,IA2,3.0
49,IA3,2.0
49,IA4,2.0
49,II1,2.33
49,II2,2.0
49,II3,2.33
49,II4,2.0
49,IE1,2.67
49,IE2,3.33
49,IE3,2.0
49,IE4,2.0
49,IO1,2.33
49,IO2,3.0
49,IO3,2.67
49,IO4,2.0
49,EA1,2.33
49,EA2,2.0
49,EA3,2.0
49,EA4,3.33
49,EI1,3.0
49,EI2,4.0
49,EI3,2.0
49,EI4,2.33
49,EE1,2.67
49,EE2,4.0
49,EE3,2.33
49,EE4,2.67
49,EO1,3.0
49,EO2,2.33
49,EO3,2.0
49,EO4,3.0
49,OA1,2.0
49,OA2,2.67
49,OA3,2.0
49,OA4,2.0
49,OI1,2.33
49,OI2,2.67
49,OI3,2.67
49,OI4,2.67
49,OE1,2.33
49,OE2,2.67
49,OE3,2.33
49,OE4,2.33
49,OO1,2.67
49,OO2,2.33
49,OO3,2.67
49,OO4,3.0
50,AA1,2.0
50,AA2,2.67
50,AA3,2.0
50,AA4,2.67
50,AI1,2.67
50,AI2,2.0
50,AI3,5.33
50,AI4,2.0
50,AE1,2.0
50,AE2,5.33
50,AE3,2.0
50,AE4,3.67
50,AO1,2.67
50,AO2,2.67
50,AO3,2.0
50,AO4,2.0
50,IA1,2.0
50,IA2,3.0
50,IA3,3.0
50,IA4,2.0
50,II1,3.0
50,II2,3.0
50,II3,2.67
50,II4,2.67
50,IE1,2.67
50,IE2,5.33
50,IE3,6.0
50,IE4,2.33
50,IO1,2.67
50,IO2,2.33
50,IO3,2.67
50,IO4,3.0
50,EA1,2.33
50,EA2,2.0
50,EA3,2.0
50,EA4,5.0
50,EI1,2.33
50,EI2,7.33
50,EI3,8.0
50,EI4,2.67
50,EE1,3.0
50,EE2,8.0
50,EE3,2.33
50,EE4,2.67
50,EO1,2.67
50,EO2,2.67
50,EO3,2.33
50,EO4,2.67
50,OA1,2.33
50,OA2,2.67
50,OA3,2.0
50,OA4,2.0
50,OI1,2.0
50,OI2,2.67
50,OI3,2.67
50,OI4,3.0
50,OE1,2.33
50,OE2,2.0
50,OE3,2.33
50,OE4,2.33
50,OO1,2.33
50,OO2,2.33
50,OO3,2.33
50,OO4,2.67
51,AA1,2.0
51,AA2,2.33
51,AA3,2.67
51,AA4,3.0
51,AI1,2.33
51,AI2,2.0
51,AI3,3.0
51,AI4,2.0
51,AE1,2.0
51,AE2,4.67
51,AE3,2.0
51,AE4,6.0
51,AO1,3.0
51,AO2,3.0
51,AO3,2.0
51,AO4,2.0
51,IA1,2.0
51,IA2,3.0
51,IA3,3.0
51,IA4,2.0
51,II1,2.0
51,II2,3.0
51,II3,2.33
51,II4,2.67
51,IE1,2.33
51,IE2,5.0
51,IE3,8.0
51,IE4,2.33
51,IO1,2.67
51,IO2,2.33
51,IO3,2.67
51,IO4,2.33
51,EA1,2.67
51,EA2,2.0
51,EA3,2.0
51,EA4,6.33
51,EI1,2.67
51,EI2,2.0
51,EI3,6.0
51,EI4,2.33
51,EE1,2.67
51,EE2,2.0
51,EE3,2.67
51,EE4,3.0
51,EO1,2.0
51,EO2,2.0
51,EO3,2.0
51,EO4,3.0
51,OA1,2.67
51,OA2,2.0
51,OA3,2.0
51,OA4,2.0
51,OI1,3.0
51,OI2,2.0
51,OI3,2.0
51,OI4,2.0
51,OE1,2.0
51,OE2,2.33
51,OE3,2.67
51,OE4,2.67
51,OO1,2.0
51,OO2,2.67
51,OO3,2.33
51,OO4,2.33
52,AA1,2.0
52,AA2,2.0
52,AA3,2.67
52,AA4,2.33
52,AI1,2.0
52,AI2,2.0
52,AI3,4.67
52,AI4,2.0
52,AE1,2.0
52,AE2,3.33
52,AE3,2.0
52,AE4,4.67
52,AO1,2.0
52,AO2,2.0
52,AO3,2.0
52,AO4,2.0
52,IA1,2.0
52,IA2,4.0
52,IA3,4.0
52,IA4,2.0
52,II1,2.0
52,II2,2.0
52,II3,2.33
52,II4,2.67
52,IE1,2.33
52,IE2,5.0
52,IE3,6.33
52,IE4,2.33
52,IO1,2.33
52,IO2,2.33
52,IO3,2.33
52,IO4,2.67
52,EA1,2.67
52,EA2,2.0
52,EA3,2.0
52,EA4,6.67
52,EI1,2.33
52,EI2,4.0
52,EI3,6.0
52,EI4,2.33
52,EE1,2.67
52,EE2,6.0
52,EE3,2.33
52,EE4,2.33
52,EO1,2.33
52,EO2,2.0
52,EO3,2.33
52,EO4,2.67
52,OA1,2.33
52,OA2,2.67
52,OA3,2.0
52,OA4,2.0
52,OI1,2.33
52,OI2,2.33
52,OI3,2.33
52,OI4,2.33
52,OE1,2.67
52,OE2,2.67
52,OE3,3.0
52,OE4,2.67
52,OO1,2.0
52,OO2,2.0
52,OO3,2.0
52,OO4,2.67
53,AA1,2.0
53,AA2,2.33
53,AA3,2.33
53,AA4,2.0
53,AI1,2.0
53,AI2,2.0
53,AI3,6.33
53,AI4,2.0
53,AE1,2.0
53,AE2,3.67
53,AE3,2.0
53,AE4,3.67
53,AO1,2.67
53,AO2,2.33
53,AO3,2.0
53,AO4,2.0
53,IA1,2.0
53,IA2,3.67
53,IA3,3.0
53,IA4,2.0
53,II1,2.33
53,II2,3.33
53,II3,3.0
53,II4,2.0
53,IE1,3.0
53,IE2,3.33
53,IE3,2.0
53,IE4,2.33
53,IO1,2.33
53,IO2,2.33
53,IO3,2.33
53,IO4,2.33
53,EA1,2.33
53,EA2,2.0
53,EA3,2.0
53,EA4,2.0
53,EI1,2.33
53,EI2,2.0
53,EI3,8.0
53,EI4,2.33
53,EE1,2.0
53,EE2,6.0
53,EE3,2.33
53,EE4,2.33
53,EO1,2.33
53,EO2,2.0
53,EO3,2.0
53,EO4,2.0
53,OA1,2.67
53,OA2,2.67
53,OA3,2.0
53,OA4,2.0
53,OI1,2.0
53,OI2,2.0
53,OI3,2.33
53,OI4,2.33
53,OE1,2.33
53,OE2,2.33
53,OE3,2.33
53,OE4,2.33
53,OO1,2.33
53,OO2,2.67
53,OO3,2.67
53,OO4,3.0
54,AA1,2.0
54,AA2,2.33
54,AA3,2.33
54,AA4,2.33
54,AI1,2.0
54,AI2,2.0
54,AI3,3.0
54,AI4,2.0
54,AE1,2.0
54,AE2,2.0
54,AE3,2.0
54,AE4,2.0
54,AO1,2.67
54,AO2,2.0
54,AO3,2.0
54,AO4,2.0
54,IA1,2.0
54,IA2,3.0
54,IA3,3.0
54,IA4,2.0
54,II1,2.0
54,II2,2.0
54,II3,2.0
54,II4,2.33
54,IE1,2.33
54,IE2,2.0
54,IE3,4.0
54,IE4,2.33
54,IO1,2.33
54,IO2,2.0
54,IO3,2.0
54,IO4,2.33
54,EA1,2.0
54,EA2,2.0
54,EA3,2.0
54,EA4,2.0
54,EI1,2.0
54,EI2,4.0
54,EI3,2.0
54,EI4,2.33
54,EE1,2.0
54,EE2,2.0
54,EE3,2.0
54,EE4,2.67
54,EO1,2.67
54,EO2,2.0
54,EO3,2.0
54,EO4,2.0
54,OA1,2.33
54,OA2,2.33
54,OA3,2.0
54,OA4,2.0
54,OI1,2.0
54,OI2,2.33
54,OI3,2.0
54,OI4,2.0
54,OE1,2.33
54,OE2,2.33
54,OE3,2.33
54,OE4,2.67
54,OO1,2.0
54,OO2,2.0
54,OO3,2.0
54,OO4,2.33
55,AA1,2.0
55,AA2,2.0
55,AA3,3.0
55,AA4,2.33
55,AI1,2.33
55,AI2,2.0
55,AI3,4.0
55,AI4,2.0
55,AE1,2.0
55,AE2,5.33
55,AE3,2.0
55,AE4,6.67
55,AO1,2.67
55,AO2,2.67
55,AO3,2.0
55,AO4,2.0
55,IA1,2.0
55,IA2,3.67
55,IA3,4.0
55,IA4,2.0
55,II1,2.33
55,II2,4.33
55,II3,2.33
55,II4,2.67
55,IE1,2.33
55,IE2,2.0
55,IE3,5.33
55,IE4,2.33
55,IO1,2.33
55,IO2,2.33
55,IO3,2.33
55,IO4,2.33
55,EA1,2.33
55,EA2,2.0
55,EA3,2.0
55,EA4,3.67
55,EI1,2.67
55,EI2,2.0
55,EI3,2.0
55,EI4,2.33
55,EE1,2.33
55,EE2,4.0
55,EE3,2.33
55,EE4,2.67
55,EO1,2.67
55,EO2,2.33
55,EO3,2.0
55,EO4,2.67
55,OA1,2.33
55,OA2,2.0
55,OA3,2.0
55,OA4,2.0
55,OI1,2.33
55,OI2,2.33
55,OI3,3.0
55,OI4,2.33
55,OE1,2.0
55,OE2,2.67
55,OE3,2.67
55,OE4,2.33
55,OO1,2.67
55,OO2,2.0
55,OO3,2.33
55,OO4,2.33
56,AA1,2.0
56,AA2,2.33
56,AA3,2.33
56,AA4,2.0
56,AI1,2.0
56,AI2,2.0
56,AI3,2.0
56,AI4,2.0
56,AE1,2.0
56,AE2,2.0
56,AE3,2.0
56,AE4,2.0
56,AO1,2.33
56,AO2,2.67
56,AO3,2.0
56,AO4,2.0
56,IA1,2.0
56,IA2,2.0
56,IA3,3.0
56,IA4,2.0
56,II1,2.0
56,II2,2.0
56,II3,2.33
56,II4,2.0
56,IE1,2.33
56,IE2,3.67
56,IE3,2.0
56,IE4,2.0
56,IO1,2.33
56,IO2,2.0
56,IO3,2.33
56,IO4,2.0
56,EA1,2.67
56,EA2,2.0
56,EA3,2.0
56,EA4,6.67
56,EI1,2.0
56,EI2,4.0
56,EI3,2.0
56,EI4,2.0
56,EE1,2.33
56,EE2,2.0
56,EE3,2.0
56,EE4,2.0
56,EO1,2.0
56,EO2,2.0
56,EO3,2.0
56,EO4,2.33
56,OA1,2.67
56,OA2,2.0
56,OA3,2.0
56,OA4,2.0
56,OI1,2.67
56,OI2,2.0
56,OI3,2.0
56,OI4,2.0
56,OE1,2.0
56,OE2,2.33
56,OE3,2.0
56,OE4,2.0
56,OO1,2.0
56,OO2,2.67
56,OO3,2.67
56,OO4,2.67
57,AA1,2.0
57,AA2,3.0
57,AA3,3.0
57,AA4,2.33
57,AI1,2.33
57,AI2,2.0
57,AI3,5.33
57,AI4,2.0
57,AE1,2.0
57,AE2,5.33
57,AE3,2.0
57,AE4,3.67
57,AO1,2.33
57,AO2,2.33
57,AO3,2.0
57,AO4,2.0
57,IA1,2.0
57,IA2,7.0
57,IA3,4.0
57,IA4,2.0
57,II1,2.33
57,II2,5.0
57,II3,2.0
57,II4,2.33
57,IE1,2.67
57,IE2,3.67
57,IE3,6.0
57,IE4,2.67
57,IO1,2.33
57,IO2,2.0
57,IO3,2.0
57,IO4,2.33
57,EA1,2.67
57,EA2,2.0
57,EA3,2.0
57,EA4,3.67
57,EI1,2.33
57,EI2,7.0
57,EI3,4.0
57,EI4,3.0
57,EE1,3.0
57,EE2,8.0
57,EE3,3.0
57,EE4,2.67
57,EO1,3.0
57,EO2,2.0
57,EO3,2.33
57,EO4,2.33
57,OA1,3.0
57,OA2,2.67
57,OA3,2.0
57,OA4,2.0
57,OI1,2.67
57,OI2,2.67
57,OI3,2.67
57,OI4,2.67
57,OE1,3.0
57,OE2,2.0
57,OE3,2.33
57,OE4,3.0
57,OO1,2.33
57,OO2,2.67
57,OO3,2.67
57,OO4,2.67
58,AA1,2.0
58,AA2,2.67
58,AA3,2.0
58,AA4,2.33
58,AI1,2.33
58,AI2,2.0
58,AI3,3.67
58,AI4,2.0
58,AE1,2.0
58,AE2,2.0
58,AE3,2.0
58,AE4,5.0
58,AO1,2.33
58,AO2,2.33
58,AO3,2.0
58,AO4,2.0
58,IA1,2.0
58,IA2,3.67
58,IA3,2.0
58,IA4,2.0
58,II1,2.33
58,II2,2.0
58,II3,2.33
58,II4,2.33
58,IE1,2.33
58,IE2,3.33
58,IE3,4.0
58,IE4,2.0
58,IO1,2.0
58,IO2,2.33
58,IO3,2.33
58,IO4,2.67
58,EA1,2.67
58,EA2,2.0
58,EA3,2.0
58,EA4,5.0
58,EI1,3.0
58,EI2,5.67
58,EI3,2.0
58,EI4,2.0
58,EE1,2.33
58,EE2,6.0
58,EE3,2.67
58,EE4,2.67
58,EO1,2.33
58,EO2,2.67
58,EO3,2.33
58,EO4,2.33
58,OA1,2.33
58,OA2,3.0
58,OA3,2.0
58,OA4,2.0
58,OI1,2.67
58,OI2,2.33
58,OI3,2.33
58,OI4,2.0
58,OE1,2.33
58,OE2,2.33
58,OE3,2.67
58,OE4,2.33
58,OO1,2.33
58,OO2,2.33
58,OO3,2.67
58,OO4,2.0
59,AA1,2.0
59,AA2,2.0
59,AA3,2.33
59,AA4,2.33
59,AI1,2.0
59,AI2,2.0
59,AI3,2.0
59,AI4,2.0
59,AE1,2.0
59,AE2,5.33
59,AE3,2.0
59,AE4,3.33
59,AO1,2.33
59,AO2,2.33
59,AO3,2.0
59,AO4,2.0
59,IA1,2.0
59,IA2,3.67
59,IA3,5.0
59,IA4,2.0
59,II1,2.67
59,II2,2.0
59,II3,2.0
59,II4,2.67
59,IE1,2.0
59,IE2,4.0
59,IE3,5.67
59,IE4,3.0
59,IO1,2.33
59,IO2,2.67
59,IO3,2.67
59,IO4,2.67
59,EA1,2.67
59,EA2,2.0
59,EA3,2.0
59,EA4,3.67
59,EI1,2.67
59,EI2,5.67
59,EI3,2.0
59,EI4,2.67
59,EE1,2.0
59,EE2,4.0
59,EE3,2.33
59,EE4,2.0
59,EO1,2.67
59,EO2,2.0
59,EO3,2.33
59,EO4,2.67
59,OA1,2.0
59,OA2,2.0
59,OA3,2.0
59,OA4,2.0
59,OI1,2.0
59,OI2,2.67
59,OI3,2.67
59,OI4,2.67
59,OE1,2.33
59,OE2,2.33
59,OE3,2.67
59,OE4,2.0
59,OO1,2.0
59,OO2,2.67
59,OO3,2.67
59,OO4,2.33
60,AA1,2.0
60,AA2,2.33
60,AA3,3.0
60,AA4,2.67
60,AI1,2.67
60,AI2,2.0
60,AI3,4.0
60,AI4,2.0
60,AE1,2.0
60,AE2,4.0
60,AE3,2.0
60,AE4,3.67
60,AO1,2.67
60,AO2,2.0
60,AO3,2.0
60,AO4,2.0
60,IA1,2.0
60,IA2,4.67
60,IA3,3.67
60,IA4,2.0
60,II1,2.0
60,II2,3.33
60,II3,2.33
60,II4,2.67
60,IE1,2.67
60,IE2,3.33
60,IE3,6.0
60,IE4,2.67
60,IO1,2.33
60,IO2,3.0
60,IO3,3.0
60,IO4,2.67
60,EA1,2.33
60,EA2,2.0
60,EA3,2.0
60,EA4,6.33
60,EI1,2.33
60,EI2,7.67
60,EI3,4.0
60,EI4,2.33
60,EE1,2.67
60,EE2,6.0
60,EE3,2.67
60,EE4,2.0
60,EO1,2.67
60,EO2,2.67
60,EO3,3.0
60,EO4,2.0
60,OA1,3.0
60,OA2,2.0
60,OA3,2.0
60,OA4,2.0
60,OI1,2.67
60,OI2,3.0
60,OI3,2.33
60,OI4,2.33
60,OE1,2.67
60,OE2,3.0
60,OE3,2.67
60,OE4,3.0
60,OO1,2.33
60,OO2,2.67
60,OO3,2.33
60,OO4,3.0
61,AA1,2.0
61,AA2,2.0
61,AA3,2.0
61,AA4,2.33
61,AI1,2.33
61,AI2,2.0
61,AI3,2.0
61,AI4,2.0
61,AE1,2.0
61,AE2,2.0
61,AE3,2.0
61,AE4,3.33
61,AO1,2.0
61,AO2,2.33
61,AO3,2.0
61,AO4,2.0
61,IA1,2.0
61,IA2,3.0
61,IA3,3.0
61,IA4,2.0
61,II1,2.67
61,II2,2.0
61,II3,2.33
61,II4,2.0
61,IE1,2.0
61,IE2,2.0
61,IE3,2.0
61,IE4,2.0
61,IO1,2.33
61,IO2,2.33
61,IO3,2.33
61,IO4,2.33
61,EA1,2.0
61,EA2,2.0
61,EA3,2.0
61,EA4,2.0
61,EI1,2.0
61,EI2,2.0
61,EI3,2.0
61,EI4,2.0
61,EE1,2.33
61,EE2,4.0
61,EE3,2.33
61,EE4,2.0
61,EO1,2.67
61,EO2,2.33
61,EO3,2.0
61,EO4,2.0
61,OA1,2.0
61,OA2,2.0
61,OA3,2.0
61,OA4,2.0
61,OI1,2.33
61,OI2,2.33
61,OI3,2.0
61,OI4,2.33
61,OE1,2.33
61,OE2,2.33
61,OE3,2.0
61,OE4,2.0
61,OO1,2.33
61,OO2,2.0
61,OO3,2.0
61,OO4,2.0
62,AA1,2.0
62,AA2,2.0
62,AA3,2.0
62,AA4,2.0
62,AI1,2.67
62,AI2,2.0
62,AI3,3.67
62,AI4,2.0
62,AE1,2.0
62,AE2,5.33
62,AE3,2.0
62,AE4,2.0
62,AO1,2.0
62,AO2,2.0
62,AO3,2.0
62,AO4,2.0
62,IA1,2.0
62,IA2,7.0
62,IA3,4.0
62,IA4,2.0
62,II1,2.67
62,II2,3.0
62,II3,2.33
62,II4,2.33
62,IE1,2.67
62,IE2,2.0
62,IE3,4.0
62,IE4,2.67
62,IO1,3.0
62,IO2,2.33
62,IO3,2.33
62,IO4,2.33
62,EA1,2.67
62,EA2,2.0
62,EA3,2.0
62,EA4,3.67
62,EI1,2.67
62,EI2,6.0
62,EI3,2.0
62,EI4,2.67
62,EE1,2.67
62,EE2,4.0
62,EE3,2.33
62,EE4,2.33
62,EO1,2.33
62,EO2,2.0
62,EO3,2.67
62,EO4,2.33
62,OA1,2.67
62,OA2,2.33
62,OA3,2.0
62,OA4,2.0
62,OI1,2.33
62,OI2,2.0
62,OI3,2.67
62,OI4,2.67
62,OE1,2.33
62,OE2,2.33
62,OE3,2.67
62,OE4,2.67
62,OO1,2.0
62,OO2,2.33
62,OO3,2.0
62,OO4,2.33
63,AA1,2.0
63,AA2,2.67
63,AA3,2.67
63,AA4,2.67
63,AI1,2.67
63,AI2,2.0
63,AI3,5.33
63,AI4,2.0
63,AE1,2.0
63,AE2,6.33
63,AE3,2.0
63,AE4,5.0
63,AO1,2.67
63,AO2,2.67
63,AO3,2.0
63,AO4,2.0
63,IA1,2.0
63,IA2,3.67
63,IA3,4.0
63,IA4,2.0
63,II1,2.67
63,II2,4.67
63,II3,2.67
63,II4,2.33
63,IE1,2.67
63,IE2,3.67
63,IE3,3.67
63,IE4,2.67
63,IO1,2.33
63,IO2,3.0
63,IO3,3.0
63,IO4,2.67
63,EA1,2.67
63,EA2,2.0
63,EA3,2.0
63,EA4,3.33
63,EI1,2.67
63,EI2,3.67
63,EI3,2.0
63,EI4,2.0
63,EE1,3.0
63,EE2,6.0
63,EE3,2.33
63,EE4,3.0
63,EO1,2.33
63,EO2,3.0
63,EO3,2.67
63,EO4,3.0
63,OA1,2.33
63,OA2,2.67
63,OA3,2.0
63,OA4,2.0
63,OI1,2.67
63,OI2,2.67
63,OI3,3.0
63,OI4,2.67
63,OE1,3.0
63,OE2,2.67
63,OE3,2.33
63,OE4,3.0
63,OO1,2.67
63,OO2,3.0
63,OO3,2.67
63,OO4,2.67
64,AA1,2.0
64,AA2,2.0
64,AA3,2.33
64,AA4,2.33
64,AI1,2.0
64,AI2,2.0
64,AI3,2.0
64,AI4,2.0
64,AE1,2.0
64,AE2,3.67
64,AE3,2.0
64,AE4,3.67
64,AO1,2.0
64,AO2,2.0
64,AO3,2.0
64,AO4,2.0
64,IA1,2.0
64,IA2,2.0
64,IA3,3.0
64,IA4,2.0
64,II1,2.33
64,II2,3.0
64,II3,2.33
64,II4,2.0
64,IE1,2.33
64,IE2,2.0
64,IE3,4.0
64,IE4,2.33
64,IO1,2.0
64,IO2,2.0
64,IO3,2.33
64,IO4,2.33
64,EA1,2.0
64,EA2,2.0
64,EA3,2.0
64,EA4,3.67
64,EI1,2.33
64,EI2,3.67
64,EI3,6.0
64,EI4,2.0
64,EE1,2.33
64,EE2,4.0
64,EE3,2.0
64,EE4,2.33
64,EO1,2.33
64,EO2,2.0
64,EO3,2.0
64,EO4,2.0
64,OA1,2.0
64,OA2,2.33
64,OA3,2.0
64,OA4,2.0
64,OI1,2.0
64,OI2,2.33
64,OI3,2.0
64,OI4,2.33
64,OE1,2.0
64,OE2,2.33
64,OE3,2.0
64,OE4,2.33
64,OO1,2.33
64,OO2,2.0
64,OO3,2.0
64,OO4,2.0
65,AA1,2.0
65,AA2,2.33
65,AA3,2.67
65,AA4,2.67
65,AI1,3.0
65,AI2,2.0
65,AI3,3.67
65,AI4,2.0
65,AE1,2.0
65,AE2,3.33
65,AE3,2.0
65,AE4,5.0
65,AO1,2.67
65,AO2,2.67
65,AO3,2.0
65,AO4,2.0
65,IA1,2.0
65,IA2,4.67
65,IA3,4.0
65,IA4,2.0
65,II1,3.0
65,II2,2.0
65,II3,3.0
65,II4,2.0
65,IE1,2.67
65,IE2,7.0
65,IE3,4.0
65,IE4,3.0
65,IO1,2.67
65,IO2,3.0
65,IO3,2.67
65,IO4,2.33
65,EA1,2.67
65,EA2,2.0
65,EA3,2.0
65,EA4,3.33
65,EI1,2.67
65,EI2,3.67
65,EI3,4.0
65,EI4,2.33
65,EE1,2.33
65,EE2,6.0
65,EE3,3.0
65,EE4,2.67
65,EO1,2.0
65,EO2,2.0
65,EO3,3.0
65,EO4,2.67
65,OA1,3.0
65,OA2,2.67
65,OA3,2.0
65,OA4,2.0
65,OI1,2.67
65,OI2,2.0
65,OI3,2.33
65,OI4,2.0
65,OE1,2.67
65,OE2,3.0
65,OE3,3.0
65,OE4,2.67
65,OO1,2.67
65,OO2,2.33
65,OO3,3.0
65,OO4,2.67
66,AA1,2.0
66,AA2,2.33
66,AA3,3.0
66,AA4,2.33
66,AI1,2.67
66,AI2,2.0
66,AI3,5.33
66,AI4,2.0
66,AE1,2.0
66,AE2,6.67
66,AE3,2.0
66,AE4,3.33
66,AO1,2.67
66,AO2,3.0
66,AO3,2.0
66,AO4,2.0
66,IA1,2.0
66,IA2,4.67
66,IA3,3.0
66,IA4,2.0
66,II1,2.33
66,II2,5.0
66,II3,2.67
66,II4,2.67
66,IE1,2.33
66,IE2,7.0
66,IE3,5.67
66,IE4,3.0
66,IO1,2.33
66,IO2,2.67
66,IO3,2.33
66,IO4,3.0
66,EA1,2.33
66,EA2,2.0
66,EA3,2.0
66,EA4,4.67
66,EI1,2.33
66,EI2,6.0
66,EI3,6.0
66,EI4,3.0
66,EE1,2.33
66,EE2,6.0
66,EE3,2.33
66,EE4,3.0
66,EO1,2.0
66,EO2,2.67
66,EO3,2.33
66,EO4,2.67
66,OA1,2.67
66,OA2,2.33
66,OA3,2.0
66,OA4,2.0
66,OI1,2.67
66,OI2,2.33
66,OI3,2.67
66,OI4,2.67
66,OE1,2.33
66,OE2,2.67
66,OE3,2.0
66,OE4,3.0
66,OO1,2.67
66,OO2,2.0
66,OO3,2.33
66,OO4,2.33
67,AA1,2.0
67,AA2,2.67
67,AA3,2.0
67,AA4,2.33
67,AI1,2.67
67,AI2,2.0
67,AI3,3.67
67,AI4,2.0
67,AE1,2.0
67,AE2,5.33
67,AE3,2.0
67,AE4,2.0
67,AO1,3.0
67,AO2,2.33
67,AO3,2.0
67,AO4,2.0
67,IA1,2.0
67,IA2,2.0
67,IA3,3.0
67,IA4,2.0
67,II1,2.0
67,II2,3.0
67,II3,2.0
67,II4,2.0
67,IE1,2.33
67,IE2,2.0
67,IE3,4.0
67,IE4,2.67
67,IO1,2.67
67,IO2,2.0
67,IO3,2.33
67,IO4,2.33
67,EA1,2.0
67,EA2,2.0
67,EA3,2.0
67,EA4,3.33
67,EI1,2.67
67,EI2,6.0
67,EI3,4.0
67,EI4,2.0
67,EE1,2.0
67,EE2,4.0
67,EE3,2.33
67,EE4,2.67
67,EO1,2.67
67,EO2,2.33
67,EO3,2.67
67,EO4,2.33
67,OA1,2.0
67,OA2,2.33
67,OA3,2.0
67,OA4,2.0
67,OI1,2.0
67,OI2,2.0
67,OI3,2.67
67,OI4,2.33
67,OE1,2.0
67,OE2,2.0
67,OE3,2.67
67,OE4,2.33
67,OO1,2.0
67,OO2,2.33
67,OO3,2.33
67,OO4,3.0
68,AA1,2.0
68,AA2,3.0
68,AA3,3.0
68,AA4,3.0
68,AI1,3.0
68,AI2,2.0
68,AI3,6.33
68,AI4,2.0
68,AE1,2.0
68,AE2,6.33
68,AE3,2.0
68,AE4,6.33
68,AO1,3.0
68,AO2,3.0
68,AO3,2.0
68,AO4,2.0
68,IA1,2.0
68,IA2,6.33
68,IA3,5.0
68,IA4,2.0
68,II1,3.0
68,II2,3.0
68,II3,3.0
68,II4,2.67
68,IE1,3.0
68,IE2,6.33
68,IE3,8.0
68,IE4,3.0
68,IO1,3.0
68,IO2,3.0
68,IO3,3.0
68,IO4,3.0
68,EA1,3.0
68,EA2,2.0
68,EA3,2.0
68,EA4,6.0
68,EI1,3.0
68,EI2,7.67
68,EI3,8.0
68,EI4,3.0
68,EE1,3.0
68,EE2,8.0
68,EE3,3.0
68,EE4,3.0
68,EO1,3.0
68,EO2,3.0
68,EO3,3.0
68,EO4,3.0
68,OA1,3.0
68,OA2,3.0
68,OA3,2.0
68,OA4,2.0
68,OI1,3.0
68,OI2,3.0
68,OI3,3.0
68,OI4,2.67
68,OE1,3.0
68,OE2,3.0
68,OE3,3.0
68,OE4,3.0
68,OO1,3.0
68,OO2,3.0
68,OO3,3.0
68,OO4,3.0
69,AA1,2.0
69,AA2,2.33
69,AA3,2.33
69,AA4,2.33
69,AI1,2.67
69,AI2,2.0
69,AI3,4.33
69,AI4,2.0
69,AE1,2.0
69,AE2,5.0
69,AE3,2.0
69,AE4,4.67
69,AO1,3.0
69,AO2,2.67
69,AO3,2.0
69,AO4,2.0
69,IA1,2.0
69,IA2,3.0
69,IA3,3.0
69,IA4,2.0
69,II1,2.33
69,II2,5.67
69,II3,2.33
69,II4,3.0
69,IE1,2.67
69,IE2,3.67
69,IE3,5.67
69,IE4,2.33
69,IO1,2.67
69,IO2,2.33
69,IO3,3.0
69,IO4,2.33
69,EA1,2.67
69,EA2,2.0
69,EA3,2.0
69,EA4,6.33
69,EI1,2.67
69,EI2,4.0
69,EI3,8.0
69,EI4,3.0
69,EE1,2.67
69,EE2,4.0
69,EE3,3.0
69,EE4,3.0
69,EO1,3.0
69,EO2,2.67
69,EO3,2.67
69,EO4,2.67
69,OA1,3.0
69,OA2,3.0
69,OA3,2.0
69,OA4,2.0
69,OI1,2.67
69,OI2,3.0
69,OI3,2.67
69,OI4,2.67
69,OE1,2.67
69,OE2,3.0
69,OE3,2.0
69,OE4,2.33
69,OO1,2.67
69,OO2,2.33
69,OO3,2.67
69,OO4,2.33
70,AA1,2.0
70,AA2,2.33
70,AA3,2.67
70,AA4,3.0
70,AI1,2.33
70,AI2,2.0
70,AI3,3.0
70,AI4,2.0
70,AE1,2.0
70,AE2,4.67
70,AE3,2.0
70,AE4,6.0
70,AO1,3.0
70,AO2,3.0
70,AO3,2.0
70,AO4,2.0
70,IA1,2.0
70,IA2,3.0
70,IA3,3.0
70,IA4,2.0
70,II1,2.0
70,II2,3.0
70,II3,2.33
70,II4,2.67
70,IE1,2.33
70,IE2,5.0
70,IE3,8.0
70,IE4,2.33
70,IO1,2.67
70,IO2,2.33
70,IO3,2.67
70,IO4,2.33
70,EA1,2.67
70,EA2,2.0
70,EA3,2.0
70,EA4,6.33
70,EI1,2.67
70,EI2,2.0
70,EI3,6.0
70,EI4,2.33
70,EE1,2.67
70,EE2,2.0
70,EE3,2.67
70,EE4,3.0
70,EO1,2.0
70,EO2,2.0
70,EO3,2.0
70,EO4,3.0
70,OA1,2.67
70,OA2,2.0
70,OA3,2.0
70,OA4,2.0
70,OI1,3.0
70,OI2,2.0
70,OI3,2.0
70,OI4,2.0
70,OE1,2.0
70,OE2,2.33
70,OE3,2.67
70,OE4,2.67
70,OO1,2.0
70,OO2,2.67
70,OO3,2.33
70,OO4,2.33
71,AA1,2.0
71,AA2,2.33
71,AA3,2.0
71,AA4,2.67
71,AI1,2.67
71,AI2,2.0
71,AI3,3.0
71,AI4,2.0
71,AE1,2.0
71,AE2,7.33
71,AE3,2.0
71,AE4,3.33
71,AO1,2.0
71,AO2,2.33
71,AO3,2.0
71,AO4,2.0
71,IA1,2.0
71,IA2,3.0
71,IA3,3.33
71,IA4,2.0
71,II1,2.0
71,II2,2.0
71,II3,2.0
71,II4,2.33
71,IE1,2.33
71,IE2,4.67
71,IE3,2.0
71,IE4,2.67
71,IO1,2.67
71,IO2,2.33
71,IO3,2.33
71,IO4,3.0
71,EA1,2.67
71,EA2,2.0
71,EA3,2.0
71,EA4,6.33
71,EI1,2.0
71,EI2,4.0
71,EI3,2.0
71,EI4,2.33
71,EE1,2.33
71,EE2,4.0
71,EE3,2.67
71,EE4,2.0
71,EO1,3.0
71,EO2,2.0
71,EO3,2.67
71,EO4,2.67
71,OA1,2.33
71,OA2,2.67
71,OA3,2.0
71,OA4,2.0
71,OI1,2.0
71,OI2,2.33
71,OI3,2.0
71,OI4,2.0
71,OE1,2.33
71,OE2,2.67
71,OE3,2.67
71,OE4,2.0
71,OO1,2.33
71,OO2,2.33
71,OO3,2.33
71,OO4,2.67
72,AA1,2.0
72,AA2,2.33
72,AA3,2.33
72,AA4,2.67
72,AI1,2.33
72,AI2,2.0
72,AI3,3.67
72,AI4,2.0
72,AE1,2.0
72,AE2,2.0
72,AE3,2.0
72,AE4,6.0
72,AO1,2.0
72,AO2,2.33
72,AO3,2.0
72,AO4,2.0
72,IA1,2.0
72,IA2,3.0
72,IA3,3.0
72,IA4,2.0
72,II1,2.67
72,II2,4.33
72,II3,2.33
72,II4,2.0
72,IE1,2.33
72,IE2,2.0
72,IE3,2.0
72,IE4,2.33
72,IO1,2.0
72,IO2,2.33
72,IO3,2.33
72,IO4,2.33
72,EA1,2.0
72,EA2,2.0
72,EA3,2.0
72,EA4,3.33
72,EI1,2.67
72,EI2,2.0
72,EI3,6.0
72,EI4,2.0
72,EE1,2.67
72,EE2,2.0
72,EE3,2.33
72,EE4,2.33
72,EO1,2.0
72,EO2,2.33
72,EO3,2.33
72,EO4,2.33
72,OA1,2.67
72,OA2,3.0
72,OA3,2.0
72,OA4,2.0
72,OI1,2.67
72,OI2,2.33
72,OI3,2.67
72,OI4,2.33
72,OE1,2.67
72,OE2,2.33
72,OE3,2.33
72,OE4,2.33
72,OO1,2.33
72,OO2,2.33
72,OO3,2.33
72,OO4,2.67
73,AA1,2.0
73,AA2,2.33
73,AA3,2.0
73,AA4,2.33
73,AI1,3.0
73,AI2,2.0
73,AI3,3.67
73,AI4,2.0
73,AE1,2.0
73,AE2,3.33
73,AE3,2.0
73,AE4,4.67
73,AO1,2.67
73,AO2,3.0
73,AO3,2.0
73,AO4,2.0
73,IA1,2.0
73,IA2,5.33
73,IA3,4.67
73,IA4,2.0
73,II1,2.67
73,II2,2.0
73,II3,2.67
73,II4,2.33
73,IE1,2.67
73,IE2,5.33
73,IE3,6.0
73,IE4,2.67
73,IO1,2.67
73,IO2,2.33
73,IO3,2.33
73,IO4,3.0
73,EA1,2.33
73,EA2,2.0
73,EA3,2.0
73,EA4,6.33
73,EI1,2.33
73,EI2,5.67
73,EI3,6.0
73,EI4,3.0
73,EE1,3.0
73,EE2,4.0
73,EE3,2.33
73,EE4,3.0
73,EO1,2.33
73,EO2,2.67
73,EO3,2.67
73,EO4,2.67
73,OA1,2.33
73,OA2,2.67
73,OA3,2.0
73,OA4,2.0
73,OI1,2.67
73,OI2,2.67
73,OI3,2.33
73,OI4,2.67
73,OE1,2.33
73,OE2,3.0
73,OE3,2.67
73,OE4,2.67
73,OO1,3.0
73,OO2,2.67
73,OO3,2.67
73,OO4,3.0
74,AA1,2.0
74,AA2,3.0
74,AA3,2.67
74,AA4,2.0
74,AI1,2.67
74,AI2,2.0
74,AI3,4.67
74,AI4,2.0
74,AE1,2.0
74,AE2,5.33
74,AE3,2.0
74,AE4,5.0
74,AO1,2.67
74,AO2,3.0
74,AO3,2.0
74,AO4,2.0
74,IA1,2.0
74,IA2,5.67
74,IA3,4.0
74,IA4,2.0
74,II1,2.33
74,II2,4.33
74,II3,2.67
74,II4,2.33
74,IE1,2.67
74,IE2,5.33
74,IE3,4.0
74,IE4,3.0
74,IO1,2.67
74,IO2,3.0
74,IO3,2.67
74,IO4,2.33
74,EA1,2.67
74,EA2,2.0
74,EA3,2.0
74,EA4,6.67
74,EI1,2.67
74,EI2,6.0
74,EI3,4.0
74,EI4,2.67
74,EE1,3.0
74,EE2,4.0
74,EE3,2.33
74,EE4,2.67
74,EO1,2.67
74,EO2,3.0
74,EO3,2.67
74,EO4,2.33
74,OA1,3.0
74,OA2,2.67
74,OA3,2.0
74,OA4,2.0
74,OI1,3.0
74,OI2,2.67
74,OI3,2.33
74,OI4,2.33
74,OE1,2.67
74,OE2,3.0
74,OE3,3.0
74,OE4,2.67
74,OO1,2.67
74,OO2,3.0
74,OO3,2.0
74,OO4,3.0
75,AA1,2.0
75,AA2,2.67
75,AA3,2.0
75,AA4,2.33
75,AI1,2.33
75,AI2,2.0
75,AI3,4.0
75,AI4,2.0
75,AE1,2.0
75,AE2,6.67
75,AE3,2.0
75,AE4,4.67
75,AO1,2.33
75,AO2,2.67
75,AO3,2.0
75,AO4,2.0
75,IA1,2.0
75,IA2,2.0
75,IA3,2.0
75,IA4,2.0
75,II1,2.0
75,II2,3.0
75,II3,2.33
75,II4,2.0
75,IE1,2.33
75,IE2,2.0
75,IE3,3.67
75,IE4,2.0
75,IO1,2.33
75,IO2,2.33
75,IO3,2.0
75,IO4,2.0
75,EA1,2.67
75,EA2,2.0
75,EA3,2.0
75,EA4,5.0
75,EI1,2.33
75,EI2,4.0
75,EI3,4.0
75,EI4,2.33
75,EE1,2.33
75,EE2,4.0
75,EE3,2.33
75,EE4,2.33
75,EO1,2.0
75,EO2,2.0
75,EO3,2.0
75,EO4,2.33
75,OA1,2.67
75,OA2,2.33
75,OA3,2.0
75,OA4,2.0
75,OI1,2.33
75,OI2,2.33
75,OI3,2.67
75,OI4,2.33
75,OE1,2.33
75,OE2,2.33
75,OE3,2.0
75,OE4,2.33
75,OO1,2.0
75,OO2,2.67
75,OO3,2.0
75,OO4,2.67
76,AA1,2.0
76,AA2,2.0
76,AA3,2.67
76,AA4,2.33
76,AI1,2.33
76,AI2,2.0
76,AI3,2.0
76,AI4,2.0
76,AE1,2.0
76,AE2,3.33
76,AE3,2.0
76,AE4,5.33
76,AO1,2.0
76,AO2,3.0
76,AO3,2.0
76,AO4,2.0
76,IA1,2.0
76,IA2,2.0
76,IA3,4.67
76,IA4,2.0
76,II1,2.33
76,II2,3.33
76,II3,2.33
76,II4,2.33
76,IE1,2.67
76,IE2,4.0
76,IE3,6.67
76,IE4,2.0
76,IO1,2.0
76,IO2,2.33
76,IO3,2.0
76,IO4,2.67
76,EA1,2.33
76,EA2,2.0
76,EA3,2.0
76,EA4,2.0
76,EI1,2.67
76,EI2,4.0
76,EI3,4.0
76,EI4,2.67
76,EE1,2.0
76,EE2,8.0
76,EE3,2.0
76,EE4,2.67
76,EO1,2.33
76,EO2,2.0
76,EO3,2.33
76,EO4,2.33
76,OA1,2.67
76,OA2,3.0
76,OA3,2.0
76,OA4,2.0
76,OI1,2.33
76,OI2,2.33
76,OI3,2.33
76,OI4,2.33
76,OE1,2.33
76,OE2,2.67
76,OE3,2.0
76,OE4,3.0
76,OO1,2.33
76,OO2,2.67
76,OO3,2.33
76,OO4,2.67
77,AA1,2.0
77,AA2,2.0
77,AA3,2.67
77,AA4,2.33
77,AI1,2.67
77,AI2,2.0
77,AI3,4.0
77,AI4,2.0
77,AE1,2.0
77,AE2,6.33
77,AE3,2.0
77,AE4,5.0
77,AO1,3.0
77,AO2,2.33
77,AO3,2.0
77,AO4,2.0
77,IA1,2.0
77,IA2,4.67
77,IA3,2.0
77,IA4,2.0
77,II1,3.0
77,II2,2.0
77,II3,2.33
77,II4,3.0
77,IE1,2.33
77,IE2,5.33
77,IE3,3.33
77,IE4,2.67
77,IO1,2.67
77,IO2,2.33
77,IO3,2.67
77,IO4,2.67
77,EA1,2.67
77,EA2,2.0
77,EA3,2.0
77,EA4,6.33
77,EI1,2.67
77,EI2,5.33
77,EI3,6.0
77,EI4,2.33
77,EE1,2.33
77,EE2,2.0
77,EE3,2.33
77,EE4,3.0
77,EO1,2.33
77,EO2,2.33
77,EO3,2.33
77,EO4,2.0
77,OA1,2.67
77,OA2,2.33
77,OA3,2.0
77,OA4,2.0
77,OI1,2.33
77,OI2,2.33
77,OI3,2.33
77,OI4,2.33
77,OE1,2.67
77,OE2,2.0
77,OE3,2.33
77,OE4,2.67
77,OO1,2.0
77,OO2,2.67
77,OO3,2.67
77,OO4,2.67
78,AA1,2.0
78,AA2,2.33
78,AA3,2.33
78,AA4,2.33
78,AI1,2.0
78,AI2,2.0
78,AI3,3.67
78,AI4,2.0
78,AE1,2.0
78,AE2,7.0
78,AE3,2.0
78,AE4,3.67
78,AO1,2.67
78,AO2,2.33
78,AO3,2.0
78,AO4,2.0
78,IA1,2.0
78,IA2,3.0
78,IA3,3.0
78,IA4,2.0
78,II1,2.33
78,II2,4.33
78,II3,2.33
78,II4,2.67
78,IE1,2.0
78,IE2,3.33
78,IE3,4.0
78,IE4,2.0
78,IO1,2.33
78,IO2,2.33
78,IO3,2.67
78,IO4,2.33
78,EA1,2.67
78,EA2,2.0
78,EA3,2.0
78,EA4,5.0
78,EI1,2.33
78,EI2,5.67
78,EI3,4.0
78,EI4,2.67
78,EE1,2.0
78,EE2,4.0
78,EE3,2.0
78,EE4,2.33
78,EO1,2.67
78,EO2,2.67
78,EO3,2.33
78,EO4,3.0
78,OA1,2.0
78,OA2,2.0
78,OA3,2.0
78,OA4,2.0
78,OI1,2.33
78,OI2,2.0
78,OI3,2.33
78,OI4,2.67
78,OE1,2.67
78,OE2,2.0
78,OE3,3.0
78,OE4,2.0
78,OO1,2.33
78,OO2,2.33
78,OO3,2.67
78,OO4,3.0
79,AA1,2.0
79,AA2,2.33
79,AA3,2.67
79,AA4,2.0
79,AI1,2.33
79,AI2,2.0
79,AI3,3.67
79,AI4,2.0
79,AE1,2.0
79,AE2,3.33
79,AE3,2.0
79,AE4,2.0
79,AO1,2.67
79,AO2,2.33
79,AO3,2.0
79,AO4,2.0
79,IA1,2.0
79,IA2,2.0
79,IA3,4.0
79,IA4,2.0
79,II1,2.67
79,II2,3.33
79,II3,2.0
79,II4,2.33
79,IE1,2.67
79,IE2,5.33
79,IE3,4.0
79,IE4,2.67
79,IO1,3.0
79,IO2,2.33
79,IO3,2.33
79,IO4,2.67
79,EA1,2.33
79,EA2,2.0
79,EA3,2.0
79,EA4,3.33
79,EI1,2.33
79,EI2,7.67
79,EI3,2.0
79,EI4,2.33
79,EE1,2.0
79,EE2,6.0
79,EE3,2.33
79,EE4,2.33
79,EO1,2.0
79,EO2,2.33
79,EO3,2.33
79,EO4,2.33
79,OA1,2.33
79,OA2,2.33
79,OA3,2.0
79,OA4,2.0
79,OI1,2.67
79,OI2,2.67
79,OI3,2.33
79,OI4,3.0
79,OE1,2.67
79,OE2,2.67
79,OE3,2.33
79,OE4,2.67
79,OO1,2.0
79,OO2,2.0
79,OO3,2.67
79,OO4,2.0
80,AA1,2.0
80,AA2,2.0
80,AA3,2.33
80,AA4,2.33
80,AI1,2.0
80,AI2,2.0
80,AI3,3.67
80,AI4,2.0
80,AE1,2.0
80,AE2,3.33
80,AE3,2.0
80,AE4,2.0
80,AO1,2.0
80,AO2,2.0
80,AO3,2.0
80,AO4,2.0
80,IA1,2.0
80,IA2,5.33
80,IA3,2.0
80,IA4,2.0
80,II1,2.67
80,II2,2.0
80,II3,2.0
80,II4,2.0
80,IE1,2.33
80,IE2,3.67
80,IE3,4.0
80,IE4,2.33
80,IO1,2.33
80,IO2,2.33
80,IO3,2.67
80,IO4,2.33
80,EA1,2.0
80,EA2,2.0
80,EA3,2.0
80,EA4,2.0
80,EI1,2.67
80,EI2,4.0
80,EI3,2.0
80,EI4,2.33
80,EE1,2.33
80,EE2,4.0
80,EE3,2.33
80,EE4,2.67
80,EO1,2.0
80,EO2,2.0
80,EO3,2.33
80,EO4,2.67
80,OA1,2.0
80,OA2,2.33
80,OA3,2.0
80,OA4,2.0
80,OI1,2.33
80,OI2,2.0
80,OI3,2.33
80,OI4,2.33
80,OE1,2.0
80,OE2,2.33
80,OE3,2.33
80,OE4,2.33
80,OO1,2.0
80,OO2,2.67
80,OO3,2.0
80,OO4,2.0
81,AA1,2.0
81,AA2,2.33
81,AA3,2.0
81,AA4,2.0
81,AI1,2.33
81,AI2,2.0
81,AI3,2.0
81,AI4,2.0
81,AE1,2.0
81,AE2,3.67
81,AE3,2.0
81,AE4,2.0
81,AO1,2.0
81,AO2,2.33
81,AO3,2.0
81,AO4,2.0
81,IA1,2.0
81,IA2,2.0
81,IA3,2.0
81,IA4,2.0
81,II1,2.0
81,II2,2.0
81,II3,2.33
81,II4,2.33
81,IE1,2.67
81,IE2,3.67
81,IE3,2.0
81,IE4,2.0
81,IO1,2.33
81,IO2,2.33
81,IO3,2.33
81,IO4,2.0
81,EA1,2.0
81,EA2,2.0
81,EA3,2.0
81,EA4,2.0
81,EI1,2.0
81,EI2,6.0
81,EI3,2.0
81,EI4,2.33
81,EE1,2.0
81,EE2,4.0
81,EE3,2.33
81,EE4,2.33
81,EO1,2.33
81,EO2,2.0
81,EO3,2.0
81,EO4,2.0
81,OA1,2.0
81,OA2,2.0
81,OA3,2.0
81,OA4,2.0
81,OI1,2.0
81,OI2,2.0
81,OI3,2.33
81,OI4,2.0
81,OE1,2.0
81,OE2,2.0
81,OE3,2.33
81,OE4,2.33
81,OO1,2.33
81,OO2,2.0
81,OO3,2.67
81,OO4,2.33
82,AA1,2.0
82,AA2,2.33
82,AA3,2.33
82,AA4,2.33
82,AI1,2.0
82,AI2,2.0
82,AI3,3.67
82,AI4,2.0
82,AE1,2.0
82,AE2,7.0
82,AE3,2.0
82,AE4,3.67
82,AO1,2.67
82,AO2,2.33
82,AO3,2.0
82,AO4,2.0
82,IA1,2.0
82,IA2,3.0
82,IA3,3.0
82,IA4,2.0
82,II1,2.33
82,II2,4.33
82,II3,2.33
82,II4,2.67
82,IE1,2.0
82,IE2,3.33
82,IE3,4.0
82,IE4,2.0
82,IO1,2.33
82,IO2,2.33
82,IO3,2.67
82,IO4,2.33
82,EA1,2.67
82,EA2,2.0
82,EA3,2.0
82,EA4,5.0
82,EI1,2.33
82,EI2,5.67
82,EI3,4.0
82,EI4,2.67
82,EE1,2.0
82,EE2,4.0
82,EE3,2.0
82,EE4,2.33
82,EO1,2.67
82,EO2,2.67
82,EO3,2.33
82,EO4,3.0
82,OA1,2.0
82,OA2,2.0
82,OA3,2.0
82,OA4,2.0
82,OI1,2.33
82,OI2,2.0
82,OI3,2.33
82,OI4,2.67
82,OE1,2.67
82,OE2,2.0
82,OE3,3.0
82,OE4,2.0
82,OO1,2.33
82,OO2,2.33
82,OO3,2.67
82,OO4,3.0
83,AA1,2.0
83,AA2,2.33
83,AA3,2.0
83,AA4,2.33
83,AI1,2.67
83,AI2,2.0
83,AI3,3.33
83,AI4,2.0
83,AE1,2.0
83,AE2,5.33
83,AE3,2.0
83,AE4,5.67
83,AO1,2.67
83,AO2,2.67
83,AO3,2.0
83,AO4,2.0
83,IA1,2.0
83,IA2,4.67
83,IA3,5.33
83,IA4,2.0
83,II1,2.67
83,II2,2.0
83,II3,2.33
83,II4,2.67
83,IE1,2.67
83,IE2,4.0
83,IE3,4.0
83,IE4,2.67
83,IO1,2.33
83,IO2,2.33
83,IO3,2.67
83,IO4,2.67
83,EA1,3.0
83,EA2,2.0
83,EA3,2.0
83,EA4,6.33
83,EI1,2.67
83,EI2,5.67
83,EI3,4.0
83,EI4,2.0
83,EE1,2.0
83,EE2,6.0
83,EE3,2.33
83,EE4,3.0
83,EO1,2.33
83,EO2,3.0
83,EO3,2.67
83,EO4,2.67
83,OA1,2.67
83,OA2,2.67
83,OA3,2.0
83,OA4,2.0
83,OI1,2.67
83,OI2,2.33
83,OI3,2.33
83,OI4,2.33
83,OE1,2.33
83,OE2,2.67
83,OE3,2.67
83,OE4,2.33
83,OO1,2.67
83,OO2,2.67
83,OO3,2.33
83,OO4,2.67
84,AA1,2.0
84,AA2,2.67
84,AA3,2.67
84,AA4,2.67
84,AI1,3.0
84,AI2,2.0
84,AI3,4.33
84,AI4,2.0
84,AE1,2.0
84,AE2,2.0
84,AE3,2.0
84,AE4,3.67
84,AO1,2.33
84,AO2,2.67
84,AO3,2.0
84,AO4,2.0
84,IA1,2.0
84,IA2,5.0
84,IA3,3.0
84,IA4,2.0
84,II1,2.0
84,II2,3.0
84,II3,3.0
84,II4,2.33
84,IE1,2.33
84,IE2,2.0
84,IE3,4.0
84,IE4,2.67
84,IO1,2.33
84,IO2,3.0
84,IO3,2.67
84,IO4,2.33
84,EA1,2.33
84,EA2,2.0
84,EA3,2.0
84,EA4,3.67
84,EI1,2.67
84,EI2,2.0
84,EI3,6.0
84,EI4,2.33
84,EE1,2.0
84,EE2,6.0
84,EE3,2.0
84,EE4,2.67
84,EO1,2.67
84,EO2,2.33
84,EO3,2.33
84,EO4,2.33
84,OA1,2.33
84,OA2,2.0
84,OA3,2.0
84,OA4,2.0
84,OI1,2.33
84,OI2,2.33
84,OI3,2.67
84,OI4,2.33
84,OE1,2.33
84,OE2,2.0
84,OE3,3.0
84,OE4,2.33
84,OO1,3.0
84,OO2,2.67
84,OO3,2.33
84,OO4,2.33
85,AA1,2.0
85,AA2,2.33
85,AA3,2.0
85,AA4,2.67
85,AI1,2.67
85,AI2,2.0
85,AI3,5.67
85,AI4,2.0
85,AE1,2.0
85,AE2,5.33
85,AE3,2.0
85,AE4,2.0
85,AO1,2.0
85,AO2,2.0
85,AO3,2.0
85,AO4,2.0
85,IA1,2.0
85,IA2,4.67
85,IA3,3.0
85,IA4,2.0
85,II1,2.33
85,II2,3.33
85,II3,2.33
85,II4,3.0
85,IE1,2.0
85,IE2,3.33
85,IE3,4.0
85,IE4,2.33
85,IO1,2.67
85,IO2,3.0
85,IO3,2.33
85,IO4,2.33
85,EA1,3.0
85,EA2,2.0
85,EA3,2.0
85,EA4,5.33
85,EI1,3.0
85,EI2,5.33
85,EI3,4.0
85,EI4,2.67
85,EE1,2.67
85,EE2,6.0
85,EE3,2.67
85,EE4,3.0
85,EO1,2.67
85,EO2,2.67
85,EO3,3.0
85,EO4,2.33
85,OA1,2.33
85,OA2,2.0
85,OA3,2.0
85,OA4,2.0
85,OI1,2.67
85,OI2,3.0
85,OI3,2.67
85,OI4,3.0
85,OE1,2.33
85,OE2,2.33
85,OE3,3.0
85,OE4,2.67
85,OO1,2.33
85,OO2,2.67
85,OO3,3.0
85,OO4,2.67
86,AA1,2.0
86,AA2,2.0
86,AA3,2.33
86,AA4,2.0
86,AI1,2.67
86,AI2,2.0
86,AI3,3.0
86,AI4,2.0
86,AE1,2.0
86,AE2,2.0
86,AE3,2.0
86,AE4,3.33
86,AO1,2.33
86,AO2,2.33
86,AO3,2.0
86,AO4,2.0
86,IA1,2.0
86,IA2,6.33
86,IA3,3.0
86,IA4,2.0
86,II1,2.67
86,II2,2.0
86,II3,2.67
86,II4,2.33
86,IE1,2.33
86,IE2,3.67
86,IE3,5.33
86,IE4,2.33
86,IO1,2.0
86,IO2,2.33
86,IO3,2.67
86,IO4,2.67
86,EA1,2.33
86,EA2,2.0
86,EA3,2.0
86,EA4,3.67
86,EI1,2.0
86,EI2,2.0
86,EI3,4.0
86,EI4,2.33
86,EE1,2.67
86,EE2,4.0
86,EE3,3.0
86,EE4,2.67
86,EO1,2.67
86,EO2,2.0
86,EO3,2.67
86,EO4,2.67
86,OA1,2.33
86,OA2,2.0
86,OA3,2.0
86,OA4,2.0
86,OI1,2.33
86,OI2,2.0
86,OI3,2.0
86,OI4,2.33
86,OE1,2.33
86,OE2,2.67
86,OE3,2.0
86,OE4,2.33
86,OO1,2.0
86,OO2,2.33
86,OO3,2.33
86,OO4,2.0
87,AA1,2.0
87,AA2,2.67
87,AA3,3.0
87,AA4,2.67
87,AI1,3.0
87,AI2,2.0
87,AI3,5.0
87,AI4,2.0
87,AE1,2.0
87,AE2,6.67
87,AE3,2.0
87,AE4,7.0
87,AO1,2.67
87,AO2,2.67
87,AO3,2.0
87,AO4,2.0
87,IA1,2.0
87,IA2,6.33
87,IA3,4.0
87,IA4,2.0
87,II1,2.67
87,II2,3.0
87,II3,2.67
87,II4,3.0
87,IE1,3.0
87,IE2,6.67
87,IE3,8.0
87,IE4,2.33
87,IO1,2.67
87,IO2,2.67
87,IO3,2.33
87,IO4,3.0
87,EA1,2.33
87,EA2,2.0
87,EA3,2.0
87,EA4,3.33
87,EI1,3.0
87,EI2,7.0
87,EI3,4.0
87,EI4,3.0
87,EE1,3.0
87,EE2,6.0
87,EE3,3.0
87,EE4,2.67
87,EO1,3.0
87,EO2,2.67
87,EO3,3.0
87,EO4,2.67
87,OA1,3.0
87,OA2,2.67
87,OA3,2.0
87,OA4,2.0
87,OI1,3.0
87,OI2,2.33
87,OI3,2.67
87,OI4,2.67
87,OE1,2.33
87,OE2,2.33
87,OE3,3.0
87,OE4,2.67
87,OO1,2.67
87,OO2,3.0
87,OO3,3.0
87,OO4,3.0
88,AA1,2.0
88,AA2,2.0
88,AA3,2.0
88,AA4,2.0
88,AI1,2.0
88,AI2,2.0
88,AI3,4.67
88,AI4,2.0
88,AE1,2.0
88,AE2,3.33
88,AE3,2.0
88,AE4,2.0
88,AO1,2.0
88,AO2,2.67
88,AO3,2.0
88,AO4,2.0
88,IA1,2.0
88,IA2,5.33
88,IA3,2.0
88,IA4,2.0
88,II1,2.33
88,II2,3.33
88,II3,2.33
88,II4,2.33
88,IE1,2.0
88,IE2,2.0
88,IE3,4.0
88,IE4,2.67
88,IO1,2.33
88,IO2,2.33
88,IO3,2.33
88,IO4,2.33
88,EA1,2.67
88,EA2,2.0
88,EA3,2.0
88,EA4,3.67
88,EI1,2.33
88,EI2,2.0
88,EI3,4.0
88,EI4,2.67
88,EE1,2.0
88,EE2,4.0
88,EE3,2.33
88,EE4,3.0
88,EO1,2.33
88,EO2,2.33
88,EO3,3.0
88,EO4,2.33
88,OA1,2.33
88,OA2,3.0
88,OA3,2.0
88,OA4,2.0
88,OI1,3.0
88,OI2,2.0
88,OI3,2.33
88,OI4,2.67
88,OE1,2.33
88,OE2,2.0
88,OE3,2.33
88,OE4,2.33
88,OO1,2.33
88,OO2,2.67
88,OO3,2.33
88,OO4,2.33
89,AA1,2.0
89,AA2,2.33
89,AA3,2.33
89,AA4,2.67
89,AI1,2.0
89,AI2,2.0
89,AI3,2.0
89,AI4,2.0
89,AE1,2.0
89,AE2,3.33
89,AE3,2.0
89,AE4,2.0
89,AO1,2.0
89,AO2,2.0
89,AO3,2.0
89,AO4,2.0
89,IA1,2.0
89,IA2,4.67
89,IA3,2.0
89,IA4,2.0
89,II1,2.0
89,II2,2.0
89,II3,2.33
89,II4,2.0
89,IE1,2.0
89,IE2,4.0
89,IE3,2.0
89,IE4,2.0
89,IO1,2.33
89,IO2,2.0
89,IO3,2.0
89,IO4,2.0
89,EA1,2.33
89,EA2,2.0
89,EA3,2.0
89,EA4,3.33
89,EI1,2.33
89,EI2,2.0
89,EI3,2.0
89,EI4,2.0
89,EE1,2.67
89,EE2,4.0
89,EE3,2.0
89,EE4,2.33
89,EO1,2.33
89,EO2,2.0
89,EO3,2.0
89,EO4,2.33
89,OA1,2.0
89,OA2,2.33
89,OA3,2.0
89,OA4,2.0
89,OI1,2.0
89,OI2,2.33
89,OI3,2.33
89,OI4,2.0
89,OE1,2.33
89,OE2,2.0
89,OE3,2.67
89,OE4,2.0
89,OO1,2.33
89,OO2,2.0
89,OO3,2.33
89,OO4,2.0
90,AA1,2.0
90,AA2,2.67
90,AA3,2.0
90,AA4,2.33
90,AI1,2.33
90,AI2,2.0
90,AI3,4.0
90,AI4,2.0
90,AE1,2.0
90,AE2,6.67
90,AE3,2.0
90,AE4,4.67
90,AO1,2.33
90,AO2,2.67
90,AO3,2.0
90,AO4,2.0
90,IA1,2.0
90,IA2,2.0
90,IA3,2.0
90,IA4,2.0
90,II1,2.0
90,II2,3.0
90,II3,2.33
90,II4,2.0
90,IE1,2.33
90,IE2,2.0
90,IE3,3.67
90,IE4,2.0
90,IO1,2.33
90,IO2,2.33
90,IO3,2.0
90,IO4,2.0
90,EA1,2.67
90,EA2,2.0
90,EA3,2.0
90,EA4,5.0
90,EI1,2.33
90,EI2,4.0
90,EI3,4.0
90,EI4,2.33
90,EE1,2.33
90,EE2,4.0
90,EE3,2.33
90,EE4,2.33
90,EO1,2.0
90,EO2,2.0
90,EO3,2.0
90,EO4,2.33
90,OA1,2.67
90,OA2,2.33
90,OA3,2.0
90,OA4,2.0
90,OI1,2.33
90,OI2,2.33
90,OI3,2.67
90,OI4,2.33
90,OE1,2.33
90,OE2,2.33
90,OE3,2.0
90,OE4,2.33
90,OO1,2.0
90,OO2,2.67
90,OO3,2.0
90,OO4,2.67
91,AA1,2.0
91,AA2,2.0
91,AA3,2.33
91,AA4,2.33
91,AI1,2.33
91,AI2,2.0
91,AI3,2.0
91,AI4,2.0
91,AE1,2.0
91,AE2,4.0
91,AE3,2.0
91,AE4,2.0
91,AO1,2.67
91,AO2,2.67
91,AO3,2.0
91,AO4,2.0
91,IA1,2.0
91,IA2,5.33
91,IA3,3.0
91,IA4,2.0
91,II1,2.33
91,II2,4.33
91,II3,2.67
91,II4,2.33
91,IE1,2.67
91,IE2,7.0
91,IE3,8.0
91,IE4,2.33
91,IO1,2.67
91,IO2,2.33
91,IO3,3.0
91,IO4,2.33
91,EA1,2.33
91,EA2,2.0
91,EA3,2.0
91,EA4,4.67
91,EI1,2.33
91,EI2,7.33
91,EI3,4.0
91,EI4,2.67
91,EE1,2.67
91,EE2,6.0
91,EE3,2.67
91,EE4,2.67
91,EO1,2.67
91,EO2,2.67
91,EO3,2.33
91,EO4,2.33
91,OA1,2.33
91,OA2,2.67
91,OA3,2.0
91,OA4,2.0
91,OI1,2.33
91,OI2,2.33
91,OI3,2.67
91,OI4,2.67
91,OE1,3.0
91,OE2,3.0
91,OE3,2.33
91,OE4,2.67
91,OO1,3.0
91,OO2,2.33
91,OO3,2.67
91,OO4,2.0
92,AA1,2.0
92,AA2,2.33
92,AA3,2.67
92,AA4,2.33
92,AI1,2.33
92,AI2,2.0
92,AI3,3.33
92,AI4,2.0
92,AE1,2.0
92,AE2,2.0
92,AE3,2.0
92,AE4,3.67
92,AO1,2.67
92,AO2,2.33
92,AO3,2.0
92,AO4,2.0
92,IA1,2.0
92,IA2,4.0
92,IA3,4.0
92,IA4,2.0
92,II1,3.0
92,II2,4.0
92,II3,2.33
92,II4,2.33
92,IE1,2.67
92,IE2,6.0
92,IE3,5.33
92,IE4,3.0
92,IO1,2.33
92,IO2,2.33
92,IO3,3.0
92,IO4,2.33
92,EA1,2.67
92,EA2,2.0
92,EA3,2.0
92,EA4,3.33
92,EI1,2.33
92,EI2,3.67
92,EI3,4.0
92,EI4,3.0
92,EE1,3.0
92,EE2,4.0
92,EE3,2.33
92,EE4,2.67
92,EO1,2.67
92,EO2,2.67
92,EO3,2.33
92,EO4,2.67
92,OA1,2.33
92,OA2,2.33
92,OA3,2.0
92,OA4,2.0
92,OI1,2.67
92,OI2,2.33
92,OI3,2.67
92,OI4,2.67
92,OE1,2.33
92,OE2,3.0
92,OE3,3.0
92,OE4,2.33
92,OO1,3.0
92,OO2,2.33
92,OO3,2.0
92,OO4,2.0
93,AA1,2.0
93,AA2,2.33
93,AA3,2.33
93,AA4,2.67
93,AI1,2.0
93,AI2,2.0
93,AI3,2.0
93,AI4,2.0
93,AE1,2.0
93,AE2,2.0
93,AE3,2.0
93,AE4,3.67
93,AO1,2.33
93,AO2,2.33
93,AO3,2.0
93,AO4,2.0
93,IA1,2.0
93,IA2,4.0
93,IA3,2.0
93,IA4,2.0
93,II1,2.33
93,II2,4.33
93,II3,2.33
93,II4,2.67
93,IE1,2.33
93,IE2,6.33
93,IE3,2.0
93,IE4,2.33
93,IO1,2.0
93,IO2,2.33
93,IO3,2.0
93,IO4,2.33
93,EA1,2.0
93,EA2,2.0
93,EA3,2.0
93,EA4,3.67
93,EI1,2.0
93,EI2,2.0
93,EI3,4.0
93,EI4,2.0
93,EE1,2.0
93,EE2,8.0
93,EE3,2.33
93,EE4,2.33
93,EO1,2.0
93,EO2,2.33
93,EO3,2.67
93,EO4,2.33
93,OA1,2.33
93,OA2,3.0
93,OA3,2.0
93,OA4,2.0
93,OI1,2.33
93,OI2,2.33
93,OI3,2.0
93,OI4,2.0
93,OE1,2.67
93,OE2,2.0
93,OE3,2.67
93,OE4,2.33
93,OO1,2.33
93,OO2,2.33
93,OO3,2.0
93,OO4,2.67
94,AA1,2.0
94,AA2,2.33
94,AA3,2.33
94,AA4,2.33
94,AI1,2.67
94,AI2,2.0
94,AI3,3.0
94,AI4,2.0
94,AE1,2.0
94,AE2,2.0
94,AE3,2.0
94,AE4,2.0
94,AO1,2.0
94,AO2,2.0
94,AO3,2.0
94,AO4,2.0
94,IA1,2.0
94,IA2,2.0
94,IA3,2.0
94,IA4,2.0
94,II1,2.0
94,II2,2.0
94,II3,2.0
94,II4,2.0
94,IE1,2.33
94,IE2,5.0
94,IE3,2.0
94,IE4,2.0
94,IO1,2.0
94,IO2,2.0
94,IO3,2.33
94,IO4,2.67
94,EA1,2.0
94,EA2,2.0
94,EA3,2.0
94,EA4,2.0
94,EI1,2.67
94,EI2,4.0
94,EI3,2.0
94,EI4,2.33
94,EE1,2.33
94,EE2,2.0
94,EE3,2.33
94,EE4,2.0
94,EO1,2.33
94,EO2,2.33
94,EO3,2.0
94,EO4,2.0
94,OA1,2.33
94,OA2,2.33
94,OA3,2.0
94,OA4,2.0
94,OI1,2.0
94,OI2,2.33
94,OI3,2.0
94,OI4,2.0
94,OE1,2.33
94,OE2,2.0
94,OE3,2.33
94,OE4,2.0
94,OO1,2.33
94,OO2,2.0
94,OO3,2.67
94,OO4,2.0
95,AA1,2.0
95,AA2,2.33
95,AA3,2.33
95,AA4,2.67
95,AI1,2.33
95,AI2,2.0
95,AI3,6.33
95,AI4,2.0
95,AE1,2.0
95,AE2,2.0
95,AE3,2.0
95,AE4,5.33
95,AO1,2.67
95,AO2,2.67
95,AO3,2.0
95,AO4,2.0
95,IA1,2.0
95,IA2,7.0
95,IA3,4.0
95,IA4,2.0
95,II1,2.33
95,II2,4.67
95,II3,3.0
95,II4,2.67
95,IE1,2.33
95,IE2,4.67
95,IE3,6.0
95,IE4,2.67
95,IO1,2.33
95,IO2,2.67
95,IO3,3.0
95,IO4,2.67
95,EA1,3.0
95,EA2,2.0
95,EA3,2.0
95,EA4,2.0
95,EI1,2.67
95,EI2,7.67
95,EI3,4.0
95,EI4,3.0
95,EE1,2.33
95,EE2,8.0
95,EE3,2.67
95,EE4,2.67
95,EO1,2.67
95,EO2,2.67
95,EO3,2.67
95,EO4,2.67
95,OA1,2.33
95,OA2,3.0
95,OA3,2.0
95,OA4,2.0
95,OI1,2.67
95,OI2,2.67
95,OI3,2.67
95,OI4,2.67
95,OE1,2.67
95,OE2,2.67
95,OE3,2.67
95,OE4,2.33
95,OO1,2.67
95,OO2,2.67
95,OO3,3.0
95,OO4,3.0
96,AA1,2.0
96,AA2,2.33
96,AA3,2.67
96,AA4,2.0
96,AI1,2.67
96,AI2,2.0
96,AI3,4.67
96,AI4,2.0
96,AE1,2.0
96,AE2,4.67
96,AE3,2.0
96,AE4,3.33
96,AO1,2.33
96,AO2,2.67
96,AO3,2.0
96,AO4,2.0
96,IA1,2.0
96,IA2,3.0
96,IA3,2.0
96,IA4,2.0
96,II1,2.33
96,II2,2.0
96,II3,2.33
96,II4,2.0
96,IE1,2.67
96,IE2,3.33
96,IE3,2.0
96,IE4,2.0
96,IO1,2.33
96,IO2,3.0
96,IO3,2.67
96,IO4,2.0
96,EA1,2.33
96,EA2,2.0
96,EA3,2.0
96,EA4,3.33
96,EI1,3.0
96,EI2,4.0
96,EI3,2.0
96,EI4,2.33
96,EE1,2.67
96,EE2,4.0
96,EE3,2.33
96,EE4,2.67
96,EO1,3.0
96,EO2,2.33
96,EO3,2.0
96,EO4,3.0
96,OA1,2.0
96,OA2,2.67
96,OA3,2.0
96,OA4,2.0
96,OI1,2.33
96,OI2,2.67
96,OI3,2.67
96,OI4,2.67
96,OE1,2.33
96,OE2,2.67
96,OE3,2.33
96,OE4,2.33
96,OO1,2.67
96,OO2,2.33
96,OO3,2.67
96,OO4,3.0
97,AA1,2.0
97,AA2,2.33
97,AA3,3.0
97,AA4,2.33
97,AI1,2.33
97,AI2,2.0
97,AI3,4.67
97,AI4,2.0
97,AE1,2.0
97,AE2,3.67
97,AE3,2.0
97,AE4,3.67
97,AO1,2.33
97,AO2,2.33
97,AO3,2.0
97,AO4,2.0
97,IA1,2.0
97,IA2,4.67
97,IA3,2.0
97,IA4,2.0
97,II1,2.33
97,II2,3.33
97,II3,2.67
97,II4,2.33
97,IE1,2.67
97,IE2,2.0
97,IE3,6.0
97,IE4,2.0
97,IO1,2.33
97,IO2,2.67
97,IO3,3.0
97,IO4,2.67
97,EA1,2.33
97,EA2,2.0
97,EA3,2.0
97,EA4,3.67
97,EI1,2.67
97,EI2,6.0
97,EI3,8.0
97,EI4,2.67
97,EE1,2.33
97,EE2,4.0
97,EE3,3.0
97,EE4,2.33
97,EO1,2.33
97,EO2,2.33
97,EO3,3.0
97,EO4,2.67
97,OA1,2.0
97,OA2,2.0
97,OA3,2.0
97,OA4,2.0
97,OI1,2.0
97,OI2,2.67
97,OI3,2.33
97,OI4,2.0
97,OE1,2.33
97,OE2,2.67
97,OE3,2.33
97,OE4,2.33
97,OO1,2.33
97,OO2,2.0
97,OO3,3.0
97,OO4,2.0
98,AA1,2.0
98,AA2,2.67
98,AA3,2.33
98,AA4,2.0
98,AI1,2.33
98,AI2,2.0
98,AI3,4.0
98,AI4,2.0
98,AE1,2.0
98,AE2,2.0
98,AE3,2.0
98,AE4,3.33
98,AO1,2.67
98,AO2,2.67
98,AO3,2.0
98,AO4,2.0
98,IA1,2.0
98,IA2,4.67
98,IA3,4.0
98,IA4,2.0
98,II1,2.67
98,II2,2.0
98,II3,2.67
98,II4,2.33
98,IE1,2.0
98,IE2,2.0
98,IE3,6.0
98,IE4,2.33
98,IO1,2.67
98,IO2,2.33
98,IO3,2.0
98,IO4,2.67
98,EA1,2.0
98,EA2,2.0
98,EA3,2.0
98,EA4,7.0
98,EI1,2.67
98,EI2,4.0
98,EI3,4.0
98,EI4,2.33
98,EE1,2.67
98,EE2,6.0
98,EE3,2.33
98,EE4,2.33
98,EO1,2.33
98,EO2,2.67
98,EO3,2.67
98,EO4,2.67
98,OA1,2.33
98,OA2,2.0
98,OA3,2.0
98,OA4,2.0
98,OI1,2.33
98,OI2,2.33
98,OI3,2.0
98,OI4,2.33
98,OE1,2.0
98,OE2,3.0
98,OE3,3.0
98,OE4,2.67
98,OO1,2.0
98,OO2,3.0
98,OO3,2.33
98,OO4,2.0
99,AA1,2.0
99,AA2,2.0
99,AA3,3.0
99,AA4,2.33
99,AI1,2.67
99,AI2,2.0
99,AI3,4.67
99,AI4,2.0
99,AE1,2.0
99,AE2,6.67
99,AE3,2.0
99,AE4,7.33
99,AO1,2.0
99,AO2,2.67
99,AO3,2.0
99,AO4,2.0
99,IA1,2.0
99,IA2,4.67
99,IA3,4.0
99,IA4,2.0
99,II1,3.0
99,II2,3.33
99,II3,2.33
99,II4,2.33
99,IE1,3.0
99,IE2,6.0
99,IE3,5.33
99,IE4,2.67
99,IO1,2.33
99,IO2,2.67
99,IO3,2.67
99,IO4,2.67
99,EA1,3.0
99,EA2,2.0
99,EA3,2.0
99,EA4,7.0
99,EI1,2.67
99,EI2,5.33
99,EI3,2.0
99,EI4,2.67
99,EE1,2.67
99,EE2,4.0
99,EE3,3.0
99,EE4,2.67
99,EO1,2.33
99,EO2,2.33
99,EO3,2.67
99,EO4,3.0
99,OA1,2.67
99,OA2,2.0
99,OA3,2.0
99,OA4,2.0
99,OI1,3.0
99,OI2,2.33
99,OI3,2.67
99,OI4,2.67
99,OE1,2.67
99,OE2,3.0
99,OE3,2.33
99,OE4,3.0
99,OO1,2.33
99,OO2,2.67
99,OO3,3.0
99,OO4,3.0
100,AA1,2.0
100,AA2,2.33
100,AA3,2.33
100,AA4,2.0
100,AI1,2.67
100,AI2,2.0
100,AI3,3.0
100,AI4,2.0
100,AE1,2.0
100,AE2,5.0
100,AE3,2.0
100,AE4,2.0
100,AO1,2.67
100,AO2,2.0
100,AO3,2.0
100,AO4,2.0
100,IA1,2.0
100,IA2,4.67
100,IA3,4.67
100,IA4,2.0
100,II1,2.33
100,II2,3.33
100,II3,2.33
100,II4,2.0
100,IE1,2.33
100,IE2,4.0
100,IE3,4.0
100,IE4,2.67
100,IO1,2.0
100,IO2,2.0
100,IO3,2.0
100,IO4,3.0
100,EA1,3.0
100,EA2,2.0
100,EA3,2.0
100,EA4,2.0
100,EI1,2.67
100,EI2,3.67
100,EI3,2.0
100,EI4,2.33
100,EE1,2.67
100,EE2,4.0
100,EE3,2.0
100,EE4,2.0
100,EO1,2.33
100,EO2,2.67
100,EO3,2.67
100,EO4,2.33
100,OA1,2.33
100,OA2,2.33
100,OA3,2.0
100,OA4,2.0
100,OI1,2.33
100,OI2,2.33
100,OI3,2.67
100,OI4,2.33
100,OE1,2.67
100,OE2,2.0
100,OE3,2.33
100,OE4,2.33
100,OO1,2.33
100,OO2,2.33
100,OO3,2.0
100,OO4,2.33
101,AA1,2.0
101,AA2,2.0
101,AA3,2.33
101,AA4,2.67
101,AI1,2.33
101,AI2,2.0
101,AI3,4.0
101,AI4,2.0
101,AE1,2.0
101,AE2,7.67
101,AE3,2.0
101,AE4,6.67
101,AO1,3.0
101,AO2,2.67
101,AO3,2.0
101,AO4,2.0
101,IA1,2.0
101,IA2,5.67
101,IA3,4.0
101,IA4,2.0
101,II1,2.33
101,II2,4.33
101,II3,2.33
101,II4,2.33
101,IE1,3.0
101,IE2,5.33
101,IE3,3.67
101,IE4,2.0
101,IO1,2.33
101,IO2,2.67
101,IO3,2.67
101,IO4,2.67
101,EA1,2.67
101,EA2,2.0
101,EA3,2.0
101,EA4,3.33
101,EI1,2.67
101,EI2,7.67
101,EI3,4.0
101,EI4,2.67
101,EE1,2.67
101,EE2,4.0
101,EE3,3.0
101,EE4,2.33
101,EO1,2.0
101,EO2,2.33
101,EO3,2.67
101,EO4,2.67
101,OA1,2.33
101,OA2,3.0
101,OA3,2.0
101,OA4,2.0
101,OI1,2.33
101,OI2,2.33
101,OI3,3.0
101,OI4,2.67
101,OE1,2.33
101,OE2,2.67
101,OE3,2.67
101,OE4,2.67
101,OO1,2.67
101,OO2,2.67
101,OO3,2.67
101,OO4,2.33
102,AA1,2.0
102,AA2,2.67
102,AA3,3.0
102,AA4,2.33
102,AI1,2.67
102,AI2,2.0
102,AI3,6.33
102,AI4,2.0
102,AE1,2.0
102,AE2,4.67
102,AE3,2.0
102,AE4,3.33
102,AO1,3.0
102,AO2,2.0
102,AO3,2.0
102,AO4,2.0
102,IA1,2.0
102,IA2,3.0
102,IA3,4.0
102,IA4,2.0
102,II1,2.67
102,II2,3.0
102,II3,2.33
102,II4,2.67
102,IE1,3.0
102,IE2,5.33
102,IE3,6.0
102,IE4,3.0
102,IO1,3.0
102,IO2,2.33
102,IO3,3.0
102,IO4,2.67
102,EA1,2.67
102,EA2,2.0
102,EA3,2.0
102,EA4,5.0
102,EI1,3.0
102,EI2,5.33
102,EI3,8.0
102,EI4,2.67
102,EE1,2.33
102,EE2,4.0
102,EE3,2.33
102,EE4,3.0
102,EO1,2.0
102,EO2,2.67
102,EO3,2.33
102,EO4,3.0
102,OA1,3.0
102,OA2,2.33
102,OA3,2.0
102,OA4,2.0
102,OI1,2.67
102,OI2,2.67
102,OI3,2.33
102,OI4,2.33
102,OE1,2.67
102,OE2,2.67
102,OE3,3.0
102,OE4,2.0
102,OO1,2.67
102,OO2,2.67
102,OO3,3.0
102,OO4,2.0
103,AA1,2.0
103,AA2,2.33
103,AA3,2.33
103,AA4,2.33
103,AI1,2.33
103,AI2,2.0
103,AI3,3.33
103,AI4,2.0
103,AE1,2.0
103,AE2,5.0
103,AE3,2.0
103,AE4,3.33
103,AO1,2.33
103,AO2,2.0
103,AO3,2.0
103,AO4,2.0
103,IA1,2.0
103,IA2,4.67
103,IA3,2.0
103,IA4,2.0
103,II1,2.67
103,II2,2.0
103,II3,2.0
103,II4,3.0
103,IE1,2.33
103,IE2,4.0
103,IE3,2.0
103,IE4,2.67
103,IO1,2.0
103,IO2,2.0
103,IO3,2.0
103,IO4,2.0
103,EA1,2.33
103,EA2,2.0
103,EA3,2.0
103,EA4,3.33
103,EI1,2.0
103,EI2,2.0
103,EI3,4.0
103,EI4,2.0
103,EE1,2.33
103,EE2,4.0
103,EE3,2.33
103,EE4,2.67
103,EO1,2.33
103,EO2,2.33
103,EO3,2.0
103,EO4,3.0
103,OA1,2.0
103,OA2,2.0
103,OA3,2.0
103,OA4,2.0
103,OI1,2.33
103,OI2,2.33
103,OI3,2.0
103,OI4,2.0
103,OE1,2.33
103,OE2,2.33
103,OE3,2.0
103,OE4,2.67
103,OO1,2.33
103,OO2,2.33
103,OO3,2.67
103,OO4,2.33
104,AA1,2.0
104,AA2,2.33
104,AA3,2.33
104,AA4,2.33
104,AI1,2.33
104,AI2,2.0
104,AI3,5.67
104,AI4,2.0
104,AE1,2.0
104,AE2,5.67
104,AE3,2.0
104,AE4,4.0
104,AO1,2.33
104,AO2,2.67
104,AO3,2.0
104,AO4,2.0
104,IA1,2.0
104,IA2,2.0
104,IA3,5.33
104,IA4,2.0
104,II1,2.0
104,II2,3.33
104,II3,2.0
104,II4,2.67
104,IE1,3.0
104,IE2,4.0
104,IE3,4.0
104,IE4,2.33
104,IO1,2.67
104,IO2,2.0
104,IO3,3.0
104,IO4,2.67
104,EA1,2.0
104,EA2,2.0
104,EA3,2.0
104,EA4,2.0
104,EI1,2.33
104,EI2,6.0
104,EI3,4.0
104,EI4,2.67
104,EE1,2.33
104,EE2,8.0
104,EE3,2.33
104,EE4,2.33
104,EO1,2.0
104,EO2,2.33
104,EO3,2.33
104,EO4,2.33
104,OA1,2.33
104,OA2,2.67
104,OA3,2.0
104,OA4,2.0
104,OI1,2.67
104,OI2,2.33
104,OI3,2.33
104,OI4,2.33
104,OE1,2.33
104,OE2,2.67
104,OE3,2.33
104,OE4,2.67
104,OO1,2.33
104,OO2,2.33
104,OO3,2.67
104,OO4,2.67
105,AA1,2.0
105,AA2,2.33
105,AA3,2.67
105,AA4,2.33
105,AI1,2.67
105,AI2,2.0
105,AI3,2.0
105,AI4,2.0
105,AE1,2.0
105,AE2,3.33
105,AE3,2.0
105,AE4,3.33
105,AO1,2.33
105,AO2,2.0
105,AO3,2.0
105,AO4,2.0
105,IA1,2.0
105,IA2,2.0
105,IA3,2.0
105,IA4,2.0
105,II1,2.67
105,II2,3.0
105,II3,2.67
105,II4,2.33
105,IE1,2.67
105,IE2,3.67
105,IE3,3.67
105,IE4,2.0
105,IO1,3.0
105,IO2,2.0
105,IO3,2.0
105,IO4,2.33
105,EA1,2.67
105,EA2,2.0
105,EA3,2.0
105,EA4,2.0
105,EI1,2.33
105,EI2,3.67
105,EI3,6.0
105,EI4,2.33
105,EE1,2.33
105,EE2,2.0
105,EE3,2.33
105,EE4,2.0
105,EO1,2.0
105,EO2,2.0
105,EO3,2.0
105,EO4,2.0
105,OA1,2.0
105,OA2,2.0
105,OA3,2.0
105,OA4,2.0
105,OI1,2.0
105,OI2,2.0
105,OI3,2.67
105,OI4,2.33
105,OE1,2.33
105,OE2,2.33
105,OE3,2.33
105,OE4,2.33
105,OO1,2.0
105,OO2,2.0
105,OO3,2.33
105,OO4,2.33
106,AA1,2.0
106,AA2,2.67
106,AA3,2.33
106,AA4,2.67
106,AI1,2.33
106,AI2,2.0
106,AI3,3.0
106,AI4,2.0
106,AE1,2.0
106,AE2,3.33
106,AE3,2.0
106,AE4,6.67
106,AO1,2.33
106,AO2,2.67
106,AO3,2.0
106,AO4,2.0
106,IA1,2.0
106,IA2,4.67
106,IA3,4.67
106,IA4,2.0
106,II1,2.67
106,II2,3.33
106,II3,3.0
106,II4,2.67
106,IE1,2.33
106,IE2,4.0
106,IE3,4.0
106,IE4,3.0
106,IO1,2.33
106,IO2,2.33
106,IO3,3.0
106,IO4,2.67
106,EA1,2.0
106,EA2,2.0
106,EA3,2.0
106,EA4,2.0
106,EI1,2.33
106,EI2,4.0
106,EI3,4.0
106,EI4,2.0
106,EE1,2.67
106,EE2,4.0
106,EE3,2.67
106,EE4,2.0
106,EO1,2.33
106,EO2,2.67
106,EO3,2.67
106,EO4,3.0
106,OA1,2.33
106,OA2,2.67
106,OA3,2.0
106,OA4,2.0
106,OI1,3.0
106,OI2,2.0
106,OI3,3.0
106,OI4,2.67
106,OE1,3.0
106,OE2,2.67
106,OE3,3.0
106,OE4,2.67
106,OO1,2.33
106,OO2,2.33
106,OO3,2.33
106,OO4,2.67
107,AA1,2.0
107,AA2,2.0
107,AA3,2.33
107,AA4,2.0
107,AI1,2.33
107,AI2,2.0
107,AI3,3.33
107,AI4,2.0
107,AE1,2.0
107,AE2,3.33
107,AE3,2.0
107,AE4,3.67
107,AO1,2.33
107,AO2,3.0
107,AO3,2.0
107,AO4,2.0
107,IA1,2.0
107,IA2,4.67
107,IA3,4.0
107,IA4,2.0
107,II1,2.33
107,II2,2.0
107,II3,2.0
107,II4,2.33
107,IE1,2.67
107,IE2,8.0
107,IE3,4.0
107,IE4,2.67
107,IO1,3.0
107,IO2,2.67
107,IO3,2.0
107,IO4,3.0
107,EA1,2.33
107,EA2,2.0
107,EA3,2.0
107,EA4,2.0
107,EI1,2.33
107,EI2,3.67
107,EI3,6.0
107,EI4,2.33
107,EE1,2.0
107,EE2,4.0
107,EE3,2.33
107,EE4,2.67
107,EO1,2.0
107,EO2,2.0
107,EO3,2.0
107,EO4,2.33
107,OA1,2.67
107,OA2,2.67
107,OA3,2.0
107,OA4,2.0
107,OI1,2.0
107,OI2,2.33
107,OI3,2.33
107,OI4,2.0
107,OE1,2.33
107,OE2,2.0
107,OE3,3.0
107,OE4,2.67
107,OO1,2.67
107,OO2,2.0
107,OO3,2.33
107,OO4,2.0
108,AA1,2.0
108,AA2,2.33
108,AA3,2.33
108,AA4,2.0
108,AI1,2.67
108,AI2,2.0
108,AI3,2.0
108,AI4,2.0
108,AE1,2.0
108,AE2,2.0
108,AE3,2.0
108,AE4,3.33
108,AO1,2.33
108,AO2,2.33
108,AO3,2.0
108,AO4,2.0
108,IA1,2.0
108,IA2,4.67
108,IA3,3.0
108,IA4,2.0
108,II1,2.67
108,II2,2.0
108,II3,2.0
108,II4,2.67
108,IE1,2.33
108,IE2,3.33
108,IE3,7.67
108,IE4,2.0
108,IO1,2.67
108,IO2,2.0
108,IO3,2.0
108,IO4,2.33
108,EA1,2.0
108,EA2,2.0
108,EA3,2.0
108,EA4,2.0
108,EI1,2.67
108,EI2,3.67
108,EI3,2.0
108,EI4,3.0
108,EE1,2.33
108,EE2,6.0
108,EE3,2.67
108,EE4,2.0
108,EO1,2.67
108,EO2,2.67
108,EO3,2.67
108,EO4,2.33
108,OA1,2.33
108,OA2,2.67
108,OA3,2.0
108,OA4,2.0
108,OI1,2.0
108,OI2,2.0
108,OI3,2.0
108,OI4,2.67
108,OE1,2.67
108,OE2,2.67
108,OE3,2.0
108,OE4,2.0
108,OO1,2.33
108,OO2,2.33
108,OO3,2.0
108,OO4,2.0
109,AA1,2.0
109,AA2,3.0
109,AA3,2.33
109,AA4,2.33
109,AI1,2.67
109,AI2,2.0
109,AI3,2.0
109,AI4,2.0
109,AE1,2.0
109,AE2,2.0
109,AE3,2.0
109,AE4,4.67
109,AO1,2.67
109,AO2,2.33
109,AO3,2.0
109,AO4,2.0
109,IA1,2.0
109,IA2,3.0
109,IA3,4.0
109,IA4,2.0
109,II1,3.0
109,II2,2.0
109,II3,2.0
109,II4,2.33
109,IE1,2.67
109,IE2,5.67
109,IE3,3.33
109,IE4,3.0
109,IO1,3.0
109,IO2,2.33
109,IO3,2.0
109,IO4,2.67
109,EA1,2.67
109,EA2,2.0
109,EA3,2.0
109,EA4,5.33
109,EI1,3.0
109,EI2,5.67
109,EI3,8.0
109,EI4,3.0
109,EE1,3.0
109,EE2,6.0
109,EE3,3.0
109,EE4,2.33
109,EO1,2.67
109,EO2,2.0
109,EO3,2.33
109,EO4,3.0
109,OA1,2.33
109,OA2,2.33
109,OA3,2.0
109,OA4,2.0
109,OI1,2.33
109,OI2,2.0
109,OI3,2.33
109,OI4,2.33
109,OE1,2.0
109,OE2,3.0
109,OE3,2.33
109,OE4,2.67
109,OO1,2.67
109,OO2,2.33
109,OO3,2.67
109,OO4,3.0
110,AA1,2.0
110,AA2,2.0
110,AA3,2.67
110,AA4,2.67
110,AI1,2.67
110,AI2,2.0
110,AI3,5.33
110,AI4,2.0
110,AE1,2.0
110,AE2,7.0
110,AE3,2.0
110,AE4,7.0
110,AO1,3.0
110,AO2,2.67
110,AO3,2.0
110,AO4,2.0
110,IA1,2.0
110,IA2,7.0
110,IA3,4.0
110,IA4,2.0
110,II1,2.67
110,II2,3.0
110,II3,2.67
110,II4,3.0
110,IE1,2.67
110,IE2,5.67
110,IE3,5.67
110,IE4,2.67
110,IO1,2.33
110,IO2,3.0
110,IO3,3.0
110,IO4,3.0
110,EA1,2.67
110,EA2,2.0
110,EA3,2.0
110,EA4,5.0
110,EI1,2.33
110,EI2,3.67
110,EI3,6.0
110,EI4,3.0
110,EE1,2.67
110,EE2,8.0
110,EE3,3.0
110,EE4,2.33
110,EO1,3.0
110,EO2,3.0
110,EO3,2.67
110,EO4,2.67
110,OA1,3.0
110,OA2,2.0
110,OA3,2.0
110,OA4,2.0
110,OI1,3.0
110,OI2,2.33
110,OI3,2.67
110,OI4,2.67
110,OE1,3.0
110,OE2,2.67
110,OE3,2.67
110,OE4,3.0
110,OO1,2.67
110,OO2,2.67
110,OO3,2.67
110,OO4,2.33
111,AA1,2.0
111,AA2,3.0
111,AA3,2.67
111,AA4,3.0
111,AI1,3.0
111,AI2,2.0
111,AI3,3.33
111,AI4,2.0
111,AE1,2.0
111,AE2,3.67
111,AE3,2.0
111,AE4,6.33
111,AO1,2.0
111,AO2,2.67
111,AO3,2.0
111,AO4,2.0
111,IA1,2.0
111,IA2,5.0
111,IA3,4.0
111,IA4,2.0
111,II1,2.33
111,II2,5.0
111,II3,2.33
111,II4,2.33
111,IE1,2.33
111,IE2,2.0
111,IE3,2.0
111,IE4,2.33
111,IO1,2.67
111,IO2,2.67
111,IO3,2.67
111,IO4,2.67
111,EA1,2.33
111,EA2,2.0
111,EA3,2.0
111,EA4,2.0
111,EI1,2.33
111,EI2,4.0
111,EI3,4.0
111,EI4,2.67
111,EE1,2.33
111,EE2,2.0
111,EE3,2.67
111,EE4,2.0
111,EO1,2.67
111,EO2,2.67
111,EO3,3.0
111,EO4,2.33
111,OA1,2.67
111,OA2,2.33
111,OA3,2.0
111,OA4,2.0
111,OI1,2.67
111,OI2,2.33
111,OI3,2.33
111,OI4,2.33
111,OE1,2.67
111,OE2,2.67
111,OE3,2.0
111,OE4,2.67
111,OO1,2.67
111,OO2,2.67
111,OO3,2.33
111,OO4,2.67
112,AA1,2.0
112,AA2,2.0
112,AA3,2.0
112,AA4,2.67
112,AI1,2.33
112,AI2,2.0
112,AI3,3.0
112,AI4,2.0
112,AE1,2.0
112,AE2,5.67
112,AE3,2.0
112,AE4,5.67
112,AO1,2.0
112,AO2,2.67
112,AO3,2.0
112,AO4,2.0
112,IA1,2.0
112,IA2,3.67
112,IA3,4.0
112,IA4,2.0
112,II1,2.67
112,II2,3.67
112,II3,2.67
112,II4,2.67
112,IE1,2.33
112,IE2,3.67
112,IE3,4.0
112,IE4,2.0
112,IO1,2.67
112,IO2,2.33
112,IO3,2.67
112,IO4,2.33
112,EA1,2.67
112,EA2,2.0
112,EA3,2.0
112,EA4,5.0
112,EI1,2.67
112,EI2,7.33
112,EI3,6.0
112,EI4,3.0
112,EE1,2.67
112,EE2,4.0
112,EE3,2.0
112,EE4,2.67
112,EO1,2.67
112,EO2,2.33
112,EO3,2.33
112,EO4,2.67
112,OA1,2.33
112,OA2,2.67
112,OA3,2.0
112,OA4,2.0
112,OI1,2.33
112,OI2,2.67
112,OI3,2.0
112,OI4,2.33
112,OE1,2.67
112,OE2,2.67
112,OE3,2.67
112,OE4,2.33
112,OO1,2.67
112,OO2,2.67
112,OO3,3.0
112,OO4,2.33
113,AA1,2.0
113,AA2,2.33
113,AA3,2.33
113,AA4,2.33
113,AI1,2.0
113,AI2,2.0
113,AI3,2.0
113,AI4,2.0
113,AE1,2.0
113,AE2,6.67
113,AE3,2.0
113,AE4,2.0
113,AO1,2.33
113,AO2,2.0
113,AO3,2.0
113,AO4,2.0
113,IA1,2.0
113,IA2,3.0
113,IA3,3.0
113,IA4,2.0
113,II1,2.67
113,II2,3.33
113,II3,2.0
113,II4,2.67
113,IE1,2.67
113,IE2,4.67
113,IE3,2.0
113,IE4,2.0
113,IO1,2.33
113,IO2,2.67
113,IO3,2.33
113,IO4,2.67
113,EA1,2.0
113,EA2,2.0
113,EA3,2.0
113,EA4,2.0
113,EI1,2.33
113,EI2,4.0
113,EI3,8.0
113,EI4,2.67
113,EE1,2.0
113,EE2,4.0
113,EE3,2.33
113,EE4,2.33
113,EO1,3.0
113,EO2,2.67
113,EO3,2.67
113,EO4,2.67
113,OA1,2.0
113,OA2,2.67
113,OA3,2.0
113,OA4,2.0
113,OI1,3.0
113,OI2,2.67
113,OI3,2.0
113,OI4,2.0
113,OE1,3.0
113,OE2,2.33
113,OE3,2.33
113,OE4,2.67
113,OO1,2.33
113,OO2,2.33
113,OO3,3.0
113,OO4,2.0
114,AA1,2.0
114,AA2,2.33
114,AA3,2.67
114,AA4,2.33
114,AI1,2.67
114,AI2,2.0
114,AI3,6.0
114,AI4,2.0
114,AE1,2.0
114,AE2,5.0
114,AE3,2.0
114,AE4,6.67
114,AO1,2.67
114,AO2,2.67
114,AO3,2.0
114,AO4,2.0
114,IA1,2.0
114,IA2,4.67
114,IA3,3.0
114,IA4,2.0
114,II1,3.0
114,II2,4.33
114,II3,3.0
114,II4,2.67
114,IE1,2.33
114,IE2,7.33
114,IE3,8.0
114,IE4,3.0
114,IO1,3.0
114,IO2,2.67
114,IO3,3.0
114,IO4,2.67
114,EA1,3.0
114,EA2,2.0
114,EA3,2.0
114,EA4,5.0
114,EI1,2.67
114,EI2,5.33
114,EI3,6.0
114,EI4,3.0
114,EE1,2.67
114,EE2,4.0
114,EE3,2.33
114,EE4,3.0
114,EO1,3.0
114,EO2,2.33
114,EO3,2.67
114,EO4,2.67
114,OA1,2.33
114,OA2,2.67
114,OA3,2.0
114,OA4,2.0
114,OI1,2.67
114,OI2,2.33
114,OI3,3.0
114,OI4,2.67
114,OE1,2.67
114,OE2,2.67
114,OE3,2.67
114,OE4,2.67
114,OO1,2.67
114,OO2,3.0
114,OO3,3.0
114,OO4,2.33
115,AA1,2.0
115,AA2,2.33
115,AA3,2.33
115,AA4,2.67
115,AI1,2.67
115,AI2,2.0
115,AI3,5.67
115,AI4,2.0
115,AE1,2.0
115,AE2,2.0
115,AE3,2.0
115,AE4,4.67
115,AO1,2.33
115,AO2,2.0
115,AO3,2.0
115,AO4,2.0
115,IA1,2.0
115,IA2,3.0
115,IA3,3.0
115,IA4,2.0
115,II1,2.33
115,II2,4.33
115,II3,2.67
115,II4,2.0
115,IE1,2.33
115,IE2,3.67
115,IE3,4.0
115,IE4,3.0
115,IO1,3.0
115,IO2,2.67
115,IO3,2.33
115,IO4,2.33
115,EA1,2.67
115,EA2,2.0
115,EA3,2.0
115,EA4,3.67
115,EI1,2.33
115,EI2,2.0
115,EI3,2.0
115,EI4,2.67
115,EE1,2.33
115,EE2,6.0
115,EE3,2.33
115,EE4,2.67
115,EO1,2.0
115,EO2,2.33
115,EO3,2.33
115,EO4,2.67
115,OA1,2.33
115,OA2,2.67
115,OA3,2.0
115,OA4,2.0
115,OI1,2.0
115,OI2,2.33
115,OI3,2.33
115,OI4,2.33
115,OE1,2.0
115,OE2,2.0
115,OE3,3.0
115,OE4,3.0
115,OO1,2.0
115,OO2,2.33
115,OO3,2.67
115,OO4,2.67
116,AA1,2.0
116,AA2,2.0
116,AA3,2.0
116,AA4,2.0
116,AI1,2.67
116,AI2,2.0
116,AI3,2.0
116,AI4,2.0
116,AE1,2.0
116,AE2,3.33
116,AE3,2.0
116,AE4,2.0
116,AO1,2.33
116,AO2,2.33
116,AO3,2.0
116,AO4,2.0
116,IA1,2.0
116,IA2,3.0
116,IA3,2.0
116,IA4,2.0
116,II1,2.0
116,II2,2.0
116,II3,2.67
116,II4,2.0
116,IE1,2.0
116,IE2,4.0
116,IE3,3.33
116,IE4,2.0
116,IO1,2.0
116,IO2,2.33
116,IO3,2.33
116,IO4,2.0
116,EA1,2.0
116,EA2,2.0
116,EA3,2.0
116,EA4,2.0
116,EI1,2.67
116,EI2,2.0
116,EI3,4.0
116,EI4,2.33
116,EE1,2.0
116,EE2,6.0
116,EE3,2.33
116,EE4,2.33
116,EO1,2.33
116,EO2,2.0
116,EO3,2.33
116,EO4,2.0
116,OA1,2.33
116,OA2,2.33
116,OA3,2.0
116,OA4,2.0
116,OI1,2.0
116,OI2,2.0
116,OI3,2.33
116,OI4,2.67
116,OE1,2.33
116,OE2,2.33
116,OE3,2.67
116,OE4,2.33
116,OO1,2.67
116,OO2,2.33
116,OO3,2.33
116,OO4,2.0
117,AA1,2.0
117,AA2,2.0
117,AA3,2.33
117,AA4,2.0
117,AI1,2.67
117,AI2,2.0
117,AI3,3.67
117,AI4,2.0
117,AE1,2.0
117,AE2,3.67
117,AE3,2.0
117,AE4,5.67
117,AO1,2.67
117,AO2,3.0
117,AO3,2.0
117,AO4,2.0
117,IA1,2.0
117,IA2,4.67
117,IA3,3.0
117,IA4,2.0
117,II1,2.67
117,II2,3.33
117,II3,2.33
117,II4,2.33
117,IE1,3.0
117,IE2,5.33
117,IE3,3.67
117,IE4,3.0
117,IO1,3.0
117,IO2,2.67
117,IO3,2.33
117,IO4,2.0
117,EA1,2.67
117,EA2,2.0
117,EA3,2.0
117,EA4,3.33
117,EI1,2.33
117,EI2,4.0
117,EI3,4.0
117,EI4,2.33
117,EE1,2.33
117,EE2,4.0
117,EE3,2.33
117,EE4,2.33
117,EO1,2.0
117,EO2,2.67
117,EO3,2.33
117,EO4,2.0
117,OA1,2.33
117,OA2,2.33
117,OA3,2.0
117,OA4,2.0
117,OI1,2.33
117,OI2,2.67
117,OI3,2.0
117,OI4,2.33
117,OE1,2.33
117,OE2,2.67
117,OE3,2.33
117,OE4,2.33
117,OO1,2.33
117,OO2,2.67
117,OO3,2.33
117,OO4,2.67
118,AA1,2.0
118,AA2,2.33
118,AA3,2.67
118,AA4,2.33
118,AI1,2.33
118,AI2,2.0
118,AI3,3.33
118,AI4,2.0
118,AE1,2.0
118,AE2,2.0
118,AE3,2.0
118,AE4,3.67
118,AO1,2.67
118,AO2,2.33
118,AO3,2.0
118,AO4,2.0
118,IA1,2.0
118,IA2,4.0
118,IA3,4.0
118,IA4,2.0
118,II1,3.0
118,II2,4.0
118,II3,2.33
118,II4,2.33
118,IE1,2.67
118,IE2,6.0
118,IE3,5.33
118,IE4,3.0
118,IO1,2.33
118,IO2,2.33
118,IO3,3.0
118,IO4,2.33
118,EA1,2.67
118,EA2,2.0
118,EA3,2.0
118,EA4,3.33
118,EI1,2.33
118,EI2,3.67
118,EI3,4.0
118,EI4,3.0
118,EE1,3.0
118,EE2,4.0
118,EE3,2.33
118,EE4,2.67
118,EO1,2.67
118,EO2,2.67
118,EO3,2.33
118,EO4,2.67
118,OA1,2.33
118,OA2,2.33
118,OA3,2.0
118,OA4,2.0
118,OI1,2.67
118,OI2,2.33
118,OI3,2.67
118,OI4,2.67
118,OE1,2.33
118,OE2,3.0
118,OE3,3.0
118,OE4,2.33
118,OO1,3.0
118,OO2,2.33
118,OO3,2.0
118,OO4,2.0
119,AA1,2.0
119,AA2,2.33
119,AA3,2.33
119,AA4,2.67
119,AI1,2.33
119,AI2,2.0
119,AI3,3.67
119,AI4,2.0
119,AE1,2.0
119,AE2,2.0
119,AE3,2.0
119,AE4,6.0
119,AO1,2.0
119,AO2,2.33
119,AO3,2.0
119,AO4,2.0
119,IA1,2.0
119,IA2,3.0
119,IA3,3.0
119,IA4,2.0
119,II1,2.67
119,II2,4.33
119,II3,2.33
119,II4,2.0
119,IE1,2.33
119,IE2,2.0
119,IE3,2.0
119,IE4,2.33
119,IO1,2.0
119,IO2,2.33
119,IO3,2.33
119,IO4,2.33
119,EA1,2.0
119,EA2,2.0
119,EA3,2.0
119,EA4,3.33
119,EI1,2.67
119,EI2,2.0
119,EI3,6.0
119,EI4,2.0
119,EE1,2.67
119,EE2,2.0
119,EE3,2.33
119,EE4,2.33
119,EO1,2.0
119,EO2,2.33
119,EO3,2.33
119,EO4,2.33
119,OA1,2.67
119,OA2,3.0
119,OA3,2.0
119,OA4,2.0
119,OI1,2.67
119,OI2,2.33
119,OI3,2.67
119,OI4,2.33
119,OE1,2.67
119,OE2,2.33
119,OE3,2.33
119,OE4,2.33
119,OO1,2.33
119,OO2,2.33
119,OO3,2.33
119,OO4,2.67
120,AA1,2.0
120,AA2,2.0
120,AA3,2.33
120,AA4,2.0
120,AI1,2.33
120,AI2,2.0
120,AI3,3.0
120,AI4,2.0
120,AE1,2.0
120,AE2,2.0
120,AE3,2.0
120,AE4,3.33
120,AO1,2.0
120,AO2,2.0
120,AO3,2.0
120,AO4,2.0
120,IA1,2.0
120,IA2,3.67
120,IA3,2.0
120,IA4,2.0
120,II1,2.33
120,II2,3.33
120,II3,2.33
120,II4,2.0
120,IE1,2.33
120,IE2,2.0
120,IE3,2.0
120,IE4,2.33
120,IO1,2.67
120,IO2,2.33
120,IO3,2.33
120,IO4,3.0
120,EA1,2.33
120,EA2,2.0
120,EA3,2.0
120,EA4,3.33
120,EI1,2.67
120,EI2,7.33
120,EI3,2.0
120,EI4,2.0
120,EE1,2.0
120,EE2,2.0
120,EE3,2.33
120,EE4,2.0
120,EO1,2.33
120,EO2,2.67
120,EO3,2.67
120,EO4,2.0
120,OA1,2.67
120,OA2,2.0
120,OA3,2.0
120,OA4,2.0
120,OI1,2.33
120,OI2,2.0
120,OI3,2.67
120,OI4,2.0
120,OE1,2.0
120,OE2,2.33
120,OE3,2.33
120,OE4,2.33
120,OO1,2.0
120,OO2,2.33
120,OO3,2.33
120,OO4,2.0
121,AA1,2.0
121,AA2,2.33
121,AA3,2.33
121,AA4,2.33
121,AI1,2.33
121,AI2,2.0
121,AI3,2.0
121,AI4,2.0
121,AE1,2.0
121,AE2,3.33
121,AE3,2.0
121,AE4,6.33
121,AO1,2.67
121,AO2,2.67
121,AO3,2.0
121,AO4,2.0
121,IA1,2.0
121,IA2,3.0
121,IA3,3.0
121,IA4,2.0
121,II1,2.67
121,II2,3.0
121,II3,3.0
121,II4,2.33
121,IE1,2.0
121,IE2,4.67
121,IE3,3.33
121,IE4,2.33
121,IO1,2.33
121,IO2,2.33
121,IO3,2.33
121,IO4,2.33
121,EA1,2.33
121,EA2,2.0
121,EA3,2.0
121,EA4,3.33
121,EI1,2.67
121,EI2,7.33
121,EI3,2.0
121,EI4,2.0
121,EE1,2.33
121,EE2,2.0
121,EE3,2.67
121,EE4,2.33
121,EO1,2.0
121,EO2,2.33
121,EO3,3.0
121,EO4,2.33
121,OA1,2.67
121,OA2,2.0
121,OA3,2.0
121,OA4,2.0
121,OI1,2.33
121,OI2,2.33
121,OI3,2.67
121,OI4,2.0
121,OE1,2.67
121,OE2,3.0
121,OE3,2.67
121,OE4,2.67
121,OO1,2.67
121,OO2,2.67
121,OO3,2.0
121,OO4,2.67
122,AA1,2.0
122,AA2,2.0
122,AA3,2.67
122,AA4,2.0
122,AI1,2.67
122,AI2,2.0
122,AI3,4.0
122,AI4,2.0
122,AE1,2.0
122,AE2,7.0
122,AE3,2.0
122,AE4,6.0
122,AO1,2.67
122,AO2,2.67
122,AO3,2.0
122,AO4,2.0
122,IA1,2.0
122,IA2,4.67
122,IA3,6.67
122,IA4,2.0
122,II1,2.67
122,II2,4.67
122,II3,2.33
122,II4,3.0
122,IE1,2.67
122,IE2,4.0
122,IE3,6.67
122,IE4,2.33
122,IO1,2.33
122,IO2,2.67
122,IO3,2.67
122,IO4,3.0
122,EA1,2.33
122,EA2,2.0
122,EA3,2.0
122,EA4,3.67
122,EI1,2.67
122,EI2,6.0
122,EI3,6.0
122,EI4,2.67
122,EE1,2.67
122,EE2,4.0
122,EE3,2.0
122,EE4,2.33
122,EO1,2.33
122,EO2,2.33
122,EO3,2.67
122,EO4,2.67
122,OA1,2.67
122,OA2,3.0
122,OA3,2.0
122,OA4,2.0
122,OI1,3.0
122,OI2,2.33
122,OI3,3.0
122,OI4,2.67
122,OE1,2.67
122,OE2,3.0
122,OE3,3.0
122,OE4,3.0
122,OO1,2.0
122,OO2,2.67
122,OO3,2.33
122,OO4,2.33
123,AA1,2.0
123,AA2,2.67
123,AA3,2.33
123,AA4,2.33
123,AI1,2.67
123,AI2,2.0
123,AI3,3.0
123,AI4,2.0
123,AE1,2.0
123,AE2,6.33
123,AE3,2.0
123,AE4,5.0
123,AO1,2.67
123,AO2,2.33
123,AO3,2.0
123,AO4,2.0
123,IA1,2.0
123,IA2,2.0
123,IA3,5.0
123,IA4,2.0
123,II1,2.33
123,II2,3.0
123,II3,3.0
123,II4,2.33
123,IE1,2.67
123,IE2,5.0
123,IE3,7.67
123,IE4,2.67
123,IO1,3.0
123,IO2,2.33
123,IO3,2.67
123,IO4,2.67
123,EA1,2.67
123,EA2,2.0
123,EA3,2.0
123,EA4,3.67
123,EI1,2.33
123,EI2,3.67
123,EI3,2.0
123,EI4,2.67
123,EE1,2.67
123,EE2,4.0
123,EE3,2.33
123,EE4,2.67
123,EO1,2.67
123,EO2,2.67
123,EO3,2.67
123,EO4,2.67
123,OA1,2.67
123,OA2,2.33
123,OA3,2.0
123,OA4,2.0
123,OI1,2.67
123,OI2,2.33
123,OI3,2.33
123,OI4,2.33
123,OE1,2.33
123,OE2,2.67
123,OE3,3.0
123,OE4,2.33
123,OO1,2.33
123,OO2,2.67
123,OO3,2.33
123,OO4,2.67
124,AA1,2.0
124,AA2,2.0
124,AA3,2.0
124,AA4,2.0
124,AI1,2.67
124,AI2,2.0
124,AI3,4.67
124,AI4,2.0
124,AE1,2.0
124,AE2,3.67
124,AE3,2.0
124,AE4,5.33
124,AO1,2.67
124,AO2,2.33
124,AO3,2.0
124,AO4,2.0
124,IA1,2.0
124,IA2,5.0
124,IA3,6.33
124,IA4,2.0
124,II1,2.67
124,II2,2.0
124,II3,2.67
124,II4,2.33
124,IE1,2.33
124,IE2,7.0
124,IE3,4.0
124,IE4,2.67
124,IO1,2.33
124,IO2,2.33
124,IO3,3.0
124,IO4,2.33
124,EA1,2.33
124,EA2,2.0
124,EA3,2.0
124,EA4,5.0
124,EI1,3.0
124,EI2,4.0
124,EI3,6.0
124,EI4,2.67
124,EE1,2.67
124,EE2,6.0
124,EE3,2.67
124,EE4,3.0
124,EO1,2.67
124,EO2,2.67
124,EO3,3.0
124,EO4,2.33
124,OA1,2.67
124,OA2,2.33
124,OA3,2.0
124,OA4,2.0
124,OI1,2.67
124,OI2,2.33
124,OI3,2.67
124,OI4,2.67
124,OE1,2.67
124,OE2,2.33
124,OE3,2.67
124,OE4,2.67
124,OO1,2.67
124,OO2,2.67
124,OO3,2.67
124,OO4,2.33
125,AA1,2.0
125,AA2,2.33
125,AA3,2.33
125,AA4,2.0
125,AI1,2.67
125,AI2,2.0
125,AI3,3.0
125,AI4,2.0
125,AE1,2.0
125,AE2,3.67
125,AE3,2.0
125,AE4,6.67
125,AO1,2.33
125,AO2,2.33
125,AO3,2.0
125,AO4,2.0
125,IA1,2.0
125,IA2,3.0
125,IA3,4.0
125,IA4,2.0
125,II1,2.0
125,II2,2.0
125,II3,2.67
125,II4,2.33
125,IE1,2.67
125,IE2,3.67
125,IE3,3.67
125,IE4,2.33
125,IO1,2.33
125,IO2,2.67
125,IO3,2.0
125,IO4,2.33
125,EA1,2.33
125,EA2,2.0
125,EA3,2.0
125,EA4,3.67
125,EI1,2.0
125,EI2,2.0
125,EI3,6.0
125,EI4,2.0
125,EE1,2.33
125,EE2,4.0
125,EE3,2.33
125,EE4,2.67
125,EO1,2.67
125,EO2,2.33
125,EO3,2.33
125,EO4,2.33
125,OA1,2.33
125,OA2,3.0
125,OA3,2.0
125,OA4,2.0
125,OI1,2.0
125,OI2,2.67
125,OI3,2.33
125,OI4,2.0
125,OE1,2.33
125,OE2,2.67
125,OE3,3.0
125,OE4,2.67
125,OO1,2.33
125,OO2,2.67
125,OO3,2.33
125,OO4,2.33
126,AA1,2.0
126,AA2,3.0
126,AA3,3.0
126,AA4,3.0
126,AI1,3.0
126,AI2,2.0
126,AI3,7.0
126,AI4,2.0
126,AE1,2.0
126,AE2,6.67
126,AE3,2.0
126,AE4,6.0
126,AO1,3.0
126,AO2,3.0
126,AO3,2.0
126,AO4,2.0
126,IA1,2.0
126,IA2,5.67
126,IA3,5.0
126,IA4,2.0
126,II1,3.0
126,II2,5.0
126,II3,3.0
126,II4,2.33
126,IE1,3.0
126,IE2,6.33
126,IE3,8.0
126,IE4,3.0
126,IO1,3.0
126,IO2,3.0
126,IO3,3.0
126,IO4,3.0
126,EA1,3.0
126,EA2,2.0
126,EA3,2.0
126,EA4,6.67
126,EI1,3.0
126,EI2,7.0
126,EI3,8.0
126,EI4,3.0
126,EE1,3.0
126,EE2,8.0
126,EE3,3.0
126,EE4,3.0
126,EO1,3.0
126,EO2,3.0
126,EO3,3.0
126,EO4,3.0
126,OA1,3.0
126,OA2,3.0
126,OA3,2.0
126,OA4,2.0
126,OI1,3.0
126,OI2,3.0
126,OI3,3.0
126,OI4,3.0
126,OE1,3.0
126,OE2,3.0
126,OE3,3.0
126,OE4,3.0
126,OO1,3.0
126,OO2,3.0
126,OO3,3.0
126,OO4,3.0
127,AA1,2.0
127,AA2,2.33
127,AA3,2.33
127,AA4,2.67
127,AI1,2.0
127,AI2,2.0
127,AI3,4.0
127,AI4,2.0
127,AE1,2.0
127,AE2,3.33
127,AE3,2.0
127,AE4,3.33
127,AO1,3.0
127,AO2,2.33
127,AO3,2.0
127,AO4,2.0
127,IA1,2.0
127,IA2,4.0
127,IA3,3.0
127,IA4,2.0
127,II1,2.33
127,II2,4.0
127,II3,2.33
127,II4,2.0
127,IE1,2.67
127,IE2,5.0
127,IE3,3.67
127,IE4,2.0
127,IO1,2.0
127,IO2,2.33
127,IO3,2.33
127,IO4,2.0
127,EA1,2.33
127,EA2,2.0
127,EA3,2.0
127,EA4,3.67
127,EI1,3.0
127,EI2,2.0
127,EI3,2.0
127,EI4,2.33
127,EE1,2.33
127,EE2,2.0
127,EE3,2.67
127,EE4,2.0
127,EO1,2.0
127,EO2,2.67
127,EO3,2.0
127,EO4,2.0
127,OA1,2.0
127,OA2,2.67
127,OA3,2.0
127,OA4,2.0
127,OI1,2.33
127,OI2,2.33
127,OI3,2.33
127,OI4,2.67
127,OE1,2.33
127,OE2,2.33
127,OE3,2.67
127,OE4,3.0
127,OO1,2.33
127,OO2,2.33
127,OO3,3.0
127,OO4,2.0
128,AA1,2.0
128,AA2,2.0
128,AA3,2.0
128,AA4,2.0
128,AI1,2.67
128,AI2,2.0
128,AI3,2.0
128,AI4,2.0
128,AE1,2.0
128,AE2,5.67
128,AE3,2.0
128,AE4,7.67
128,AO1,2.67
128,AO2,2.0
128,AO3,2.0
128,AO4,2.0
128,IA1,2.0
128,IA2,4.0
128,IA3,2.0
128,IA4,2.0
128,II1,2.33
128,II2,6.0
128,II3,2.33
128,II4,2.67
128,IE1,2.33
128,IE2,4.0
128,IE3,7.33
128,IE4,2.67
128,IO1,2.67
128,IO2,2.33
128,IO3,2.0
128,IO4,3.0
128,EA1,2.33
128,EA2,2.0
128,EA3,2.0
128,EA4,5.0
128,EI1,2.33
128,EI2,3.67
128,EI3,8.0
128,EI4,3.0
128,EE1,3.0
128,EE2,4.0
128,EE3,2.67
128,EE4,2.33
128,EO1,2.33
128,EO2,2.67
128,EO3,2.33
128,EO4,2.33
128,OA1,2.67
128,OA2,2.33
128,OA3,2.0
128,OA4,2.0
128,OI1,2.33
128,OI2,2.33
128,OI3,2.33
128,OI4,2.33
128,OE1,2.67
128,OE2,2.67
128,OE3,2.33
128,OE4,2.33
128,OO1,2.67
128,OO2,3.0
128,OO3,2.0
128,OO4,2.67
129,AA1,2.0
129,AA2,2.33
129,AA3,2.67
129,AA4,2.0
129,AI1,2.0
129,AI2,2.0
129,AI3,3.33
129,AI4,2.0
129,AE1,2.0
129,AE2,5.67
129,AE3,2.0
129,AE4,6.0
129,AO1,2.67
129,AO2,2.67
129,AO3,2.0
129,AO4,2.0
129,IA1,2.0
129,IA2,5.0
129,IA3,2.0
129,IA4,2.0
129,II1,2.0
129,II2,3.0
129,II3,2.0
129,II4,2.33
129,IE1,2.67
129,IE2,8.0
129,IE3,3.67
129,IE4,2.67
129,IO1,2.67
129,IO2,2.33
129,IO3,2.67
129,IO4,2.33
129,EA1,3.0
129,EA2,2.0
129,EA3,2.0
129,EA4,6.33
129,EI1,2.33
129,EI2,5.67
129,EI3,4.0
129,EI4,3.0
129,EE1,2.33
129,EE2,6.0
129,EE3,3.0
129,EE4,2.0
129,EO1,2.67
129,EO2,3.0
129,EO3,2.67
129,EO4,2.33
129,OA1,3.0
129,OA2,3.0
129,OA3,2.0
129,OA4,2.0
129,OI1,2.67
129,OI2,2.33
129,OI3,2.33
129,OI4,2.0
129,OE1,2.67
129,OE2,3.0
129,OE3,3.0
129,OE4,3.0
129,OO1,2.33
129,OO2,3.0
129,OO3,2.67
129,OO4,2.67
130,AA1,2.0
130,AA2,2.67
130,AA3,3.0
130,AA4,2.33
130,AI1,3.0
130,AI2,2.0
130,AI3,7.0
130,AI4,2.0
130,AE1,2.0
130,AE2,5.0
130,AE3,2.0
130,AE4,7.0
130,AO1,2.67
130,AO2,2.33
130,AO3,2.0
130,AO4,2.0
130,IA1,2.0
130,IA2,6.33
130,IA3,2.0
130,IA4,2.0
130,II1,3.0
130,II2,2.0
130,II3,3.0
130,II4,2.0
130,IE1,2.33
130,IE2,4.0
130,IE3,8.0
130,IE4,2.33
130,IO1,3.0
130,IO2,3.0
130,IO3,3.0
130,IO4,2.67
130,EA1,2.67
130,EA2,2.0
130,EA3,2.0
130,EA4,3.67
130,EI1,3.0
130,EI2,2.0
130,EI3,4.0
130,EI4,2.67
130,EE1,2.67
130,EE2,8.0
130,EE3,2.67
130,EE4,2.33
130,EO1,3.0
130,EO2,2.67
130,EO3,2.33
130,EO4,2.67
130,OA1,3.0
130,OA2,2.67
130,OA3,2.0
130,OA4,2.0
130,OI1,2.67
130,OI2,2.67
130,OI3,3.0
130,OI4,2.33
130,OE1,2.67
130,OE2,2.33
130,OE3,2.67
130,OE4,3.0
130,OO1,2.67
130,OO2,3.0
130,OO3,3.0
130,OO4,2.67
131,AA1,2.0
131,AA2,2.33
131,AA3,2.33
131,AA4,2.33
131,AI1,2.33
131,AI2,2.0
131,AI3,2.0
131,AI4,2.0
131,AE1,2.0
131,AE2,5.0
131,AE3,2.0
131,AE4,2.0
131,AO1,2.0
131,AO2,2.0
131,AO3,2.0
131,AO4,2.0
131,IA1,2.0
131,IA2,2.0
131,IA3,2.0
131,IA4,2.0
131,II1,2.33
131,II2,2.0
131,II3,2.33
131,II4,2.0
131,IE1,2.0
131,IE2,3.33
131,IE3,4.0
131,IE4,2.0
131,IO1,2.0
131,IO2,2.67
131,IO3,2.33
131,IO4,2.33
131,EA1,2.0
131,EA2,2.0
131,EA3,2.0
131,EA4,3.33
131,EI1,2.0
131,EI2,4.0
131,EI3,2.0
131,EI4,2.0
131,EE1,2.0
131,EE2,2.0
131,EE3,2.33
131,EE4,2.0
131,EO1,2.0
131,EO2,2.0
131,EO3,2.0
131,EO4,2.67
131,OA1,2.33
131,OA2,2.0
131,OA3,2.0
131,OA4,2.0
131,OI1,2.33
131,OI2,2.33
131,OI3,2.33
131,OI4,2.0
131,OE1,2.0
131,OE2,2.0
131,OE3,2.0
131,OE4,2.0
131,OO1,2.33
131,OO2,2.0
131,OO3,2.33
131,OO4,2.0
132,AA1,2.0
132,AA2,3.0
132,AA3,2.33
132,AA4,2.0
132,AI1,2.0
132,AI2,2.0
132,AI3,2.0
132,AI4,2.0
132,AE1,2.0
132,AE2,3.67
132,AE3,2.0
132,AE4,5.0
132,AO1,2.33
132,AO2,2.0
132,AO3,2.0
132,AO4,2.0
132,IA1,2.0
132,IA2,4.67
132,IA3,2.0
132,IA4,2.0
132,II1,2.0
132,II2,2.0
132,II3,2.67
132,II4,2.0
132,IE1,2.33
132,IE2,3.33
132,IE3,4.0
132,IE4,2.67
132,IO1,2.33
132,IO2,2.33
132,IO3,2.33
132,IO4,2.33
132,EA1,2.0
132,EA2,2.0
132,EA3,2.0
132,EA4,3.67
132,EI1,2.0
132,EI2,2.0
132,EI3,4.0
132,EI4,2.0
132,EE1,2.33
132,EE2,4.0
132,EE3,2.67
132,EE4,2.33
132,EO1,2.33
132,EO2,2.0
132,EO3,2.0
132,EO4,2.33
132,OA1,2.67
132,OA2,2.67
132,OA3,2.0
132,OA4,2.0
132,OI1,2.33
132,OI2,2.33
132,OI3,2.33
132,OI4,2.33
132,OE1,2.0
132,OE2,2.33
132,OE3,2.0
132,OE4,2.0
132,OO1,2.33
132,OO2,2.67
132,OO3,2.33
132,OO4,2.33
133,AA1,2.0
133,AA2,2.0
133,AA3,2.33
133,AA4,2.33
133,AI1,2.67
133,AI2,2.0
133,AI3,4.0
133,AI4,2.0
133,AE1,2.0
133,AE2,6.67
133,AE3,2.0
133,AE4,3.67
133,AO1,3.0
133,AO2,2.67
133,AO3,2.0
133,AO4,2.0
133,IA1,2.0
133,IA2,4.67
133,IA3,3.0
133,IA4,2.0
133,II1,2.67
133,II2,3.33
133,II3,2.0
133,II4,2.0
133,IE1,2.33
133,IE2,5.33
133,IE3,6.0
133,IE4,2.67
133,IO1,2.33
133,IO2,3.0
133,IO3,2.33
133,IO4,2.67
133,EA1,2.0
133,EA2,2.0
133,EA3,2.0
133,EA4,3.33
133,EI1,2.33
133,EI2,5.33
133,EI3,4.0
133,EI4,2.67
133,EE1,2.33
133,EE2,4.0
133,EE3,3.0
133,EE4,2.33
133,EO1,2.33
133,EO2,2.33
133,EO3,2.0
133,EO4,2.67
133,OA1,2.33
133,OA2,2.67
133,OA3,2.0
133,OA4,2.0
133,OI1,2.67
133,OI2,3.0
133,OI3,2.33
133,OI4,2.67
133,OE1,2.67
133,OE2,2.67
133,OE3,2.67
133,OE4,2.67
133,OO1,3.0
133,OO2,2.33
133,OO3,2.33
133,OO4,2.33
134,AA1,2.0
134,AA2,2.33
134,AA3,2.0
134,AA4,2.0
134,AI1,2.33
134,AI2,2.0
134,AI3,4.67
134,AI4,2.0
134,AE1,2.0
134,AE2,2.0
134,AE3,2.0
134,AE4,2.0
134,AO1,2.33
134,AO2,2.67
134,AO3,2.0
134,AO4,2.0
134,IA1,2.0
134,IA2,5.33
134,IA3,4.0
134,IA4,2.0
134,II1,2.67
134,II2,3.0
134,II3,3.0
134,II4,2.33
134,IE1,2.33
134,IE2,2.0
134,IE3,6.0
134,IE4,2.33
134,IO1,2.67
134,IO2,2.33
134,IO3,2.33
134,IO4,2.67
134,EA1,2.33
134,EA2,2.0
134,EA3,2.0
134,EA4,2.0
134,EI1,2.33
134,EI2,4.0
134,EI3,6.0
134,EI4,2.33
134,EE1,2.67
134,EE2,4.0
134,EE3,2.33
134,EE4,2.67
134,EO1,2.67
134,EO2,2.33
134,EO3,2.67
134,EO4,2.33
134,OA1,2.0
134,OA2,2.33
134,OA3,2.0
134,OA4,2.0
134,OI1,2.33
134,OI2,2.33
134,OI3,2.0
134,OI4,2.0
134,OE1,2.0
134,OE2,2.33
134,OE3,2.33
134,OE4,2.67
134,OO1,2.33
134,OO2,2.33
134,OO3,2.33
134,OO4,2.67
135,AA1,2.0
135,AA2,2.33
135,AA3,2.33
135,AA4,2.0
135,AI1,3.0
135,AI2,2.0
135,AI3,3.0
135,AI4,2.0
135,AE1,2.0
135,AE2,5.33
135,AE3,2.0
135,AE4,5.67
135,AO1,2.33
135,AO2,3.0
135,AO3,2.0
135,AO4,2.0
135,IA1,2.0
135,IA2,3.0
135,IA3,4.0
135,IA4,2.0
135,II1,2.67
135,II2,3.0
135,II3,2.33
135,II4,2.67
135,IE1,3.0
135,IE2,4.0
135,IE3,3.33
135,IE4,2.33
135,IO1,2.0
135,IO2,2.67
135,IO3,2.67
135,IO4,2.67
135,EA1,2.67
135,EA2,2.0
135,EA3,2.0
135,EA4,3.33
135,EI1,2.67
135,EI2,5.67
135,EI3,6.0
135,EI4,2.67
135,EE1,2.67
135,EE2,6.0
135,EE3,2.33
135,EE4,2.0
135,EO1,2.33
135,EO2,2.67
135,EO3,2.67
135,EO4,2.33
135,OA1,2.33
135,OA2,2.0
135,OA3,2.0
135,OA4,2.0
135,OI1,2.33
135,OI2,2.67
135,OI3,2.0
135,OI4,2.33
135,OE1,2.33
135,OE2,2.67
135,OE3,2.0
135,OE4,2.67
135,OO1,2.0
135,OO2,2.0
135,OO3,2.67
135,OO4,2.67
136,AA1,2.0
136,AA2,2.33
136,AA3,2.67
136,AA4,2.67
136,AI1,2.67
136,AI2,2.0
136,AI3,6.33
136,AI4,2.0
136,AE1,2.0
136,AE2,3.33
136,AE3,2.0
136,AE4,6.0
136,AO1,3.0
136,AO2,2.67
136,AO3,2.0
136,AO4,2.0
136,IA1,2.0
136,IA2,5.0
136,IA3,5.0
136,IA4,2.0
136,II1,2.67
136,II2,4.0
136,II3,3.0
136,II4,2.67
136,IE1,2.67
136,IE2,6.33
136,IE3,4.0
136,IE4,2.67
136,IO1,3.0
136,IO2,3.0
136,IO3,3.0
136,IO4,2.67
136,EA1,2.67
136,EA2,2.0
136,EA3,2.0
136,EA4,3.33
136,EI1,2.33
136,EI2,7.67
136,EI3,6.0
136,EI4,2.67
136,EE1,2.67
136,EE2,6.0
136,EE3,2.67
136,EE4,3.0
136,EO1,2.67
136,EO2,2.33
136,EO3,2.33
136,EO4,3.0
136,OA1,2.67
136,OA2,3.0
136,OA3,2.0
136,OA4,2.0
136,OI1,3.0
136,OI2,2.33
136,OI3,3.0
136,OI4,3.0
136,OE1,2.33
136,OE2,2.67
136,OE3,2.67
136,OE4,2.33
136,OO1,2.67
136,OO2,3.0
136,OO3,3.0
136,OO4,3.0
137,AA1,2.0
137,AA2,2.0
137,AA3,2.67
137,AA4,2.33
137,AI1,2.0
137,AI2,2.0
137,AI3,2.0
137,AI4,2.0
137,AE1,2.0
137,AE2,2.0
137,AE3,2.0
137,AE4,3.67
137,AO1,2.67
137,AO2,2.67
137,AO3,2.0
137,AO4,2.0
137,IA1,2.0
137,IA2,4.67
137,IA3,3.0
137,IA4,2.0
137,II1,2.67
137,II2,4.33
137,II3,2.0
137,II4,2.67
137,IE1,2.33
137,IE2,4.0
137,IE3,5.33
137,IE4,2.67
137,IO1,2.33
137,IO2,2.67
137,IO3,2.67
137,IO4,2.67
137,EA1,2.33
137,EA2,2.0
137,EA3,2.0
137,EA4,5.0
137,EI1,2.67
137,EI2,5.33
137,EI3,6.0
137,EI4,2.67
137,EE1,3.0
137,EE2,4.0
137,EE3,2.67
137,EE4,2.33
137,EO1,2.67
137,EO2,2.67
137,EO3,2.67
137,EO4,3.0
137,OA1,2.67
137,OA2,2.67
137,OA3,2.0
137,OA4,2.0
137,OI1,3.0
137,OI2,2.33
137,OI3,2.33
137,OI4,2.67
137,OE1,2.67
137,OE2,3.0
137,OE3,2.67
137,OE4,2.67
137,OO1,2.33
137,OO2,2.33
137,OO3,2.33
137,OO4,3.0
138,AA1,2.0
138,AA2,2.33
138,AA3,2.67
138,AA4,2.67
138,AI1,2.67
138,AI2,2.0
138,AI3,5.0
138,AI4,2.0
138,AE1,2.0
138,AE2,3.33
138,AE3,2.0
138,AE4,6.33
138,AO1,2.67
138,AO2,3.0
138,AO3,2.0
138,AO4,2.0
138,IA1,2.0
138,IA2,3.0
138,IA3,3.33
138,IA4,2.0
138,II1,2.33
138,II2,3.67
138,II3,2.33
138,II4,2.33
138,IE1,3.0
138,IE2,7.67
138,IE3,5.67
138,IE4,2.33
138,IO1,3.0
138,IO2,3.0
138,IO3,2.67
138,IO4,2.67
138,EA1,3.0
138,EA2,2.0
138,EA3,2.0
138,EA4,5.33
138,EI1,2.33
138,EI2,4.0
138,EI3,6.0
138,EI4,2.67
138,EE1,2.33
138,EE2,4.0
138,EE3,2.67
138,EE4,2.67
138,EO1,3.0
138,EO2,2.67
138,EO3,2.67
138,EO4,2.33
138,OA1,2.33
138,OA2,2.33
138,OA3,2.0
138,OA4,2.0
138,OI1,2.33
138,OI2,2.67
138,OI3,3.0
138,OI4,2.67
138,OE1,3.0
138,OE2,2.33
138,OE3,2.33
138,OE4,2.33
138,OO1,3.0
138,OO2,2.67
138,OO3,2.33
138,OO4,2.33
139,AA1,2.0
139,AA2,2.67
139,AA3,2.67
139,AA4,2.33
139,AI1,2.33
139,AI2,2.0
139,AI3,2.0
139,AI4,2.0
139,AE1,2.0
139,AE2,2.0
139,AE3,2.0
139,AE4,3.67
139,AO1,2.33
139,AO2,2.0
139,AO3,2.0
139,AO4,2.0
139,IA1,2.0
139,IA2,3.0
139,IA3,3.0
139,IA4,2.0
139,II1,2.33
139,II2,4.0
139,II3,2.33
139,II4,2.0
139,IE1,2.33
139,IE2,5.0
139,IE3,3.67
139,IE4,2.67
139,IO1,2.0
139,IO2,2.33
139,IO3,2.67
139,IO4,2.0
139,EA1,2.33
139,EA2,2.0
139,EA3,2.0
139,EA4,3.33
139,EI1,2.33
139,EI2,2.0
139,EI3,2.0
139,EI4,2.33
139,EE1,2.0
139,EE2,4.0
139,EE3,2.33
139,EE4,3.0
139,EO1,2.0
139,EO2,2.0
139,EO3,3.0
139,EO4,2.67
139,OA1,2.33
139,OA2,2.33
139,OA3,2.0
139,OA4,2.0
139,OI1,2.67
139,OI2,2.33
139,OI3,2.0
139,OI4,2.33
139,OE1,2.0
139,OE2,2.0
139,OE3,2.67
139,OE4,2.33
139,OO1,3.0
139,OO2,2.33
139,OO3,2.0
139,OO4,2.33
