subject_id,sequence,item_id,task_type,task_formal,model_task_index,model_premise_1,model_premise_2,number_models_generated,model_merge_status,model_premises_match
63873,1,125,MT,All B are C/No A are C,1,All B are C,No A are C,2.0,both,True
63873,2,17,MP,All B are C/All A are B,2,All B are C,All A are B,2.15,both,True
63873,3,49,AC,All B are C/All A are C,3,All B are C,All A are C,2.2,both,True
63873,4,7,MP,All B are C/All A are B,2,All B are C,All A are B,2.15,both,True
63873,5,105,DA,All B are C/No A are B,4,All B are C,No A are B,2.5,both,True
63873,6,73,MT,All B are C/No A are C,1,All B are C,No A are C,2.0,both,True
63873,7,120,MP,All B are C/All A are B,2,All B are C,All A are B,2.15,both,True
63873,8,6,DA,All B are C/No A are B,4,All B are C,No A are B,2.5,both,True
63873,9,60,AC,All B are C/All A are C,3,All B are C,All A are C,2.2,both,True
63873,10,35,MT,All B are C/No A are C,1,All B are C,No A are C,2.0,both,True
63873,11,69,DA,All B are C/No A are B,4,All B are C,No A are B,2.5,both,True
63873,12,63,AC,All B are C/All A are C,3,All B are C,All A are C,2.2,both,True
63873,13,28,DA,All B are C/No A are B,4,All B are C,No A are B,2.5,both,True
63873,14,82,DA,All B are C/No A are B,4,All B are C,No A are B,2.5,both,True
63873,15,79,DA,All B are C/No A are B,4,All B are C,No A are B,2.5,both,True
63873,16,90,MT,All B are C/No A are C,1,All B are C,No A are C,2.0,both,True
63873,17,112,MP,All B are C/All A are B,2,All B are C,All A are B,2.15,both,True
63873,18,31,MP,All B are C/All A are B,2,All B are C,All A are B,2.15,both,True
63873,19,20,AC,All B are C/All A are C,3,All B are C,All A are C,2.2,both,True
63873,20,111,MP,All B are C/All A are B,2,All B are C,All A are B,2.15,both,True
63873,21,22,MP,All B are C/All A are B,2,All B are C,All A are B,2.15,both,True
63873,22,18,AC,All B are C/All A are C,3,All B are C,All A are C,2.2,both,True
63873,23,68,MT,All B are C/No A are C,1,All B are C,No A are C,2.0,both,True
63873,24,110,DA,All B are C/No A are B,4,All B are C,No A are B,2.5,both,True
63873,25,13,MP,All B are C/All A are B,2,All B are C,All A are B,2.15,both,True
63873,26,101,MP,All B are C/All A are B,2,All B are C,All A are B,2.15,both,True
63873,27,2,DA,All B are C/No A are B,4,All B are C,No A are B,2.5,both,True
63873,28,58,DA,All B are C/No A are B,4,All B are C,No A are B,2.5,both,True
63873,29,15,MT,All B are C/No A are C,1,All B are C,No A are C,2.0,both,True
63873,30,100,MT,All B are C/No A are C,1,All B are C,No A are C,2.0,both,True
63873,31,83,MT,All B are C/No A are C,1,All B are C,No A are C,2.0,both,True
63873,32,8,AC,All B are C/All A are C,3,All B are C,All A are C,2.2,both,True
63873,33,116,AC,All B are C/All A are C,3,All B are C,All A are C,2.2,both,True
63873,34,51,MT,All B are C/No A are C,1,All B are C,No A are C,2.0,both,True
63873,35,76,MT,All B are C/No A are C,1,All B are C,No A are C,2.0,both,True
63873,36,67,DA,All B are C/No A are B,4,All B are C,No A are B,2.5,both,True
63873,37,16,DA,All B are C/No A are B,4,All B are C,No A are B,2.5,both,True
63873,38,29,MT,All B are C/No A are C,1,All B are C,No A are C,2.0,both,True
63873,39,23,AC,All B are C/All A are C,3,All B are C,All A are C,2.2,both,True
63873,40,3,MT,All B are C/No A are C,1,All B are C,No A are C,2.0,both,True
63873,41,36,DA,All B are C/No A are B,4,All B are C,No A are B,2.5,both,True
63873,42,115,MP,All B are C/All A are B,2,All B are C,All A are B,2.15,both,True
63873,43,99,AC,All B are C/All A are C,3,All B are C,All A are C,2.2,both,True
63873,44,66,MT,All B are C/No A are C,1,All B are C,No A are C,2.0,both,True
63873,45,75,DA,All B are C/No A are B,4,All B are C,No A are B,2.5,both,True
63873,46,26,MP,All B are C/All A are B,2,All B are C,All A are B,2.15,both,True
63873,47,113,MP,All B are C/All A are B,2,All B are C,All A are B,2.15,both,True
63873,48,57,AC,All B are C/All A are C,3,All B are C,All A are C,2.2,both,True
63873,49,64,MP,All B are C/All A are B,2,All B are C,All A are B,2.15,both,True
63873,50,27,AC,All B are C/All A are C,3,All B are C,All A are C,2.2,both,True
63873,51,50,MP,All B are C/All A are B,2,All B are C,All A are B,2.15,both,True
63873,52,81,MP,All B are C/All A are B,2,All B are C,All A are B,2.15,both,True
63873,53,5,MT,All B are C/No A are C,1,All B are C,No A are C,2.0,both,True
63873,54,121,AC,All B are C/All A are C,3,All B are C,All A are C,2.2,both,True
63873,55,91,DA,All B are C/No A are B,4,All B are C,No A are B,2.5,both,True
63873,56,102,AC,All B are C/All A are C,3,All B are C,All A are C,2.2,both,True
63873,57,32,MT,All B are C/No A are C,1,All B are C,No A are C,2.0,both,True
63873,58,123,DA,All B are C/No A are B,4,All B are C,No A are B,2.5,both,True
63873,59,114,AC,All B are C/All A are C,3,All B are C,All A are C,2.2,both,True
63873,60,124,AC,All B are C/All A are C,3,All B are C,All A are C,2.2,both,True
63873,61,48,MP,All B are C/All A are B,2,All B are C,All A are B,2.15,both,True
63873,62,72,DA,All B are C/No A are B,4,All B are C,No A are B,2.5,both,True
63873,63,106,MT,All B are C/No A are C,1,All B are C,No A are C,2.0,both,True
63873,64,80,AC,All B are C/All A are C,3,All B are C,All A are C,2.2,both,True
63884,1,89,DA,All B are C/No A are B,4,All B are C,No A are B,4.2,both,True
63884,2,40,MP,All B are C/All A are B,2,All B are C,All A are B,2.3,both,True
63884,3,84,MT,All B are C/No A are C,1,All B are C,No A are C,2.0,both,True
63884,4,54,DA,All B are C/No A are B,4,All B are C,No A are B,4.2,both,True
63884,5,126,MT,All B are C/No A are C,1,All B are C,No A are C,2.0,both,True
63884,6,78,AC,All B are C/All A are C,3,All B are C,All A are C,2.45,both,True
63884,7,25,AC,All B are C/All A are C,3,All B are C,All A are C,2.45,both,True
63884,8,96,DA,All B are C/No A are B,4,All B are C,No A are B,4.2,both,True
63884,9,24,AC,All B are C/All A are C,3,All B are C,All A are C,2.45,both,True
63884,10,65,MT,All B are C/No A are C,1,All B are C,No A are C,2.0,both,True
63884,11,33,MT,All B are C/No A are C,1,All B are C,No A are C,2.0,both,True
63884,12,45,DA,All B are C/No A are B,4,All B are C,No A are B,4.2,both,True
63884,13,104,DA,All B are C/No A are B,4,All B are C,No A are B,4.2,both,True
63884,14,43,MP,All B are C/All A are B,2,All B are C,All A are B,2.3,both,True
63884,15,70,MT,All B are C/No A are C,1,All B are C,No A are C,2.0,both,True
63884,16,55,MP,All B are C/All A are B,2,All B are C,All A are B,2.3,both,True
63884,17,62,AC,All B are C/All A are C,3,All B are C,All A are C,2.45,both,True
63884,18,122,AC,All B are C/All A are C,3,All B are C,All A are C,2.45,both,True
63884,19,98,AC,All B are C/All A are C,3,All B are C,All A are C,2.45,both,True
63884,20,53,DA,All B are C/No A are B,4,All B are C,No A are B,4.2,both,True
63884,21,37,MT,All B are C/No A are C,1,All B are C,No A are C,2.0,both,True
63884,22,86,MP,All B are C/All A are B,2,All B are C,All A are B,2.3,both,True
63884,23,46,MT,All B are C/No A are C,1,All B are C,No A are C,2.0,both,True
63884,24,94,MP,All B are C/All A are B,2,All B are C,All A are B,2.3,both,True
63884,25,47,AC,All B are C/All A are C,3,All B are C,All A are C,2.45,both,True
63884,26,42,MP,All B are C/All A are B,2,All B are C,All A are B,2.3,both,True
63884,27,87,DA,All B are C/No A are B,4,All B are C,No A are B,4.2,both,True
63884,28,19,AC,All B are C/All A are C,3,All B are C,All A are C,2.45,both,True
63884,29,92,MT,All B are C/No A are C,1,All B are C,No A are C,2.0,both,True
63884,30,109,MP,All B are C/All A are B,2,All B are C,All A are B,2.3,both,True
63884,31,117,AC,All B are C/All A are C,3,All B are C,All A are C,2.45,both,True
63884,32,4,MT,All B are C/No A are C,1,All B are C,No A are C,2.0,both,True
63884,33,1,MT,All B are C/No A are C,1,All B are C,No A are C,2.0,both,True
63884,34,95,MP,All B are C/All A are B,2,All B are C,All A are B,2.3,both,True
63884,35,118,AC,All B are C/All A are C,3,All B are C,All A are C,2.45,both,True
63884,36,93,DA,All B are C/No A are B,4,All B are C,No A are B,4.2,both,True
63884,37,10,DA,All B are C/No A are B,4,All B are C,No A are B,4.2,both,True
63884,38,128,DA,All B are C/No A are B,4,All B are C,No A are B,4.2,both,True
63884,39,74,DA,All B are C/No A are B,4,All B are C,No A are B,4.2,both,True
63884,40,38,DA,All B are C/No A are B,4,All B are C,No A are B,4.2,both,True
63884,41,12,MP,All B are C/All A are B,2,All B are C,All A are B,2.3,both,True
63884,42,39,MP,All B are C/All A are B,2,All B are C,All A are B,2.3,both,True
63884,43,14,MT,All B are C/No A are C,1,All B are C,No A are C,2.0,both,True
63884,44,21,AC,All B are C/All A are C,3,All B are C,All A are C,2.45,both,True
63884,45,127,DA,All B are C/No A are B,4,All B are C,No A are B,4.2,both,True
63884,46,77,MT,All B are C/No A are C,1,All B are C,No A are C,2.0,both,True
63884,47,11,MP,All B are C/All A are B,2,All B are C,All A are B,2.3,both,True
63884,48,85,MP,All B are C/All A are B,2,All B are C,All A are B,2.3,both,True
63884,49,9,AC,All B are C/All A are C,3,All B are C,All A are C,2.45,both,True
63884,50,88,DA,All B are C/No A are B,4,All B are C,No A are B,4.2,both,True
63884,51,52,MP,All B are C/All A are B,2,All B are C,All A are B,2.3,both,True
63884,52,34,MP,All B are C/All A are B,2,All B are C,All A are B,2.3,both,True
63884,53,44,DA,All B are C/No A are B,4,All B are C,No A are B,4.2,both,True
63884,54,108,DA,All B are C/No A are B,4,All B are C,No A are B,4.2,both,True
63884,55,71,MT,All B are C/No A are C,1,All B are C,No A are C,2.0,both,True
63884,56,119,AC,All B are C/All A are C,3,All B are C,All A are C,2.45,both,True
63884,57,107,MT,All B are C/No A are C,1,All B are C,No A are C,2.0,both,True
63884,58,59,AC,All B are C/All A are C,3,All B are C,All A are C,2.45,both,True
63884,59,30,MT,All B are C/No A are C,1,All B are C,No A are C,2.0,both,True
63884,60,56,MP,All B are C/All A are B,2,All B are C,All A are B,2.3,both,True
63884,61,103,AC,All B are C/All A are C,3,All B are C,All A are C,2.45,both,True
63884,62,41,MP,All B are C/All A are B,2,All B are C,All A are B,2.3,both,True
63884,63,97,MT,All B are C/No A are C,1,All B are C,No A are C,2.0,both,True
63884,64,61,AC,All B are C/All A are C,3,All B are C,All A are C,2.45,both,True
63885,1,15,MT,All B are C/No A are C,1,All B are C,No A are C,2.0,both,True
63885,2,113,MP,All B are C/All A are B,2,All B are C,All A are B,2.75,both,True
63885,3,3,MT,All B are C/No A are C,1,All B are C,No A are C,2.0,both,True
63885,4,23,AC,All B are C/All A are C,3,All B are C,All A are C,2.85,both,True
63885,5,83,MT,All B are C/No A are C,1,All B are C,No A are C,2.0,both,True
63885,6,50,MP,All B are C/All A are B,2,All B are C,All A are B,2.75,both,True
63885,7,67,DA,All B are C/No A are B,4,All B are C,No A are B,6.65,both,True
63885,8,99,AC,All B are C/All A are C,3,All B are C,All A are C,2.85,both,True
63885,9,73,MT,All B are C/No A are C,1,All B are C,No A are C,2.0,both,True
63885,10,66,MT,All B are C/No A are C,1,All B are C,No A are C,2.0,both,True
63885,11,75,DA,All B are C/No A are B,4,All B are C,No A are B,6.65,both,True
63885,12,81,MP,All B are C/All A are B,2,All B are C,All A are B,2.75,both,True
63885,13,6,DA,All B are C/No A are B,4,All B are C,No A are B,6.65,both,True
63885,14,100,MT,All B are C/No A are C,1,All B are C,No A are C,2.0,both,True
63885,15,5,MT,All B are C/No A are C,1,All B are C,No A are C,2.0,both,True
63885,16,68,MT,All B are C/No A are C,1,All B are C,No A are C,2.0,both,True
63885,17,111,MP,All B are C/All A are B,2,All B are C,All A are B,2.75,both,True
63885,18,120,MP,All B are C/All A are B,2,All B are C,All A are B,2.75,both,True
63885,19,79,DA,All B are C/No A are B,4,All B are C,No A are B,6.65,both,True
63885,20,80,AC,All B are C/All A are C,3,All B are C,All A are C,2.85,both,True
63885,21,17,MP,All B are C/All A are B,2,All B are C,All A are B,2.75,both,True
63885,22,121,AC,All B are C/All A are C,3,All B are C,All A are C,2.85,both,True
63885,23,51,MT,All B are C/No A are C,1,All B are C,No A are C,2.0,both,True
63885,24,90,MT,All B are C/No A are C,1,All B are C,No A are C,2.0,both,True
63885,25,27,AC,All B are C/All A are C,3,All B are C,All A are C,2.85,both,True
63885,26,82,DA,All B are C/No A are B,4,All B are C,No A are B,6.65,both,True
63885,27,35,MT,All B are C/No A are C,1,All B are C,No A are C,2.0,both,True
63885,28,60,AC,All B are C/All A are C,3,All B are C,All A are C,2.85,both,True
63885,29,13,MP,All B are C/All A are B,2,All B are C,All A are B,2.75,both,True
63885,30,76,MT,All B are C/No A are C,1,All B are C,No A are C,2.0,both,True
63885,31,64,MP,All B are C/All A are B,2,All B are C,All A are B,2.75,both,True
63885,32,29,MT,All B are C/No A are C,1,All B are C,No A are C,2.0,both,True
63885,33,102,AC,All B are C/All A are C,3,All B are C,All A are C,2.85,both,True
63885,34,106,MT,All B are C/No A are C,1,All B are C,No A are C,2.0,both,True
63885,35,123,DA,All B are C/No A are B,4,All B are C,No A are B,6.65,both,True
63885,36,48,MP,All B are C/All A are B,2,All B are C,All A are B,2.75,both,True
63885,37,36,DA,All B are C/No A are B,4,All B are C,No A are B,6.65,both,True
63885,38,112,MP,All B are C/All A are B,2,All B are C,All A are B,2.75,both,True
63885,39,115,MP,All B are C/All A are B,2,All B are C,All A are B,2.75,both,True
63885,40,110,DA,All B are C/No A are B,4,All B are C,No A are B,6.65,both,True
63885,41,58,DA,All B are C/No A are B,4,All B are C,No A are B,6.65,both,True
63885,42,28,DA,All B are C/No A are B,4,All B are C,No A are B,6.65,both,True
63885,43,124,AC,All B are C/All A are C,3,All B are C,All A are C,2.85,both,True
63885,44,57,AC,All B are C/All A are C,3,All B are C,All A are C,2.85,both,True
63885,45,69,DA,All B are C/No A are B,4,All B are C,No A are B,6.65,both,True
63885,46,105,DA,All B are C/No A are B,4,All B are C,No A are B,6.65,both,True
63885,47,26,MP,All B are C/All A are B,2,All B are C,All A are B,2.75,both,True
63885,48,125,MT,All B are C/No A are C,1,All B are C,No A are C,2.0,both,True
63885,49,49,AC,All B are C/All A are C,3,All B are C,All A are C,2.85,both,True
63885,50,116,AC,All B are C/All A are C,3,All B are C,All A are C,2.85,both,True
63885,51,7,MP,All B are C/All A are B,2,All B are C,All A are B,2.75,both,True
63885,52,101,MP,All B are C/All A are B,2,All B are C,All A are B,2.75,both,True
63885,53,114,AC,All B are C/All A are C,3,All B are C,All A are C,2.85,both,True
63885,54,63,AC,All B are C/All A are C,3,All B are C,All A are C,2.85,both,True
63885,55,18,AC,All B are C/All A are C,3,All B are C,All A are C,2.85,both,True
63885,56,32,MT,All B are C/No A are C,1,All B are C,No A are C,2.0,both,True
63885,57,31,MP,All B are C/All A are B,2,All B are C,All A are B,2.75,both,True
63885,58,91,DA,All B are C/No A are B,4,All B are C,No A are B,6.65,both,True
63885,59,16,DA,All B are C/No A are B,4,All B are C,No A are B,6.65,both,True
63885,60,8,AC,All B are C/All A are C,3,All B are C,All A are C,2.85,both,True
63885,61,2,DA,All B are C/No A are B,4,All B are C,No A are B,6.65,both,True
63885,62,72,DA,All B are C/No A are B,4,All B are C,No A are B,6.65,both,True
63885,63,22,MP,All B are C/All A are B,2,All B are C,All A are B,2.75,both,True
63885,64,20,AC,All B are C/All A are C,3,All B are C,All A are C,2.85,both,True
63954,1,1,MT,All B are C/No A are C,1,All B are C,No A are C,2.0,both,True
63954,2,14,MT,All B are C/No A are C,1,All B are C,No A are C,2.0,both,True
63954,3,56,MP,All B are C/All A are B,2,All B are C,All A are B,2.75,both,True
63954,4,71,MT,All B are C/No A are C,1,All B are C,No A are C,2.0,both,True
63954,5,33,MT,All B are C/No A are C,1,All B are C,No A are C,2.0,both,True
63954,6,118,AC,All B are C/All A are C,3,All B are C,All A are C,2.85,both,True
63954,7,59,AC,All B are C/All A are C,3,All B are C,All A are C,2.85,both,True
63954,8,122,AC,All B are C/All A are C,3,All B are C,All A are C,2.85,both,True
63954,9,12,MP,All B are C/All A are B,2,All B are C,All A are B,2.75,both,True
63954,10,10,DA,All B are C/No A are B,4,All B are C,No A are B,6.65,both,True
63954,11,77,MT,All B are C/No A are C,1,All B are C,No A are C,2.0,both,True
63954,12,24,AC,All B are C/All A are C,3,All B are C,All A are C,2.85,both,True
63954,13,44,DA,All B are C/No A are B,4,All B are C,No A are B,6.65,both,True
63954,14,103,AC,All B are C/All A are C,3,All B are C,All A are C,2.85,both,True
63954,15,11,MP,All B are C/All A are B,2,All B are C,All A are B,2.75,both,True
63954,16,39,MP,All B are C/All A are B,2,All B are C,All A are B,2.75,both,True
63954,17,96,DA,All B are C/No A are B,4,All B are C,No A are B,6.65,both,True
63954,18,37,MT,All B are C/No A are C,1,All B are C,No A are C,2.0,both,True
63954,19,74,DA,All B are C/No A are B,4,All B are C,No A are B,6.65,both,True
63954,20,98,AC,All B are C/All A are C,3,All B are C,All A are C,2.85,both,True
63954,21,84,MT,All B are C/No A are C,1,All B are C,No A are C,2.0,both,True
63954,22,53,DA,All B are C/No A are B,4,All B are C,No A are B,6.65,both,True
63954,23,34,MP,All B are C/All A are B,2,All B are C,All A are B,2.75,both,True
63954,24,52,MP,All B are C/All A are B,2,All B are C,All A are B,2.75,both,True
63954,25,88,DA,All B are C/No A are B,4,All B are C,No A are B,6.65,both,True
63954,26,70,MT,All B are C/No A are C,1,All B are C,No A are C,2.0,both,True
63954,27,117,AC,All B are C/All A are C,3,All B are C,All A are C,2.85,both,True
63954,28,109,MP,All B are C/All A are B,2,All B are C,All A are B,2.75,both,True
63954,29,40,MP,All B are C/All A are B,2,All B are C,All A are B,2.75,both,True
63954,30,108,DA,All B are C/No A are B,4,All B are C,No A are B,6.65,both,True
63954,31,21,AC,All B are C/All A are C,3,All B are C,All A are C,2.85,both,True
63954,32,19,AC,All B are C/All A are C,3,All B are C,All A are C,2.85,both,True
63954,33,104,DA,All B are C/No A are B,4,All B are C,No A are B,6.65,both,True
63954,34,62,AC,All B are C/All A are C,3,All B are C,All A are C,2.85,both,True
63954,35,46,MT,All B are C/No A are C,1,All B are C,No A are C,2.0,both,True
63954,36,93,DA,All B are C/No A are B,4,All B are C,No A are B,6.65,both,True
63954,37,95,MP,All B are C/All A are B,2,All B are C,All A are B,2.75,both,True
63954,38,9,AC,All B are C/All A are C,3,All B are C,All A are C,2.85,both,True
63954,39,61,AC,All B are C/All A are C,3,All B are C,All A are C,2.85,both,True
63954,40,45,DA,All B are C/No A are B,4,All B are C,No A are B,6.65,both,True
63954,41,55,MP,All B are C/All A are B,2,All B are C,All A are B,2.75,both,True
63954,42,94,MP,All B are C/All A are B,2,All B are C,All A are B,2.75,both,True
63954,43,43,MP,All B are C/All A are B,2,All B are C,All A are B,2.75,both,True
63954,44,92,MT,All B are C/No A are C,1,All B are C,No A are C,2.0,both,True
63954,45,54,DA,All B are C/No A are B,4,All B are C,No A are B,6.65,both,True
63954,46,4,MT,All B are C/No A are C,1,All B are C,No A are C,2.0,both,True
63954,47,42,MP,All B are C/All A are B,2,All B are C,All A are B,2.75,both,True
63954,48,78,AC,All B are C/All A are C,3,All B are C,All A are C,2.85,both,True
63954,49,119,AC,All B are C/All A are C,3,All B are C,All A are C,2.85,both,True
63954,50,85,MP,All B are C/All A are B,2,All B are C,All A are B,2.75,both,True
63954,51,126,MT,All B are C/No A are C,1,All B are C,No A are C,2.0,both,True
63954,52,87,DA,All B are C/No A are B,4,All B are C,No A are B,6.65,both,True
63954,53,86,MP,All B are C/All A are B,2,All B are C,All A are B,2.75,both,True
63954,54,97,MT,All B are C/No A are C,1,All B are C,No A are C,2.0,both,True
63954,55,107,MT,All B are C/No A are C,1,All B are C,No A are C,2.0,both,True
63954,56,30,MT,All B are C/No A are C,1,All B are C,No A are C,2.0,both,True
63954,57,65,MT,All B are C/No A are C,1,All B are C,No A are C,2.0,both,True
63954,58,25,AC,All B are C/All A are C,3,All B are C,All A are C,2.85,both,True
63954,59,89,DA,All B are C/No A are B,4,All B are C,No A are B,6.65,both,True
63954,60,38,DA,All B are C/No A are B,4,All B are C,No A are B,6.65,both,True
63954,61,47,AC,All B are C/All A are C,3,All B are C,All A are C,2.85,both,True
63954,62,128,DA,All B are C/No A are B,4,All B are C,No A are B,6.65,both,True
63954,63,41,MP,All B are C/All A are B,2,All B are C,All A are B,2.75,both,True
63954,64,127,DA,All B are C/No A are B,4,All B are C,No A are B,6.65,both,True
63969,1,58,DA,All B are C/No A are B,4,All B are C,No A are B,2.75,both,True
63969,2,82,DA,All B are C/No A are B,4,All B are C,No A are B,2.75,both,True
63969,3,29,MT,All B are C/No A are C,1,All B are C,No A are C,2.0,both,True
63969,4,124,AC,All B are C/All A are C,3,All B are C,All A are C,2.1,both,True
63969,5,110,DA,All B are C/No A are B,4,All B are C,No A are B,2.75,both,True
63969,6,23,AC,All B are C/All A are C,3,All B are C,All A are C,2.1,both,True
63969,7,102,AC,All B are C/All A are C,3,All B are C,All A are C,2.1,both,True
63969,8,57,AC,All B are C/All A are C,3,All B are C,All A are C,2.1,both,True
63969,9,123,DA,All B are C/No A are B,4,All B are C,No A are B,2.75,both,True
63969,10,36,DA,All B are C/No A are B,4,All B are C,No A are B,2.75,both,True
63969,11,32,MT,All B are C/No A are C,1,All B are C,No A are C,2.0,both,True
63969,12,100,MT,All B are C/No A are C,1,All B are C,No A are C,2.0,both,True
63969,13,63,AC,All B are C/All A are C,3,All B are C,All A are C,2.1,both,True
63969,14,73,MT,All B are C/No A are C,1,All B are C,No A are C,2.0,both,True
63969,15,99,AC,All B are C/All A are C,3,All B are C,All A are C,2.1,both,True
63969,16,22,MP,All B are C/All A are B,2,All B are C,All A are B,2.0,both,True
63969,17,105,DA,All B are C/No A are B,4,All B are C,No A are B,2.75,both,True
63969,18,113,MP,All B are C/All A are B,2,All B are C,All A are B,2.0,both,True
63969,19,27,AC,All B are C/All A are C,3,All B are C,All A are C,2.1,both,True
63969,20,51,MT,All B are C/No A are C,1,All B are C,No A are C,2.0,both,True
63969,21,7,MP,All B are C/All A are B,2,All B are C,All A are B,2.0,both,True
63969,22,49,AC,All B are C/All A are C,3,All B are C,All A are C,2.1,both,True
63969,23,15,MT,All B are C/No A are C,1,All B are C,No A are C,2.0,both,True
63969,24,69,DA,All B are C/No A are B,4,All B are C,No A are B,2.75,both,True
63969,25,5,MT,All B are C/No A are C,1,All B are C,No A are C,2.0,both,True
63969,26,121,AC,All B are C/All A are C,3,All B are C,All A are C,2.1,both,True
63969,27,75,DA,All B are C/No A are B,4,All B are C,No A are B,2.75,both,True
63969,28,16,DA,All B are C/No A are B,4,All B are C,No A are B,2.75,both,True
63969,29,115,MP,All B are C/All A are B,2,All B are C,All A are B,2.0,both,True
63969,30,66,MT,All B are C/No A are C,1,All B are C,No A are C,2.0,both,True
63969,31,125,MT,All B are C/No A are C,1,All B are C,No A are C,2.0,both,True
63969,32,76,MT,All B are C/No A are C,1,All B are C,No A are C,2.0,both,True
63969,33,13,MP,All B are C/All A are B,2,All B are C,All A are B,2.0,both,True
63969,34,91,DA,All B are C/No A are B,4,All B are C,No A are B,2.75,both,True
63969,35,20,AC,All B are C/All A are C,3,All B are C,All A are C,2.1,both,True
63969,36,111,MP,All B are C/All A are B,2,All B are C,All A are B,2.0,both,True
63969,37,64,MP,All B are C/All A are B,2,All B are C,All A are B,2.0,both,True
63969,38,26,MP,All B are C/All A are B,2,All B are C,All A are B,2.0,both,True
63969,39,79,DA,All B are C/No A are B,4,All B are C,No A are B,2.75,both,True
63969,40,17,MP,All B are C/All A are B,2,All B are C,All A are B,2.0,both,True
63969,41,101,MP,All B are C/All A are B,2,All B are C,All A are B,2.0,both,True
63969,42,50,MP,All B are C/All A are B,2,All B are C,All A are B,2.0,both,True
63969,43,120,MP,All B are C/All A are B,2,All B are C,All A are B,2.0,both,True
63969,44,8,AC,All B are C/All A are C,3,All B are C,All A are C,2.1,both,True
63969,45,31,MP,All B are C/All A are B,2,All B are C,All A are B,2.0,both,True
63969,46,106,MT,All B are C/No A are C,1,All B are C,No A are C,2.0,both,True
63969,47,28,DA,All B are C/No A are B,4,All B are C,No A are B,2.75,both,True
63969,48,3,MT,All B are C/No A are C,1,All B are C,No A are C,2.0,both,True
63969,49,81,MP,All B are C/All A are B,2,All B are C,All A are B,2.0,both,True
63969,50,48,MP,All B are C/All A are B,2,All B are C,All A are B,2.0,both,True
63969,51,112,MP,All B are C/All A are B,2,All B are C,All A are B,2.0,both,True
63969,52,72,DA,All B are C/No A are B,4,All B are C,No A are B,2.75,both,True
63969,53,60,AC,All B are C/All A are C,3,All B are C,All A are C,2.1,both,True
63969,54,90,MT,All B are C/No A are C,1,All B are C,No A are C,2.0,both,True
63969,55,67,DA,All B are C/No A are B,4,All B are C,No A are B,2.75,both,True
63969,56,68,MT,All B are C/No A are C,1,All B are C,No A are C,2.0,both,True
63969,57,6,DA,All B are C/No A are B,4,All B are C,No A are B,2.75,both,True
63969,58,80,AC,All B are C/All A are C,3,All B are C,All A are C,2.1,both,True
63969,59,83,MT,All B are C/No A are C,1,All B are C,No A are C,2.0,both,True
63969,60,116,AC,All B are C/All A are C,3,All B are C,All A are C,2.1,both,True
63969,61,2,DA,All B are C/No A are B,4,All B are C,No A are B,2.75,both,True
63969,62,18,AC,All B are C/All A are C,3,All B are C,All A are C,2.1,both,True
63969,63,35,MT,All B are C/No A are C,1,All B are C,No A are C,2.0,both,True
63969,64,114,AC,All B are C/All A are C,3,All B are C,All A are C,2.1,both,True
63977,1,33,MT,All B are C/No A are C,1,All B are C,No A are C,2.0,both,True
63977,2,88,DA,All B are C/No A are B,4,All B are C,No A are B,2.75,both,True
63977,3,95,MP,All B are C/All A are B,2,All B are C,All A are B,2.0,both,True
63977,4,41,MP,All B are C/All A are B,2,All B are C,All A are B,2.0,both,True
63977,5,107,MT,All B are C/No A are C,1,All B are C,No A are C,2.0,both,True
63977,6,44,DA,All B are C/No A are B,4,All B are C,No A are B,2.75,both,True
63977,7,65,MT,All B are C/No A are C,1,All B are C,No A are C,2.0,both,True
63977,8,34,MP,All B are C/All A are B,2,All B are C,All A are B,2.0,both,True
63977,9,126,MT,All B are C/No A are C,1,All B are C,No A are C,2.0,both,True
63977,10,30,MT,All B are C/No A are C,1,All B are C,No A are C,2.0,both,True
63977,11,4,MT,All B are C/No A are C,1,All B are C,No A are C,2.0,both,True
63977,12,46,MT,All B are C/No A are C,1,All B are C,No A are C,2.0,both,True
63977,13,128,DA,All B are C/No A are B,4,All B are C,No A are B,2.75,both,True
63977,14,103,AC,All B are C/All A are C,3,All B are C,All A are C,2.1,both,True
63977,15,96,DA,All B are C/No A are B,4,All B are C,No A are B,2.75,both,True
63977,16,109,MP,All B are C/All A are B,2,All B are C,All A are B,2.0,both,True
63977,17,118,AC,All B are C/All A are C,3,All B are C,All A are C,2.1,both,True
63977,18,38,DA,All B are C/No A are B,4,All B are C,No A are B,2.75,both,True
63977,19,39,MP,All B are C/All A are B,2,All B are C,All A are B,2.0,both,True
63977,20,78,AC,All B are C/All A are C,3,All B are C,All A are C,2.1,both,True
63977,21,74,DA,All B are C/No A are B,4,All B are C,No A are B,2.75,both,True
63977,22,10,DA,All B are C/No A are B,4,All B are C,No A are B,2.75,both,True
63977,23,42,MP,All B are C/All A are B,2,All B are C,All A are B,2.0,both,True
63977,24,89,DA,All B are C/No A are B,4,All B are C,No A are B,2.75,both,True
63977,25,127,DA,All B are C/No A are B,4,All B are C,No A are B,2.75,both,True
63977,26,117,AC,All B are C/All A are C,3,All B are C,All A are C,2.1,both,True
63977,27,77,MT,All B are C/No A are C,1,All B are C,No A are C,2.0,both,True
63977,28,14,MT,All B are C/No A are C,1,All B are C,No A are C,2.0,both,True
63977,29,47,AC,All B are C/All A are C,3,All B are C,All A are C,2.1,both,True
63977,30,12,MP,All B are C/All A are B,2,All B are C,All A are B,2.0,both,True
63977,31,85,MP,All B are C/All A are B,2,All B are C,All A are B,2.0,both,True
63977,32,9,AC,All B are C/All A are C,3,All B are C,All A are C,2.1,both,True
63977,33,40,MP,All B are C/All A are B,2,All B are C,All A are B,2.0,both,True
63977,34,21,AC,All B are C/All A are C,3,All B are C,All A are C,2.1,both,True
63977,35,11,MP,All B are C/All A are B,2,All B are C,All A are B,2.0,both,True
63977,36,24,AC,All B are C/All A are C,3,All B are C,All A are C,2.1,both,True
63977,37,86,MP,All B are C/All A are B,2,All B are C,All A are B,2.0,both,True
63977,38,119,AC,All B are C/All A are C,3,All B are C,All A are C,2.1,both,True
63977,39,55,MP,All B are C/All A are B,2,All B are C,All A are B,2.0,both,True
63977,40,104,DA,All B are C/No A are B,4,All B are C,No A are B,2.75,both,True
63977,41,97,MT,All B are C/No A are C,1,All B are C,No A are C,2.0,both,True
63977,42,122,AC,All B are C/All A are C,3,All B are C,All A are C,2.1,both,True
63977,43,52,MP,All B are C/All A are B,2,All B are C,All A are B,2.0,both,True
63977,44,25,AC,All B are C/All A are C,3,All B are C,All A are C,2.1,both,True
63977,45,19,AC,All B are C/All A are C,3,All B are C,All A are C,2.1,both,True
63977,46,108,DA,All B are C/No A are B,4,All B are C,No A are B,2.75,both,True
63977,47,84,MT,All B are C/No A are C,1,All B are C,No A are C,2.0,both,True
63977,48,56,MP,All B are C/All A are B,2,All B are C,All A are B,2.0,both,True
63977,49,61,AC,All B are C/All A are C,3,All B are C,All A are C,2.1,both,True
63977,50,92,MT,All B are C/No A are C,1,All B are C,No A are C,2.0,both,True
63977,51,1,MT,All B are C/No A are C,1,All B are C,No A are C,2.0,both,True
63977,52,54,DA,All B are C/No A are B,4,All B are C,No A are B,2.75,both,True
63977,53,62,AC,All B are C/All A are C,3,All B are C,All A are C,2.1,both,True
63977,54,93,DA,All B are C/No A are B,4,All B are C,No A are B,2.75,both,True
63977,55,59,AC,All B are C/All A are C,3,All B are C,All A are C,2.1,both,True
63977,56,98,AC,All B are C/All A are C,3,All B are C,All A are C,2.1,both,True
63977,57,70,MT,All B are C/No A are C,1,All B are C,No A are C,2.0,both,True
63977,58,43,MP,All B are C/All A are B,2,All B are C,All A are B,2.0,both,True
63977,59,53,DA,All B are C/No A are B,4,All B are C,No A are B,2.75,both,True
63977,60,87,DA,All B are C/No A are B,4,All B are C,No A are B,2.75,both,True
63977,61,71,MT,All B are C/No A are C,1,All B are C,No A are C,2.0,both,True
63977,62,94,MP,All B are C/All A are B,2,All B are C,All A are B,2.0,both,True
63977,63,45,DA,All B are C/No A are B,4,All B are C,No A are B,2.75,both,True
63977,64,37,MT,All B are C/No A are C,1,All B are C,No A are C,2.0,both,True
63978,1,101,MP,All B are C/All A are B,2,All B are C,All A are B,2.0,both,True
63978,2,36,DA,All B are C/No A are B,4,All B are C,No A are B,2.75,both,True
63978,3,125,MT,All B are C/No A are C,1,All B are C,No A are C,2.0,both,True
63978,4,15,MT,All B are C/No A are C,1,All B are C,No A are C,2.0,both,True
63978,5,99,AC,All B are C/All A are C,3,All B are C,All A are C,2.1,both,True
63978,6,83,MT,All B are C/No A are C,1,All B are C,No A are C,2.0,both,True
63978,7,105,DA,All B are C/No A are B,4,All B are C,No A are B,2.75,both,True
63978,8,2,DA,All B are C/No A are B,4,All B are C,No A are B,2.75,both,True
63978,9,8,AC,All B are C/All A are C,3,All B are C,All A are C,2.1,both,True
63978,10,48,MP,All B are C/All A are B,2,All B are C,All A are B,2.0,both,True
63978,11,26,MP,All B are C/All A are B,2,All B are C,All A are B,2.0,both,True
63978,12,121,AC,All B are C/All A are C,3,All B are C,All A are C,2.1,both,True
63978,13,106,MT,All B are C/No A are C,1,All B are C,No A are C,2.0,both,True
63978,14,115,MP,All B are C/All A are B,2,All B are C,All A are B,2.0,both,True
63978,15,91,DA,All B are C/No A are B,4,All B are C,No A are B,2.75,both,True
63978,16,113,MP,All B are C/All A are B,2,All B are C,All A are B,2.0,both,True
63978,17,64,MP,All B are C/All A are B,2,All B are C,All A are B,2.0,both,True
63978,18,116,AC,All B are C/All A are C,3,All B are C,All A are C,2.1,both,True
63978,19,27,AC,All B are C/All A are C,3,All B are C,All A are C,2.1,both,True
63978,20,120,MP,All B are C/All A are B,2,All B are C,All A are B,2.0,both,True
63978,21,29,MT,All B are C/No A are C,1,All B are C,No A are C,2.0,both,True
63978,22,111,MP,All B are C/All A are B,2,All B are C,All A are B,2.0,both,True
63978,23,49,AC,All B are C/All A are C,3,All B are C,All A are C,2.1,both,True
63978,24,123,DA,All B are C/No A are B,4,All B are C,No A are B,2.75,both,True
63978,25,28,DA,All B are C/No A are B,4,All B are C,No A are B,2.75,both,True
63978,26,20,AC,All B are C/All A are C,3,All B are C,All A are C,2.1,both,True
63978,27,73,MT,All B are C/No A are C,1,All B are C,No A are C,2.0,both,True
63978,28,100,MT,All B are C/No A are C,1,All B are C,No A are C,2.0,both,True
63978,29,32,MT,All B are C/No A are C,1,All B are C,No A are C,2.0,both,True
63978,30,35,MT,All B are C/No A are C,1,All B are C,No A are C,2.0,both,True
63978,31,72,DA,All B are C/No A are B,4,All B are C,No A are B,2.75,both,True
63978,32,17,MP,All B are C/All A are B,2,All B are C,All A are B,2.0,both,True
63978,33,67,DA,All B are C/No A are B,4,All B are C,No A are B,2.75,both,True
63978,34,7,MP,All B are C/All A are B,2,All B are C,All A are B,2.0,both,True
63978,35,13,MP,All B are C/All A are B,2,All B are C,All A are B,2.0,both,True
63978,36,76,MT,All B are C/No A are C,1,All B are C,No A are C,2.0,both,True
63978,37,75,DA,All B are C/No A are B,4,All B are C,No A are B,2.75,both,True
63978,38,31,MP,All B are C/All A are B,2,All B are C,All A are B,2.0,both,True
63978,39,57,AC,All B are C/All A are C,3,All B are C,All A are C,2.1,both,True
63978,40,80,AC,All B are C/All A are C,3,All B are C,All A are C,2.1,both,True
63978,41,16,DA,All B are C/No A are B,4,All B are C,No A are B,2.75,both,True
63978,42,5,MT,All B are C/No A are C,1,All B are C,No A are C,2.0,both,True
63978,43,22,MP,All B are C/All A are B,2,All B are C,All A are B,2.0,both,True
63978,44,102,AC,All B are C/All A are C,3,All B are C,All A are C,2.1,both,True
63978,45,82,DA,All B are C/No A are B,4,All B are C,No A are B,2.75,both,True
63978,46,110,DA,All B are C/No A are B,4,All B are C,No A are B,2.75,both,True
63978,47,112,MP,All B are C/All A are B,2,All B are C,All A are B,2.0,both,True
63978,48,18,AC,All B are C/All A are C,3,All B are C,All A are C,2.1,both,True
63978,49,51,MT,All B are C/No A are C,1,All B are C,No A are C,2.0,both,True
63978,50,58,DA,All B are C/No A are B,4,All B are C,No A are B,2.75,both,True
63978,51,63,AC,All B are C/All A are C,3,All B are C,All A are C,2.1,both,True
63978,52,81,MP,All B are C/All A are B,2,All B are C,All A are B,2.0,both,True
63978,53,66,MT,All B are C/No A are C,1,All B are C,No A are C,2.0,both,True
63978,54,6,DA,All B are C/No A are B,4,All B are C,No A are B,2.75,both,True
63978,55,23,AC,All B are C/All A are C,3,All B are C,All A are C,2.1,both,True
63978,56,3,MT,All B are C/No A are C,1,All B are C,No A are C,2.0,both,True
63978,57,69,DA,All B are C/No A are B,4,All B are C,No A are B,2.75,both,True
63978,58,79,DA,All B are C/No A are B,4,All B are C,No A are B,2.75,both,True
63978,59,60,AC,All B are C/All A are C,3,All B are C,All A are C,2.1,both,True
63978,60,124,AC,All B are C/All A are C,3,All B are C,All A are C,2.1,both,True
63978,61,50,MP,All B are C/All A are B,2,All B are C,All A are B,2.0,both,True
63978,62,68,MT,All B are C/No A are C,1,All B are C,No A are C,2.0,both,True
63978,63,114,AC,All B are C/All A are C,3,All B are C,All A are C,2.1,both,True
63978,64,90,MT,All B are C/No A are C,1,All B are C,No A are C,2.0,both,True
64012,1,28,DA,All B are C/No A are B,4,All B are C,No A are B,6.65,both,True
64012,2,51,MT,All B are C/No A are C,1,All B are C,No A are C,2.0,both,True
64012,3,27,AC,All B are C/All A are C,3,All B are C,All A are C,2.85,both,True
64012,4,60,AC,All B are C/All A are C,3,All B are C,All A are C,2.85,both,True
64012,5,32,MT,All B are C/No A are C,1,All B are C,No A are C,2.0,both,True
64012,6,68,MT,All B are C/No A are C,1,All B are C,No A are C,2.0,both,True
64012,7,35,MT,All B are C/No A are C,1,All B are C,No A are C,2.0,both,True
64012,8,80,AC,All B are C/All A are C,3,All B are C,All A are C,2.85,both,True
64012,9,72,DA,All B are C/No A are B,4,All B are C,No A are B,6.65,both,True
64012,10,50,MP,All B are C/All A are B,2,All B are C,All A are B,2.75,both,True
64012,11,8,AC,All B are C/All A are C,3,All B are C,All A are C,2.85,both,True
64012,12,20,AC,All B are C/All A are C,3,All B are C,All A are C,2.85,both,True
64012,13,111,MP,All B are C/All A are B,2,All B are C,All A are B,2.75,both,True
64012,14,76,MT,All B are C/No A are C,1,All B are C,No A are C,2.0,both,True
64012,15,29,MT,All B are C/No A are C,1,All B are C,No A are C,2.0,both,True
64012,16,5,MT,All B are C/No A are C,1,All B are C,No A are C,2.0,both,True
64012,17,75,DA,All B are C/No A are B,4,All B are C,No A are B,6.65,both,True
64012,18,3,MT,All B are C/No A are C,1,All B are C,No A are C,2.0,both,True
64012,19,67,DA,All B are C/No A are B,4,All B are C,No A are B,6.65,both,True
64012,20,13,MP,All B are C/All A are B,2,All B are C,All A are B,2.75,both,True
64012,21,22,MP,All B are C/All A are B,2,All B are C,All A are B,2.75,both,True
64012,22,6,DA,All B are C/No A are B,4,All B are C,No A are B,6.65,both,True
64012,23,64,MP,All B are C/All A are B,2,All B are C,All A are B,2.75,both,True
64012,24,110,DA,All B are C/No A are B,4,All B are C,No A are B,6.65,both,True
64012,25,81,MP,All B are C/All A are B,2,All B are C,All A are B,2.75,both,True
64012,26,73,MT,All B are C/No A are C,1,All B are C,No A are C,2.0,both,True
64012,27,48,MP,All B are C/All A are B,2,All B are C,All A are B,2.75,both,True
64012,28,90,MT,All B are C/No A are C,1,All B are C,No A are C,2.0,both,True
64012,29,7,MP,All B are C/All A are B,2,All B are C,All A are B,2.75,both,True
64012,30,63,AC,All B are C/All A are C,3,All B are C,All A are C,2.85,both,True
64012,31,18,AC,All B are C/All A are C,3,All B are C,All A are C,2.85,both,True
64012,32,15,MT,All B are C/No A are C,1,All B are C,No A are C,2.0,both,True
64012,33,114,AC,All B are C/All A are C,3,All B are C,All A are C,2.85,both,True
64012,34,124,AC,All B are C/All A are C,3,All B are C,All A are C,2.85,both,True
64012,35,49,AC,All B are C/All A are C,3,All B are C,All A are C,2.85,both,True
64012,36,100,MT,All B are C/No A are C,1,All B are C,No A are C,2.0,both,True
64012,37,115,MP,All B are C/All A are B,2,All B are C,All A are B,2.75,both,True
64012,38,116,AC,All B are C/All A are C,3,All B are C,All A are C,2.85,both,True
64012,39,123,DA,All B are C/No A are B,4,All B are C,No A are B,6.65,both,True
64012,40,26,MP,All B are C/All A are B,2,All B are C,All A are B,2.75,both,True
64012,41,17,MP,All B are C/All A are B,2,All B are C,All A are B,2.75,both,True
64012,42,58,DA,All B are C/No A are B,4,All B are C,No A are B,6.65,both,True
64012,43,23,AC,All B are C/All A are C,3,All B are C,All A are C,2.85,both,True
64012,44,99,AC,All B are C/All A are C,3,All B are C,All A are C,2.85,both,True
64012,45,120,MP,All B are C/All A are B,2,All B are C,All A are B,2.75,both,True
64012,46,2,DA,All B are C/No A are B,4,All B are C,No A are B,6.65,both,True
64012,47,31,MP,All B are C/All A are B,2,All B are C,All A are B,2.75,both,True
64012,48,125,MT,All B are C/No A are C,1,All B are C,No A are C,2.0,both,True
64012,49,113,MP,All B are C/All A are B,2,All B are C,All A are B,2.75,both,True
64012,50,69,DA,All B are C/No A are B,4,All B are C,No A are B,6.65,both,True
64012,51,57,AC,All B are C/All A are C,3,All B are C,All A are C,2.85,both,True
64012,52,79,DA,All B are C/No A are B,4,All B are C,No A are B,6.65,both,True
64012,53,101,MP,All B are C/All A are B,2,All B are C,All A are B,2.75,both,True
64012,54,82,DA,All B are C/No A are B,4,All B are C,No A are B,6.65,both,True
64012,55,91,DA,All B are C/No A are B,4,All B are C,No A are B,6.65,both,True
64012,56,121,AC,All B are C/All A are C,3,All B are C,All A are C,2.85,both,True
64012,57,106,MT,All B are C/No A are C,1,All B are C,No A are C,2.0,both,True
64012,58,102,AC,All B are C/All A are C,3,All B are C,All A are C,2.85,both,True
64012,59,16,DA,All B are C/No A are B,4,All B are C,No A are B,6.65,both,True
64012,60,36,DA,All B are C/No A are B,4,All B are C,No A are B,6.65,both,True
64012,61,112,MP,All B are C/All A are B,2,All B are C,All A are B,2.75,both,True
64012,62,66,MT,All B are C/No A are C,1,All B are C,No A are C,2.0,both,True
64012,63,83,MT,All B are C/No A are C,1,All B are C,No A are C,2.0,both,True
64012,64,105,DA,All B are C/No A are B,4,All B are C,No A are B,6.65,both,True
64037,1,126,MT,All B are C/No A are C,1,All B are C,No A are C,2.0,both,True
64037,2,10,DA,All B are C/No A are B,4,All B are C,No A are B,2.75,both,True
64037,3,96,DA,All B are C/No A are B,4,All B are C,No A are B,2.75,both,True
64037,4,78,AC,All B are C/All A are C,3,All B are C,All A are C,2.1,both,True
64037,5,62,AC,All B are C/All A are C,3,All B are C,All A are C,2.1,both,True
64037,6,46,MT,All B are C/No A are C,1,All B are C,No A are C,2.0,both,True
64037,7,89,DA,All B are C/No A are B,4,All B are C,No A are B,2.75,both,True
64037,8,117,AC,All B are C/All A are C,3,All B are C,All A are C,2.1,both,True
64037,9,86,MP,All B are C/All A are B,2,All B are C,All A are B,2.0,both,True
64037,10,119,AC,All B are C/All A are C,3,All B are C,All A are C,2.1,both,True
64037,11,30,MT,All B are C/No A are C,1,All B are C,No A are C,2.0,both,True
64037,12,87,DA,All B are C/No A are B,4,All B are C,No A are B,2.75,both,True
64037,13,127,DA,All B are C/No A are B,4,All B are C,No A are B,2.75,both,True
64037,14,54,DA,All B are C/No A are B,4,All B are C,No A are B,2.75,both,True
64037,15,92,MT,All B are C/No A are C,1,All B are C,No A are C,2.0,both,True
64037,16,71,MT,All B are C/No A are C,1,All B are C,No A are C,2.0,both,True
64037,17,14,MT,All B are C/No A are C,1,All B are C,No A are C,2.0,both,True
64037,18,25,AC,All B are C/All A are C,3,All B are C,All A are C,2.1,both,True
64037,19,84,MT,All B are C/No A are C,1,All B are C,No A are C,2.0,both,True
64037,20,42,MP,All B are C/All A are B,2,All B are C,All A are B,2.0,both,True
64037,21,107,MT,All B are C/No A are C,1,All B are C,No A are C,2.0,both,True
64037,22,122,AC,All B are C/All A are C,3,All B are C,All A are C,2.1,both,True
64037,23,93,DA,All B are C/No A are B,4,All B are C,No A are B,2.75,both,True
64037,24,1,MT,All B are C/No A are C,1,All B are C,No A are C,2.0,both,True
64037,25,39,MP,All B are C/All A are B,2,All B are C,All A are B,2.0,both,True
64037,26,104,DA,All B are C/No A are B,4,All B are C,No A are B,2.75,both,True
64037,27,24,AC,All B are C/All A are C,3,All B are C,All A are C,2.1,both,True
64037,28,53,DA,All B are C/No A are B,4,All B are C,No A are B,2.75,both,True
64037,29,94,MP,All B are C/All A are B,2,All B are C,All A are B,2.0,both,True
64037,30,44,DA,All B are C/No A are B,4,All B are C,No A are B,2.75,both,True
64037,31,108,DA,All B are C/No A are B,4,All B are C,No A are B,2.75,both,True
64037,32,34,MP,All B are C/All A are B,2,All B are C,All A are B,2.0,both,True
64037,33,95,MP,All B are C/All A are B,2,All B are C,All A are B,2.0,both,True
64037,34,65,MT,All B are C/No A are C,1,All B are C,No A are C,2.0,both,True
64037,35,55,MP,All B are C/All A are B,2,All B are C,All A are B,2.0,both,True
64037,36,109,MP,All B are C/All A are B,2,All B are C,All A are B,2.0,both,True
64037,37,103,AC,All B are C/All A are C,3,All B are C,All A are C,2.1,both,True
64037,38,12,MP,All B are C/All A are B,2,All B are C,All A are B,2.0,both,True
64037,39,43,MP,All B are C/All A are B,2,All B are C,All A are B,2.0,both,True
64037,40,33,MT,All B are C/No A are C,1,All B are C,No A are C,2.0,both,True
64037,41,21,AC,All B are C/All A are C,3,All B are C,All A are C,2.1,both,True
64037,42,61,AC,All B are C/All A are C,3,All B are C,All A are C,2.1,both,True
64037,43,85,MP,All B are C/All A are B,2,All B are C,All A are B,2.0,both,True
64037,44,59,AC,All B are C/All A are C,3,All B are C,All A are C,2.1,both,True
64037,45,74,DA,All B are C/No A are B,4,All B are C,No A are B,2.75,both,True
64037,46,45,DA,All B are C/No A are B,4,All B are C,No A are B,2.75,both,True
64037,47,70,MT,All B are C/No A are C,1,All B are C,No A are C,2.0,both,True
64037,48,11,MP,All B are C/All A are B,2,All B are C,All A are B,2.0,both,True
64037,49,47,AC,All B are C/All A are C,3,All B are C,All A are C,2.1,both,True
64037,50,128,DA,All B are C/No A are B,4,All B are C,No A are B,2.75,both,True
64037,51,9,AC,All B are C/All A are C,3,All B are C,All A are C,2.1,both,True
64037,52,19,AC,All B are C/All A are C,3,All B are C,All A are C,2.1,both,True
64037,53,40,MP,All B are C/All A are B,2,All B are C,All A are B,2.0,both,True
64037,54,52,MP,All B are C/All A are B,2,All B are C,All A are B,2.0,both,True
64037,55,4,MT,All B are C/No A are C,1,All B are C,No A are C,2.0,both,True
64037,56,97,MT,All B are C/No A are C,1,All B are C,No A are C,2.0,both,True
64037,57,98,AC,All B are C/All A are C,3,All B are C,All A are C,2.1,both,True
64037,58,77,MT,All B are C/No A are C,1,All B are C,No A are C,2.0,both,True
64037,59,41,MP,All B are C/All A are B,2,All B are C,All A are B,2.0,both,True
64037,60,38,DA,All B are C/No A are B,4,All B are C,No A are B,2.75,both,True
64037,61,37,MT,All B are C/No A are C,1,All B are C,No A are C,2.0,both,True
64037,62,88,DA,All B are C/No A are B,4,All B are C,No A are B,2.75,both,True
64037,63,56,MP,All B are C/All A are B,2,All B are C,All A are B,2.0,both,True
64037,64,118,AC,All B are C/All A are C,3,All B are C,All A are C,2.1,both,True
64038,1,61,AC,All B are C/All A are C,3,All B are C,All A are C,2.1,both,True
64038,2,89,DA,All B are C/No A are B,4,All B are C,No A are B,2.75,both,True
64038,3,92,MT,All B are C/No A are C,1,All B are C,No A are C,2.0,both,True
64038,4,85,MP,All B are C/All A are B,2,All B are C,All A are B,2.0,both,True
64038,5,87,DA,All B are C/No A are B,4,All B are C,No A are B,2.75,both,True
64038,6,119,AC,All B are C/All A are C,3,All B are C,All A are C,2.1,both,True
64038,7,117,AC,All B are C/All A are C,3,All B are C,All A are C,2.1,both,True
64038,8,84,MT,All B are C/No A are C,1,All B are C,No A are C,2.0,both,True
64038,9,52,MP,All B are C/All A are B,2,All B are C,All A are B,2.0,both,True
64038,10,9,AC,All B are C/All A are C,3,All B are C,All A are C,2.1,both,True
64038,11,38,DA,All B are C/No A are B,4,All B are C,No A are B,2.75,both,True
64038,12,34,MP,All B are C/All A are B,2,All B are C,All A are B,2.0,both,True
64038,13,19,AC,All B are C/All A are C,3,All B are C,All A are C,2.1,both,True
64038,14,12,MP,All B are C/All A are B,2,All B are C,All A are B,2.0,both,True
64038,15,10,DA,All B are C/No A are B,4,All B are C,No A are B,2.75,both,True
64038,16,88,DA,All B are C/No A are B,4,All B are C,No A are B,2.75,both,True
64038,17,54,DA,All B are C/No A are B,4,All B are C,No A are B,2.75,both,True
64038,18,65,MT,All B are C/No A are C,1,All B are C,No A are C,2.0,both,True
64038,19,93,DA,All B are C/No A are B,4,All B are C,No A are B,2.75,both,True
64038,20,74,DA,All B are C/No A are B,4,All B are C,No A are B,2.75,both,True
64038,21,47,AC,All B are C/All A are C,3,All B are C,All A are C,2.1,both,True
64038,22,62,AC,All B are C/All A are C,3,All B are C,All A are C,2.1,both,True
64038,23,128,DA,All B are C/No A are B,4,All B are C,No A are B,2.75,both,True
64038,24,40,MP,All B are C/All A are B,2,All B are C,All A are B,2.0,both,True
64038,25,39,MP,All B are C/All A are B,2,All B are C,All A are B,2.0,both,True
64038,26,118,AC,All B are C/All A are C,3,All B are C,All A are C,2.1,both,True
64038,27,41,MP,All B are C/All A are B,2,All B are C,All A are B,2.0,both,True
64038,28,109,MP,All B are C/All A are B,2,All B are C,All A are B,2.0,both,True
64038,29,103,AC,All B are C/All A are C,3,All B are C,All A are C,2.1,both,True
64038,30,37,MT,All B are C/No A are C,1,All B are C,No A are C,2.0,both,True
64038,31,78,AC,All B are C/All A are C,3,All B are C,All A are C,2.1,both,True
64038,32,56,MP,All B are C/All A are B,2,All B are C,All A are B,2.0,both,True
64038,33,43,MP,All B are C/All A are B,2,All B are C,All A are B,2.0,both,True
64038,34,108,DA,All B are C/No A are B,4,All B are C,No A are B,2.75,both,True
64038,35,104,DA,All B are C/No A are B,4,All B are C,No A are B,2.75,both,True
64038,36,127,DA,All B are C/No A are B,4,All B are C,No A are B,2.75,both,True
64038,37,45,DA,All B are C/No A are B,4,All B are C,No A are B,2.75,both,True
64038,38,70,MT,All B are C/No A are C,1,All B are C,No A are C,2.0,both,True
64038,39,46,MT,All B are C/No A are C,1,All B are C,No A are C,2.0,both,True
64038,40,21,AC,All B are C/All A are C,3,All B are C,All A are C,2.1,both,True
64038,41,126,MT,All B are C/No A are C,1,All B are C,No A are C,2.0,both,True
64038,42,122,AC,All B are C/All A are C,3,All B are C,All A are C,2.1,both,True
64038,43,24,AC,All B are C/All A are C,3,All B are C,All A are C,2.1,both,True
64038,44,77,MT,All B are C/No A are C,1,All B are C,No A are C,2.0,both,True
64038,45,59,AC,All B are C/All A are C,3,All B are C,All A are C,2.1,both,True
64038,46,95,MP,All B are C/All A are B,2,All B are C,All A are B,2.0,both,True
64038,47,25,AC,All B are C/All A are C,3,All B are C,All A are C,2.1,both,True
64038,48,55,MP,All B are C/All A are B,2,All B are C,All A are B,2.0,both,True
64038,49,97,MT,All B are C/No A are C,1,All B are C,No A are C,2.0,both,True
64038,50,86,MP,All B are C/All A are B,2,All B are C,All A are B,2.0,both,True
64038,51,98,AC,All B are C/All A are C,3,All B are C,All A are C,2.1,both,True
64038,52,11,MP,All B are C/All A are B,2,All B are C,All A are B,2.0,both,True
64038,53,44,DA,All B are C/No A are B,4,All B are C,No A are B,2.75,both,True
64038,54,14,MT,All B are C/No A are C,1,All B are C,No A are C,2.0,both,True
64038,55,30,MT,All B are C/No A are C,1,All B are C,No A are C,2.0,both,True
64038,56,94,MP,All B are C/All A are B,2,All B are C,All A are B,2.0,both,True
64038,57,42,MP,All B are C/All A are B,2,All B are C,All A are B,2.0,both,True
64038,58,53,DA,All B are C/No A are B,4,All B are C,No A are B,2.75,both,True
64038,59,33,MT,All B are C/No A are C,1,All B are C,No A are C,2.0,both,True
64038,60,71,MT,All B are C/No A are C,1,All B are C,No A are C,2.0,both,True
64038,61,1,MT,All B are C/No A are C,1,All B are C,No A are C,2.0,both,True
64038,62,4,MT,All B are C/No A are C,1,All B are C,No A are C,2.0,both,True
64038,63,107,MT,All B are C/No A are C,1,All B are C,No A are C,2.0,both,True
64038,64,96,DA,All B are C/No A are B,4,All B are C,No A are B,2.75,both,True
64039,1,31,MP,All B are C/All A are B,2,All B are C,All A are B,2.0,both,True
64039,2,76,MT,All B are C/No A are C,1,All B are C,No A are C,2.0,both,True
64039,3,67,DA,All B are C/No A are B,4,All B are C,No A are B,2.75,both,True
64039,4,66,MT,All B are C/No A are C,1,All B are C,No A are C,2.0,both,True
64039,5,60,AC,All B are C/All A are C,3,All B are C,All A are C,2.1,both,True
64039,6,28,DA,All B are C/No A are B,4,All B are C,No A are B,2.75,both,True
64039,7,90,MT,All B are C/No A are C,1,All B are C,No A are C,2.0,both,True
64039,8,120,MP,All B are C/All A are B,2,All B are C,All A are B,2.0,both,True
64039,9,57,AC,All B are C/All A are C,3,All B are C,All A are C,2.1,both,True
64039,10,20,AC,All B are C/All A are C,3,All B are C,All A are C,2.1,both,True
64039,11,125,MT,All B are C/No A are C,1,All B are C,No A are C,2.0,both,True
64039,12,16,DA,All B are C/No A are B,4,All B are C,No A are B,2.75,both,True
64039,13,72,DA,All B are C/No A are B,4,All B are C,No A are B,2.75,both,True
64039,14,102,AC,All B are C/All A are C,3,All B are C,All A are C,2.1,both,True
64039,15,48,MP,All B are C/All A are B,2,All B are C,All A are B,2.0,both,True
64039,16,58,DA,All B are C/No A are B,4,All B are C,No A are B,2.75,both,True
64039,17,111,MP,All B are C/All A are B,2,All B are C,All A are B,2.0,both,True
64039,18,113,MP,All B are C/All A are B,2,All B are C,All A are B,2.0,both,True
64039,19,106,MT,All B are C/No A are C,1,All B are C,No A are C,2.0,both,True
64039,20,18,AC,All B are C/All A are C,3,All B are C,All A are C,2.1,both,True
64039,21,36,DA,All B are C/No A are B,4,All B are C,No A are B,2.75,both,True
64039,22,75,DA,All B are C/No A are B,4,All B are C,No A are B,2.75,both,True
64039,23,123,DA,All B are C/No A are B,4,All B are C,No A are B,2.75,both,True
64039,24,116,AC,All B are C/All A are C,3,All B are C,All A are C,2.1,both,True
64039,25,26,MP,All B are C/All A are B,2,All B are C,All A are B,2.0,both,True
64039,26,73,MT,All B are C/No A are C,1,All B are C,No A are C,2.0,both,True
64039,27,22,MP,All B are C/All A are B,2,All B are C,All A are B,2.0,both,True
64039,28,79,DA,All B are C/No A are B,4,All B are C,No A are B,2.75,both,True
64039,29,69,DA,All B are C/No A are B,4,All B are C,No A are B,2.75,both,True
64039,30,3,MT,All B are C/No A are C,1,All B are C,No A are C,2.0,both,True
64039,31,80,AC,All B are C/All A are C,3,All B are C,All A are C,2.1,both,True
64039,32,23,AC,All B are C/All A are C,3,All B are C,All A are C,2.1,both,True
64039,33,99,AC,All B are C/All A are C,3,All B are C,All A are C,2.1,both,True
64039,34,15,MT,All B are C/No A are C,1,All B are C,No A are C,2.0,both,True
64039,35,82,DA,All B are C/No A are B,4,All B are C,No A are B,2.75,both,True
64039,36,17,MP,All B are C/All A are B,2,All B are C,All A are B,2.0,both,True
64039,37,100,MT,All B are C/No A are C,1,All B are C,No A are C,2.0,both,True
64039,38,105,DA,All B are C/No A are B,4,All B are C,No A are B,2.75,both,True
64039,39,83,MT,All B are C/No A are C,1,All B are C,No A are C,2.0,both,True
64039,40,91,DA,All B are C/No A are B,4,All B are C,No A are B,2.75,both,True
64039,41,50,MP,All B are C/All A are B,2,All B are C,All A are B,2.0,both,True
64039,42,68,MT,All B are C/No A are C,1,All B are C,No A are C,2.0,both,True
64039,43,110,DA,All B are C/No A are B,4,All B are C,No A are B,2.75,both,True
64039,44,5,MT,All B are C/No A are C,1,All B are C,No A are C,2.0,both,True
64039,45,63,AC,All B are C/All A are C,3,All B are C,All A are C,2.1,both,True
64039,46,8,AC,All B are C/All A are C,3,All B are C,All A are C,2.1,both,True
64039,47,27,AC,All B are C/All A are C,3,All B are C,All A are C,2.1,both,True
64039,48,121,AC,All B are C/All A are C,3,All B are C,All A are C,2.1,both,True
64039,49,51,MT,All B are C/No A are C,1,All B are C,No A are C,2.0,both,True
64039,50,7,MP,All B are C/All A are B,2,All B are C,All A are B,2.0,both,True
64039,51,114,AC,All B are C/All A are C,3,All B are C,All A are C,2.1,both,True
64039,52,2,DA,All B are C/No A are B,4,All B are C,No A are B,2.75,both,True
64039,53,64,MP,All B are C/All A are B,2,All B are C,All A are B,2.0,both,True
64039,54,112,MP,All B are C/All A are B,2,All B are C,All A are B,2.0,both,True
64039,55,32,MT,All B are C/No A are C,1,All B are C,No A are C,2.0,both,True
64039,56,35,MT,All B are C/No A are C,1,All B are C,No A are C,2.0,both,True
64039,57,6,DA,All B are C/No A are B,4,All B are C,No A are B,2.75,both,True
64039,58,49,AC,All B are C/All A are C,3,All B are C,All A are C,2.1,both,True
64039,59,124,AC,All B are C/All A are C,3,All B are C,All A are C,2.1,both,True
64039,60,29,MT,All B are C/No A are C,1,All B are C,No A are C,2.0,both,True
64039,61,101,MP,All B are C/All A are B,2,All B are C,All A are B,2.0,both,True
64039,62,81,MP,All B are C/All A are B,2,All B are C,All A are B,2.0,both,True
64039,63,13,MP,All B are C/All A are B,2,All B are C,All A are B,2.0,both,True
64039,64,115,MP,All B are C/All A are B,2,All B are C,All A are B,2.0,both,True
64065,1,29,MT,All B are C/No A are C,1,All B are C,No A are C,2.0,both,True
64065,2,110,DA,All B are C/No A are B,4,All B are C,No A are B,6.65,both,True
64065,3,31,MP,All B are C/All A are B,2,All B are C,All A are B,2.75,both,True
64065,4,32,MT,All B are C/No A are C,1,All B are C,No A are C,2.0,both,True
64065,5,50,MP,All B are C/All A are B,2,All B are C,All A are B,2.75,both,True
64065,6,83,MT,All B are C/No A are C,1,All B are C,No A are C,2.0,both,True
64065,7,60,AC,All B are C/All A are C,3,All B are C,All A are C,2.85,both,True
64065,8,125,MT,All B are C/No A are C,1,All B are C,No A are C,2.0,both,True
64065,9,113,MP,All B are C/All A are B,2,All B are C,All A are B,2.75,both,True
64065,10,68,MT,All B are C/No A are C,1,All B are C,No A are C,2.0,both,True
64065,11,2,DA,All B are C/No A are B,4,All B are C,No A are B,6.65,both,True
64065,12,17,MP,All B are C/All A are B,2,All B are C,All A are B,2.75,both,True
64065,13,112,MP,All B are C/All A are B,2,All B are C,All A are B,2.75,both,True
64065,14,72,DA,All B are C/No A are B,4,All B are C,No A are B,6.65,both,True
64065,15,76,MT,All B are C/No A are C,1,All B are C,No A are C,2.0,both,True
64065,16,82,DA,All B are C/No A are B,4,All B are C,No A are B,6.65,both,True
64065,17,26,MP,All B are C/All A are B,2,All B are C,All A are B,2.75,both,True
64065,18,116,AC,All B are C/All A are C,3,All B are C,All A are C,2.85,both,True
64065,19,111,MP,All B are C/All A are B,2,All B are C,All A are B,2.75,both,True
64065,20,69,DA,All B are C/No A are B,4,All B are C,No A are B,6.65,both,True
64065,21,13,MP,All B are C/All A are B,2,All B are C,All A are B,2.75,both,True
64065,22,102,AC,All B are C/All A are C,3,All B are C,All A are C,2.85,both,True
64065,23,15,MT,All B are C/No A are C,1,All B are C,No A are C,2.0,both,True
64065,24,57,AC,All B are C/All A are C,3,All B are C,All A are C,2.85,both,True
64065,25,49,AC,All B are C/All A are C,3,All B are C,All A are C,2.85,both,True
64065,26,124,AC,All B are C/All A are C,3,All B are C,All A are C,2.85,both,True
64065,27,121,AC,All B are C/All A are C,3,All B are C,All A are C,2.85,both,True
64065,28,27,AC,All B are C/All A are C,3,All B are C,All A are C,2.85,both,True
64065,29,64,MP,All B are C/All A are B,2,All B are C,All A are B,2.75,both,True
64065,30,35,MT,All B are C/No A are C,1,All B are C,No A are C,2.0,both,True
64065,31,114,AC,All B are C/All A are C,3,All B are C,All A are C,2.85,both,True
64065,32,58,DA,All B are C/No A are B,4,All B are C,No A are B,6.65,both,True
64065,33,99,AC,All B are C/All A are C,3,All B are C,All A are C,2.85,both,True
64065,34,67,DA,All B are C/No A are B,4,All B are C,No A are B,6.65,both,True
64065,35,79,DA,All B are C/No A are B,4,All B are C,No A are B,6.65,both,True
64065,36,18,AC,All B are C/All A are C,3,All B are C,All A are C,2.85,both,True
64065,37,23,AC,All B are C/All A are C,3,All B are C,All A are C,2.85,both,True
64065,38,66,MT,All B are C/No A are C,1,All B are C,No A are C,2.0,both,True
64065,39,90,MT,All B are C/No A are C,1,All B are C,No A are C,2.0,both,True
64065,40,120,MP,All B are C/All A are B,2,All B are C,All A are B,2.75,both,True
64065,41,106,MT,All B are C/No A are C,1,All B are C,No A are C,2.0,both,True
64065,42,5,MT,All B are C/No A are C,1,All B are C,No A are C,2.0,both,True
64065,43,73,MT,All B are C/No A are C,1,All B are C,No A are C,2.0,both,True
64065,44,123,DA,All B are C/No A are B,4,All B are C,No A are B,6.65,both,True
64065,45,81,MP,All B are C/All A are B,2,All B are C,All A are B,2.75,both,True
64065,46,16,DA,All B are C/No A are B,4,All B are C,No A are B,6.65,both,True
64065,47,8,AC,All B are C/All A are C,3,All B are C,All A are C,2.85,both,True
64065,48,48,MP,All B are C/All A are B,2,All B are C,All A are B,2.75,both,True
64065,49,101,MP,All B are C/All A are B,2,All B are C,All A are B,2.75,both,True
64065,50,80,AC,All B are C/All A are C,3,All B are C,All A are C,2.85,both,True
64065,51,3,MT,All B are C/No A are C,1,All B are C,No A are C,2.0,both,True
64065,52,6,DA,All B are C/No A are B,4,All B are C,No A are B,6.65,both,True
64065,53,7,MP,All B are C/All A are B,2,All B are C,All A are B,2.75,both,True
64065,54,105,DA,All B are C/No A are B,4,All B are C,No A are B,6.65,both,True
64065,55,20,AC,All B are C/All A are C,3,All B are C,All A are C,2.85,both,True
64065,56,28,DA,All B are C/No A are B,4,All B are C,No A are B,6.65,both,True
64065,57,22,MP,All B are C/All A are B,2,All B are C,All A are B,2.75,both,True
64065,58,63,AC,All B are C/All A are C,3,All B are C,All A are C,2.85,both,True
64065,59,75,DA,All B are C/No A are B,4,All B are C,No A are B,6.65,both,True
64065,60,115,MP,All B are C/All A are B,2,All B are C,All A are B,2.75,both,True
64065,61,100,MT,All B are C/No A are C,1,All B are C,No A are C,2.0,both,True
64065,62,91,DA,All B are C/No A are B,4,All B are C,No A are B,6.65,both,True
64065,63,51,MT,All B are C/No A are C,1,All B are C,No A are C,2.0,both,True
64065,64,36,DA,All B are C/No A are B,4,All B are C,No A are B,6.65,both,True
64066,1,79,DA,All B are C/No A are B,4,All B are C,No A are B,4.2,both,True
64066,2,82,DA,All B are C/No A are B,4,All B are C,No A are B,4.2,both,True
64066,3,64,MP,All B are C/All A are B,2,All B are C,All A are B,2.3,both,True
64066,4,26,MP,All B are C/All A are B,2,All B are C,All A are B,2.3,both,True
64066,5,69,DA,All B are C/No A are B,4,All B are C,No A are B,4.2,both,True
64066,6,113,MP,All B are C/All A are B,2,All B are C,All A are B,2.3,both,True
64066,7,15,MT,All B are C/No A are C,1,All B are C,No A are C,2.0,both,True
64066,8,2,DA,All B are C/No A are B,4,All B are C,No A are B,4.2,both,True
64066,9,51,MT,All B are C/No A are C,1,All B are C,No A are C,2.0,both,True
64066,10,31,MP,All B are C/All A are B,2,All B are C,All A are B,2.3,both,True
64066,11,50,MP,All B are C/All A are B,2,All B are C,All A are B,2.3,both,True
64066,12,100,MT,All B are C/No A are C,1,All B are C,No A are C,2.0,both,True
64066,13,101,MP,All B are C/All A are B,2,All B are C,All A are B,2.3,both,True
64066,14,91,DA,All B are C/No A are B,4,All B are C,No A are B,4.2,both,True
64066,15,120,MP,All B are C/All A are B,2,All B are C,All A are B,2.3,both,True
64066,16,6,DA,All B are C/No A are B,4,All B are C,No A are B,4.2,both,True
64066,17,99,AC,All B are C/All A are C,3,All B are C,All A are C,2.45,both,True
64066,18,16,DA,All B are C/No A are B,4,All B are C,No A are B,4.2,both,True
64066,19,7,MP,All B are C/All A are B,2,All B are C,All A are B,2.3,both,True
64066,20,102,AC,All B are C/All A are C,3,All B are C,All A are C,2.45,both,True
64066,21,121,AC,All B are C/All A are C,3,All B are C,All A are C,2.45,both,True
64066,22,5,MT,All B are C/No A are C,1,All B are C,No A are C,2.0,both,True
64066,23,106,MT,All B are C/No A are C,1,All B are C,No A are C,2.0,both,True
64066,24,49,AC,All B are C/All A are C,3,All B are C,All A are C,2.45,both,True
64066,25,48,MP,All B are C/All A are B,2,All B are C,All A are B,2.3,both,True
64066,26,17,MP,All B are C/All A are B,2,All B are C,All A are B,2.3,both,True
64066,27,57,AC,All B are C/All A are C,3,All B are C,All A are C,2.45,both,True
64066,28,58,DA,All B are C/No A are B,4,All B are C,No A are B,4.2,both,True
64066,29,23,AC,All B are C/All A are C,3,All B are C,All A are C,2.45,both,True
64066,30,28,DA,All B are C/No A are B,4,All B are C,No A are B,4.2,both,True
64066,31,63,AC,All B are C/All A are C,3,All B are C,All A are C,2.45,both,True
64066,32,68,MT,All B are C/No A are C,1,All B are C,No A are C,2.0,both,True
64066,33,115,MP,All B are C/All A are B,2,All B are C,All A are B,2.3,both,True
64066,34,73,MT,All B are C/No A are C,1,All B are C,No A are C,2.0,both,True
64066,35,111,MP,All B are C/All A are B,2,All B are C,All A are B,2.3,both,True
64066,36,18,AC,All B are C/All A are C,3,All B are C,All A are C,2.45,both,True
64066,37,80,AC,All B are C/All A are C,3,All B are C,All A are C,2.45,both,True
64066,38,20,AC,All B are C/All A are C,3,All B are C,All A are C,2.45,both,True
64066,39,27,AC,All B are C/All A are C,3,All B are C,All A are C,2.45,both,True
64066,40,29,MT,All B are C/No A are C,1,All B are C,No A are C,2.0,both,True
64066,41,8,AC,All B are C/All A are C,3,All B are C,All A are C,2.45,both,True
64066,42,116,AC,All B are C/All A are C,3,All B are C,All A are C,2.45,both,True
64066,43,76,MT,All B are C/No A are C,1,All B are C,No A are C,2.0,both,True
64066,44,67,DA,All B are C/No A are B,4,All B are C,No A are B,4.2,both,True
64066,45,72,DA,All B are C/No A are B,4,All B are C,No A are B,4.2,both,True
64066,46,123,DA,All B are C/No A are B,4,All B are C,No A are B,4.2,both,True
64066,47,60,AC,All B are C/All A are C,3,All B are C,All A are C,2.45,both,True
64066,48,90,MT,All B are C/No A are C,1,All B are C,No A are C,2.0,both,True
64066,49,114,AC,All B are C/All A are C,3,All B are C,All A are C,2.45,both,True
64066,50,110,DA,All B are C/No A are B,4,All B are C,No A are B,4.2,both,True
64066,51,3,MT,All B are C/No A are C,1,All B are C,No A are C,2.0,both,True
64066,52,124,AC,All B are C/All A are C,3,All B are C,All A are C,2.45,both,True
64066,53,112,MP,All B are C/All A are B,2,All B are C,All A are B,2.3,both,True
64066,54,36,DA,All B are C/No A are B,4,All B are C,No A are B,4.2,both,True
64066,55,35,MT,All B are C/No A are C,1,All B are C,No A are C,2.0,both,True
64066,56,125,MT,All B are C/No A are C,1,All B are C,No A are C,2.0,both,True
64066,57,32,MT,All B are C/No A are C,1,All B are C,No A are C,2.0,both,True
64066,58,66,MT,All B are C/No A are C,1,All B are C,No A are C,2.0,both,True
64066,59,13,MP,All B are C/All A are B,2,All B are C,All A are B,2.3,both,True
64066,60,22,MP,All B are C/All A are B,2,All B are C,All A are B,2.3,both,True
64066,61,83,MT,All B are C/No A are C,1,All B are C,No A are C,2.0,both,True
64066,62,81,MP,All B are C/All A are B,2,All B are C,All A are B,2.3,both,True
64066,63,105,DA,All B are C/No A are B,4,All B are C,No A are B,4.2,both,True
64066,64,75,DA,All B are C/No A are B,4,All B are C,No A are B,4.2,both,True
64105,1,99,AC,All B are C/All A are C,3,All B are C,All A are C,2.45,both,True
64105,2,90,MT,All B are C/No A are C,1,All B are C,No A are C,2.0,both,True
64105,3,102,AC,All B are C/All A are C,3,All B are C,All A are C,2.45,both,True
64105,4,36,DA,All B are C/No A are B,4,All B are C,No A are B,4.2,both,True
64105,5,76,MT,All B are C/No A are C,1,All B are C,No A are C,2.0,both,True
64105,6,20,AC,All B are C/All A are C,3,All B are C,All A are C,2.45,both,True
64105,7,7,MP,All B are C/All A are B,2,All B are C,All A are B,2.3,both,True
64105,8,106,MT,All B are C/No A are C,1,All B are C,No A are C,2.0,both,True
64105,9,68,MT,All B are C/No A are C,1,All B are C,No A are C,2.0,both,True
64105,10,83,MT,All B are C/No A are C,1,All B are C,No A are C,2.0,both,True
64105,11,75,DA,All B are C/No A are B,4,All B are C,No A are B,4.2,both,True
64105,12,15,MT,All B are C/No A are C,1,All B are C,No A are C,2.0,both,True
64105,13,28,DA,All B are C/No A are B,4,All B are C,No A are B,4.2,both,True
64105,14,57,AC,All B are C/All A are C,3,All B are C,All A are C,2.45,both,True
64105,15,51,MT,All B are C/No A are C,1,All B are C,No A are C,2.0,both,True
64105,16,111,MP,All B are C/All A are B,2,All B are C,All A are B,2.3,both,True
64105,17,6,DA,All B are C/No A are B,4,All B are C,No A are B,4.2,both,True
64105,18,66,MT,All B are C/No A are C,1,All B are C,No A are C,2.0,both,True
64105,19,80,AC,All B are C/All A are C,3,All B are C,All A are C,2.45,both,True
64105,20,120,MP,All B are C/All A are B,2,All B are C,All A are B,2.3,both,True
64105,21,13,MP,All B are C/All A are B,2,All B are C,All A are B,2.3,both,True
64105,22,31,MP,All B are C/All A are B,2,All B are C,All A are B,2.3,both,True
64105,23,35,MT,All B are C/No A are C,1,All B are C,No A are C,2.0,both,True
64105,24,23,AC,All B are C/All A are C,3,All B are C,All A are C,2.45,both,True
64105,25,81,MP,All B are C/All A are B,2,All B are C,All A are B,2.3,both,True
64105,26,121,AC,All B are C/All A are C,3,All B are C,All A are C,2.45,both,True
64105,27,67,DA,All B are C/No A are B,4,All B are C,No A are B,4.2,both,True
64105,28,2,DA,All B are C/No A are B,4,All B are C,No A are B,4.2,both,True
64105,29,114,AC,All B are C/All A are C,3,All B are C,All A are C,2.45,both,True
64105,30,79,DA,All B are C/No A are B,4,All B are C,No A are B,4.2,both,True
64105,31,5,MT,All B are C/No A are C,1,All B are C,No A are C,2.0,both,True
64105,32,73,MT,All B are C/No A are C,1,All B are C,No A are C,2.0,both,True
64105,33,101,MP,All B are C/All A are B,2,All B are C,All A are B,2.3,both,True
64105,34,112,MP,All B are C/All A are B,2,All B are C,All A are B,2.3,both,True
64105,35,100,MT,All B are C/No A are C,1,All B are C,No A are C,2.0,both,True
64105,36,110,DA,All B are C/No A are B,4,All B are C,No A are B,4.2,both,True
64105,37,22,MP,All B are C/All A are B,2,All B are C,All A are B,2.3,both,True
64105,38,17,MP,All B are C/All A are B,2,All B are C,All A are B,2.3,both,True
64105,39,50,MP,All B are C/All A are B,2,All B are C,All A are B,2.3,both,True
64105,40,91,DA,All B are C/No A are B,4,All B are C,No A are B,4.2,both,True
64105,41,49,AC,All B are C/All A are C,3,All B are C,All A are C,2.45,both,True
64105,42,64,MP,All B are C/All A are B,2,All B are C,All A are B,2.3,both,True
64105,43,3,MT,All B are C/No A are C,1,All B are C,No A are C,2.0,both,True
64105,44,48,MP,All B are C/All A are B,2,All B are C,All A are B,2.3,both,True
64105,45,69,DA,All B are C/No A are B,4,All B are C,No A are B,4.2,both,True
64105,46,29,MT,All B are C/No A are C,1,All B are C,No A are C,2.0,both,True
64105,47,115,MP,All B are C/All A are B,2,All B are C,All A are B,2.3,both,True
64105,48,60,AC,All B are C/All A are C,3,All B are C,All A are C,2.45,both,True
64105,49,32,MT,All B are C/No A are C,1,All B are C,No A are C,2.0,both,True
64105,50,27,AC,All B are C/All A are C,3,All B are C,All A are C,2.45,both,True
64105,51,16,DA,All B are C/No A are B,4,All B are C,No A are B,4.2,both,True
64105,52,113,MP,All B are C/All A are B,2,All B are C,All A are B,2.3,both,True
64105,53,8,AC,All B are C/All A are C,3,All B are C,All A are C,2.45,both,True
64105,54,116,AC,All B are C/All A are C,3,All B are C,All A are C,2.45,both,True
64105,55,105,DA,All B are C/No A are B,4,All B are C,No A are B,4.2,both,True
64105,56,125,MT,All B are C/No A are C,1,All B are C,No A are C,2.0,both,True
64105,57,123,DA,All B are C/No A are B,4,All B are C,No A are B,4.2,both,True
64105,58,82,DA,All B are C/No A are B,4,All B are C,No A are B,4.2,both,True
64105,59,124,AC,All B are C/All A are C,3,All B are C,All A are C,2.45,both,True
64105,60,63,AC,All B are C/All A are C,3,All B are C,All A are C,2.45,both,True
64105,61,58,DA,All B are C/No A are B,4,All B are C,No A are B,4.2,both,True
64105,62,18,AC,All B are C/All A are C,3,All B are C,All A are C,2.45,both,True
64105,63,72,DA,All B are C/No A are B,4,All B are C,No A are B,4.2,both,True
64105,64,26,MP,All B are C/All A are B,2,All B are C,All A are B,2.3,both,True
64116,1,119,AC,All B are C/All A are C,3,All B are C,All A are C,2.85,both,True
64116,2,14,MT,All B are C/No A are C,1,All B are C,No A are C,2.0,both,True
64116,3,109,MP,All B are C/All A are B,2,All B are C,All A are B,2.75,both,True
64116,4,10,DA,All B are C/No A are B,4,All B are C,No A are B,6.65,both,True
64116,5,122,AC,All B are C/All A are C,3,All B are C,All A are C,2.85,both,True
64116,6,117,AC,All B are C/All A are C,3,All B are C,All A are C,2.85,both,True
64116,7,34,MP,All B are C/All A are B,2,All B are C,All A are B,2.75,both,True
64116,8,24,AC,All B are C/All A are C,3,All B are C,All A are C,2.85,both,True
64116,9,9,AC,All B are C/All A are C,3,All B are C,All A are C,2.85,both,True
64116,10,46,MT,All B are C/No A are C,1,All B are C,No A are C,2.0,both,True
64116,11,47,AC,All B are C/All A are C,3,All B are C,All A are C,2.85,both,True
64116,12,12,MP,All B are C/All A are B,2,All B are C,All A are B,2.75,both,True
64116,13,94,MP,All B are C/All A are B,2,All B are C,All A are B,2.75,both,True
64116,14,103,AC,All B are C/All A are C,3,All B are C,All A are C,2.85,both,True
64116,15,62,AC,All B are C/All A are C,3,All B are C,All A are C,2.85,both,True
64116,16,128,DA,All B are C/No A are B,4,All B are C,No A are B,6.65,both,True
64116,17,98,AC,All B are C/All A are C,3,All B are C,All A are C,2.85,both,True
64116,18,30,MT,All B are C/No A are C,1,All B are C,No A are C,2.0,both,True
64116,19,84,MT,All B are C/No A are C,1,All B are C,No A are C,2.0,both,True
64116,20,92,MT,All B are C/No A are C,1,All B are C,No A are C,2.0,both,True
64116,21,95,MP,All B are C/All A are B,2,All B are C,All A are B,2.75,both,True
64116,22,85,MP,All B are C/All A are B,2,All B are C,All A are B,2.75,both,True
64116,23,78,AC,All B are C/All A are C,3,All B are C,All A are C,2.85,both,True
64116,24,86,MP,All B are C/All A are B,2,All B are C,All A are B,2.75,both,True
64116,25,11,MP,All B are C/All A are B,2,All B are C,All A are B,2.75,both,True
64116,26,107,MT,All B are C/No A are C,1,All B are C,No A are C,2.0,both,True
64116,27,70,MT,All B are C/No A are C,1,All B are C,No A are C,2.0,both,True
64116,28,108,DA,All B are C/No A are B,4,All B are C,No A are B,6.65,both,True
64116,29,43,MP,All B are C/All A are B,2,All B are C,All A are B,2.75,both,True
64116,30,126,MT,All B are C/No A are C,1,All B are C,No A are C,2.0,both,True
64116,31,45,DA,All B are C/No A are B,4,All B are C,No A are B,6.65,both,True
64116,32,52,MP,All B are C/All A are B,2,All B are C,All A are B,2.75,both,True
64116,33,39,MP,All B are C/All A are B,2,All B are C,All A are B,2.75,both,True
64116,34,33,MT,All B are C/No A are C,1,All B are C,No A are C,2.0,both,True
64116,35,56,MP,All B are C/All A are B,2,All B are C,All A are B,2.75,both,True
64116,36,40,MP,All B are C/All A are B,2,All B are C,All A are B,2.75,both,True
64116,37,118,AC,All B are C/All A are C,3,All B are C,All A are C,2.85,both,True
64116,38,42,MP,All B are C/All A are B,2,All B are C,All A are B,2.75,both,True
64116,39,65,MT,All B are C/No A are C,1,All B are C,No A are C,2.0,both,True
64116,40,71,MT,All B are C/No A are C,1,All B are C,No A are C,2.0,both,True
64116,41,54,DA,All B are C/No A are B,4,All B are C,No A are B,6.65,both,True
64116,42,4,MT,All B are C/No A are C,1,All B are C,No A are C,2.0,both,True
64116,43,89,DA,All B are C/No A are B,4,All B are C,No A are B,6.65,both,True
64116,44,104,DA,All B are C/No A are B,4,All B are C,No A are B,6.65,both,True
64116,45,55,MP,All B are C/All A are B,2,All B are C,All A are B,2.75,both,True
64116,46,38,DA,All B are C/No A are B,4,All B are C,No A are B,6.65,both,True
64116,47,77,MT,All B are C/No A are C,1,All B are C,No A are C,2.0,both,True
64116,48,53,DA,All B are C/No A are B,4,All B are C,No A are B,6.65,both,True
64116,49,25,AC,All B are C/All A are C,3,All B are C,All A are C,2.85,both,True
64116,50,59,AC,All B are C/All A are C,3,All B are C,All A are C,2.85,both,True
64116,51,19,AC,All B are C/All A are C,3,All B are C,All A are C,2.85,both,True
64116,52,41,MP,All B are C/All A are B,2,All B are C,All A are B,2.75,both,True
64116,53,87,DA,All B are C/No A are B,4,All B are C,No A are B,6.65,both,True
64116,54,93,DA,All B are C/No A are B,4,All B are C,No A are B,6.65,both,True
64116,55,61,AC,All B are C/All A are C,3,All B are C,All A are C,2.85,both,True
64116,56,74,DA,All B are C/No A are B,4,All B are C,No A are B,6.65,both,True
64116,57,97,MT,All B are C/No A are C,1,All B are C,No A are C,2.0,both,True
64116,58,96,DA,All B are C/No A are B,4,All B are C,No A are B,6.65,both,True
64116,59,1,MT,All B are C/No A are C,1,All B are C,No A are C,2.0,both,True
64116,60,21,AC,All B are C/All A are C,3,All B are C,All A are C,2.85,both,True
64116,61,127,DA,All B are C/No A are B,4,All B are C,No A are B,6.65,both,True
64116,62,44,DA,All B are C/No A are B,4,All B are C,No A are B,6.65,both,True
64116,63,88,DA,All B are C/No A are B,4,All B are C,No A are B,6.65,both,True
64116,64,37,MT,All B are C/No A are C,1,All B are C,No A are C,2.0,both,True
64123,1,96,DA,All B are C/No A are B,4,All B are C,No A are B,2.75,both,True
64123,2,95,MP,All B are C/All A are B,2,All B are C,All A are B,2.0,both,True
64123,3,126,MT,All B are C/No A are C,1,All B are C,No A are C,2.0,both,True
64123,4,56,MP,All B are C/All A are B,2,All B are C,All A are B,2.0,both,True
64123,5,61,AC,All B are C/All A are C,3,All B are C,All A are C,2.1,both,True
64123,6,107,MT,All B are C/No A are C,1,All B are C,No A are C,2.0,both,True
64123,7,12,MP,All B are C/All A are B,2,All B are C,All A are B,2.0,both,True
64123,8,77,MT,All B are C/No A are C,1,All B are C,No A are C,2.0,both,True
64123,9,19,AC,All B are C/All A are C,3,All B are C,All A are C,2.1,both,True
64123,10,41,MP,All B are C/All A are B,2,All B are C,All A are B,2.0,both,True
64123,11,119,AC,All B are C/All A are C,3,All B are C,All A are C,2.1,both,True
64123,12,4,MT,All B are C/No A are C,1,All B are C,No A are C,2.0,both,True
64123,13,92,MT,All B are C/No A are C,1,All B are C,No A are C,2.0,both,True
64123,14,43,MP,All B are C/All A are B,2,All B are C,All A are B,2.0,both,True
64123,15,117,AC,All B are C/All A are C,3,All B are C,All A are C,2.1,both,True
64123,16,78,AC,All B are C/All A are C,3,All B are C,All A are C,2.1,both,True
64123,17,118,AC,All B are C/All A are C,3,All B are C,All A are C,2.1,both,True
64123,18,44,DA,All B are C/No A are B,4,All B are C,No A are B,2.75,both,True
64123,19,33,MT,All B are C/No A are C,1,All B are C,No A are C,2.0,both,True
64123,20,70,MT,All B are C/No A are C,1,All B are C,No A are C,2.0,both,True
64123,21,62,AC,All B are C/All A are C,3,All B are C,All A are C,2.1,both,True
64123,22,25,AC,All B are C/All A are C,3,All B are C,All A are C,2.1,both,True
64123,23,53,DA,All B are C/No A are B,4,All B are C,No A are B,2.75,both,True
64123,24,38,DA,All B are C/No A are B,4,All B are C,No A are B,2.75,both,True
64123,25,71,MT,All B are C/No A are C,1,All B are C,No A are C,2.0,both,True
64123,26,89,DA,All B are C/No A are B,4,All B are C,No A are B,2.75,both,True
64123,27,54,DA,All B are C/No A are B,4,All B are C,No A are B,2.75,both,True
64123,28,65,MT,All B are C/No A are C,1,All B are C,No A are C,2.0,both,True
64123,29,84,MT,All B are C/No A are C,1,All B are C,No A are C,2.0,both,True
64123,30,45,DA,All B are C/No A are B,4,All B are C,No A are B,2.75,both,True
64123,31,94,MP,All B are C/All A are B,2,All B are C,All A are B,2.0,both,True
64123,32,40,MP,All B are C/All A are B,2,All B are C,All A are B,2.0,both,True
64123,33,37,MT,All B are C/No A are C,1,All B are C,No A are C,2.0,both,True
64123,34,97,MT,All B are C/No A are C,1,All B are C,No A are C,2.0,both,True
64123,35,55,MP,All B are C/All A are B,2,All B are C,All A are B,2.0,both,True
64123,36,109,MP,All B are C/All A are B,2,All B are C,All A are B,2.0,both,True
64123,37,11,MP,All B are C/All A are B,2,All B are C,All A are B,2.0,both,True
64123,38,24,AC,All B are C/All A are C,3,All B are C,All A are C,2.1,both,True
64123,39,87,DA,All B are C/No A are B,4,All B are C,No A are B,2.75,both,True
64123,40,21,AC,All B are C/All A are C,3,All B are C,All A are C,2.1,both,True
64123,41,47,AC,All B are C/All A are C,3,All B are C,All A are C,2.1,both,True
64123,42,98,AC,All B are C/All A are C,3,All B are C,All A are C,2.1,both,True
64123,43,1,MT,All B are C/No A are C,1,All B are C,No A are C,2.0,both,True
64123,44,104,DA,All B are C/No A are B,4,All B are C,No A are B,2.75,both,True
64123,45,52,MP,All B are C/All A are B,2,All B are C,All A are B,2.0,both,True
64123,46,122,AC,All B are C/All A are C,3,All B are C,All A are C,2.1,both,True
64123,47,86,MP,All B are C/All A are B,2,All B are C,All A are B,2.0,both,True
64123,48,14,MT,All B are C/No A are C,1,All B are C,No A are C,2.0,both,True
64123,49,88,DA,All B are C/No A are B,4,All B are C,No A are B,2.75,both,True
64123,50,10,DA,All B are C/No A are B,4,All B are C,No A are B,2.75,both,True
64123,51,42,MP,All B are C/All A are B,2,All B are C,All A are B,2.0,both,True
64123,52,74,DA,All B are C/No A are B,4,All B are C,No A are B,2.75,both,True
64123,53,103,AC,All B are C/All A are C,3,All B are C,All A are C,2.1,both,True
64123,54,39,MP,All B are C/All A are B,2,All B are C,All A are B,2.0,both,True
64123,55,128,DA,All B are C/No A are B,4,All B are C,No A are B,2.75,both,True
64123,56,127,DA,All B are C/No A are B,4,All B are C,No A are B,2.75,both,True
64123,57,34,MP,All B are C/All A are B,2,All B are C,All A are B,2.0,both,True
64123,58,85,MP,All B are C/All A are B,2,All B are C,All A are B,2.0,both,True
64123,59,46,MT,All B are C/No A are C,1,All B are C,No A are C,2.0,both,True
64123,60,108,DA,All B are C/No A are B,4,All B are C,No A are B,2.75,both,True
64123,61,59,AC,All B are C/All A are C,3,All B are C,All A are C,2.1,both,True
64123,62,93,DA,All B are C/No A are B,4,All B are C,No A are B,2.75,both,True
64123,63,9,AC,All B are C/All A are C,3,All B are C,All A are C,2.1,both,True
64123,64,30,MT,All B are C/No A are C,1,All B are C,No A are C,2.0,both,True
64159,1,112,MP,All B are C/All A are B,2,All B are C,All A are B,2.75,both,True
64159,2,124,AC,All B are C/All A are C,3,All B are C,All A are C,2.85,both,True
64159,3,81,MP,All B are C/All A are B,2,All B are C,All A are B,2.75,both,True
64159,4,17,MP,All B are C/All A are B,2,All B are C,All A are B,2.75,both,True
64159,5,15,MT,All B are C/No A are C,1,All B are C,No A are C,2.0,both,True
64159,6,76,MT,All B are C/No A are C,1,All B are C,No A are C,2.0,both,True
64159,7,116,AC,All B are C/All A are C,3,All B are C,All A are C,2.85,both,True
64159,8,5,MT,All B are C/No A are C,1,All B are C,No A are C,2.0,both,True
64159,9,32,MT,All B are C/No A are C,1,All B are C,No A are C,2.0,both,True
64159,10,63,AC,All B are C/All A are C,3,All B are C,All A are C,2.85,both,True
64159,11,36,DA,All B are C/No A are B,4,All B are C,No A are B,6.65,both,True
64159,12,91,DA,All B are C/No A are B,4,All B are C,No A are B,6.65,both,True
64159,13,68,MT,All B are C/No A are C,1,All B are C,No A are C,2.0,both,True
64159,14,28,DA,All B are C/No A are B,4,All B are C,No A are B,6.65,both,True
64159,15,105,DA,All B are C/No A are B,4,All B are C,No A are B,6.65,both,True
64159,16,7,MP,All B are C/All A are B,2,All B are C,All A are B,2.75,both,True
64159,17,29,MT,All B are C/No A are C,1,All B are C,No A are C,2.0,both,True
64159,18,100,MT,All B are C/No A are C,1,All B are C,No A are C,2.0,both,True
64159,19,115,MP,All B are C/All A are B,2,All B are C,All A are B,2.75,both,True
64159,20,35,MT,All B are C/No A are C,1,All B are C,No A are C,2.0,both,True
64159,21,8,AC,All B are C/All A are C,3,All B are C,All A are C,2.85,both,True
64159,22,72,DA,All B are C/No A are B,4,All B are C,No A are B,6.65,both,True
64159,23,31,MP,All B are C/All A are B,2,All B are C,All A are B,2.75,both,True
64159,24,66,MT,All B are C/No A are C,1,All B are C,No A are C,2.0,both,True
64159,25,51,MT,All B are C/No A are C,1,All B are C,No A are C,2.0,both,True
64159,26,82,DA,All B are C/No A are B,4,All B are C,No A are B,6.65,both,True
64159,27,2,DA,All B are C/No A are B,4,All B are C,No A are B,6.65,both,True
64159,28,67,DA,All B are C/No A are B,4,All B are C,No A are B,6.65,both,True
64159,29,50,MP,All B are C/All A are B,2,All B are C,All A are B,2.75,both,True
64159,30,26,MP,All B are C/All A are B,2,All B are C,All A are B,2.75,both,True
64159,31,23,AC,All B are C/All A are C,3,All B are C,All A are C,2.85,both,True
64159,32,102,AC,All B are C/All A are C,3,All B are C,All A are C,2.85,both,True
64159,33,69,DA,All B are C/No A are B,4,All B are C,No A are B,6.65,both,True
64159,34,27,AC,All B are C/All A are C,3,All B are C,All A are C,2.85,both,True
64159,35,110,DA,All B are C/No A are B,4,All B are C,No A are B,6.65,both,True
64159,36,16,DA,All B are C/No A are B,4,All B are C,No A are B,6.65,both,True
64159,37,111,MP,All B are C/All A are B,2,All B are C,All A are B,2.75,both,True
64159,38,125,MT,All B are C/No A are C,1,All B are C,No A are C,2.0,both,True
64159,39,79,DA,All B are C/No A are B,4,All B are C,No A are B,6.65,both,True
64159,40,57,AC,All B are C/All A are C,3,All B are C,All A are C,2.85,both,True
64159,41,3,MT,All B are C/No A are C,1,All B are C,No A are C,2.0,both,True
64159,42,6,DA,All B are C/No A are B,4,All B are C,No A are B,6.65,both,True
64159,43,73,MT,All B are C/No A are C,1,All B are C,No A are C,2.0,both,True
64159,44,80,AC,All B are C/All A are C,3,All B are C,All A are C,2.85,both,True
64159,45,75,DA,All B are C/No A are B,4,All B are C,No A are B,6.65,both,True
64159,46,113,MP,All B are C/All A are B,2,All B are C,All A are B,2.75,both,True
64159,47,120,MP,All B are C/All A are B,2,All B are C,All A are B,2.75,both,True
64159,48,83,MT,All B are C/No A are C,1,All B are C,No A are C,2.0,both,True
64159,49,18,AC,All B are C/All A are C,3,All B are C,All A are C,2.85,both,True
64159,50,90,MT,All B are C/No A are C,1,All B are C,No A are C,2.0,both,True
64159,51,22,MP,All B are C/All A are B,2,All B are C,All A are B,2.75,both,True
64159,52,13,MP,All B are C/All A are B,2,All B are C,All A are B,2.75,both,True
64159,53,101,MP,All B are C/All A are B,2,All B are C,All A are B,2.75,both,True
64159,54,114,AC,All B are C/All A are C,3,All B are C,All A are C,2.85,both,True
64159,55,20,AC,All B are C/All A are C,3,All B are C,All A are C,2.85,both,True
64159,56,64,MP,All B are C/All A are B,2,All B are C,All A are B,2.75,both,True
64159,57,99,AC,All B are C/All A are C,3,All B are C,All A are C,2.85,both,True
64159,58,60,AC,All B are C/All A are C,3,All B are C,All A are C,2.85,both,True
64159,59,58,DA,All B are C/No A are B,4,All B are C,No A are B,6.65,both,True
64159,60,106,MT,All B are C/No A are C,1,All B are C,No A are C,2.0,both,True
64159,61,49,AC,All B are C/All A are C,3,All B are C,All A are C,2.85,both,True
64159,62,123,DA,All B are C/No A are B,4,All B are C,No A are B,6.65,both,True
64159,63,121,AC,All B are C/All A are C,3,All B are C,All A are C,2.85,both,True
64159,64,48,MP,All B are C/All A are B,2,All B are C,All A are B,2.75,both,True
64189,1,115,MP,All B are C/All A are B,2,All B are C,All A are B,2.75,both,True
64189,2,66,MT,All B are C/No A are C,1,All B are C,No A are C,2.0,both,True
64189,3,36,DA,All B are C/No A are B,4,All B are C,No A are B,6.65,both,True
64189,4,75,DA,All B are C/No A are B,4,All B are C,No A are B,6.65,both,True
64189,5,29,MT,All B are C/No A are C,1,All B are C,No A are C,2.0,both,True
64189,6,5,MT,All B are C/No A are C,1,All B are C,No A are C,2.0,both,True
64189,7,111,MP,All B are C/All A are B,2,All B are C,All A are B,2.75,both,True
64189,8,114,AC,All B are C/All A are C,3,All B are C,All A are C,2.85,both,True
64189,9,13,MP,All B are C/All A are B,2,All B are C,All A are B,2.75,both,True
64189,10,63,AC,All B are C/All A are C,3,All B are C,All A are C,2.85,both,True
64189,11,7,MP,All B are C/All A are B,2,All B are C,All A are B,2.75,both,True
64189,12,125,MT,All B are C/No A are C,1,All B are C,No A are C,2.0,both,True
64189,13,90,MT,All B are C/No A are C,1,All B are C,No A are C,2.0,both,True
64189,14,123,DA,All B are C/No A are B,4,All B are C,No A are B,6.65,both,True
64189,15,60,AC,All B are C/All A are C,3,All B are C,All A are C,2.85,both,True
64189,16,68,MT,All B are C/No A are C,1,All B are C,No A are C,2.0,both,True
64189,17,91,DA,All B are C/No A are B,4,All B are C,No A are B,6.65,both,True
64189,18,79,DA,All B are C/No A are B,4,All B are C,No A are B,6.65,both,True
64189,19,81,MP,All B are C/All A are B,2,All B are C,All A are B,2.75,both,True
64189,20,72,DA,All B are C/No A are B,4,All B are C,No A are B,6.65,both,True
64189,21,6,DA,All B are C/No A are B,4,All B are C,No A are B,6.65,both,True
64189,22,69,DA,All B are C/No A are B,4,All B are C,No A are B,6.65,both,True
64189,23,32,MT,All B are C/No A are C,1,All B are C,No A are C,2.0,both,True
64189,24,112,MP,All B are C/All A are B,2,All B are C,All A are B,2.75,both,True
64189,25,27,AC,All B are C/All A are C,3,All B are C,All A are C,2.85,both,True
64189,26,15,MT,All B are C/No A are C,1,All B are C,No A are C,2.0,both,True
64189,27,116,AC,All B are C/All A are C,3,All B are C,All A are C,2.85,both,True
64189,28,2,DA,All B are C/No A are B,4,All B are C,No A are B,6.65,both,True
64189,29,8,AC,All B are C/All A are C,3,All B are C,All A are C,2.85,both,True
64189,30,22,MP,All B are C/All A are B,2,All B are C,All A are B,2.75,both,True
64189,31,28,DA,All B are C/No A are B,4,All B are C,No A are B,6.65,both,True
64189,32,35,MT,All B are C/No A are C,1,All B are C,No A are C,2.0,both,True
64189,33,80,AC,All B are C/All A are C,3,All B are C,All A are C,2.85,both,True
64189,34,67,DA,All B are C/No A are B,4,All B are C,No A are B,6.65,both,True
64189,35,64,MP,All B are C/All A are B,2,All B are C,All A are B,2.75,both,True
64189,36,23,AC,All B are C/All A are C,3,All B are C,All A are C,2.85,both,True
64189,37,58,DA,All B are C/No A are B,4,All B are C,No A are B,6.65,both,True
64189,38,101,MP,All B are C/All A are B,2,All B are C,All A are B,2.75,both,True
64189,39,16,DA,All B are C/No A are B,4,All B are C,No A are B,6.65,both,True
64189,40,110,DA,All B are C/No A are B,4,All B are C,No A are B,6.65,both,True
64189,41,99,AC,All B are C/All A are C,3,All B are C,All A are C,2.85,both,True
64189,42,20,AC,All B are C/All A are C,3,All B are C,All A are C,2.85,both,True
64189,43,120,MP,All B are C/All A are B,2,All B are C,All A are B,2.75,both,True
64189,44,102,AC,All B are C/All A are C,3,All B are C,All A are C,2.85,both,True
64189,45,26,MP,All B are C/All A are B,2,All B are C,All A are B,2.75,both,True
64189,46,121,AC,All B are C/All A are C,3,All B are C,All A are C,2.85,both,True
64189,47,82,DA,All B are C/No A are B,4,All B are C,No A are B,6.65,both,True
64189,48,83,MT,All B are C/No A are C,1,All B are C,No A are C,2.0,both,True
64189,49,31,MP,All B are C/All A are B,2,All B are C,All A are B,2.75,both,True
64189,50,51,MT,All B are C/No A are C,1,All B are C,No A are C,2.0,both,True
64189,51,73,MT,All B are C/No A are C,1,All B are C,No A are C,2.0,both,True
64189,52,57,AC,All B are C/All A are C,3,All B are C,All A are C,2.85,both,True
64189,53,50,MP,All B are C/All A are B,2,All B are C,All A are B,2.75,both,True
64189,54,18,AC,All B are C/All A are C,3,All B are C,All A are C,2.85,both,True
64189,55,100,MT,All B are C/No A are C,1,All B are C,No A are C,2.0,both,True
64189,56,106,MT,All B are C/No A are C,1,All B are C,No A are C,2.0,both,True
64189,57,3,MT,All B are C/No A are C,1,All B are C,No A are C,2.0,both,True
64189,58,48,MP,All B are C/All A are B,2,All B are C,All A are B,2.75,both,True
64189,59,113,MP,All B are C/All A are B,2,All B are C,All A are B,2.75,both,True
64189,60,105,DA,All B are C/No A are B,4,All B are C,No A are B,6.65,both,True
64189,61,17,MP,All B are C/All A are B,2,All B are C,All A are B,2.75,both,True
64189,62,49,AC,All B are C/All A are C,3,All B are C,All A are C,2.85,both,True
64189,63,76,MT,All B are C/No A are C,1,All B are C,No A are C,2.0,both,True
64189,64,124,AC,All B are C/All A are C,3,All B are C,All A are C,2.85,both,True
64222,1,66,MT,All B are C/No A are C,1,All B are C,No A are C,2.0,both,True
64222,2,67,DA,All B are C/No A are B,4,All B are C,No A are B,6.65,both,True
64222,3,125,MT,All B are C/No A are C,1,All B are C,No A are C,2.0,both,True
64222,4,81,MP,All B are C/All A are B,2,All B are C,All A are B,2.75,both,True
64222,5,68,MT,All B are C/No A are C,1,All B are C,No A are C,2.0,both,True
64222,6,69,DA,All B are C/No A are B,4,All B are C,No A are B,6.65,both,True
64222,7,49,AC,All B are C/All A are C,3,All B are C,All A are C,2.85,both,True
64222,8,82,DA,All B are C/No A are B,4,All B are C,No A are B,6.65,both,True
64222,9,73,MT,All B are C/No A are C,1,All B are C,No A are C,2.0,both,True
64222,10,6,DA,All B are C/No A are B,4,All B are C,No A are B,6.65,both,True
64222,11,18,AC,All B are C/All A are C,3,All B are C,All A are C,2.85,both,True
64222,12,105,DA,All B are C/No A are B,4,All B are C,No A are B,6.65,both,True
64222,13,57,AC,All B are C/All A are C,3,All B are C,All A are C,2.85,both,True
64222,14,3,MT,All B are C/No A are C,1,All B are C,No A are C,2.0,both,True
64222,15,20,AC,All B are C/All A are C,3,All B are C,All A are C,2.85,both,True
64222,16,17,MP,All B are C/All A are B,2,All B are C,All A are B,2.75,both,True
64222,17,63,AC,All B are C/All A are C,3,All B are C,All A are C,2.85,both,True
64222,18,8,AC,All B are C/All A are C,3,All B are C,All A are C,2.85,both,True
64222,19,91,DA,All B are C/No A are B,4,All B are C,No A are B,6.65,both,True
64222,20,114,AC,All B are C/All A are C,3,All B are C,All A are C,2.85,both,True
64222,21,23,AC,All B are C/All A are C,3,All B are C,All A are C,2.85,both,True
64222,22,29,MT,All B are C/No A are C,1,All B are C,No A are C,2.0,both,True
64222,23,58,DA,All B are C/No A are B,4,All B are C,No A are B,6.65,both,True
64222,24,31,MP,All B are C/All A are B,2,All B are C,All A are B,2.75,both,True
64222,25,51,MT,All B are C/No A are C,1,All B are C,No A are C,2.0,both,True
64222,26,76,MT,All B are C/No A are C,1,All B are C,No A are C,2.0,both,True
64222,27,28,DA,All B are C/No A are B,4,All B are C,No A are B,6.65,both,True
64222,28,121,AC,All B are C/All A are C,3,All B are C,All A are C,2.85,both,True
64222,29,60,AC,All B are C/All A are C,3,All B are C,All A are C,2.85,both,True
64222,30,80,AC,All B are C/All A are C,3,All B are C,All A are C,2.85,both,True
64222,31,36,DA,All B are C/No A are B,4,All B are C,No A are B,6.65,both,True
64222,32,116,AC,All B are C/All A are C,3,All B are C,All A are C,2.85,both,True
64222,33,83,MT,All B are C/No A are C,1,All B are C,No A are C,2.0,both,True
64222,34,99,AC,All B are C/All A are C,3,All B are C,All A are C,2.85,both,True
64222,35,120,MP,All B are C/All A are B,2,All B are C,All A are B,2.75,both,True
64222,36,110,DA,All B are C/No A are B,4,All B are C,No A are B,6.65,both,True
64222,37,101,MP,All B are C/All A are B,2,All B are C,All A are B,2.75,both,True
64222,38,7,MP,All B are C/All A are B,2,All B are C,All A are B,2.75,both,True
64222,39,123,DA,All B are C/No A are B,4,All B are C,No A are B,6.65,both,True
64222,40,112,MP,All B are C/All A are B,2,All B are C,All A are B,2.75,both,True
64222,41,5,MT,All B are C/No A are C,1,All B are C,No A are C,2.0,both,True
64222,42,22,MP,All B are C/All A are B,2,All B are C,All A are B,2.75,both,True
64222,43,124,AC,All B are C/All A are C,3,All B are C,All A are C,2.85,both,True
64222,44,72,DA,All B are C/No A are B,4,All B are C,No A are B,6.65,both,True
64222,45,26,MP,All B are C/All A are B,2,All B are C,All A are B,2.75,both,True
64222,46,35,MT,All B are C/No A are C,1,All B are C,No A are C,2.0,both,True
64222,47,111,MP,All B are C/All A are B,2,All B are C,All A are B,2.75,both,True
64222,48,48,MP,All B are C/All A are B,2,All B are C,All A are B,2.75,both,True
64222,49,15,MT,All B are C/No A are C,1,All B are C,No A are C,2.0,both,True
64222,50,113,MP,All B are C/All A are B,2,All B are C,All A are B,2.75,both,True
64222,51,64,MP,All B are C/All A are B,2,All B are C,All A are B,2.75,both,True
64222,52,100,MT,All B are C/No A are C,1,All B are C,No A are C,2.0,both,True
64222,53,79,DA,All B are C/No A are B,4,All B are C,No A are B,6.65,both,True
64222,54,102,AC,All B are C/All A are C,3,All B are C,All A are C,2.85,both,True
64222,55,2,DA,All B are C/No A are B,4,All B are C,No A are B,6.65,both,True
64222,56,90,MT,All B are C/No A are C,1,All B are C,No A are C,2.0,both,True
64222,57,27,AC,All B are C/All A are C,3,All B are C,All A are C,2.85,both,True
64222,58,106,MT,All B are C/No A are C,1,All B are C,No A are C,2.0,both,True
64222,59,13,MP,All B are C/All A are B,2,All B are C,All A are B,2.75,both,True
64222,60,32,MT,All B are C/No A are C,1,All B are C,No A are C,2.0,both,True
64222,61,50,MP,All B are C/All A are B,2,All B are C,All A are B,2.75,both,True
64222,62,115,MP,All B are C/All A are B,2,All B are C,All A are B,2.75,both,True
64222,63,16,DA,All B are C/No A are B,4,All B are C,No A are B,6.65,both,True
64222,64,75,DA,All B are C/No A are B,4,All B are C,No A are B,6.65,both,True
64258,1,122,AC,All B are C/All A are C,3,All B are C,All A are C,2.95,both,True
64258,2,9,AC,All B are C/All A are C,3,All B are C,All A are C,2.95,both,True
64258,3,19,AC,All B are C/All A are C,3,All B are C,All A are C,2.95,both,True
64258,4,74,DA,All B are C/No A are B,4,All B are C,No A are B,6.6,both,True
64258,5,103,AC,All B are C/All A are C,3,All B are C,All A are C,2.95,both,True
64258,6,86,MP,All B are C/All A are B,2,All B are C,All A are B,2.5,both,True
64258,7,11,MP,All B are C/All A are B,2,All B are C,All A are B,2.5,both,True
64258,8,89,DA,All B are C/No A are B,4,All B are C,No A are B,6.6,both,True
64258,9,42,MP,All B are C/All A are B,2,All B are C,All A are B,2.5,both,True
64258,10,78,AC,All B are C/All A are C,3,All B are C,All A are C,2.95,both,True
64258,11,14,MT,All B are C/No A are C,1,All B are C,No A are C,2.0,both,True
64258,12,61,AC,All B are C/All A are C,3,All B are C,All A are C,2.95,both,True
64258,13,84,MT,All B are C/No A are C,1,All B are C,No A are C,2.0,both,True
64258,14,127,DA,All B are C/No A are B,4,All B are C,No A are B,6.6,both,True
64258,15,93,DA,All B are C/No A are B,4,All B are C,No A are B,6.6,both,True
64258,16,10,DA,All B are C/No A are B,4,All B are C,No A are B,6.6,both,True
64258,17,77,MT,All B are C/No A are C,1,All B are C,No A are C,2.0,both,True
64258,18,65,MT,All B are C/No A are C,1,All B are C,No A are C,2.0,both,True
64258,19,38,DA,All B are C/No A are B,4,All B are C,No A are B,6.6,both,True
64258,20,39,MP,All B are C/All A are B,2,All B are C,All A are B,2.5,both,True
64258,21,4,MT,All B are C/No A are C,1,All B are C,No A are C,2.0,both,True
64258,22,94,MP,All B are C/All A are B,2,All B are C,All A are B,2.5,both,True
64258,23,21,AC,All B are C/All A are C,3,All B are C,All A are C,2.95,both,True
64258,24,52,MP,All B are C/All A are B,2,All B are C,All A are B,2.5,both,True
64258,25,108,DA,All B are C/No A are B,4,All B are C,No A are B,6.6,both,True
64258,26,71,MT,All B are C/No A are C,1,All B are C,No A are C,2.0,both,True
64258,27,59,AC,All B are C/All A are C,3,All B are C,All A are C,2.95,both,True
64258,28,97,MT,All B are C/No A are C,1,All B are C,No A are C,2.0,both,True
64258,29,62,AC,All B are C/All A are C,3,All B are C,All A are C,2.95,both,True
64258,30,96,DA,All B are C/No A are B,4,All B are C,No A are B,6.6,both,True
64258,31,34,MP,All B are C/All A are B,2,All B are C,All A are B,2.5,both,True
64258,32,119,AC,All B are C/All A are C,3,All B are C,All A are C,2.95,both,True
64258,33,126,MT,All B are C/No A are C,1,All B are C,No A are C,2.0,both,True
64258,34,24,AC,All B are C/All A are C,3,All B are C,All A are C,2.95,both,True
64258,35,46,MT,All B are C/No A are C,1,All B are C,No A are C,2.0,both,True
64258,36,70,MT,All B are C/No A are C,1,All B are C,No A are C,2.0,both,True
64258,37,104,DA,All B are C/No A are B,4,All B are C,No A are B,6.6,both,True
64258,38,41,MP,All B are C/All A are B,2,All B are C,All A are B,2.5,both,True
64258,39,25,AC,All B are C/All A are C,3,All B are C,All A are C,2.95,both,True
64258,40,56,MP,All B are C/All A are B,2,All B are C,All A are B,2.5,both,True
64258,41,98,AC,All B are C/All A are C,3,All B are C,All A are C,2.95,both,True
64258,42,117,AC,All B are C/All A are C,3,All B are C,All A are C,2.95,both,True
64258,43,40,MP,All B are C/All A are B,2,All B are C,All A are B,2.5,both,True
64258,44,118,AC,All B are C/All A are C,3,All B are C,All A are C,2.95,both,True
64258,45,44,DA,All B are C/No A are B,4,All B are C,No A are B,6.6,both,True
64258,46,45,DA,All B are C/No A are B,4,All B are C,No A are B,6.6,both,True
64258,47,47,AC,All B are C/All A are C,3,All B are C,All A are C,2.95,both,True
64258,48,109,MP,All B are C/All A are B,2,All B are C,All A are B,2.5,both,True
64258,49,95,MP,All B are C/All A are B,2,All B are C,All A are B,2.5,both,True
64258,50,55,MP,All B are C/All A are B,2,All B are C,All A are B,2.5,both,True
64258,51,53,DA,All B are C/No A are B,4,All B are C,No A are B,6.6,both,True
64258,52,1,MT,All B are C/No A are C,1,All B are C,No A are C,2.0,both,True
64258,53,12,MP,All B are C/All A are B,2,All B are C,All A are B,2.5,both,True
64258,54,88,DA,All B are C/No A are B,4,All B are C,No A are B,6.6,both,True
64258,55,54,DA,All B are C/No A are B,4,All B are C,No A are B,6.6,both,True
64258,56,87,DA,All B are C/No A are B,4,All B are C,No A are B,6.6,both,True
64258,57,128,DA,All B are C/No A are B,4,All B are C,No A are B,6.6,both,True
64258,58,33,MT,All B are C/No A are C,1,All B are C,No A are C,2.0,both,True
64258,59,43,MP,All B are C/All A are B,2,All B are C,All A are B,2.5,both,True
64258,60,107,MT,All B are C/No A are C,1,All B are C,No A are C,2.0,both,True
64258,61,92,MT,All B are C/No A are C,1,All B are C,No A are C,2.0,both,True
64258,62,30,MT,All B are C/No A are C,1,All B are C,No A are C,2.0,both,True
64258,63,37,MT,All B are C/No A are C,1,All B are C,No A are C,2.0,both,True
64258,64,85,MP,All B are C/All A are B,2,All B are C,All A are B,2.5,both,True
64270,1,40,MP,All B are C/All A are B,2,All B are C,All A are B,2.75,both,True
64270,2,10,DA,All B are C/No A are B,4,All B are C,No A are B,6.65,both,True
64270,3,127,DA,All B are C/No A are B,4,All B are C,No A are B,6.65,both,True
64270,4,97,MT,All B are C/No A are C,1,All B are C,No A are C,2.0,both,True
64270,5,9,AC,All B are C/All A are C,3,All B are C,All A are C,2.85,both,True
64270,6,1,MT,All B are C/No A are C,1,All B are C,No A are C,2.0,both,True
64270,7,98,AC,All B are C/All A are C,3,All B are C,All A are C,2.85,both,True
64270,8,128,DA,All B are C/No A are B,4,All B are C,No A are B,6.65,both,True
64270,9,65,MT,All B are C/No A are C,1,All B are C,No A are C,2.0,both,True
64270,10,96,DA,All B are C/No A are B,4,All B are C,No A are B,6.65,both,True
64270,11,24,AC,All B are C/All A are C,3,All B are C,All A are C,2.85,both,True
64270,12,70,MT,All B are C/No A are C,1,All B are C,No A are C,2.0,both,True
64270,13,4,MT,All B are C/No A are C,1,All B are C,No A are C,2.0,both,True
64270,14,33,MT,All B are C/No A are C,1,All B are C,No A are C,2.0,both,True
64270,15,77,MT,All B are C/No A are C,1,All B are C,No A are C,2.0,both,True
64270,16,61,AC,All B are C/All A are C,3,All B are C,All A are C,2.85,both,True
64270,17,25,AC,All B are C/All A are C,3,All B are C,All A are C,2.85,both,True
64270,18,95,MP,All B are C/All A are B,2,All B are C,All A are B,2.75,both,True
64270,19,85,MP,All B are C/All A are B,2,All B are C,All A are B,2.75,both,True
64270,20,11,MP,All B are C/All A are B,2,All B are C,All A are B,2.75,both,True
64270,21,71,MT,All B are C/No A are C,1,All B are C,No A are C,2.0,both,True
64270,22,47,AC,All B are C/All A are C,3,All B are C,All A are C,2.85,both,True
64270,23,21,AC,All B are C/All A are C,3,All B are C,All A are C,2.85,both,True
64270,24,103,AC,All B are C/All A are C,3,All B are C,All A are C,2.85,both,True
64270,25,84,MT,All B are C/No A are C,1,All B are C,No A are C,2.0,both,True
64270,26,56,MP,All B are C/All A are B,2,All B are C,All A are B,2.75,both,True
64270,27,59,AC,All B are C/All A are C,3,All B are C,All A are C,2.85,both,True
64270,28,119,AC,All B are C/All A are C,3,All B are C,All A are C,2.85,both,True
64270,29,42,MP,All B are C/All A are B,2,All B are C,All A are B,2.75,both,True
64270,30,19,AC,All B are C/All A are C,3,All B are C,All A are C,2.85,both,True
64270,31,43,MP,All B are C/All A are B,2,All B are C,All A are B,2.75,both,True
64270,32,78,AC,All B are C/All A are C,3,All B are C,All A are C,2.85,both,True
64270,33,62,AC,All B are C/All A are C,3,All B are C,All A are C,2.85,both,True
64270,34,55,MP,All B are C/All A are B,2,All B are C,All A are B,2.75,both,True
64270,35,53,DA,All B are C/No A are B,4,All B are C,No A are B,6.65,both,True
64270,36,74,DA,All B are C/No A are B,4,All B are C,No A are B,6.65,both,True
64270,37,34,MP,All B are C/All A are B,2,All B are C,All A are B,2.75,both,True
64270,38,12,MP,All B are C/All A are B,2,All B are C,All A are B,2.75,both,True
64270,39,108,DA,All B are C/No A are B,4,All B are C,No A are B,6.65,both,True
64270,40,92,MT,All B are C/No A are C,1,All B are C,No A are C,2.0,both,True
64270,41,38,DA,All B are C/No A are B,4,All B are C,No A are B,6.65,both,True
64270,42,118,AC,All B are C/All A are C,3,All B are C,All A are C,2.85,both,True
64270,43,107,MT,All B are C/No A are C,1,All B are C,No A are C,2.0,both,True
64270,44,88,DA,All B are C/No A are B,4,All B are C,No A are B,6.65,both,True
64270,45,41,MP,All B are C/All A are B,2,All B are C,All A are B,2.75,both,True
64270,46,126,MT,All B are C/No A are C,1,All B are C,No A are C,2.0,both,True
64270,47,52,MP,All B are C/All A are B,2,All B are C,All A are B,2.75,both,True
64270,48,37,MT,All B are C/No A are C,1,All B are C,No A are C,2.0,both,True
64270,49,44,DA,All B are C/No A are B,4,All B are C,No A are B,6.65,both,True
64270,50,117,AC,All B are C/All A are C,3,All B are C,All A are C,2.85,both,True
64270,51,14,MT,All B are C/No A are C,1,All B are C,No A are C,2.0,both,True
64270,52,45,DA,All B are C/No A are B,4,All B are C,No A are B,6.65,both,True
64270,53,30,MT,All B are C/No A are C,1,All B are C,No A are C,2.0,both,True
64270,54,94,MP,All B are C/All A are B,2,All B are C,All A are B,2.75,both,True
64270,55,89,DA,All B are C/No A are B,4,All B are C,No A are B,6.65,both,True
64270,56,54,DA,All B are C/No A are B,4,All B are C,No A are B,6.65,both,True
64270,57,93,DA,All B are C/No A are B,4,All B are C,No A are B,6.65,both,True
64270,58,122,AC,All B are C/All A are C,3,All B are C,All A are C,2.85,both,True
64270,59,46,MT,All B are C/No A are C,1,All B are C,No A are C,2.0,both,True
64270,60,104,DA,All B are C/No A are B,4,All B are C,No A are B,6.65,both,True
64270,61,109,MP,All B are C/All A are B,2,All B are C,All A are B,2.75,both,True
64270,62,39,MP,All B are C/All A are B,2,All B are C,All A are B,2.75,both,True
64270,63,87,DA,All B are C/No A are B,4,All B are C,No A are B,6.65,both,True
64270,64,86,MP,All B are C/All A are B,2,All B are C,All A are B,2.75,both,True
64312,1,10,DA,All B are C/No A are B,4,All B are C,No A are B,4.7,both,True
64312,2,21,AC,All B are C/All A are C,3,All B are C,All A are C,2.5,both,True
64312,3,11,MP,All B are C/All A are B,2,All B are C,All A are B,2.35,both,True
64312,4,38,DA,All B are C/No A are B,4,All B are C,No A are B,4.7,both,True
64312,5,74,DA,All B are C/No A are B,4,All B are C,No A are B,4.7,both,True
64312,6,103,AC,All B are C/All A are C,3,All B are C,All A are C,2.5,both,True
64312,7,96,DA,All B are C/No A are B,4,All B are C,No A are B,4.7,both,True
64312,8,14,MT,All B are C/No A are C,1,All B are C,No A are C,2.0,both,True
64312,9,1,MT,All B are C/No A are C,1,All B are C,No A are C,2.0,both,True
64312,10,109,MP,All B are C/All A are B,2,All B are C,All A are B,2.35,both,True
64312,11,119,AC,All B are C/All A are C,3,All B are C,All A are C,2.5,both,True
64312,12,4,MT,All B are C/No A are C,1,All B are C,No A are C,2.0,both,True
64312,13,98,AC,All B are C/All A are C,3,All B are C,All A are C,2.5,both,True
64312,14,24,AC,All B are C/All A are C,3,All B are C,All A are C,2.5,both,True
64312,15,122,AC,All B are C/All A are C,3,All B are C,All A are C,2.5,both,True
64312,16,127,DA,All B are C/No A are B,4,All B are C,No A are B,4.7,both,True
64312,17,88,DA,All B are C/No A are B,4,All B are C,No A are B,4.7,both,True
64312,18,40,MP,All B are C/All A are B,2,All B are C,All A are B,2.35,both,True
64312,19,86,MP,All B are C/All A are B,2,All B are C,All A are B,2.35,both,True
64312,20,54,DA,All B are C/No A are B,4,All B are C,No A are B,4.7,both,True
64312,21,126,MT,All B are C/No A are C,1,All B are C,No A are C,2.0,both,True
64312,22,77,MT,All B are C/No A are C,1,All B are C,No A are C,2.0,both,True
64312,23,78,AC,All B are C/All A are C,3,All B are C,All A are C,2.5,both,True
64312,24,85,MP,All B are C/All A are B,2,All B are C,All A are B,2.35,both,True
64312,25,41,MP,All B are C/All A are B,2,All B are C,All A are B,2.35,both,True
64312,26,25,AC,All B are C/All A are C,3,All B are C,All A are C,2.5,both,True
64312,27,45,DA,All B are C/No A are B,4,All B are C,No A are B,4.7,both,True
64312,28,9,AC,All B are C/All A are C,3,All B are C,All A are C,2.5,both,True
64312,29,107,MT,All B are C/No A are C,1,All B are C,No A are C,2.0,both,True
64312,30,108,DA,All B are C/No A are B,4,All B are C,No A are B,4.7,both,True
64312,31,70,MT,All B are C/No A are C,1,All B are C,No A are C,2.0,both,True
64312,32,30,MT,All B are C/No A are C,1,All B are C,No A are C,2.0,both,True
64312,33,53,DA,All B are C/No A are B,4,All B are C,No A are B,4.7,both,True
64312,34,56,MP,All B are C/All A are B,2,All B are C,All A are B,2.35,both,True
64312,35,89,DA,All B are C/No A are B,4,All B are C,No A are B,4.7,both,True
64312,36,55,MP,All B are C/All A are B,2,All B are C,All A are B,2.35,both,True
64312,37,42,MP,All B are C/All A are B,2,All B are C,All A are B,2.35,both,True
64312,38,62,AC,All B are C/All A are C,3,All B are C,All A are C,2.5,both,True
64312,39,43,MP,All B are C/All A are B,2,All B are C,All A are B,2.35,both,True
64312,40,128,DA,All B are C/No A are B,4,All B are C,No A are B,4.7,both,True
64312,41,94,MP,All B are C/All A are B,2,All B are C,All A are B,2.35,both,True
64312,42,34,MP,All B are C/All A are B,2,All B are C,All A are B,2.35,both,True
64312,43,84,MT,All B are C/No A are C,1,All B are C,No A are C,2.0,both,True
64312,44,44,DA,All B are C/No A are B,4,All B are C,No A are B,4.7,both,True
64312,45,33,MT,All B are C/No A are C,1,All B are C,No A are C,2.0,both,True
64312,46,61,AC,All B are C/All A are C,3,All B are C,All A are C,2.5,both,True
64312,47,93,DA,All B are C/No A are B,4,All B are C,No A are B,4.7,both,True
64312,48,104,DA,All B are C/No A are B,4,All B are C,No A are B,4.7,both,True
64312,49,37,MT,All B are C/No A are C,1,All B are C,No A are C,2.0,both,True
64312,50,95,MP,All B are C/All A are B,2,All B are C,All A are B,2.35,both,True
64312,51,52,MP,All B are C/All A are B,2,All B are C,All A are B,2.35,both,True
64312,52,46,MT,All B are C/No A are C,1,All B are C,No A are C,2.0,both,True
64312,53,65,MT,All B are C/No A are C,1,All B are C,No A are C,2.0,both,True
64312,54,92,MT,All B are C/No A are C,1,All B are C,No A are C,2.0,both,True
64312,55,12,MP,All B are C/All A are B,2,All B are C,All A are B,2.35,both,True
64312,56,71,MT,All B are C/No A are C,1,All B are C,No A are C,2.0,both,True
64312,57,39,MP,All B are C/All A are B,2,All B are C,All A are B,2.35,both,True
64312,58,97,MT,All B are C/No A are C,1,All B are C,No A are C,2.0,both,True
64312,59,117,AC,All B are C/All A are C,3,All B are C,All A are C,2.5,both,True
64312,60,19,AC,All B are C/All A are C,3,All B are C,All A are C,2.5,both,True
64312,61,118,AC,All B are C/All A are C,3,All B are C,All A are C,2.5,both,True
64312,62,59,AC,All B are C/All A are C,3,All B are C,All A are C,2.5,both,True
64312,63,47,AC,All B are C/All A are C,3,All B are C,All A are C,2.5,both,True
64312,64,87,DA,All B are C/No A are B,4,All B are C,No A are B,4.7,both,True
64363,1,88,DA,All B are C/No A are B,4,All B are C,No A are B,2.75,both,True
64363,2,54,DA,All B are C/No A are B,4,All B are C,No A are B,2.75,both,True
64363,3,97,MT,All B are C/No A are C,1,All B are C,No A are C,2.0,both,True
64363,4,55,MP,All B are C/All A are B,2,All B are C,All A are B,2.0,both,True
64363,5,93,DA,All B are C/No A are B,4,All B are C,No A are B,2.75,both,True
64363,6,34,MP,All B are C/All A are B,2,All B are C,All A are B,2.0,both,True
64363,7,94,MP,All B are C/All A are B,2,All B are C,All A are B,2.0,both,True
64363,8,14,MT,All B are C/No A are C,1,All B are C,No A are C,2.0,both,True
64363,9,9,AC,All B are C/All A are C,3,All B are C,All A are C,2.1,both,True
64363,10,30,MT,All B are C/No A are C,1,All B are C,No A are C,2.0,both,True
64363,11,52,MP,All B are C/All A are B,2,All B are C,All A are B,2.0,both,True
64363,12,39,MP,All B are C/All A are B,2,All B are C,All A are B,2.0,both,True
64363,13,44,DA,All B are C/No A are B,4,All B are C,No A are B,2.75,both,True
64363,14,127,DA,All B are C/No A are B,4,All B are C,No A are B,2.75,both,True
64363,15,109,MP,All B are C/All A are B,2,All B are C,All A are B,2.0,both,True
64363,16,21,AC,All B are C/All A are C,3,All B are C,All A are C,2.1,both,True
64363,17,89,DA,All B are C/No A are B,4,All B are C,No A are B,2.75,both,True
64363,18,1,MT,All B are C/No A are C,1,All B are C,No A are C,2.0,both,True
64363,19,86,MP,All B are C/All A are B,2,All B are C,All A are B,2.0,both,True
64363,20,4,MT,All B are C/No A are C,1,All B are C,No A are C,2.0,both,True
64363,21,33,MT,All B are C/No A are C,1,All B are C,No A are C,2.0,both,True
64363,22,19,AC,All B are C/All A are C,3,All B are C,All A are C,2.1,both,True
64363,23,95,MP,All B are C/All A are B,2,All B are C,All A are B,2.0,both,True
64363,24,77,MT,All B are C/No A are C,1,All B are C,No A are C,2.0,both,True
64363,25,10,DA,All B are C/No A are B,4,All B are C,No A are B,2.75,both,True
64363,26,41,MP,All B are C/All A are B,2,All B are C,All A are B,2.0,both,True
64363,27,107,MT,All B are C/No A are C,1,All B are C,No A are C,2.0,both,True
64363,28,78,AC,All B are C/All A are C,3,All B are C,All A are C,2.1,both,True
64363,29,56,MP,All B are C/All A are B,2,All B are C,All A are B,2.0,both,True
64363,30,117,AC,All B are C/All A are C,3,All B are C,All A are C,2.1,both,True
64363,31,42,MP,All B are C/All A are B,2,All B are C,All A are B,2.0,both,True
64363,32,96,DA,All B are C/No A are B,4,All B are C,No A are B,2.75,both,True
64363,33,92,MT,All B are C/No A are C,1,All B are C,No A are C,2.0,both,True
64363,34,62,AC,All B are C/All A are C,3,All B are C,All A are C,2.1,both,True
64363,35,85,MP,All B are C/All A are B,2,All B are C,All A are B,2.0,both,True
64363,36,11,MP,All B are C/All A are B,2,All B are C,All A are B,2.0,both,True
64363,37,119,AC,All B are C/All A are C,3,All B are C,All A are C,2.1,both,True
64363,38,84,MT,All B are C/No A are C,1,All B are C,No A are C,2.0,both,True
64363,39,40,MP,All B are C/All A are B,2,All B are C,All A are B,2.0,both,True
64363,40,61,AC,All B are C/All A are C,3,All B are C,All A are C,2.1,both,True
64363,41,74,DA,All B are C/No A are B,4,All B are C,No A are B,2.75,both,True
64363,42,25,AC,All B are C/All A are C,3,All B are C,All A are C,2.1,both,True
64363,43,70,MT,All B are C/No A are C,1,All B are C,No A are C,2.0,both,True
64363,44,45,DA,All B are C/No A are B,4,All B are C,No A are B,2.75,both,True
64363,45,46,MT,All B are C/No A are C,1,All B are C,No A are C,2.0,both,True
64363,46,43,MP,All B are C/All A are B,2,All B are C,All A are B,2.0,both,True
64363,47,59,AC,All B are C/All A are C,3,All B are C,All A are C,2.1,both,True
64363,48,126,MT,All B are C/No A are C,1,All B are C,No A are C,2.0,both,True
64363,49,108,DA,All B are C/No A are B,4,All B are C,No A are B,2.75,both,True
64363,50,103,AC,All B are C/All A are C,3,All B are C,All A are C,2.1,both,True
64363,51,53,DA,All B are C/No A are B,4,All B are C,No A are B,2.75,both,True
64363,52,12,MP,All B are C/All A are B,2,All B are C,All A are B,2.0,both,True
64363,53,118,AC,All B are C/All A are C,3,All B are C,All A are C,2.1,both,True
64363,54,87,DA,All B are C/No A are B,4,All B are C,No A are B,2.75,both,True
64363,55,47,AC,All B are C/All A are C,3,All B are C,All A are C,2.1,both,True
64363,56,98,AC,All B are C/All A are C,3,All B are C,All A are C,2.1,both,True
64363,57,38,DA,All B are C/No A are B,4,All B are C,No A are B,2.75,both,True
64363,58,37,MT,All B are C/No A are C,1,All B are C,No A are C,2.0,both,True
64363,59,122,AC,All B are C/All A are C,3,All B are C,All A are C,2.1,both,True
64363,60,24,AC,All B are C/All A are C,3,All B are C,All A are C,2.1,both,True
64363,61,104,DA,All B are C/No A are B,4,All B are C,No A are B,2.75,both,True
64363,62,65,MT,All B are C/No A are C,1,All B are C,No A are C,2.0,both,True
64363,63,71,MT,All B are C/No A are C,1,All B are C,No A are C,2.0,both,True
64363,64,128,DA,All B are C/No A are B,4,All B are C,No A are B,2.75,both,True
64369,1,57,AC,All B are C/All A are C,3,All B are C,All A are C,2.85,both,True
64369,2,110,DA,All B are C/No A are B,4,All B are C,No A are B,6.65,both,True
64369,3,68,MT,All B are C/No A are C,1,All B are C,No A are C,2.0,both,True
64369,4,111,MP,All B are C/All A are B,2,All B are C,All A are B,2.75,both,True
64369,5,82,DA,All B are C/No A are B,4,All B are C,No A are B,6.65,both,True
64369,6,8,AC,All B are C/All A are C,3,All B are C,All A are C,2.85,both,True
64369,7,63,AC,All B are C/All A are C,3,All B are C,All A are C,2.85,both,True
64369,8,26,MP,All B are C/All A are B,2,All B are C,All A are B,2.75,both,True
64369,9,2,DA,All B are C/No A are B,4,All B are C,No A are B,6.65,both,True
64369,10,29,MT,All B are C/No A are C,1,All B are C,No A are C,2.0,both,True
64369,11,102,AC,All B are C/All A are C,3,All B are C,All A are C,2.85,both,True
64369,12,58,DA,All B are C/No A are B,4,All B are C,No A are B,6.65,both,True
64369,13,6,DA,All B are C/No A are B,4,All B are C,No A are B,6.65,both,True
64369,14,31,MP,All B are C/All A are B,2,All B are C,All A are B,2.75,both,True
64369,15,115,MP,All B are C/All A are B,2,All B are C,All A are B,2.75,both,True
64369,16,123,DA,All B are C/No A are B,4,All B are C,No A are B,6.65,both,True
64369,17,112,MP,All B are C/All A are B,2,All B are C,All A are B,2.75,both,True
64369,18,49,AC,All B are C/All A are C,3,All B are C,All A are C,2.85,both,True
64369,19,100,MT,All B are C/No A are C,1,All B are C,No A are C,2.0,both,True
64369,20,66,MT,All B are C/No A are C,1,All B are C,No A are C,2.0,both,True
64369,21,72,DA,All B are C/No A are B,4,All B are C,No A are B,6.65,both,True
64369,22,75,DA,All B are C/No A are B,4,All B are C,No A are B,6.65,both,True
64369,23,5,MT,All B are C/No A are C,1,All B are C,No A are C,2.0,both,True
64369,24,125,MT,All B are C/No A are C,1,All B are C,No A are C,2.0,both,True
64369,25,32,MT,All B are C/No A are C,1,All B are C,No A are C,2.0,both,True
64369,26,90,MT,All B are C/No A are C,1,All B are C,No A are C,2.0,both,True
64369,27,50,MP,All B are C/All A are B,2,All B are C,All A are B,2.75,both,True
64369,28,27,AC,All B are C/All A are C,3,All B are C,All A are C,2.85,both,True
64369,29,121,AC,All B are C/All A are C,3,All B are C,All A are C,2.85,both,True
64369,30,48,MP,All B are C/All A are B,2,All B are C,All A are B,2.75,both,True
64369,31,35,MT,All B are C/No A are C,1,All B are C,No A are C,2.0,both,True
64369,32,28,DA,All B are C/No A are B,4,All B are C,No A are B,6.65,both,True
64369,33,73,MT,All B are C/No A are C,1,All B are C,No A are C,2.0,both,True
64369,34,76,MT,All B are C/No A are C,1,All B are C,No A are C,2.0,both,True
64369,35,105,DA,All B are C/No A are B,4,All B are C,No A are B,6.65,both,True
64369,36,83,MT,All B are C/No A are C,1,All B are C,No A are C,2.0,both,True
64369,37,116,AC,All B are C/All A are C,3,All B are C,All A are C,2.85,both,True
64369,38,15,MT,All B are C/No A are C,1,All B are C,No A are C,2.0,both,True
64369,39,36,DA,All B are C/No A are B,4,All B are C,No A are B,6.65,both,True
64369,40,124,AC,All B are C/All A are C,3,All B are C,All A are C,2.85,both,True
64369,41,7,MP,All B are C/All A are B,2,All B are C,All A are B,2.75,both,True
64369,42,16,DA,All B are C/No A are B,4,All B are C,No A are B,6.65,both,True
64369,43,20,AC,All B are C/All A are C,3,All B are C,All A are C,2.85,both,True
64369,44,120,MP,All B are C/All A are B,2,All B are C,All A are B,2.75,both,True
64369,45,3,MT,All B are C/No A are C,1,All B are C,No A are C,2.0,both,True
64369,46,60,AC,All B are C/All A are C,3,All B are C,All A are C,2.85,both,True
64369,47,67,DA,All B are C/No A are B,4,All B are C,No A are B,6.65,both,True
64369,48,69,DA,All B are C/No A are B,4,All B are C,No A are B,6.65,both,True
64369,49,114,AC,All B are C/All A are C,3,All B are C,All A are C,2.85,both,True
64369,50,79,DA,All B are C/No A are B,4,All B are C,No A are B,6.65,both,True
64369,51,101,MP,All B are C/All A are B,2,All B are C,All A are B,2.75,both,True
64369,52,99,AC,All B are C/All A are C,3,All B are C,All A are C,2.85,both,True
64369,53,51,MT,All B are C/No A are C,1,All B are C,No A are C,2.0,both,True
64369,54,80,AC,All B are C/All A are C,3,All B are C,All A are C,2.85,both,True
64369,55,23,AC,All B are C/All A are C,3,All B are C,All A are C,2.85,both,True
64369,56,17,MP,All B are C/All A are B,2,All B are C,All A are B,2.75,both,True
64369,57,91,DA,All B are C/No A are B,4,All B are C,No A are B,6.65,both,True
64369,58,106,MT,All B are C/No A are C,1,All B are C,No A are C,2.0,both,True
64369,59,22,MP,All B are C/All A are B,2,All B are C,All A are B,2.75,both,True
64369,60,64,MP,All B are C/All A are B,2,All B are C,All A are B,2.75,both,True
64369,61,18,AC,All B are C/All A are C,3,All B are C,All A are C,2.85,both,True
64369,62,81,MP,All B are C/All A are B,2,All B are C,All A are B,2.75,both,True
64369,63,113,MP,All B are C/All A are B,2,All B are C,All A are B,2.75,both,True
64369,64,13,MP,All B are C/All A are B,2,All B are C,All A are B,2.75,both,True
64386,1,111,MP,All B are C/All A are B,2,All B are C,All A are B,2.75,both,True
64386,2,66,MT,All B are C/No A are C,1,All B are C,No A are C,2.0,both,True
64386,3,5,MT,All B are C/No A are C,1,All B are C,No A are C,2.0,both,True
64386,4,28,DA,All B are C/No A are B,4,All B are C,No A are B,6.65,both,True
64386,5,101,MP,All B are C/All A are B,2,All B are C,All A are B,2.75,both,True
64386,6,115,MP,All B are C/All A are B,2,All B are C,All A are B,2.75,both,True
64386,7,116,AC,All B are C/All A are C,3,All B are C,All A are C,2.85,both,True
64386,8,106,MT,All B are C/No A are C,1,All B are C,No A are C,2.0,both,True
64386,9,110,DA,All B are C/No A are B,4,All B are C,No A are B,6.65,both,True
64386,10,3,MT,All B are C/No A are C,1,All B are C,No A are C,2.0,both,True
64386,11,29,MT,All B are C/No A are C,1,All B are C,No A are C,2.0,both,True
64386,12,64,MP,All B are C/All A are B,2,All B are C,All A are B,2.75,both,True
64386,13,105,DA,All B are C/No A are B,4,All B are C,No A are B,6.65,both,True
64386,14,51,MT,All B are C/No A are C,1,All B are C,No A are C,2.0,both,True
64386,15,124,AC,All B are C/All A are C,3,All B are C,All A are C,2.85,both,True
64386,16,99,AC,All B are C/All A are C,3,All B are C,All A are C,2.85,both,True
64386,17,16,DA,All B are C/No A are B,4,All B are C,No A are B,6.65,both,True
64386,18,68,MT,All B are C/No A are C,1,All B are C,No A are C,2.0,both,True
64386,19,80,AC,All B are C/All A are C,3,All B are C,All A are C,2.85,both,True
64386,20,114,AC,All B are C/All A are C,3,All B are C,All A are C,2.85,both,True
64386,21,90,MT,All B are C/No A are C,1,All B are C,No A are C,2.0,both,True
64386,22,22,MP,All B are C/All A are B,2,All B are C,All A are B,2.75,both,True
64386,23,82,DA,All B are C/No A are B,4,All B are C,No A are B,6.65,both,True
64386,24,7,MP,All B are C/All A are B,2,All B are C,All A are B,2.75,both,True
64386,25,75,DA,All B are C/No A are B,4,All B are C,No A are B,6.65,both,True
64386,26,32,MT,All B are C/No A are C,1,All B are C,No A are C,2.0,both,True
64386,27,17,MP,All B are C/All A are B,2,All B are C,All A are B,2.75,both,True
64386,28,15,MT,All B are C/No A are C,1,All B are C,No A are C,2.0,both,True
64386,29,13,MP,All B are C/All A are B,2,All B are C,All A are B,2.75,both,True
64386,30,27,AC,All B are C/All A are C,3,All B are C,All A are C,2.85,both,True
64386,31,79,DA,All B are C/No A are B,4,All B are C,No A are B,6.65,both,True
64386,32,23,AC,All B are C/All A are C,3,All B are C,All A are C,2.85,both,True
64386,33,31,MP,All B are C/All A are B,2,All B are C,All A are B,2.75,both,True
64386,34,58,DA,All B are C/No A are B,4,All B are C,No A are B,6.65,both,True
64386,35,50,MP,All B are C/All A are B,2,All B are C,All A are B,2.75,both,True
64386,36,123,DA,All B are C/No A are B,4,All B are C,No A are B,6.65,both,True
64386,37,18,AC,All B are C/All A are C,3,All B are C,All A are C,2.85,both,True
64386,38,76,MT,All B are C/No A are C,1,All B are C,No A are C,2.0,both,True
64386,39,113,MP,All B are C/All A are B,2,All B are C,All A are B,2.75,both,True
64386,40,91,DA,All B are C/No A are B,4,All B are C,No A are B,6.65,both,True
64386,41,100,MT,All B are C/No A are C,1,All B are C,No A are C,2.0,both,True
64386,42,8,AC,All B are C/All A are C,3,All B are C,All A are C,2.85,both,True
64386,43,67,DA,All B are C/No A are B,4,All B are C,No A are B,6.65,both,True
64386,44,6,DA,All B are C/No A are B,4,All B are C,No A are B,6.65,both,True
64386,45,121,AC,All B are C/All A are C,3,All B are C,All A are C,2.85,both,True
64386,46,36,DA,All B are C/No A are B,4,All B are C,No A are B,6.65,both,True
64386,47,73,MT,All B are C/No A are C,1,All B are C,No A are C,2.0,both,True
64386,48,20,AC,All B are C/All A are C,3,All B are C,All A are C,2.85,both,True
64386,49,49,AC,All B are C/All A are C,3,All B are C,All A are C,2.85,both,True
64386,50,63,AC,All B are C/All A are C,3,All B are C,All A are C,2.85,both,True
64386,51,83,MT,All B are C/No A are C,1,All B are C,No A are C,2.0,both,True
64386,52,2,DA,All B are C/No A are B,4,All B are C,No A are B,6.65,both,True
64386,53,48,MP,All B are C/All A are B,2,All B are C,All A are B,2.75,both,True
64386,54,57,AC,All B are C/All A are C,3,All B are C,All A are C,2.85,both,True
64386,55,120,MP,All B are C/All A are B,2,All B are C,All A are B,2.75,both,True
64386,56,26,MP,All B are C/All A are B,2,All B are C,All A are B,2.75,both,True
64386,57,69,DA,All B are C/No A are B,4,All B are C,No A are B,6.65,both,True
64386,58,102,AC,All B are C/All A are C,3,All B are C,All A are C,2.85,both,True
64386,59,112,MP,All B are C/All A are B,2,All B are C,All A are B,2.75,both,True
64386,60,81,MP,All B are C/All A are B,2,All B are C,All A are B,2.75,both,True
64386,61,35,MT,All B are C/No A are C,1,All B are C,No A are C,2.0,both,True
64386,62,125,MT,All B are C/No A are C,1,All B are C,No A are C,2.0,both,True
64386,63,60,AC,All B are C/All A are C,3,All B are C,All A are C,2.85,both,True
64386,64,72,DA,All B are C/No A are B,4,All B are C,No A are B,6.65,both,True
64388,1,79,DA,All B are C/No A are B,4,All B are C,No A are B,6.65,both,True
64388,2,76,MT,All B are C/No A are C,1,All B are C,No A are C,2.0,both,True
64388,3,16,DA,All B are C/No A are B,4,All B are C,No A are B,6.65,both,True
64388,4,73,MT,All B are C/No A are C,1,All B are C,No A are C,2.0,both,True
64388,5,112,MP,All B are C/All A are B,2,All B are C,All A are B,2.75,both,True
64388,6,120,MP,All B are C/All A are B,2,All B are C,All A are B,2.75,both,True
64388,7,81,MP,All B are C/All A are B,2,All B are C,All A are B,2.75,both,True
64388,8,28,DA,All B are C/No A are B,4,All B are C,No A are B,6.65,both,True
64388,9,17,MP,All B are C/All A are B,2,All B are C,All A are B,2.75,both,True
64388,10,3,MT,All B are C/No A are C,1,All B are C,No A are C,2.0,both,True
64388,11,113,MP,All B are C/All A are B,2,All B are C,All A are B,2.75,both,True
64388,12,23,AC,All B are C/All A are C,3,All B are C,All A are C,2.85,both,True
64388,13,82,DA,All B are C/No A are B,4,All B are C,No A are B,6.65,both,True
64388,14,99,AC,All B are C/All A are C,3,All B are C,All A are C,2.85,both,True
64388,15,100,MT,All B are C/No A are C,1,All B are C,No A are C,2.0,both,True
64388,16,2,DA,All B are C/No A are B,4,All B are C,No A are B,6.65,both,True
64388,17,26,MP,All B are C/All A are B,2,All B are C,All A are B,2.75,both,True
64388,18,115,MP,All B are C/All A are B,2,All B are C,All A are B,2.75,both,True
64388,19,32,MT,All B are C/No A are C,1,All B are C,No A are C,2.0,both,True
64388,20,58,DA,All B are C/No A are B,4,All B are C,No A are B,6.65,both,True
64388,21,111,MP,All B are C/All A are B,2,All B are C,All A are B,2.75,both,True
64388,22,64,MP,All B are C/All A are B,2,All B are C,All A are B,2.75,both,True
64388,23,124,AC,All B are C/All A are C,3,All B are C,All A are C,2.85,both,True
64388,24,15,MT,All B are C/No A are C,1,All B are C,No A are C,2.0,both,True
64388,25,69,DA,All B are C/No A are B,4,All B are C,No A are B,6.65,both,True
64388,26,48,MP,All B are C/All A are B,2,All B are C,All A are B,2.75,both,True
64388,27,116,AC,All B are C/All A are C,3,All B are C,All A are C,2.85,both,True
64388,28,49,AC,All B are C/All A are C,3,All B are C,All A are C,2.85,both,True
64388,29,90,MT,All B are C/No A are C,1,All B are C,No A are C,2.0,both,True
64388,30,75,DA,All B are C/No A are B,4,All B are C,No A are B,6.65,both,True
64388,31,114,AC,All B are C/All A are C,3,All B are C,All A are C,2.85,both,True
64388,32,67,DA,All B are C/No A are B,4,All B are C,No A are B,6.65,both,True
64388,33,27,AC,All B are C/All A are C,3,All B are C,All A are C,2.85,both,True
64388,34,5,MT,All B are C/No A are C,1,All B are C,No A are C,2.0,both,True
64388,35,50,MP,All B are C/All A are B,2,All B are C,All A are B,2.75,both,True
64388,36,91,DA,All B are C/No A are B,4,All B are C,No A are B,6.65,both,True
64388,37,101,MP,All B are C/All A are B,2,All B are C,All A are B,2.75,both,True
64388,38,20,AC,All B are C/All A are C,3,All B are C,All A are C,2.85,both,True
64388,39,72,DA,All B are C/No A are B,4,All B are C,No A are B,6.65,both,True
64388,40,22,MP,All B are C/All A are B,2,All B are C,All A are B,2.75,both,True
64388,41,66,MT,All B are C/No A are C,1,All B are C,No A are C,2.0,both,True
64388,42,63,AC,All B are C/All A are C,3,All B are C,All A are C,2.85,both,True
64388,43,102,AC,All B are C/All A are C,3,All B are C,All A are C,2.85,both,True
64388,44,105,DA,All B are C/No A are B,4,All B are C,No A are B,6.65,both,True
64388,45,121,AC,All B are C/All A are C,3,All B are C,All A are C,2.85,both,True
64388,46,123,DA,All B are C/No A are B,4,All B are C,No A are B,6.65,both,True
64388,47,106,MT,All B are C/No A are C,1,All B are C,No A are C,2.0,both,True
64388,48,6,DA,All B are C/No A are B,4,All B are C,No A are B,6.65,both,True
64388,49,83,MT,All B are C/No A are C,1,All B are C,No A are C,2.0,both,True
64388,50,18,AC,All B are C/All A are C,3,All B are C,All A are C,2.85,both,True
64388,51,35,MT,All B are C/No A are C,1,All B are C,No A are C,2.0,both,True
64388,52,31,MP,All B are C/All A are B,2,All B are C,All A are B,2.75,both,True
64388,53,68,MT,All B are C/No A are C,1,All B are C,No A are C,2.0,both,True
64388,54,57,AC,All B are C/All A are C,3,All B are C,All A are C,2.85,both,True
64388,55,110,DA,All B are C/No A are B,4,All B are C,No A are B,6.65,both,True
64388,56,51,MT,All B are C/No A are C,1,All B are C,No A are C,2.0,both,True
64388,57,36,DA,All B are C/No A are B,4,All B are C,No A are B,6.65,both,True
64388,58,29,MT,All B are C/No A are C,1,All B are C,No A are C,2.0,both,True
64388,59,60,AC,All B are C/All A are C,3,All B are C,All A are C,2.85,both,True
64388,60,80,AC,All B are C/All A are C,3,All B are C,All A are C,2.85,both,True
64388,61,7,MP,All B are C/All A are B,2,All B are C,All A are B,2.75,both,True
64388,62,125,MT,All B are C/No A are C,1,All B are C,No A are C,2.0,both,True
64388,63,8,AC,All B are C/All A are C,3,All B are C,All A are C,2.85,both,True
64388,64,13,MP,All B are C/All A are B,2,All B are C,All A are B,2.75,both,True
64392,1,24,AC,All B are C/All A are C,3,All B are C,All A are C,2.1,both,True
64392,2,117,AC,All B are C/All A are C,3,All B are C,All A are C,2.1,both,True
64392,3,56,MP,All B are C/All A are B,2,All B are C,All A are B,2.0,both,True
64392,4,85,MP,All B are C/All A are B,2,All B are C,All A are B,2.0,both,True
64392,5,52,MP,All B are C/All A are B,2,All B are C,All A are B,2.0,both,True
64392,6,54,DA,All B are C/No A are B,4,All B are C,No A are B,2.75,both,True
64392,7,44,DA,All B are C/No A are B,4,All B are C,No A are B,2.75,both,True
64392,8,77,MT,All B are C/No A are C,1,All B are C,No A are C,2.0,both,True
64392,9,108,DA,All B are C/No A are B,4,All B are C,No A are B,2.75,both,True
64392,10,119,AC,All B are C/All A are C,3,All B are C,All A are C,2.1,both,True
64392,11,30,MT,All B are C/No A are C,1,All B are C,No A are C,2.0,both,True
64392,12,94,MP,All B are C/All A are B,2,All B are C,All A are B,2.0,both,True
64392,13,14,MT,All B are C/No A are C,1,All B are C,No A are C,2.0,both,True
64392,14,42,MP,All B are C/All A are B,2,All B are C,All A are B,2.0,both,True
64392,15,95,MP,All B are C/All A are B,2,All B are C,All A are B,2.0,both,True
64392,16,128,DA,All B are C/No A are B,4,All B are C,No A are B,2.75,both,True
64392,17,126,MT,All B are C/No A are C,1,All B are C,No A are C,2.0,both,True
64392,18,71,MT,All B are C/No A are C,1,All B are C,No A are C,2.0,both,True
64392,19,98,AC,All B are C/All A are C,3,All B are C,All A are C,2.1,both,True
64392,20,46,MT,All B are C/No A are C,1,All B are C,No A are C,2.0,both,True
64392,21,55,MP,All B are C/All A are B,2,All B are C,All A are B,2.0,both,True
64392,22,122,AC,All B are C/All A are C,3,All B are C,All A are C,2.1,both,True
64392,23,21,AC,All B are C/All A are C,3,All B are C,All A are C,2.1,both,True
64392,24,109,MP,All B are C/All A are B,2,All B are C,All A are B,2.0,both,True
64392,25,53,DA,All B are C/No A are B,4,All B are C,No A are B,2.75,both,True
64392,26,86,MP,All B are C/All A are B,2,All B are C,All A are B,2.0,both,True
64392,27,4,MT,All B are C/No A are C,1,All B are C,No A are C,2.0,both,True
64392,28,40,MP,All B are C/All A are B,2,All B are C,All A are B,2.0,both,True
64392,29,38,DA,All B are C/No A are B,4,All B are C,No A are B,2.75,both,True
64392,30,84,MT,All B are C/No A are C,1,All B are C,No A are C,2.0,both,True
64392,31,1,MT,All B are C/No A are C,1,All B are C,No A are C,2.0,both,True
64392,32,11,MP,All B are C/All A are B,2,All B are C,All A are B,2.0,both,True
64392,33,34,MP,All B are C/All A are B,2,All B are C,All A are B,2.0,both,True
64392,34,93,DA,All B are C/No A are B,4,All B are C,No A are B,2.75,both,True
64392,35,104,DA,All B are C/No A are B,4,All B are C,No A are B,2.75,both,True
64392,36,74,DA,All B are C/No A are B,4,All B are C,No A are B,2.75,both,True
64392,37,65,MT,All B are C/No A are C,1,All B are C,No A are C,2.0,both,True
64392,38,33,MT,All B are C/No A are C,1,All B are C,No A are C,2.0,both,True
64392,39,45,DA,All B are C/No A are B,4,All B are C,No A are B,2.75,both,True
64392,40,107,MT,All B are C/No A are C,1,All B are C,No A are C,2.0,both,True
64392,41,61,AC,All B are C/All A are C,3,All B are C,All A are C,2.1,both,True
64392,42,88,DA,All B are C/No A are B,4,All B are C,No A are B,2.75,both,True
64392,43,96,DA,All B are C/No A are B,4,All B are C,No A are B,2.75,both,True
64392,44,9,AC,All B are C/All A are C,3,All B are C,All A are C,2.1,both,True
64392,45,39,MP,All B are C/All A are B,2,All B are C,All A are B,2.0,both,True
64392,46,12,MP,All B are C/All A are B,2,All B are C,All A are B,2.0,both,True
64392,47,97,MT,All B are C/No A are C,1,All B are C,No A are C,2.0,both,True
64392,48,127,DA,All B are C/No A are B,4,All B are C,No A are B,2.75,both,True
64392,49,37,MT,All B are C/No A are C,1,All B are C,No A are C,2.0,both,True
64392,50,87,DA,All B are C/No A are B,4,All B are C,No A are B,2.75,both,True
64392,51,92,MT,All B are C/No A are C,1,All B are C,No A are C,2.0,both,True
64392,52,89,DA,All B are C/No A are B,4,All B are C,No A are B,2.75,both,True
64392,53,59,AC,All B are C/All A are C,3,All B are C,All A are C,2.1,both,True
64392,54,10,DA,All B are C/No A are B,4,All B are C,No A are B,2.75,both,True
64392,55,25,AC,All B are C/All A are C,3,All B are C,All A are C,2.1,both,True
64392,56,103,AC,All B are C/All A are C,3,All B are C,All A are C,2.1,both,True
64392,57,62,AC,All B are C/All A are C,3,All B are C,All A are C,2.1,both,True
64392,58,43,MP,All B are C/All A are B,2,All B are C,All A are B,2.0,both,True
64392,59,78,AC,All B are C/All A are C,3,All B are C,All A are C,2.1,both,True
64392,60,19,AC,All B are C/All A are C,3,All B are C,All A are C,2.1,both,True
64392,61,47,AC,All B are C/All A are C,3,All B are C,All A are C,2.1,both,True
64392,62,70,MT,All B are C/No A are C,1,All B are C,No A are C,2.0,both,True
64392,63,118,AC,All B are C/All A are C,3,All B are C,All A are C,2.1,both,True
64392,64,41,MP,All B are C/All A are B,2,All B are C,All A are B,2.0,both,True
64438,1,100,MT,All B are C/No A are C,1,All B are C,No A are C,2.0,both,True
64438,2,101,MP,All B are C/All A are B,2,All B are C,All A are B,2.75,both,True
64438,3,75,DA,All B are C/No A are B,4,All B are C,No A are B,6.65,both,True
64438,4,5,MT,All B are C/No A are C,1,All B are C,No A are C,2.0,both,True
64438,5,57,AC,All B are C/All A are C,3,All B are C,All A are C,2.85,both,True
64438,6,69,DA,All B are C/No A are B,4,All B are C,No A are B,6.65,both,True
64438,7,113,MP,All B are C/All A are B,2,All B are C,All A are B,2.75,both,True
64438,8,3,MT,All B are C/No A are C,1,All B are C,No A are C,2.0,both,True
64438,9,60,AC,All B are C/All A are C,3,All B are C,All A are C,2.85,both,True
64438,10,121,AC,All B are C/All A are C,3,All B are C,All A are C,2.85,both,True
64438,11,83,MT,All B are C/No A are C,1,All B are C,No A are C,2.0,both,True
64438,12,16,DA,All B are C/No A are B,4,All B are C,No A are B,6.65,both,True
64438,13,120,MP,All B are C/All A are B,2,All B are C,All A are B,2.75,both,True
64438,14,2,DA,All B are C/No A are B,4,All B are C,No A are B,6.65,both,True
64438,15,125,MT,All B are C/No A are C,1,All B are C,No A are C,2.0,both,True
64438,16,17,MP,All B are C/All A are B,2,All B are C,All A are B,2.75,both,True
64438,17,66,MT,All B are C/No A are C,1,All B are C,No A are C,2.0,both,True
64438,18,114,AC,All B are C/All A are C,3,All B are C,All A are C,2.85,both,True
64438,19,23,AC,All B are C/All A are C,3,All B are C,All A are C,2.85,both,True
64438,20,64,MP,All B are C/All A are B,2,All B are C,All A are B,2.75,both,True
64438,21,102,AC,All B are C/All A are C,3,All B are C,All A are C,2.85,both,True
64438,22,18,AC,All B are C/All A are C,3,All B are C,All A are C,2.85,both,True
64438,23,22,MP,All B are C/All A are B,2,All B are C,All A are B,2.75,both,True
64438,24,13,MP,All B are C/All A are B,2,All B are C,All A are B,2.75,both,True
64438,25,90,MT,All B are C/No A are C,1,All B are C,No A are C,2.0,both,True
64438,26,32,MT,All B are C/No A are C,1,All B are C,No A are C,2.0,both,True
64438,27,115,MP,All B are C/All A are B,2,All B are C,All A are B,2.75,both,True
64438,28,29,MT,All B are C/No A are C,1,All B are C,No A are C,2.0,both,True
64438,29,76,MT,All B are C/No A are C,1,All B are C,No A are C,2.0,both,True
64438,30,112,MP,All B are C/All A are B,2,All B are C,All A are B,2.75,both,True
64438,31,8,AC,All B are C/All A are C,3,All B are C,All A are C,2.85,both,True
64438,32,110,DA,All B are C/No A are B,4,All B are C,No A are B,6.65,both,True
64438,33,82,DA,All B are C/No A are B,4,All B are C,No A are B,6.65,both,True
64438,34,124,AC,All B are C/All A are C,3,All B are C,All A are C,2.85,both,True
64438,35,31,MP,All B are C/All A are B,2,All B are C,All A are B,2.75,both,True
64438,36,51,MT,All B are C/No A are C,1,All B are C,No A are C,2.0,both,True
64438,37,63,AC,All B are C/All A are C,3,All B are C,All A are C,2.85,both,True
64438,38,81,MP,All B are C/All A are B,2,All B are C,All A are B,2.75,both,True
64438,39,15,MT,All B are C/No A are C,1,All B are C,No A are C,2.0,both,True
64438,40,48,MP,All B are C/All A are B,2,All B are C,All A are B,2.75,both,True
64438,41,80,AC,All B are C/All A are C,3,All B are C,All A are C,2.85,both,True
64438,42,28,DA,All B are C/No A are B,4,All B are C,No A are B,6.65,both,True
64438,43,68,MT,All B are C/No A are C,1,All B are C,No A are C,2.0,both,True
64438,44,49,AC,All B are C/All A are C,3,All B are C,All A are C,2.85,both,True
64438,45,7,MP,All B are C/All A are B,2,All B are C,All A are B,2.75,both,True
64438,46,20,AC,All B are C/All A are C,3,All B are C,All A are C,2.85,both,True
64438,47,26,MP,All B are C/All A are B,2,All B are C,All A are B,2.75,both,True
64438,48,105,DA,All B are C/No A are B,4,All B are C,No A are B,6.65,both,True
64438,49,6,DA,All B are C/No A are B,4,All B are C,No A are B,6.65,both,True
64438,50,67,DA,All B are C/No A are B,4,All B are C,No A are B,6.65,both,True
64438,51,79,DA,All B are C/No A are B,4,All B are C,No A are B,6.65,both,True
64438,52,58,DA,All B are C/No A are B,4,All B are C,No A are B,6.65,both,True
64438,53,116,AC,All B are C/All A are C,3,All B are C,All A are C,2.85,both,True
64438,54,36,DA,All B are C/No A are B,4,All B are C,No A are B,6.65,both,True
64438,55,35,MT,All B are C/No A are C,1,All B are C,No A are C,2.0,both,True
64438,56,27,AC,All B are C/All A are C,3,All B are C,All A are C,2.85,both,True
64438,57,50,MP,All B are C/All A are B,2,All B are C,All A are B,2.75,both,True
64438,58,123,DA,All B are C/No A are B,4,All B are C,No A are B,6.65,both,True
64438,59,106,MT,All B are C/No A are C,1,All B are C,No A are C,2.0,both,True
64438,60,91,DA,All B are C/No A are B,4,All B are C,No A are B,6.65,both,True
64438,61,73,MT,All B are C/No A are C,1,All B are C,No A are C,2.0,both,True
64438,62,99,AC,All B are C/All A are C,3,All B are C,All A are C,2.85,both,True
64438,63,72,DA,All B are C/No A are B,4,All B are C,No A are B,6.65,both,True
64438,64,111,MP,All B are C/All A are B,2,All B are C,All A are B,2.75,both,True
64450,1,9,AC,All B are C/All A are C,3,All B are C,All A are C,2.2,both,True
64450,2,70,MT,All B are C/No A are C,1,All B are C,No A are C,2.0,both,True
64450,3,74,DA,All B are C/No A are B,4,All B are C,No A are B,2.5,both,True
64450,4,89,DA,All B are C/No A are B,4,All B are C,No A are B,2.5,both,True
64450,5,43,MP,All B are C/All A are B,2,All B are C,All A are B,2.15,both,True
64450,6,122,AC,All B are C/All A are C,3,All B are C,All A are C,2.2,both,True
64450,7,33,MT,All B are C/No A are C,1,All B are C,No A are C,2.0,both,True
64450,8,61,AC,All B are C/All A are C,3,All B are C,All A are C,2.2,both,True
64450,9,47,AC,All B are C/All A are C,3,All B are C,All A are C,2.2,both,True
64450,10,21,AC,All B are C/All A are C,3,All B are C,All A are C,2.2,both,True
64450,11,77,MT,All B are C/No A are C,1,All B are C,No A are C,2.0,both,True
64450,12,45,DA,All B are C/No A are B,4,All B are C,No A are B,2.5,both,True
64450,13,71,MT,All B are C/No A are C,1,All B are C,No A are C,2.0,both,True
64450,14,127,DA,All B are C/No A are B,4,All B are C,No A are B,2.5,both,True
64450,15,59,AC,All B are C/All A are C,3,All B are C,All A are C,2.2,both,True
64450,16,65,MT,All B are C/No A are C,1,All B are C,No A are C,2.0,both,True
64450,17,24,AC,All B are C/All A are C,3,All B are C,All A are C,2.2,both,True
64450,18,109,MP,All B are C/All A are B,2,All B are C,All A are B,2.15,both,True
64450,19,107,MT,All B are C/No A are C,1,All B are C,No A are C,2.0,both,True
64450,20,19,AC,All B are C/All A are C,3,All B are C,All A are C,2.2,both,True
64450,21,104,DA,All B are C/No A are B,4,All B are C,No A are B,2.5,both,True
64450,22,12,MP,All B are C/All A are B,2,All B are C,All A are B,2.15,both,True
64450,23,4,MT,All B are C/No A are C,1,All B are C,No A are C,2.0,both,True
64450,24,40,MP,All B are C/All A are B,2,All B are C,All A are B,2.15,both,True
64450,25,108,DA,All B are C/No A are B,4,All B are C,No A are B,2.5,both,True
64450,26,126,MT,All B are C/No A are C,1,All B are C,No A are C,2.0,both,True
64450,27,14,MT,All B are C/No A are C,1,All B are C,No A are C,2.0,both,True
64450,28,44,DA,All B are C/No A are B,4,All B are C,No A are B,2.5,both,True
64450,29,1,MT,All B are C/No A are C,1,All B are C,No A are C,2.0,both,True
64450,30,37,MT,All B are C/No A are C,1,All B are C,No A are C,2.0,both,True
64450,31,25,AC,All B are C/All A are C,3,All B are C,All A are C,2.2,both,True
64450,32,92,MT,All B are C/No A are C,1,All B are C,No A are C,2.0,both,True
64450,33,117,AC,All B are C/All A are C,3,All B are C,All A are C,2.2,both,True
64450,34,95,MP,All B are C/All A are B,2,All B are C,All A are B,2.15,both,True
64450,35,84,MT,All B are C/No A are C,1,All B are C,No A are C,2.0,both,True
64450,36,34,MP,All B are C/All A are B,2,All B are C,All A are B,2.15,both,True
64450,37,53,DA,All B are C/No A are B,4,All B are C,No A are B,2.5,both,True
64450,38,119,AC,All B are C/All A are C,3,All B are C,All A are C,2.2,both,True
64450,39,85,MP,All B are C/All A are B,2,All B are C,All A are B,2.15,both,True
64450,40,52,MP,All B are C/All A are B,2,All B are C,All A are B,2.15,both,True
64450,41,11,MP,All B are C/All A are B,2,All B are C,All A are B,2.15,both,True
64450,42,86,MP,All B are C/All A are B,2,All B are C,All A are B,2.15,both,True
64450,43,78,AC,All B are C/All A are C,3,All B are C,All A are C,2.2,both,True
64450,44,87,DA,All B are C/No A are B,4,All B are C,No A are B,2.5,both,True
64450,45,94,MP,All B are C/All A are B,2,All B are C,All A are B,2.15,both,True
64450,46,55,MP,All B are C/All A are B,2,All B are C,All A are B,2.15,both,True
64450,47,118,AC,All B are C/All A are C,3,All B are C,All A are C,2.2,both,True
64450,48,10,DA,All B are C/No A are B,4,All B are C,No A are B,2.5,both,True
64450,49,56,MP,All B are C/All A are B,2,All B are C,All A are B,2.15,both,True
64450,50,98,AC,All B are C/All A are C,3,All B are C,All A are C,2.2,both,True
64450,51,39,MP,All B are C/All A are B,2,All B are C,All A are B,2.15,both,True
64450,52,54,DA,All B are C/No A are B,4,All B are C,No A are B,2.5,both,True
64450,53,96,DA,All B are C/No A are B,4,All B are C,No A are B,2.5,both,True
64450,54,97,MT,All B are C/No A are C,1,All B are C,No A are C,2.0,both,True
64450,55,62,AC,All B are C/All A are C,3,All B are C,All A are C,2.2,both,True
64450,56,41,MP,All B are C/All A are B,2,All B are C,All A are B,2.15,both,True
64450,57,88,DA,All B are C/No A are B,4,All B are C,No A are B,2.5,both,True
64450,58,128,DA,All B are C/No A are B,4,All B are C,No A are B,2.5,both,True
64450,59,93,DA,All B are C/No A are B,4,All B are C,No A are B,2.5,both,True
64450,60,30,MT,All B are C/No A are C,1,All B are C,No A are C,2.0,both,True
64450,61,42,MP,All B are C/All A are B,2,All B are C,All A are B,2.15,both,True
64450,62,46,MT,All B are C/No A are C,1,All B are C,No A are C,2.0,both,True
64450,63,103,AC,All B are C/All A are C,3,All B are C,All A are C,2.2,both,True
64450,64,38,DA,All B are C/No A are B,4,All B are C,No A are B,2.5,both,True
64615,1,26,MP,All B are C/All A are B,2,All B are C,All A are B,2.15,both,True
64615,2,16,DA,All B are C/No A are B,4,All B are C,No A are B,2.5,both,True
64615,3,105,DA,All B are C/No A are B,4,All B are C,No A are B,2.5,both,True
64615,4,27,AC,All B are C/All A are C,3,All B are C,All A are C,2.2,both,True
64615,5,63,AC,All B are C/All A are C,3,All B are C,All A are C,2.2,both,True
64615,6,113,MP,All B are C/All A are B,2,All B are C,All A are B,2.15,both,True
64615,7,57,AC,All B are C/All A are C,3,All B are C,All A are C,2.2,both,True
64615,8,112,MP,All B are C/All A are B,2,All B are C,All A are B,2.15,both,True
64615,9,69,DA,All B are C/No A are B,4,All B are C,No A are B,2.5,both,True
64615,10,2,DA,All B are C/No A are B,4,All B are C,No A are B,2.5,both,True
64615,11,76,MT,All B are C/No A are C,1,All B are C,No A are C,2.0,both,True
64615,12,32,MT,All B are C/No A are C,1,All B are C,No A are C,2.0,both,True
64615,13,29,MT,All B are C/No A are C,1,All B are C,No A are C,2.0,both,True
64615,14,58,DA,All B are C/No A are B,4,All B are C,No A are B,2.5,both,True
64615,15,116,AC,All B are C/All A are C,3,All B are C,All A are C,2.2,both,True
64615,16,36,DA,All B are C/No A are B,4,All B are C,No A are B,2.5,both,True
64615,17,7,MP,All B are C/All A are B,2,All B are C,All A are B,2.15,both,True
64615,18,50,MP,All B are C/All A are B,2,All B are C,All A are B,2.15,both,True
64615,19,23,AC,All B are C/All A are C,3,All B are C,All A are C,2.2,both,True
64615,20,106,MT,All B are C/No A are C,1,All B are C,No A are C,2.0,both,True
64615,21,110,DA,All B are C/No A are B,4,All B are C,No A are B,2.5,both,True
64615,22,125,MT,All B are C/No A are C,1,All B are C,No A are C,2.0,both,True
64615,23,100,MT,All B are C/No A are C,1,All B are C,No A are C,2.0,both,True
64615,24,79,DA,All B are C/No A are B,4,All B are C,No A are B,2.5,both,True
64615,25,102,AC,All B are C/All A are C,3,All B are C,All A are C,2.2,both,True
64615,26,99,AC,All B are C/All A are C,3,All B are C,All A are C,2.2,both,True
64615,27,124,AC,All B are C/All A are C,3,All B are C,All A are C,2.2,both,True
64615,28,111,MP,All B are C/All A are B,2,All B are C,All A are B,2.15,both,True
64615,29,68,MT,All B are C/No A are C,1,All B are C,No A are C,2.0,both,True
64615,30,6,DA,All B are C/No A are B,4,All B are C,No A are B,2.5,both,True
64615,31,115,MP,All B are C/All A are B,2,All B are C,All A are B,2.15,both,True
64615,32,73,MT,All B are C/No A are C,1,All B are C,No A are C,2.0,both,True
64615,33,80,AC,All B are C/All A are C,3,All B are C,All A are C,2.2,both,True
64615,34,90,MT,All B are C/No A are C,1,All B are C,No A are C,2.0,both,True
64615,35,49,AC,All B are C/All A are C,3,All B are C,All A are C,2.2,both,True
64615,36,72,DA,All B are C/No A are B,4,All B are C,No A are B,2.5,both,True
64615,37,18,AC,All B are C/All A are C,3,All B are C,All A are C,2.2,both,True
64615,38,35,MT,All B are C/No A are C,1,All B are C,No A are C,2.0,both,True
64615,39,13,MP,All B are C/All A are B,2,All B are C,All A are B,2.15,both,True
64615,40,82,DA,All B are C/No A are B,4,All B are C,No A are B,2.5,both,True
64615,41,121,AC,All B are C/All A are C,3,All B are C,All A are C,2.2,both,True
64615,42,91,DA,All B are C/No A are B,4,All B are C,No A are B,2.5,both,True
64615,43,81,MP,All B are C/All A are B,2,All B are C,All A are B,2.15,both,True
64615,44,8,AC,All B are C/All A are C,3,All B are C,All A are C,2.2,both,True
64615,45,3,MT,All B are C/No A are C,1,All B are C,No A are C,2.0,both,True
64615,46,114,AC,All B are C/All A are C,3,All B are C,All A are C,2.2,both,True
64615,47,5,MT,All B are C/No A are C,1,All B are C,No A are C,2.0,both,True
64615,48,17,MP,All B are C/All A are B,2,All B are C,All A are B,2.15,both,True
64615,49,31,MP,All B are C/All A are B,2,All B are C,All A are B,2.15,both,True
64615,50,22,MP,All B are C/All A are B,2,All B are C,All A are B,2.15,both,True
64615,51,51,MT,All B are C/No A are C,1,All B are C,No A are C,2.0,both,True
64615,52,75,DA,All B are C/No A are B,4,All B are C,No A are B,2.5,both,True
64615,53,28,DA,All B are C/No A are B,4,All B are C,No A are B,2.5,both,True
64615,54,123,DA,All B are C/No A are B,4,All B are C,No A are B,2.5,both,True
64615,55,67,DA,All B are C/No A are B,4,All B are C,No A are B,2.5,both,True
64615,56,83,MT,All B are C/No A are C,1,All B are C,No A are C,2.0,both,True
64615,57,15,MT,All B are C/No A are C,1,All B are C,No A are C,2.0,both,True
64615,58,101,MP,All B are C/All A are B,2,All B are C,All A are B,2.15,both,True
64615,59,64,MP,All B are C/All A are B,2,All B are C,All A are B,2.15,both,True
64615,60,48,MP,All B are C/All A are B,2,All B are C,All A are B,2.15,both,True
64615,61,20,AC,All B are C/All A are C,3,All B are C,All A are C,2.2,both,True
64615,62,60,AC,All B are C/All A are C,3,All B are C,All A are C,2.2,both,True
64615,63,120,MP,All B are C/All A are B,2,All B are C,All A are B,2.15,both,True
64615,64,66,MT,All B are C/No A are C,1,All B are C,No A are C,2.0,both,True
64652,1,86,MP,All B are C/All A are B,2,All B are C,All A are B,2.75,both,True
64652,2,14,MT,All B are C/No A are C,1,All B are C,No A are C,2.0,both,True
64652,3,122,AC,All B are C/All A are C,3,All B are C,All A are C,2.85,both,True
64652,4,85,MP,All B are C/All A are B,2,All B are C,All A are B,2.75,both,True
64652,5,127,DA,All B are C/No A are B,4,All B are C,No A are B,6.65,both,True
64652,6,70,MT,All B are C/No A are C,1,All B are C,No A are C,2.0,both,True
64652,7,19,AC,All B are C/All A are C,3,All B are C,All A are C,2.85,both,True
64652,8,53,DA,All B are C/No A are B,4,All B are C,No A are B,6.65,both,True
64652,9,74,DA,All B are C/No A are B,4,All B are C,No A are B,6.65,both,True
64652,10,104,DA,All B are C/No A are B,4,All B are C,No A are B,6.65,both,True
64652,11,119,AC,All B are C/All A are C,3,All B are C,All A are C,2.85,both,True
64652,12,109,MP,All B are C/All A are B,2,All B are C,All A are B,2.75,both,True
64652,13,25,AC,All B are C/All A are C,3,All B are C,All A are C,2.85,both,True
64652,14,38,DA,All B are C/No A are B,4,All B are C,No A are B,6.65,both,True
64652,15,65,MT,All B are C/No A are C,1,All B are C,No A are C,2.0,both,True
64652,16,126,MT,All B are C/No A are C,1,All B are C,No A are C,2.0,both,True
64652,17,61,AC,All B are C/All A are C,3,All B are C,All A are C,2.85,both,True
64652,18,11,MP,All B are C/All A are B,2,All B are C,All A are B,2.75,both,True
64652,19,62,AC,All B are C/All A are C,3,All B are C,All A are C,2.85,both,True
64652,20,56,MP,All B are C/All A are B,2,All B are C,All A are B,2.75,both,True
64652,21,84,MT,All B are C/No A are C,1,All B are C,No A are C,2.0,both,True
64652,22,21,AC,All B are C/All A are C,3,All B are C,All A are C,2.85,both,True
64652,23,52,MP,All B are C/All A are B,2,All B are C,All A are B,2.75,both,True
64652,24,93,DA,All B are C/No A are B,4,All B are C,No A are B,6.65,both,True
64652,25,87,DA,All B are C/No A are B,4,All B are C,No A are B,6.65,both,True
64652,26,71,MT,All B are C/No A are C,1,All B are C,No A are C,2.0,both,True
64652,27,45,DA,All B are C/No A are B,4,All B are C,No A are B,6.65,both,True
64652,28,40,MP,All B are C/All A are B,2,All B are C,All A are B,2.75,both,True
64652,29,10,DA,All B are C/No A are B,4,All B are C,No A are B,6.65,both,True
64652,30,42,MP,All B are C/All A are B,2,All B are C,All A are B,2.75,both,True
64652,31,55,MP,All B are C/All A are B,2,All B are C,All A are B,2.75,both,True
64652,32,103,AC,All B are C/All A are C,3,All B are C,All A are C,2.85,both,True
64652,33,39,MP,All B are C/All A are B,2,All B are C,All A are B,2.75,both,True
64652,34,4,MT,All B are C/No A are C,1,All B are C,No A are C,2.0,both,True
64652,35,98,AC,All B are C/All A are C,3,All B are C,All A are C,2.85,both,True
64652,36,41,MP,All B are C/All A are B,2,All B are C,All A are B,2.75,both,True
64652,37,24,AC,All B are C/All A are C,3,All B are C,All A are C,2.85,both,True
64652,38,30,MT,All B are C/No A are C,1,All B are C,No A are C,2.0,both,True
64652,39,78,AC,All B are C/All A are C,3,All B are C,All A are C,2.85,both,True
64652,40,89,DA,All B are C/No A are B,4,All B are C,No A are B,6.65,both,True
64652,41,47,AC,All B are C/All A are C,3,All B are C,All A are C,2.85,both,True
64652,42,43,MP,All B are C/All A are B,2,All B are C,All A are B,2.75,both,True
64652,43,95,MP,All B are C/All A are B,2,All B are C,All A are B,2.75,both,True
64652,44,1,MT,All B are C/No A are C,1,All B are C,No A are C,2.0,both,True
64652,45,33,MT,All B are C/No A are C,1,All B are C,No A are C,2.0,both,True
64652,46,108,DA,All B are C/No A are B,4,All B are C,No A are B,6.65,both,True
64652,47,77,MT,All B are C/No A are C,1,All B are C,No A are C,2.0,both,True
64652,48,107,MT,All B are C/No A are C,1,All B are C,No A are C,2.0,both,True
64652,49,88,DA,All B are C/No A are B,4,All B are C,No A are B,6.65,both,True
64652,50,97,MT,All B are C/No A are C,1,All B are C,No A are C,2.0,both,True
64652,51,94,MP,All B are C/All A are B,2,All B are C,All A are B,2.75,both,True
64652,52,117,AC,All B are C/All A are C,3,All B are C,All A are C,2.85,both,True
64652,53,46,MT,All B are C/No A are C,1,All B are C,No A are C,2.0,both,True
64652,54,128,DA,All B are C/No A are B,4,All B are C,No A are B,6.65,both,True
64652,55,96,DA,All B are C/No A are B,4,All B are C,No A are B,6.65,both,True
64652,56,92,MT,All B are C/No A are C,1,All B are C,No A are C,2.0,both,True
64652,57,118,AC,All B are C/All A are C,3,All B are C,All A are C,2.85,both,True
64652,58,37,MT,All B are C/No A are C,1,All B are C,No A are C,2.0,both,True
64652,59,59,AC,All B are C/All A are C,3,All B are C,All A are C,2.85,both,True
64652,60,54,DA,All B are C/No A are B,4,All B are C,No A are B,6.65,both,True
64652,61,9,AC,All B are C/All A are C,3,All B are C,All A are C,2.85,both,True
64652,62,34,MP,All B are C/All A are B,2,All B are C,All A are B,2.75,both,True
64652,63,44,DA,All B are C/No A are B,4,All B are C,No A are B,6.65,both,True
64652,64,12,MP,All B are C/All A are B,2,All B are C,All A are B,2.75,both,True
64685,1,40,MP,All B are C/All A are B,2,All B are C,All A are B,2.4,both,True
64685,2,37,MT,All B are C/No A are C,1,All B are C,No A are C,2.0,both,True
64685,3,98,AC,All B are C/All A are C,3,All B are C,All A are C,2.75,both,True
64685,4,97,MT,All B are C/No A are C,1,All B are C,No A are C,2.0,both,True
64685,5,12,MP,All B are C/All A are B,2,All B are C,All A are B,2.4,both,True
64685,6,93,DA,All B are C/No A are B,4,All B are C,No A are B,6.15,both,True
64685,7,19,AC,All B are C/All A are C,3,All B are C,All A are C,2.75,both,True
64685,8,39,MP,All B are C/All A are B,2,All B are C,All A are B,2.4,both,True
64685,9,77,MT,All B are C/No A are C,1,All B are C,No A are C,2.0,both,True
64685,10,126,MT,All B are C/No A are C,1,All B are C,No A are C,2.0,both,True
64685,11,53,DA,All B are C/No A are B,4,All B are C,No A are B,6.15,both,True
64685,12,34,MP,All B are C/All A are B,2,All B are C,All A are B,2.4,both,True
64685,13,4,MT,All B are C/No A are C,1,All B are C,No A are C,2.0,both,True
64685,14,74,DA,All B are C/No A are B,4,All B are C,No A are B,6.15,both,True
64685,15,128,DA,All B are C/No A are B,4,All B are C,No A are B,6.15,both,True
64685,16,30,MT,All B are C/No A are C,1,All B are C,No A are C,2.0,both,True
64685,17,9,AC,All B are C/All A are C,3,All B are C,All A are C,2.75,both,True
64685,18,47,AC,All B are C/All A are C,3,All B are C,All A are C,2.75,both,True
64685,19,78,AC,All B are C/All A are C,3,All B are C,All A are C,2.75,both,True
64685,20,59,AC,All B are C/All A are C,3,All B are C,All A are C,2.75,both,True
64685,21,42,MP,All B are C/All A are B,2,All B are C,All A are B,2.4,both,True
64685,22,122,AC,All B are C/All A are C,3,All B are C,All A are C,2.75,both,True
64685,23,108,DA,All B are C/No A are B,4,All B are C,No A are B,6.15,both,True
64685,24,87,DA,All B are C/No A are B,4,All B are C,No A are B,6.15,both,True
64685,25,118,AC,All B are C/All A are C,3,All B are C,All A are C,2.75,both,True
64685,26,65,MT,All B are C/No A are C,1,All B are C,No A are C,2.0,both,True
64685,27,11,MP,All B are C/All A are B,2,All B are C,All A are B,2.4,both,True
64685,28,96,DA,All B are C/No A are B,4,All B are C,No A are B,6.15,both,True
64685,29,61,AC,All B are C/All A are C,3,All B are C,All A are C,2.75,both,True
64685,30,92,MT,All B are C/No A are C,1,All B are C,No A are C,2.0,both,True
64685,31,45,DA,All B are C/No A are B,4,All B are C,No A are B,6.15,both,True
64685,32,89,DA,All B are C/No A are B,4,All B are C,No A are B,6.15,both,True
64685,33,70,MT,All B are C/No A are C,1,All B are C,No A are C,2.0,both,True
64685,34,127,DA,All B are C/No A are B,4,All B are C,No A are B,6.15,both,True
64685,35,84,MT,All B are C/No A are C,1,All B are C,No A are C,2.0,both,True
64685,36,104,DA,All B are C/No A are B,4,All B are C,No A are B,6.15,both,True
64685,37,56,MP,All B are C/All A are B,2,All B are C,All A are B,2.4,both,True
64685,38,62,AC,All B are C/All A are C,3,All B are C,All A are C,2.75,both,True
64685,39,38,DA,All B are C/No A are B,4,All B are C,No A are B,6.15,both,True
64685,40,1,MT,All B are C/No A are C,1,All B are C,No A are C,2.0,both,True
64685,41,94,MP,All B are C/All A are B,2,All B are C,All A are B,2.4,both,True
64685,42,109,MP,All B are C/All A are B,2,All B are C,All A are B,2.4,both,True
64685,43,44,DA,All B are C/No A are B,4,All B are C,No A are B,6.15,both,True
64685,44,33,MT,All B are C/No A are C,1,All B are C,No A are C,2.0,both,True
64685,45,24,AC,All B are C/All A are C,3,All B are C,All A are C,2.75,both,True
64685,46,52,MP,All B are C/All A are B,2,All B are C,All A are B,2.4,both,True
64685,47,85,MP,All B are C/All A are B,2,All B are C,All A are B,2.4,both,True
64685,48,55,MP,All B are C/All A are B,2,All B are C,All A are B,2.4,both,True
64685,49,41,MP,All B are C/All A are B,2,All B are C,All A are B,2.4,both,True
64685,50,86,MP,All B are C/All A are B,2,All B are C,All A are B,2.4,both,True
64685,51,21,AC,All B are C/All A are C,3,All B are C,All A are C,2.75,both,True
64685,52,14,MT,All B are C/No A are C,1,All B are C,No A are C,2.0,both,True
64685,53,25,AC,All B are C/All A are C,3,All B are C,All A are C,2.75,both,True
64685,54,119,AC,All B are C/All A are C,3,All B are C,All A are C,2.75,both,True
64685,55,43,MP,All B are C/All A are B,2,All B are C,All A are B,2.4,both,True
64685,56,117,AC,All B are C/All A are C,3,All B are C,All A are C,2.75,both,True
64685,57,10,DA,All B are C/No A are B,4,All B are C,No A are B,6.15,both,True
64685,58,107,MT,All B are C/No A are C,1,All B are C,No A are C,2.0,both,True
64685,59,103,AC,All B are C/All A are C,3,All B are C,All A are C,2.75,both,True
64685,60,54,DA,All B are C/No A are B,4,All B are C,No A are B,6.15,both,True
64685,61,88,DA,All B are C/No A are B,4,All B are C,No A are B,6.15,both,True
64685,62,46,MT,All B are C/No A are C,1,All B are C,No A are C,2.0,both,True
64685,63,71,MT,All B are C/No A are C,1,All B are C,No A are C,2.0,both,True
64685,64,95,MP,All B are C/All A are B,2,All B are C,All A are B,2.4,both,True
64695,1,76,MT,All B are C/No A are C,1,All B are C,No A are C,2.0,both,True
64695,2,112,MP,All B are C/All A are B,2,All B are C,All A are B,2.5,both,True
64695,3,35,MT,All B are C/No A are C,1,All B are C,No A are C,2.0,both,True
64695,4,106,MT,All B are C/No A are C,1,All B are C,No A are C,2.0,both,True
64695,5,66,MT,All B are C/No A are C,1,All B are C,No A are C,2.0,both,True
64695,6,125,MT,All B are C/No A are C,1,All B are C,No A are C,2.0,both,True
64695,7,116,AC,All B are C/All A are C,3,All B are C,All A are C,2.95,both,True
64695,8,16,DA,All B are C/No A are B,4,All B are C,No A are B,6.6,both,True
64695,9,31,MP,All B are C/All A are B,2,All B are C,All A are B,2.5,both,True
64695,10,115,MP,All B are C/All A are B,2,All B are C,All A are B,2.5,both,True
64695,11,27,AC,All B are C/All A are C,3,All B are C,All A are C,2.95,both,True
64695,12,91,DA,All B are C/No A are B,4,All B are C,No A are B,6.6,both,True
64695,13,18,AC,All B are C/All A are C,3,All B are C,All A are C,2.95,both,True
64695,14,101,MP,All B are C/All A are B,2,All B are C,All A are B,2.5,both,True
64695,15,49,AC,All B are C/All A are C,3,All B are C,All A are C,2.95,both,True
64695,16,102,AC,All B are C/All A are C,3,All B are C,All A are C,2.95,both,True
64695,17,60,AC,All B are C/All A are C,3,All B are C,All A are C,2.95,both,True
64695,18,124,AC,All B are C/All A are C,3,All B are C,All A are C,2.95,both,True
64695,19,26,MP,All B are C/All A are B,2,All B are C,All A are B,2.5,both,True
64695,20,3,MT,All B are C/No A are C,1,All B are C,No A are C,2.0,both,True
64695,21,32,MT,All B are C/No A are C,1,All B are C,No A are C,2.0,both,True
64695,22,63,AC,All B are C/All A are C,3,All B are C,All A are C,2.95,both,True
64695,23,121,AC,All B are C/All A are C,3,All B are C,All A are C,2.95,both,True
64695,24,22,MP,All B are C/All A are B,2,All B are C,All A are B,2.5,both,True
64695,25,51,MT,All B are C/No A are C,1,All B are C,No A are C,2.0,both,True
64695,26,73,MT,All B are C/No A are C,1,All B are C,No A are C,2.0,both,True
64695,27,105,DA,All B are C/No A are B,4,All B are C,No A are B,6.6,both,True
64695,28,100,MT,All B are C/No A are C,1,All B are C,No A are C,2.0,both,True
64695,29,75,DA,All B are C/No A are B,4,All B are C,No A are B,6.6,both,True
64695,30,8,AC,All B are C/All A are C,3,All B are C,All A are C,2.95,both,True
64695,31,15,MT,All B are C/No A are C,1,All B are C,No A are C,2.0,both,True
64695,32,67,DA,All B are C/No A are B,4,All B are C,No A are B,6.6,both,True
64695,33,82,DA,All B are C/No A are B,4,All B are C,No A are B,6.6,both,True
64695,34,5,MT,All B are C/No A are C,1,All B are C,No A are C,2.0,both,True
64695,35,57,AC,All B are C/All A are C,3,All B are C,All A are C,2.95,both,True
64695,36,7,MP,All B are C/All A are B,2,All B are C,All A are B,2.5,both,True
64695,37,81,MP,All B are C/All A are B,2,All B are C,All A are B,2.5,both,True
64695,38,83,MT,All B are C/No A are C,1,All B are C,No A are C,2.0,both,True
64695,39,13,MP,All B are C/All A are B,2,All B are C,All A are B,2.5,both,True
64695,40,29,MT,All B are C/No A are C,1,All B are C,No A are C,2.0,both,True
64695,41,80,AC,All B are C/All A are C,3,All B are C,All A are C,2.95,both,True
64695,42,23,AC,All B are C/All A are C,3,All B are C,All A are C,2.95,both,True
64695,43,123,DA,All B are C/No A are B,4,All B are C,No A are B,6.6,both,True
64695,44,17,MP,All B are C/All A are B,2,All B are C,All A are B,2.5,both,True
64695,45,120,MP,All B are C/All A are B,2,All B are C,All A are B,2.5,both,True
64695,46,72,DA,All B are C/No A are B,4,All B are C,No A are B,6.6,both,True
64695,47,111,MP,All B are C/All A are B,2,All B are C,All A are B,2.5,both,True
64695,48,28,DA,All B are C/No A are B,4,All B are C,No A are B,6.6,both,True
64695,49,68,MT,All B are C/No A are C,1,All B are C,No A are C,2.0,both,True
64695,50,114,AC,All B are C/All A are C,3,All B are C,All A are C,2.95,both,True
64695,51,36,DA,All B are C/No A are B,4,All B are C,No A are B,6.6,both,True
64695,52,113,MP,All B are C/All A are B,2,All B are C,All A are B,2.5,both,True
64695,53,69,DA,All B are C/No A are B,4,All B are C,No A are B,6.6,both,True
64695,54,90,MT,All B are C/No A are C,1,All B are C,No A are C,2.0,both,True
64695,55,79,DA,All B are C/No A are B,4,All B are C,No A are B,6.6,both,True
64695,56,50,MP,All B are C/All A are B,2,All B are C,All A are B,2.5,both,True
64695,57,110,DA,All B are C/No A are B,4,All B are C,No A are B,6.6,both,True
64695,58,6,DA,All B are C/No A are B,4,All B are C,No A are B,6.6,both,True
64695,59,58,DA,All B are C/No A are B,4,All B are C,No A are B,6.6,both,True
64695,60,48,MP,All B are C/All A are B,2,All B are C,All A are B,2.5,both,True
64695,61,64,MP,All B are C/All A are B,2,All B are C,All A are B,2.5,both,True
64695,62,99,AC,All B are C/All A are C,3,All B are C,All A are C,2.95,both,True
64695,63,2,DA,All B are C/No A are B,4,All B are C,No A are B,6.6,both,True
64695,64,20,AC,All B are C/All A are C,3,All B are C,All A are C,2.95,both,True
64707,1,124,AC,All B are C/All A are C,3,All B are C,All A are C,2.1,both,True
64707,2,102,AC,All B are C/All A are C,3,All B are C,All A are C,2.1,both,True
64707,3,99,AC,All B are C/All A are C,3,All B are C,All A are C,2.1,both,True
64707,4,91,DA,All B are C/No A are B,4,All B are C,No A are B,2.75,both,True
64707,5,26,MP,All B are C/All A are B,2,All B are C,All A are B,2.0,both,True
64707,6,7,MP,All B are C/All A are B,2,All B are C,All A are B,2.0,both,True
64707,7,64,MP,All B are C/All A are B,2,All B are C,All A are B,2.0,both,True
64707,8,35,MT,All B are C/No A are C,1,All B are C,No A are C,2.0,both,True
64707,9,29,MT,All B are C/No A are C,1,All B are C,No A are C,2.0,both,True
64707,10,49,AC,All B are C/All A are C,3,All B are C,All A are C,2.1,both,True
64707,11,23,AC,All B are C/All A are C,3,All B are C,All A are C,2.1,both,True
64707,12,17,MP,All B are C/All A are B,2,All B are C,All A are B,2.0,both,True
64707,13,81,MP,All B are C/All A are B,2,All B are C,All A are B,2.0,both,True
64707,14,72,DA,All B are C/No A are B,4,All B are C,No A are B,2.75,both,True
64707,15,125,MT,All B are C/No A are C,1,All B are C,No A are C,2.0,both,True
64707,16,112,MP,All B are C/All A are B,2,All B are C,All A are B,2.0,both,True
64707,17,100,MT,All B are C/No A are C,1,All B are C,No A are C,2.0,both,True
64707,18,63,AC,All B are C/All A are C,3,All B are C,All A are C,2.1,both,True
64707,19,101,MP,All B are C/All A are B,2,All B are C,All A are B,2.0,both,True
64707,20,115,MP,All B are C/All A are B,2,All B are C,All A are B,2.0,both,True
64707,21,80,AC,All B are C/All A are C,3,All B are C,All A are C,2.1,both,True
64707,22,105,DA,All B are C/No A are B,4,All B are C,No A are B,2.75,both,True
64707,23,83,MT,All B are C/No A are C,1,All B are C,No A are C,2.0,both,True
64707,24,57,AC,All B are C/All A are C,3,All B are C,All A are C,2.1,both,True
64707,25,28,DA,All B are C/No A are B,4,All B are C,No A are B,2.75,both,True
64707,26,18,AC,All B are C/All A are C,3,All B are C,All A are C,2.1,both,True
64707,27,51,MT,All B are C/No A are C,1,All B are C,No A are C,2.0,both,True
64707,28,15,MT,All B are C/No A are C,1,All B are C,No A are C,2.0,both,True
64707,29,8,AC,All B are C/All A are C,3,All B are C,All A are C,2.1,both,True
64707,30,110,DA,All B are C/No A are B,4,All B are C,No A are B,2.75,both,True
64707,31,111,MP,All B are C/All A are B,2,All B are C,All A are B,2.0,both,True
64707,32,60,AC,All B are C/All A are C,3,All B are C,All A are C,2.1,both,True
64707,33,13,MP,All B are C/All A are B,2,All B are C,All A are B,2.0,both,True
64707,34,73,MT,All B are C/No A are C,1,All B are C,No A are C,2.0,both,True
64707,35,36,DA,All B are C/No A are B,4,All B are C,No A are B,2.75,both,True
64707,36,90,MT,All B are C/No A are C,1,All B are C,No A are C,2.0,both,True
64707,37,50,MP,All B are C/All A are B,2,All B are C,All A are B,2.0,both,True
64707,38,58,DA,All B are C/No A are B,4,All B are C,No A are B,2.75,both,True
64707,39,27,AC,All B are C/All A are C,3,All B are C,All A are C,2.1,both,True
64707,40,120,MP,All B are C/All A are B,2,All B are C,All A are B,2.0,both,True
64707,41,32,MT,All B are C/No A are C,1,All B are C,No A are C,2.0,both,True
64707,42,123,DA,All B are C/No A are B,4,All B are C,No A are B,2.75,both,True
64707,43,2,DA,All B are C/No A are B,4,All B are C,No A are B,2.75,both,True
64707,44,69,DA,All B are C/No A are B,4,All B are C,No A are B,2.75,both,True
64707,45,31,MP,All B are C/All A are B,2,All B are C,All A are B,2.0,both,True
64707,46,75,DA,All B are C/No A are B,4,All B are C,No A are B,2.75,both,True
64707,47,79,DA,All B are C/No A are B,4,All B are C,No A are B,2.75,both,True
64707,48,116,AC,All B are C/All A are C,3,All B are C,All A are C,2.1,both,True
64707,49,22,MP,All B are C/All A are B,2,All B are C,All A are B,2.0,both,True
64707,50,66,MT,All B are C/No A are C,1,All B are C,No A are C,2.0,both,True
64707,51,106,MT,All B are C/No A are C,1,All B are C,No A are C,2.0,both,True
64707,52,121,AC,All B are C/All A are C,3,All B are C,All A are C,2.1,both,True
64707,53,68,MT,All B are C/No A are C,1,All B are C,No A are C,2.0,both,True
64707,54,16,DA,All B are C/No A are B,4,All B are C,No A are B,2.75,both,True
64707,55,67,DA,All B are C/No A are B,4,All B are C,No A are B,2.75,both,True
64707,56,76,MT,All B are C/No A are C,1,All B are C,No A are C,2.0,both,True
64707,57,20,AC,All B are C/All A are C,3,All B are C,All A are C,2.1,both,True
64707,58,5,MT,All B are C/No A are C,1,All B are C,No A are C,2.0,both,True
64707,59,3,MT,All B are C/No A are C,1,All B are C,No A are C,2.0,both,True
64707,60,6,DA,All B are C/No A are B,4,All B are C,No A are B,2.75,both,True
64707,61,48,MP,All B are C/All A are B,2,All B are C,All A are B,2.0,both,True
64707,62,114,AC,All B are C/All A are C,3,All B are C,All A are C,2.1,both,True
64707,63,82,DA,All B are C/No A are B,4,All B are C,No A are B,2.75,both,True
64707,64,113,MP,All B are C/All A are B,2,All B are C,All A are B,2.0,both,True
64708,1,124,AC,All B are C/All A are C,3,All B are C,All A are C,2.85,both,True
64708,2,64,MP,All B are C/All A are B,2,All B are C,All A are B,2.75,both,True
64708,3,20,AC,All B are C/All A are C,3,All B are C,All A are C,2.85,both,True
64708,4,17,MP,All B are C/All A are B,2,All B are C,All A are B,2.75,both,True
64708,5,6,DA,All B are C/No A are B,4,All B are C,No A are B,6.65,both,True
64708,6,15,MT,All B are C/No A are C,1,All B are C,No A are C,2.0,both,True
64708,7,49,AC,All B are C/All A are C,3,All B are C,All A are C,2.85,both,True
64708,8,91,DA,All B are C/No A are B,4,All B are C,No A are B,6.65,both,True
64708,9,82,DA,All B are C/No A are B,4,All B are C,No A are B,6.65,both,True
64708,10,5,MT,All B are C/No A are C,1,All B are C,No A are C,2.0,both,True
64708,11,22,MP,All B are C/All A are B,2,All B are C,All A are B,2.75,both,True
64708,12,101,MP,All B are C/All A are B,2,All B are C,All A are B,2.75,both,True
64708,13,36,DA,All B are C/No A are B,4,All B are C,No A are B,6.65,both,True
64708,14,75,DA,All B are C/No A are B,4,All B are C,No A are B,6.65,both,True
64708,15,7,MP,All B are C/All A are B,2,All B are C,All A are B,2.75,both,True
64708,16,27,AC,All B are C/All A are C,3,All B are C,All A are C,2.85,both,True
64708,17,121,AC,All B are C/All A are C,3,All B are C,All A are C,2.85,both,True
64708,18,60,AC,All B are C/All A are C,3,All B are C,All A are C,2.85,both,True
64708,19,99,AC,All B are C/All A are C,3,All B are C,All A are C,2.85,both,True
64708,20,50,MP,All B are C/All A are B,2,All B are C,All A are B,2.75,both,True
64708,21,80,AC,All B are C/All A are C,3,All B are C,All A are C,2.85,both,True
64708,22,16,DA,All B are C/No A are B,4,All B are C,No A are B,6.65,both,True
64708,23,57,AC,All B are C/All A are C,3,All B are C,All A are C,2.85,both,True
64708,24,31,MP,All B are C/All A are B,2,All B are C,All A are B,2.75,both,True
64708,25,90,MT,All B are C/No A are C,1,All B are C,No A are C,2.0,both,True
64708,26,83,MT,All B are C/No A are C,1,All B are C,No A are C,2.0,both,True
64708,27,67,DA,All B are C/No A are B,4,All B are C,No A are B,6.65,both,True
64708,28,120,MP,All B are C/All A are B,2,All B are C,All A are B,2.75,both,True
64708,29,112,MP,All B are C/All A are B,2,All B are C,All A are B,2.75,both,True
64708,30,28,DA,All B are C/No A are B,4,All B are C,No A are B,6.65,both,True
64708,31,125,MT,All B are C/No A are C,1,All B are C,No A are C,2.0,both,True
64708,32,68,MT,All B are C/No A are C,1,All B are C,No A are C,2.0,both,True
64708,33,69,DA,All B are C/No A are B,4,All B are C,No A are B,6.65,both,True
64708,34,48,MP,All B are C/All A are B,2,All B are C,All A are B,2.75,both,True
64708,35,66,MT,All B are C/No A are C,1,All B are C,No A are C,2.0,both,True
64708,36,113,MP,All B are C/All A are B,2,All B are C,All A are B,2.75,both,True
64708,37,110,DA,All B are C/No A are B,4,All B are C,No A are B,6.65,both,True
64708,38,106,MT,All B are C/No A are C,1,All B are C,No A are C,2.0,both,True
64708,39,116,AC,All B are C/All A are C,3,All B are C,All A are C,2.85,both,True
64708,40,3,MT,All B are C/No A are C,1,All B are C,No A are C,2.0,both,True
64708,41,2,DA,All B are C/No A are B,4,All B are C,No A are B,6.65,both,True
64708,42,81,MP,All B are C/All A are B,2,All B are C,All A are B,2.75,both,True
64708,43,73,MT,All B are C/No A are C,1,All B are C,No A are C,2.0,both,True
64708,44,26,MP,All B are C/All A are B,2,All B are C,All A are B,2.75,both,True
64708,45,23,AC,All B are C/All A are C,3,All B are C,All A are C,2.85,both,True
64708,46,32,MT,All B are C/No A are C,1,All B are C,No A are C,2.0,both,True
64708,47,100,MT,All B are C/No A are C,1,All B are C,No A are C,2.0,both,True
64708,48,105,DA,All B are C/No A are B,4,All B are C,No A are B,6.65,both,True
64708,49,79,DA,All B are C/No A are B,4,All B are C,No A are B,6.65,both,True
64708,50,102,AC,All B are C/All A are C,3,All B are C,All A are C,2.85,both,True
64708,51,13,MP,All B are C/All A are B,2,All B are C,All A are B,2.75,both,True
64708,52,111,MP,All B are C/All A are B,2,All B are C,All A are B,2.75,both,True
64708,53,115,MP,All B are C/All A are B,2,All B are C,All A are B,2.75,both,True
64708,54,63,AC,All B are C/All A are C,3,All B are C,All A are C,2.85,both,True
64708,55,72,DA,All B are C/No A are B,4,All B are C,No A are B,6.65,both,True
64708,56,35,MT,All B are C/No A are C,1,All B are C,No A are C,2.0,both,True
64708,57,114,AC,All B are C/All A are C,3,All B are C,All A are C,2.85,both,True
64708,58,8,AC,All B are C/All A are C,3,All B are C,All A are C,2.85,both,True
64708,59,58,DA,All B are C/No A are B,4,All B are C,No A are B,6.65,both,True
64708,60,18,AC,All B are C/All A are C,3,All B are C,All A are C,2.85,both,True
64708,61,76,MT,All B are C/No A are C,1,All B are C,No A are C,2.0,both,True
64708,62,51,MT,All B are C/No A are C,1,All B are C,No A are C,2.0,both,True
64708,63,29,MT,All B are C/No A are C,1,All B are C,No A are C,2.0,both,True
64708,64,123,DA,All B are C/No A are B,4,All B are C,No A are B,6.65,both,True
64776,1,20,AC,All B are C/All A are C,3,All B are C,All A are C,2.1,both,True
64776,2,102,AC,All B are C/All A are C,3,All B are C,All A are C,2.1,both,True
64776,3,23,AC,All B are C/All A are C,3,All B are C,All A are C,2.1,both,True
64776,4,105,DA,All B are C/No A are B,4,All B are C,No A are B,2.75,both,True
64776,5,124,AC,All B are C/All A are C,3,All B are C,All A are C,2.1,both,True
64776,6,75,DA,All B are C/No A are B,4,All B are C,No A are B,2.75,both,True
64776,7,60,AC,All B are C/All A are C,3,All B are C,All A are C,2.1,both,True
64776,8,111,MP,All B are C/All A are B,2,All B are C,All A are B,2.0,both,True
64776,9,99,AC,All B are C/All A are C,3,All B are C,All A are C,2.1,both,True
64776,10,64,MP,All B are C/All A are B,2,All B are C,All A are B,2.0,both,True
64776,11,82,DA,All B are C/No A are B,4,All B are C,No A are B,2.75,both,True
64776,12,121,AC,All B are C/All A are C,3,All B are C,All A are C,2.1,both,True
64776,13,115,MP,All B are C/All A are B,2,All B are C,All A are B,2.0,both,True
64776,14,2,DA,All B are C/No A are B,4,All B are C,No A are B,2.75,both,True
64776,15,90,MT,All B are C/No A are C,1,All B are C,No A are C,2.0,both,True
64776,16,120,MP,All B are C/All A are B,2,All B are C,All A are B,2.0,both,True
64776,17,123,DA,All B are C/No A are B,4,All B are C,No A are B,2.75,both,True
64776,18,50,MP,All B are C/All A are B,2,All B are C,All A are B,2.0,both,True
64776,19,68,MT,All B are C/No A are C,1,All B are C,No A are C,2.0,both,True
64776,20,63,AC,All B are C/All A are C,3,All B are C,All A are C,2.1,both,True
64776,21,51,MT,All B are C/No A are C,1,All B are C,No A are C,2.0,both,True
64776,22,91,DA,All B are C/No A are B,4,All B are C,No A are B,2.75,both,True
64776,23,58,DA,All B are C/No A are B,4,All B are C,No A are B,2.75,both,True
64776,24,112,MP,All B are C/All A are B,2,All B are C,All A are B,2.0,both,True
64776,25,15,MT,All B are C/No A are C,1,All B are C,No A are C,2.0,both,True
64776,26,17,MP,All B are C/All A are B,2,All B are C,All A are B,2.0,both,True
64776,27,81,MP,All B are C/All A are B,2,All B are C,All A are B,2.0,both,True
64776,28,100,MT,All B are C/No A are C,1,All B are C,No A are C,2.0,both,True
64776,29,13,MP,All B are C/All A are B,2,All B are C,All A are B,2.0,both,True
64776,30,26,MP,All B are C/All A are B,2,All B are C,All A are B,2.0,both,True
64776,31,29,MT,All B are C/No A are C,1,All B are C,No A are C,2.0,both,True
64776,32,113,MP,All B are C/All A are B,2,All B are C,All A are B,2.0,both,True
64776,33,31,MP,All B are C/All A are B,2,All B are C,All A are B,2.0,both,True
64776,34,125,MT,All B are C/No A are C,1,All B are C,No A are C,2.0,both,True
64776,35,32,MT,All B are C/No A are C,1,All B are C,No A are C,2.0,both,True
64776,36,66,MT,All B are C/No A are C,1,All B are C,No A are C,2.0,both,True
64776,37,114,AC,All B are C/All A are C,3,All B are C,All A are C,2.1,both,True
64776,38,5,MT,All B are C/No A are C,1,All B are C,No A are C,2.0,both,True
64776,39,73,MT,All B are C/No A are C,1,All B are C,No A are C,2.0,both,True
64776,40,18,AC,All B are C/All A are C,3,All B are C,All A are C,2.1,both,True
64776,41,80,AC,All B are C/All A are C,3,All B are C,All A are C,2.1,both,True
64776,42,57,AC,All B are C/All A are C,3,All B are C,All A are C,2.1,both,True
64776,43,3,MT,All B are C/No A are C,1,All B are C,No A are C,2.0,both,True
64776,44,106,MT,All B are C/No A are C,1,All B are C,No A are C,2.0,both,True
64776,45,48,MP,All B are C/All A are B,2,All B are C,All A are B,2.0,both,True
64776,46,27,AC,All B are C/All A are C,3,All B are C,All A are C,2.1,both,True
64776,47,36,DA,All B are C/No A are B,4,All B are C,No A are B,2.75,both,True
64776,48,16,DA,All B are C/No A are B,4,All B are C,No A are B,2.75,both,True
64776,49,6,DA,All B are C/No A are B,4,All B are C,No A are B,2.75,both,True
64776,50,110,DA,All B are C/No A are B,4,All B are C,No A are B,2.75,both,True
64776,51,28,DA,All B are C/No A are B,4,All B are C,No A are B,2.75,both,True
64776,52,49,AC,All B are C/All A are C,3,All B are C,All A are C,2.1,both,True
64776,53,72,DA,All B are C/No A are B,4,All B are C,No A are B,2.75,both,True
64776,54,35,MT,All B are C/No A are C,1,All B are C,No A are C,2.0,both,True
64776,55,79,DA,All B are C/No A are B,4,All B are C,No A are B,2.75,both,True
64776,56,67,DA,All B are C/No A are B,4,All B are C,No A are B,2.75,both,True
64776,57,8,AC,All B are C/All A are C,3,All B are C,All A are C,2.1,both,True
64776,58,76,MT,All B are C/No A are C,1,All B are C,No A are C,2.0,both,True
64776,59,22,MP,All B are C/All A are B,2,All B are C,All A are B,2.0,both,True
64776,60,83,MT,All B are C/No A are C,1,All B are C,No A are C,2.0,both,True
64776,61,116,AC,All B are C/All A are C,3,All B are C,All A are C,2.1,both,True
64776,62,7,MP,All B are C/All A are B,2,All B are C,All A are B,2.0,both,True
64776,63,69,DA,All B are C/No A are B,4,All B are C,No A are B,2.75,both,True
64776,64,101,MP,All B are C/All A are B,2,All B are C,All A are B,2.0,both,True
64793,1,63,AC,All B are C/All A are C,3,All B are C,All A are C,2.1,both,True
64793,2,31,MP,All B are C/All A are B,2,All B are C,All A are B,2.0,both,True
64793,3,60,AC,All B are C/All A are C,3,All B are C,All A are C,2.1,both,True
64793,4,15,MT,All B are C/No A are C,1,All B are C,No A are C,2.0,both,True
64793,5,91,DA,All B are C/No A are B,4,All B are C,No A are B,2.75,both,True
64793,6,124,AC,All B are C/All A are C,3,All B are C,All A are C,2.1,both,True
64793,7,112,MP,All B are C/All A are B,2,All B are C,All A are B,2.0,both,True
64793,8,110,DA,All B are C/No A are B,4,All B are C,No A are B,2.75,both,True
64793,9,18,AC,All B are C/All A are C,3,All B are C,All A are C,2.1,both,True
64793,10,83,MT,All B are C/No A are C,1,All B are C,No A are C,2.0,both,True
64793,11,100,MT,All B are C/No A are C,1,All B are C,No A are C,2.0,both,True
64793,12,73,MT,All B are C/No A are C,1,All B are C,No A are C,2.0,both,True
64793,13,82,DA,All B are C/No A are B,4,All B are C,No A are B,2.75,both,True
64793,14,20,AC,All B are C/All A are C,3,All B are C,All A are C,2.1,both,True
64793,15,58,DA,All B are C/No A are B,4,All B are C,No A are B,2.75,both,True
64793,16,79,DA,All B are C/No A are B,4,All B are C,No A are B,2.75,both,True
64793,17,101,MP,All B are C/All A are B,2,All B are C,All A are B,2.0,both,True
64793,18,105,DA,All B are C/No A are B,4,All B are C,No A are B,2.75,both,True
64793,19,50,MP,All B are C/All A are B,2,All B are C,All A are B,2.0,both,True
64793,20,48,MP,All B are C/All A are B,2,All B are C,All A are B,2.0,both,True
64793,21,3,MT,All B are C/No A are C,1,All B are C,No A are C,2.0,both,True
64793,22,106,MT,All B are C/No A are C,1,All B are C,No A are C,2.0,both,True
64793,23,35,MT,All B are C/No A are C,1,All B are C,No A are C,2.0,both,True
64793,24,81,MP,All B are C/All A are B,2,All B are C,All A are B,2.0,both,True
64793,25,113,MP,All B are C/All A are B,2,All B are C,All A are B,2.0,both,True
64793,26,64,MP,All B are C/All A are B,2,All B are C,All A are B,2.0,both,True
64793,27,68,MT,All B are C/No A are C,1,All B are C,No A are C,2.0,both,True
64793,28,23,AC,All B are C/All A are C,3,All B are C,All A are C,2.1,both,True
64793,29,32,MT,All B are C/No A are C,1,All B are C,No A are C,2.0,both,True
64793,30,125,MT,All B are C/No A are C,1,All B are C,No A are C,2.0,both,True
64793,31,90,MT,All B are C/No A are C,1,All B are C,No A are C,2.0,both,True
64793,32,49,AC,All B are C/All A are C,3,All B are C,All A are C,2.1,both,True
64793,33,76,MT,All B are C/No A are C,1,All B are C,No A are C,2.0,both,True
64793,34,102,AC,All B are C/All A are C,3,All B are C,All A are C,2.1,both,True
64793,35,114,AC,All B are C/All A are C,3,All B are C,All A are C,2.1,both,True
64793,36,13,MP,All B are C/All A are B,2,All B are C,All A are B,2.0,both,True
64793,37,17,MP,All B are C/All A are B,2,All B are C,All A are B,2.0,both,True
64793,38,115,MP,All B are C/All A are B,2,All B are C,All A are B,2.0,both,True
64793,39,120,MP,All B are C/All A are B,2,All B are C,All A are B,2.0,both,True
64793,40,28,DA,All B are C/No A are B,4,All B are C,No A are B,2.75,both,True
64793,41,123,DA,All B are C/No A are B,4,All B are C,No A are B,2.75,both,True
64793,42,16,DA,All B are C/No A are B,4,All B are C,No A are B,2.75,both,True
64793,43,66,MT,All B are C/No A are C,1,All B are C,No A are C,2.0,both,True
64793,44,2,DA,All B are C/No A are B,4,All B are C,No A are B,2.75,both,True
64793,45,8,AC,All B are C/All A are C,3,All B are C,All A are C,2.1,both,True
64793,46,80,AC,All B are C/All A are C,3,All B are C,All A are C,2.1,both,True
64793,47,57,AC,All B are C/All A are C,3,All B are C,All A are C,2.1,both,True
64793,48,121,AC,All B are C/All A are C,3,All B are C,All A are C,2.1,both,True
64793,49,75,DA,All B are C/No A are B,4,All B are C,No A are B,2.75,both,True
64793,50,69,DA,All B are C/No A are B,4,All B are C,No A are B,2.75,both,True
64793,51,36,DA,All B are C/No A are B,4,All B are C,No A are B,2.75,both,True
64793,52,72,DA,All B are C/No A are B,4,All B are C,No A are B,2.75,both,True
64793,53,6,DA,All B are C/No A are B,4,All B are C,No A are B,2.75,both,True
64793,54,5,MT,All B are C/No A are C,1,All B are C,No A are C,2.0,both,True
64793,55,27,AC,All B are C/All A are C,3,All B are C,All A are C,2.1,both,True
64793,56,111,MP,All B are C/All A are B,2,All B are C,All A are B,2.0,both,True
64793,57,29,MT,All B are C/No A are C,1,All B are C,No A are C,2.0,both,True
64793,58,22,MP,All B are C/All A are B,2,All B are C,All A are B,2.0,both,True
64793,59,51,MT,All B are C/No A are C,1,All B are C,No A are C,2.0,both,True
64793,60,99,AC,All B are C/All A are C,3,All B are C,All A are C,2.1,both,True
64793,61,116,AC,All B are C/All A are C,3,All B are C,All A are C,2.1,both,True
64793,62,26,MP,All B are C/All A are B,2,All B are C,All A are B,2.0,both,True
64793,63,7,MP,All B are C/All A are B,2,All B are C,All A are B,2.0,both,True
64793,64,67,DA,All B are C/No A are B,4,All B are C,No A are B,2.75,both,True
64806,1,23,AC,All B are C/All A are C,3,All B are C,All A are C,2.85,both,True
64806,2,79,DA,All B are C/No A are B,4,All B are C,No A are B,6.65,both,True
64806,3,73,MT,All B are C/No A are C,1,All B are C,No A are C,2.0,both,True
64806,4,63,AC,All B are C/All A are C,3,All B are C,All A are C,2.85,both,True
64806,5,110,DA,All B are C/No A are B,4,All B are C,No A are B,6.65,both,True
64806,6,82,DA,All B are C/No A are B,4,All B are C,No A are B,6.65,both,True
64806,7,68,MT,All B are C/No A are C,1,All B are C,No A are C,2.0,both,True
64806,8,116,AC,All B are C/All A are C,3,All B are C,All A are C,2.85,both,True
64806,9,2,DA,All B are C/No A are B,4,All B are C,No A are B,6.65,both,True
64806,10,29,MT,All B are C/No A are C,1,All B are C,No A are C,2.0,both,True
64806,11,8,AC,All B are C/All A are C,3,All B are C,All A are C,2.85,both,True
64806,12,83,MT,All B are C/No A are C,1,All B are C,No A are C,2.0,both,True
64806,13,7,MP,All B are C/All A are B,2,All B are C,All A are B,2.75,both,True
64806,14,105,DA,All B are C/No A are B,4,All B are C,No A are B,6.65,both,True
64806,15,31,MP,All B are C/All A are B,2,All B are C,All A are B,2.75,both,True
64806,16,20,AC,All B are C/All A are C,3,All B are C,All A are C,2.85,both,True
64806,17,5,MT,All B are C/No A are C,1,All B are C,No A are C,2.0,both,True
64806,18,99,AC,All B are C/All A are C,3,All B are C,All A are C,2.85,both,True
64806,19,36,DA,All B are C/No A are B,4,All B are C,No A are B,6.65,both,True
64806,20,67,DA,All B are C/No A are B,4,All B are C,No A are B,6.65,both,True
64806,21,60,AC,All B are C/All A are C,3,All B are C,All A are C,2.85,both,True
64806,22,58,DA,All B are C/No A are B,4,All B are C,No A are B,6.65,both,True
64806,23,22,MP,All B are C/All A are B,2,All B are C,All A are B,2.75,both,True
64806,24,75,DA,All B are C/No A are B,4,All B are C,No A are B,6.65,both,True
64806,25,13,MP,All B are C/All A are B,2,All B are C,All A are B,2.75,both,True
64806,26,106,MT,All B are C/No A are C,1,All B are C,No A are C,2.0,both,True
64806,27,49,AC,All B are C/All A are C,3,All B are C,All A are C,2.85,both,True
64806,28,72,DA,All B are C/No A are B,4,All B are C,No A are B,6.65,both,True
64806,29,66,MT,All B are C/No A are C,1,All B are C,No A are C,2.0,both,True
64806,30,101,MP,All B are C/All A are B,2,All B are C,All A are B,2.75,both,True
64806,31,26,MP,All B are C/All A are B,2,All B are C,All A are B,2.75,both,True
64806,32,16,DA,All B are C/No A are B,4,All B are C,No A are B,6.65,both,True
64806,33,125,MT,All B are C/No A are C,1,All B are C,No A are C,2.0,both,True
64806,34,114,AC,All B are C/All A are C,3,All B are C,All A are C,2.85,both,True
64806,35,81,MP,All B are C/All A are B,2,All B are C,All A are B,2.75,both,True
64806,36,15,MT,All B are C/No A are C,1,All B are C,No A are C,2.0,both,True
64806,37,76,MT,All B are C/No A are C,1,All B are C,No A are C,2.0,both,True
64806,38,50,MP,All B are C/All A are B,2,All B are C,All A are B,2.75,both,True
64806,39,113,MP,All B are C/All A are B,2,All B are C,All A are B,2.75,both,True
64806,40,32,MT,All B are C/No A are C,1,All B are C,No A are C,2.0,both,True
64806,41,124,AC,All B are C/All A are C,3,All B are C,All A are C,2.85,both,True
64806,42,17,MP,All B are C/All A are B,2,All B are C,All A are B,2.75,both,True
64806,43,100,MT,All B are C/No A are C,1,All B are C,No A are C,2.0,both,True
64806,44,115,MP,All B are C/All A are B,2,All B are C,All A are B,2.75,both,True
64806,45,123,DA,All B are C/No A are B,4,All B are C,No A are B,6.65,both,True
64806,46,90,MT,All B are C/No A are C,1,All B are C,No A are C,2.0,both,True
64806,47,64,MP,All B are C/All A are B,2,All B are C,All A are B,2.75,both,True
64806,48,69,DA,All B are C/No A are B,4,All B are C,No A are B,6.65,both,True
64806,49,111,MP,All B are C/All A are B,2,All B are C,All A are B,2.75,both,True
64806,50,57,AC,All B are C/All A are C,3,All B are C,All A are C,2.85,both,True
64806,51,3,MT,All B are C/No A are C,1,All B are C,No A are C,2.0,both,True
64806,52,18,AC,All B are C/All A are C,3,All B are C,All A are C,2.85,both,True
64806,53,28,DA,All B are C/No A are B,4,All B are C,No A are B,6.65,both,True
64806,54,6,DA,All B are C/No A are B,4,All B are C,No A are B,6.65,both,True
64806,55,51,MT,All B are C/No A are C,1,All B are C,No A are C,2.0,both,True
64806,56,102,AC,All B are C/All A are C,3,All B are C,All A are C,2.85,both,True
64806,57,48,MP,All B are C/All A are B,2,All B are C,All A are B,2.75,both,True
64806,58,112,MP,All B are C/All A are B,2,All B are C,All A are B,2.75,both,True
64806,59,91,DA,All B are C/No A are B,4,All B are C,No A are B,6.65,both,True
64806,60,35,MT,All B are C/No A are C,1,All B are C,No A are C,2.0,both,True
64806,61,27,AC,All B are C/All A are C,3,All B are C,All A are C,2.85,both,True
64806,62,120,MP,All B are C/All A are B,2,All B are C,All A are B,2.75,both,True
64806,63,121,AC,All B are C/All A are C,3,All B are C,All A are C,2.85,both,True
64806,64,80,AC,All B are C/All A are C,3,All B are C,All A are C,2.85,both,True
64843,1,35,MT,All B are C/No A are C,1,All B are C,No A are C,2.0,both,True
64843,2,15,MT,All B are C/No A are C,1,All B are C,No A are C,2.0,both,True
64843,3,18,AC,All B are C/All A are C,3,All B are C,All A are C,2.45,both,True
64843,4,124,AC,All B are C/All A are C,3,All B are C,All A are C,2.45,both,True
64843,5,105,DA,All B are C/No A are B,4,All B are C,No A are B,4.2,both,True
64843,6,66,MT,All B are C/No A are C,1,All B are C,No A are C,2.0,both,True
64843,7,82,DA,All B are C/No A are B,4,All B are C,No A are B,4.2,both,True
64843,8,32,MT,All B are C/No A are C,1,All B are C,No A are C,2.0,both,True
64843,9,113,MP,All B are C/All A are B,2,All B are C,All A are B,2.3,both,True
64843,10,5,MT,All B are C/No A are C,1,All B are C,No A are C,2.0,both,True
64843,11,110,DA,All B are C/No A are B,4,All B are C,No A are B,4.2,both,True
64843,12,13,MP,All B are C/All A are B,2,All B are C,All A are B,2.3,both,True
64843,13,48,MP,All B are C/All A are B,2,All B are C,All A are B,2.3,both,True
64843,14,102,AC,All B are C/All A are C,3,All B are C,All A are C,2.45,both,True
64843,15,22,MP,All B are C/All A are B,2,All B are C,All A are B,2.3,both,True
64843,16,50,MP,All B are C/All A are B,2,All B are C,All A are B,2.3,both,True
64843,17,106,MT,All B are C/No A are C,1,All B are C,No A are C,2.0,both,True
64843,18,58,DA,All B are C/No A are B,4,All B are C,No A are B,4.2,both,True
64843,19,116,AC,All B are C/All A are C,3,All B are C,All A are C,2.45,both,True
64843,20,31,MP,All B are C/All A are B,2,All B are C,All A are B,2.3,both,True
64843,21,90,MT,All B are C/No A are C,1,All B are C,No A are C,2.0,both,True
64843,22,120,MP,All B are C/All A are B,2,All B are C,All A are B,2.3,both,True
64843,23,64,MP,All B are C/All A are B,2,All B are C,All A are B,2.3,both,True
64843,24,49,AC,All B are C/All A are C,3,All B are C,All A are C,2.45,both,True
64843,25,79,DA,All B are C/No A are B,4,All B are C,No A are B,4.2,both,True
64843,26,63,AC,All B are C/All A are C,3,All B are C,All A are C,2.45,both,True
64843,27,80,AC,All B are C/All A are C,3,All B are C,All A are C,2.45,both,True
64843,28,115,MP,All B are C/All A are B,2,All B are C,All A are B,2.3,both,True
64843,29,68,MT,All B are C/No A are C,1,All B are C,No A are C,2.0,both,True
64843,30,91,DA,All B are C/No A are B,4,All B are C,No A are B,4.2,both,True
64843,31,123,DA,All B are C/No A are B,4,All B are C,No A are B,4.2,both,True
64843,32,99,AC,All B are C/All A are C,3,All B are C,All A are C,2.45,both,True
64843,33,26,MP,All B are C/All A are B,2,All B are C,All A are B,2.3,both,True
64843,34,69,DA,All B are C/No A are B,4,All B are C,No A are B,4.2,both,True
64843,35,36,DA,All B are C/No A are B,4,All B are C,No A are B,4.2,both,True
64843,36,75,DA,All B are C/No A are B,4,All B are C,No A are B,4.2,both,True
64843,37,3,MT,All B are C/No A are C,1,All B are C,No A are C,2.0,both,True
64843,38,6,DA,All B are C/No A are B,4,All B are C,No A are B,4.2,both,True
64843,39,67,DA,All B are C/No A are B,4,All B are C,No A are B,4.2,both,True
64843,40,114,AC,All B are C/All A are C,3,All B are C,All A are C,2.45,both,True
64843,41,101,MP,All B are C/All A are B,2,All B are C,All A are B,2.3,both,True
64843,42,17,MP,All B are C/All A are B,2,All B are C,All A are B,2.3,both,True
64843,43,81,MP,All B are C/All A are B,2,All B are C,All A are B,2.3,both,True
64843,44,16,DA,All B are C/No A are B,4,All B are C,No A are B,4.2,both,True
64843,45,29,MT,All B are C/No A are C,1,All B are C,No A are C,2.0,both,True
64843,46,51,MT,All B are C/No A are C,1,All B are C,No A are C,2.0,both,True
64843,47,2,DA,All B are C/No A are B,4,All B are C,No A are B,4.2,both,True
64843,48,112,MP,All B are C/All A are B,2,All B are C,All A are B,2.3,both,True
64843,49,57,AC,All B are C/All A are C,3,All B are C,All A are C,2.45,both,True
64843,50,121,AC,All B are C/All A are C,3,All B are C,All A are C,2.45,both,True
64843,51,111,MP,All B are C/All A are B,2,All B are C,All A are B,2.3,both,True
64843,52,7,MP,All B are C/All A are B,2,All B are C,All A are B,2.3,both,True
64843,53,72,DA,All B are C/No A are B,4,All B are C,No A are B,4.2,both,True
64843,54,60,AC,All B are C/All A are C,3,All B are C,All A are C,2.45,both,True
64843,55,27,AC,All B are C/All A are C,3,All B are C,All A are C,2.45,both,True
64843,56,20,AC,All B are C/All A are C,3,All B are C,All A are C,2.45,both,True
64843,57,83,MT,All B are C/No A are C,1,All B are C,No A are C,2.0,both,True
64843,58,125,MT,All B are C/No A are C,1,All B are C,No A are C,2.0,both,True
64843,59,100,MT,All B are C/No A are C,1,All B are C,No A are C,2.0,both,True
64843,60,23,AC,All B are C/All A are C,3,All B are C,All A are C,2.45,both,True
64843,61,28,DA,All B are C/No A are B,4,All B are C,No A are B,4.2,both,True
64843,62,73,MT,All B are C/No A are C,1,All B are C,No A are C,2.0,both,True
64843,63,76,MT,All B are C/No A are C,1,All B are C,No A are C,2.0,both,True
64843,64,8,AC,All B are C/All A are C,3,All B are C,All A are C,2.45,both,True
64869,1,118,AC,All B are C/All A are C,3,All B are C,All A are C,2.1,both,True
64869,2,126,MT,All B are C/No A are C,1,All B are C,No A are C,2.0,both,True
64869,3,78,AC,All B are C/All A are C,3,All B are C,All A are C,2.1,both,True
64869,4,34,MP,All B are C/All A are B,2,All B are C,All A are B,2.0,both,True
64869,5,94,MP,All B are C/All A are B,2,All B are C,All A are B,2.0,both,True
64869,6,92,MT,All B are C/No A are C,1,All B are C,No A are C,2.0,both,True
64869,7,44,DA,All B are C/No A are B,4,All B are C,No A are B,2.75,both,True
64869,8,30,MT,All B are C/No A are C,1,All B are C,No A are C,2.0,both,True
64869,9,52,MP,All B are C/All A are B,2,All B are C,All A are B,2.0,both,True
64869,10,4,MT,All B are C/No A are C,1,All B are C,No A are C,2.0,both,True
64869,11,117,AC,All B are C/All A are C,3,All B are C,All A are C,2.1,both,True
64869,12,47,AC,All B are C/All A are C,3,All B are C,All A are C,2.1,both,True
64869,13,24,AC,All B are C/All A are C,3,All B are C,All A are C,2.1,both,True
64869,14,65,MT,All B are C/No A are C,1,All B are C,No A are C,2.0,both,True
64869,15,56,MP,All B are C/All A are B,2,All B are C,All A are B,2.0,both,True
64869,16,87,DA,All B are C/No A are B,4,All B are C,No A are B,2.75,both,True
64869,17,10,DA,All B are C/No A are B,4,All B are C,No A are B,2.75,both,True
64869,18,19,AC,All B are C/All A are C,3,All B are C,All A are C,2.1,both,True
64869,19,96,DA,All B are C/No A are B,4,All B are C,No A are B,2.75,both,True
64869,20,74,DA,All B are C/No A are B,4,All B are C,No A are B,2.75,both,True
64869,21,38,DA,All B are C/No A are B,4,All B are C,No A are B,2.75,both,True
64869,22,119,AC,All B are C/All A are C,3,All B are C,All A are C,2.1,both,True
64869,23,1,MT,All B are C/No A are C,1,All B are C,No A are C,2.0,both,True
64869,24,54,DA,All B are C/No A are B,4,All B are C,No A are B,2.75,both,True
64869,25,109,MP,All B are C/All A are B,2,All B are C,All A are B,2.0,both,True
64869,26,14,MT,All B are C/No A are C,1,All B are C,No A are C,2.0,both,True
64869,27,46,MT,All B are C/No A are C,1,All B are C,No A are C,2.0,both,True
64869,28,97,MT,All B are C/No A are C,1,All B are C,No A are C,2.0,both,True
64869,29,11,MP,All B are C/All A are B,2,All B are C,All A are B,2.0,both,True
64869,30,43,MP,All B are C/All A are B,2,All B are C,All A are B,2.0,both,True
64869,31,128,DA,All B are C/No A are B,4,All B are C,No A are B,2.75,both,True
64869,32,9,AC,All B are C/All A are C,3,All B are C,All A are C,2.1,both,True
64869,33,25,AC,All B are C/All A are C,3,All B are C,All A are C,2.1,both,True
64869,34,70,MT,All B are C/No A are C,1,All B are C,No A are C,2.0,both,True
64869,35,85,MP,All B are C/All A are B,2,All B are C,All A are B,2.0,both,True
64869,36,122,AC,All B are C/All A are C,3,All B are C,All A are C,2.1,both,True
64869,37,108,DA,All B are C/No A are B,4,All B are C,No A are B,2.75,both,True
64869,38,89,DA,All B are C/No A are B,4,All B are C,No A are B,2.75,both,True
64869,39,53,DA,All B are C/No A are B,4,All B are C,No A are B,2.75,both,True
64869,40,95,MP,All B are C/All A are B,2,All B are C,All A are B,2.0,both,True
64869,41,77,MT,All B are C/No A are C,1,All B are C,No A are C,2.0,both,True
64869,42,41,MP,All B are C/All A are B,2,All B are C,All A are B,2.0,both,True
64869,43,62,AC,All B are C/All A are C,3,All B are C,All A are C,2.1,both,True
64869,44,40,MP,All B are C/All A are B,2,All B are C,All A are B,2.0,both,True
64869,45,107,MT,All B are C/No A are C,1,All B are C,No A are C,2.0,both,True
64869,46,42,MP,All B are C/All A are B,2,All B are C,All A are B,2.0,both,True
64869,47,61,AC,All B are C/All A are C,3,All B are C,All A are C,2.1,both,True
64869,48,103,AC,All B are C/All A are C,3,All B are C,All A are C,2.1,both,True
64869,49,84,MT,All B are C/No A are C,1,All B are C,No A are C,2.0,both,True
64869,50,71,MT,All B are C/No A are C,1,All B are C,No A are C,2.0,both,True
64869,51,12,MP,All B are C/All A are B,2,All B are C,All A are B,2.0,both,True
64869,52,104,DA,All B are C/No A are B,4,All B are C,No A are B,2.75,both,True
64869,53,98,AC,All B are C/All A are C,3,All B are C,All A are C,2.1,both,True
64869,54,59,AC,All B are C/All A are C,3,All B are C,All A are C,2.1,both,True
64869,55,37,MT,All B are C/No A are C,1,All B are C,No A are C,2.0,both,True
64869,56,86,MP,All B are C/All A are B,2,All B are C,All A are B,2.0,both,True
64869,57,55,MP,All B are C/All A are B,2,All B are C,All A are B,2.0,both,True
64869,58,127,DA,All B are C/No A are B,4,All B are C,No A are B,2.75,both,True
64869,59,93,DA,All B are C/No A are B,4,All B are C,No A are B,2.75,both,True
64869,60,21,AC,All B are C/All A are C,3,All B are C,All A are C,2.1,both,True
64869,61,39,MP,All B are C/All A are B,2,All B are C,All A are B,2.0,both,True
64869,62,45,DA,All B are C/No A are B,4,All B are C,No A are B,2.75,both,True
64869,63,88,DA,All B are C/No A are B,4,All B are C,No A are B,2.75,both,True
64869,64,33,MT,All B are C/No A are C,1,All B are C,No A are C,2.0,both,True
64871,1,65,MT,All B are C/No A are C,1,All B are C,No A are C,2.0,both,True
64871,2,103,AC,All B are C/All A are C,3,All B are C,All A are C,2.45,both,True
64871,3,93,DA,All B are C/No A are B,4,All B are C,No A are B,4.2,both,True
64871,4,107,MT,All B are C/No A are C,1,All B are C,No A are C,2.0,both,True
64871,5,128,DA,All B are C/No A are B,4,All B are C,No A are B,4.2,both,True
64871,6,77,MT,All B are C/No A are C,1,All B are C,No A are C,2.0,both,True
64871,7,98,AC,All B are C/All A are C,3,All B are C,All A are C,2.45,both,True
64871,8,10,DA,All B are C/No A are B,4,All B are C,No A are B,4.2,both,True
64871,9,43,MP,All B are C/All A are B,2,All B are C,All A are B,2.3,both,True
64871,10,54,DA,All B are C/No A are B,4,All B are C,No A are B,4.2,both,True
64871,11,56,MP,All B are C/All A are B,2,All B are C,All A are B,2.3,both,True
64871,12,122,AC,All B are C/All A are C,3,All B are C,All A are C,2.45,both,True
64871,13,96,DA,All B are C/No A are B,4,All B are C,No A are B,4.2,both,True
64871,14,78,AC,All B are C/All A are C,3,All B are C,All A are C,2.45,both,True
64871,15,88,DA,All B are C/No A are B,4,All B are C,No A are B,4.2,both,True
64871,16,127,DA,All B are C/No A are B,4,All B are C,No A are B,4.2,both,True
64871,17,34,MP,All B are C/All A are B,2,All B are C,All A are B,2.3,both,True
64871,18,4,MT,All B are C/No A are C,1,All B are C,No A are C,2.0,both,True
64871,19,24,AC,All B are C/All A are C,3,All B are C,All A are C,2.45,both,True
64871,20,46,MT,All B are C/No A are C,1,All B are C,No A are C,2.0,both,True
64871,21,9,AC,All B are C/All A are C,3,All B are C,All A are C,2.45,both,True
64871,22,42,MP,All B are C/All A are B,2,All B are C,All A are B,2.3,both,True
64871,23,62,AC,All B are C/All A are C,3,All B are C,All A are C,2.45,both,True
64871,24,47,AC,All B are C/All A are C,3,All B are C,All A are C,2.45,both,True
64871,25,87,DA,All B are C/No A are B,4,All B are C,No A are B,4.2,both,True
64871,26,104,DA,All B are C/No A are B,4,All B are C,No A are B,4.2,both,True
64871,27,41,MP,All B are C/All A are B,2,All B are C,All A are B,2.3,both,True
64871,28,84,MT,All B are C/No A are C,1,All B are C,No A are C,2.0,both,True
64871,29,97,MT,All B are C/No A are C,1,All B are C,No A are C,2.0,both,True
64871,30,44,DA,All B are C/No A are B,4,All B are C,No A are B,4.2,both,True
64871,31,92,MT,All B are C/No A are C,1,All B are C,No A are C,2.0,both,True
64871,32,14,MT,All B are C/No A are C,1,All B are C,No A are C,2.0,both,True
64871,33,1,MT,All B are C/No A are C,1,All B are C,No A are C,2.0,both,True
64871,34,33,MT,All B are C/No A are C,1,All B are C,No A are C,2.0,both,True
64871,35,59,AC,All B are C/All A are C,3,All B are C,All A are C,2.45,both,True
64871,36,53,DA,All B are C/No A are B,4,All B are C,No A are B,4.2,both,True
64871,37,12,MP,All B are C/All A are B,2,All B are C,All A are B,2.3,both,True
64871,38,40,MP,All B are C/All A are B,2,All B are C,All A are B,2.3,both,True
64871,39,95,MP,All B are C/All A are B,2,All B are C,All A are B,2.3,both,True
64871,40,25,AC,All B are C/All A are C,3,All B are C,All A are C,2.45,both,True
64871,41,109,MP,All B are C/All A are B,2,All B are C,All A are B,2.3,both,True
64871,42,86,MP,All B are C/All A are B,2,All B are C,All A are B,2.3,both,True
64871,43,117,AC,All B are C/All A are C,3,All B are C,All A are C,2.45,both,True
64871,44,126,MT,All B are C/No A are C,1,All B are C,No A are C,2.0,both,True
64871,45,21,AC,All B are C/All A are C,3,All B are C,All A are C,2.45,both,True
64871,46,89,DA,All B are C/No A are B,4,All B are C,No A are B,4.2,both,True
64871,47,55,MP,All B are C/All A are B,2,All B are C,All A are B,2.3,both,True
64871,48,94,MP,All B are C/All A are B,2,All B are C,All A are B,2.3,both,True
64871,49,119,AC,All B are C/All A are C,3,All B are C,All A are C,2.45,both,True
64871,50,52,MP,All B are C/All A are B,2,All B are C,All A are B,2.3,both,True
64871,51,70,MT,All B are C/No A are C,1,All B are C,No A are C,2.0,both,True
64871,52,11,MP,All B are C/All A are B,2,All B are C,All A are B,2.3,both,True
64871,53,39,MP,All B are C/All A are B,2,All B are C,All A are B,2.3,both,True
64871,54,45,DA,All B are C/No A are B,4,All B are C,No A are B,4.2,both,True
64871,55,71,MT,All B are C/No A are C,1,All B are C,No A are C,2.0,both,True
64871,56,85,MP,All B are C/All A are B,2,All B are C,All A are B,2.3,both,True
64871,57,61,AC,All B are C/All A are C,3,All B are C,All A are C,2.45,both,True
64871,58,19,AC,All B are C/All A are C,3,All B are C,All A are C,2.45,both,True
64871,59,118,AC,All B are C/All A are C,3,All B are C,All A are C,2.45,both,True
64871,60,30,MT,All B are C/No A are C,1,All B are C,No A are C,2.0,both,True
64871,61,37,MT,All B are C/No A are C,1,All B are C,No A are C,2.0,both,True
64871,62,74,DA,All B are C/No A are B,4,All B are C,No A are B,4.2,both,True
64871,63,108,DA,All B are C/No A are B,4,All B are C,No A are B,4.2,both,True
64871,64,38,DA,All B are C/No A are B,4,All B are C,No A are B,4.2,both,True
64882,1,8,AC,All B are C/All A are C,3,All B are C,All A are C,2.1,both,True
64882,2,100,MT,All B are C/No A are C,1,All B are C,No A are C,2.0,both,True
64882,3,32,MT,All B are C/No A are C,1,All B are C,No A are C,2.0,both,True
64882,4,111,MP,All B are C/All A are B,2,All B are C,All A are B,2.0,both,True
64882,5,76,MT,All B are C/No A are C,1,All B are C,No A are C,2.0,both,True
64882,6,5,MT,All B are C/No A are C,1,All B are C,No A are C,2.0,both,True
64882,7,90,MT,All B are C/No A are C,1,All B are C,No A are C,2.0,both,True
64882,8,16,DA,All B are C/No A are B,4,All B are C,No A are B,2.75,both,True
64882,9,49,AC,All B are C/All A are C,3,All B are C,All A are C,2.1,both,True
64882,10,18,AC,All B are C/All A are C,3,All B are C,All A are C,2.1,both,True
64882,11,29,MT,All B are C/No A are C,1,All B are C,No A are C,2.0,both,True
64882,12,23,AC,All B are C/All A are C,3,All B are C,All A are C,2.1,both,True
64882,13,28,DA,All B are C/No A are B,4,All B are C,No A are B,2.75,both,True
64882,14,17,MP,All B are C/All A are B,2,All B are C,All A are B,2.0,both,True
64882,15,91,DA,All B are C/No A are B,4,All B are C,No A are B,2.75,both,True
64882,16,69,DA,All B are C/No A are B,4,All B are C,No A are B,2.75,both,True
64882,17,120,MP,All B are C/All A are B,2,All B are C,All A are B,2.0,both,True
64882,18,66,MT,All B are C/No A are C,1,All B are C,No A are C,2.0,both,True
64882,19,36,DA,All B are C/No A are B,4,All B are C,No A are B,2.75,both,True
64882,20,22,MP,All B are C/All A are B,2,All B are C,All A are B,2.0,both,True
64882,21,68,MT,All B are C/No A are C,1,All B are C,No A are C,2.0,both,True
64882,22,48,MP,All B are C/All A are B,2,All B are C,All A are B,2.0,both,True
64882,23,50,MP,All B are C/All A are B,2,All B are C,All A are B,2.0,both,True
64882,24,31,MP,All B are C/All A are B,2,All B are C,All A are B,2.0,both,True
64882,25,113,MP,All B are C/All A are B,2,All B are C,All A are B,2.0,both,True
64882,26,51,MT,All B are C/No A are C,1,All B are C,No A are C,2.0,both,True
64882,27,121,AC,All B are C/All A are C,3,All B are C,All A are C,2.1,both,True
64882,28,72,DA,All B are C/No A are B,4,All B are C,No A are B,2.75,both,True
64882,29,64,MP,All B are C/All A are B,2,All B are C,All A are B,2.0,both,True
64882,30,79,DA,All B are C/No A are B,4,All B are C,No A are B,2.75,both,True
64882,31,116,AC,All B are C/All A are C,3,All B are C,All A are C,2.1,both,True
64882,32,73,MT,All B are C/No A are C,1,All B are C,No A are C,2.0,both,True
64882,33,20,AC,All B are C/All A are C,3,All B are C,All A are C,2.1,both,True
64882,34,26,MP,All B are C/All A are B,2,All B are C,All A are B,2.0,both,True
64882,35,114,AC,All B are C/All A are C,3,All B are C,All A are C,2.1,both,True
64882,36,102,AC,All B are C/All A are C,3,All B are C,All A are C,2.1,both,True
64882,37,7,MP,All B are C/All A are B,2,All B are C,All A are B,2.0,both,True
64882,38,80,AC,All B are C/All A are C,3,All B are C,All A are C,2.1,both,True
64882,39,110,DA,All B are C/No A are B,4,All B are C,No A are B,2.75,both,True
64882,40,81,MP,All B are C/All A are B,2,All B are C,All A are B,2.0,both,True
64882,41,6,DA,All B are C/No A are B,4,All B are C,No A are B,2.75,both,True
64882,42,112,MP,All B are C/All A are B,2,All B are C,All A are B,2.0,both,True
64882,43,27,AC,All B are C/All A are C,3,All B are C,All A are C,2.1,both,True
64882,44,3,MT,All B are C/No A are C,1,All B are C,No A are C,2.0,both,True
64882,45,35,MT,All B are C/No A are C,1,All B are C,No A are C,2.0,both,True
64882,46,101,MP,All B are C/All A are B,2,All B are C,All A are B,2.0,both,True
64882,47,123,DA,All B are C/No A are B,4,All B are C,No A are B,2.75,both,True
64882,48,106,MT,All B are C/No A are C,1,All B are C,No A are C,2.0,both,True
64882,49,67,DA,All B are C/No A are B,4,All B are C,No A are B,2.75,both,True
64882,50,60,AC,All B are C/All A are C,3,All B are C,All A are C,2.1,both,True
64882,51,2,DA,All B are C/No A are B,4,All B are C,No A are B,2.75,both,True
64882,52,58,DA,All B are C/No A are B,4,All B are C,No A are B,2.75,both,True
64882,53,99,AC,All B are C/All A are C,3,All B are C,All A are C,2.1,both,True
64882,54,75,DA,All B are C/No A are B,4,All B are C,No A are B,2.75,both,True
64882,55,125,MT,All B are C/No A are C,1,All B are C,No A are C,2.0,both,True
64882,56,15,MT,All B are C/No A are C,1,All B are C,No A are C,2.0,both,True
64882,57,124,AC,All B are C/All A are C,3,All B are C,All A are C,2.1,both,True
64882,58,115,MP,All B are C/All A are B,2,All B are C,All A are B,2.0,both,True
64882,59,105,DA,All B are C/No A are B,4,All B are C,No A are B,2.75,both,True
64882,60,13,MP,All B are C/All A are B,2,All B are C,All A are B,2.0,both,True
64882,61,82,DA,All B are C/No A are B,4,All B are C,No A are B,2.75,both,True
64882,62,57,AC,All B are C/All A are C,3,All B are C,All A are C,2.1,both,True
64882,63,63,AC,All B are C/All A are C,3,All B are C,All A are C,2.1,both,True
64882,64,83,MT,All B are C/No A are C,1,All B are C,No A are C,2.0,both,True
64888,1,55,MP,All B are C/All A are B,2,All B are C,All A are B,2.75,both,True
64888,2,61,AC,All B are C/All A are C,3,All B are C,All A are C,2.85,both,True
64888,3,43,MP,All B are C/All A are B,2,All B are C,All A are B,2.75,both,True
64888,4,127,DA,All B are C/No A are B,4,All B are C,No A are B,6.65,both,True
64888,5,39,MP,All B are C/All A are B,2,All B are C,All A are B,2.75,both,True
64888,6,52,MP,All B are C/All A are B,2,All B are C,All A are B,2.75,both,True
64888,7,1,MT,All B are C/No A are C,1,All B are C,No A are C,2.0,both,True
64888,8,24,AC,All B are C/All A are C,3,All B are C,All A are C,2.85,both,True
64888,9,25,AC,All B are C/All A are C,3,All B are C,All A are C,2.85,both,True
64888,10,107,MT,All B are C/No A are C,1,All B are C,No A are C,2.0,both,True
64888,11,59,AC,All B are C/All A are C,3,All B are C,All A are C,2.85,both,True
64888,12,11,MP,All B are C/All A are B,2,All B are C,All A are B,2.75,both,True
64888,13,56,MP,All B are C/All A are B,2,All B are C,All A are B,2.75,both,True
64888,14,77,MT,All B are C/No A are C,1,All B are C,No A are C,2.0,both,True
64888,15,40,MP,All B are C/All A are B,2,All B are C,All A are B,2.75,both,True
64888,16,19,AC,All B are C/All A are C,3,All B are C,All A are C,2.85,both,True
64888,17,41,MP,All B are C/All A are B,2,All B are C,All A are B,2.75,both,True
64888,18,108,DA,All B are C/No A are B,4,All B are C,No A are B,6.65,both,True
64888,19,46,MT,All B are C/No A are C,1,All B are C,No A are C,2.0,both,True
64888,20,128,DA,All B are C/No A are B,4,All B are C,No A are B,6.65,both,True
64888,21,47,AC,All B are C/All A are C,3,All B are C,All A are C,2.85,both,True
64888,22,122,AC,All B are C/All A are C,3,All B are C,All A are C,2.85,both,True
64888,23,33,MT,All B are C/No A are C,1,All B are C,No A are C,2.0,both,True
64888,24,118,AC,All B are C/All A are C,3,All B are C,All A are C,2.85,both,True
64888,25,109,MP,All B are C/All A are B,2,All B are C,All A are B,2.75,both,True
64888,26,4,MT,All B are C/No A are C,1,All B are C,No A are C,2.0,both,True
64888,27,97,MT,All B are C/No A are C,1,All B are C,No A are C,2.0,both,True
64888,28,21,AC,All B are C/All A are C,3,All B are C,All A are C,2.85,both,True
64888,29,96,DA,All B are C/No A are B,4,All B are C,No A are B,6.65,both,True
64888,30,92,MT,All B are C/No A are C,1,All B are C,No A are C,2.0,both,True
64888,31,94,MP,All B are C/All A are B,2,All B are C,All A are B,2.75,both,True
64888,32,38,DA,All B are C/No A are B,4,All B are C,No A are B,6.65,both,True
64888,33,54,DA,All B are C/No A are B,4,All B are C,No A are B,6.65,both,True
64888,34,34,MP,All B are C/All A are B,2,All B are C,All A are B,2.75,both,True
64888,35,88,DA,All B are C/No A are B,4,All B are C,No A are B,6.65,both,True
64888,36,95,MP,All B are C/All A are B,2,All B are C,All A are B,2.75,both,True
64888,37,104,DA,All B are C/No A are B,4,All B are C,No A are B,6.65,both,True
64888,38,84,MT,All B are C/No A are C,1,All B are C,No A are C,2.0,both,True
64888,39,14,MT,All B are C/No A are C,1,All B are C,No A are C,2.0,both,True
64888,40,30,MT,All B are C/No A are C,1,All B are C,No A are C,2.0,both,True
64888,41,98,AC,All B are C/All A are C,3,All B are C,All A are C,2.85,both,True
64888,42,86,MP,All B are C/All A are B,2,All B are C,All A are B,2.75,both,True
64888,43,126,MT,All B are C/No A are C,1,All B are C,No A are C,2.0,both,True
64888,44,65,MT,All B are C/No A are C,1,All B are C,No A are C,2.0,both,True
64888,45,117,AC,All B are C/All A are C,3,All B are C,All A are C,2.85,both,True
64888,46,44,DA,All B are C/No A are B,4,All B are C,No A are B,6.65,both,True
64888,47,10,DA,All B are C/No A are B,4,All B are C,No A are B,6.65,both,True
64888,48,103,AC,All B are C/All A are C,3,All B are C,All A are C,2.85,both,True
64888,49,78,AC,All B are C/All A are C,3,All B are C,All A are C,2.85,both,True
64888,50,71,MT,All B are C/No A are C,1,All B are C,No A are C,2.0,both,True
64888,51,85,MP,All B are C/All A are B,2,All B are C,All A are B,2.75,both,True
64888,52,37,MT,All B are C/No A are C,1,All B are C,No A are C,2.0,both,True
64888,53,62,AC,All B are C/All A are C,3,All B are C,All A are C,2.85,both,True
64888,54,53,DA,All B are C/No A are B,4,All B are C,No A are B,6.65,both,True
64888,55,93,DA,All B are C/No A are B,4,All B are C,No A are B,6.65,both,True
64888,56,12,MP,All B are C/All A are B,2,All B are C,All A are B,2.75,both,True
64888,57,9,AC,All B are C/All A are C,3,All B are C,All A are C,2.85,both,True
64888,58,87,DA,All B are C/No A are B,4,All B are C,No A are B,6.65,both,True
64888,59,42,MP,All B are C/All A are B,2,All B are C,All A are B,2.75,both,True
64888,60,70,MT,All B are C/No A are C,1,All B are C,No A are C,2.0,both,True
64888,61,74,DA,All B are C/No A are B,4,All B are C,No A are B,6.65,both,True
64888,62,45,DA,All B are C/No A are B,4,All B are C,No A are B,6.65,both,True
64888,63,89,DA,All B are C/No A are B,4,All B are C,No A are B,6.65,both,True
64888,64,119,AC,All B are C/All A are C,3,All B are C,All A are C,2.85,both,True
64890,1,11,MP,All B are C/All A are B,2,All B are C,All A are B,2.3,both,True
64890,2,52,MP,All B are C/All A are B,2,All B are C,All A are B,2.3,both,True
64890,3,25,AC,All B are C/All A are C,3,All B are C,All A are C,2.45,both,True
64890,4,55,MP,All B are C/All A are B,2,All B are C,All A are B,2.3,both,True
64890,5,47,AC,All B are C/All A are C,3,All B are C,All A are C,2.45,both,True
64890,6,92,MT,All B are C/No A are C,1,All B are C,No A are C,2.0,both,True
64890,7,95,MP,All B are C/All A are B,2,All B are C,All A are B,2.3,both,True
64890,8,24,AC,All B are C/All A are C,3,All B are C,All A are C,2.45,both,True
64890,9,70,MT,All B are C/No A are C,1,All B are C,No A are C,2.0,both,True
64890,10,42,MP,All B are C/All A are B,2,All B are C,All A are B,2.3,both,True
64890,11,119,AC,All B are C/All A are C,3,All B are C,All A are C,2.45,both,True
64890,12,34,MP,All B are C/All A are B,2,All B are C,All A are B,2.3,both,True
64890,13,97,MT,All B are C/No A are C,1,All B are C,No A are C,2.0,both,True
64890,14,41,MP,All B are C/All A are B,2,All B are C,All A are B,2.3,both,True
64890,15,65,MT,All B are C/No A are C,1,All B are C,No A are C,2.0,both,True
64890,16,33,MT,All B are C/No A are C,1,All B are C,No A are C,2.0,both,True
64890,17,43,MP,All B are C/All A are B,2,All B are C,All A are B,2.3,both,True
64890,18,46,MT,All B are C/No A are C,1,All B are C,No A are C,2.0,both,True
64890,19,56,MP,All B are C/All A are B,2,All B are C,All A are B,2.3,both,True
64890,20,77,MT,All B are C/No A are C,1,All B are C,No A are C,2.0,both,True
64890,21,108,DA,All B are C/No A are B,4,All B are C,No A are B,4.2,both,True
64890,22,30,MT,All B are C/No A are C,1,All B are C,No A are C,2.0,both,True
64890,23,103,AC,All B are C/All A are C,3,All B are C,All A are C,2.45,both,True
64890,24,96,DA,All B are C/No A are B,4,All B are C,No A are B,4.2,both,True
64890,25,104,DA,All B are C/No A are B,4,All B are C,No A are B,4.2,both,True
64890,26,37,MT,All B are C/No A are C,1,All B are C,No A are C,2.0,both,True
64890,27,38,DA,All B are C/No A are B,4,All B are C,No A are B,4.2,both,True
64890,28,117,AC,All B are C/All A are C,3,All B are C,All A are C,2.45,both,True
64890,29,85,MP,All B are C/All A are B,2,All B are C,All A are B,2.3,both,True
64890,30,128,DA,All B are C/No A are B,4,All B are C,No A are B,4.2,both,True
64890,31,61,AC,All B are C/All A are C,3,All B are C,All A are C,2.45,both,True
64890,32,88,DA,All B are C/No A are B,4,All B are C,No A are B,4.2,both,True
64890,33,87,DA,All B are C/No A are B,4,All B are C,No A are B,4.2,both,True
64890,34,126,MT,All B are C/No A are C,1,All B are C,No A are C,2.0,both,True
64890,35,53,DA,All B are C/No A are B,4,All B are C,No A are B,4.2,both,True
64890,36,14,MT,All B are C/No A are C,1,All B are C,No A are C,2.0,both,True
64890,37,78,AC,All B are C/All A are C,3,All B are C,All A are C,2.45,both,True
64890,38,54,DA,All B are C/No A are B,4,All B are C,No A are B,4.2,both,True
64890,39,71,MT,All B are C/No A are C,1,All B are C,No A are C,2.0,both,True
64890,40,12,MP,All B are C/All A are B,2,All B are C,All A are B,2.3,both,True
64890,41,109,MP,All B are C/All A are B,2,All B are C,All A are B,2.3,both,True
64890,42,89,DA,All B are C/No A are B,4,All B are C,No A are B,4.2,both,True
64890,43,1,MT,All B are C/No A are C,1,All B are C,No A are C,2.0,both,True
64890,44,84,MT,All B are C/No A are C,1,All B are C,No A are C,2.0,both,True
64890,45,39,MP,All B are C/All A are B,2,All B are C,All A are B,2.3,both,True
64890,46,44,DA,All B are C/No A are B,4,All B are C,No A are B,4.2,both,True
64890,47,107,MT,All B are C/No A are C,1,All B are C,No A are C,2.0,both,True
64890,48,10,DA,All B are C/No A are B,4,All B are C,No A are B,4.2,both,True
64890,49,21,AC,All B are C/All A are C,3,All B are C,All A are C,2.45,both,True
64890,50,98,AC,All B are C/All A are C,3,All B are C,All A are C,2.45,both,True
64890,51,94,MP,All B are C/All A are B,2,All B are C,All A are B,2.3,both,True
64890,52,62,AC,All B are C/All A are C,3,All B are C,All A are C,2.45,both,True
64890,53,93,DA,All B are C/No A are B,4,All B are C,No A are B,4.2,both,True
64890,54,45,DA,All B are C/No A are B,4,All B are C,No A are B,4.2,both,True
64890,55,118,AC,All B are C/All A are C,3,All B are C,All A are C,2.45,both,True
64890,56,4,MT,All B are C/No A are C,1,All B are C,No A are C,2.0,both,True
64890,57,9,AC,All B are C/All A are C,3,All B are C,All A are C,2.45,both,True
64890,58,122,AC,All B are C/All A are C,3,All B are C,All A are C,2.45,both,True
64890,59,74,DA,All B are C/No A are B,4,All B are C,No A are B,4.2,both,True
64890,60,40,MP,All B are C/All A are B,2,All B are C,All A are B,2.3,both,True
64890,61,59,AC,All B are C/All A are C,3,All B are C,All A are C,2.45,both,True
64890,62,86,MP,All B are C/All A are B,2,All B are C,All A are B,2.3,both,True
64890,63,19,AC,All B are C/All A are C,3,All B are C,All A are C,2.45,both,True
64890,64,127,DA,All B are C/No A are B,4,All B are C,No A are B,4.2,both,True
64919,1,5,MT,All B are C/No A are C,1,All B are C,No A are C,2.0,both,True
64919,2,31,MP,All B are C/All A are B,2,All B are C,All A are B,2.75,both,True
64919,3,15,MT,All B are C/No A are C,1,All B are C,No A are C,2.0,both,True
64919,4,99,AC,All B are C/All A are C,3,All B are C,All A are C,2.85,both,True
64919,5,112,MP,All B are C/All A are B,2,All B are C,All A are B,2.75,both,True
64919,6,7,MP,All B are C/All A are B,2,All B are C,All A are B,2.75,both,True
64919,7,125,MT,All B are C/No A are C,1,All B are C,No A are C,2.0,both,True
64919,8,68,MT,All B are C/No A are C,1,All B are C,No A are C,2.0,both,True
64919,9,105,DA,All B are C/No A are B,4,All B are C,No A are B,6.65,both,True
64919,10,123,DA,All B are C/No A are B,4,All B are C,No A are B,6.65,both,True
64919,11,114,AC,All B are C/All A are C,3,All B are C,All A are C,2.85,both,True
64919,12,28,DA,All B are C/No A are B,4,All B are C,No A are B,6.65,both,True
64919,13,51,MT,All B are C/No A are C,1,All B are C,No A are C,2.0,both,True
64919,14,113,MP,All B are C/All A are B,2,All B are C,All A are B,2.75,both,True
64919,15,63,AC,All B are C/All A are C,3,All B are C,All A are C,2.85,both,True
64919,16,29,MT,All B are C/No A are C,1,All B are C,No A are C,2.0,both,True
64919,17,50,MP,All B are C/All A are B,2,All B are C,All A are B,2.75,both,True
64919,18,80,AC,All B are C/All A are C,3,All B are C,All A are C,2.85,both,True
64919,19,72,DA,All B are C/No A are B,4,All B are C,No A are B,6.65,both,True
64919,20,17,MP,All B are C/All A are B,2,All B are C,All A are B,2.75,both,True
64919,21,106,MT,All B are C/No A are C,1,All B are C,No A are C,2.0,both,True
64919,22,91,DA,All B are C/No A are B,4,All B are C,No A are B,6.65,both,True
64919,23,16,DA,All B are C/No A are B,4,All B are C,No A are B,6.65,both,True
64919,24,90,MT,All B are C/No A are C,1,All B are C,No A are C,2.0,both,True
64919,25,111,MP,All B are C/All A are B,2,All B are C,All A are B,2.75,both,True
64919,26,36,DA,All B are C/No A are B,4,All B are C,No A are B,6.65,both,True
64919,27,64,MP,All B are C/All A are B,2,All B are C,All A are B,2.75,both,True
64919,28,102,AC,All B are C/All A are C,3,All B are C,All A are C,2.85,both,True
64919,29,58,DA,All B are C/No A are B,4,All B are C,No A are B,6.65,both,True
64919,30,49,AC,All B are C/All A are C,3,All B are C,All A are C,2.85,both,True
64919,31,76,MT,All B are C/No A are C,1,All B are C,No A are C,2.0,both,True
64919,32,60,AC,All B are C/All A are C,3,All B are C,All A are C,2.85,both,True
64919,33,26,MP,All B are C/All A are B,2,All B are C,All A are B,2.75,both,True
64919,34,13,MP,All B are C/All A are B,2,All B are C,All A are B,2.75,both,True
64919,35,6,DA,All B are C/No A are B,4,All B are C,No A are B,6.65,both,True
64919,36,67,DA,All B are C/No A are B,4,All B are C,No A are B,6.65,both,True
64919,37,116,AC,All B are C/All A are C,3,All B are C,All A are C,2.85,both,True
64919,38,81,MP,All B are C/All A are B,2,All B are C,All A are B,2.75,both,True
64919,39,66,MT,All B are C/No A are C,1,All B are C,No A are C,2.0,both,True
64919,40,2,DA,All B are C/No A are B,4,All B are C,No A are B,6.65,both,True
64919,41,83,MT,All B are C/No A are C,1,All B are C,No A are C,2.0,both,True
64919,42,69,DA,All B are C/No A are B,4,All B are C,No A are B,6.65,both,True
64919,43,18,AC,All B are C/All A are C,3,All B are C,All A are C,2.85,both,True
64919,44,79,DA,All B are C/No A are B,4,All B are C,No A are B,6.65,both,True
64919,45,48,MP,All B are C/All A are B,2,All B are C,All A are B,2.75,both,True
64919,46,121,AC,All B are C/All A are C,3,All B are C,All A are C,2.85,both,True
64919,47,73,MT,All B are C/No A are C,1,All B are C,No A are C,2.0,both,True
64919,48,57,AC,All B are C/All A are C,3,All B are C,All A are C,2.85,both,True
64919,49,100,MT,All B are C/No A are C,1,All B are C,No A are C,2.0,both,True
64919,50,8,AC,All B are C/All A are C,3,All B are C,All A are C,2.85,both,True
64919,51,27,AC,All B are C/All A are C,3,All B are C,All A are C,2.85,both,True
64919,52,124,AC,All B are C/All A are C,3,All B are C,All A are C,2.85,both,True
64919,53,110,DA,All B are C/No A are B,4,All B are C,No A are B,6.65,both,True
64919,54,75,DA,All B are C/No A are B,4,All B are C,No A are B,6.65,both,True
64919,55,22,MP,All B are C/All A are B,2,All B are C,All A are B,2.75,both,True
64919,56,3,MT,All B are C/No A are C,1,All B are C,No A are C,2.0,both,True
64919,57,82,DA,All B are C/No A are B,4,All B are C,No A are B,6.65,both,True
64919,58,32,MT,All B are C/No A are C,1,All B are C,No A are C,2.0,both,True
64919,59,120,MP,All B are C/All A are B,2,All B are C,All A are B,2.75,both,True
64919,60,35,MT,All B are C/No A are C,1,All B are C,No A are C,2.0,both,True
64919,61,115,MP,All B are C/All A are B,2,All B are C,All A are B,2.75,both,True
64919,62,23,AC,All B are C/All A are C,3,All B are C,All A are C,2.85,both,True
64919,63,20,AC,All B are C/All A are C,3,All B are C,All A are C,2.85,both,True
64919,64,101,MP,All B are C/All A are B,2,All B are C,All A are B,2.75,both,True
64923,1,45,DA,All B are C/No A are B,4,All B are C,No A are B,4.2,both,True
64923,2,128,DA,All B are C/No A are B,4,All B are C,No A are B,4.2,both,True
64923,3,93,DA,All B are C/No A are B,4,All B are C,No A are B,4.2,both,True
64923,4,30,MT,All B are C/No A are C,1,All B are C,No A are C,2.0,both,True
64923,5,52,MP,All B are C/All A are B,2,All B are C,All A are B,2.3,both,True
64923,6,84,MT,All B are C/No A are C,1,All B are C,No A are C,2.0,both,True
64923,7,117,AC,All B are C/All A are C,3,All B are C,All A are C,2.45,both,True
64923,8,38,DA,All B are C/No A are B,4,All B are C,No A are B,4.2,both,True
64923,9,43,MP,All B are C/All A are B,2,All B are C,All A are B,2.3,both,True
64923,10,42,MP,All B are C/All A are B,2,All B are C,All A are B,2.3,both,True
64923,11,62,AC,All B are C/All A are C,3,All B are C,All A are C,2.45,both,True
64923,12,4,MT,All B are C/No A are C,1,All B are C,No A are C,2.0,both,True
64923,13,108,DA,All B are C/No A are B,4,All B are C,No A are B,4.2,both,True
64923,14,10,DA,All B are C/No A are B,4,All B are C,No A are B,4.2,both,True
64923,15,44,DA,All B are C/No A are B,4,All B are C,No A are B,4.2,both,True
64923,16,78,AC,All B are C/All A are C,3,All B are C,All A are C,2.45,both,True
64923,17,109,MP,All B are C/All A are B,2,All B are C,All A are B,2.3,both,True
64923,18,87,DA,All B are C/No A are B,4,All B are C,No A are B,4.2,both,True
64923,19,21,AC,All B are C/All A are C,3,All B are C,All A are C,2.45,both,True
64923,20,95,MP,All B are C/All A are B,2,All B are C,All A are B,2.3,both,True
64923,21,103,AC,All B are C/All A are C,3,All B are C,All A are C,2.45,both,True
64923,22,61,AC,All B are C/All A are C,3,All B are C,All A are C,2.45,both,True
64923,23,33,MT,All B are C/No A are C,1,All B are C,No A are C,2.0,both,True
64923,24,59,AC,All B are C/All A are C,3,All B are C,All A are C,2.45,both,True
64923,25,39,MP,All B are C/All A are B,2,All B are C,All A are B,2.3,both,True
64923,26,86,MP,All B are C/All A are B,2,All B are C,All A are B,2.3,both,True
64923,27,55,MP,All B are C/All A are B,2,All B are C,All A are B,2.3,both,True
64923,28,9,AC,All B are C/All A are C,3,All B are C,All A are C,2.45,both,True
64923,29,97,MT,All B are C/No A are C,1,All B are C,No A are C,2.0,both,True
64923,30,53,DA,All B are C/No A are B,4,All B are C,No A are B,4.2,both,True
64923,31,37,MT,All B are C/No A are C,1,All B are C,No A are C,2.0,both,True
64923,32,54,DA,All B are C/No A are B,4,All B are C,No A are B,4.2,both,True
64923,33,94,MP,All B are C/All A are B,2,All B are C,All A are B,2.3,both,True
64923,34,89,DA,All B are C/No A are B,4,All B are C,No A are B,4.2,both,True
64923,35,119,AC,All B are C/All A are C,3,All B are C,All A are C,2.45,both,True
64923,36,98,AC,All B are C/All A are C,3,All B are C,All A are C,2.45,both,True
64923,37,104,DA,All B are C/No A are B,4,All B are C,No A are B,4.2,both,True
64923,38,127,DA,All B are C/No A are B,4,All B are C,No A are B,4.2,both,True
64923,39,85,MP,All B are C/All A are B,2,All B are C,All A are B,2.3,both,True
64923,40,24,AC,All B are C/All A are C,3,All B are C,All A are C,2.45,both,True
64923,41,34,MP,All B are C/All A are B,2,All B are C,All A are B,2.3,both,True
64923,42,40,MP,All B are C/All A are B,2,All B are C,All A are B,2.3,both,True
64923,43,70,MT,All B are C/No A are C,1,All B are C,No A are C,2.0,both,True
64923,44,77,MT,All B are C/No A are C,1,All B are C,No A are C,2.0,both,True
64923,45,46,MT,All B are C/No A are C,1,All B are C,No A are C,2.0,both,True
64923,46,71,MT,All B are C/No A are C,1,All B are C,No A are C,2.0,both,True
64923,47,19,AC,All B are C/All A are C,3,All B are C,All A are C,2.45,both,True
64923,48,11,MP,All B are C/All A are B,2,All B are C,All A are B,2.3,both,True
64923,49,122,AC,All B are C/All A are C,3,All B are C,All A are C,2.45,both,True
64923,50,41,MP,All B are C/All A are B,2,All B are C,All A are B,2.3,both,True
64923,51,65,MT,All B are C/No A are C,1,All B are C,No A are C,2.0,both,True
64923,52,47,AC,All B are C/All A are C,3,All B are C,All A are C,2.45,both,True
64923,53,56,MP,All B are C/All A are B,2,All B are C,All A are B,2.3,both,True
64923,54,1,MT,All B are C/No A are C,1,All B are C,No A are C,2.0,both,True
64923,55,88,DA,All B are C/No A are B,4,All B are C,No A are B,4.2,both,True
64923,56,25,AC,All B are C/All A are C,3,All B are C,All A are C,2.45,both,True
64923,57,96,DA,All B are C/No A are B,4,All B are C,No A are B,4.2,both,True
64923,58,118,AC,All B are C/All A are C,3,All B are C,All A are C,2.45,both,True
64923,59,126,MT,All B are C/No A are C,1,All B are C,No A are C,2.0,both,True
64923,60,74,DA,All B are C/No A are B,4,All B are C,No A are B,4.2,both,True
64923,61,92,MT,All B are C/No A are C,1,All B are C,No A are C,2.0,both,True
64923,62,107,MT,All B are C/No A are C,1,All B are C,No A are C,2.0,both,True
64923,63,14,MT,All B are C/No A are C,1,All B are C,No A are C,2.0,both,True
64923,64,12,MP,All B are C/All A are B,2,All B are C,All A are B,2.3,both,True
64926,1,69,DA,All B are C/No A are B,4,All B are C,No A are B,4.7,both,True
64926,2,68,MT,All B are C/No A are C,1,All B are C,No A are C,2.0,both,True
64926,3,29,MT,All B are C/No A are C,1,All B are C,No A are C,2.0,both,True
64926,4,110,DA,All B are C/No A are B,4,All B are C,No A are B,4.7,both,True
64926,5,116,AC,All B are C/All A are C,3,All B are C,All A are C,2.5,both,True
64926,6,99,AC,All B are C/All A are C,3,All B are C,All A are C,2.5,both,True
64926,7,80,AC,All B are C/All A are C,3,All B are C,All A are C,2.5,both,True
64926,8,82,DA,All B are C/No A are B,4,All B are C,No A are B,4.7,both,True
64926,9,31,MP,All B are C/All A are B,2,All B are C,All A are B,2.35,both,True
64926,10,36,DA,All B are C/No A are B,4,All B are C,No A are B,4.7,both,True
64926,11,60,AC,All B are C/All A are C,3,All B are C,All A are C,2.5,both,True
64926,12,76,MT,All B are C/No A are C,1,All B are C,No A are C,2.0,both,True
64926,13,2,DA,All B are C/No A are B,4,All B are C,No A are B,4.7,both,True
64926,14,50,MP,All B are C/All A are B,2,All B are C,All A are B,2.35,both,True
64926,15,5,MT,All B are C/No A are C,1,All B are C,No A are C,2.0,both,True
64926,16,72,DA,All B are C/No A are B,4,All B are C,No A are B,4.7,both,True
64926,17,112,MP,All B are C/All A are B,2,All B are C,All A are B,2.35,both,True
64926,18,18,AC,All B are C/All A are C,3,All B are C,All A are C,2.5,both,True
64926,19,114,AC,All B are C/All A are C,3,All B are C,All A are C,2.5,both,True
64926,20,105,DA,All B are C/No A are B,4,All B are C,No A are B,4.7,both,True
64926,21,51,MT,All B are C/No A are C,1,All B are C,No A are C,2.0,both,True
64926,22,106,MT,All B are C/No A are C,1,All B are C,No A are C,2.0,both,True
64926,23,15,MT,All B are C/No A are C,1,All B are C,No A are C,2.0,both,True
64926,24,101,MP,All B are C/All A are B,2,All B are C,All A are B,2.35,both,True
64926,25,123,DA,All B are C/No A are B,4,All B are C,No A are B,4.7,both,True
64926,26,121,AC,All B are C/All A are C,3,All B are C,All A are C,2.5,both,True
64926,27,32,MT,All B are C/No A are C,1,All B are C,No A are C,2.0,both,True
64926,28,81,MP,All B are C/All A are B,2,All B are C,All A are B,2.35,both,True
64926,29,64,MP,All B are C/All A are B,2,All B are C,All A are B,2.35,both,True
64926,30,111,MP,All B are C/All A are B,2,All B are C,All A are B,2.35,both,True
64926,31,8,AC,All B are C/All A are C,3,All B are C,All A are C,2.5,both,True
64926,32,120,MP,All B are C/All A are B,2,All B are C,All A are B,2.35,both,True
64926,33,124,AC,All B are C/All A are C,3,All B are C,All A are C,2.5,both,True
64926,34,73,MT,All B are C/No A are C,1,All B are C,No A are C,2.0,both,True
64926,35,16,DA,All B are C/No A are B,4,All B are C,No A are B,4.7,both,True
64926,36,7,MP,All B are C/All A are B,2,All B are C,All A are B,2.35,both,True
64926,37,3,MT,All B are C/No A are C,1,All B are C,No A are C,2.0,both,True
64926,38,17,MP,All B are C/All A are B,2,All B are C,All A are B,2.35,both,True
64926,39,67,DA,All B are C/No A are B,4,All B are C,No A are B,4.7,both,True
64926,40,91,DA,All B are C/No A are B,4,All B are C,No A are B,4.7,both,True
64926,41,90,MT,All B are C/No A are C,1,All B are C,No A are C,2.0,both,True
64926,42,23,AC,All B are C/All A are C,3,All B are C,All A are C,2.5,both,True
64926,43,48,MP,All B are C/All A are B,2,All B are C,All A are B,2.35,both,True
64926,44,22,MP,All B are C/All A are B,2,All B are C,All A are B,2.35,both,True
64926,45,6,DA,All B are C/No A are B,4,All B are C,No A are B,4.7,both,True
64926,46,27,AC,All B are C/All A are C,3,All B are C,All A are C,2.5,both,True
64926,47,20,AC,All B are C/All A are C,3,All B are C,All A are C,2.5,both,True
64926,48,57,AC,All B are C/All A are C,3,All B are C,All A are C,2.5,both,True
64926,49,63,AC,All B are C/All A are C,3,All B are C,All A are C,2.5,both,True
64926,50,49,AC,All B are C/All A are C,3,All B are C,All A are C,2.5,both,True
64926,51,75,DA,All B are C/No A are B,4,All B are C,No A are B,4.7,both,True
64926,52,26,MP,All B are C/All A are B,2,All B are C,All A are B,2.35,both,True
64926,53,58,DA,All B are C/No A are B,4,All B are C,No A are B,4.7,both,True
64926,54,79,DA,All B are C/No A are B,4,All B are C,No A are B,4.7,both,True
64926,55,102,AC,All B are C/All A are C,3,All B are C,All A are C,2.5,both,True
64926,56,13,MP,All B are C/All A are B,2,All B are C,All A are B,2.35,both,True
64926,57,66,MT,All B are C/No A are C,1,All B are C,No A are C,2.0,both,True
64926,58,125,MT,All B are C/No A are C,1,All B are C,No A are C,2.0,both,True
64926,59,113,MP,All B are C/All A are B,2,All B are C,All A are B,2.35,both,True
64926,60,115,MP,All B are C/All A are B,2,All B are C,All A are B,2.35,both,True
64926,61,35,MT,All B are C/No A are C,1,All B are C,No A are C,2.0,both,True
64926,62,28,DA,All B are C/No A are B,4,All B are C,No A are B,4.7,both,True
64926,63,83,MT,All B are C/No A are C,1,All B are C,No A are C,2.0,both,True
64926,64,100,MT,All B are C/No A are C,1,All B are C,No A are C,2.0,both,True
64939,1,79,DA,All B are C/No A are B,4,All B are C,No A are B,2.75,both,True
64939,2,36,DA,All B are C/No A are B,4,All B are C,No A are B,2.75,both,True
64939,3,69,DA,All B are C/No A are B,4,All B are C,No A are B,2.75,both,True
64939,4,57,AC,All B are C/All A are C,3,All B are C,All A are C,2.1,both,True
64939,5,5,MT,All B are C/No A are C,1,All B are C,No A are C,2.0,both,True
64939,6,26,MP,All B are C/All A are B,2,All B are C,All A are B,2.0,both,True
64939,7,123,DA,All B are C/No A are B,4,All B are C,No A are B,2.75,both,True
64939,8,66,MT,All B are C/No A are C,1,All B are C,No A are C,2.0,both,True
64939,9,3,MT,All B are C/No A are C,1,All B are C,No A are C,2.0,both,True
64939,10,67,DA,All B are C/No A are B,4,All B are C,No A are B,2.75,both,True
64939,11,80,AC,All B are C/All A are C,3,All B are C,All A are C,2.1,both,True
64939,12,50,MP,All B are C/All A are B,2,All B are C,All A are B,2.0,both,True
64939,13,72,DA,All B are C/No A are B,4,All B are C,No A are B,2.75,both,True
64939,14,91,DA,All B are C/No A are B,4,All B are C,No A are B,2.75,both,True
64939,15,114,AC,All B are C/All A are C,3,All B are C,All A are C,2.1,both,True
64939,16,102,AC,All B are C/All A are C,3,All B are C,All A are C,2.1,both,True
64939,17,115,MP,All B are C/All A are B,2,All B are C,All A are B,2.0,both,True
64939,18,15,MT,All B are C/No A are C,1,All B are C,No A are C,2.0,both,True
64939,19,20,AC,All B are C/All A are C,3,All B are C,All A are C,2.1,both,True
64939,20,22,MP,All B are C/All A are B,2,All B are C,All A are B,2.0,both,True
64939,21,112,MP,All B are C/All A are B,2,All B are C,All A are B,2.0,both,True
64939,22,83,MT,All B are C/No A are C,1,All B are C,No A are C,2.0,both,True
64939,23,16,DA,All B are C/No A are B,4,All B are C,No A are B,2.75,both,True
64939,24,8,AC,All B are C/All A are C,3,All B are C,All A are C,2.1,both,True
64939,25,32,MT,All B are C/No A are C,1,All B are C,No A are C,2.0,both,True
64939,26,68,MT,All B are C/No A are C,1,All B are C,No A are C,2.0,both,True
64939,27,2,DA,All B are C/No A are B,4,All B are C,No A are B,2.75,both,True
64939,28,120,MP,All B are C/All A are B,2,All B are C,All A are B,2.0,both,True
64939,29,63,AC,All B are C/All A are C,3,All B are C,All A are C,2.1,both,True
64939,30,35,MT,All B are C/No A are C,1,All B are C,No A are C,2.0,both,True
64939,31,99,AC,All B are C/All A are C,3,All B are C,All A are C,2.1,both,True
64939,32,23,AC,All B are C/All A are C,3,All B are C,All A are C,2.1,both,True
64939,33,101,MP,All B are C/All A are B,2,All B are C,All A are B,2.0,both,True
64939,34,27,AC,All B are C/All A are C,3,All B are C,All A are C,2.1,both,True
64939,35,29,MT,All B are C/No A are C,1,All B are C,No A are C,2.0,both,True
64939,36,7,MP,All B are C/All A are B,2,All B are C,All A are B,2.0,both,True
64939,37,82,DA,All B are C/No A are B,4,All B are C,No A are B,2.75,both,True
64939,38,75,DA,All B are C/No A are B,4,All B are C,No A are B,2.75,both,True
64939,39,17,MP,All B are C/All A are B,2,All B are C,All A are B,2.0,both,True
64939,40,13,MP,All B are C/All A are B,2,All B are C,All A are B,2.0,both,True
64939,41,28,DA,All B are C/No A are B,4,All B are C,No A are B,2.75,both,True
64939,42,73,MT,All B are C/No A are C,1,All B are C,No A are C,2.0,both,True
64939,43,64,MP,All B are C/All A are B,2,All B are C,All A are B,2.0,both,True
64939,44,81,MP,All B are C/All A are B,2,All B are C,All A are B,2.0,both,True
64939,45,124,AC,All B are C/All A are C,3,All B are C,All A are C,2.1,both,True
64939,46,76,MT,All B are C/No A are C,1,All B are C,No A are C,2.0,both,True
64939,47,113,MP,All B are C/All A are B,2,All B are C,All A are B,2.0,both,True
64939,48,6,DA,All B are C/No A are B,4,All B are C,No A are B,2.75,both,True
64939,49,110,DA,All B are C/No A are B,4,All B are C,No A are B,2.75,both,True
64939,50,100,MT,All B are C/No A are C,1,All B are C,No A are C,2.0,both,True
64939,51,116,AC,All B are C/All A are C,3,All B are C,All A are C,2.1,both,True
64939,52,125,MT,All B are C/No A are C,1,All B are C,No A are C,2.0,both,True
64939,53,121,AC,All B are C/All A are C,3,All B are C,All A are C,2.1,both,True
64939,54,90,MT,All B are C/No A are C,1,All B are C,No A are C,2.0,both,True
64939,55,60,AC,All B are C/All A are C,3,All B are C,All A are C,2.1,both,True
64939,56,48,MP,All B are C/All A are B,2,All B are C,All A are B,2.0,both,True
64939,57,105,DA,All B are C/No A are B,4,All B are C,No A are B,2.75,both,True
64939,58,58,DA,All B are C/No A are B,4,All B are C,No A are B,2.75,both,True
64939,59,31,MP,All B are C/All A are B,2,All B are C,All A are B,2.0,both,True
64939,60,49,AC,All B are C/All A are C,3,All B are C,All A are C,2.1,both,True
64939,61,51,MT,All B are C/No A are C,1,All B are C,No A are C,2.0,both,True
64939,62,106,MT,All B are C/No A are C,1,All B are C,No A are C,2.0,both,True
64939,63,111,MP,All B are C/All A are B,2,All B are C,All A are B,2.0,both,True
64939,64,18,AC,All B are C/All A are C,3,All B are C,All A are C,2.1,both,True
64947,1,72,DA,All B are C/No A are B,4,All B are C,No A are B,2.5,both,True
64947,2,31,MP,All B are C/All A are B,2,All B are C,All A are B,2.15,both,True
64947,3,113,MP,All B are C/All A are B,2,All B are C,All A are B,2.15,both,True
64947,4,48,MP,All B are C/All A are B,2,All B are C,All A are B,2.15,both,True
64947,5,121,AC,All B are C/All A are C,3,All B are C,All A are C,2.2,both,True
64947,6,7,MP,All B are C/All A are B,2,All B are C,All A are B,2.15,both,True
64947,7,100,MT,All B are C/No A are C,1,All B are C,No A are C,2.0,both,True
64947,8,15,MT,All B are C/No A are C,1,All B are C,No A are C,2.0,both,True
64947,9,23,AC,All B are C/All A are C,3,All B are C,All A are C,2.2,both,True
64947,10,123,DA,All B are C/No A are B,4,All B are C,No A are B,2.5,both,True
64947,11,76,MT,All B are C/No A are C,1,All B are C,No A are C,2.0,both,True
64947,12,116,AC,All B are C/All A are C,3,All B are C,All A are C,2.2,both,True
64947,13,35,MT,All B are C/No A are C,1,All B are C,No A are C,2.0,both,True
64947,14,26,MP,All B are C/All A are B,2,All B are C,All A are B,2.15,both,True
64947,15,105,DA,All B are C/No A are B,4,All B are C,No A are B,2.5,both,True
64947,16,102,AC,All B are C/All A are C,3,All B are C,All A are C,2.2,both,True
64947,17,57,AC,All B are C/All A are C,3,All B are C,All A are C,2.2,both,True
64947,18,17,MP,All B are C/All A are B,2,All B are C,All A are B,2.15,both,True
64947,19,125,MT,All B are C/No A are C,1,All B are C,No A are C,2.0,both,True
64947,20,27,AC,All B are C/All A are C,3,All B are C,All A are C,2.2,both,True
64947,21,111,MP,All B are C/All A are B,2,All B are C,All A are B,2.15,both,True
64947,22,50,MP,All B are C/All A are B,2,All B are C,All A are B,2.15,both,True
64947,23,106,MT,All B are C/No A are C,1,All B are C,No A are C,2.0,both,True
64947,24,67,DA,All B are C/No A are B,4,All B are C,No A are B,2.5,both,True
64947,25,69,DA,All B are C/No A are B,4,All B are C,No A are B,2.5,both,True
64947,26,32,MT,All B are C/No A are C,1,All B are C,No A are C,2.0,both,True
64947,27,80,AC,All B are C/All A are C,3,All B are C,All A are C,2.2,both,True
64947,28,58,DA,All B are C/No A are B,4,All B are C,No A are B,2.5,both,True
64947,29,83,MT,All B are C/No A are C,1,All B are C,No A are C,2.0,both,True
64947,30,73,MT,All B are C/No A are C,1,All B are C,No A are C,2.0,both,True
64947,31,91,DA,All B are C/No A are B,4,All B are C,No A are B,2.5,both,True
64947,32,81,MP,All B are C/All A are B,2,All B are C,All A are B,2.15,both,True
64947,33,8,AC,All B are C/All A are C,3,All B are C,All A are C,2.2,both,True
64947,34,2,DA,All B are C/No A are B,4,All B are C,No A are B,2.5,both,True
64947,35,5,MT,All B are C/No A are C,1,All B are C,No A are C,2.0,both,True
64947,36,22,MP,All B are C/All A are B,2,All B are C,All A are B,2.15,both,True
64947,37,112,MP,All B are C/All A are B,2,All B are C,All A are B,2.15,both,True
64947,38,51,MT,All B are C/No A are C,1,All B are C,No A are C,2.0,both,True
64947,39,13,MP,All B are C/All A are B,2,All B are C,All A are B,2.15,both,True
64947,40,64,MP,All B are C/All A are B,2,All B are C,All A are B,2.15,both,True
64947,41,16,DA,All B are C/No A are B,4,All B are C,No A are B,2.5,both,True
64947,42,101,MP,All B are C/All A are B,2,All B are C,All A are B,2.15,both,True
64947,43,82,DA,All B are C/No A are B,4,All B are C,No A are B,2.5,both,True
64947,44,66,MT,All B are C/No A are C,1,All B are C,No A are C,2.0,both,True
64947,45,99,AC,All B are C/All A are C,3,All B are C,All A are C,2.2,both,True
64947,46,110,DA,All B are C/No A are B,4,All B are C,No A are B,2.5,both,True
64947,47,3,MT,All B are C/No A are C,1,All B are C,No A are C,2.0,both,True
64947,48,79,DA,All B are C/No A are B,4,All B are C,No A are B,2.5,both,True
64947,49,36,DA,All B are C/No A are B,4,All B are C,No A are B,2.5,both,True
64947,50,114,AC,All B are C/All A are C,3,All B are C,All A are C,2.2,both,True
64947,51,6,DA,All B are C/No A are B,4,All B are C,No A are B,2.5,both,True
64947,52,60,AC,All B are C/All A are C,3,All B are C,All A are C,2.2,both,True
64947,53,63,AC,All B are C/All A are C,3,All B are C,All A are C,2.2,both,True
64947,54,124,AC,All B are C/All A are C,3,All B are C,All A are C,2.2,both,True
64947,55,18,AC,All B are C/All A are C,3,All B are C,All A are C,2.2,both,True
64947,56,28,DA,All B are C/No A are B,4,All B are C,No A are B,2.5,both,True
64947,57,20,AC,All B are C/All A are C,3,All B are C,All A are C,2.2,both,True
64947,58,75,DA,All B are C/No A are B,4,All B are C,No A are B,2.5,both,True
64947,59,29,MT,All B are C/No A are C,1,All B are C,No A are C,2.0,both,True
64947,60,120,MP,All B are C/All A are B,2,All B are C,All A are B,2.15,both,True
64947,61,68,MT,All B are C/No A are C,1,All B are C,No A are C,2.0,both,True
64947,62,49,AC,All B are C/All A are C,3,All B are C,All A are C,2.2,both,True
64947,63,90,MT,All B are C/No A are C,1,All B are C,No A are C,2.0,both,True
64947,64,115,MP,All B are C/All A are B,2,All B are C,All A are B,2.15,both,True
64973,1,27,AC,All B are C/All A are C,3,All B are C,All A are C,2.2,both,True
64973,2,76,MT,All B are C/No A are C,1,All B are C,No A are C,2.0,both,True
64973,3,82,DA,All B are C/No A are B,4,All B are C,No A are B,2.5,both,True
64973,4,112,MP,All B are C/All A are B,2,All B are C,All A are B,2.15,both,True
64973,5,73,MT,All B are C/No A are C,1,All B are C,No A are C,2.0,both,True
64973,6,110,DA,All B are C/No A are B,4,All B are C,No A are B,2.5,both,True
64973,7,69,DA,All B are C/No A are B,4,All B are C,No A are B,2.5,both,True
64973,8,106,MT,All B are C/No A are C,1,All B are C,No A are C,2.0,both,True
64973,9,90,MT,All B are C/No A are C,1,All B are C,No A are C,2.0,both,True
64973,10,29,MT,All B are C/No A are C,1,All B are C,No A are C,2.0,both,True
64973,11,16,DA,All B are C/No A are B,4,All B are C,No A are B,2.5,both,True
64973,12,101,MP,All B are C/All A are B,2,All B are C,All A are B,2.15,both,True
64973,13,60,AC,All B are C/All A are C,3,All B are C,All A are C,2.2,both,True
64973,14,49,AC,All B are C/All A are C,3,All B are C,All A are C,2.2,both,True
64973,15,114,AC,All B are C/All A are C,3,All B are C,All A are C,2.2,both,True
64973,16,102,AC,All B are C/All A are C,3,All B are C,All A are C,2.2,both,True
64973,17,67,DA,All B are C/No A are B,4,All B are C,No A are B,2.5,both,True
64973,18,50,MP,All B are C/All A are B,2,All B are C,All A are B,2.15,both,True
64973,19,115,MP,All B are C/All A are B,2,All B are C,All A are B,2.15,both,True
64973,20,22,MP,All B are C/All A are B,2,All B are C,All A are B,2.15,both,True
64973,21,111,MP,All B are C/All A are B,2,All B are C,All A are B,2.15,both,True
64973,22,100,MT,All B are C/No A are C,1,All B are C,No A are C,2.0,both,True
64973,23,3,MT,All B are C/No A are C,1,All B are C,No A are C,2.0,both,True
64973,24,64,MP,All B are C/All A are B,2,All B are C,All A are B,2.15,both,True
64973,25,18,AC,All B are C/All A are C,3,All B are C,All A are C,2.2,both,True
64973,26,125,MT,All B are C/No A are C,1,All B are C,No A are C,2.0,both,True
64973,27,51,MT,All B are C/No A are C,1,All B are C,No A are C,2.0,both,True
64973,28,57,AC,All B are C/All A are C,3,All B are C,All A are C,2.2,both,True
64973,29,28,DA,All B are C/No A are B,4,All B are C,No A are B,2.5,both,True
64973,30,36,DA,All B are C/No A are B,4,All B are C,No A are B,2.5,both,True
64973,31,105,DA,All B are C/No A are B,4,All B are C,No A are B,2.5,both,True
64973,32,99,AC,All B are C/All A are C,3,All B are C,All A are C,2.2,both,True
64973,33,5,MT,All B are C/No A are C,1,All B are C,No A are C,2.0,both,True
64973,34,7,MP,All B are C/All A are B,2,All B are C,All A are B,2.15,both,True
64973,35,23,AC,All B are C/All A are C,3,All B are C,All A are C,2.2,both,True
64973,36,123,DA,All B are C/No A are B,4,All B are C,No A are B,2.5,both,True
64973,37,58,DA,All B are C/No A are B,4,All B are C,No A are B,2.5,both,True
64973,38,35,MT,All B are C/No A are C,1,All B are C,No A are C,2.0,both,True
64973,39,20,AC,All B are C/All A are C,3,All B are C,All A are C,2.2,both,True
64973,40,113,MP,All B are C/All A are B,2,All B are C,All A are B,2.15,both,True
64973,41,79,DA,All B are C/No A are B,4,All B are C,No A are B,2.5,both,True
64973,42,75,DA,All B are C/No A are B,4,All B are C,No A are B,2.5,both,True
64973,43,72,DA,All B are C/No A are B,4,All B are C,No A are B,2.5,both,True
64973,44,80,AC,All B are C/All A are C,3,All B are C,All A are C,2.2,both,True
64973,45,48,MP,All B are C/All A are B,2,All B are C,All A are B,2.15,both,True
64973,46,8,AC,All B are C/All A are C,3,All B are C,All A are C,2.2,both,True
64973,47,15,MT,All B are C/No A are C,1,All B are C,No A are C,2.0,both,True
64973,48,91,DA,All B are C/No A are B,4,All B are C,No A are B,2.5,both,True
64973,49,68,MT,All B are C/No A are C,1,All B are C,No A are C,2.0,both,True
64973,50,2,DA,All B are C/No A are B,4,All B are C,No A are B,2.5,both,True
64973,51,66,MT,All B are C/No A are C,1,All B are C,No A are C,2.0,both,True
64973,52,63,AC,All B are C/All A are C,3,All B are C,All A are C,2.2,both,True
64973,53,120,MP,All B are C/All A are B,2,All B are C,All A are B,2.15,both,True
64973,54,116,AC,All B are C/All A are C,3,All B are C,All A are C,2.2,both,True
64973,55,83,MT,All B are C/No A are C,1,All B are C,No A are C,2.0,both,True
64973,56,6,DA,All B are C/No A are B,4,All B are C,No A are B,2.5,both,True
64973,57,32,MT,All B are C/No A are C,1,All B are C,No A are C,2.0,both,True
64973,58,26,MP,All B are C/All A are B,2,All B are C,All A are B,2.15,both,True
64973,59,13,MP,All B are C/All A are B,2,All B are C,All A are B,2.15,both,True
64973,60,121,AC,All B are C/All A are C,3,All B are C,All A are C,2.2,both,True
64973,61,31,MP,All B are C/All A are B,2,All B are C,All A are B,2.15,both,True
64973,62,81,MP,All B are C/All A are B,2,All B are C,All A are B,2.15,both,True
64973,63,17,MP,All B are C/All A are B,2,All B are C,All A are B,2.15,both,True
64973,64,124,AC,All B are C/All A are C,3,All B are C,All A are C,2.2,both,True
64976,1,78,AC,All B are C/All A are C,3,All B are C,All A are C,2.1,both,True
64976,2,108,DA,All B are C/No A are B,4,All B are C,No A are B,2.75,both,True
64976,3,128,DA,All B are C/No A are B,4,All B are C,No A are B,2.75,both,True
64976,4,40,MP,All B are C/All A are B,2,All B are C,All A are B,2.0,both,True
64976,5,42,MP,All B are C/All A are B,2,All B are C,All A are B,2.0,both,True
64976,6,87,DA,All B are C/No A are B,4,All B are C,No A are B,2.75,both,True
64976,7,93,DA,All B are C/No A are B,4,All B are C,No A are B,2.75,both,True
64976,8,12,MP,All B are C/All A are B,2,All B are C,All A are B,2.0,both,True
64976,9,11,MP,All B are C/All A are B,2,All B are C,All A are B,2.0,both,True
64976,10,47,AC,All B are C/All A are C,3,All B are C,All A are C,2.1,both,True
64976,11,71,MT,All B are C/No A are C,1,All B are C,No A are C,2.0,both,True
64976,12,41,MP,All B are C/All A are B,2,All B are C,All A are B,2.0,both,True
64976,13,53,DA,All B are C/No A are B,4,All B are C,No A are B,2.75,both,True
64976,14,33,MT,All B are C/No A are C,1,All B are C,No A are C,2.0,both,True
64976,15,84,MT,All B are C/No A are C,1,All B are C,No A are C,2.0,both,True
64976,16,30,MT,All B are C/No A are C,1,All B are C,No A are C,2.0,both,True
64976,17,43,MP,All B are C/All A are B,2,All B are C,All A are B,2.0,both,True
64976,18,39,MP,All B are C/All A are B,2,All B are C,All A are B,2.0,both,True
64976,19,46,MT,All B are C/No A are C,1,All B are C,No A are C,2.0,both,True
64976,20,1,MT,All B are C/No A are C,1,All B are C,No A are C,2.0,both,True
64976,21,9,AC,All B are C/All A are C,3,All B are C,All A are C,2.1,both,True
64976,22,85,MP,All B are C/All A are B,2,All B are C,All A are B,2.0,both,True
64976,23,92,MT,All B are C/No A are C,1,All B are C,No A are C,2.0,both,True
64976,24,122,AC,All B are C/All A are C,3,All B are C,All A are C,2.1,both,True
64976,25,44,DA,All B are C/No A are B,4,All B are C,No A are B,2.75,both,True
64976,26,61,AC,All B are C/All A are C,3,All B are C,All A are C,2.1,both,True
64976,27,74,DA,All B are C/No A are B,4,All B are C,No A are B,2.75,both,True
64976,28,95,MP,All B are C/All A are B,2,All B are C,All A are B,2.0,both,True
64976,29,117,AC,All B are C/All A are C,3,All B are C,All A are C,2.1,both,True
64976,30,96,DA,All B are C/No A are B,4,All B are C,No A are B,2.75,both,True
64976,31,25,AC,All B are C/All A are C,3,All B are C,All A are C,2.1,both,True
64976,32,109,MP,All B are C/All A are B,2,All B are C,All A are B,2.0,both,True
64976,33,45,DA,All B are C/No A are B,4,All B are C,No A are B,2.75,both,True
64976,34,89,DA,All B are C/No A are B,4,All B are C,No A are B,2.75,both,True
64976,35,65,MT,All B are C/No A are C,1,All B are C,No A are C,2.0,both,True
64976,36,88,DA,All B are C/No A are B,4,All B are C,No A are B,2.75,both,True
64976,37,94,MP,All B are C/All A are B,2,All B are C,All A are B,2.0,both,True
64976,38,119,AC,All B are C/All A are C,3,All B are C,All A are C,2.1,both,True
64976,39,126,MT,All B are C/No A are C,1,All B are C,No A are C,2.0,both,True
64976,40,37,MT,All B are C/No A are C,1,All B are C,No A are C,2.0,both,True
64976,41,34,MP,All B are C/All A are B,2,All B are C,All A are B,2.0,both,True
64976,42,55,MP,All B are C/All A are B,2,All B are C,All A are B,2.0,both,True
64976,43,118,AC,All B are C/All A are C,3,All B are C,All A are C,2.1,both,True
64976,44,127,DA,All B are C/No A are B,4,All B are C,No A are B,2.75,both,True
64976,45,77,MT,All B are C/No A are C,1,All B are C,No A are C,2.0,both,True
64976,46,10,DA,All B are C/No A are B,4,All B are C,No A are B,2.75,both,True
64976,47,52,MP,All B are C/All A are B,2,All B are C,All A are B,2.0,both,True
64976,48,104,DA,All B are C/No A are B,4,All B are C,No A are B,2.75,both,True
64976,49,54,DA,All B are C/No A are B,4,All B are C,No A are B,2.75,both,True
64976,50,103,AC,All B are C/All A are C,3,All B are C,All A are C,2.1,both,True
64976,51,19,AC,All B are C/All A are C,3,All B are C,All A are C,2.1,both,True
64976,52,70,MT,All B are C/No A are C,1,All B are C,No A are C,2.0,both,True
64976,53,24,AC,All B are C/All A are C,3,All B are C,All A are C,2.1,both,True
64976,54,107,MT,All B are C/No A are C,1,All B are C,No A are C,2.0,both,True
64976,55,62,AC,All B are C/All A are C,3,All B are C,All A are C,2.1,both,True
64976,56,56,MP,All B are C/All A are B,2,All B are C,All A are B,2.0,both,True
64976,57,98,AC,All B are C/All A are C,3,All B are C,All A are C,2.1,both,True
64976,58,97,MT,All B are C/No A are C,1,All B are C,No A are C,2.0,both,True
64976,59,21,AC,All B are C/All A are C,3,All B are C,All A are C,2.1,both,True
64976,60,14,MT,All B are C/No A are C,1,All B are C,No A are C,2.0,both,True
64976,61,4,MT,All B are C/No A are C,1,All B are C,No A are C,2.0,both,True
64976,62,59,AC,All B are C/All A are C,3,All B are C,All A are C,2.1,both,True
64976,63,86,MP,All B are C/All A are B,2,All B are C,All A are B,2.0,both,True
64976,64,38,DA,All B are C/No A are B,4,All B are C,No A are B,2.75,both,True
65018,1,55,MP,All B are C/All A are B,2,All B are C,All A are B,2.3,both,True
65018,2,126,MT,All B are C/No A are C,1,All B are C,No A are C,2.0,both,True
65018,3,41,MP,All B are C/All A are B,2,All B are C,All A are B,2.3,both,True
65018,4,96,DA,All B are C/No A are B,4,All B are C,No A are B,4.2,both,True
65018,5,118,AC,All B are C/All A are C,3,All B are C,All A are C,2.45,both,True
65018,6,9,AC,All B are C/All A are C,3,All B are C,All A are C,2.45,both,True
65018,7,77,MT,All B are C/No A are C,1,All B are C,No A are C,2.0,both,True
65018,8,109,MP,All B are C/All A are B,2,All B are C,All A are B,2.3,both,True
65018,9,45,DA,All B are C/No A are B,4,All B are C,No A are B,4.2,both,True
65018,10,89,DA,All B are C/No A are B,4,All B are C,No A are B,4.2,both,True
65018,11,107,MT,All B are C/No A are C,1,All B are C,No A are C,2.0,both,True
65018,12,30,MT,All B are C/No A are C,1,All B are C,No A are C,2.0,both,True
65018,13,61,AC,All B are C/All A are C,3,All B are C,All A are C,2.45,both,True
65018,14,1,MT,All B are C/No A are C,1,All B are C,No A are C,2.0,both,True
65018,15,62,AC,All B are C/All A are C,3,All B are C,All A are C,2.45,both,True
65018,16,117,AC,All B are C/All A are C,3,All B are C,All A are C,2.45,both,True
65018,17,92,MT,All B are C/No A are C,1,All B are C,No A are C,2.0,both,True
65018,18,65,MT,All B are C/No A are C,1,All B are C,No A are C,2.0,both,True
65018,19,84,MT,All B are C/No A are C,1,All B are C,No A are C,2.0,both,True
65018,20,19,AC,All B are C/All A are C,3,All B are C,All A are C,2.45,both,True
65018,21,11,MP,All B are C/All A are B,2,All B are C,All A are B,2.3,both,True
65018,22,128,DA,All B are C/No A are B,4,All B are C,No A are B,4.2,both,True
65018,23,37,MT,All B are C/No A are C,1,All B are C,No A are C,2.0,both,True
65018,24,59,AC,All B are C/All A are C,3,All B are C,All A are C,2.45,both,True
65018,25,4,MT,All B are C/No A are C,1,All B are C,No A are C,2.0,both,True
65018,26,39,MP,All B are C/All A are B,2,All B are C,All A are B,2.3,both,True
65018,27,85,MP,All B are C/All A are B,2,All B are C,All A are B,2.3,both,True
65018,28,97,MT,All B are C/No A are C,1,All B are C,No A are C,2.0,both,True
65018,29,40,MP,All B are C/All A are B,2,All B are C,All A are B,2.3,both,True
65018,30,94,MP,All B are C/All A are B,2,All B are C,All A are B,2.3,both,True
65018,31,78,AC,All B are C/All A are C,3,All B are C,All A are C,2.45,both,True
65018,32,34,MP,All B are C/All A are B,2,All B are C,All A are B,2.3,both,True
65018,33,47,AC,All B are C/All A are C,3,All B are C,All A are C,2.45,both,True
65018,34,98,AC,All B are C/All A are C,3,All B are C,All A are C,2.45,both,True
65018,35,119,AC,All B are C/All A are C,3,All B are C,All A are C,2.45,both,True
65018,36,44,DA,All B are C/No A are B,4,All B are C,No A are B,4.2,both,True
65018,37,25,AC,All B are C/All A are C,3,All B are C,All A are C,2.45,both,True
65018,38,88,DA,All B are C/No A are B,4,All B are C,No A are B,4.2,both,True
65018,39,103,AC,All B are C/All A are C,3,All B are C,All A are C,2.45,both,True
65018,40,86,MP,All B are C/All A are B,2,All B are C,All A are B,2.3,both,True
65018,41,43,MP,All B are C/All A are B,2,All B are C,All A are B,2.3,both,True
65018,42,38,DA,All B are C/No A are B,4,All B are C,No A are B,4.2,both,True
65018,43,87,DA,All B are C/No A are B,4,All B are C,No A are B,4.2,both,True
65018,44,52,MP,All B are C/All A are B,2,All B are C,All A are B,2.3,both,True
65018,45,10,DA,All B are C/No A are B,4,All B are C,No A are B,4.2,both,True
65018,46,122,AC,All B are C/All A are C,3,All B are C,All A are C,2.45,both,True
65018,47,56,MP,All B are C/All A are B,2,All B are C,All A are B,2.3,both,True
65018,48,108,DA,All B are C/No A are B,4,All B are C,No A are B,4.2,both,True
65018,49,46,MT,All B are C/No A are C,1,All B are C,No A are C,2.0,both,True
65018,50,71,MT,All B are C/No A are C,1,All B are C,No A are C,2.0,both,True
65018,51,70,MT,All B are C/No A are C,1,All B are C,No A are C,2.0,both,True
65018,52,42,MP,All B are C/All A are B,2,All B are C,All A are B,2.3,both,True
65018,53,74,DA,All B are C/No A are B,4,All B are C,No A are B,4.2,both,True
65018,54,24,AC,All B are C/All A are C,3,All B are C,All A are C,2.45,both,True
65018,55,54,DA,All B are C/No A are B,4,All B are C,No A are B,4.2,both,True
65018,56,93,DA,All B are C/No A are B,4,All B are C,No A are B,4.2,both,True
65018,57,95,MP,All B are C/All A are B,2,All B are C,All A are B,2.3,both,True
65018,58,127,DA,All B are C/No A are B,4,All B are C,No A are B,4.2,both,True
65018,59,53,DA,All B are C/No A are B,4,All B are C,No A are B,4.2,both,True
65018,60,33,MT,All B are C/No A are C,1,All B are C,No A are C,2.0,both,True
65018,61,14,MT,All B are C/No A are C,1,All B are C,No A are C,2.0,both,True
65018,62,21,AC,All B are C/All A are C,3,All B are C,All A are C,2.45,both,True
65018,63,104,DA,All B are C/No A are B,4,All B are C,No A are B,4.2,both,True
65018,64,12,MP,All B are C/All A are B,2,All B are C,All A are B,2.3,both,True
65021,1,114,AC,All B are C/All A are C,3,All B are C,All A are C,2.85,both,True
65021,2,76,MT,All B are C/No A are C,1,All B are C,No A are C,2.0,both,True
65021,3,112,MP,All B are C/All A are B,2,All B are C,All A are B,2.75,both,True
65021,4,20,AC,All B are C/All A are C,3,All B are C,All A are C,2.85,both,True
65021,5,58,DA,All B are C/No A are B,4,All B are C,No A are B,6.65,both,True
65021,6,69,DA,All B are C/No A are B,4,All B are C,No A are B,6.65,both,True
65021,7,23,AC,All B are C/All A are C,3,All B are C,All A are C,2.85,both,True
65021,8,35,MT,All B are C/No A are C,1,All B are C,No A are C,2.0,both,True
65021,9,90,MT,All B are C/No A are C,1,All B are C,No A are C,2.0,both,True
65021,10,73,MT,All B are C/No A are C,1,All B are C,No A are C,2.0,both,True
65021,11,27,AC,All B are C/All A are C,3,All B are C,All A are C,2.85,both,True
65021,12,81,MP,All B are C/All A are B,2,All B are C,All A are B,2.75,both,True
65021,13,5,MT,All B are C/No A are C,1,All B are C,No A are C,2.0,both,True
65021,14,16,DA,All B are C/No A are B,4,All B are C,No A are B,6.65,both,True
65021,15,83,MT,All B are C/No A are C,1,All B are C,No A are C,2.0,both,True
65021,16,115,MP,All B are C/All A are B,2,All B are C,All A are B,2.75,both,True
65021,17,49,AC,All B are C/All A are C,3,All B are C,All A are C,2.85,both,True
65021,18,57,AC,All B are C/All A are C,3,All B are C,All A are C,2.85,both,True
65021,19,72,DA,All B are C/No A are B,4,All B are C,No A are B,6.65,both,True
65021,20,64,MP,All B are C/All A are B,2,All B are C,All A are B,2.75,both,True
65021,21,50,MP,All B are C/All A are B,2,All B are C,All A are B,2.75,both,True
65021,22,26,MP,All B are C/All A are B,2,All B are C,All A are B,2.75,both,True
65021,23,7,MP,All B are C/All A are B,2,All B are C,All A are B,2.75,both,True
65021,24,105,DA,All B are C/No A are B,4,All B are C,No A are B,6.65,both,True
65021,25,91,DA,All B are C/No A are B,4,All B are C,No A are B,6.65,both,True
65021,26,125,MT,All B are C/No A are C,1,All B are C,No A are C,2.0,both,True
65021,27,80,AC,All B are C/All A are C,3,All B are C,All A are C,2.85,both,True
65021,28,22,MP,All B are C/All A are B,2,All B are C,All A are B,2.75,both,True
65021,29,29,MT,All B are C/No A are C,1,All B are C,No A are C,2.0,both,True
65021,30,15,MT,All B are C/No A are C,1,All B are C,No A are C,2.0,both,True
65021,31,123,DA,All B are C/No A are B,4,All B are C,No A are B,6.65,both,True
65021,32,13,MP,All B are C/All A are B,2,All B are C,All A are B,2.75,both,True
65021,33,32,MT,All B are C/No A are C,1,All B are C,No A are C,2.0,both,True
65021,34,116,AC,All B are C/All A are C,3,All B are C,All A are C,2.85,both,True
65021,35,111,MP,All B are C/All A are B,2,All B are C,All A are B,2.75,both,True
65021,36,99,AC,All B are C/All A are C,3,All B are C,All A are C,2.85,both,True
65021,37,121,AC,All B are C/All A are C,3,All B are C,All A are C,2.85,both,True
65021,38,120,MP,All B are C/All A are B,2,All B are C,All A are B,2.75,both,True
65021,39,79,DA,All B are C/No A are B,4,All B are C,No A are B,6.65,both,True
65021,40,106,MT,All B are C/No A are C,1,All B are C,No A are C,2.0,both,True
65021,41,48,MP,All B are C/All A are B,2,All B are C,All A are B,2.75,both,True
65021,42,113,MP,All B are C/All A are B,2,All B are C,All A are B,2.75,both,True
65021,43,63,AC,All B are C/All A are C,3,All B are C,All A are C,2.85,both,True
65021,44,101,MP,All B are C/All A are B,2,All B are C,All A are B,2.75,both,True
65021,45,51,MT,All B are C/No A are C,1,All B are C,No A are C,2.0,both,True
65021,46,110,DA,All B are C/No A are B,4,All B are C,No A are B,6.65,both,True
65021,47,18,AC,All B are C/All A are C,3,All B are C,All A are C,2.85,both,True
65021,48,82,DA,All B are C/No A are B,4,All B are C,No A are B,6.65,both,True
65021,49,3,MT,All B are C/No A are C,1,All B are C,No A are C,2.0,both,True
65021,50,75,DA,All B are C/No A are B,4,All B are C,No A are B,6.65,both,True
65021,51,2,DA,All B are C/No A are B,4,All B are C,No A are B,6.65,both,True
65021,52,66,MT,All B are C/No A are C,1,All B are C,No A are C,2.0,both,True
65021,53,100,MT,All B are C/No A are C,1,All B are C,No A are C,2.0,both,True
65021,54,36,DA,All B are C/No A are B,4,All B are C,No A are B,6.65,both,True
65021,55,6,DA,All B are C/No A are B,4,All B are C,No A are B,6.65,both,True
65021,56,31,MP,All B are C/All A are B,2,All B are C,All A are B,2.75,both,True
65021,57,67,DA,All B are C/No A are B,4,All B are C,No A are B,6.65,both,True
65021,58,124,AC,All B are C/All A are C,3,All B are C,All A are C,2.85,both,True
65021,59,28,DA,All B are C/No A are B,4,All B are C,No A are B,6.65,both,True
65021,60,60,AC,All B are C/All A are C,3,All B are C,All A are C,2.85,both,True
65021,61,68,MT,All B are C/No A are C,1,All B are C,No A are C,2.0,both,True
65021,62,8,AC,All B are C/All A are C,3,All B are C,All A are C,2.85,both,True
65021,63,17,MP,All B are C/All A are B,2,All B are C,All A are B,2.75,both,True
65021,64,102,AC,All B are C/All A are C,3,All B are C,All A are C,2.85,both,True
65028,1,41,MP,All B are C/All A are B,2,All B are C,All A are B,2.75,both,True
65028,2,59,AC,All B are C/All A are C,3,All B are C,All A are C,2.85,both,True
65028,3,34,MP,All B are C/All A are B,2,All B are C,All A are B,2.75,both,True
65028,4,128,DA,All B are C/No A are B,4,All B are C,No A are B,6.65,both,True
65028,5,107,MT,All B are C/No A are C,1,All B are C,No A are C,2.0,both,True
65028,6,52,MP,All B are C/All A are B,2,All B are C,All A are B,2.75,both,True
65028,7,108,DA,All B are C/No A are B,4,All B are C,No A are B,6.65,both,True
65028,8,19,AC,All B are C/All A are C,3,All B are C,All A are C,2.85,both,True
65028,9,92,MT,All B are C/No A are C,1,All B are C,No A are C,2.0,both,True
65028,10,4,MT,All B are C/No A are C,1,All B are C,No A are C,2.0,both,True
65028,11,71,MT,All B are C/No A are C,1,All B are C,No A are C,2.0,both,True
65028,12,94,MP,All B are C/All A are B,2,All B are C,All A are B,2.75,both,True
65028,13,65,MT,All B are C/No A are C,1,All B are C,No A are C,2.0,both,True
65028,14,85,MP,All B are C/All A are B,2,All B are C,All A are B,2.75,both,True
65028,15,45,DA,All B are C/No A are B,4,All B are C,No A are B,6.65,both,True
65028,16,53,DA,All B are C/No A are B,4,All B are C,No A are B,6.65,both,True
65028,17,77,MT,All B are C/No A are C,1,All B are C,No A are C,2.0,both,True
65028,18,126,MT,All B are C/No A are C,1,All B are C,No A are C,2.0,both,True
65028,19,119,AC,All B are C/All A are C,3,All B are C,All A are C,2.85,both,True
65028,20,96,DA,All B are C/No A are B,4,All B are C,No A are B,6.65,both,True
65028,21,21,AC,All B are C/All A are C,3,All B are C,All A are C,2.85,both,True
65028,22,54,DA,All B are C/No A are B,4,All B are C,No A are B,6.65,both,True
65028,23,39,MP,All B are C/All A are B,2,All B are C,All A are B,2.75,both,True
65028,24,118,AC,All B are C/All A are C,3,All B are C,All A are C,2.85,both,True
65028,25,84,MT,All B are C/No A are C,1,All B are C,No A are C,2.0,both,True
65028,26,47,AC,All B are C/All A are C,3,All B are C,All A are C,2.85,both,True
65028,27,104,DA,All B are C/No A are B,4,All B are C,No A are B,6.65,both,True
65028,28,42,MP,All B are C/All A are B,2,All B are C,All A are B,2.75,both,True
65028,29,10,DA,All B are C/No A are B,4,All B are C,No A are B,6.65,both,True
65028,30,89,DA,All B are C/No A are B,4,All B are C,No A are B,6.65,both,True
65028,31,61,AC,All B are C/All A are C,3,All B are C,All A are C,2.85,both,True
65028,32,88,DA,All B are C/No A are B,4,All B are C,No A are B,6.65,both,True
65028,33,98,AC,All B are C/All A are C,3,All B are C,All A are C,2.85,both,True
65028,34,14,MT,All B are C/No A are C,1,All B are C,No A are C,2.0,both,True
65028,35,95,MP,All B are C/All A are B,2,All B are C,All A are B,2.75,both,True
65028,36,97,MT,All B are C/No A are C,1,All B are C,No A are C,2.0,both,True
65028,37,38,DA,All B are C/No A are B,4,All B are C,No A are B,6.65,both,True
65028,38,12,MP,All B are C/All A are B,2,All B are C,All A are B,2.75,both,True
65028,39,1,MT,All B are C/No A are C,1,All B are C,No A are C,2.0,both,True
65028,40,56,MP,All B are C/All A are B,2,All B are C,All A are B,2.75,both,True
65028,41,55,MP,All B are C/All A are B,2,All B are C,All A are B,2.75,both,True
65028,42,9,AC,All B are C/All A are C,3,All B are C,All A are C,2.85,both,True
65028,43,86,MP,All B are C/All A are B,2,All B are C,All A are B,2.75,both,True
65028,44,11,MP,All B are C/All A are B,2,All B are C,All A are B,2.75,both,True
65028,45,93,DA,All B are C/No A are B,4,All B are C,No A are B,6.65,both,True
65028,46,70,MT,All B are C/No A are C,1,All B are C,No A are C,2.0,both,True
65028,47,44,DA,All B are C/No A are B,4,All B are C,No A are B,6.65,both,True
65028,48,46,MT,All B are C/No A are C,1,All B are C,No A are C,2.0,both,True
65028,49,103,AC,All B are C/All A are C,3,All B are C,All A are C,2.85,both,True
65028,50,87,DA,All B are C/No A are B,4,All B are C,No A are B,6.65,both,True
65028,51,78,AC,All B are C/All A are C,3,All B are C,All A are C,2.85,both,True
65028,52,37,MT,All B are C/No A are C,1,All B are C,No A are C,2.0,both,True
65028,53,33,MT,All B are C/No A are C,1,All B are C,No A are C,2.0,both,True
65028,54,30,MT,All B are C/No A are C,1,All B are C,No A are C,2.0,both,True
65028,55,43,MP,All B are C/All A are B,2,All B are C,All A are B,2.75,both,True
65028,56,40,MP,All B are C/All A are B,2,All B are C,All A are B,2.75,both,True
65028,57,24,AC,All B are C/All A are C,3,All B are C,All A are C,2.85,both,True
65028,58,122,AC,All B are C/All A are C,3,All B are C,All A are C,2.85,both,True
65028,59,109,MP,All B are C/All A are B,2,All B are C,All A are B,2.75,both,True
65028,60,127,DA,All B are C/No A are B,4,All B are C,No A are B,6.65,both,True
65028,61,117,AC,All B are C/All A are C,3,All B are C,All A are C,2.85,both,True
65028,62,62,AC,All B are C/All A are C,3,All B are C,All A are C,2.85,both,True
65028,63,25,AC,All B are C/All A are C,3,All B are C,All A are C,2.85,both,True
65028,64,74,DA,All B are C/No A are B,4,All B are C,No A are B,6.65,both,True
65048,1,88,DA,All B are C/No A are B,4,All B are C,No A are B,2.75,both,True
65048,2,54,DA,All B are C/No A are B,4,All B are C,No A are B,2.75,both,True
65048,3,126,MT,All B are C/No A are C,1,All B are C,No A are C,2.0,both,True
65048,4,127,DA,All B are C/No A are B,4,All B are C,No A are B,2.75,both,True
65048,5,109,MP,All B are C/All A are B,2,All B are C,All A are B,2.0,both,True
65048,6,47,AC,All B are C/All A are C,3,All B are C,All A are C,2.1,both,True
65048,7,62,AC,All B are C/All A are C,3,All B are C,All A are C,2.1,both,True
65048,8,46,MT,All B are C/No A are C,1,All B are C,No A are C,2.0,both,True
65048,9,42,MP,All B are C/All A are B,2,All B are C,All A are B,2.0,both,True
65048,10,9,AC,All B are C/All A are C,3,All B are C,All A are C,2.1,both,True
65048,11,56,MP,All B are C/All A are B,2,All B are C,All A are B,2.0,both,True
65048,12,85,MP,All B are C/All A are B,2,All B are C,All A are B,2.0,both,True
65048,13,1,MT,All B are C/No A are C,1,All B are C,No A are C,2.0,both,True
65048,14,117,AC,All B are C/All A are C,3,All B are C,All A are C,2.1,both,True
65048,15,53,DA,All B are C/No A are B,4,All B are C,No A are B,2.75,both,True
65048,16,4,MT,All B are C/No A are C,1,All B are C,No A are C,2.0,both,True
65048,17,92,MT,All B are C/No A are C,1,All B are C,No A are C,2.0,both,True
65048,18,38,DA,All B are C/No A are B,4,All B are C,No A are B,2.75,both,True
65048,19,119,AC,All B are C/All A are C,3,All B are C,All A are C,2.1,both,True
65048,20,86,MP,All B are C/All A are B,2,All B are C,All A are B,2.0,both,True
65048,21,77,MT,All B are C/No A are C,1,All B are C,No A are C,2.0,both,True
65048,22,93,DA,All B are C/No A are B,4,All B are C,No A are B,2.75,both,True
65048,23,43,MP,All B are C/All A are B,2,All B are C,All A are B,2.0,both,True
65048,24,44,DA,All B are C/No A are B,4,All B are C,No A are B,2.75,both,True
65048,25,71,MT,All B are C/No A are C,1,All B are C,No A are C,2.0,both,True
65048,26,70,MT,All B are C/No A are C,1,All B are C,No A are C,2.0,both,True
65048,27,59,AC,All B are C/All A are C,3,All B are C,All A are C,2.1,both,True
65048,28,10,DA,All B are C/No A are B,4,All B are C,No A are B,2.75,both,True
65048,29,98,AC,All B are C/All A are C,3,All B are C,All A are C,2.1,both,True
65048,30,122,AC,All B are C/All A are C,3,All B are C,All A are C,2.1,both,True
65048,31,39,MP,All B are C/All A are B,2,All B are C,All A are B,2.0,both,True
65048,32,30,MT,All B are C/No A are C,1,All B are C,No A are C,2.0,both,True
65048,33,33,MT,All B are C/No A are C,1,All B are C,No A are C,2.0,both,True
65048,34,41,MP,All B are C/All A are B,2,All B are C,All A are B,2.0,both,True
65048,35,40,MP,All B are C/All A are B,2,All B are C,All A are B,2.0,both,True
65048,36,87,DA,All B are C/No A are B,4,All B are C,No A are B,2.75,both,True
65048,37,89,DA,All B are C/No A are B,4,All B are C,No A are B,2.75,both,True
65048,38,21,AC,All B are C/All A are C,3,All B are C,All A are C,2.1,both,True
65048,39,74,DA,All B are C/No A are B,4,All B are C,No A are B,2.75,both,True
65048,40,34,MP,All B are C/All A are B,2,All B are C,All A are B,2.0,both,True
65048,41,37,MT,All B are C/No A are C,1,All B are C,No A are C,2.0,both,True
65048,42,25,AC,All B are C/All A are C,3,All B are C,All A are C,2.1,both,True
65048,43,96,DA,All B are C/No A are B,4,All B are C,No A are B,2.75,both,True
65048,44,11,MP,All B are C/All A are B,2,All B are C,All A are B,2.0,both,True
65048,45,97,MT,All B are C/No A are C,1,All B are C,No A are C,2.0,both,True
65048,46,84,MT,All B are C/No A are C,1,All B are C,No A are C,2.0,both,True
65048,47,14,MT,All B are C/No A are C,1,All B are C,No A are C,2.0,both,True
65048,48,103,AC,All B are C/All A are C,3,All B are C,All A are C,2.1,both,True
65048,49,104,DA,All B are C/No A are B,4,All B are C,No A are B,2.75,both,True
65048,50,95,MP,All B are C/All A are B,2,All B are C,All A are B,2.0,both,True
65048,51,19,AC,All B are C/All A are C,3,All B are C,All A are C,2.1,both,True
65048,52,52,MP,All B are C/All A are B,2,All B are C,All A are B,2.0,both,True
65048,53,108,DA,All B are C/No A are B,4,All B are C,No A are B,2.75,both,True
65048,54,12,MP,All B are C/All A are B,2,All B are C,All A are B,2.0,both,True
65048,55,55,MP,All B are C/All A are B,2,All B are C,All A are B,2.0,both,True
65048,56,128,DA,All B are C/No A are B,4,All B are C,No A are B,2.75,both,True
65048,57,24,AC,All B are C/All A are C,3,All B are C,All A are C,2.1,both,True
65048,58,94,MP,All B are C/All A are B,2,All B are C,All A are B,2.0,both,True
65048,59,65,MT,All B are C/No A are C,1,All B are C,No A are C,2.0,both,True
65048,60,107,MT,All B are C/No A are C,1,All B are C,No A are C,2.0,both,True
65048,61,61,AC,All B are C/All A are C,3,All B are C,All A are C,2.1,both,True
65048,62,78,AC,All B are C/All A are C,3,All B are C,All A are C,2.1,both,True
65048,63,118,AC,All B are C/All A are C,3,All B are C,All A are C,2.1,both,True
65048,64,45,DA,All B are C/No A are B,4,All B are C,No A are B,2.75,both,True
65063,1,36,DA,All B are C/No A are B,4,All B are C,No A are B,2.5,both,True
65063,2,57,AC,All B are C/All A are C,3,All B are C,All A are C,2.2,both,True
65063,3,15,MT,All B are C/No A are C,1,All B are C,No A are C,2.0,both,True
65063,4,5,MT,All B are C/No A are C,1,All B are C,No A are C,2.0,both,True
65063,5,7,MP,All B are C/All A are B,2,All B are C,All A are B,2.15,both,True
65063,6,101,MP,All B are C/All A are B,2,All B are C,All A are B,2.15,both,True
65063,7,82,DA,All B are C/No A are B,4,All B are C,No A are B,2.5,both,True
65063,8,68,MT,All B are C/No A are C,1,All B are C,No A are C,2.0,both,True
65063,9,48,MP,All B are C/All A are B,2,All B are C,All A are B,2.15,both,True
65063,10,67,DA,All B are C/No A are B,4,All B are C,No A are B,2.5,both,True
65063,11,69,DA,All B are C/No A are B,4,All B are C,No A are B,2.5,both,True
65063,12,112,MP,All B are C/All A are B,2,All B are C,All A are B,2.15,both,True
65063,13,76,MT,All B are C/No A are C,1,All B are C,No A are C,2.0,both,True
65063,14,114,AC,All B are C/All A are C,3,All B are C,All A are C,2.2,both,True
65063,15,20,AC,All B are C/All A are C,3,All B are C,All A are C,2.2,both,True
65063,16,58,DA,All B are C/No A are B,4,All B are C,No A are B,2.5,both,True
65063,17,18,AC,All B are C/All A are C,3,All B are C,All A are C,2.2,both,True
65063,18,49,AC,All B are C/All A are C,3,All B are C,All A are C,2.2,both,True
65063,19,27,AC,All B are C/All A are C,3,All B are C,All A are C,2.2,both,True
65063,20,110,DA,All B are C/No A are B,4,All B are C,No A are B,2.5,both,True
65063,21,28,DA,All B are C/No A are B,4,All B are C,No A are B,2.5,both,True
65063,22,125,MT,All B are C/No A are C,1,All B are C,No A are C,2.0,both,True
65063,23,79,DA,All B are C/No A are B,4,All B are C,No A are B,2.5,both,True
65063,24,6,DA,All B are C/No A are B,4,All B are C,No A are B,2.5,both,True
65063,25,75,DA,All B are C/No A are B,4,All B are C,No A are B,2.5,both,True
65063,26,29,MT,All B are C/No A are C,1,All B are C,No A are C,2.0,both,True
65063,27,66,MT,All B are C/No A are C,1,All B are C,No A are C,2.0,both,True
65063,28,106,MT,All B are C/No A are C,1,All B are C,No A are C,2.0,both,True
65063,29,124,AC,All B are C/All A are C,3,All B are C,All A are C,2.2,both,True
65063,30,31,MP,All B are C/All A are B,2,All B are C,All A are B,2.15,both,True
65063,31,111,MP,All B are C/All A are B,2,All B are C,All A are B,2.15,both,True
65063,32,113,MP,All B are C/All A are B,2,All B are C,All A are B,2.15,both,True
65063,33,17,MP,All B are C/All A are B,2,All B are C,All A are B,2.15,both,True
65063,34,23,AC,All B are C/All A are C,3,All B are C,All A are C,2.2,both,True
65063,35,83,MT,All B are C/No A are C,1,All B are C,No A are C,2.0,both,True
65063,36,2,DA,All B are C/No A are B,4,All B are C,No A are B,2.5,both,True
65063,37,3,MT,All B are C/No A are C,1,All B are C,No A are C,2.0,both,True
65063,38,26,MP,All B are C/All A are B,2,All B are C,All A are B,2.15,both,True
65063,39,91,DA,All B are C/No A are B,4,All B are C,No A are B,2.5,both,True
65063,40,8,AC,All B are C/All A are C,3,All B are C,All A are C,2.2,both,True
65063,41,105,DA,All B are C/No A are B,4,All B are C,No A are B,2.5,both,True
65063,42,60,AC,All B are C/All A are C,3,All B are C,All A are C,2.2,both,True
65063,43,123,DA,All B are C/No A are B,4,All B are C,No A are B,2.5,both,True
65063,44,100,MT,All B are C/No A are C,1,All B are C,No A are C,2.0,both,True
65063,45,121,AC,All B are C/All A are C,3,All B are C,All A are C,2.2,both,True
65063,46,73,MT,All B are C/No A are C,1,All B are C,No A are C,2.0,both,True
65063,47,13,MP,All B are C/All A are B,2,All B are C,All A are B,2.15,both,True
65063,48,35,MT,All B are C/No A are C,1,All B are C,No A are C,2.0,both,True
65063,49,64,MP,All B are C/All A are B,2,All B are C,All A are B,2.15,both,True
65063,50,116,AC,All B are C/All A are C,3,All B are C,All A are C,2.2,both,True
65063,51,63,AC,All B are C/All A are C,3,All B are C,All A are C,2.2,both,True
65063,52,90,MT,All B are C/No A are C,1,All B are C,No A are C,2.0,both,True
65063,53,16,DA,All B are C/No A are B,4,All B are C,No A are B,2.5,both,True
65063,54,32,MT,All B are C/No A are C,1,All B are C,No A are C,2.0,both,True
65063,55,72,DA,All B are C/No A are B,4,All B are C,No A are B,2.5,both,True
65063,56,115,MP,All B are C/All A are B,2,All B are C,All A are B,2.15,both,True
65063,57,99,AC,All B are C/All A are C,3,All B are C,All A are C,2.2,both,True
65063,58,120,MP,All B are C/All A are B,2,All B are C,All A are B,2.15,both,True
65063,59,81,MP,All B are C/All A are B,2,All B are C,All A are B,2.15,both,True
65063,60,80,AC,All B are C/All A are C,3,All B are C,All A are C,2.2,both,True
65063,61,22,MP,All B are C/All A are B,2,All B are C,All A are B,2.15,both,True
65063,62,102,AC,All B are C/All A are C,3,All B are C,All A are C,2.2,both,True
65063,63,50,MP,All B are C/All A are B,2,All B are C,All A are B,2.15,both,True
65063,64,51,MT,All B are C/No A are C,1,All B are C,No A are C,2.0,both,True
65065,1,41,MP,All B are C/All A are B,2,All B are C,All A are B,2.75,both,True
65065,2,107,MT,All B are C/No A are C,1,All B are C,No A are C,2.0,both,True
65065,3,38,DA,All B are C/No A are B,4,All B are C,No A are B,6.65,both,True
65065,4,108,DA,All B are C/No A are B,4,All B are C,No A are B,6.65,both,True
65065,5,52,MP,All B are C/All A are B,2,All B are C,All A are B,2.75,both,True
65065,6,1,MT,All B are C/No A are C,1,All B are C,No A are C,2.0,both,True
65065,7,54,DA,All B are C/No A are B,4,All B are C,No A are B,6.65,both,True
65065,8,98,AC,All B are C/All A are C,3,All B are C,All A are C,2.85,both,True
65065,9,77,MT,All B are C/No A are C,1,All B are C,No A are C,2.0,both,True
65065,10,46,MT,All B are C/No A are C,1,All B are C,No A are C,2.0,both,True
65065,11,39,MP,All B are C/All A are B,2,All B are C,All A are B,2.75,both,True
65065,12,44,DA,All B are C/No A are B,4,All B are C,No A are B,6.65,both,True
65065,13,74,DA,All B are C/No A are B,4,All B are C,No A are B,6.65,both,True
65065,14,10,DA,All B are C/No A are B,4,All B are C,No A are B,6.65,both,True
65065,15,59,AC,All B are C/All A are C,3,All B are C,All A are C,2.85,both,True
65065,16,4,MT,All B are C/No A are C,1,All B are C,No A are C,2.0,both,True
65065,17,95,MP,All B are C/All A are B,2,All B are C,All A are B,2.75,both,True
65065,18,24,AC,All B are C/All A are C,3,All B are C,All A are C,2.85,both,True
65065,19,96,DA,All B are C/No A are B,4,All B are C,No A are B,6.65,both,True
65065,20,103,AC,All B are C/All A are C,3,All B are C,All A are C,2.85,both,True
65065,21,104,DA,All B are C/No A are B,4,All B are C,No A are B,6.65,both,True
65065,22,87,DA,All B are C/No A are B,4,All B are C,No A are B,6.65,both,True
65065,23,86,MP,All B are C/All A are B,2,All B are C,All A are B,2.75,both,True
65065,24,117,AC,All B are C/All A are C,3,All B are C,All A are C,2.85,both,True
65065,25,30,MT,All B are C/No A are C,1,All B are C,No A are C,2.0,both,True
65065,26,118,AC,All B are C/All A are C,3,All B are C,All A are C,2.85,both,True
65065,27,43,MP,All B are C/All A are B,2,All B are C,All A are B,2.75,both,True
65065,28,126,MT,All B are C/No A are C,1,All B are C,No A are C,2.0,both,True
65065,29,40,MP,All B are C/All A are B,2,All B are C,All A are B,2.75,both,True
65065,30,12,MP,All B are C/All A are B,2,All B are C,All A are B,2.75,both,True
65065,31,84,MT,All B are C/No A are C,1,All B are C,No A are C,2.0,both,True
65065,32,88,DA,All B are C/No A are B,4,All B are C,No A are B,6.65,both,True
65065,33,122,AC,All B are C/All A are C,3,All B are C,All A are C,2.85,both,True
65065,34,62,AC,All B are C/All A are C,3,All B are C,All A are C,2.85,both,True
65065,35,128,DA,All B are C/No A are B,4,All B are C,No A are B,6.65,both,True
65065,36,45,DA,All B are C/No A are B,4,All B are C,No A are B,6.65,both,True
65065,37,97,MT,All B are C/No A are C,1,All B are C,No A are C,2.0,both,True
65065,38,37,MT,All B are C/No A are C,1,All B are C,No A are C,2.0,both,True
65065,39,70,MT,All B are C/No A are C,1,All B are C,No A are C,2.0,both,True
65065,40,19,AC,All B are C/All A are C,3,All B are C,All A are C,2.85,both,True
65065,41,65,MT,All B are C/No A are C,1,All B are C,No A are C,2.0,both,True
65065,42,14,MT,All B are C/No A are C,1,All B are C,No A are C,2.0,both,True
65065,43,109,MP,All B are C/All A are B,2,All B are C,All A are B,2.75,both,True
65065,44,92,MT,All B are C/No A are C,1,All B are C,No A are C,2.0,both,True
65065,45,34,MP,All B are C/All A are B,2,All B are C,All A are B,2.75,both,True
65065,46,71,MT,All B are C/No A are C,1,All B are C,No A are C,2.0,both,True
65065,47,55,MP,All B are C/All A are B,2,All B are C,All A are B,2.75,both,True
65065,48,78,AC,All B are C/All A are C,3,All B are C,All A are C,2.85,both,True
65065,49,42,MP,All B are C/All A are B,2,All B are C,All A are B,2.75,both,True
65065,50,61,AC,All B are C/All A are C,3,All B are C,All A are C,2.85,both,True
65065,51,93,DA,All B are C/No A are B,4,All B are C,No A are B,6.65,both,True
65065,52,11,MP,All B are C/All A are B,2,All B are C,All A are B,2.75,both,True
65065,53,9,AC,All B are C/All A are C,3,All B are C,All A are C,2.85,both,True
65065,54,89,DA,All B are C/No A are B,4,All B are C,No A are B,6.65,both,True
65065,55,85,MP,All B are C/All A are B,2,All B are C,All A are B,2.75,both,True
65065,56,56,MP,All B are C/All A are B,2,All B are C,All A are B,2.75,both,True
65065,57,94,MP,All B are C/All A are B,2,All B are C,All A are B,2.75,both,True
65065,58,47,AC,All B are C/All A are C,3,All B are C,All A are C,2.85,both,True
65065,59,127,DA,All B are C/No A are B,4,All B are C,No A are B,6.65,both,True
65065,60,21,AC,All B are C/All A are C,3,All B are C,All A are C,2.85,both,True
65065,61,33,MT,All B are C/No A are C,1,All B are C,No A are C,2.0,both,True
65065,62,53,DA,All B are C/No A are B,4,All B are C,No A are B,6.65,both,True
65065,63,119,AC,All B are C/All A are C,3,All B are C,All A are C,2.85,both,True
65065,64,25,AC,All B are C/All A are C,3,All B are C,All A are C,2.85,both,True
65071,1,118,AC,All B are C/All A are C,3,All B are C,All A are C,2.1,both,True
65071,2,12,MP,All B are C/All A are B,2,All B are C,All A are B,2.0,both,True
65071,3,44,DA,All B are C/No A are B,4,All B are C,No A are B,2.75,both,True
65071,4,71,MT,All B are C/No A are C,1,All B are C,No A are C,2.0,both,True
65071,5,96,DA,All B are C/No A are B,4,All B are C,No A are B,2.75,both,True
65071,6,61,AC,All B are C/All A are C,3,All B are C,All A are C,2.1,both,True
65071,7,117,AC,All B are C/All A are C,3,All B are C,All A are C,2.1,both,True
65071,8,54,DA,All B are C/No A are B,4,All B are C,No A are B,2.75,both,True
65071,9,42,MP,All B are C/All A are B,2,All B are C,All A are B,2.0,both,True
65071,10,43,MP,All B are C/All A are B,2,All B are C,All A are B,2.0,both,True
65071,11,107,MT,All B are C/No A are C,1,All B are C,No A are C,2.0,both,True
65071,12,98,AC,All B are C/All A are C,3,All B are C,All A are C,2.1,both,True
65071,13,62,AC,All B are C/All A are C,3,All B are C,All A are C,2.1,both,True
65071,14,25,AC,All B are C/All A are C,3,All B are C,All A are C,2.1,both,True
65071,15,119,AC,All B are C/All A are C,3,All B are C,All A are C,2.1,both,True
65071,16,34,MP,All B are C/All A are B,2,All B are C,All A are B,2.0,both,True
65071,17,33,MT,All B are C/No A are C,1,All B are C,No A are C,2.0,both,True
65071,18,19,AC,All B are C/All A are C,3,All B are C,All A are C,2.1,both,True
65071,19,24,AC,All B are C/All A are C,3,All B are C,All A are C,2.1,both,True
65071,20,53,DA,All B are C/No A are B,4,All B are C,No A are B,2.75,both,True
65071,21,103,AC,All B are C/All A are C,3,All B are C,All A are C,2.1,both,True
65071,22,65,MT,All B are C/No A are C,1,All B are C,No A are C,2.0,both,True
65071,23,30,MT,All B are C/No A are C,1,All B are C,No A are C,2.0,both,True
65071,24,94,MP,All B are C/All A are B,2,All B are C,All A are B,2.0,both,True
65071,25,70,MT,All B are C/No A are C,1,All B are C,No A are C,2.0,both,True
65071,26,86,MP,All B are C/All A are B,2,All B are C,All A are B,2.0,both,True
65071,27,87,DA,All B are C/No A are B,4,All B are C,No A are B,2.75,both,True
65071,28,85,MP,All B are C/All A are B,2,All B are C,All A are B,2.0,both,True
65071,29,126,MT,All B are C/No A are C,1,All B are C,No A are C,2.0,both,True
65071,30,88,DA,All B are C/No A are B,4,All B are C,No A are B,2.75,both,True
65071,31,92,MT,All B are C/No A are C,1,All B are C,No A are C,2.0,both,True
65071,32,95,MP,All B are C/All A are B,2,All B are C,All A are B,2.0,both,True
65071,33,56,MP,All B are C/All A are B,2,All B are C,All A are B,2.0,both,True
65071,34,97,MT,All B are C/No A are C,1,All B are C,No A are C,2.0,both,True
65071,35,128,DA,All B are C/No A are B,4,All B are C,No A are B,2.75,both,True
65071,36,47,AC,All B are C/All A are C,3,All B are C,All A are C,2.1,both,True
65071,37,4,MT,All B are C/No A are C,1,All B are C,No A are C,2.0,both,True
65071,38,84,MT,All B are C/No A are C,1,All B are C,No A are C,2.0,both,True
65071,39,104,DA,All B are C/No A are B,4,All B are C,No A are B,2.75,both,True
65071,40,55,MP,All B are C/All A are B,2,All B are C,All A are B,2.0,both,True
65071,41,109,MP,All B are C/All A are B,2,All B are C,All A are B,2.0,both,True
65071,42,41,MP,All B are C/All A are B,2,All B are C,All A are B,2.0,both,True
65071,43,39,MP,All B are C/All A are B,2,All B are C,All A are B,2.0,both,True
65071,44,10,DA,All B are C/No A are B,4,All B are C,No A are B,2.75,both,True
65071,45,37,MT,All B are C/No A are C,1,All B are C,No A are C,2.0,both,True
65071,46,9,AC,All B are C/All A are C,3,All B are C,All A are C,2.1,both,True
65071,47,14,MT,All B are C/No A are C,1,All B are C,No A are C,2.0,both,True
65071,48,59,AC,All B are C/All A are C,3,All B are C,All A are C,2.1,both,True
65071,49,74,DA,All B are C/No A are B,4,All B are C,No A are B,2.75,both,True
65071,50,1,MT,All B are C/No A are C,1,All B are C,No A are C,2.0,both,True
65071,51,108,DA,All B are C/No A are B,4,All B are C,No A are B,2.75,both,True
65071,52,77,MT,All B are C/No A are C,1,All B are C,No A are C,2.0,both,True
65071,53,122,AC,All B are C/All A are C,3,All B are C,All A are C,2.1,both,True
65071,54,46,MT,All B are C/No A are C,1,All B are C,No A are C,2.0,both,True
65071,55,89,DA,All B are C/No A are B,4,All B are C,No A are B,2.75,both,True
65071,56,40,MP,All B are C/All A are B,2,All B are C,All A are B,2.0,both,True
65071,57,127,DA,All B are C/No A are B,4,All B are C,No A are B,2.75,both,True
65071,58,11,MP,All B are C/All A are B,2,All B are C,All A are B,2.0,both,True
65071,59,78,AC,All B are C/All A are C,3,All B are C,All A are C,2.1,both,True
65071,60,21,AC,All B are C/All A are C,3,All B are C,All A are C,2.1,both,True
65071,61,93,DA,All B are C/No A are B,4,All B are C,No A are B,2.75,both,True
65071,62,52,MP,All B are C/All A are B,2,All B are C,All A are B,2.0,both,True
65071,63,45,DA,All B are C/No A are B,4,All B are C,No A are B,2.75,both,True
65071,64,38,DA,All B are C/No A are B,4,All B are C,No A are B,2.75,both,True
65079,1,34,MP,All B are C/All A are B,2,All B are C,All A are B,2.5,both,True
65079,2,21,AC,All B are C/All A are C,3,All B are C,All A are C,2.95,both,True
65079,3,59,AC,All B are C/All A are C,3,All B are C,All A are C,2.95,both,True
65079,4,93,DA,All B are C/No A are B,4,All B are C,No A are B,6.6,both,True
65079,5,41,MP,All B are C/All A are B,2,All B are C,All A are B,2.5,both,True
65079,6,56,MP,All B are C/All A are B,2,All B are C,All A are B,2.5,both,True
65079,7,88,DA,All B are C/No A are B,4,All B are C,No A are B,6.6,both,True
65079,8,118,AC,All B are C/All A are C,3,All B are C,All A are C,2.95,both,True
65079,9,127,DA,All B are C/No A are B,4,All B are C,No A are B,6.6,both,True
65079,10,1,MT,All B are C/No A are C,1,All B are C,No A are C,2.0,both,True
65079,11,108,DA,All B are C/No A are B,4,All B are C,No A are B,6.6,both,True
65079,12,98,AC,All B are C/All A are C,3,All B are C,All A are C,2.95,both,True
65079,13,95,MP,All B are C/All A are B,2,All B are C,All A are B,2.5,both,True
65079,14,92,MT,All B are C/No A are C,1,All B are C,No A are C,2.0,both,True
65079,15,96,DA,All B are C/No A are B,4,All B are C,No A are B,6.6,both,True
65079,16,37,MT,All B are C/No A are C,1,All B are C,No A are C,2.0,both,True
65079,17,84,MT,All B are C/No A are C,1,All B are C,No A are C,2.0,both,True
65079,18,61,AC,All B are C/All A are C,3,All B are C,All A are C,2.95,both,True
65079,19,9,AC,All B are C/All A are C,3,All B are C,All A are C,2.95,both,True
65079,20,43,MP,All B are C/All A are B,2,All B are C,All A are B,2.5,both,True
65079,21,87,DA,All B are C/No A are B,4,All B are C,No A are B,6.6,both,True
65079,22,14,MT,All B are C/No A are C,1,All B are C,No A are C,2.0,both,True
65079,23,62,AC,All B are C/All A are C,3,All B are C,All A are C,2.95,both,True
65079,24,40,MP,All B are C/All A are B,2,All B are C,All A are B,2.5,both,True
65079,25,103,AC,All B are C/All A are C,3,All B are C,All A are C,2.95,both,True
65079,26,38,DA,All B are C/No A are B,4,All B are C,No A are B,6.6,both,True
65079,27,86,MP,All B are C/All A are B,2,All B are C,All A are B,2.5,both,True
65079,28,53,DA,All B are C/No A are B,4,All B are C,No A are B,6.6,both,True
65079,29,128,DA,All B are C/No A are B,4,All B are C,No A are B,6.6,both,True
65079,30,46,MT,All B are C/No A are C,1,All B are C,No A are C,2.0,both,True
65079,31,109,MP,All B are C/All A are B,2,All B are C,All A are B,2.5,both,True
65079,32,89,DA,All B are C/No A are B,4,All B are C,No A are B,6.6,both,True
65079,33,12,MP,All B are C/All A are B,2,All B are C,All A are B,2.5,both,True
65079,34,45,DA,All B are C/No A are B,4,All B are C,No A are B,6.6,both,True
65079,35,78,AC,All B are C/All A are C,3,All B are C,All A are C,2.95,both,True
65079,36,11,MP,All B are C/All A are B,2,All B are C,All A are B,2.5,both,True
65079,37,85,MP,All B are C/All A are B,2,All B are C,All A are B,2.5,both,True
65079,38,104,DA,All B are C/No A are B,4,All B are C,No A are B,6.6,both,True
65079,39,74,DA,All B are C/No A are B,4,All B are C,No A are B,6.6,both,True
65079,40,25,AC,All B are C/All A are C,3,All B are C,All A are C,2.95,both,True
65079,41,54,DA,All B are C/No A are B,4,All B are C,No A are B,6.6,both,True
65079,42,10,DA,All B are C/No A are B,4,All B are C,No A are B,6.6,both,True
65079,43,39,MP,All B are C/All A are B,2,All B are C,All A are B,2.5,both,True
65079,44,30,MT,All B are C/No A are C,1,All B are C,No A are C,2.0,both,True
65079,45,97,MT,All B are C/No A are C,1,All B are C,No A are C,2.0,both,True
65079,46,122,AC,All B are C/All A are C,3,All B are C,All A are C,2.95,both,True
65079,47,19,AC,All B are C/All A are C,3,All B are C,All A are C,2.95,both,True
65079,48,70,MT,All B are C/No A are C,1,All B are C,No A are C,2.0,both,True
65079,49,117,AC,All B are C/All A are C,3,All B are C,All A are C,2.95,both,True
65079,50,52,MP,All B are C/All A are B,2,All B are C,All A are B,2.5,both,True
65079,51,94,MP,All B are C/All A are B,2,All B are C,All A are B,2.5,both,True
65079,52,119,AC,All B are C/All A are C,3,All B are C,All A are C,2.95,both,True
65079,53,77,MT,All B are C/No A are C,1,All B are C,No A are C,2.0,both,True
65079,54,24,AC,All B are C/All A are C,3,All B are C,All A are C,2.95,both,True
65079,55,65,MT,All B are C/No A are C,1,All B are C,No A are C,2.0,both,True
65079,56,126,MT,All B are C/No A are C,1,All B are C,No A are C,2.0,both,True
65079,57,47,AC,All B are C/All A are C,3,All B are C,All A are C,2.95,both,True
65079,58,44,DA,All B are C/No A are B,4,All B are C,No A are B,6.6,both,True
65079,59,107,MT,All B are C/No A are C,1,All B are C,No A are C,2.0,both,True
65079,60,42,MP,All B are C/All A are B,2,All B are C,All A are B,2.5,both,True
65079,61,71,MT,All B are C/No A are C,1,All B are C,No A are C,2.0,both,True
65079,62,4,MT,All B are C/No A are C,1,All B are C,No A are C,2.0,both,True
65079,63,55,MP,All B are C/All A are B,2,All B are C,All A are B,2.5,both,True
65079,64,33,MT,All B are C/No A are C,1,All B are C,No A are C,2.0,both,True
65080,1,67,DA,All B are C/No A are B,4,All B are C,No A are B,6.65,both,True
65080,2,76,MT,All B are C/No A are C,1,All B are C,No A are C,2.0,both,True
65080,3,91,DA,All B are C/No A are B,4,All B are C,No A are B,6.65,both,True
65080,4,106,MT,All B are C/No A are C,1,All B are C,No A are C,2.0,both,True
65080,5,82,DA,All B are C/No A are B,4,All B are C,No A are B,6.65,both,True
65080,6,64,MP,All B are C/All A are B,2,All B are C,All A are B,2.75,both,True
65080,7,5,MT,All B are C/No A are C,1,All B are C,No A are C,2.0,both,True
65080,8,3,MT,All B are C/No A are C,1,All B are C,No A are C,2.0,both,True
65080,9,81,MP,All B are C/All A are B,2,All B are C,All A are B,2.75,both,True
65080,10,114,AC,All B are C/All A are C,3,All B are C,All A are C,2.85,both,True
65080,11,26,MP,All B are C/All A are B,2,All B are C,All A are B,2.75,both,True
65080,12,57,AC,All B are C/All A are C,3,All B are C,All A are C,2.85,both,True
65080,13,80,AC,All B are C/All A are C,3,All B are C,All A are C,2.85,both,True
65080,14,120,MP,All B are C/All A are B,2,All B are C,All A are B,2.75,both,True
65080,15,102,AC,All B are C/All A are C,3,All B are C,All A are C,2.85,both,True
65080,16,121,AC,All B are C/All A are C,3,All B are C,All A are C,2.85,both,True
65080,17,23,AC,All B are C/All A are C,3,All B are C,All A are C,2.85,both,True
65080,18,124,AC,All B are C/All A are C,3,All B are C,All A are C,2.85,both,True
65080,19,36,DA,All B are C/No A are B,4,All B are C,No A are B,6.65,both,True
65080,20,125,MT,All B are C/No A are C,1,All B are C,No A are C,2.0,both,True
65080,21,49,AC,All B are C/All A are C,3,All B are C,All A are C,2.85,both,True
65080,22,7,MP,All B are C/All A are B,2,All B are C,All A are B,2.75,both,True
65080,23,16,DA,All B are C/No A are B,4,All B are C,No A are B,6.65,both,True
65080,24,116,AC,All B are C/All A are C,3,All B are C,All A are C,2.85,both,True
65080,25,2,DA,All B are C/No A are B,4,All B are C,No A are B,6.65,both,True
65080,26,50,MP,All B are C/All A are B,2,All B are C,All A are B,2.75,both,True
65080,27,31,MP,All B are C/All A are B,2,All B are C,All A are B,2.75,both,True
65080,28,15,MT,All B are C/No A are C,1,All B are C,No A are C,2.0,both,True
65080,29,123,DA,All B are C/No A are B,4,All B are C,No A are B,6.65,both,True
65080,30,6,DA,All B are C/No A are B,4,All B are C,No A are B,6.65,both,True
65080,31,60,AC,All B are C/All A are C,3,All B are C,All A are C,2.85,both,True
65080,32,112,MP,All B are C/All A are B,2,All B are C,All A are B,2.75,both,True
65080,33,18,AC,All B are C/All A are C,3,All B are C,All A are C,2.85,both,True
65080,34,115,MP,All B are C/All A are B,2,All B are C,All A are B,2.75,both,True
65080,35,17,MP,All B are C/All A are B,2,All B are C,All A are B,2.75,both,True
65080,36,72,DA,All B are C/No A are B,4,All B are C,No A are B,6.65,both,True
65080,37,79,DA,All B are C/No A are B,4,All B are C,No A are B,6.65,both,True
65080,38,111,MP,All B are C/All A are B,2,All B are C,All A are B,2.75,both,True
65080,39,66,MT,All B are C/No A are C,1,All B are C,No A are C,2.0,both,True
65080,40,27,AC,All B are C/All A are C,3,All B are C,All A are C,2.85,both,True
65080,41,22,MP,All B are C/All A are B,2,All B are C,All A are B,2.75,both,True
65080,42,48,MP,All B are C/All A are B,2,All B are C,All A are B,2.75,both,True
65080,43,8,AC,All B are C/All A are C,3,All B are C,All A are C,2.85,both,True
65080,44,113,MP,All B are C/All A are B,2,All B are C,All A are B,2.75,both,True
65080,45,63,AC,All B are C/All A are C,3,All B are C,All A are C,2.85,both,True
65080,46,28,DA,All B are C/No A are B,4,All B are C,No A are B,6.65,both,True
65080,47,51,MT,All B are C/No A are C,1,All B are C,No A are C,2.0,both,True
65080,48,83,MT,All B are C/No A are C,1,All B are C,No A are C,2.0,both,True
65080,49,90,MT,All B are C/No A are C,1,All B are C,No A are C,2.0,both,True
65080,50,69,DA,All B are C/No A are B,4,All B are C,No A are B,6.65,both,True
65080,51,73,MT,All B are C/No A are C,1,All B are C,No A are C,2.0,both,True
65080,52,110,DA,All B are C/No A are B,4,All B are C,No A are B,6.65,both,True
65080,53,58,DA,All B are C/No A are B,4,All B are C,No A are B,6.65,both,True
65080,54,100,MT,All B are C/No A are C,1,All B are C,No A are C,2.0,both,True
65080,55,68,MT,All B are C/No A are C,1,All B are C,No A are C,2.0,both,True
65080,56,101,MP,All B are C/All A are B,2,All B are C,All A are B,2.75,both,True
65080,57,35,MT,All B are C/No A are C,1,All B are C,No A are C,2.0,both,True
65080,58,105,DA,All B are C/No A are B,4,All B are C,No A are B,6.65,both,True
65080,59,99,AC,All B are C/All A are C,3,All B are C,All A are C,2.85,both,True
65080,60,75,DA,All B are C/No A are B,4,All B are C,No A are B,6.65,both,True
65080,61,32,MT,All B are C/No A are C,1,All B are C,No A are C,2.0,both,True
65080,62,13,MP,All B are C/All A are B,2,All B are C,All A are B,2.75,both,True
65080,63,20,AC,All B are C/All A are C,3,All B are C,All A are C,2.85,both,True
65080,64,29,MT,All B are C/No A are C,1,All B are C,No A are C,2.0,both,True
65088,1,19,AC,All B are C/All A are C,3,All B are C,All A are C,2.2,both,True
65088,2,61,AC,All B are C/All A are C,3,All B are C,All A are C,2.2,both,True
65088,3,9,AC,All B are C/All A are C,3,All B are C,All A are C,2.2,both,True
65088,4,38,DA,All B are C/No A are B,4,All B are C,No A are B,2.5,both,True
65088,5,47,AC,All B are C/All A are C,3,All B are C,All A are C,2.2,both,True
65088,6,127,DA,All B are C/No A are B,4,All B are C,No A are B,2.5,both,True
65088,7,77,MT,All B are C/No A are C,1,All B are C,No A are C,2.0,both,True
65088,8,122,AC,All B are C/All A are C,3,All B are C,All A are C,2.2,both,True
65088,9,78,AC,All B are C/All A are C,3,All B are C,All A are C,2.2,both,True
65088,10,34,MP,All B are C/All A are B,2,All B are C,All A are B,2.15,both,True
65088,11,103,AC,All B are C/All A are C,3,All B are C,All A are C,2.2,both,True
65088,12,59,AC,All B are C/All A are C,3,All B are C,All A are C,2.2,both,True
65088,13,21,AC,All B are C/All A are C,3,All B are C,All A are C,2.2,both,True
65088,14,104,DA,All B are C/No A are B,4,All B are C,No A are B,2.5,both,True
65088,15,97,MT,All B are C/No A are C,1,All B are C,No A are C,2.0,both,True
65088,16,14,MT,All B are C/No A are C,1,All B are C,No A are C,2.0,both,True
65088,17,118,AC,All B are C/All A are C,3,All B are C,All A are C,2.2,both,True
65088,18,30,MT,All B are C/No A are C,1,All B are C,No A are C,2.0,both,True
65088,19,40,MP,All B are C/All A are B,2,All B are C,All A are B,2.15,both,True
65088,20,126,MT,All B are C/No A are C,1,All B are C,No A are C,2.0,both,True
65088,21,11,MP,All B are C/All A are B,2,All B are C,All A are B,2.15,both,True
65088,22,33,MT,All B are C/No A are C,1,All B are C,No A are C,2.0,both,True
65088,23,84,MT,All B are C/No A are C,1,All B are C,No A are C,2.0,both,True
65088,24,65,MT,All B are C/No A are C,1,All B are C,No A are C,2.0,both,True
65088,25,46,MT,All B are C/No A are C,1,All B are C,No A are C,2.0,both,True
65088,26,95,MP,All B are C/All A are B,2,All B are C,All A are B,2.15,both,True
65088,27,107,MT,All B are C/No A are C,1,All B are C,No A are C,2.0,both,True
65088,28,25,AC,All B are C/All A are C,3,All B are C,All A are C,2.2,both,True
65088,29,12,MP,All B are C/All A are B,2,All B are C,All A are B,2.15,both,True
65088,30,108,DA,All B are C/No A are B,4,All B are C,No A are B,2.5,both,True
65088,31,92,MT,All B are C/No A are C,1,All B are C,No A are C,2.0,both,True
65088,32,43,MP,All B are C/All A are B,2,All B are C,All A are B,2.15,both,True
65088,33,119,AC,All B are C/All A are C,3,All B are C,All A are C,2.2,both,True
65088,34,53,DA,All B are C/No A are B,4,All B are C,No A are B,2.5,both,True
65088,35,88,DA,All B are C/No A are B,4,All B are C,No A are B,2.5,both,True
65088,36,71,MT,All B are C/No A are C,1,All B are C,No A are C,2.0,both,True
65088,37,85,MP,All B are C/All A are B,2,All B are C,All A are B,2.15,both,True
65088,38,98,AC,All B are C/All A are C,3,All B are C,All A are C,2.2,both,True
65088,39,62,AC,All B are C/All A are C,3,All B are C,All A are C,2.2,both,True
65088,40,70,MT,All B are C/No A are C,1,All B are C,No A are C,2.0,both,True
65088,41,37,MT,All B are C/No A are C,1,All B are C,No A are C,2.0,both,True
65088,42,109,MP,All B are C/All A are B,2,All B are C,All A are B,2.15,both,True
65088,43,89,DA,All B are C/No A are B,4,All B are C,No A are B,2.5,both,True
65088,44,74,DA,All B are C/No A are B,4,All B are C,No A are B,2.5,both,True
65088,45,10,DA,All B are C/No A are B,4,All B are C,No A are B,2.5,both,True
65088,46,39,MP,All B are C/All A are B,2,All B are C,All A are B,2.15,both,True
65088,47,41,MP,All B are C/All A are B,2,All B are C,All A are B,2.15,both,True
65088,48,1,MT,All B are C/No A are C,1,All B are C,No A are C,2.0,both,True
65088,49,56,MP,All B are C/All A are B,2,All B are C,All A are B,2.15,both,True
65088,50,94,MP,All B are C/All A are B,2,All B are C,All A are B,2.15,both,True
65088,51,55,MP,All B are C/All A are B,2,All B are C,All A are B,2.15,both,True
65088,52,52,MP,All B are C/All A are B,2,All B are C,All A are B,2.15,both,True
65088,53,24,AC,All B are C/All A are C,3,All B are C,All A are C,2.2,both,True
65088,54,87,DA,All B are C/No A are B,4,All B are C,No A are B,2.5,both,True
65088,55,96,DA,All B are C/No A are B,4,All B are C,No A are B,2.5,both,True
65088,56,44,DA,All B are C/No A are B,4,All B are C,No A are B,2.5,both,True
65088,57,45,DA,All B are C/No A are B,4,All B are C,No A are B,2.5,both,True
65088,58,128,DA,All B are C/No A are B,4,All B are C,No A are B,2.5,both,True
65088,59,42,MP,All B are C/All A are B,2,All B are C,All A are B,2.15,both,True
65088,60,54,DA,All B are C/No A are B,4,All B are C,No A are B,2.5,both,True
65088,61,93,DA,All B are C/No A are B,4,All B are C,No A are B,2.5,both,True
65088,62,4,MT,All B are C/No A are C,1,All B are C,No A are C,2.0,both,True
65088,63,117,AC,All B are C/All A are C,3,All B are C,All A are C,2.2,both,True
65088,64,86,MP,All B are C/All A are B,2,All B are C,All A are B,2.15,both,True
65112,1,91,DA,All B are C/No A are B,4,All B are C,No A are B,6.65,both,True
65112,2,113,MP,All B are C/All A are B,2,All B are C,All A are B,2.75,both,True
65112,3,22,MP,All B are C/All A are B,2,All B are C,All A are B,2.75,both,True
65112,4,18,AC,All B are C/All A are C,3,All B are C,All A are C,2.85,both,True
65112,5,79,DA,All B are C/No A are B,4,All B are C,No A are B,6.65,both,True
65112,6,90,MT,All B are C/No A are C,1,All B are C,No A are C,2.0,both,True
65112,7,125,MT,All B are C/No A are C,1,All B are C,No A are C,2.0,both,True
65112,8,100,MT,All B are C/No A are C,1,All B are C,No A are C,2.0,both,True
65112,9,99,AC,All B are C/All A are C,3,All B are C,All A are C,2.85,both,True
65112,10,64,MP,All B are C/All A are B,2,All B are C,All A are B,2.75,both,True
65112,11,72,DA,All B are C/No A are B,4,All B are C,No A are B,6.65,both,True
65112,12,20,AC,All B are C/All A are C,3,All B are C,All A are C,2.85,both,True
65112,13,68,MT,All B are C/No A are C,1,All B are C,No A are C,2.0,both,True
65112,14,76,MT,All B are C/No A are C,1,All B are C,No A are C,2.0,both,True
65112,15,5,MT,All B are C/No A are C,1,All B are C,No A are C,2.0,both,True
65112,16,48,MP,All B are C/All A are B,2,All B are C,All A are B,2.75,both,True
65112,17,35,MT,All B are C/No A are C,1,All B are C,No A are C,2.0,both,True
65112,18,83,MT,All B are C/No A are C,1,All B are C,No A are C,2.0,both,True
65112,19,13,MP,All B are C/All A are B,2,All B are C,All A are B,2.75,both,True
65112,20,7,MP,All B are C/All A are B,2,All B are C,All A are B,2.75,both,True
65112,21,58,DA,All B are C/No A are B,4,All B are C,No A are B,6.65,both,True
65112,22,15,MT,All B are C/No A are C,1,All B are C,No A are C,2.0,both,True
65112,23,51,MT,All B are C/No A are C,1,All B are C,No A are C,2.0,both,True
65112,24,23,AC,All B are C/All A are C,3,All B are C,All A are C,2.85,both,True
65112,25,2,DA,All B are C/No A are B,4,All B are C,No A are B,6.65,both,True
65112,26,121,AC,All B are C/All A are C,3,All B are C,All A are C,2.85,both,True
65112,27,116,AC,All B are C/All A are C,3,All B are C,All A are C,2.85,both,True
65112,28,112,MP,All B are C/All A are B,2,All B are C,All A are B,2.75,both,True
65112,29,6,DA,All B are C/No A are B,4,All B are C,No A are B,6.65,both,True
65112,30,27,AC,All B are C/All A are C,3,All B are C,All A are C,2.85,both,True
65112,31,8,AC,All B are C/All A are C,3,All B are C,All A are C,2.85,both,True
65112,32,32,MT,All B are C/No A are C,1,All B are C,No A are C,2.0,both,True
65112,33,106,MT,All B are C/No A are C,1,All B are C,No A are C,2.0,both,True
65112,34,111,MP,All B are C/All A are B,2,All B are C,All A are B,2.75,both,True
65112,35,63,AC,All B are C/All A are C,3,All B are C,All A are C,2.85,both,True
65112,36,120,MP,All B are C/All A are B,2,All B are C,All A are B,2.75,both,True
65112,37,80,AC,All B are C/All A are C,3,All B are C,All A are C,2.85,both,True
65112,38,50,MP,All B are C/All A are B,2,All B are C,All A are B,2.75,both,True
65112,39,31,MP,All B are C/All A are B,2,All B are C,All A are B,2.75,both,True
65112,40,82,DA,All B are C/No A are B,4,All B are C,No A are B,6.65,both,True
65112,41,67,DA,All B are C/No A are B,4,All B are C,No A are B,6.65,both,True
65112,42,66,MT,All B are C/No A are C,1,All B are C,No A are C,2.0,both,True
65112,43,105,DA,All B are C/No A are B,4,All B are C,No A are B,6.65,both,True
65112,44,60,AC,All B are C/All A are C,3,All B are C,All A are C,2.85,both,True
65112,45,29,MT,All B are C/No A are C,1,All B are C,No A are C,2.0,both,True
65112,46,124,AC,All B are C/All A are C,3,All B are C,All A are C,2.85,both,True
65112,47,16,DA,All B are C/No A are B,4,All B are C,No A are B,6.65,both,True
65112,48,57,AC,All B are C/All A are C,3,All B are C,All A are C,2.85,both,True
65112,49,3,MT,All B are C/No A are C,1,All B are C,No A are C,2.0,both,True
65112,50,81,MP,All B are C/All A are B,2,All B are C,All A are B,2.75,both,True
65112,51,17,MP,All B are C/All A are B,2,All B are C,All A are B,2.75,both,True
65112,52,28,DA,All B are C/No A are B,4,All B are C,No A are B,6.65,both,True
65112,53,69,DA,All B are C/No A are B,4,All B are C,No A are B,6.65,both,True
65112,54,36,DA,All B are C/No A are B,4,All B are C,No A are B,6.65,both,True
65112,55,123,DA,All B are C/No A are B,4,All B are C,No A are B,6.65,both,True
65112,56,101,MP,All B are C/All A are B,2,All B are C,All A are B,2.75,both,True
65112,57,102,AC,All B are C/All A are C,3,All B are C,All A are C,2.85,both,True
65112,58,110,DA,All B are C/No A are B,4,All B are C,No A are B,6.65,both,True
65112,59,114,AC,All B are C/All A are C,3,All B are C,All A are C,2.85,both,True
65112,60,49,AC,All B are C/All A are C,3,All B are C,All A are C,2.85,both,True
65112,61,26,MP,All B are C/All A are B,2,All B are C,All A are B,2.75,both,True
65112,62,75,DA,All B are C/No A are B,4,All B are C,No A are B,6.65,both,True
65112,63,115,MP,All B are C/All A are B,2,All B are C,All A are B,2.75,both,True
65112,64,73,MT,All B are C/No A are C,1,All B are C,No A are C,2.0,both,True
65163,1,13,MP,All B are C/All A are B,2,All B are C,All A are B,2.15,both,True
65163,2,112,MP,All B are C/All A are B,2,All B are C,All A are B,2.15,both,True
65163,3,17,MP,All B are C/All A are B,2,All B are C,All A are B,2.15,both,True
65163,4,115,MP,All B are C/All A are B,2,All B are C,All A are B,2.15,both,True
65163,5,83,MT,All B are C/No A are C,1,All B are C,No A are C,2.0,both,True
65163,6,99,AC,All B are C/All A are C,3,All B are C,All A are C,2.2,both,True
65163,7,114,AC,All B are C/All A are C,3,All B are C,All A are C,2.2,both,True
65163,8,16,DA,All B are C/No A are B,4,All B are C,No A are B,2.5,both,True
65163,9,124,AC,All B are C/All A are C,3,All B are C,All A are C,2.2,both,True
65163,10,26,MP,All B are C/All A are B,2,All B are C,All A are B,2.15,both,True
65163,11,110,DA,All B are C/No A are B,4,All B are C,No A are B,2.5,both,True
65163,12,125,MT,All B are C/No A are C,1,All B are C,No A are C,2.0,both,True
65163,13,60,AC,All B are C/All A are C,3,All B are C,All A are C,2.2,both,True
65163,14,100,MT,All B are C/No A are C,1,All B are C,No A are C,2.0,both,True
65163,15,2,DA,All B are C/No A are B,4,All B are C,No A are B,2.5,both,True
65163,16,69,DA,All B are C/No A are B,4,All B are C,No A are B,2.5,both,True
65163,17,7,MP,All B are C/All A are B,2,All B are C,All A are B,2.15,both,True
65163,18,66,MT,All B are C/No A are C,1,All B are C,No A are C,2.0,both,True
65163,19,102,AC,All B are C/All A are C,3,All B are C,All A are C,2.2,both,True
65163,20,31,MP,All B are C/All A are B,2,All B are C,All A are B,2.15,both,True
65163,21,113,MP,All B are C/All A are B,2,All B are C,All A are B,2.15,both,True
65163,22,72,DA,All B are C/No A are B,4,All B are C,No A are B,2.5,both,True
65163,23,36,DA,All B are C/No A are B,4,All B are C,No A are B,2.5,both,True
65163,24,75,DA,All B are C/No A are B,4,All B are C,No A are B,2.5,both,True
65163,25,101,MP,All B are C/All A are B,2,All B are C,All A are B,2.15,both,True
65163,26,81,MP,All B are C/All A are B,2,All B are C,All A are B,2.15,both,True
65163,27,58,DA,All B are C/No A are B,4,All B are C,No A are B,2.5,both,True
65163,28,68,MT,All B are C/No A are C,1,All B are C,No A are C,2.0,both,True
65163,29,18,AC,All B are C/All A are C,3,All B are C,All A are C,2.2,both,True
65163,30,22,MP,All B are C/All A are B,2,All B are C,All A are B,2.15,both,True
65163,31,5,MT,All B are C/No A are C,1,All B are C,No A are C,2.0,both,True
65163,32,73,MT,All B are C/No A are C,1,All B are C,No A are C,2.0,both,True
65163,33,49,AC,All B are C/All A are C,3,All B are C,All A are C,2.2,both,True
65163,34,123,DA,All B are C/No A are B,4,All B are C,No A are B,2.5,both,True
65163,35,20,AC,All B are C/All A are C,3,All B are C,All A are C,2.2,both,True
65163,36,120,MP,All B are C/All A are B,2,All B are C,All A are B,2.15,both,True
65163,37,23,AC,All B are C/All A are C,3,All B are C,All A are C,2.2,both,True
65163,38,27,AC,All B are C/All A are C,3,All B are C,All A are C,2.2,both,True
65163,39,48,MP,All B are C/All A are B,2,All B are C,All A are B,2.15,both,True
65163,40,90,MT,All B are C/No A are C,1,All B are C,No A are C,2.0,both,True
65163,41,79,DA,All B are C/No A are B,4,All B are C,No A are B,2.5,both,True
65163,42,116,AC,All B are C/All A are C,3,All B are C,All A are C,2.2,both,True
65163,43,91,DA,All B are C/No A are B,4,All B are C,No A are B,2.5,both,True
65163,44,29,MT,All B are C/No A are C,1,All B are C,No A are C,2.0,both,True
65163,45,15,MT,All B are C/No A are C,1,All B are C,No A are C,2.0,both,True
65163,46,57,AC,All B are C/All A are C,3,All B are C,All A are C,2.2,both,True
65163,47,121,AC,All B are C/All A are C,3,All B are C,All A are C,2.2,both,True
65163,48,106,MT,All B are C/No A are C,1,All B are C,No A are C,2.0,both,True
65163,49,6,DA,All B are C/No A are B,4,All B are C,No A are B,2.5,both,True
65163,50,50,MP,All B are C/All A are B,2,All B are C,All A are B,2.15,both,True
65163,51,111,MP,All B are C/All A are B,2,All B are C,All A are B,2.15,both,True
65163,52,3,MT,All B are C/No A are C,1,All B are C,No A are C,2.0,both,True
65163,53,63,AC,All B are C/All A are C,3,All B are C,All A are C,2.2,both,True
65163,54,82,DA,All B are C/No A are B,4,All B are C,No A are B,2.5,both,True
65163,55,67,DA,All B are C/No A are B,4,All B are C,No A are B,2.5,both,True
65163,56,80,AC,All B are C/All A are C,3,All B are C,All A are C,2.2,both,True
65163,57,105,DA,All B are C/No A are B,4,All B are C,No A are B,2.5,both,True
65163,58,51,MT,All B are C/No A are C,1,All B are C,No A are C,2.0,both,True
65163,59,32,MT,All B are C/No A are C,1,All B are C,No A are C,2.0,both,True
65163,60,35,MT,All B are C/No A are C,1,All B are C,No A are C,2.0,both,True
65163,61,8,AC,All B are C/All A are C,3,All B are C,All A are C,2.2,both,True
65163,62,28,DA,All B are C/No A are B,4,All B are C,No A are B,2.5,both,True
65163,63,76,MT,All B are C/No A are C,1,All B are C,No A are C,2.0,both,True
65163,64,64,MP,All B are C/All A are B,2,All B are C,All A are B,2.15,both,True
65222,1,9,AC,All B are C/All A are C,3,All B are C,All A are C,2.1,both,True
65222,2,43,MP,All B are C/All A are B,2,All B are C,All A are B,2.0,both,True
65222,3,46,MT,All B are C/No A are C,1,All B are C,No A are C,2.0,both,True
65222,4,126,MT,All B are C/No A are C,1,All B are C,No A are C,2.0,both,True
65222,5,103,AC,All B are C/All A are C,3,All B are C,All A are C,2.1,both,True
65222,6,30,MT,All B are C/No A are C,1,All B are C,No A are C,2.0,both,True
65222,7,128,DA,All B are C/No A are B,4,All B are C,No A are B,2.75,both,True
65222,8,62,AC,All B are C/All A are C,3,All B are C,All A are C,2.1,both,True
65222,9,77,MT,All B are C/No A are C,1,All B are C,No A are C,2.0,both,True
65222,10,25,AC,All B are C/All A are C,3,All B are C,All A are C,2.1,both,True
65222,11,24,AC,All B are C/All A are C,3,All B are C,All A are C,2.1,both,True
65222,12,95,MP,All B are C/All A are B,2,All B are C,All A are B,2.0,both,True
65222,13,53,DA,All B are C/No A are B,4,All B are C,No A are B,2.75,both,True
65222,14,42,MP,All B are C/All A are B,2,All B are C,All A are B,2.0,both,True
65222,15,37,MT,All B are C/No A are C,1,All B are C,No A are C,2.0,both,True
65222,16,97,MT,All B are C/No A are C,1,All B are C,No A are C,2.0,both,True
65222,17,74,DA,All B are C/No A are B,4,All B are C,No A are B,2.75,both,True
65222,18,118,AC,All B are C/All A are C,3,All B are C,All A are C,2.1,both,True
65222,19,108,DA,All B are C/No A are B,4,All B are C,No A are B,2.75,both,True
65222,20,47,AC,All B are C/All A are C,3,All B are C,All A are C,2.1,both,True
65222,21,19,AC,All B are C/All A are C,3,All B are C,All A are C,2.1,both,True
65222,22,96,DA,All B are C/No A are B,4,All B are C,No A are B,2.75,both,True
65222,23,21,AC,All B are C/All A are C,3,All B are C,All A are C,2.1,both,True
65222,24,4,MT,All B are C/No A are C,1,All B are C,No A are C,2.0,both,True
65222,25,84,MT,All B are C/No A are C,1,All B are C,No A are C,2.0,both,True
65222,26,52,MP,All B are C/All A are B,2,All B are C,All A are B,2.0,both,True
65222,27,12,MP,All B are C/All A are B,2,All B are C,All A are B,2.0,both,True
65222,28,11,MP,All B are C/All A are B,2,All B are C,All A are B,2.0,both,True
65222,29,1,MT,All B are C/No A are C,1,All B are C,No A are C,2.0,both,True
65222,30,98,AC,All B are C/All A are C,3,All B are C,All A are C,2.1,both,True
65222,31,33,MT,All B are C/No A are C,1,All B are C,No A are C,2.0,both,True
65222,32,55,MP,All B are C/All A are B,2,All B are C,All A are B,2.0,both,True
65222,33,45,DA,All B are C/No A are B,4,All B are C,No A are B,2.75,both,True
65222,34,39,MP,All B are C/All A are B,2,All B are C,All A are B,2.0,both,True
65222,35,40,MP,All B are C/All A are B,2,All B are C,All A are B,2.0,both,True
65222,36,71,MT,All B are C/No A are C,1,All B are C,No A are C,2.0,both,True
65222,37,14,MT,All B are C/No A are C,1,All B are C,No A are C,2.0,both,True
65222,38,41,MP,All B are C/All A are B,2,All B are C,All A are B,2.0,both,True
65222,39,54,DA,All B are C/No A are B,4,All B are C,No A are B,2.75,both,True
65222,40,59,AC,All B are C/All A are C,3,All B are C,All A are C,2.1,both,True
65222,41,10,DA,All B are C/No A are B,4,All B are C,No A are B,2.75,both,True
65222,42,78,AC,All B are C/All A are C,3,All B are C,All A are C,2.1,both,True
65222,43,104,DA,All B are C/No A are B,4,All B are C,No A are B,2.75,both,True
65222,44,70,MT,All B are C/No A are C,1,All B are C,No A are C,2.0,both,True
65222,45,93,DA,All B are C/No A are B,4,All B are C,No A are B,2.75,both,True
65222,46,122,AC,All B are C/All A are C,3,All B are C,All A are C,2.1,both,True
65222,47,61,AC,All B are C/All A are C,3,All B are C,All A are C,2.1,both,True
65222,48,94,MP,All B are C/All A are B,2,All B are C,All A are B,2.0,both,True
65222,49,86,MP,All B are C/All A are B,2,All B are C,All A are B,2.0,both,True
65222,50,109,MP,All B are C/All A are B,2,All B are C,All A are B,2.0,both,True
65222,51,65,MT,All B are C/No A are C,1,All B are C,No A are C,2.0,both,True
65222,52,119,AC,All B are C/All A are C,3,All B are C,All A are C,2.1,both,True
65222,53,34,MP,All B are C/All A are B,2,All B are C,All A are B,2.0,both,True
65222,54,38,DA,All B are C/No A are B,4,All B are C,No A are B,2.75,both,True
65222,55,89,DA,All B are C/No A are B,4,All B are C,No A are B,2.75,both,True
65222,56,44,DA,All B are C/No A are B,4,All B are C,No A are B,2.75,both,True
65222,57,127,DA,All B are C/No A are B,4,All B are C,No A are B,2.75,both,True
65222,58,92,MT,All B are C/No A are C,1,All B are C,No A are C,2.0,both,True
65222,59,87,DA,All B are C/No A are B,4,All B are C,No A are B,2.75,both,True
65222,60,117,AC,All B are C/All A are C,3,All B are C,All A are C,2.1,both,True
65222,61,107,MT,All B are C/No A are C,1,All B are C,No A are C,2.0,both,True
65222,62,56,MP,All B are C/All A are B,2,All B are C,All A are B,2.0,both,True
65222,63,85,MP,All B are C/All A are B,2,All B are C,All A are B,2.0,both,True
65222,64,88,DA,All B are C/No A are B,4,All B are C,No A are B,2.75,both,True
65278,1,76,MT,All B are C/No A are C,1,All B are C,No A are C,2.0,both,True
65278,2,112,MP,All B are C/All A are B,2,All B are C,All A are B,2.75,both,True
65278,3,50,MP,All B are C/All A are B,2,All B are C,All A are B,2.75,both,True
65278,4,113,MP,All B are C/All A are B,2,All B are C,All A are B,2.75,both,True
65278,5,91,DA,All B are C/No A are B,4,All B are C,No A are B,6.65,both,True
65278,6,48,MP,All B are C/All A are B,2,All B are C,All A are B,2.75,both,True
65278,7,15,MT,All B are C/No A are C,1,All B are C,No A are C,2.0,both,True
65278,8,68,MT,All B are C/No A are C,1,All B are C,No A are C,2.0,both,True
65278,9,6,DA,All B are C/No A are B,4,All B are C,No A are B,6.65,both,True
65278,10,124,AC,All B are C/All A are C,3,All B are C,All A are C,2.85,both,True
65278,11,90,MT,All B are C/No A are C,1,All B are C,No A are C,2.0,both,True
65278,12,101,MP,All B are C/All A are B,2,All B are C,All A are B,2.75,both,True
65278,13,111,MP,All B are C/All A are B,2,All B are C,All A are B,2.75,both,True
65278,14,36,DA,All B are C/No A are B,4,All B are C,No A are B,6.65,both,True
65278,15,60,AC,All B are C/All A are C,3,All B are C,All A are C,2.85,both,True
65278,16,120,MP,All B are C/All A are B,2,All B are C,All A are B,2.75,both,True
65278,17,105,DA,All B are C/No A are B,4,All B are C,No A are B,6.65,both,True
65278,18,27,AC,All B are C/All A are C,3,All B are C,All A are C,2.85,both,True
65278,19,51,MT,All B are C/No A are C,1,All B are C,No A are C,2.0,both,True
65278,20,99,AC,All B are C/All A are C,3,All B are C,All A are C,2.85,both,True
65278,21,110,DA,All B are C/No A are B,4,All B are C,No A are B,6.65,both,True
65278,22,125,MT,All B are C/No A are C,1,All B are C,No A are C,2.0,both,True
65278,23,57,AC,All B are C/All A are C,3,All B are C,All A are C,2.85,both,True
65278,24,69,DA,All B are C/No A are B,4,All B are C,No A are B,6.65,both,True
65278,25,7,MP,All B are C/All A are B,2,All B are C,All A are B,2.75,both,True
65278,26,102,AC,All B are C/All A are C,3,All B are C,All A are C,2.85,both,True
65278,27,18,AC,All B are C/All A are C,3,All B are C,All A are C,2.85,both,True
65278,28,63,AC,All B are C/All A are C,3,All B are C,All A are C,2.85,both,True
65278,29,75,DA,All B are C/No A are B,4,All B are C,No A are B,6.65,both,True
65278,30,100,MT,All B are C/No A are C,1,All B are C,No A are C,2.0,both,True
65278,31,20,AC,All B are C/All A are C,3,All B are C,All A are C,2.85,both,True
65278,32,26,MP,All B are C/All A are B,2,All B are C,All A are B,2.75,both,True
65278,33,28,DA,All B are C/No A are B,4,All B are C,No A are B,6.65,both,True
65278,34,17,MP,All B are C/All A are B,2,All B are C,All A are B,2.75,both,True
65278,35,83,MT,All B are C/No A are C,1,All B are C,No A are C,2.0,both,True
65278,36,16,DA,All B are C/No A are B,4,All B are C,No A are B,6.65,both,True
65278,37,80,AC,All B are C/All A are C,3,All B are C,All A are C,2.85,both,True
65278,38,2,DA,All B are C/No A are B,4,All B are C,No A are B,6.65,both,True
65278,39,116,AC,All B are C/All A are C,3,All B are C,All A are C,2.85,both,True
65278,40,81,MP,All B are C/All A are B,2,All B are C,All A are B,2.75,both,True
65278,41,72,DA,All B are C/No A are B,4,All B are C,No A are B,6.65,both,True
65278,42,31,MP,All B are C/All A are B,2,All B are C,All A are B,2.75,both,True
65278,43,32,MT,All B are C/No A are C,1,All B are C,No A are C,2.0,both,True
65278,44,22,MP,All B are C/All A are B,2,All B are C,All A are B,2.75,both,True
65278,45,64,MP,All B are C/All A are B,2,All B are C,All A are B,2.75,both,True
65278,46,29,MT,All B are C/No A are C,1,All B are C,No A are C,2.0,both,True
65278,47,13,MP,All B are C/All A are B,2,All B are C,All A are B,2.75,both,True
65278,48,114,AC,All B are C/All A are C,3,All B are C,All A are C,2.85,both,True
65278,49,106,MT,All B are C/No A are C,1,All B are C,No A are C,2.0,both,True
65278,50,49,AC,All B are C/All A are C,3,All B are C,All A are C,2.85,both,True
65278,51,121,AC,All B are C/All A are C,3,All B are C,All A are C,2.85,both,True
65278,52,35,MT,All B are C/No A are C,1,All B are C,No A are C,2.0,both,True
65278,53,3,MT,All B are C/No A are C,1,All B are C,No A are C,2.0,both,True
65278,54,82,DA,All B are C/No A are B,4,All B are C,No A are B,6.65,both,True
65278,55,5,MT,All B are C/No A are C,1,All B are C,No A are C,2.0,both,True
65278,56,58,DA,All B are C/No A are B,4,All B are C,No A are B,6.65,both,True
65278,57,66,MT,All B are C/No A are C,1,All B are C,No A are C,2.0,both,True
65278,58,23,AC,All B are C/All A are C,3,All B are C,All A are C,2.85,both,True
65278,59,67,DA,All B are C/No A are B,4,All B are C,No A are B,6.65,both,True
65278,60,123,DA,All B are C/No A are B,4,All B are C,No A are B,6.65,both,True
65278,61,8,AC,All B are C/All A are C,3,All B are C,All A are C,2.85,both,True
65278,62,115,MP,All B are C/All A are B,2,All B are C,All A are B,2.75,both,True
65278,63,79,DA,All B are C/No A are B,4,All B are C,No A are B,6.65,both,True
65278,64,73,MT,All B are C/No A are C,1,All B are C,No A are C,2.0,both,True
65305,1,34,MP,All B are C/All A are B,2,All B are C,All A are B,2.0,both,True
65305,2,12,MP,All B are C/All A are B,2,All B are C,All A are B,2.0,both,True
65305,3,88,DA,All B are C/No A are B,4,All B are C,No A are B,2.75,both,True
65305,4,117,AC,All B are C/All A are C,3,All B are C,All A are C,2.1,both,True
65305,5,4,MT,All B are C/No A are C,1,All B are C,No A are C,2.0,both,True
65305,6,46,MT,All B are C/No A are C,1,All B are C,No A are C,2.0,both,True
65305,7,118,AC,All B are C/All A are C,3,All B are C,All A are C,2.1,both,True
65305,8,56,MP,All B are C/All A are B,2,All B are C,All A are B,2.0,both,True
65305,9,10,DA,All B are C/No A are B,4,All B are C,No A are B,2.75,both,True
65305,10,65,MT,All B are C/No A are C,1,All B are C,No A are C,2.0,both,True
65305,11,71,MT,All B are C/No A are C,1,All B are C,No A are C,2.0,both,True
65305,12,42,MP,All B are C/All A are B,2,All B are C,All A are B,2.0,both,True
65305,13,40,MP,All B are C/All A are B,2,All B are C,All A are B,2.0,both,True
65305,14,93,DA,All B are C/No A are B,4,All B are C,No A are B,2.75,both,True
65305,15,98,AC,All B are C/All A are C,3,All B are C,All A are C,2.1,both,True
65305,16,33,MT,All B are C/No A are C,1,All B are C,No A are C,2.0,both,True
65305,17,126,MT,All B are C/No A are C,1,All B are C,No A are C,2.0,both,True
65305,18,70,MT,All B are C/No A are C,1,All B are C,No A are C,2.0,both,True
65305,19,109,MP,All B are C/All A are B,2,All B are C,All A are B,2.0,both,True
65305,20,30,MT,All B are C/No A are C,1,All B are C,No A are C,2.0,both,True
65305,21,74,DA,All B are C/No A are B,4,All B are C,No A are B,2.75,both,True
65305,22,122,AC,All B are C/All A are C,3,All B are C,All A are C,2.1,both,True
65305,23,119,AC,All B are C/All A are C,3,All B are C,All A are C,2.1,both,True
65305,24,43,MP,All B are C/All A are B,2,All B are C,All A are B,2.0,both,True
65305,25,53,DA,All B are C/No A are B,4,All B are C,No A are B,2.75,both,True
65305,26,44,DA,All B are C/No A are B,4,All B are C,No A are B,2.75,both,True
65305,27,85,MP,All B are C/All A are B,2,All B are C,All A are B,2.0,both,True
65305,28,25,AC,All B are C/All A are C,3,All B are C,All A are C,2.1,both,True
65305,29,14,MT,All B are C/No A are C,1,All B are C,No A are C,2.0,both,True
65305,30,95,MP,All B are C/All A are B,2,All B are C,All A are B,2.0,both,True
65305,31,87,DA,All B are C/No A are B,4,All B are C,No A are B,2.75,both,True
65305,32,1,MT,All B are C/No A are C,1,All B are C,No A are C,2.0,both,True
65305,33,107,MT,All B are C/No A are C,1,All B are C,No A are C,2.0,both,True
65305,34,103,AC,All B are C/All A are C,3,All B are C,All A are C,2.1,both,True
65305,35,21,AC,All B are C/All A are C,3,All B are C,All A are C,2.1,both,True
65305,36,55,MP,All B are C/All A are B,2,All B are C,All A are B,2.0,both,True
65305,37,47,AC,All B are C/All A are C,3,All B are C,All A are C,2.1,both,True
65305,38,104,DA,All B are C/No A are B,4,All B are C,No A are B,2.75,both,True
65305,39,38,DA,All B are C/No A are B,4,All B are C,No A are B,2.75,both,True
65305,40,54,DA,All B are C/No A are B,4,All B are C,No A are B,2.75,both,True
65305,41,96,DA,All B are C/No A are B,4,All B are C,No A are B,2.75,both,True
65305,42,128,DA,All B are C/No A are B,4,All B are C,No A are B,2.75,both,True
65305,43,45,DA,All B are C/No A are B,4,All B are C,No A are B,2.75,both,True
65305,44,77,MT,All B are C/No A are C,1,All B are C,No A are C,2.0,both,True
65305,45,11,MP,All B are C/All A are B,2,All B are C,All A are B,2.0,both,True
65305,46,59,AC,All B are C/All A are C,3,All B are C,All A are C,2.1,both,True
65305,47,108,DA,All B are C/No A are B,4,All B are C,No A are B,2.75,both,True
65305,48,127,DA,All B are C/No A are B,4,All B are C,No A are B,2.75,both,True
65305,49,94,MP,All B are C/All A are B,2,All B are C,All A are B,2.0,both,True
65305,50,89,DA,All B are C/No A are B,4,All B are C,No A are B,2.75,both,True
65305,51,24,AC,All B are C/All A are C,3,All B are C,All A are C,2.1,both,True
65305,52,84,MT,All B are C/No A are C,1,All B are C,No A are C,2.0,both,True
65305,53,52,MP,All B are C/All A are B,2,All B are C,All A are B,2.0,both,True
65305,54,78,AC,All B are C/All A are C,3,All B are C,All A are C,2.1,both,True
65305,55,41,MP,All B are C/All A are B,2,All B are C,All A are B,2.0,both,True
65305,56,61,AC,All B are C/All A are C,3,All B are C,All A are C,2.1,both,True
65305,57,9,AC,All B are C/All A are C,3,All B are C,All A are C,2.1,both,True
65305,58,39,MP,All B are C/All A are B,2,All B are C,All A are B,2.0,both,True
65305,59,86,MP,All B are C/All A are B,2,All B are C,All A are B,2.0,both,True
65305,60,37,MT,All B are C/No A are C,1,All B are C,No A are C,2.0,both,True
65305,61,19,AC,All B are C/All A are C,3,All B are C,All A are C,2.1,both,True
65305,62,62,AC,All B are C/All A are C,3,All B are C,All A are C,2.1,both,True
65305,63,92,MT,All B are C/No A are C,1,All B are C,No A are C,2.0,both,True
65305,64,97,MT,All B are C/No A are C,1,All B are C,No A are C,2.0,both,True
65322,1,97,MT,All B are C/No A are C,1,All B are C,No A are C,2.0,both,True
65322,2,117,AC,All B are C/All A are C,3,All B are C,All A are C,2.85,both,True
65322,3,21,AC,All B are C/All A are C,3,All B are C,All A are C,2.85,both,True
65322,4,65,MT,All B are C/No A are C,1,All B are C,No A are C,2.0,both,True
65322,5,10,DA,All B are C/No A are B,4,All B are C,No A are B,6.65,both,True
65322,6,86,MP,All B are C/All A are B,2,All B are C,All A are B,2.75,both,True
65322,7,128,DA,All B are C/No A are B,4,All B are C,No A are B,6.65,both,True
65322,8,107,MT,All B are C/No A are C,1,All B are C,No A are C,2.0,both,True
65322,9,74,DA,All B are C/No A are B,4,All B are C,No A are B,6.65,both,True
65322,10,59,AC,All B are C/All A are C,3,All B are C,All A are C,2.85,both,True
65322,11,40,MP,All B are C/All A are B,2,All B are C,All A are B,2.75,both,True
65322,12,98,AC,All B are C/All A are C,3,All B are C,All A are C,2.85,both,True
65322,13,30,MT,All B are C/No A are C,1,All B are C,No A are C,2.0,both,True
65322,14,24,AC,All B are C/All A are C,3,All B are C,All A are C,2.85,both,True
65322,15,94,MP,All B are C/All A are B,2,All B are C,All A are B,2.75,both,True
65322,16,84,MT,All B are C/No A are C,1,All B are C,No A are C,2.0,both,True
65322,17,108,DA,All B are C/No A are B,4,All B are C,No A are B,6.65,both,True
65322,18,42,MP,All B are C/All A are B,2,All B are C,All A are B,2.75,both,True
65322,19,4,MT,All B are C/No A are C,1,All B are C,No A are C,2.0,both,True
65322,20,34,MP,All B are C/All A are B,2,All B are C,All A are B,2.75,both,True
65322,21,89,DA,All B are C/No A are B,4,All B are C,No A are B,6.65,both,True
65322,22,54,DA,All B are C/No A are B,4,All B are C,No A are B,6.65,both,True
65322,23,46,MT,All B are C/No A are C,1,All B are C,No A are C,2.0,both,True
65322,24,95,MP,All B are C/All A are B,2,All B are C,All A are B,2.75,both,True
65322,25,1,MT,All B are C/No A are C,1,All B are C,No A are C,2.0,both,True
65322,26,109,MP,All B are C/All A are B,2,All B are C,All A are B,2.75,both,True
65322,27,122,AC,All B are C/All A are C,3,All B are C,All A are C,2.85,both,True
65322,28,14,MT,All B are C/No A are C,1,All B are C,No A are C,2.0,both,True
65322,29,78,AC,All B are C/All A are C,3,All B are C,All A are C,2.85,both,True
65322,30,70,MT,All B are C/No A are C,1,All B are C,No A are C,2.0,both,True
65322,31,19,AC,All B are C/All A are C,3,All B are C,All A are C,2.85,both,True
65322,32,92,MT,All B are C/No A are C,1,All B are C,No A are C,2.0,both,True
65322,33,118,AC,All B are C/All A are C,3,All B are C,All A are C,2.85,both,True
65322,34,126,MT,All B are C/No A are C,1,All B are C,No A are C,2.0,both,True
65322,35,12,MP,All B are C/All A are B,2,All B are C,All A are B,2.75,both,True
65322,36,87,DA,All B are C/No A are B,4,All B are C,No A are B,6.65,both,True
65322,37,55,MP,All B are C/All A are B,2,All B are C,All A are B,2.75,both,True
65322,38,53,DA,All B are C/No A are B,4,All B are C,No A are B,6.65,both,True
65322,39,62,AC,All B are C/All A are C,3,All B are C,All A are C,2.85,both,True
65322,40,103,AC,All B are C/All A are C,3,All B are C,All A are C,2.85,both,True
65322,41,9,AC,All B are C/All A are C,3,All B are C,All A are C,2.85,both,True
65322,42,52,MP,All B are C/All A are B,2,All B are C,All A are B,2.75,both,True
65322,43,96,DA,All B are C/No A are B,4,All B are C,No A are B,6.65,both,True
65322,44,104,DA,All B are C/No A are B,4,All B are C,No A are B,6.65,both,True
65322,45,47,AC,All B are C/All A are C,3,All B are C,All A are C,2.85,both,True
65322,46,45,DA,All B are C/No A are B,4,All B are C,No A are B,6.65,both,True
65322,47,88,DA,All B are C/No A are B,4,All B are C,No A are B,6.65,both,True
65322,48,71,MT,All B are C/No A are C,1,All B are C,No A are C,2.0,both,True
65322,49,61,AC,All B are C/All A are C,3,All B are C,All A are C,2.85,both,True
65322,50,119,AC,All B are C/All A are C,3,All B are C,All A are C,2.85,both,True
65322,51,56,MP,All B are C/All A are B,2,All B are C,All A are B,2.75,both,True
65322,52,44,DA,All B are C/No A are B,4,All B are C,No A are B,6.65,both,True
65322,53,41,MP,All B are C/All A are B,2,All B are C,All A are B,2.75,both,True
65322,54,77,MT,All B are C/No A are C,1,All B are C,No A are C,2.0,both,True
65322,55,85,MP,All B are C/All A are B,2,All B are C,All A are B,2.75,both,True
65322,56,39,MP,All B are C/All A are B,2,All B are C,All A are B,2.75,both,True
65322,57,11,MP,All B are C/All A are B,2,All B are C,All A are B,2.75,both,True
65322,58,93,DA,All B are C/No A are B,4,All B are C,No A are B,6.65,both,True
65322,59,38,DA,All B are C/No A are B,4,All B are C,No A are B,6.65,both,True
65322,60,43,MP,All B are C/All A are B,2,All B are C,All A are B,2.75,both,True
65322,61,37,MT,All B are C/No A are C,1,All B are C,No A are C,2.0,both,True
65322,62,33,MT,All B are C/No A are C,1,All B are C,No A are C,2.0,both,True
65322,63,25,AC,All B are C/All A are C,3,All B are C,All A are C,2.85,both,True
65322,64,127,DA,All B are C/No A are B,4,All B are C,No A are B,6.65,both,True
65323,1,105,DA,All B are C/No A are B,4,All B are C,No A are B,2.75,both,True
65323,2,123,DA,All B are C/No A are B,4,All B are C,No A are B,2.75,both,True
65323,3,6,DA,All B are C/No A are B,4,All B are C,No A are B,2.75,both,True
65323,4,75,DA,All B are C/No A are B,4,All B are C,No A are B,2.75,both,True
65323,5,8,AC,All B are C/All A are C,3,All B are C,All A are C,2.1,both,True
65323,6,106,MT,All B are C/No A are C,1,All B are C,No A are C,2.0,both,True
65323,7,15,MT,All B are C/No A are C,1,All B are C,No A are C,2.0,both,True
65323,8,26,MP,All B are C/All A are B,2,All B are C,All A are B,2.0,both,True
65323,9,102,AC,All B are C/All A are C,3,All B are C,All A are C,2.1,both,True
65323,10,81,MP,All B are C/All A are B,2,All B are C,All A are B,2.0,both,True
65323,11,60,AC,All B are C/All A are C,3,All B are C,All A are C,2.1,both,True
65323,12,101,MP,All B are C/All A are B,2,All B are C,All A are B,2.0,both,True
65323,13,16,DA,All B are C/No A are B,4,All B are C,No A are B,2.75,both,True
65323,14,18,AC,All B are C/All A are C,3,All B are C,All A are C,2.1,both,True
65323,15,91,DA,All B are C/No A are B,4,All B are C,No A are B,2.75,both,True
65323,16,66,MT,All B are C/No A are C,1,All B are C,No A are C,2.0,both,True
65323,17,100,MT,All B are C/No A are C,1,All B are C,No A are C,2.0,both,True
65323,18,116,AC,All B are C/All A are C,3,All B are C,All A are C,2.1,both,True
65323,19,31,MP,All B are C/All A are B,2,All B are C,All A are B,2.0,both,True
65323,20,51,MT,All B are C/No A are C,1,All B are C,No A are C,2.0,both,True
65323,21,64,MP,All B are C/All A are B,2,All B are C,All A are B,2.0,both,True
65323,22,27,AC,All B are C/All A are C,3,All B are C,All A are C,2.1,both,True
65323,23,115,MP,All B are C/All A are B,2,All B are C,All A are B,2.0,both,True
65323,24,63,AC,All B are C/All A are C,3,All B are C,All A are C,2.1,both,True
65323,25,113,MP,All B are C/All A are B,2,All B are C,All A are B,2.0,both,True
65323,26,35,MT,All B are C/No A are C,1,All B are C,No A are C,2.0,both,True
65323,27,99,AC,All B are C/All A are C,3,All B are C,All A are C,2.1,both,True
65323,28,121,AC,All B are C/All A are C,3,All B are C,All A are C,2.1,both,True
65323,29,58,DA,All B are C/No A are B,4,All B are C,No A are B,2.75,both,True
65323,30,110,DA,All B are C/No A are B,4,All B are C,No A are B,2.75,both,True
65323,31,28,DA,All B are C/No A are B,4,All B are C,No A are B,2.75,both,True
65323,32,83,MT,All B are C/No A are C,1,All B are C,No A are C,2.0,both,True
65323,33,50,MP,All B are C/All A are B,2,All B are C,All A are B,2.0,both,True
65323,34,13,MP,All B are C/All A are B,2,All B are C,All A are B,2.0,both,True
65323,35,111,MP,All B are C/All A are B,2,All B are C,All A are B,2.0,both,True
65323,36,114,AC,All B are C/All A are C,3,All B are C,All A are C,2.1,both,True
65323,37,120,MP,All B are C/All A are B,2,All B are C,All A are B,2.0,both,True
65323,38,125,MT,All B are C/No A are C,1,All B are C,No A are C,2.0,both,True
65323,39,72,DA,All B are C/No A are B,4,All B are C,No A are B,2.75,both,True
65323,40,67,DA,All B are C/No A are B,4,All B are C,No A are B,2.75,both,True
65323,41,23,AC,All B are C/All A are C,3,All B are C,All A are C,2.1,both,True
65323,42,112,MP,All B are C/All A are B,2,All B are C,All A are B,2.0,both,True
65323,43,3,MT,All B are C/No A are C,1,All B are C,No A are C,2.0,both,True
65323,44,80,AC,All B are C/All A are C,3,All B are C,All A are C,2.1,both,True
65323,45,22,MP,All B are C/All A are B,2,All B are C,All A are B,2.0,both,True
65323,46,124,AC,All B are C/All A are C,3,All B are C,All A are C,2.1,both,True
65323,47,68,MT,All B are C/No A are C,1,All B are C,No A are C,2.0,both,True
65323,48,29,MT,All B are C/No A are C,1,All B are C,No A are C,2.0,both,True
65323,49,69,DA,All B are C/No A are B,4,All B are C,No A are B,2.75,both,True
65323,50,79,DA,All B are C/No A are B,4,All B are C,No A are B,2.75,both,True
65323,51,90,MT,All B are C/No A are C,1,All B are C,No A are C,2.0,both,True
65323,52,20,AC,All B are C/All A are C,3,All B are C,All A are C,2.1,both,True
65323,53,17,MP,All B are C/All A are B,2,All B are C,All A are B,2.0,both,True
65323,54,32,MT,All B are C/No A are C,1,All B are C,No A are C,2.0,both,True
65323,55,73,MT,All B are C/No A are C,1,All B are C,No A are C,2.0,both,True
65323,56,5,MT,All B are C/No A are C,1,All B are C,No A are C,2.0,both,True
65323,57,57,AC,All B are C/All A are C,3,All B are C,All A are C,2.1,both,True
65323,58,36,DA,All B are C/No A are B,4,All B are C,No A are B,2.75,both,True
65323,59,2,DA,All B are C/No A are B,4,All B are C,No A are B,2.75,both,True
65323,60,48,MP,All B are C/All A are B,2,All B are C,All A are B,2.0,both,True
65323,61,76,MT,All B are C/No A are C,1,All B are C,No A are C,2.0,both,True
65323,62,7,MP,All B are C/All A are B,2,All B are C,All A are B,2.0,both,True
65323,63,82,DA,All B are C/No A are B,4,All B are C,No A are B,2.75,both,True
65323,64,49,AC,All B are C/All A are C,3,All B are C,All A are C,2.1,both,True
65466,1,29,MT,All B are C/No A are C,1,All B are C,No A are C,2.0,both,True
65466,2,28,DA,All B are C/No A are B,4,All B are C,No A are B,2.75,both,True
65466,3,111,MP,All B are C/All A are B,2,All B are C,All A are B,2.0,both,True
65466,4,57,AC,All B are C/All A are C,3,All B are C,All A are C,2.1,both,True
65466,5,51,MT,All B are C/No A are C,1,All B are C,No A are C,2.0,both,True
65466,6,20,AC,All B are C/All A are C,3,All B are C,All A are C,2.1,both,True
65466,7,48,MP,All B are C/All A are B,2,All B are C,All A are B,2.0,both,True
65466,8,105,DA,All B are C/No A are B,4,All B are C,No A are B,2.75,both,True
65466,9,124,AC,All B are C/All A are C,3,All B are C,All A are C,2.1,both,True
65466,10,67,DA,All B are C/No A are B,4,All B are C,No A are B,2.75,both,True
65466,11,32,MT,All B are C/No A are C,1,All B are C,No A are C,2.0,both,True
65466,12,18,AC,All B are C/All A are C,3,All B are C,All A are C,2.1,both,True
65466,13,3,MT,All B are C/No A are C,1,All B are C,No A are C,2.0,both,True
65466,14,16,DA,All B are C/No A are B,4,All B are C,No A are B,2.75,both,True
65466,15,8,AC,All B are C/All A are C,3,All B are C,All A are C,2.1,both,True
65466,16,110,DA,All B are C/No A are B,4,All B are C,No A are B,2.75,both,True
65466,17,66,MT,All B are C/No A are C,1,All B are C,No A are C,2.0,both,True
65466,18,49,AC,All B are C/All A are C,3,All B are C,All A are C,2.1,both,True
65466,19,35,MT,All B are C/No A are C,1,All B are C,No A are C,2.0,both,True
65466,20,36,DA,All B are C/No A are B,4,All B are C,No A are B,2.75,both,True
65466,21,2,DA,All B are C/No A are B,4,All B are C,No A are B,2.75,both,True
65466,22,7,MP,All B are C/All A are B,2,All B are C,All A are B,2.0,both,True
65466,23,6,DA,All B are C/No A are B,4,All B are C,No A are B,2.75,both,True
65466,24,100,MT,All B are C/No A are C,1,All B are C,No A are C,2.0,both,True
65466,25,90,MT,All B are C/No A are C,1,All B are C,No A are C,2.0,both,True
65466,26,79,DA,All B are C/No A are B,4,All B are C,No A are B,2.75,both,True
65466,27,60,AC,All B are C/All A are C,3,All B are C,All A are C,2.1,both,True
65466,28,125,MT,All B are C/No A are C,1,All B are C,No A are C,2.0,both,True
65466,29,116,AC,All B are C/All A are C,3,All B are C,All A are C,2.1,both,True
65466,30,22,MP,All B are C/All A are B,2,All B are C,All A are B,2.0,both,True
65466,31,75,DA,All B are C/No A are B,4,All B are C,No A are B,2.75,both,True
65466,32,99,AC,All B are C/All A are C,3,All B are C,All A are C,2.1,both,True
65466,33,64,MP,All B are C/All A are B,2,All B are C,All A are B,2.0,both,True
65466,34,68,MT,All B are C/No A are C,1,All B are C,No A are C,2.0,both,True
65466,35,50,MP,All B are C/All A are B,2,All B are C,All A are B,2.0,both,True
65466,36,106,MT,All B are C/No A are C,1,All B are C,No A are C,2.0,both,True
65466,37,26,MP,All B are C/All A are B,2,All B are C,All A are B,2.0,both,True
65466,38,102,AC,All B are C/All A are C,3,All B are C,All A are C,2.1,both,True
65466,39,76,MT,All B are C/No A are C,1,All B are C,No A are C,2.0,both,True
65466,40,17,MP,All B are C/All A are B,2,All B are C,All A are B,2.0,both,True
65466,41,80,AC,All B are C/All A are C,3,All B are C,All A are C,2.1,both,True
65466,42,91,DA,All B are C/No A are B,4,All B are C,No A are B,2.75,both,True
65466,43,113,MP,All B are C/All A are B,2,All B are C,All A are B,2.0,both,True
65466,44,73,MT,All B are C/No A are C,1,All B are C,No A are C,2.0,both,True
65466,45,81,MP,All B are C/All A are B,2,All B are C,All A are B,2.0,both,True
65466,46,31,MP,All B are C/All A are B,2,All B are C,All A are B,2.0,both,True
65466,47,5,MT,All B are C/No A are C,1,All B are C,No A are C,2.0,both,True
65466,48,82,DA,All B are C/No A are B,4,All B are C,No A are B,2.75,both,True
65466,49,58,DA,All B are C/No A are B,4,All B are C,No A are B,2.75,both,True
65466,50,101,MP,All B are C/All A are B,2,All B are C,All A are B,2.0,both,True
65466,51,13,MP,All B are C/All A are B,2,All B are C,All A are B,2.0,both,True
65466,52,69,DA,All B are C/No A are B,4,All B are C,No A are B,2.75,both,True
65466,53,112,MP,All B are C/All A are B,2,All B are C,All A are B,2.0,both,True
65466,54,63,AC,All B are C/All A are C,3,All B are C,All A are C,2.1,both,True
65466,55,15,MT,All B are C/No A are C,1,All B are C,No A are C,2.0,both,True
65466,56,83,MT,All B are C/No A are C,1,All B are C,No A are C,2.0,both,True
65466,57,123,DA,All B are C/No A are B,4,All B are C,No A are B,2.75,both,True
65466,58,121,AC,All B are C/All A are C,3,All B are C,All A are C,2.1,both,True
65466,59,115,MP,All B are C/All A are B,2,All B are C,All A are B,2.0,both,True
65466,60,72,DA,All B are C/No A are B,4,All B are C,No A are B,2.75,both,True
65466,61,114,AC,All B are C/All A are C,3,All B are C,All A are C,2.1,both,True
65466,62,23,AC,All B are C/All A are C,3,All B are C,All A are C,2.1,both,True
65466,63,120,MP,All B are C/All A are B,2,All B are C,All A are B,2.0,both,True
65466,64,27,AC,All B are C/All A are C,3,All B are C,All A are C,2.1,both,True
65502,1,37,MT,All B are C/No A are C,1,All B are C,No A are C,2.0,both,True
65502,2,84,MT,All B are C/No A are C,1,All B are C,No A are C,2.0,both,True
65502,3,1,MT,All B are C/No A are C,1,All B are C,No A are C,2.0,both,True
65502,4,47,AC,All B are C/All A are C,3,All B are C,All A are C,2.85,both,True
65502,5,117,AC,All B are C/All A are C,3,All B are C,All A are C,2.85,both,True
65502,6,61,AC,All B are C/All A are C,3,All B are C,All A are C,2.85,both,True
65502,7,54,DA,All B are C/No A are B,4,All B are C,No A are B,6.65,both,True
65502,8,42,MP,All B are C/All A are B,2,All B are C,All A are B,2.75,both,True
65502,9,88,DA,All B are C/No A are B,4,All B are C,No A are B,6.65,both,True
65502,10,46,MT,All B are C/No A are C,1,All B are C,No A are C,2.0,both,True
65502,11,85,MP,All B are C/All A are B,2,All B are C,All A are B,2.75,both,True
65502,12,104,DA,All B are C/No A are B,4,All B are C,No A are B,6.65,both,True
65502,13,45,DA,All B are C/No A are B,4,All B are C,No A are B,6.65,both,True
65502,14,122,AC,All B are C/All A are C,3,All B are C,All A are C,2.85,both,True
65502,15,118,AC,All B are C/All A are C,3,All B are C,All A are C,2.85,both,True
65502,16,127,DA,All B are C/No A are B,4,All B are C,No A are B,6.65,both,True
65502,17,9,AC,All B are C/All A are C,3,All B are C,All A are C,2.85,both,True
65502,18,94,MP,All B are C/All A are B,2,All B are C,All A are B,2.75,both,True
65502,19,71,MT,All B are C/No A are C,1,All B are C,No A are C,2.0,both,True
65502,20,34,MP,All B are C/All A are B,2,All B are C,All A are B,2.75,both,True
65502,21,96,DA,All B are C/No A are B,4,All B are C,No A are B,6.65,both,True
65502,22,11,MP,All B are C/All A are B,2,All B are C,All A are B,2.75,both,True
65502,23,97,MT,All B are C/No A are C,1,All B are C,No A are C,2.0,both,True
65502,24,103,AC,All B are C/All A are C,3,All B are C,All A are C,2.85,both,True
65502,25,86,MP,All B are C/All A are B,2,All B are C,All A are B,2.75,both,True
65502,26,4,MT,All B are C/No A are C,1,All B are C,No A are C,2.0,both,True
65502,27,10,DA,All B are C/No A are B,4,All B are C,No A are B,6.65,both,True
65502,28,38,DA,All B are C/No A are B,4,All B are C,No A are B,6.65,both,True
65502,29,92,MT,All B are C/No A are C,1,All B are C,No A are C,2.0,both,True
65502,30,21,AC,All B are C/All A are C,3,All B are C,All A are C,2.85,both,True
65502,31,87,DA,All B are C/No A are B,4,All B are C,No A are B,6.65,both,True
65502,32,52,MP,All B are C/All A are B,2,All B are C,All A are B,2.75,both,True
65502,33,12,MP,All B are C/All A are B,2,All B are C,All A are B,2.75,both,True
65502,34,53,DA,All B are C/No A are B,4,All B are C,No A are B,6.65,both,True
65502,35,43,MP,All B are C/All A are B,2,All B are C,All A are B,2.75,both,True
65502,36,109,MP,All B are C/All A are B,2,All B are C,All A are B,2.75,both,True
65502,37,39,MP,All B are C/All A are B,2,All B are C,All A are B,2.75,both,True
65502,38,93,DA,All B are C/No A are B,4,All B are C,No A are B,6.65,both,True
65502,39,59,AC,All B are C/All A are C,3,All B are C,All A are C,2.85,both,True
65502,40,128,DA,All B are C/No A are B,4,All B are C,No A are B,6.65,both,True
65502,41,78,AC,All B are C/All A are C,3,All B are C,All A are C,2.85,both,True
65502,42,65,MT,All B are C/No A are C,1,All B are C,No A are C,2.0,both,True
65502,43,70,MT,All B are C/No A are C,1,All B are C,No A are C,2.0,both,True
65502,44,41,MP,All B are C/All A are B,2,All B are C,All A are B,2.75,both,True
65502,45,77,MT,All B are C/No A are C,1,All B are C,No A are C,2.0,both,True
65502,46,119,AC,All B are C/All A are C,3,All B are C,All A are C,2.85,both,True
65502,47,24,AC,All B are C/All A are C,3,All B are C,All A are C,2.85,both,True
65502,48,25,AC,All B are C/All A are C,3,All B are C,All A are C,2.85,both,True
65502,49,40,MP,All B are C/All A are B,2,All B are C,All A are B,2.75,both,True
65502,50,62,AC,All B are C/All A are C,3,All B are C,All A are C,2.85,both,True
65502,51,89,DA,All B are C/No A are B,4,All B are C,No A are B,6.65,both,True
65502,52,98,AC,All B are C/All A are C,3,All B are C,All A are C,2.85,both,True
65502,53,107,MT,All B are C/No A are C,1,All B are C,No A are C,2.0,both,True
65502,54,74,DA,All B are C/No A are B,4,All B are C,No A are B,6.65,both,True
65502,55,14,MT,All B are C/No A are C,1,All B are C,No A are C,2.0,both,True
65502,56,33,MT,All B are C/No A are C,1,All B are C,No A are C,2.0,both,True
65502,57,56,MP,All B are C/All A are B,2,All B are C,All A are B,2.75,both,True
65502,58,95,MP,All B are C/All A are B,2,All B are C,All A are B,2.75,both,True
65502,59,44,DA,All B are C/No A are B,4,All B are C,No A are B,6.65,both,True
65502,60,55,MP,All B are C/All A are B,2,All B are C,All A are B,2.75,both,True
65502,61,108,DA,All B are C/No A are B,4,All B are C,No A are B,6.65,both,True
65502,62,126,MT,All B are C/No A are C,1,All B are C,No A are C,2.0,both,True
65502,63,19,AC,All B are C/All A are C,3,All B are C,All A are C,2.85,both,True
65502,64,30,MT,All B are C/No A are C,1,All B are C,No A are C,2.0,both,True
65554,1,125,MT,All B are C/No A are C,1,All B are C,No A are C,2.0,both,True
65554,2,20,AC,All B are C/All A are C,3,All B are C,All A are C,2.85,both,True
65554,3,124,AC,All B are C/All A are C,3,All B are C,All A are C,2.85,both,True
65554,4,49,AC,All B are C/All A are C,3,All B are C,All A are C,2.85,both,True
65554,5,111,MP,All B are C/All A are B,2,All B are C,All A are B,2.75,both,True
65554,6,101,MP,All B are C/All A are B,2,All B are C,All A are B,2.75,both,True
65554,7,64,MP,All B are C/All A are B,2,All B are C,All A are B,2.75,both,True
65554,8,57,AC,All B are C/All A are C,3,All B are C,All A are C,2.85,both,True
65554,9,50,MP,All B are C/All A are B,2,All B are C,All A are B,2.75,both,True
65554,10,2,DA,All B are C/No A are B,4,All B are C,No A are B,6.65,both,True
65554,11,3,MT,All B are C/No A are C,1,All B are C,No A are C,2.0,both,True
65554,12,23,AC,All B are C/All A are C,3,All B are C,All A are C,2.85,both,True
65554,13,36,DA,All B are C/No A are B,4,All B are C,No A are B,6.65,both,True
65554,14,63,AC,All B are C/All A are C,3,All B are C,All A are C,2.85,both,True
65554,15,31,MP,All B are C/All A are B,2,All B are C,All A are B,2.75,both,True
65554,16,67,DA,All B are C/No A are B,4,All B are C,No A are B,6.65,both,True
65554,17,83,MT,All B are C/No A are C,1,All B are C,No A are C,2.0,both,True
65554,18,7,MP,All B are C/All A are B,2,All B are C,All A are B,2.75,both,True
65554,19,26,MP,All B are C/All A are B,2,All B are C,All A are B,2.75,both,True
65554,20,8,AC,All B are C/All A are C,3,All B are C,All A are C,2.85,both,True
65554,21,113,MP,All B are C/All A are B,2,All B are C,All A are B,2.75,both,True
65554,22,105,DA,All B are C/No A are B,4,All B are C,No A are B,6.65,both,True
65554,23,22,MP,All B are C/All A are B,2,All B are C,All A are B,2.75,both,True
65554,24,76,MT,All B are C/No A are C,1,All B are C,No A are C,2.0,both,True
65554,25,73,MT,All B are C/No A are C,1,All B are C,No A are C,2.0,both,True
65554,26,16,DA,All B are C/No A are B,4,All B are C,No A are B,6.65,both,True
65554,27,60,AC,All B are C/All A are C,3,All B are C,All A are C,2.85,both,True
65554,28,90,MT,All B are C/No A are C,1,All B are C,No A are C,2.0,both,True
65554,29,5,MT,All B are C/No A are C,1,All B are C,No A are C,2.0,both,True
65554,30,120,MP,All B are C/All A are B,2,All B are C,All A are B,2.75,both,True
65554,31,75,DA,All B are C/No A are B,4,All B are C,No A are B,6.65,both,True
65554,32,32,MT,All B are C/No A are C,1,All B are C,No A are C,2.0,both,True
65554,33,69,DA,All B are C/No A are B,4,All B are C,No A are B,6.65,both,True
65554,34,81,MP,All B are C/All A are B,2,All B are C,All A are B,2.75,both,True
65554,35,48,MP,All B are C/All A are B,2,All B are C,All A are B,2.75,both,True
65554,36,79,DA,All B are C/No A are B,4,All B are C,No A are B,6.65,both,True
65554,37,91,DA,All B are C/No A are B,4,All B are C,No A are B,6.65,both,True
65554,38,29,MT,All B are C/No A are C,1,All B are C,No A are C,2.0,both,True
65554,39,112,MP,All B are C/All A are B,2,All B are C,All A are B,2.75,both,True
65554,40,35,MT,All B are C/No A are C,1,All B are C,No A are C,2.0,both,True
65554,41,13,MP,All B are C/All A are B,2,All B are C,All A are B,2.75,both,True
65554,42,80,AC,All B are C/All A are C,3,All B are C,All A are C,2.85,both,True
65554,43,121,AC,All B are C/All A are C,3,All B are C,All A are C,2.85,both,True
65554,44,106,MT,All B are C/No A are C,1,All B are C,No A are C,2.0,both,True
65554,45,123,DA,All B are C/No A are B,4,All B are C,No A are B,6.65,both,True
65554,46,58,DA,All B are C/No A are B,4,All B are C,No A are B,6.65,both,True
65554,47,116,AC,All B are C/All A are C,3,All B are C,All A are C,2.85,both,True
65554,48,28,DA,All B are C/No A are B,4,All B are C,No A are B,6.65,both,True
65554,49,27,AC,All B are C/All A are C,3,All B are C,All A are C,2.85,both,True
65554,50,68,MT,All B are C/No A are C,1,All B are C,No A are C,2.0,both,True
65554,51,114,AC,All B are C/All A are C,3,All B are C,All A are C,2.85,both,True
65554,52,51,MT,All B are C/No A are C,1,All B are C,No A are C,2.0,both,True
65554,53,15,MT,All B are C/No A are C,1,All B are C,No A are C,2.0,both,True
65554,54,82,DA,All B are C/No A are B,4,All B are C,No A are B,6.65,both,True
65554,55,72,DA,All B are C/No A are B,4,All B are C,No A are B,6.65,both,True
65554,56,17,MP,All B are C/All A are B,2,All B are C,All A are B,2.75,both,True
65554,57,18,AC,All B are C/All A are C,3,All B are C,All A are C,2.85,both,True
65554,58,6,DA,All B are C/No A are B,4,All B are C,No A are B,6.65,both,True
65554,59,66,MT,All B are C/No A are C,1,All B are C,No A are C,2.0,both,True
65554,60,102,AC,All B are C/All A are C,3,All B are C,All A are C,2.85,both,True
65554,61,110,DA,All B are C/No A are B,4,All B are C,No A are B,6.65,both,True
65554,62,99,AC,All B are C/All A are C,3,All B are C,All A are C,2.85,both,True
65554,63,115,MP,All B are C/All A are B,2,All B are C,All A are B,2.75,both,True
65554,64,100,MT,All B are C/No A are C,1,All B are C,No A are C,2.0,both,True
65585,1,109,MP,All B are C/All A are B,2,All B are C,All A are B,2.75,both,True
65585,2,55,MP,All B are C/All A are B,2,All B are C,All A are B,2.75,both,True
65585,3,127,DA,All B are C/No A are B,4,All B are C,No A are B,6.65,both,True
65585,4,93,DA,All B are C/No A are B,4,All B are C,No A are B,6.65,both,True
65585,5,40,MP,All B are C/All A are B,2,All B are C,All A are B,2.75,both,True
65585,6,84,MT,All B are C/No A are C,1,All B are C,No A are C,2.0,both,True
65585,7,87,DA,All B are C/No A are B,4,All B are C,No A are B,6.65,both,True
65585,8,34,MP,All B are C/All A are B,2,All B are C,All A are B,2.75,both,True
65585,9,59,AC,All B are C/All A are C,3,All B are C,All A are C,2.85,both,True
65585,10,30,MT,All B are C/No A are C,1,All B are C,No A are C,2.0,both,True
65585,11,38,DA,All B are C/No A are B,4,All B are C,No A are B,6.65,both,True
65585,12,61,AC,All B are C/All A are C,3,All B are C,All A are C,2.85,both,True
65585,13,97,MT,All B are C/No A are C,1,All B are C,No A are C,2.0,both,True
65585,14,94,MP,All B are C/All A are B,2,All B are C,All A are B,2.75,both,True
65585,15,122,AC,All B are C/All A are C,3,All B are C,All A are C,2.85,both,True
65585,16,85,MP,All B are C/All A are B,2,All B are C,All A are B,2.75,both,True
65585,17,70,MT,All B are C/No A are C,1,All B are C,No A are C,2.0,both,True
65585,18,118,AC,All B are C/All A are C,3,All B are C,All A are C,2.85,both,True
65585,19,92,MT,All B are C/No A are C,1,All B are C,No A are C,2.0,both,True
65585,20,47,AC,All B are C/All A are C,3,All B are C,All A are C,2.85,both,True
65585,21,95,MP,All B are C/All A are B,2,All B are C,All A are B,2.75,both,True
65585,22,52,MP,All B are C/All A are B,2,All B are C,All A are B,2.75,both,True
65585,23,44,DA,All B are C/No A are B,4,All B are C,No A are B,6.65,both,True
65585,24,11,MP,All B are C/All A are B,2,All B are C,All A are B,2.75,both,True
65585,25,86,MP,All B are C/All A are B,2,All B are C,All A are B,2.75,both,True
65585,26,62,AC,All B are C/All A are C,3,All B are C,All A are C,2.85,both,True
65585,27,71,MT,All B are C/No A are C,1,All B are C,No A are C,2.0,both,True
65585,28,119,AC,All B are C/All A are C,3,All B are C,All A are C,2.85,both,True
65585,29,78,AC,All B are C/All A are C,3,All B are C,All A are C,2.85,both,True
65585,30,128,DA,All B are C/No A are B,4,All B are C,No A are B,6.65,both,True
65585,31,37,MT,All B are C/No A are C,1,All B are C,No A are C,2.0,both,True
65585,32,65,MT,All B are C/No A are C,1,All B are C,No A are C,2.0,both,True
65585,33,41,MP,All B are C/All A are B,2,All B are C,All A are B,2.75,both,True
65585,34,98,AC,All B are C/All A are C,3,All B are C,All A are C,2.85,both,True
65585,35,54,DA,All B are C/No A are B,4,All B are C,No A are B,6.65,both,True
65585,36,74,DA,All B are C/No A are B,4,All B are C,No A are B,6.65,both,True
65585,37,117,AC,All B are C/All A are C,3,All B are C,All A are C,2.85,both,True
65585,38,107,MT,All B are C/No A are C,1,All B are C,No A are C,2.0,both,True
65585,39,39,MP,All B are C/All A are B,2,All B are C,All A are B,2.75,both,True
65585,40,45,DA,All B are C/No A are B,4,All B are C,No A are B,6.65,both,True
65585,41,12,MP,All B are C/All A are B,2,All B are C,All A are B,2.75,both,True
65585,42,108,DA,All B are C/No A are B,4,All B are C,No A are B,6.65,both,True
65585,43,4,MT,All B are C/No A are C,1,All B are C,No A are C,2.0,both,True
65585,44,42,MP,All B are C/All A are B,2,All B are C,All A are B,2.75,both,True
65585,45,104,DA,All B are C/No A are B,4,All B are C,No A are B,6.65,both,True
65585,46,1,MT,All B are C/No A are C,1,All B are C,No A are C,2.0,both,True
65585,47,56,MP,All B are C/All A are B,2,All B are C,All A are B,2.75,both,True
65585,48,46,MT,All B are C/No A are C,1,All B are C,No A are C,2.0,both,True
65585,49,88,DA,All B are C/No A are B,4,All B are C,No A are B,6.65,both,True
65585,50,103,AC,All B are C/All A are C,3,All B are C,All A are C,2.85,both,True
65585,51,21,AC,All B are C/All A are C,3,All B are C,All A are C,2.85,both,True
65585,52,33,MT,All B are C/No A are C,1,All B are C,No A are C,2.0,both,True
65585,53,96,DA,All B are C/No A are B,4,All B are C,No A are B,6.65,both,True
65585,54,53,DA,All B are C/No A are B,4,All B are C,No A are B,6.65,both,True
65585,55,9,AC,All B are C/All A are C,3,All B are C,All A are C,2.85,both,True
65585,56,14,MT,All B are C/No A are C,1,All B are C,No A are C,2.0,both,True
65585,57,24,AC,All B are C/All A are C,3,All B are C,All A are C,2.85,both,True
65585,58,77,MT,All B are C/No A are C,1,All B are C,No A are C,2.0,both,True
65585,59,10,DA,All B are C/No A are B,4,All B are C,No A are B,6.65,both,True
65585,60,19,AC,All B are C/All A are C,3,All B are C,All A are C,2.85,both,True
65585,61,126,MT,All B are C/No A are C,1,All B are C,No A are C,2.0,both,True
65585,62,89,DA,All B are C/No A are B,4,All B are C,No A are B,6.65,both,True
65585,63,25,AC,All B are C/All A are C,3,All B are C,All A are C,2.85,both,True
65585,64,43,MP,All B are C/All A are B,2,All B are C,All A are B,2.75,both,True
65909,1,44,DA,All B are C/No A are B,4,All B are C,No A are B,2.75,both,True
65909,2,117,AC,All B are C/All A are C,3,All B are C,All A are C,2.1,both,True
65909,3,104,DA,All B are C/No A are B,4,All B are C,No A are B,2.75,both,True
65909,4,25,AC,All B are C/All A are C,3,All B are C,All A are C,2.1,both,True
65909,5,74,DA,All B are C/No A are B,4,All B are C,No A are B,2.75,both,True
65909,6,85,MP,All B are C/All A are B,2,All B are C,All A are B,2.0,both,True
65909,7,42,MP,All B are C/All A are B,2,All B are C,All A are B,2.0,both,True
65909,8,43,MP,All B are C/All A are B,2,All B are C,All A are B,2.0,both,True
65909,9,71,MT,All B are C/No A are C,1,All B are C,No A are C,2.0,both,True
65909,10,55,MP,All B are C/All A are B,2,All B are C,All A are B,2.0,both,True
65909,11,47,AC,All B are C/All A are C,3,All B are C,All A are C,2.1,both,True
65909,12,62,AC,All B are C/All A are C,3,All B are C,All A are C,2.1,both,True
65909,13,19,AC,All B are C/All A are C,3,All B are C,All A are C,2.1,both,True
65909,14,98,AC,All B are C/All A are C,3,All B are C,All A are C,2.1,both,True
65909,15,78,AC,All B are C/All A are C,3,All B are C,All A are C,2.1,both,True
65909,16,45,DA,All B are C/No A are B,4,All B are C,No A are B,2.75,both,True
65909,17,107,MT,All B are C/No A are C,1,All B are C,No A are C,2.0,both,True
65909,18,109,MP,All B are C/All A are B,2,All B are C,All A are B,2.0,both,True
65909,19,56,MP,All B are C/All A are B,2,All B are C,All A are B,2.0,both,True
65909,20,61,AC,All B are C/All A are C,3,All B are C,All A are C,2.1,both,True
65909,21,86,MP,All B are C/All A are B,2,All B are C,All A are B,2.0,both,True
65909,22,53,DA,All B are C/No A are B,4,All B are C,No A are B,2.75,both,True
65909,23,108,DA,All B are C/No A are B,4,All B are C,No A are B,2.75,both,True
65909,24,24,AC,All B are C/All A are C,3,All B are C,All A are C,2.1,both,True
65909,25,93,DA,All B are C/No A are B,4,All B are C,No A are B,2.75,both,True
65909,26,40,MP,All B are C/All A are B,2,All B are C,All A are B,2.0,both,True
65909,27,70,MT,All B are C/No A are C,1,All B are C,No A are C,2.0,both,True
65909,28,87,DA,All B are C/No A are B,4,All B are C,No A are B,2.75,both,True
65909,29,95,MP,All B are C/All A are B,2,All B are C,All A are B,2.0,both,True
65909,30,84,MT,All B are C/No A are C,1,All B are C,No A are C,2.0,both,True
65909,31,128,DA,All B are C/No A are B,4,All B are C,No A are B,2.75,both,True
65909,32,30,MT,All B are C/No A are C,1,All B are C,No A are C,2.0,both,True
65909,33,46,MT,All B are C/No A are C,1,All B are C,No A are C,2.0,both,True
65909,34,14,MT,All B are C/No A are C,1,All B are C,No A are C,2.0,both,True
65909,35,38,DA,All B are C/No A are B,4,All B are C,No A are B,2.75,both,True
65909,36,89,DA,All B are C/No A are B,4,All B are C,No A are B,2.75,both,True
65909,37,65,MT,All B are C/No A are C,1,All B are C,No A are C,2.0,both,True
65909,38,34,MP,All B are C/All A are B,2,All B are C,All A are B,2.0,both,True
65909,39,97,MT,All B are C/No A are C,1,All B are C,No A are C,2.0,both,True
65909,40,122,AC,All B are C/All A are C,3,All B are C,All A are C,2.1,both,True
65909,41,118,AC,All B are C/All A are C,3,All B are C,All A are C,2.1,both,True
65909,42,88,DA,All B are C/No A are B,4,All B are C,No A are B,2.75,both,True
65909,43,126,MT,All B are C/No A are C,1,All B are C,No A are C,2.0,both,True
65909,44,77,MT,All B are C/No A are C,1,All B are C,No A are C,2.0,both,True
65909,45,21,AC,All B are C/All A are C,3,All B are C,All A are C,2.1,both,True
65909,46,127,DA,All B are C/No A are B,4,All B are C,No A are B,2.75,both,True
65909,47,9,AC,All B are C/All A are C,3,All B are C,All A are C,2.1,both,True
65909,48,92,MT,All B are C/No A are C,1,All B are C,No A are C,2.0,both,True
65909,49,39,MP,All B are C/All A are B,2,All B are C,All A are B,2.0,both,True
65909,50,103,AC,All B are C/All A are C,3,All B are C,All A are C,2.1,both,True
65909,51,10,DA,All B are C/No A are B,4,All B are C,No A are B,2.75,both,True
65909,52,96,DA,All B are C/No A are B,4,All B are C,No A are B,2.75,both,True
65909,53,33,MT,All B are C/No A are C,1,All B are C,No A are C,2.0,both,True
65909,54,12,MP,All B are C/All A are B,2,All B are C,All A are B,2.0,both,True
65909,55,11,MP,All B are C/All A are B,2,All B are C,All A are B,2.0,both,True
65909,56,52,MP,All B are C/All A are B,2,All B are C,All A are B,2.0,both,True
65909,57,94,MP,All B are C/All A are B,2,All B are C,All A are B,2.0,both,True
65909,58,41,MP,All B are C/All A are B,2,All B are C,All A are B,2.0,both,True
65909,59,54,DA,All B are C/No A are B,4,All B are C,No A are B,2.75,both,True
65909,60,1,MT,All B are C/No A are C,1,All B are C,No A are C,2.0,both,True
65909,61,119,AC,All B are C/All A are C,3,All B are C,All A are C,2.1,both,True
65909,62,37,MT,All B are C/No A are C,1,All B are C,No A are C,2.0,both,True
65909,63,59,AC,All B are C/All A are C,3,All B are C,All A are C,2.1,both,True
65909,64,4,MT,All B are C/No A are C,1,All B are C,No A are C,2.0,both,True
65973,1,125,MT,All B are C/No A are C,1,All B are C,No A are C,2.0,both,True
65973,2,116,AC,All B are C/All A are C,3,All B are C,All A are C,2.85,both,True
65973,3,90,MT,All B are C/No A are C,1,All B are C,No A are C,2.0,both,True
65973,4,105,DA,All B are C/No A are B,4,All B are C,No A are B,6.65,both,True
65973,5,123,DA,All B are C/No A are B,4,All B are C,No A are B,6.65,both,True
65973,6,64,MP,All B are C/All A are B,2,All B are C,All A are B,2.75,both,True
65973,7,51,MT,All B are C/No A are C,1,All B are C,No A are C,2.0,both,True
65973,8,17,MP,All B are C/All A are B,2,All B are C,All A are B,2.75,both,True
65973,9,15,MT,All B are C/No A are C,1,All B are C,No A are C,2.0,both,True
65973,10,69,DA,All B are C/No A are B,4,All B are C,No A are B,6.65,both,True
65973,11,50,MP,All B are C/All A are B,2,All B are C,All A are B,2.75,both,True
65973,12,81,MP,All B are C/All A are B,2,All B are C,All A are B,2.75,both,True
65973,13,115,MP,All B are C/All A are B,2,All B are C,All A are B,2.75,both,True
65973,14,6,DA,All B are C/No A are B,4,All B are C,No A are B,6.65,both,True
65973,15,31,MP,All B are C/All A are B,2,All B are C,All A are B,2.75,both,True
65973,16,66,MT,All B are C/No A are C,1,All B are C,No A are C,2.0,both,True
65973,17,102,AC,All B are C/All A are C,3,All B are C,All A are C,2.85,both,True
65973,18,32,MT,All B are C/No A are C,1,All B are C,No A are C,2.0,both,True
65973,19,63,AC,All B are C/All A are C,3,All B are C,All A are C,2.85,both,True
65973,20,124,AC,All B are C/All A are C,3,All B are C,All A are C,2.85,both,True
65973,21,26,MP,All B are C/All A are B,2,All B are C,All A are B,2.75,both,True
65973,22,36,DA,All B are C/No A are B,4,All B are C,No A are B,6.65,both,True
65973,23,113,MP,All B are C/All A are B,2,All B are C,All A are B,2.75,both,True
65973,24,75,DA,All B are C/No A are B,4,All B are C,No A are B,6.65,both,True
65973,25,57,AC,All B are C/All A are C,3,All B are C,All A are C,2.85,both,True
65973,26,58,DA,All B are C/No A are B,4,All B are C,No A are B,6.65,both,True
65973,27,82,DA,All B are C/No A are B,4,All B are C,No A are B,6.65,both,True
65973,28,23,AC,All B are C/All A are C,3,All B are C,All A are C,2.85,both,True
65973,29,112,MP,All B are C/All A are B,2,All B are C,All A are B,2.75,both,True
65973,30,114,AC,All B are C/All A are C,3,All B are C,All A are C,2.85,both,True
65973,31,28,DA,All B are C/No A are B,4,All B are C,No A are B,6.65,both,True
65973,32,60,AC,All B are C/All A are C,3,All B are C,All A are C,2.85,both,True
65973,33,106,MT,All B are C/No A are C,1,All B are C,No A are C,2.0,both,True
65973,34,20,AC,All B are C/All A are C,3,All B are C,All A are C,2.85,both,True
65973,35,22,MP,All B are C/All A are B,2,All B are C,All A are B,2.75,both,True
65973,36,76,MT,All B are C/No A are C,1,All B are C,No A are C,2.0,both,True
65973,37,79,DA,All B are C/No A are B,4,All B are C,No A are B,6.65,both,True
65973,38,29,MT,All B are C/No A are C,1,All B are C,No A are C,2.0,both,True
65973,39,121,AC,All B are C/All A are C,3,All B are C,All A are C,2.85,both,True
65973,40,91,DA,All B are C/No A are B,4,All B are C,No A are B,6.65,both,True
65973,41,83,MT,All B are C/No A are C,1,All B are C,No A are C,2.0,both,True
65973,42,72,DA,All B are C/No A are B,4,All B are C,No A are B,6.65,both,True
65973,43,49,AC,All B are C/All A are C,3,All B are C,All A are C,2.85,both,True
65973,44,99,AC,All B are C/All A are C,3,All B are C,All A are C,2.85,both,True
65973,45,27,AC,All B are C/All A are C,3,All B are C,All A are C,2.85,both,True
65973,46,18,AC,All B are C/All A are C,3,All B are C,All A are C,2.85,both,True
65973,47,5,MT,All B are C/No A are C,1,All B are C,No A are C,2.0,both,True
65973,48,110,DA,All B are C/No A are B,4,All B are C,No A are B,6.65,both,True
65973,49,111,MP,All B are C/All A are B,2,All B are C,All A are B,2.75,both,True
65973,50,16,DA,All B are C/No A are B,4,All B are C,No A are B,6.65,both,True
65973,51,68,MT,All B are C/No A are C,1,All B are C,No A are C,2.0,both,True
65973,52,100,MT,All B are C/No A are C,1,All B are C,No A are C,2.0,both,True
65973,53,7,MP,All B are C/All A are B,2,All B are C,All A are B,2.75,both,True
65973,54,120,MP,All B are C/All A are B,2,All B are C,All A are B,2.75,both,True
65973,55,13,MP,All B are C/All A are B,2,All B are C,All A are B,2.75,both,True
65973,56,73,MT,All B are C/No A are C,1,All B are C,No A are C,2.0,both,True
65973,57,2,DA,All B are C/No A are B,4,All B are C,No A are B,6.65,both,True
65973,58,80,AC,All B are C/All A are C,3,All B are C,All A are C,2.85,both,True
65973,59,35,MT,All B are C/No A are C,1,All B are C,No A are C,2.0,both,True
65973,60,48,MP,All B are C/All A are B,2,All B are C,All A are B,2.75,both,True
65973,61,67,DA,All B are C/No A are B,4,All B are C,No A are B,6.65,both,True
65973,62,8,AC,All B are C/All A are C,3,All B are C,All A are C,2.85,both,True
65973,63,3,MT,All B are C/No A are C,1,All B are C,No A are C,2.0,both,True
65973,64,101,MP,All B are C/All A are B,2,All B are C,All A are B,2.75,both,True
65995,1,44,DA,All B are C/No A are B,4,All B are C,No A are B,2.75,both,True
65995,2,84,MT,All B are C/No A are C,1,All B are C,No A are C,2.0,both,True
65995,3,89,DA,All B are C/No A are B,4,All B are C,No A are B,2.75,both,True
65995,4,62,AC,All B are C/All A are C,3,All B are C,All A are C,2.1,both,True
65995,5,45,DA,All B are C/No A are B,4,All B are C,No A are B,2.75,both,True
65995,6,30,MT,All B are C/No A are C,1,All B are C,No A are C,2.0,both,True
65995,7,55,MP,All B are C/All A are B,2,All B are C,All A are B,2.0,both,True
65995,8,4,MT,All B are C/No A are C,1,All B are C,No A are C,2.0,both,True
65995,9,56,MP,All B are C/All A are B,2,All B are C,All A are B,2.0,both,True
65995,10,74,DA,All B are C/No A are B,4,All B are C,No A are B,2.75,both,True
65995,11,127,DA,All B are C/No A are B,4,All B are C,No A are B,2.75,both,True
65995,12,24,AC,All B are C/All A are C,3,All B are C,All A are C,2.1,both,True
65995,13,94,MP,All B are C/All A are B,2,All B are C,All A are B,2.0,both,True
65995,14,33,MT,All B are C/No A are C,1,All B are C,No A are C,2.0,both,True
65995,15,87,DA,All B are C/No A are B,4,All B are C,No A are B,2.75,both,True
65995,16,71,MT,All B are C/No A are C,1,All B are C,No A are C,2.0,both,True
65995,17,104,DA,All B are C/No A are B,4,All B are C,No A are B,2.75,both,True
65995,18,52,MP,All B are C/All A are B,2,All B are C,All A are B,2.0,both,True
65995,19,119,AC,All B are C/All A are C,3,All B are C,All A are C,2.1,both,True
65995,20,47,AC,All B are C/All A are C,3,All B are C,All A are C,2.1,both,True
65995,21,65,MT,All B are C/No A are C,1,All B are C,No A are C,2.0,both,True
65995,22,93,DA,All B are C/No A are B,4,All B are C,No A are B,2.75,both,True
65995,23,128,DA,All B are C/No A are B,4,All B are C,No A are B,2.75,both,True
65995,24,92,MT,All B are C/No A are C,1,All B are C,No A are C,2.0,both,True
65995,25,103,AC,All B are C/All A are C,3,All B are C,All A are C,2.1,both,True
65995,26,118,AC,All B are C/All A are C,3,All B are C,All A are C,2.1,both,True
65995,27,9,AC,All B are C/All A are C,3,All B are C,All A are C,2.1,both,True
65995,28,19,AC,All B are C/All A are C,3,All B are C,All A are C,2.1,both,True
65995,29,61,AC,All B are C/All A are C,3,All B are C,All A are C,2.1,both,True
65995,30,34,MP,All B are C/All A are B,2,All B are C,All A are B,2.0,both,True
65995,31,78,AC,All B are C/All A are C,3,All B are C,All A are C,2.1,both,True
65995,32,96,DA,All B are C/No A are B,4,All B are C,No A are B,2.75,both,True
65995,33,39,MP,All B are C/All A are B,2,All B are C,All A are B,2.0,both,True
65995,34,95,MP,All B are C/All A are B,2,All B are C,All A are B,2.0,both,True
65995,35,70,MT,All B are C/No A are C,1,All B are C,No A are C,2.0,both,True
65995,36,97,MT,All B are C/No A are C,1,All B are C,No A are C,2.0,both,True
65995,37,38,DA,All B are C/No A are B,4,All B are C,No A are B,2.75,both,True
65995,38,59,AC,All B are C/All A are C,3,All B are C,All A are C,2.1,both,True
65995,39,85,MP,All B are C/All A are B,2,All B are C,All A are B,2.0,both,True
65995,40,37,MT,All B are C/No A are C,1,All B are C,No A are C,2.0,both,True
65995,41,108,DA,All B are C/No A are B,4,All B are C,No A are B,2.75,both,True
65995,42,43,MP,All B are C/All A are B,2,All B are C,All A are B,2.0,both,True
65995,43,88,DA,All B are C/No A are B,4,All B are C,No A are B,2.75,both,True
65995,44,126,MT,All B are C/No A are C,1,All B are C,No A are C,2.0,both,True
65995,45,21,AC,All B are C/All A are C,3,All B are C,All A are C,2.1,both,True
65995,46,54,DA,All B are C/No A are B,4,All B are C,No A are B,2.75,both,True
65995,47,40,MP,All B are C/All A are B,2,All B are C,All A are B,2.0,both,True
65995,48,122,AC,All B are C/All A are C,3,All B are C,All A are C,2.1,both,True
65995,49,77,MT,All B are C/No A are C,1,All B are C,No A are C,2.0,both,True
65995,50,46,MT,All B are C/No A are C,1,All B are C,No A are C,2.0,both,True
65995,51,11,MP,All B are C/All A are B,2,All B are C,All A are B,2.0,both,True
65995,52,53,DA,All B are C/No A are B,4,All B are C,No A are B,2.75,both,True
65995,53,41,MP,All B are C/All A are B,2,All B are C,All A are B,2.0,both,True
65995,54,42,MP,All B are C/All A are B,2,All B are C,All A are B,2.0,both,True
65995,55,98,AC,All B are C/All A are C,3,All B are C,All A are C,2.1,both,True
65995,56,86,MP,All B are C/All A are B,2,All B are C,All A are B,2.0,both,True
65995,57,25,AC,All B are C/All A are C,3,All B are C,All A are C,2.1,both,True
65995,58,12,MP,All B are C/All A are B,2,All B are C,All A are B,2.0,both,True
65995,59,117,AC,All B are C/All A are C,3,All B are C,All A are C,2.1,both,True
65995,60,10,DA,All B are C/No A are B,4,All B are C,No A are B,2.75,both,True
65995,61,109,MP,All B are C/All A are B,2,All B are C,All A are B,2.0,both,True
65995,62,107,MT,All B are C/No A are C,1,All B are C,No A are C,2.0,both,True
65995,63,14,MT,All B are C/No A are C,1,All B are C,No A are C,2.0,both,True
65995,64,1,MT,All B are C/No A are C,1,All B are C,No A are C,2.0,both,True
66020,1,12,MP,All B are C/All A are B,2,All B are C,All A are B,2.0,both,True
66020,2,14,MT,All B are C/No A are C,1,All B are C,No A are C,2.0,both,True
66020,3,98,AC,All B are C/All A are C,3,All B are C,All A are C,2.1,both,True
66020,4,86,MP,All B are C/All A are B,2,All B are C,All A are B,2.0,both,True
66020,5,54,DA,All B are C/No A are B,4,All B are C,No A are B,2.75,both,True
66020,6,43,MP,All B are C/All A are B,2,All B are C,All A are B,2.0,both,True
66020,7,84,MT,All B are C/No A are C,1,All B are C,No A are C,2.0,both,True
66020,8,93,DA,All B are C/No A are B,4,All B are C,No A are B,2.75,both,True
66020,9,97,MT,All B are C/No A are C,1,All B are C,No A are C,2.0,both,True
66020,10,104,DA,All B are C/No A are B,4,All B are C,No A are B,2.75,both,True
66020,11,55,MP,All B are C/All A are B,2,All B are C,All A are B,2.0,both,True
66020,12,40,MP,All B are C/All A are B,2,All B are C,All A are B,2.0,both,True
66020,13,95,MP,All B are C/All A are B,2,All B are C,All A are B,2.0,both,True
66020,14,78,AC,All B are C/All A are C,3,All B are C,All A are C,2.1,both,True
66020,15,38,DA,All B are C/No A are B,4,All B are C,No A are B,2.75,both,True
66020,16,42,MP,All B are C/All A are B,2,All B are C,All A are B,2.0,both,True
66020,17,4,MT,All B are C/No A are C,1,All B are C,No A are C,2.0,both,True
66020,18,126,MT,All B are C/No A are C,1,All B are C,No A are C,2.0,both,True
66020,19,107,MT,All B are C/No A are C,1,All B are C,No A are C,2.0,both,True
66020,20,92,MT,All B are C/No A are C,1,All B are C,No A are C,2.0,both,True
66020,21,118,AC,All B are C/All A are C,3,All B are C,All A are C,2.1,both,True
66020,22,71,MT,All B are C/No A are C,1,All B are C,No A are C,2.0,both,True
66020,23,21,AC,All B are C/All A are C,3,All B are C,All A are C,2.1,both,True
66020,24,30,MT,All B are C/No A are C,1,All B are C,No A are C,2.0,both,True
66020,25,62,AC,All B are C/All A are C,3,All B are C,All A are C,2.1,both,True
66020,26,85,MP,All B are C/All A are B,2,All B are C,All A are B,2.0,both,True
66020,27,37,MT,All B are C/No A are C,1,All B are C,No A are C,2.0,both,True
66020,28,53,DA,All B are C/No A are B,4,All B are C,No A are B,2.75,both,True
66020,29,45,DA,All B are C/No A are B,4,All B are C,No A are B,2.75,both,True
66020,30,1,MT,All B are C/No A are C,1,All B are C,No A are C,2.0,both,True
66020,31,109,MP,All B are C/All A are B,2,All B are C,All A are B,2.0,both,True
66020,32,119,AC,All B are C/All A are C,3,All B are C,All A are C,2.1,both,True
66020,33,52,MP,All B are C/All A are B,2,All B are C,All A are B,2.0,both,True
66020,34,61,AC,All B are C/All A are C,3,All B are C,All A are C,2.1,both,True
66020,35,34,MP,All B are C/All A are B,2,All B are C,All A are B,2.0,both,True
66020,36,33,MT,All B are C/No A are C,1,All B are C,No A are C,2.0,both,True
66020,37,88,DA,All B are C/No A are B,4,All B are C,No A are B,2.75,both,True
66020,38,94,MP,All B are C/All A are B,2,All B are C,All A are B,2.0,both,True
66020,39,19,AC,All B are C/All A are C,3,All B are C,All A are C,2.1,both,True
66020,40,74,DA,All B are C/No A are B,4,All B are C,No A are B,2.75,both,True
66020,41,41,MP,All B are C/All A are B,2,All B are C,All A are B,2.0,both,True
66020,42,96,DA,All B are C/No A are B,4,All B are C,No A are B,2.75,both,True
66020,43,10,DA,All B are C/No A are B,4,All B are C,No A are B,2.75,both,True
66020,44,44,DA,All B are C/No A are B,4,All B are C,No A are B,2.75,both,True
66020,45,59,AC,All B are C/All A are C,3,All B are C,All A are C,2.1,both,True
66020,46,128,DA,All B are C/No A are B,4,All B are C,No A are B,2.75,both,True
66020,47,25,AC,All B are C/All A are C,3,All B are C,All A are C,2.1,both,True
66020,48,47,AC,All B are C/All A are C,3,All B are C,All A are C,2.1,both,True
66020,49,9,AC,All B are C/All A are C,3,All B are C,All A are C,2.1,both,True
66020,50,122,AC,All B are C/All A are C,3,All B are C,All A are C,2.1,both,True
66020,51,11,MP,All B are C/All A are B,2,All B are C,All A are B,2.0,both,True
66020,52,89,DA,All B are C/No A are B,4,All B are C,No A are B,2.75,both,True
66020,53,103,AC,All B are C/All A are C,3,All B are C,All A are C,2.1,both,True
66020,54,70,MT,All B are C/No A are C,1,All B are C,No A are C,2.0,both,True
66020,55,108,DA,All B are C/No A are B,4,All B are C,No A are B,2.75,both,True
66020,56,24,AC,All B are C/All A are C,3,All B are C,All A are C,2.1,both,True
66020,57,87,DA,All B are C/No A are B,4,All B are C,No A are B,2.75,both,True
66020,58,127,DA,All B are C/No A are B,4,All B are C,No A are B,2.75,both,True
66020,59,39,MP,All B are C/All A are B,2,All B are C,All A are B,2.0,both,True
66020,60,77,MT,All B are C/No A are C,1,All B are C,No A are C,2.0,both,True
66020,61,56,MP,All B are C/All A are B,2,All B are C,All A are B,2.0,both,True
66020,62,46,MT,All B are C/No A are C,1,All B are C,No A are C,2.0,both,True
66020,63,117,AC,All B are C/All A are C,3,All B are C,All A are C,2.1,both,True
66020,64,65,MT,All B are C/No A are C,1,All B are C,No A are C,2.0,both,True
66022,1,93,DA,All B are C/No A are B,4,All B are C,No A are B,2.75,both,True
66022,2,33,MT,All B are C/No A are C,1,All B are C,No A are C,2.0,both,True
66022,3,14,MT,All B are C/No A are C,1,All B are C,No A are C,2.0,both,True
66022,4,85,MP,All B are C/All A are B,2,All B are C,All A are B,2.0,both,True
66022,5,11,MP,All B are C/All A are B,2,All B are C,All A are B,2.0,both,True
66022,6,45,DA,All B are C/No A are B,4,All B are C,No A are B,2.75,both,True
66022,7,86,MP,All B are C/All A are B,2,All B are C,All A are B,2.0,both,True
66022,8,89,DA,All B are C/No A are B,4,All B are C,No A are B,2.75,both,True
66022,9,47,AC,All B are C/All A are C,3,All B are C,All A are C,2.1,both,True
66022,10,70,MT,All B are C/No A are C,1,All B are C,No A are C,2.0,both,True
66022,11,62,AC,All B are C/All A are C,3,All B are C,All A are C,2.1,both,True
66022,12,98,AC,All B are C/All A are C,3,All B are C,All A are C,2.1,both,True
66022,13,119,AC,All B are C/All A are C,3,All B are C,All A are C,2.1,both,True
66022,14,96,DA,All B are C/No A are B,4,All B are C,No A are B,2.75,both,True
66022,15,19,AC,All B are C/All A are C,3,All B are C,All A are C,2.1,both,True
66022,16,30,MT,All B are C/No A are C,1,All B are C,No A are C,2.0,both,True
66022,17,54,DA,All B are C/No A are B,4,All B are C,No A are B,2.75,both,True
66022,18,10,DA,All B are C/No A are B,4,All B are C,No A are B,2.75,both,True
66022,19,41,MP,All B are C/All A are B,2,All B are C,All A are B,2.0,both,True
66022,20,61,AC,All B are C/All A are C,3,All B are C,All A are C,2.1,both,True
66022,21,84,MT,All B are C/No A are C,1,All B are C,No A are C,2.0,both,True
66022,22,126,MT,All B are C/No A are C,1,All B are C,No A are C,2.0,both,True
66022,23,108,DA,All B are C/No A are B,4,All B are C,No A are B,2.75,both,True
66022,24,52,MP,All B are C/All A are B,2,All B are C,All A are B,2.0,both,True
66022,25,9,AC,All B are C/All A are C,3,All B are C,All A are C,2.1,both,True
66022,26,43,MP,All B are C/All A are B,2,All B are C,All A are B,2.0,both,True
66022,27,12,MP,All B are C/All A are B,2,All B are C,All A are B,2.0,both,True
66022,28,46,MT,All B are C/No A are C,1,All B are C,No A are C,2.0,both,True
66022,29,21,AC,All B are C/All A are C,3,All B are C,All A are C,2.1,both,True
66022,30,42,MP,All B are C/All A are B,2,All B are C,All A are B,2.0,both,True
66022,31,55,MP,All B are C/All A are B,2,All B are C,All A are B,2.0,both,True
66022,32,94,MP,All B are C/All A are B,2,All B are C,All A are B,2.0,both,True
66022,33,97,MT,All B are C/No A are C,1,All B are C,No A are C,2.0,both,True
66022,34,37,MT,All B are C/No A are C,1,All B are C,No A are C,2.0,both,True
66022,35,24,AC,All B are C/All A are C,3,All B are C,All A are C,2.1,both,True
66022,36,56,MP,All B are C/All A are B,2,All B are C,All A are B,2.0,both,True
66022,37,95,MP,All B are C/All A are B,2,All B are C,All A are B,2.0,both,True
66022,38,78,AC,All B are C/All A are C,3,All B are C,All A are C,2.1,both,True
66022,39,4,MT,All B are C/No A are C,1,All B are C,No A are C,2.0,both,True
66022,40,40,MP,All B are C/All A are B,2,All B are C,All A are B,2.0,both,True
66022,41,104,DA,All B are C/No A are B,4,All B are C,No A are B,2.75,both,True
66022,42,127,DA,All B are C/No A are B,4,All B are C,No A are B,2.75,both,True
66022,43,1,MT,All B are C/No A are C,1,All B are C,No A are C,2.0,both,True
66022,44,122,AC,All B are C/All A are C,3,All B are C,All A are C,2.1,both,True
66022,45,87,DA,All B are C/No A are B,4,All B are C,No A are B,2.75,both,True
66022,46,128,DA,All B are C/No A are B,4,All B are C,No A are B,2.75,both,True
66022,47,103,AC,All B are C/All A are C,3,All B are C,All A are C,2.1,both,True
66022,48,25,AC,All B are C/All A are C,3,All B are C,All A are C,2.1,both,True
66022,49,107,MT,All B are C/No A are C,1,All B are C,No A are C,2.0,both,True
66022,50,88,DA,All B are C/No A are B,4,All B are C,No A are B,2.75,both,True
66022,51,53,DA,All B are C/No A are B,4,All B are C,No A are B,2.75,both,True
66022,52,117,AC,All B are C/All A are C,3,All B are C,All A are C,2.1,both,True
66022,53,59,AC,All B are C/All A are C,3,All B are C,All A are C,2.1,both,True
66022,54,34,MP,All B are C/All A are B,2,All B are C,All A are B,2.0,both,True
66022,55,77,MT,All B are C/No A are C,1,All B are C,No A are C,2.0,both,True
66022,56,74,DA,All B are C/No A are B,4,All B are C,No A are B,2.75,both,True
66022,57,65,MT,All B are C/No A are C,1,All B are C,No A are C,2.0,both,True
66022,58,39,MP,All B are C/All A are B,2,All B are C,All A are B,2.0,both,True
66022,59,38,DA,All B are C/No A are B,4,All B are C,No A are B,2.75,both,True
66022,60,118,AC,All B are C/All A are C,3,All B are C,All A are C,2.1,both,True
66022,61,109,MP,All B are C/All A are B,2,All B are C,All A are B,2.0,both,True
66022,62,71,MT,All B are C/No A are C,1,All B are C,No A are C,2.0,both,True
66022,63,92,MT,All B are C/No A are C,1,All B are C,No A are C,2.0,both,True
66022,64,44,DA,All B are C/No A are B,4,All B are C,No A are B,2.75,both,True
66036,1,123,DA,All B are C/No A are B,4,All B are C,No A are B,4.2,both,True
66036,2,80,AC,All B are C/All A are C,3,All B are C,All A are C,2.45,both,True
66036,3,2,DA,All B are C/No A are B,4,All B are C,No A are B,4.2,both,True
66036,4,114,AC,All B are C/All A are C,3,All B are C,All A are C,2.45,both,True
66036,5,121,AC,All B are C/All A are C,3,All B are C,All A are C,2.45,both,True
66036,6,106,MT,All B are C/No A are C,1,All B are C,No A are C,2.0,both,True
66036,7,50,MP,All B are C/All A are B,2,All B are C,All A are B,2.3,both,True
66036,8,16,DA,All B are C/No A are B,4,All B are C,No A are B,4.2,both,True
66036,9,64,MP,All B are C/All A are B,2,All B are C,All A are B,2.3,both,True
66036,10,112,MP,All B are C/All A are B,2,All B are C,All A are B,2.3,both,True
66036,11,116,AC,All B are C/All A are C,3,All B are C,All A are C,2.45,both,True
66036,12,31,MP,All B are C/All A are B,2,All B are C,All A are B,2.3,both,True
66036,13,6,DA,All B are C/No A are B,4,All B are C,No A are B,4.2,both,True
66036,14,23,AC,All B are C/All A are C,3,All B are C,All A are C,2.45,both,True
66036,15,99,AC,All B are C/All A are C,3,All B are C,All A are C,2.45,both,True
66036,16,82,DA,All B are C/No A are B,4,All B are C,No A are B,4.2,both,True
66036,17,110,DA,All B are C/No A are B,4,All B are C,No A are B,4.2,both,True
66036,18,17,MP,All B are C/All A are B,2,All B are C,All A are B,2.3,both,True
66036,19,13,MP,All B are C/All A are B,2,All B are C,All A are B,2.3,both,True
66036,20,8,AC,All B are C/All A are C,3,All B are C,All A are C,2.45,both,True
66036,21,91,DA,All B are C/No A are B,4,All B are C,No A are B,4.2,both,True
66036,22,67,DA,All B are C/No A are B,4,All B are C,No A are B,4.2,both,True
66036,23,105,DA,All B are C/No A are B,4,All B are C,No A are B,4.2,both,True
66036,24,27,AC,All B are C/All A are C,3,All B are C,All A are C,2.45,both,True
66036,25,26,MP,All B are C/All A are B,2,All B are C,All A are B,2.3,both,True
66036,26,90,MT,All B are C/No A are C,1,All B are C,No A are C,2.0,both,True
66036,27,72,DA,All B are C/No A are B,4,All B are C,No A are B,4.2,both,True
66036,28,115,MP,All B are C/All A are B,2,All B are C,All A are B,2.3,both,True
66036,29,69,DA,All B are C/No A are B,4,All B are C,No A are B,4.2,both,True
66036,30,58,DA,All B are C/No A are B,4,All B are C,No A are B,4.2,both,True
66036,31,75,DA,All B are C/No A are B,4,All B are C,No A are B,4.2,both,True
66036,32,66,MT,All B are C/No A are C,1,All B are C,No A are C,2.0,both,True
66036,33,101,MP,All B are C/All A are B,2,All B are C,All A are B,2.3,both,True
66036,34,32,MT,All B are C/No A are C,1,All B are C,No A are C,2.0,both,True
66036,35,18,AC,All B are C/All A are C,3,All B are C,All A are C,2.45,both,True
66036,36,35,MT,All B are C/No A are C,1,All B are C,No A are C,2.0,both,True
66036,37,20,AC,All B are C/All A are C,3,All B are C,All A are C,2.45,both,True
66036,38,3,MT,All B are C/No A are C,1,All B are C,No A are C,2.0,both,True
66036,39,7,MP,All B are C/All A are B,2,All B are C,All A are B,2.3,both,True
66036,40,29,MT,All B are C/No A are C,1,All B are C,No A are C,2.0,both,True
66036,41,36,DA,All B are C/No A are B,4,All B are C,No A are B,4.2,both,True
66036,42,68,MT,All B are C/No A are C,1,All B are C,No A are C,2.0,both,True
66036,43,49,AC,All B are C/All A are C,3,All B are C,All A are C,2.45,both,True
66036,44,111,MP,All B are C/All A are B,2,All B are C,All A are B,2.3,both,True
66036,45,125,MT,All B are C/No A are C,1,All B are C,No A are C,2.0,both,True
66036,46,63,AC,All B are C/All A are C,3,All B are C,All A are C,2.45,both,True
66036,47,22,MP,All B are C/All A are B,2,All B are C,All A are B,2.3,both,True
66036,48,113,MP,All B are C/All A are B,2,All B are C,All A are B,2.3,both,True
66036,49,124,AC,All B are C/All A are C,3,All B are C,All A are C,2.45,both,True
66036,50,83,MT,All B are C/No A are C,1,All B are C,No A are C,2.0,both,True
66036,51,28,DA,All B are C/No A are B,4,All B are C,No A are B,4.2,both,True
66036,52,51,MT,All B are C/No A are C,1,All B are C,No A are C,2.0,both,True
66036,53,81,MP,All B are C/All A are B,2,All B are C,All A are B,2.3,both,True
66036,54,76,MT,All B are C/No A are C,1,All B are C,No A are C,2.0,both,True
66036,55,48,MP,All B are C/All A are B,2,All B are C,All A are B,2.3,both,True
66036,56,100,MT,All B are C/No A are C,1,All B are C,No A are C,2.0,both,True
66036,57,15,MT,All B are C/No A are C,1,All B are C,No A are C,2.0,both,True
66036,58,60,AC,All B are C/All A are C,3,All B are C,All A are C,2.45,both,True
66036,59,57,AC,All B are C/All A are C,3,All B are C,All A are C,2.45,both,True
66036,60,102,AC,All B are C/All A are C,3,All B are C,All A are C,2.45,both,True
66036,61,5,MT,All B are C/No A are C,1,All B are C,No A are C,2.0,both,True
66036,62,79,DA,All B are C/No A are B,4,All B are C,No A are B,4.2,both,True
66036,63,73,MT,All B are C/No A are C,1,All B are C,No A are C,2.0,both,True
66036,64,120,MP,All B are C/All A are B,2,All B are C,All A are B,2.3,both,True
66050,1,33,MT,All B are C/No A are C,1,All B are C,No A are C,2.0,both,True
66050,2,19,AC,All B are C/All A are C,3,All B are C,All A are C,2.1,both,True
66050,3,41,MP,All B are C/All A are B,2,All B are C,All A are B,2.0,both,True
66050,4,89,DA,All B are C/No A are B,4,All B are C,No A are B,2.75,both,True
66050,5,127,DA,All B are C/No A are B,4,All B are C,No A are B,2.75,both,True
66050,6,54,DA,All B are C/No A are B,4,All B are C,No A are B,2.75,both,True
66050,7,4,MT,All B are C/No A are C,1,All B are C,No A are C,2.0,both,True
66050,8,30,MT,All B are C/No A are C,1,All B are C,No A are C,2.0,both,True
66050,9,39,MP,All B are C/All A are B,2,All B are C,All A are B,2.0,both,True
66050,10,61,AC,All B are C/All A are C,3,All B are C,All A are C,2.1,both,True
66050,11,77,MT,All B are C/No A are C,1,All B are C,No A are C,2.0,both,True
66050,12,104,DA,All B are C/No A are B,4,All B are C,No A are B,2.75,both,True
66050,13,109,MP,All B are C/All A are B,2,All B are C,All A are B,2.0,both,True
66050,14,119,AC,All B are C/All A are C,3,All B are C,All A are C,2.1,both,True
66050,15,56,MP,All B are C/All A are B,2,All B are C,All A are B,2.0,both,True
66050,16,65,MT,All B are C/No A are C,1,All B are C,No A are C,2.0,both,True
66050,17,93,DA,All B are C/No A are B,4,All B are C,No A are B,2.75,both,True
66050,18,53,DA,All B are C/No A are B,4,All B are C,No A are B,2.75,both,True
66050,19,71,MT,All B are C/No A are C,1,All B are C,No A are C,2.0,both,True
66050,20,74,DA,All B are C/No A are B,4,All B are C,No A are B,2.75,both,True
66050,21,45,DA,All B are C/No A are B,4,All B are C,No A are B,2.75,both,True
66050,22,40,MP,All B are C/All A are B,2,All B are C,All A are B,2.0,both,True
66050,23,12,MP,All B are C/All A are B,2,All B are C,All A are B,2.0,both,True
66050,24,85,MP,All B are C/All A are B,2,All B are C,All A are B,2.0,both,True
66050,25,86,MP,All B are C/All A are B,2,All B are C,All A are B,2.0,both,True
66050,26,92,MT,All B are C/No A are C,1,All B are C,No A are C,2.0,both,True
66050,27,1,MT,All B are C/No A are C,1,All B are C,No A are C,2.0,both,True
66050,28,24,AC,All B are C/All A are C,3,All B are C,All A are C,2.1,both,True
66050,29,118,AC,All B are C/All A are C,3,All B are C,All A are C,2.1,both,True
66050,30,87,DA,All B are C/No A are B,4,All B are C,No A are B,2.75,both,True
66050,31,43,MP,All B are C/All A are B,2,All B are C,All A are B,2.0,both,True
66050,32,11,MP,All B are C/All A are B,2,All B are C,All A are B,2.0,both,True
66050,33,62,AC,All B are C/All A are C,3,All B are C,All A are C,2.1,both,True
66050,34,9,AC,All B are C/All A are C,3,All B are C,All A are C,2.1,both,True
66050,35,14,MT,All B are C/No A are C,1,All B are C,No A are C,2.0,both,True
66050,36,103,AC,All B are C/All A are C,3,All B are C,All A are C,2.1,both,True
66050,37,88,DA,All B are C/No A are B,4,All B are C,No A are B,2.75,both,True
66050,38,44,DA,All B are C/No A are B,4,All B are C,No A are B,2.75,both,True
66050,39,97,MT,All B are C/No A are C,1,All B are C,No A are C,2.0,both,True
66050,40,42,MP,All B are C/All A are B,2,All B are C,All A are B,2.0,both,True
66050,41,96,DA,All B are C/No A are B,4,All B are C,No A are B,2.75,both,True
66050,42,52,MP,All B are C/All A are B,2,All B are C,All A are B,2.0,both,True
66050,43,70,MT,All B are C/No A are C,1,All B are C,No A are C,2.0,both,True
66050,44,59,AC,All B are C/All A are C,3,All B are C,All A are C,2.1,both,True
66050,45,38,DA,All B are C/No A are B,4,All B are C,No A are B,2.75,both,True
66050,46,37,MT,All B are C/No A are C,1,All B are C,No A are C,2.0,both,True
66050,47,78,AC,All B are C/All A are C,3,All B are C,All A are C,2.1,both,True
66050,48,95,MP,All B are C/All A are B,2,All B are C,All A are B,2.0,both,True
66050,49,107,MT,All B are C/No A are C,1,All B are C,No A are C,2.0,both,True
66050,50,117,AC,All B are C/All A are C,3,All B are C,All A are C,2.1,both,True
66050,51,46,MT,All B are C/No A are C,1,All B are C,No A are C,2.0,both,True
66050,52,128,DA,All B are C/No A are B,4,All B are C,No A are B,2.75,both,True
66050,53,98,AC,All B are C/All A are C,3,All B are C,All A are C,2.1,both,True
66050,54,34,MP,All B are C/All A are B,2,All B are C,All A are B,2.0,both,True
66050,55,21,AC,All B are C/All A are C,3,All B are C,All A are C,2.1,both,True
66050,56,25,AC,All B are C/All A are C,3,All B are C,All A are C,2.1,both,True
66050,57,10,DA,All B are C/No A are B,4,All B are C,No A are B,2.75,both,True
66050,58,84,MT,All B are C/No A are C,1,All B are C,No A are C,2.0,both,True
66050,59,47,AC,All B are C/All A are C,3,All B are C,All A are C,2.1,both,True
66050,60,108,DA,All B are C/No A are B,4,All B are C,No A are B,2.75,both,True
66050,61,55,MP,All B are C/All A are B,2,All B are C,All A are B,2.0,both,True
66050,62,122,AC,All B are C/All A are C,3,All B are C,All A are C,2.1,both,True
66050,63,126,MT,All B are C/No A are C,1,All B are C,No A are C,2.0,both,True
66050,64,94,MP,All B are C/All A are B,2,All B are C,All A are B,2.0,both,True
66057,1,15,MT,All B are C/No A are C,1,All B are C,No A are C,2.0,both,True
66057,2,36,DA,All B are C/No A are B,4,All B are C,No A are B,6.65,both,True
66057,3,63,AC,All B are C/All A are C,3,All B are C,All A are C,2.85,both,True
66057,4,112,MP,All B are C/All A are B,2,All B are C,All A are B,2.75,both,True
66057,5,48,MP,All B are C/All A are B,2,All B are C,All A are B,2.75,both,True
66057,6,5,MT,All B are C/No A are C,1,All B are C,No A are C,2.0,both,True
66057,7,111,MP,All B are C/All A are B,2,All B are C,All A are B,2.75,both,True
66057,8,123,DA,All B are C/No A are B,4,All B are C,No A are B,6.65,both,True
66057,9,75,DA,All B are C/No A are B,4,All B are C,No A are B,6.65,both,True
66057,10,8,AC,All B are C/All A are C,3,All B are C,All A are C,2.85,both,True
66057,11,67,DA,All B are C/No A are B,4,All B are C,No A are B,6.65,both,True
66057,12,100,MT,All B are C/No A are C,1,All B are C,No A are C,2.0,both,True
66057,13,7,MP,All B are C/All A are B,2,All B are C,All A are B,2.75,both,True
66057,14,26,MP,All B are C/All A are B,2,All B are C,All A are B,2.75,both,True
66057,15,29,MT,All B are C/No A are C,1,All B are C,No A are C,2.0,both,True
66057,16,22,MP,All B are C/All A are B,2,All B are C,All A are B,2.75,both,True
66057,17,73,MT,All B are C/No A are C,1,All B are C,No A are C,2.0,both,True
66057,18,124,AC,All B are C/All A are C,3,All B are C,All A are C,2.85,both,True
66057,19,50,MP,All B are C/All A are B,2,All B are C,All A are B,2.75,both,True
66057,20,72,DA,All B are C/No A are B,4,All B are C,No A are B,6.65,both,True
66057,21,66,MT,All B are C/No A are C,1,All B are C,No A are C,2.0,both,True
66057,22,83,MT,All B are C/No A are C,1,All B are C,No A are C,2.0,both,True
66057,23,69,DA,All B are C/No A are B,4,All B are C,No A are B,6.65,both,True
66057,24,23,AC,All B are C/All A are C,3,All B are C,All A are C,2.85,both,True
66057,25,31,MP,All B are C/All A are B,2,All B are C,All A are B,2.75,both,True
66057,26,20,AC,All B are C/All A are C,3,All B are C,All A are C,2.85,both,True
66057,27,16,DA,All B are C/No A are B,4,All B are C,No A are B,6.65,both,True
66057,28,115,MP,All B are C/All A are B,2,All B are C,All A are B,2.75,both,True
66057,29,32,MT,All B are C/No A are C,1,All B are C,No A are C,2.0,both,True
66057,30,113,MP,All B are C/All A are B,2,All B are C,All A are B,2.75,both,True
66057,31,110,DA,All B are C/No A are B,4,All B are C,No A are B,6.65,both,True
66057,32,79,DA,All B are C/No A are B,4,All B are C,No A are B,6.65,both,True
66057,33,120,MP,All B are C/All A are B,2,All B are C,All A are B,2.75,both,True
66057,34,99,AC,All B are C/All A are C,3,All B are C,All A are C,2.85,both,True
66057,35,80,AC,All B are C/All A are C,3,All B are C,All A are C,2.85,both,True
66057,36,3,MT,All B are C/No A are C,1,All B are C,No A are C,2.0,both,True
66057,37,102,AC,All B are C/All A are C,3,All B are C,All A are C,2.85,both,True
66057,38,105,DA,All B are C/No A are B,4,All B are C,No A are B,6.65,both,True
66057,39,35,MT,All B are C/No A are C,1,All B are C,No A are C,2.0,both,True
66057,40,125,MT,All B are C/No A are C,1,All B are C,No A are C,2.0,both,True
66057,41,28,DA,All B are C/No A are B,4,All B are C,No A are B,6.65,both,True
66057,42,106,MT,All B are C/No A are C,1,All B are C,No A are C,2.0,both,True
66057,43,27,AC,All B are C/All A are C,3,All B are C,All A are C,2.85,both,True
66057,44,60,AC,All B are C/All A are C,3,All B are C,All A are C,2.85,both,True
66057,45,101,MP,All B are C/All A are B,2,All B are C,All A are B,2.75,both,True
66057,46,49,AC,All B are C/All A are C,3,All B are C,All A are C,2.85,both,True
66057,47,114,AC,All B are C/All A are C,3,All B are C,All A are C,2.85,both,True
66057,48,121,AC,All B are C/All A are C,3,All B are C,All A are C,2.85,both,True
66057,49,58,DA,All B are C/No A are B,4,All B are C,No A are B,6.65,both,True
66057,50,6,DA,All B are C/No A are B,4,All B are C,No A are B,6.65,both,True
66057,51,17,MP,All B are C/All A are B,2,All B are C,All A are B,2.75,both,True
66057,52,90,MT,All B are C/No A are C,1,All B are C,No A are C,2.0,both,True
66057,53,57,AC,All B are C/All A are C,3,All B are C,All A are C,2.85,both,True
66057,54,18,AC,All B are C/All A are C,3,All B are C,All A are C,2.85,both,True
66057,55,64,MP,All B are C/All A are B,2,All B are C,All A are B,2.75,both,True
66057,56,68,MT,All B are C/No A are C,1,All B are C,No A are C,2.0,both,True
66057,57,82,DA,All B are C/No A are B,4,All B are C,No A are B,6.65,both,True
66057,58,81,MP,All B are C/All A are B,2,All B are C,All A are B,2.75,both,True
66057,59,13,MP,All B are C/All A are B,2,All B are C,All A are B,2.75,both,True
66057,60,91,DA,All B are C/No A are B,4,All B are C,No A are B,6.65,both,True
66057,61,51,MT,All B are C/No A are C,1,All B are C,No A are C,2.0,both,True
66057,62,116,AC,All B are C/All A are C,3,All B are C,All A are C,2.85,both,True
66057,63,76,MT,All B are C/No A are C,1,All B are C,No A are C,2.0,both,True
66057,64,2,DA,All B are C/No A are B,4,All B are C,No A are B,6.65,both,True
66073,1,106,MT,All B are C/No A are C,1,All B are C,No A are C,2.0,both,True
66073,2,116,AC,All B are C/All A are C,3,All B are C,All A are C,2.1,both,True
66073,3,50,MP,All B are C/All A are B,2,All B are C,All A are B,2.0,both,True
66073,4,60,AC,All B are C/All A are C,3,All B are C,All A are C,2.1,both,True
66073,5,100,MT,All B are C/No A are C,1,All B are C,No A are C,2.0,both,True
66073,6,73,MT,All B are C/No A are C,1,All B are C,No A are C,2.0,both,True
66073,7,123,DA,All B are C/No A are B,4,All B are C,No A are B,2.75,both,True
66073,8,27,AC,All B are C/All A are C,3,All B are C,All A are C,2.1,both,True
66073,9,102,AC,All B are C/All A are C,3,All B are C,All A are C,2.1,both,True
66073,10,69,DA,All B are C/No A are B,4,All B are C,No A are B,2.75,both,True
66073,11,90,MT,All B are C/No A are C,1,All B are C,No A are C,2.0,both,True
66073,12,36,DA,All B are C/No A are B,4,All B are C,No A are B,2.75,both,True
66073,13,63,AC,All B are C/All A are C,3,All B are C,All A are C,2.1,both,True
66073,14,6,DA,All B are C/No A are B,4,All B are C,No A are B,2.75,both,True
66073,15,29,MT,All B are C/No A are C,1,All B are C,No A are C,2.0,both,True
66073,16,22,MP,All B are C/All A are B,2,All B are C,All A are B,2.0,both,True
66073,17,121,AC,All B are C/All A are C,3,All B are C,All A are C,2.1,both,True
66073,18,75,DA,All B are C/No A are B,4,All B are C,No A are B,2.75,both,True
66073,19,112,MP,All B are C/All A are B,2,All B are C,All A are B,2.0,both,True
66073,20,111,MP,All B are C/All A are B,2,All B are C,All A are B,2.0,both,True
66073,21,13,MP,All B are C/All A are B,2,All B are C,All A are B,2.0,both,True
66073,22,26,MP,All B are C/All A are B,2,All B are C,All A are B,2.0,both,True
66073,23,115,MP,All B are C/All A are B,2,All B are C,All A are B,2.0,both,True
66073,24,20,AC,All B are C/All A are C,3,All B are C,All A are C,2.1,both,True
66073,25,8,AC,All B are C/All A are C,3,All B are C,All A are C,2.1,both,True
66073,26,79,DA,All B are C/No A are B,4,All B are C,No A are B,2.75,both,True
66073,27,58,DA,All B are C/No A are B,4,All B are C,No A are B,2.75,both,True
66073,28,91,DA,All B are C/No A are B,4,All B are C,No A are B,2.75,both,True
66073,29,82,DA,All B are C/No A are B,4,All B are C,No A are B,2.75,both,True
66073,30,31,MP,All B are C/All A are B,2,All B are C,All A are B,2.0,both,True
66073,31,18,AC,All B are C/All A are C,3,All B are C,All A are C,2.1,both,True
66073,32,125,MT,All B are C/No A are C,1,All B are C,No A are C,2.0,both,True
66073,33,72,DA,All B are C/No A are B,4,All B are C,No A are B,2.75,both,True
66073,34,32,MT,All B are C/No A are C,1,All B are C,No A are C,2.0,both,True
66073,35,76,MT,All B are C/No A are C,1,All B are C,No A are C,2.0,both,True
66073,36,51,MT,All B are C/No A are C,1,All B are C,No A are C,2.0,both,True
66073,37,105,DA,All B are C/No A are B,4,All B are C,No A are B,2.75,both,True
66073,38,64,MP,All B are C/All A are B,2,All B are C,All A are B,2.0,both,True
66073,39,15,MT,All B are C/No A are C,1,All B are C,No A are C,2.0,both,True
66073,40,17,MP,All B are C/All A are B,2,All B are C,All A are B,2.0,both,True
66073,41,23,AC,All B are C/All A are C,3,All B are C,All A are C,2.1,both,True
66073,42,81,MP,All B are C/All A are B,2,All B are C,All A are B,2.0,both,True
66073,43,99,AC,All B are C/All A are C,3,All B are C,All A are C,2.1,both,True
66073,44,16,DA,All B are C/No A are B,4,All B are C,No A are B,2.75,both,True
66073,45,3,MT,All B are C/No A are C,1,All B are C,No A are C,2.0,both,True
66073,46,83,MT,All B are C/No A are C,1,All B are C,No A are C,2.0,both,True
66073,47,48,MP,All B are C/All A are B,2,All B are C,All A are B,2.0,both,True
66073,48,120,MP,All B are C/All A are B,2,All B are C,All A are B,2.0,both,True
66073,49,110,DA,All B are C/No A are B,4,All B are C,No A are B,2.75,both,True
66073,50,28,DA,All B are C/No A are B,4,All B are C,No A are B,2.75,both,True
66073,51,113,MP,All B are C/All A are B,2,All B are C,All A are B,2.0,both,True
66073,52,68,MT,All B are C/No A are C,1,All B are C,No A are C,2.0,both,True
66073,53,66,MT,All B are C/No A are C,1,All B are C,No A are C,2.0,both,True
66073,54,124,AC,All B are C/All A are C,3,All B are C,All A are C,2.1,both,True
66073,55,7,MP,All B are C/All A are B,2,All B are C,All A are B,2.0,both,True
66073,56,49,AC,All B are C/All A are C,3,All B are C,All A are C,2.1,both,True
66073,57,80,AC,All B are C/All A are C,3,All B are C,All A are C,2.1,both,True
66073,58,101,MP,All B are C/All A are B,2,All B are C,All A are B,2.0,both,True
66073,59,57,AC,All B are C/All A are C,3,All B are C,All A are C,2.1,both,True
66073,60,67,DA,All B are C/No A are B,4,All B are C,No A are B,2.75,both,True
66073,61,35,MT,All B are C/No A are C,1,All B are C,No A are C,2.0,both,True
66073,62,114,AC,All B are C/All A are C,3,All B are C,All A are C,2.1,both,True
66073,63,5,MT,All B are C/No A are C,1,All B are C,No A are C,2.0,both,True
66073,64,2,DA,All B are C/No A are B,4,All B are C,No A are B,2.75,both,True
66085,1,34,MP,All B are C/All A are B,2,All B are C,All A are B,2.75,both,True
66085,2,107,MT,All B are C/No A are C,1,All B are C,No A are C,2.0,both,True
66085,3,9,AC,All B are C/All A are C,3,All B are C,All A are C,2.85,both,True
66085,4,88,DA,All B are C/No A are B,4,All B are C,No A are B,6.65,both,True
66085,5,97,MT,All B are C/No A are C,1,All B are C,No A are C,2.0,both,True
66085,6,59,AC,All B are C/All A are C,3,All B are C,All A are C,2.85,both,True
66085,7,10,DA,All B are C/No A are B,4,All B are C,No A are B,6.65,both,True
66085,8,71,MT,All B are C/No A are C,1,All B are C,No A are C,2.0,both,True
66085,9,89,DA,All B are C/No A are B,4,All B are C,No A are B,6.65,both,True
66085,10,128,DA,All B are C/No A are B,4,All B are C,No A are B,6.65,both,True
66085,11,39,MP,All B are C/All A are B,2,All B are C,All A are B,2.75,both,True
66085,12,127,DA,All B are C/No A are B,4,All B are C,No A are B,6.65,both,True
66085,13,11,MP,All B are C/All A are B,2,All B are C,All A are B,2.75,both,True
66085,14,44,DA,All B are C/No A are B,4,All B are C,No A are B,6.65,both,True
66085,15,4,MT,All B are C/No A are C,1,All B are C,No A are C,2.0,both,True
66085,16,103,AC,All B are C/All A are C,3,All B are C,All A are C,2.85,both,True
66085,17,30,MT,All B are C/No A are C,1,All B are C,No A are C,2.0,both,True
66085,18,43,MP,All B are C/All A are B,2,All B are C,All A are B,2.75,both,True
66085,19,96,DA,All B are C/No A are B,4,All B are C,No A are B,6.65,both,True
66085,20,40,MP,All B are C/All A are B,2,All B are C,All A are B,2.75,both,True
66085,21,14,MT,All B are C/No A are C,1,All B are C,No A are C,2.0,both,True
66085,22,56,MP,All B are C/All A are B,2,All B are C,All A are B,2.75,both,True
66085,23,119,AC,All B are C/All A are C,3,All B are C,All A are C,2.85,both,True
66085,24,21,AC,All B are C/All A are C,3,All B are C,All A are C,2.85,both,True
66085,25,86,MP,All B are C/All A are B,2,All B are C,All A are B,2.75,both,True
66085,26,126,MT,All B are C/No A are C,1,All B are C,No A are C,2.0,both,True
66085,27,85,MP,All B are C/All A are B,2,All B are C,All A are B,2.75,both,True
66085,28,84,MT,All B are C/No A are C,1,All B are C,No A are C,2.0,both,True
66085,29,55,MP,All B are C/All A are B,2,All B are C,All A are B,2.75,both,True
66085,30,42,MP,All B are C/All A are B,2,All B are C,All A are B,2.75,both,True
66085,31,46,MT,All B are C/No A are C,1,All B are C,No A are C,2.0,both,True
66085,32,94,MP,All B are C/All A are B,2,All B are C,All A are B,2.75,both,True
66085,33,87,DA,All B are C/No A are B,4,All B are C,No A are B,6.65,both,True
66085,34,118,AC,All B are C/All A are C,3,All B are C,All A are C,2.85,both,True
66085,35,37,MT,All B are C/No A are C,1,All B are C,No A are C,2.0,both,True
66085,36,117,AC,All B are C/All A are C,3,All B are C,All A are C,2.85,both,True
66085,37,93,DA,All B are C/No A are B,4,All B are C,No A are B,6.65,both,True
66085,38,109,MP,All B are C/All A are B,2,All B are C,All A are B,2.75,both,True
66085,39,19,AC,All B are C/All A are C,3,All B are C,All A are C,2.85,both,True
66085,40,52,MP,All B are C/All A are B,2,All B are C,All A are B,2.75,both,True
66085,41,95,MP,All B are C/All A are B,2,All B are C,All A are B,2.75,both,True
66085,42,77,MT,All B are C/No A are C,1,All B are C,No A are C,2.0,both,True
66085,43,122,AC,All B are C/All A are C,3,All B are C,All A are C,2.85,both,True
66085,44,45,DA,All B are C/No A are B,4,All B are C,No A are B,6.65,both,True
66085,45,38,DA,All B are C/No A are B,4,All B are C,No A are B,6.65,both,True
66085,46,41,MP,All B are C/All A are B,2,All B are C,All A are B,2.75,both,True
66085,47,53,DA,All B are C/No A are B,4,All B are C,No A are B,6.65,both,True
66085,48,25,AC,All B are C/All A are C,3,All B are C,All A are C,2.85,both,True
66085,49,78,AC,All B are C/All A are C,3,All B are C,All A are C,2.85,both,True
66085,50,54,DA,All B are C/No A are B,4,All B are C,No A are B,6.65,both,True
66085,51,74,DA,All B are C/No A are B,4,All B are C,No A are B,6.65,both,True
66085,52,92,MT,All B are C/No A are C,1,All B are C,No A are C,2.0,both,True
66085,53,65,MT,All B are C/No A are C,1,All B are C,No A are C,2.0,both,True
66085,54,98,AC,All B are C/All A are C,3,All B are C,All A are C,2.85,both,True
66085,55,33,MT,All B are C/No A are C,1,All B are C,No A are C,2.0,both,True
66085,56,62,AC,All B are C/All A are C,3,All B are C,All A are C,2.85,both,True
66085,57,104,DA,All B are C/No A are B,4,All B are C,No A are B,6.65,both,True
66085,58,24,AC,All B are C/All A are C,3,All B are C,All A are C,2.85,both,True
66085,59,70,MT,All B are C/No A are C,1,All B are C,No A are C,2.0,both,True
66085,60,1,MT,All B are C/No A are C,1,All B are C,No A are C,2.0,both,True
66085,61,12,MP,All B are C/All A are B,2,All B are C,All A are B,2.75,both,True
66085,62,47,AC,All B are C/All A are C,3,All B are C,All A are C,2.85,both,True
66085,63,61,AC,All B are C/All A are C,3,All B are C,All A are C,2.85,both,True
66085,64,108,DA,All B are C/No A are B,4,All B are C,No A are B,6.65,both,True
66087,1,44,DA,All B are C/No A are B,4,All B are C,No A are B,6.65,both,True
66087,2,65,MT,All B are C/No A are C,1,All B are C,No A are C,2.0,both,True
66087,3,54,DA,All B are C/No A are B,4,All B are C,No A are B,6.65,both,True
66087,4,56,MP,All B are C/All A are B,2,All B are C,All A are B,2.75,both,True
66087,5,87,DA,All B are C/No A are B,4,All B are C,No A are B,6.65,both,True
66087,6,118,AC,All B are C/All A are C,3,All B are C,All A are C,2.85,both,True
66087,7,117,AC,All B are C/All A are C,3,All B are C,All A are C,2.85,both,True
66087,8,98,AC,All B are C/All A are C,3,All B are C,All A are C,2.85,both,True
66087,9,38,DA,All B are C/No A are B,4,All B are C,No A are B,6.65,both,True
66087,10,42,MP,All B are C/All A are B,2,All B are C,All A are B,2.75,both,True
66087,11,103,AC,All B are C/All A are C,3,All B are C,All A are C,2.85,both,True
66087,12,21,AC,All B are C/All A are C,3,All B are C,All A are C,2.85,both,True
66087,13,95,MP,All B are C/All A are B,2,All B are C,All A are B,2.75,both,True
66087,14,10,DA,All B are C/No A are B,4,All B are C,No A are B,6.65,both,True
66087,15,46,MT,All B are C/No A are C,1,All B are C,No A are C,2.0,both,True
66087,16,84,MT,All B are C/No A are C,1,All B are C,No A are C,2.0,both,True
66087,17,59,AC,All B are C/All A are C,3,All B are C,All A are C,2.85,both,True
66087,18,128,DA,All B are C/No A are B,4,All B are C,No A are B,6.65,both,True
66087,19,62,AC,All B are C/All A are C,3,All B are C,All A are C,2.85,both,True
66087,20,74,DA,All B are C/No A are B,4,All B are C,No A are B,6.65,both,True
66087,21,94,MP,All B are C/All A are B,2,All B are C,All A are B,2.75,both,True
66087,22,40,MP,All B are C/All A are B,2,All B are C,All A are B,2.75,both,True
66087,23,96,DA,All B are C/No A are B,4,All B are C,No A are B,6.65,both,True
66087,24,4,MT,All B are C/No A are C,1,All B are C,No A are C,2.0,both,True
66087,25,127,DA,All B are C/No A are B,4,All B are C,No A are B,6.65,both,True
66087,26,47,AC,All B are C/All A are C,3,All B are C,All A are C,2.85,both,True
66087,27,109,MP,All B are C/All A are B,2,All B are C,All A are B,2.75,both,True
66087,28,61,AC,All B are C/All A are C,3,All B are C,All A are C,2.85,both,True
66087,29,41,MP,All B are C/All A are B,2,All B are C,All A are B,2.75,both,True
66087,30,45,DA,All B are C/No A are B,4,All B are C,No A are B,6.65,both,True
66087,31,107,MT,All B are C/No A are C,1,All B are C,No A are C,2.0,both,True
66087,32,86,MP,All B are C/All A are B,2,All B are C,All A are B,2.75,both,True
66087,33,14,MT,All B are C/No A are C,1,All B are C,No A are C,2.0,both,True
66087,34,12,MP,All B are C/All A are B,2,All B are C,All A are B,2.75,both,True
66087,35,71,MT,All B are C/No A are C,1,All B are C,No A are C,2.0,both,True
66087,36,70,MT,All B are C/No A are C,1,All B are C,No A are C,2.0,both,True
66087,37,122,AC,All B are C/All A are C,3,All B are C,All A are C,2.85,both,True
66087,38,1,MT,All B are C/No A are C,1,All B are C,No A are C,2.0,both,True
66087,39,126,MT,All B are C/No A are C,1,All B are C,No A are C,2.0,both,True
66087,40,89,DA,All B are C/No A are B,4,All B are C,No A are B,6.65,both,True
66087,41,11,MP,All B are C/All A are B,2,All B are C,All A are B,2.75,both,True
66087,42,9,AC,All B are C/All A are C,3,All B are C,All A are C,2.85,both,True
66087,43,39,MP,All B are C/All A are B,2,All B are C,All A are B,2.75,both,True
66087,44,88,DA,All B are C/No A are B,4,All B are C,No A are B,6.65,both,True
66087,45,77,MT,All B are C/No A are C,1,All B are C,No A are C,2.0,both,True
66087,46,37,MT,All B are C/No A are C,1,All B are C,No A are C,2.0,both,True
66087,47,92,MT,All B are C/No A are C,1,All B are C,No A are C,2.0,both,True
66087,48,34,MP,All B are C/All A are B,2,All B are C,All A are B,2.75,both,True
66087,49,24,AC,All B are C/All A are C,3,All B are C,All A are C,2.85,both,True
66087,50,19,AC,All B are C/All A are C,3,All B are C,All A are C,2.85,both,True
66087,51,33,MT,All B are C/No A are C,1,All B are C,No A are C,2.0,both,True
66087,52,43,MP,All B are C/All A are B,2,All B are C,All A are B,2.75,both,True
66087,53,30,MT,All B are C/No A are C,1,All B are C,No A are C,2.0,both,True
66087,54,104,DA,All B are C/No A are B,4,All B are C,No A are B,6.65,both,True
66087,55,55,MP,All B are C/All A are B,2,All B are C,All A are B,2.75,both,True
66087,56,119,AC,All B are C/All A are C,3,All B are C,All A are C,2.85,both,True
66087,57,108,DA,All B are C/No A are B,4,All B are C,No A are B,6.65,both,True
66087,58,53,DA,All B are C/No A are B,4,All B are C,No A are B,6.65,both,True
66087,59,52,MP,All B are C/All A are B,2,All B are C,All A are B,2.75,both,True
66087,60,85,MP,All B are C/All A are B,2,All B are C,All A are B,2.75,both,True
66087,61,97,MT,All B are C/No A are C,1,All B are C,No A are C,2.0,both,True
66087,62,93,DA,All B are C/No A are B,4,All B are C,No A are B,6.65,both,True
66087,63,25,AC,All B are C/All A are C,3,All B are C,All A are C,2.85,both,True
66087,64,78,AC,All B are C/All A are C,3,All B are C,All A are C,2.85,both,True
66089,1,82,DA,All B are C/No A are B,4,All B are C,No A are B,6.65,both,True
66089,2,28,DA,All B are C/No A are B,4,All B are C,No A are B,6.65,both,True
66089,3,83,MT,All B are C/No A are C,1,All B are C,No A are C,2.0,both,True
66089,4,18,AC,All B are C/All A are C,3,All B are C,All A are C,2.85,both,True
66089,5,112,MP,All B are C/All A are B,2,All B are C,All A are B,2.75,both,True
66089,6,125,MT,All B are C/No A are C,1,All B are C,No A are C,2.0,both,True
66089,7,64,MP,All B are C/All A are B,2,All B are C,All A are B,2.75,both,True
66089,8,116,AC,All B are C/All A are C,3,All B are C,All A are C,2.85,both,True
66089,9,15,MT,All B are C/No A are C,1,All B are C,No A are C,2.0,both,True
66089,10,36,DA,All B are C/No A are B,4,All B are C,No A are B,6.65,both,True
66089,11,16,DA,All B are C/No A are B,4,All B are C,No A are B,6.65,both,True
66089,12,69,DA,All B are C/No A are B,4,All B are C,No A are B,6.65,both,True
66089,13,31,MP,All B are C/All A are B,2,All B are C,All A are B,2.75,both,True
66089,14,67,DA,All B are C/No A are B,4,All B are C,No A are B,6.65,both,True
66089,15,106,MT,All B are C/No A are C,1,All B are C,No A are C,2.0,both,True
66089,16,115,MP,All B are C/All A are B,2,All B are C,All A are B,2.75,both,True
66089,17,80,AC,All B are C/All A are C,3,All B are C,All A are C,2.85,both,True
66089,18,90,MT,All B are C/No A are C,1,All B are C,No A are C,2.0,both,True
66089,19,5,MT,All B are C/No A are C,1,All B are C,No A are C,2.0,both,True
66089,20,123,DA,All B are C/No A are B,4,All B are C,No A are B,6.65,both,True
66089,21,81,MP,All B are C/All A are B,2,All B are C,All A are B,2.75,both,True
66089,22,75,DA,All B are C/No A are B,4,All B are C,No A are B,6.65,both,True
66089,23,26,MP,All B are C/All A are B,2,All B are C,All A are B,2.75,both,True
66089,24,58,DA,All B are C/No A are B,4,All B are C,No A are B,6.65,both,True
66089,25,50,MP,All B are C/All A are B,2,All B are C,All A are B,2.75,both,True
66089,26,27,AC,All B are C/All A are C,3,All B are C,All A are C,2.85,both,True
66089,27,3,MT,All B are C/No A are C,1,All B are C,No A are C,2.0,both,True
66089,28,73,MT,All B are C/No A are C,1,All B are C,No A are C,2.0,both,True
66089,29,35,MT,All B are C/No A are C,1,All B are C,No A are C,2.0,both,True
66089,30,51,MT,All B are C/No A are C,1,All B are C,No A are C,2.0,both,True
66089,31,100,MT,All B are C/No A are C,1,All B are C,No A are C,2.0,both,True
66089,32,79,DA,All B are C/No A are B,4,All B are C,No A are B,6.65,both,True
66089,33,99,AC,All B are C/All A are C,3,All B are C,All A are C,2.85,both,True
66089,34,72,DA,All B are C/No A are B,4,All B are C,No A are B,6.65,both,True
66089,35,111,MP,All B are C/All A are B,2,All B are C,All A are B,2.75,both,True
66089,36,114,AC,All B are C/All A are C,3,All B are C,All A are C,2.85,both,True
66089,37,32,MT,All B are C/No A are C,1,All B are C,No A are C,2.0,both,True
66089,38,63,AC,All B are C/All A are C,3,All B are C,All A are C,2.85,both,True
66089,39,121,AC,All B are C/All A are C,3,All B are C,All A are C,2.85,both,True
66089,40,29,MT,All B are C/No A are C,1,All B are C,No A are C,2.0,both,True
66089,41,17,MP,All B are C/All A are B,2,All B are C,All A are B,2.75,both,True
66089,42,91,DA,All B are C/No A are B,4,All B are C,No A are B,6.65,both,True
66089,43,120,MP,All B are C/All A are B,2,All B are C,All A are B,2.75,both,True
66089,44,110,DA,All B are C/No A are B,4,All B are C,No A are B,6.65,both,True
66089,45,20,AC,All B are C/All A are C,3,All B are C,All A are C,2.85,both,True
66089,46,13,MP,All B are C/All A are B,2,All B are C,All A are B,2.75,both,True
66089,47,105,DA,All B are C/No A are B,4,All B are C,No A are B,6.65,both,True
66089,48,8,AC,All B are C/All A are C,3,All B are C,All A are C,2.85,both,True
66089,49,68,MT,All B are C/No A are C,1,All B are C,No A are C,2.0,both,True
66089,50,101,MP,All B are C/All A are B,2,All B are C,All A are B,2.75,both,True
66089,51,113,MP,All B are C/All A are B,2,All B are C,All A are B,2.75,both,True
66089,52,7,MP,All B are C/All A are B,2,All B are C,All A are B,2.75,both,True
66089,53,49,AC,All B are C/All A are C,3,All B are C,All A are C,2.85,both,True
66089,54,60,AC,All B are C/All A are C,3,All B are C,All A are C,2.85,both,True
66089,55,6,DA,All B are C/No A are B,4,All B are C,No A are B,6.65,both,True
66089,56,76,MT,All B are C/No A are C,1,All B are C,No A are C,2.0,both,True
66089,57,66,MT,All B are C/No A are C,1,All B are C,No A are C,2.0,both,True
66089,58,23,AC,All B are C/All A are C,3,All B are C,All A are C,2.85,both,True
66089,59,48,MP,All B are C/All A are B,2,All B are C,All A are B,2.75,both,True
66089,60,124,AC,All B are C/All A are C,3,All B are C,All A are C,2.85,both,True
66089,61,102,AC,All B are C/All A are C,3,All B are C,All A are C,2.85,both,True
66089,62,2,DA,All B are C/No A are B,4,All B are C,No A are B,6.65,both,True
66089,63,22,MP,All B are C/All A are B,2,All B are C,All A are B,2.75,both,True
66089,64,57,AC,All B are C/All A are C,3,All B are C,All A are C,2.85,both,True
66121,1,12,MP,All B are C/All A are B,2,All B are C,All A are B,2.75,both,True
66121,2,86,MP,All B are C/All A are B,2,All B are C,All A are B,2.75,both,True
66121,3,47,AC,All B are C/All A are C,3,All B are C,All A are C,2.85,both,True
66121,4,97,MT,All B are C/No A are C,1,All B are C,No A are C,2.0,both,True
66121,5,78,AC,All B are C/All A are C,3,All B are C,All A are C,2.85,both,True
66121,6,54,DA,All B are C/No A are B,4,All B are C,No A are B,6.65,both,True
66121,7,94,MP,All B are C/All A are B,2,All B are C,All A are B,2.75,both,True
66121,8,103,AC,All B are C/All A are C,3,All B are C,All A are C,2.85,both,True
66121,9,55,MP,All B are C/All A are B,2,All B are C,All A are B,2.75,both,True
66121,10,126,MT,All B are C/No A are C,1,All B are C,No A are C,2.0,both,True
66121,11,96,DA,All B are C/No A are B,4,All B are C,No A are B,6.65,both,True
66121,12,98,AC,All B are C/All A are C,3,All B are C,All A are C,2.85,both,True
66121,13,33,MT,All B are C/No A are C,1,All B are C,No A are C,2.0,both,True
66121,14,87,DA,All B are C/No A are B,4,All B are C,No A are B,6.65,both,True
66121,15,41,MP,All B are C/All A are B,2,All B are C,All A are B,2.75,both,True
66121,16,24,AC,All B are C/All A are C,3,All B are C,All A are C,2.85,both,True
66121,17,56,MP,All B are C/All A are B,2,All B are C,All A are B,2.75,both,True
66121,18,88,DA,All B are C/No A are B,4,All B are C,No A are B,6.65,both,True
66121,19,4,MT,All B are C/No A are C,1,All B are C,No A are C,2.0,both,True
66121,20,39,MP,All B are C/All A are B,2,All B are C,All A are B,2.75,both,True
66121,21,85,MP,All B are C/All A are B,2,All B are C,All A are B,2.75,both,True
66121,22,34,MP,All B are C/All A are B,2,All B are C,All A are B,2.75,both,True
66121,23,92,MT,All B are C/No A are C,1,All B are C,No A are C,2.0,both,True
66121,24,118,AC,All B are C/All A are C,3,All B are C,All A are C,2.85,both,True
66121,25,65,MT,All B are C/No A are C,1,All B are C,No A are C,2.0,both,True
66121,26,46,MT,All B are C/No A are C,1,All B are C,No A are C,2.0,both,True
66121,27,44,DA,All B are C/No A are B,4,All B are C,No A are B,6.65,both,True
66121,28,21,AC,All B are C/All A are C,3,All B are C,All A are C,2.85,both,True
66121,29,9,AC,All B are C/All A are C,3,All B are C,All A are C,2.85,both,True
66121,30,128,DA,All B are C/No A are B,4,All B are C,No A are B,6.65,both,True
66121,31,107,MT,All B are C/No A are C,1,All B are C,No A are C,2.0,both,True
66121,32,95,MP,All B are C/All A are B,2,All B are C,All A are B,2.75,both,True
66121,33,93,DA,All B are C/No A are B,4,All B are C,No A are B,6.65,both,True
66121,34,43,MP,All B are C/All A are B,2,All B are C,All A are B,2.75,both,True
66121,35,11,MP,All B are C/All A are B,2,All B are C,All A are B,2.75,both,True
66121,36,119,AC,All B are C/All A are C,3,All B are C,All A are C,2.85,both,True
66121,37,14,MT,All B are C/No A are C,1,All B are C,No A are C,2.0,both,True
66121,38,53,DA,All B are C/No A are B,4,All B are C,No A are B,6.65,both,True
66121,39,127,DA,All B are C/No A are B,4,All B are C,No A are B,6.65,both,True
66121,40,1,MT,All B are C/No A are C,1,All B are C,No A are C,2.0,both,True
66121,41,61,AC,All B are C/All A are C,3,All B are C,All A are C,2.85,both,True
66121,42,38,DA,All B are C/No A are B,4,All B are C,No A are B,6.65,both,True
66121,43,30,MT,All B are C/No A are C,1,All B are C,No A are C,2.0,both,True
66121,44,62,AC,All B are C/All A are C,3,All B are C,All A are C,2.85,both,True
66121,45,19,AC,All B are C/All A are C,3,All B are C,All A are C,2.85,both,True
66121,46,84,MT,All B are C/No A are C,1,All B are C,No A are C,2.0,both,True
66121,47,109,MP,All B are C/All A are B,2,All B are C,All A are B,2.75,both,True
66121,48,77,MT,All B are C/No A are C,1,All B are C,No A are C,2.0,both,True
66121,49,37,MT,All B are C/No A are C,1,All B are C,No A are C,2.0,both,True
66121,50,108,DA,All B are C/No A are B,4,All B are C,No A are B,6.65,both,True
66121,51,10,DA,All B are C/No A are B,4,All B are C,No A are B,6.65,both,True
66121,52,122,AC,All B are C/All A are C,3,All B are C,All A are C,2.85,both,True
66121,53,42,MP,All B are C/All A are B,2,All B are C,All A are B,2.75,both,True
66121,54,59,AC,All B are C/All A are C,3,All B are C,All A are C,2.85,both,True
66121,55,45,DA,All B are C/No A are B,4,All B are C,No A are B,6.65,both,True
66121,56,71,MT,All B are C/No A are C,1,All B are C,No A are C,2.0,both,True
66121,57,89,DA,All B are C/No A are B,4,All B are C,No A are B,6.65,both,True
66121,58,25,AC,All B are C/All A are C,3,All B are C,All A are C,2.85,both,True
66121,59,70,MT,All B are C/No A are C,1,All B are C,No A are C,2.0,both,True
66121,60,74,DA,All B are C/No A are B,4,All B are C,No A are B,6.65,both,True
66121,61,104,DA,All B are C/No A are B,4,All B are C,No A are B,6.65,both,True
66121,62,40,MP,All B are C/All A are B,2,All B are C,All A are B,2.75,both,True
66121,63,117,AC,All B are C/All A are C,3,All B are C,All A are C,2.85,both,True
66121,64,52,MP,All B are C/All A are B,2,All B are C,All A are B,2.75,both,True
66151,1,71,MT,All B are C/No A are C,1,All B are C,No A are C,2.0,both,True
66151,2,77,MT,All B are C/No A are C,1,All B are C,No A are C,2.0,both,True
66151,3,109,MP,All B are C/All A are B,2,All B are C,All A are B,2.75,both,True
66151,4,128,DA,All B are C/No A are B,4,All B are C,No A are B,6.65,both,True
66151,5,93,DA,All B are C/No A are B,4,All B are C,No A are B,6.65,both,True
66151,6,41,MP,All B are C/All A are B,2,All B are C,All A are B,2.75,both,True
66151,7,98,AC,All B are C/All A are C,3,All B are C,All A are C,2.85,both,True
66151,8,88,DA,All B are C/No A are B,4,All B are C,No A are B,6.65,both,True
66151,9,117,AC,All B are C/All A are C,3,All B are C,All A are C,2.85,both,True
66151,10,52,MP,All B are C/All A are B,2,All B are C,All A are B,2.75,both,True
66151,11,70,MT,All B are C/No A are C,1,All B are C,No A are C,2.0,both,True
66151,12,43,MP,All B are C/All A are B,2,All B are C,All A are B,2.75,both,True
66151,13,107,MT,All B are C/No A are C,1,All B are C,No A are C,2.0,both,True
66151,14,38,DA,All B are C/No A are B,4,All B are C,No A are B,6.65,both,True
66151,15,40,MP,All B are C/All A are B,2,All B are C,All A are B,2.75,both,True
66151,16,9,AC,All B are C/All A are C,3,All B are C,All A are C,2.85,both,True
66151,17,55,MP,All B are C/All A are B,2,All B are C,All A are B,2.75,both,True
66151,18,96,DA,All B are C/No A are B,4,All B are C,No A are B,6.65,both,True
66151,19,94,MP,All B are C/All A are B,2,All B are C,All A are B,2.75,both,True
66151,20,53,DA,All B are C/No A are B,4,All B are C,No A are B,6.65,both,True
66151,21,118,AC,All B are C/All A are C,3,All B are C,All A are C,2.85,both,True
66151,22,56,MP,All B are C/All A are B,2,All B are C,All A are B,2.75,both,True
66151,23,34,MP,All B are C/All A are B,2,All B are C,All A are B,2.75,both,True
66151,24,59,AC,All B are C/All A are C,3,All B are C,All A are C,2.85,both,True
66151,25,127,DA,All B are C/No A are B,4,All B are C,No A are B,6.65,both,True
66151,26,85,MP,All B are C/All A are B,2,All B are C,All A are B,2.75,both,True
66151,27,30,MT,All B are C/No A are C,1,All B are C,No A are C,2.0,both,True
66151,28,54,DA,All B are C/No A are B,4,All B are C,No A are B,6.65,both,True
66151,29,92,MT,All B are C/No A are C,1,All B are C,No A are C,2.0,both,True
66151,30,65,MT,All B are C/No A are C,1,All B are C,No A are C,2.0,both,True
66151,31,119,AC,All B are C/All A are C,3,All B are C,All A are C,2.85,both,True
66151,32,95,MP,All B are C/All A are B,2,All B are C,All A are B,2.75,both,True
66151,33,74,DA,All B are C/No A are B,4,All B are C,No A are B,6.65,both,True
66151,34,104,DA,All B are C/No A are B,4,All B are C,No A are B,6.65,both,True
66151,35,62,AC,All B are C/All A are C,3,All B are C,All A are C,2.85,both,True
66151,36,86,MP,All B are C/All A are B,2,All B are C,All A are B,2.75,both,True
66151,37,37,MT,All B are C/No A are C,1,All B are C,No A are C,2.0,both,True
66151,38,1,MT,All B are C/No A are C,1,All B are C,No A are C,2.0,both,True
66151,39,11,MP,All B are C/All A are B,2,All B are C,All A are B,2.75,both,True
66151,40,84,MT,All B are C/No A are C,1,All B are C,No A are C,2.0,both,True
66151,41,42,MP,All B are C/All A are B,2,All B are C,All A are B,2.75,both,True
66151,42,39,MP,All B are C/All A are B,2,All B are C,All A are B,2.75,both,True
66151,43,46,MT,All B are C/No A are C,1,All B are C,No A are C,2.0,both,True
66151,44,47,AC,All B are C/All A are C,3,All B are C,All A are C,2.85,both,True
66151,45,87,DA,All B are C/No A are B,4,All B are C,No A are B,6.65,both,True
66151,46,89,DA,All B are C/No A are B,4,All B are C,No A are B,6.65,both,True
66151,47,4,MT,All B are C/No A are C,1,All B are C,No A are C,2.0,both,True
66151,48,61,AC,All B are C/All A are C,3,All B are C,All A are C,2.85,both,True
66151,49,45,DA,All B are C/No A are B,4,All B are C,No A are B,6.65,both,True
66151,50,25,AC,All B are C/All A are C,3,All B are C,All A are C,2.85,both,True
66151,51,14,MT,All B are C/No A are C,1,All B are C,No A are C,2.0,both,True
66151,52,97,MT,All B are C/No A are C,1,All B are C,No A are C,2.0,both,True
66151,53,12,MP,All B are C/All A are B,2,All B are C,All A are B,2.75,both,True
66151,54,10,DA,All B are C/No A are B,4,All B are C,No A are B,6.65,both,True
66151,55,78,AC,All B are C/All A are C,3,All B are C,All A are C,2.85,both,True
66151,56,122,AC,All B are C/All A are C,3,All B are C,All A are C,2.85,both,True
66151,57,108,DA,All B are C/No A are B,4,All B are C,No A are B,6.65,both,True
66151,58,126,MT,All B are C/No A are C,1,All B are C,No A are C,2.0,both,True
66151,59,44,DA,All B are C/No A are B,4,All B are C,No A are B,6.65,both,True
66151,60,21,AC,All B are C/All A are C,3,All B are C,All A are C,2.85,both,True
66151,61,19,AC,All B are C/All A are C,3,All B are C,All A are C,2.85,both,True
66151,62,33,MT,All B are C/No A are C,1,All B are C,No A are C,2.0,both,True
66151,63,24,AC,All B are C/All A are C,3,All B are C,All A are C,2.85,both,True
66151,64,103,AC,All B are C/All A are C,3,All B are C,All A are C,2.85,both,True
66157,1,79,DA,All B are C/No A are B,4,All B are C,No A are B,6.15,both,True
66157,2,83,MT,All B are C/No A are C,1,All B are C,No A are C,2.0,both,True
66157,3,23,AC,All B are C/All A are C,3,All B are C,All A are C,2.75,both,True
66157,4,22,MP,All B are C/All A are B,2,All B are C,All A are B,2.4,both,True
66157,5,6,DA,All B are C/No A are B,4,All B are C,No A are B,6.15,both,True
66157,6,67,DA,All B are C/No A are B,4,All B are C,No A are B,6.15,both,True
66157,7,90,MT,All B are C/No A are C,1,All B are C,No A are C,2.0,both,True
66157,8,73,MT,All B are C/No A are C,1,All B are C,No A are C,2.0,both,True
66157,9,66,MT,All B are C/No A are C,1,All B are C,No A are C,2.0,both,True
66157,10,91,DA,All B are C/No A are B,4,All B are C,No A are B,6.15,both,True
66157,11,15,MT,All B are C/No A are C,1,All B are C,No A are C,2.0,both,True
66157,12,111,MP,All B are C/All A are B,2,All B are C,All A are B,2.4,both,True
66157,13,51,MT,All B are C/No A are C,1,All B are C,No A are C,2.0,both,True
66157,14,69,DA,All B are C/No A are B,4,All B are C,No A are B,6.15,both,True
66157,15,16,DA,All B are C/No A are B,4,All B are C,No A are B,6.15,both,True
66157,16,113,MP,All B are C/All A are B,2,All B are C,All A are B,2.4,both,True
66157,17,17,MP,All B are C/All A are B,2,All B are C,All A are B,2.4,both,True
66157,18,80,AC,All B are C/All A are C,3,All B are C,All A are C,2.75,both,True
66157,19,20,AC,All B are C/All A are C,3,All B are C,All A are C,2.75,both,True
66157,20,3,MT,All B are C/No A are C,1,All B are C,No A are C,2.0,both,True
66157,21,106,MT,All B are C/No A are C,1,All B are C,No A are C,2.0,both,True
66157,22,101,MP,All B are C/All A are B,2,All B are C,All A are B,2.4,both,True
66157,23,8,AC,All B are C/All A are C,3,All B are C,All A are C,2.75,both,True
66157,24,102,AC,All B are C/All A are C,3,All B are C,All A are C,2.75,both,True
66157,25,2,DA,All B are C/No A are B,4,All B are C,No A are B,6.15,both,True
66157,26,36,DA,All B are C/No A are B,4,All B are C,No A are B,6.15,both,True
66157,27,75,DA,All B are C/No A are B,4,All B are C,No A are B,6.15,both,True
66157,28,116,AC,All B are C/All A are C,3,All B are C,All A are C,2.75,both,True
66157,29,28,DA,All B are C/No A are B,4,All B are C,No A are B,6.15,both,True
66157,30,13,MP,All B are C/All A are B,2,All B are C,All A are B,2.4,both,True
66157,31,121,AC,All B are C/All A are C,3,All B are C,All A are C,2.75,both,True
66157,32,120,MP,All B are C/All A are B,2,All B are C,All A are B,2.4,both,True
66157,33,31,MP,All B are C/All A are B,2,All B are C,All A are B,2.4,both,True
66157,34,5,MT,All B are C/No A are C,1,All B are C,No A are C,2.0,both,True
66157,35,49,AC,All B are C/All A are C,3,All B are C,All A are C,2.75,both,True
66157,36,7,MP,All B are C/All A are B,2,All B are C,All A are B,2.4,both,True
66157,37,114,AC,All B are C/All A are C,3,All B are C,All A are C,2.75,both,True
66157,38,115,MP,All B are C/All A are B,2,All B are C,All A are B,2.4,both,True
66157,39,81,MP,All B are C/All A are B,2,All B are C,All A are B,2.4,both,True
66157,40,58,DA,All B are C/No A are B,4,All B are C,No A are B,6.15,both,True
66157,41,27,AC,All B are C/All A are C,3,All B are C,All A are C,2.75,both,True
66157,42,63,AC,All B are C/All A are C,3,All B are C,All A are C,2.75,both,True
66157,43,100,MT,All B are C/No A are C,1,All B are C,No A are C,2.0,both,True
66157,44,29,MT,All B are C/No A are C,1,All B are C,No A are C,2.0,both,True
66157,45,60,AC,All B are C/All A are C,3,All B are C,All A are C,2.75,both,True
66157,46,125,MT,All B are C/No A are C,1,All B are C,No A are C,2.0,both,True
66157,47,99,AC,All B are C/All A are C,3,All B are C,All A are C,2.75,both,True
66157,48,50,MP,All B are C/All A are B,2,All B are C,All A are B,2.4,both,True
66157,49,48,MP,All B are C/All A are B,2,All B are C,All A are B,2.4,both,True
66157,50,26,MP,All B are C/All A are B,2,All B are C,All A are B,2.4,both,True
66157,51,68,MT,All B are C/No A are C,1,All B are C,No A are C,2.0,both,True
66157,52,105,DA,All B are C/No A are B,4,All B are C,No A are B,6.15,both,True
66157,53,124,AC,All B are C/All A are C,3,All B are C,All A are C,2.75,both,True
66157,54,112,MP,All B are C/All A are B,2,All B are C,All A are B,2.4,both,True
66157,55,64,MP,All B are C/All A are B,2,All B are C,All A are B,2.4,both,True
66157,56,110,DA,All B are C/No A are B,4,All B are C,No A are B,6.15,both,True
66157,57,123,DA,All B are C/No A are B,4,All B are C,No A are B,6.15,both,True
66157,58,57,AC,All B are C/All A are C,3,All B are C,All A are C,2.75,both,True
66157,59,72,DA,All B are C/No A are B,4,All B are C,No A are B,6.15,both,True
66157,60,32,MT,All B are C/No A are C,1,All B are C,No A are C,2.0,both,True
66157,61,82,DA,All B are C/No A are B,4,All B are C,No A are B,6.15,both,True
66157,62,18,AC,All B are C/All A are C,3,All B are C,All A are C,2.75,both,True
66157,63,35,MT,All B are C/No A are C,1,All B are C,No A are C,2.0,both,True
66157,64,76,MT,All B are C/No A are C,1,All B are C,No A are C,2.0,both,True
66201,1,9,AC,All B are C/All A are C,3,All B are C,All A are C,2.45,both,True
66201,2,38,DA,All B are C/No A are B,4,All B are C,No A are B,4.2,both,True
66201,3,40,MP,All B are C/All A are B,2,All B are C,All A are B,2.3,both,True
66201,4,126,MT,All B are C/No A are C,1,All B are C,No A are C,2.0,both,True
66201,5,54,DA,All B are C/No A are B,4,All B are C,No A are B,4.2,both,True
66201,6,65,MT,All B are C/No A are C,1,All B are C,No A are C,2.0,both,True
66201,7,41,MP,All B are C/All A are B,2,All B are C,All A are B,2.3,both,True
66201,8,55,MP,All B are C/All A are B,2,All B are C,All A are B,2.3,both,True
66201,9,74,DA,All B are C/No A are B,4,All B are C,No A are B,4.2,both,True
66201,10,70,MT,All B are C/No A are C,1,All B are C,No A are C,2.0,both,True
66201,11,89,DA,All B are C/No A are B,4,All B are C,No A are B,4.2,both,True
66201,12,77,MT,All B are C/No A are C,1,All B are C,No A are C,2.0,both,True
66201,13,11,MP,All B are C/All A are B,2,All B are C,All A are B,2.3,both,True
66201,14,33,MT,All B are C/No A are C,1,All B are C,No A are C,2.0,both,True
66201,15,59,AC,All B are C/All A are C,3,All B are C,All A are C,2.45,both,True
66201,16,96,DA,All B are C/No A are B,4,All B are C,No A are B,4.2,both,True
66201,17,128,DA,All B are C/No A are B,4,All B are C,No A are B,4.2,both,True
66201,18,103,AC,All B are C/All A are C,3,All B are C,All A are C,2.45,both,True
66201,19,39,MP,All B are C/All A are B,2,All B are C,All A are B,2.3,both,True
66201,20,34,MP,All B are C/All A are B,2,All B are C,All A are B,2.3,both,True
66201,21,44,DA,All B are C/No A are B,4,All B are C,No A are B,4.2,both,True
66201,22,56,MP,All B are C/All A are B,2,All B are C,All A are B,2.3,both,True
66201,23,71,MT,All B are C/No A are C,1,All B are C,No A are C,2.0,both,True
66201,24,52,MP,All B are C/All A are B,2,All B are C,All A are B,2.3,both,True
66201,25,98,AC,All B are C/All A are C,3,All B are C,All A are C,2.45,both,True
66201,26,108,DA,All B are C/No A are B,4,All B are C,No A are B,4.2,both,True
66201,27,119,AC,All B are C/All A are C,3,All B are C,All A are C,2.45,both,True
66201,28,88,DA,All B are C/No A are B,4,All B are C,No A are B,4.2,both,True
66201,29,25,AC,All B are C/All A are C,3,All B are C,All A are C,2.45,both,True
66201,30,97,MT,All B are C/No A are C,1,All B are C,No A are C,2.0,both,True
66201,31,45,DA,All B are C/No A are B,4,All B are C,No A are B,4.2,both,True
66201,32,46,MT,All B are C/No A are C,1,All B are C,No A are C,2.0,both,True
66201,33,87,DA,All B are C/No A are B,4,All B are C,No A are B,4.2,both,True
66201,34,61,AC,All B are C/All A are C,3,All B are C,All A are C,2.45,both,True
66201,35,118,AC,All B are C/All A are C,3,All B are C,All A are C,2.45,both,True
66201,36,85,MP,All B are C/All A are B,2,All B are C,All A are B,2.3,both,True
66201,37,127,DA,All B are C/No A are B,4,All B are C,No A are B,4.2,both,True
66201,38,37,MT,All B are C/No A are C,1,All B are C,No A are C,2.0,both,True
66201,39,92,MT,All B are C/No A are C,1,All B are C,No A are C,2.0,both,True
66201,40,12,MP,All B are C/All A are B,2,All B are C,All A are B,2.3,both,True
66201,41,30,MT,All B are C/No A are C,1,All B are C,No A are C,2.0,both,True
66201,42,84,MT,All B are C/No A are C,1,All B are C,No A are C,2.0,both,True
66201,43,1,MT,All B are C/No A are C,1,All B are C,No A are C,2.0,both,True
66201,44,109,MP,All B are C/All A are B,2,All B are C,All A are B,2.3,both,True
66201,45,104,DA,All B are C/No A are B,4,All B are C,No A are B,4.2,both,True
66201,46,93,DA,All B are C/No A are B,4,All B are C,No A are B,4.2,both,True
66201,47,95,MP,All B are C/All A are B,2,All B are C,All A are B,2.3,both,True
66201,48,62,AC,All B are C/All A are C,3,All B are C,All A are C,2.45,both,True
66201,49,4,MT,All B are C/No A are C,1,All B are C,No A are C,2.0,both,True
66201,50,42,MP,All B are C/All A are B,2,All B are C,All A are B,2.3,both,True
66201,51,14,MT,All B are C/No A are C,1,All B are C,No A are C,2.0,both,True
66201,52,53,DA,All B are C/No A are B,4,All B are C,No A are B,4.2,both,True
66201,53,19,AC,All B are C/All A are C,3,All B are C,All A are C,2.45,both,True
66201,54,122,AC,All B are C/All A are C,3,All B are C,All A are C,2.45,both,True
66201,55,107,MT,All B are C/No A are C,1,All B are C,No A are C,2.0,both,True
66201,56,21,AC,All B are C/All A are C,3,All B are C,All A are C,2.45,both,True
66201,57,10,DA,All B are C/No A are B,4,All B are C,No A are B,4.2,both,True
66201,58,117,AC,All B are C/All A are C,3,All B are C,All A are C,2.45,both,True
66201,59,24,AC,All B are C/All A are C,3,All B are C,All A are C,2.45,both,True
66201,60,86,MP,All B are C/All A are B,2,All B are C,All A are B,2.3,both,True
66201,61,43,MP,All B are C/All A are B,2,All B are C,All A are B,2.3,both,True
66201,62,78,AC,All B are C/All A are C,3,All B are C,All A are C,2.45,both,True
66201,63,94,MP,All B are C/All A are B,2,All B are C,All A are B,2.3,both,True
66201,64,47,AC,All B are C/All A are C,3,All B are C,All A are C,2.45,both,True
66206,1,50,MP,All B are C/All A are B,2,All B are C,All A are B,2.75,both,True
66206,2,23,AC,All B are C/All A are C,3,All B are C,All A are C,2.85,both,True
66206,3,110,DA,All B are C/No A are B,4,All B are C,No A are B,6.65,both,True
66206,4,73,MT,All B are C/No A are C,1,All B are C,No A are C,2.0,both,True
66206,5,125,MT,All B are C/No A are C,1,All B are C,No A are C,2.0,both,True
66206,6,102,AC,All B are C/All A are C,3,All B are C,All A are C,2.85,both,True
66206,7,28,DA,All B are C/No A are B,4,All B are C,No A are B,6.65,both,True
66206,8,57,AC,All B are C/All A are C,3,All B are C,All A are C,2.85,both,True
66206,9,106,MT,All B are C/No A are C,1,All B are C,No A are C,2.0,both,True
66206,10,80,AC,All B are C/All A are C,3,All B are C,All A are C,2.85,both,True
66206,11,49,AC,All B are C/All A are C,3,All B are C,All A are C,2.85,both,True
66206,12,76,MT,All B are C/No A are C,1,All B are C,No A are C,2.0,both,True
66206,13,13,MP,All B are C/All A are B,2,All B are C,All A are B,2.75,both,True
66206,14,66,MT,All B are C/No A are C,1,All B are C,No A are C,2.0,both,True
66206,15,75,DA,All B are C/No A are B,4,All B are C,No A are B,6.65,both,True
66206,16,100,MT,All B are C/No A are C,1,All B are C,No A are C,2.0,both,True
66206,17,63,AC,All B are C/All A are C,3,All B are C,All A are C,2.85,both,True
66206,18,105,DA,All B are C/No A are B,4,All B are C,No A are B,6.65,both,True
66206,19,124,AC,All B are C/All A are C,3,All B are C,All A are C,2.85,both,True
66206,20,2,DA,All B are C/No A are B,4,All B are C,No A are B,6.65,both,True
66206,21,60,AC,All B are C/All A are C,3,All B are C,All A are C,2.85,both,True
66206,22,3,MT,All B are C/No A are C,1,All B are C,No A are C,2.0,both,True
66206,23,58,DA,All B are C/No A are B,4,All B are C,No A are B,6.65,both,True
66206,24,111,MP,All B are C/All A are B,2,All B are C,All A are B,2.75,both,True
66206,25,64,MP,All B are C/All A are B,2,All B are C,All A are B,2.75,both,True
66206,26,101,MP,All B are C/All A are B,2,All B are C,All A are B,2.75,both,True
66206,27,16,DA,All B are C/No A are B,4,All B are C,No A are B,6.65,both,True
66206,28,6,DA,All B are C/No A are B,4,All B are C,No A are B,6.65,both,True
66206,29,51,MT,All B are C/No A are C,1,All B are C,No A are C,2.0,both,True
66206,30,29,MT,All B are C/No A are C,1,All B are C,No A are C,2.0,both,True
66206,31,116,AC,All B are C/All A are C,3,All B are C,All A are C,2.85,both,True
66206,32,114,AC,All B are C/All A are C,3,All B are C,All A are C,2.85,both,True
66206,33,27,AC,All B are C/All A are C,3,All B are C,All A are C,2.85,both,True
66206,34,7,MP,All B are C/All A are B,2,All B are C,All A are B,2.75,both,True
66206,35,22,MP,All B are C/All A are B,2,All B are C,All A are B,2.75,both,True
66206,36,115,MP,All B are C/All A are B,2,All B are C,All A are B,2.75,both,True
66206,37,35,MT,All B are C/No A are C,1,All B are C,No A are C,2.0,both,True
66206,38,17,MP,All B are C/All A are B,2,All B are C,All A are B,2.75,both,True
66206,39,18,AC,All B are C/All A are C,3,All B are C,All A are C,2.85,both,True
66206,40,81,MP,All B are C/All A are B,2,All B are C,All A are B,2.75,both,True
66206,41,90,MT,All B are C/No A are C,1,All B are C,No A are C,2.0,both,True
66206,42,31,MP,All B are C/All A are B,2,All B are C,All A are B,2.75,both,True
66206,43,91,DA,All B are C/No A are B,4,All B are C,No A are B,6.65,both,True
66206,44,123,DA,All B are C/No A are B,4,All B are C,No A are B,6.65,both,True
66206,45,120,MP,All B are C/All A are B,2,All B are C,All A are B,2.75,both,True
66206,46,15,MT,All B are C/No A are C,1,All B are C,No A are C,2.0,both,True
66206,47,99,AC,All B are C/All A are C,3,All B are C,All A are C,2.85,both,True
66206,48,36,DA,All B are C/No A are B,4,All B are C,No A are B,6.65,both,True
66206,49,113,MP,All B are C/All A are B,2,All B are C,All A are B,2.75,both,True
66206,50,48,MP,All B are C/All A are B,2,All B are C,All A are B,2.75,both,True
66206,51,8,AC,All B are C/All A are C,3,All B are C,All A are C,2.85,both,True
66206,52,112,MP,All B are C/All A are B,2,All B are C,All A are B,2.75,both,True
66206,53,5,MT,All B are C/No A are C,1,All B are C,No A are C,2.0,both,True
66206,54,26,MP,All B are C/All A are B,2,All B are C,All A are B,2.75,both,True
66206,55,83,MT,All B are C/No A are C,1,All B are C,No A are C,2.0,both,True
66206,56,67,DA,All B are C/No A are B,4,All B are C,No A are B,6.65,both,True
66206,57,79,DA,All B are C/No A are B,4,All B are C,No A are B,6.65,both,True
66206,58,121,AC,All B are C/All A are C,3,All B are C,All A are C,2.85,both,True
66206,59,32,MT,All B are C/No A are C,1,All B are C,No A are C,2.0,both,True
66206,60,20,AC,All B are C/All A are C,3,All B are C,All A are C,2.85,both,True
66206,61,68,MT,All B are C/No A are C,1,All B are C,No A are C,2.0,both,True
66206,62,82,DA,All B are C/No A are B,4,All B are C,No A are B,6.65,both,True
66206,63,69,DA,All B are C/No A are B,4,All B are C,No A are B,6.65,both,True
66206,64,72,DA,All B are C/No A are B,4,All B are C,No A are B,6.65,both,True
66275,1,87,DA,All B are C/No A are B,4,All B are C,No A are B,3.05,both,True
66275,2,12,MP,All B are C/All A are B,2,All B are C,All A are B,2.25,both,True
66275,3,118,AC,All B are C/All A are C,3,All B are C,All A are C,2.45,both,True
66275,4,41,MP,All B are C/All A are B,2,All B are C,All A are B,2.25,both,True
66275,5,96,DA,All B are C/No A are B,4,All B are C,No A are B,3.05,both,True
66275,6,52,MP,All B are C/All A are B,2,All B are C,All A are B,2.25,both,True
66275,7,34,MP,All B are C/All A are B,2,All B are C,All A are B,2.25,both,True
66275,8,54,DA,All B are C/No A are B,4,All B are C,No A are B,3.05,both,True
66275,9,47,AC,All B are C/All A are C,3,All B are C,All A are C,2.45,both,True
66275,10,89,DA,All B are C/No A are B,4,All B are C,No A are B,3.05,both,True
66275,11,88,DA,All B are C/No A are B,4,All B are C,No A are B,3.05,both,True
66275,12,45,DA,All B are C/No A are B,4,All B are C,No A are B,3.05,both,True
66275,13,9,AC,All B are C/All A are C,3,All B are C,All A are C,2.45,both,True
66275,14,78,AC,All B are C/All A are C,3,All B are C,All A are C,2.45,both,True
66275,15,86,MP,All B are C/All A are B,2,All B are C,All A are B,2.25,both,True
66275,16,40,MP,All B are C/All A are B,2,All B are C,All A are B,2.25,both,True
66275,17,61,AC,All B are C/All A are C,3,All B are C,All A are C,2.45,both,True
66275,18,38,DA,All B are C/No A are B,4,All B are C,No A are B,3.05,both,True
66275,19,4,MT,All B are C/No A are C,1,All B are C,No A are C,2.0,both,True
66275,20,14,MT,All B are C/No A are C,1,All B are C,No A are C,2.0,both,True
66275,21,94,MP,All B are C/All A are B,2,All B are C,All A are B,2.25,both,True
66275,22,107,MT,All B are C/No A are C,1,All B are C,No A are C,2.0,both,True
66275,23,84,MT,All B are C/No A are C,1,All B are C,No A are C,2.0,both,True
66275,24,59,AC,All B are C/All A are C,3,All B are C,All A are C,2.45,both,True
66275,25,95,MP,All B are C/All A are B,2,All B are C,All A are B,2.25,both,True
66275,26,46,MT,All B are C/No A are C,1,All B are C,No A are C,2.0,both,True
66275,27,44,DA,All B are C/No A are B,4,All B are C,No A are B,3.05,both,True
66275,28,71,MT,All B are C/No A are C,1,All B are C,No A are C,2.0,both,True
66275,29,109,MP,All B are C/All A are B,2,All B are C,All A are B,2.25,both,True
66275,30,98,AC,All B are C/All A are C,3,All B are C,All A are C,2.45,both,True
66275,31,74,DA,All B are C/No A are B,4,All B are C,No A are B,3.05,both,True
66275,32,42,MP,All B are C/All A are B,2,All B are C,All A are B,2.25,both,True
66275,33,117,AC,All B are C/All A are C,3,All B are C,All A are C,2.45,both,True
66275,34,77,MT,All B are C/No A are C,1,All B are C,No A are C,2.0,both,True
66275,35,103,AC,All B are C/All A are C,3,All B are C,All A are C,2.45,both,True
66275,36,93,DA,All B are C/No A are B,4,All B are C,No A are B,3.05,both,True
66275,37,62,AC,All B are C/All A are C,3,All B are C,All A are C,2.45,both,True
66275,38,25,AC,All B are C/All A are C,3,All B are C,All A are C,2.45,both,True
66275,39,65,MT,All B are C/No A are C,1,All B are C,No A are C,2.0,both,True
66275,40,85,MP,All B are C/All A are B,2,All B are C,All A are B,2.25,both,True
66275,41,126,MT,All B are C/No A are C,1,All B are C,No A are C,2.0,both,True
66275,42,19,AC,All B are C/All A are C,3,All B are C,All A are C,2.45,both,True
66275,43,53,DA,All B are C/No A are B,4,All B are C,No A are B,3.05,both,True
66275,44,10,DA,All B are C/No A are B,4,All B are C,No A are B,3.05,both,True
66275,45,122,AC,All B are C/All A are C,3,All B are C,All A are C,2.45,both,True
66275,46,92,MT,All B are C/No A are C,1,All B are C,No A are C,2.0,both,True
66275,47,55,MP,All B are C/All A are B,2,All B are C,All A are B,2.25,both,True
66275,48,24,AC,All B are C/All A are C,3,All B are C,All A are C,2.45,both,True
66275,49,21,AC,All B are C/All A are C,3,All B are C,All A are C,2.45,both,True
66275,50,128,DA,All B are C/No A are B,4,All B are C,No A are B,3.05,both,True
66275,51,33,MT,All B are C/No A are C,1,All B are C,No A are C,2.0,both,True
66275,52,70,MT,All B are C/No A are C,1,All B are C,No A are C,2.0,both,True
66275,53,1,MT,All B are C/No A are C,1,All B are C,No A are C,2.0,both,True
66275,54,104,DA,All B are C/No A are B,4,All B are C,No A are B,3.05,both,True
66275,55,11,MP,All B are C/All A are B,2,All B are C,All A are B,2.25,both,True
66275,56,97,MT,All B are C/No A are C,1,All B are C,No A are C,2.0,both,True
66275,57,127,DA,All B are C/No A are B,4,All B are C,No A are B,3.05,both,True
66275,58,39,MP,All B are C/All A are B,2,All B are C,All A are B,2.25,both,True
66275,59,37,MT,All B are C/No A are C,1,All B are C,No A are C,2.0,both,True
66275,60,108,DA,All B are C/No A are B,4,All B are C,No A are B,3.05,both,True
66275,61,119,AC,All B are C/All A are C,3,All B are C,All A are C,2.45,both,True
66275,62,30,MT,All B are C/No A are C,1,All B are C,No A are C,2.0,both,True
66275,63,56,MP,All B are C/All A are B,2,All B are C,All A are B,2.25,both,True
66275,64,43,MP,All B are C/All A are B,2,All B are C,All A are B,2.25,both,True
66305,1,62,AC,All B are C/All A are C,3,All B are C,All A are C,2.1,both,True
66305,2,71,MT,All B are C/No A are C,1,All B are C,No A are C,2.0,both,True
66305,3,24,AC,All B are C/All A are C,3,All B are C,All A are C,2.1,both,True
66305,4,89,DA,All B are C/No A are B,4,All B are C,No A are B,2.75,both,True
66305,5,104,DA,All B are C/No A are B,4,All B are C,No A are B,2.75,both,True
66305,6,47,AC,All B are C/All A are C,3,All B are C,All A are C,2.1,both,True
66305,7,42,MP,All B are C/All A are B,2,All B are C,All A are B,2.0,both,True
66305,8,54,DA,All B are C/No A are B,4,All B are C,No A are B,2.75,both,True
66305,9,40,MP,All B are C/All A are B,2,All B are C,All A are B,2.0,both,True
66305,10,9,AC,All B are C/All A are C,3,All B are C,All A are C,2.1,both,True
66305,11,86,MP,All B are C/All A are B,2,All B are C,All A are B,2.0,both,True
66305,12,65,MT,All B are C/No A are C,1,All B are C,No A are C,2.0,both,True
66305,13,44,DA,All B are C/No A are B,4,All B are C,No A are B,2.75,both,True
66305,14,128,DA,All B are C/No A are B,4,All B are C,No A are B,2.75,both,True
66305,15,25,AC,All B are C/All A are C,3,All B are C,All A are C,2.1,both,True
66305,16,56,MP,All B are C/All A are B,2,All B are C,All A are B,2.0,both,True
66305,17,1,MT,All B are C/No A are C,1,All B are C,No A are C,2.0,both,True
66305,18,98,AC,All B are C/All A are C,3,All B are C,All A are C,2.1,both,True
66305,19,77,MT,All B are C/No A are C,1,All B are C,No A are C,2.0,both,True
66305,20,126,MT,All B are C/No A are C,1,All B are C,No A are C,2.0,both,True
66305,21,59,AC,All B are C/All A are C,3,All B are C,All A are C,2.1,both,True
66305,22,19,AC,All B are C/All A are C,3,All B are C,All A are C,2.1,both,True
66305,23,55,MP,All B are C/All A are B,2,All B are C,All A are B,2.0,both,True
66305,24,109,MP,All B are C/All A are B,2,All B are C,All A are B,2.0,both,True
66305,25,122,AC,All B are C/All A are C,3,All B are C,All A are C,2.1,both,True
66305,26,118,AC,All B are C/All A are C,3,All B are C,All A are C,2.1,both,True
66305,27,33,MT,All B are C/No A are C,1,All B are C,No A are C,2.0,both,True
66305,28,87,DA,All B are C/No A are B,4,All B are C,No A are B,2.75,both,True
66305,29,43,MP,All B are C/All A are B,2,All B are C,All A are B,2.0,both,True
66305,30,103,AC,All B are C/All A are C,3,All B are C,All A are C,2.1,both,True
66305,31,93,DA,All B are C/No A are B,4,All B are C,No A are B,2.75,both,True
66305,32,11,MP,All B are C/All A are B,2,All B are C,All A are B,2.0,both,True
66305,33,21,AC,All B are C/All A are C,3,All B are C,All A are C,2.1,both,True
66305,34,74,DA,All B are C/No A are B,4,All B are C,No A are B,2.75,both,True
66305,35,127,DA,All B are C/No A are B,4,All B are C,No A are B,2.75,both,True
66305,36,85,MP,All B are C/All A are B,2,All B are C,All A are B,2.0,both,True
66305,37,12,MP,All B are C/All A are B,2,All B are C,All A are B,2.0,both,True
66305,38,108,DA,All B are C/No A are B,4,All B are C,No A are B,2.75,both,True
66305,39,97,MT,All B are C/No A are C,1,All B are C,No A are C,2.0,both,True
66305,40,30,MT,All B are C/No A are C,1,All B are C,No A are C,2.0,both,True
66305,41,92,MT,All B are C/No A are C,1,All B are C,No A are C,2.0,both,True
66305,42,53,DA,All B are C/No A are B,4,All B are C,No A are B,2.75,both,True
66305,43,4,MT,All B are C/No A are C,1,All B are C,No A are C,2.0,both,True
66305,44,88,DA,All B are C/No A are B,4,All B are C,No A are B,2.75,both,True
66305,45,39,MP,All B are C/All A are B,2,All B are C,All A are B,2.0,both,True
66305,46,37,MT,All B are C/No A are C,1,All B are C,No A are C,2.0,both,True
66305,47,119,AC,All B are C/All A are C,3,All B are C,All A are C,2.1,both,True
66305,48,84,MT,All B are C/No A are C,1,All B are C,No A are C,2.0,both,True
66305,49,52,MP,All B are C/All A are B,2,All B are C,All A are B,2.0,both,True
66305,50,107,MT,All B are C/No A are C,1,All B are C,No A are C,2.0,both,True
66305,51,34,MP,All B are C/All A are B,2,All B are C,All A are B,2.0,both,True
66305,52,61,AC,All B are C/All A are C,3,All B are C,All A are C,2.1,both,True
66305,53,95,MP,All B are C/All A are B,2,All B are C,All A are B,2.0,both,True
66305,54,38,DA,All B are C/No A are B,4,All B are C,No A are B,2.75,both,True
66305,55,14,MT,All B are C/No A are C,1,All B are C,No A are C,2.0,both,True
66305,56,70,MT,All B are C/No A are C,1,All B are C,No A are C,2.0,both,True
66305,57,96,DA,All B are C/No A are B,4,All B are C,No A are B,2.75,both,True
66305,58,94,MP,All B are C/All A are B,2,All B are C,All A are B,2.0,both,True
66305,59,45,DA,All B are C/No A are B,4,All B are C,No A are B,2.75,both,True
66305,60,46,MT,All B are C/No A are C,1,All B are C,No A are C,2.0,both,True
66305,61,78,AC,All B are C/All A are C,3,All B are C,All A are C,2.1,both,True
66305,62,117,AC,All B are C/All A are C,3,All B are C,All A are C,2.1,both,True
66305,63,10,DA,All B are C/No A are B,4,All B are C,No A are B,2.75,both,True
66305,64,41,MP,All B are C/All A are B,2,All B are C,All A are B,2.0,both,True
66312,1,94,MP,All B are C/All A are B,2,All B are C,All A are B,2.75,both,True
66312,2,108,DA,All B are C/No A are B,4,All B are C,No A are B,6.65,both,True
66312,3,103,AC,All B are C/All A are C,3,All B are C,All A are C,2.85,both,True
66312,4,85,MP,All B are C/All A are B,2,All B are C,All A are B,2.75,both,True
66312,5,86,MP,All B are C/All A are B,2,All B are C,All A are B,2.75,both,True
66312,6,24,AC,All B are C/All A are C,3,All B are C,All A are C,2.85,both,True
66312,7,61,AC,All B are C/All A are C,3,All B are C,All A are C,2.85,both,True
66312,8,117,AC,All B are C/All A are C,3,All B are C,All A are C,2.85,both,True
66312,9,89,DA,All B are C/No A are B,4,All B are C,No A are B,6.65,both,True
66312,10,98,AC,All B are C/All A are C,3,All B are C,All A are C,2.85,both,True
66312,11,107,MT,All B are C/No A are C,1,All B are C,No A are C,2.0,both,True
66312,12,122,AC,All B are C/All A are C,3,All B are C,All A are C,2.85,both,True
66312,13,41,MP,All B are C/All A are B,2,All B are C,All A are B,2.75,both,True
66312,14,52,MP,All B are C/All A are B,2,All B are C,All A are B,2.75,both,True
66312,15,93,DA,All B are C/No A are B,4,All B are C,No A are B,6.65,both,True
66312,16,11,MP,All B are C/All A are B,2,All B are C,All A are B,2.75,both,True
66312,17,21,AC,All B are C/All A are C,3,All B are C,All A are C,2.85,both,True
66312,18,127,DA,All B are C/No A are B,4,All B are C,No A are B,6.65,both,True
66312,19,53,DA,All B are C/No A are B,4,All B are C,No A are B,6.65,both,True
66312,20,46,MT,All B are C/No A are C,1,All B are C,No A are C,2.0,both,True
66312,21,14,MT,All B are C/No A are C,1,All B are C,No A are C,2.0,both,True
66312,22,37,MT,All B are C/No A are C,1,All B are C,No A are C,2.0,both,True
66312,23,4,MT,All B are C/No A are C,1,All B are C,No A are C,2.0,both,True
66312,24,42,MP,All B are C/All A are B,2,All B are C,All A are B,2.75,both,True
66312,25,25,AC,All B are C/All A are C,3,All B are C,All A are C,2.85,both,True
66312,26,62,AC,All B are C/All A are C,3,All B are C,All A are C,2.85,both,True
66312,27,56,MP,All B are C/All A are B,2,All B are C,All A are B,2.75,both,True
66312,28,88,DA,All B are C/No A are B,4,All B are C,No A are B,6.65,both,True
66312,29,126,MT,All B are C/No A are C,1,All B are C,No A are C,2.0,both,True
66312,30,39,MP,All B are C/All A are B,2,All B are C,All A are B,2.75,both,True
66312,31,19,AC,All B are C/All A are C,3,All B are C,All A are C,2.85,both,True
66312,32,40,MP,All B are C/All A are B,2,All B are C,All A are B,2.75,both,True
66312,33,128,DA,All B are C/No A are B,4,All B are C,No A are B,6.65,both,True
66312,34,97,MT,All B are C/No A are C,1,All B are C,No A are C,2.0,both,True
66312,35,47,AC,All B are C/All A are C,3,All B are C,All A are C,2.85,both,True
66312,36,10,DA,All B are C/No A are B,4,All B are C,No A are B,6.65,both,True
66312,37,65,MT,All B are C/No A are C,1,All B are C,No A are C,2.0,both,True
66312,38,96,DA,All B are C/No A are B,4,All B are C,No A are B,6.65,both,True
66312,39,77,MT,All B are C/No A are C,1,All B are C,No A are C,2.0,both,True
66312,40,95,MP,All B are C/All A are B,2,All B are C,All A are B,2.75,both,True
66312,41,45,DA,All B are C/No A are B,4,All B are C,No A are B,6.65,both,True
66312,42,12,MP,All B are C/All A are B,2,All B are C,All A are B,2.75,both,True
66312,43,92,MT,All B are C/No A are C,1,All B are C,No A are C,2.0,both,True
66312,44,109,MP,All B are C/All A are B,2,All B are C,All A are B,2.75,both,True
66312,45,54,DA,All B are C/No A are B,4,All B are C,No A are B,6.65,both,True
66312,46,87,DA,All B are C/No A are B,4,All B are C,No A are B,6.65,both,True
66312,47,30,MT,All B are C/No A are C,1,All B are C,No A are C,2.0,both,True
66312,48,9,AC,All B are C/All A are C,3,All B are C,All A are C,2.85,both,True
66312,49,44,DA,All B are C/No A are B,4,All B are C,No A are B,6.65,both,True
66312,50,104,DA,All B are C/No A are B,4,All B are C,No A are B,6.65,both,True
66312,51,71,MT,All B are C/No A are C,1,All B are C,No A are C,2.0,both,True
66312,52,118,AC,All B are C/All A are C,3,All B are C,All A are C,2.85,both,True
66312,53,119,AC,All B are C/All A are C,3,All B are C,All A are C,2.85,both,True
66312,54,55,MP,All B are C/All A are B,2,All B are C,All A are B,2.75,both,True
66312,55,74,DA,All B are C/No A are B,4,All B are C,No A are B,6.65,both,True
66312,56,33,MT,All B are C/No A are C,1,All B are C,No A are C,2.0,both,True
66312,57,34,MP,All B are C/All A are B,2,All B are C,All A are B,2.75,both,True
66312,58,1,MT,All B are C/No A are C,1,All B are C,No A are C,2.0,both,True
66312,59,70,MT,All B are C/No A are C,1,All B are C,No A are C,2.0,both,True
66312,60,84,MT,All B are C/No A are C,1,All B are C,No A are C,2.0,both,True
66312,61,59,AC,All B are C/All A are C,3,All B are C,All A are C,2.85,both,True
66312,62,78,AC,All B are C/All A are C,3,All B are C,All A are C,2.85,both,True
66312,63,43,MP,All B are C/All A are B,2,All B are C,All A are B,2.75,both,True
66312,64,38,DA,All B are C/No A are B,4,All B are C,No A are B,6.65,both,True
66314,1,22,MP,All B are C/All A are B,2,All B are C,All A are B,2.3,both,True
66314,2,18,AC,All B are C/All A are C,3,All B are C,All A are C,2.45,both,True
66314,3,69,DA,All B are C/No A are B,4,All B are C,No A are B,4.2,both,True
66314,4,2,DA,All B are C/No A are B,4,All B are C,No A are B,4.2,both,True
66314,5,91,DA,All B are C/No A are B,4,All B are C,No A are B,4.2,both,True
66314,6,73,MT,All B are C/No A are C,1,All B are C,No A are C,2.0,both,True
66314,7,90,MT,All B are C/No A are C,1,All B are C,No A are C,2.0,both,True
66314,8,28,DA,All B are C/No A are B,4,All B are C,No A are B,4.2,both,True
66314,9,68,MT,All B are C/No A are C,1,All B are C,No A are C,2.0,both,True
66314,10,26,MP,All B are C/All A are B,2,All B are C,All A are B,2.3,both,True
66314,11,57,AC,All B are C/All A are C,3,All B are C,All A are C,2.45,both,True
66314,12,99,AC,All B are C/All A are C,3,All B are C,All A are C,2.45,both,True
66314,13,48,MP,All B are C/All A are B,2,All B are C,All A are B,2.3,both,True
66314,14,67,DA,All B are C/No A are B,4,All B are C,No A are B,4.2,both,True
66314,15,13,MP,All B are C/All A are B,2,All B are C,All A are B,2.3,both,True
66314,16,27,AC,All B are C/All A are C,3,All B are C,All A are C,2.45,both,True
66314,17,101,MP,All B are C/All A are B,2,All B are C,All A are B,2.3,both,True
66314,18,105,DA,All B are C/No A are B,4,All B are C,No A are B,4.2,both,True
66314,19,115,MP,All B are C/All A are B,2,All B are C,All A are B,2.3,both,True
66314,20,64,MP,All B are C/All A are B,2,All B are C,All A are B,2.3,both,True
66314,21,116,AC,All B are C/All A are C,3,All B are C,All A are C,2.45,both,True
66314,22,106,MT,All B are C/No A are C,1,All B are C,No A are C,2.0,both,True
66314,23,113,MP,All B are C/All A are B,2,All B are C,All A are B,2.3,both,True
66314,24,124,AC,All B are C/All A are C,3,All B are C,All A are C,2.45,both,True
66314,25,82,DA,All B are C/No A are B,4,All B are C,No A are B,4.2,both,True
66314,26,121,AC,All B are C/All A are C,3,All B are C,All A are C,2.45,both,True
66314,27,120,MP,All B are C/All A are B,2,All B are C,All A are B,2.3,both,True
66314,28,31,MP,All B are C/All A are B,2,All B are C,All A are B,2.3,both,True
66314,29,112,MP,All B are C/All A are B,2,All B are C,All A are B,2.3,both,True
66314,30,76,MT,All B are C/No A are C,1,All B are C,No A are C,2.0,both,True
66314,31,50,MP,All B are C/All A are B,2,All B are C,All A are B,2.3,both,True
66314,32,81,MP,All B are C/All A are B,2,All B are C,All A are B,2.3,both,True
66314,33,79,DA,All B are C/No A are B,4,All B are C,No A are B,4.2,both,True
66314,34,123,DA,All B are C/No A are B,4,All B are C,No A are B,4.2,both,True
66314,35,114,AC,All B are C/All A are C,3,All B are C,All A are C,2.45,both,True
66314,36,23,AC,All B are C/All A are C,3,All B are C,All A are C,2.45,both,True
66314,37,35,MT,All B are C/No A are C,1,All B are C,No A are C,2.0,both,True
66314,38,5,MT,All B are C/No A are C,1,All B are C,No A are C,2.0,both,True
66314,39,111,MP,All B are C/All A are B,2,All B are C,All A are B,2.3,both,True
66314,40,51,MT,All B are C/No A are C,1,All B are C,No A are C,2.0,both,True
66314,41,66,MT,All B are C/No A are C,1,All B are C,No A are C,2.0,both,True
66314,42,3,MT,All B are C/No A are C,1,All B are C,No A are C,2.0,both,True
66314,43,75,DA,All B are C/No A are B,4,All B are C,No A are B,4.2,both,True
66314,44,83,MT,All B are C/No A are C,1,All B are C,No A are C,2.0,both,True
66314,45,7,MP,All B are C/All A are B,2,All B are C,All A are B,2.3,both,True
66314,46,110,DA,All B are C/No A are B,4,All B are C,No A are B,4.2,both,True
66314,47,72,DA,All B are C/No A are B,4,All B are C,No A are B,4.2,both,True
66314,48,32,MT,All B are C/No A are C,1,All B are C,No A are C,2.0,both,True
66314,49,17,MP,All B are C/All A are B,2,All B are C,All A are B,2.3,both,True
66314,50,63,AC,All B are C/All A are C,3,All B are C,All A are C,2.45,both,True
66314,51,29,MT,All B are C/No A are C,1,All B are C,No A are C,2.0,both,True
66314,52,60,AC,All B are C/All A are C,3,All B are C,All A are C,2.45,both,True
66314,53,102,AC,All B are C/All A are C,3,All B are C,All A are C,2.45,both,True
66314,54,80,AC,All B are C/All A are C,3,All B are C,All A are C,2.45,both,True
66314,55,58,DA,All B are C/No A are B,4,All B are C,No A are B,4.2,both,True
66314,56,15,MT,All B are C/No A are C,1,All B are C,No A are C,2.0,both,True
66314,57,20,AC,All B are C/All A are C,3,All B are C,All A are C,2.45,both,True
66314,58,49,AC,All B are C/All A are C,3,All B are C,All A are C,2.45,both,True
66314,59,16,DA,All B are C/No A are B,4,All B are C,No A are B,4.2,both,True
66314,60,8,AC,All B are C/All A are C,3,All B are C,All A are C,2.45,both,True
66314,61,6,DA,All B are C/No A are B,4,All B are C,No A are B,4.2,both,True
66314,62,36,DA,All B are C/No A are B,4,All B are C,No A are B,4.2,both,True
66314,63,100,MT,All B are C/No A are C,1,All B are C,No A are C,2.0,both,True
66314,64,125,MT,All B are C/No A are C,1,All B are C,No A are C,2.0,both,True
66373,1,128,DA,All B are C/No A are B,4,All B are C,No A are B,4.2,both,True
66373,2,118,AC,All B are C/All A are C,3,All B are C,All A are C,2.45,both,True
66373,3,34,MP,All B are C/All A are B,2,All B are C,All A are B,2.3,both,True
66373,4,46,MT,All B are C/No A are C,1,All B are C,No A are C,2.0,both,True
66373,5,61,AC,All B are C/All A are C,3,All B are C,All A are C,2.45,both,True
66373,6,95,MP,All B are C/All A are B,2,All B are C,All A are B,2.3,both,True
66373,7,30,MT,All B are C/No A are C,1,All B are C,No A are C,2.0,both,True
66373,8,96,DA,All B are C/No A are B,4,All B are C,No A are B,4.2,both,True
66373,9,74,DA,All B are C/No A are B,4,All B are C,No A are B,4.2,both,True
66373,10,108,DA,All B are C/No A are B,4,All B are C,No A are B,4.2,both,True
66373,11,84,MT,All B are C/No A are C,1,All B are C,No A are C,2.0,both,True
66373,12,39,MP,All B are C/All A are B,2,All B are C,All A are B,2.3,both,True
66373,13,45,DA,All B are C/No A are B,4,All B are C,No A are B,4.2,both,True
66373,14,85,MP,All B are C/All A are B,2,All B are C,All A are B,2.3,both,True
66373,15,4,MT,All B are C/No A are C,1,All B are C,No A are C,2.0,both,True
66373,16,11,MP,All B are C/All A are B,2,All B are C,All A are B,2.3,both,True
66373,17,119,AC,All B are C/All A are C,3,All B are C,All A are C,2.45,both,True
66373,18,87,DA,All B are C/No A are B,4,All B are C,No A are B,4.2,both,True
66373,19,109,MP,All B are C/All A are B,2,All B are C,All A are B,2.3,both,True
66373,20,14,MT,All B are C/No A are C,1,All B are C,No A are C,2.0,both,True
66373,21,59,AC,All B are C/All A are C,3,All B are C,All A are C,2.45,both,True
66373,22,126,MT,All B are C/No A are C,1,All B are C,No A are C,2.0,both,True
66373,23,92,MT,All B are C/No A are C,1,All B are C,No A are C,2.0,both,True
66373,24,40,MP,All B are C/All A are B,2,All B are C,All A are B,2.3,both,True
66373,25,43,MP,All B are C/All A are B,2,All B are C,All A are B,2.3,both,True
66373,26,52,MP,All B are C/All A are B,2,All B are C,All A are B,2.3,both,True
66373,27,10,DA,All B are C/No A are B,4,All B are C,No A are B,4.2,both,True
66373,28,88,DA,All B are C/No A are B,4,All B are C,No A are B,4.2,both,True
66373,29,9,AC,All B are C/All A are C,3,All B are C,All A are C,2.45,both,True
66373,30,103,AC,All B are C/All A are C,3,All B are C,All A are C,2.45,both,True
66373,31,98,AC,All B are C/All A are C,3,All B are C,All A are C,2.45,both,True
66373,32,104,DA,All B are C/No A are B,4,All B are C,No A are B,4.2,both,True
66373,33,54,DA,All B are C/No A are B,4,All B are C,No A are B,4.2,both,True
66373,34,1,MT,All B are C/No A are C,1,All B are C,No A are C,2.0,both,True
66373,35,78,AC,All B are C/All A are C,3,All B are C,All A are C,2.45,both,True
66373,36,71,MT,All B are C/No A are C,1,All B are C,No A are C,2.0,both,True
66373,37,70,MT,All B are C/No A are C,1,All B are C,No A are C,2.0,both,True
66373,38,97,MT,All B are C/No A are C,1,All B are C,No A are C,2.0,both,True
66373,39,89,DA,All B are C/No A are B,4,All B are C,No A are B,4.2,both,True
66373,40,21,AC,All B are C/All A are C,3,All B are C,All A are C,2.45,both,True
66373,41,12,MP,All B are C/All A are B,2,All B are C,All A are B,2.3,both,True
66373,42,122,AC,All B are C/All A are C,3,All B are C,All A are C,2.45,both,True
66373,43,47,AC,All B are C/All A are C,3,All B are C,All A are C,2.45,both,True
66373,44,93,DA,All B are C/No A are B,4,All B are C,No A are B,4.2,both,True
66373,45,55,MP,All B are C/All A are B,2,All B are C,All A are B,2.3,both,True
66373,46,24,AC,All B are C/All A are C,3,All B are C,All A are C,2.45,both,True
66373,47,127,DA,All B are C/No A are B,4,All B are C,No A are B,4.2,both,True
66373,48,56,MP,All B are C/All A are B,2,All B are C,All A are B,2.3,both,True
66373,49,25,AC,All B are C/All A are C,3,All B are C,All A are C,2.45,both,True
66373,50,41,MP,All B are C/All A are B,2,All B are C,All A are B,2.3,both,True
66373,51,62,AC,All B are C/All A are C,3,All B are C,All A are C,2.45,both,True
66373,52,107,MT,All B are C/No A are C,1,All B are C,No A are C,2.0,both,True
66373,53,117,AC,All B are C/All A are C,3,All B are C,All A are C,2.45,both,True
66373,54,53,DA,All B are C/No A are B,4,All B are C,No A are B,4.2,both,True
66373,55,38,DA,All B are C/No A are B,4,All B are C,No A are B,4.2,both,True
66373,56,44,DA,All B are C/No A are B,4,All B are C,No A are B,4.2,both,True
66373,57,94,MP,All B are C/All A are B,2,All B are C,All A are B,2.3,both,True
66373,58,77,MT,All B are C/No A are C,1,All B are C,No A are C,2.0,both,True
66373,59,37,MT,All B are C/No A are C,1,All B are C,No A are C,2.0,both,True
66373,60,33,MT,All B are C/No A are C,1,All B are C,No A are C,2.0,both,True
66373,61,19,AC,All B are C/All A are C,3,All B are C,All A are C,2.45,both,True
66373,62,42,MP,All B are C/All A are B,2,All B are C,All A are B,2.3,both,True
66373,63,65,MT,All B are C/No A are C,1,All B are C,No A are C,2.0,both,True
66373,64,86,MP,All B are C/All A are B,2,All B are C,All A are B,2.3,both,True
66420,1,18,AC,All B are C/All A are C,3,All B are C,All A are C,2.5,both,True
66420,2,116,AC,All B are C/All A are C,3,All B are C,All A are C,2.5,both,True
66420,3,99,AC,All B are C/All A are C,3,All B are C,All A are C,2.5,both,True
66420,4,102,AC,All B are C/All A are C,3,All B are C,All A are C,2.5,both,True
66420,5,69,DA,All B are C/No A are B,4,All B are C,No A are B,4.7,both,True
66420,6,35,MT,All B are C/No A are C,1,All B are C,No A are C,2.0,both,True
66420,7,17,MP,All B are C/All A are B,2,All B are C,All A are B,2.35,both,True
66420,8,79,DA,All B are C/No A are B,4,All B are C,No A are B,4.7,both,True
66420,9,66,MT,All B are C/No A are C,1,All B are C,No A are C,2.0,both,True
66420,10,22,MP,All B are C/All A are B,2,All B are C,All A are B,2.35,both,True
66420,11,76,MT,All B are C/No A are C,1,All B are C,No A are C,2.0,both,True
66420,12,2,DA,All B are C/No A are B,4,All B are C,No A are B,4.7,both,True
66420,13,26,MP,All B are C/All A are B,2,All B are C,All A are B,2.35,both,True
66420,14,32,MT,All B are C/No A are C,1,All B are C,No A are C,2.0,both,True
66420,15,28,DA,All B are C/No A are B,4,All B are C,No A are B,4.7,both,True
66420,16,36,DA,All B are C/No A are B,4,All B are C,No A are B,4.7,both,True
66420,17,81,MP,All B are C/All A are B,2,All B are C,All A are B,2.35,both,True
66420,18,15,MT,All B are C/No A are C,1,All B are C,No A are C,2.0,both,True
66420,19,51,MT,All B are C/No A are C,1,All B are C,No A are C,2.0,both,True
66420,20,114,AC,All B are C/All A are C,3,All B are C,All A are C,2.5,both,True
66420,21,13,MP,All B are C/All A are B,2,All B are C,All A are B,2.35,both,True
66420,22,29,MT,All B are C/No A are C,1,All B are C,No A are C,2.0,both,True
66420,23,120,MP,All B are C/All A are B,2,All B are C,All A are B,2.35,both,True
66420,24,115,MP,All B are C/All A are B,2,All B are C,All A are B,2.35,both,True
66420,25,75,DA,All B are C/No A are B,4,All B are C,No A are B,4.7,both,True
66420,26,90,MT,All B are C/No A are C,1,All B are C,No A are C,2.0,both,True
66420,27,31,MP,All B are C/All A are B,2,All B are C,All A are B,2.35,both,True
66420,28,101,MP,All B are C/All A are B,2,All B are C,All A are B,2.35,both,True
66420,29,3,MT,All B are C/No A are C,1,All B are C,No A are C,2.0,both,True
66420,30,60,AC,All B are C/All A are C,3,All B are C,All A are C,2.5,both,True
66420,31,100,MT,All B are C/No A are C,1,All B are C,No A are C,2.0,both,True
66420,32,72,DA,All B are C/No A are B,4,All B are C,No A are B,4.7,both,True
66420,33,113,MP,All B are C/All A are B,2,All B are C,All A are B,2.35,both,True
66420,34,49,AC,All B are C/All A are C,3,All B are C,All A are C,2.5,both,True
66420,35,83,MT,All B are C/No A are C,1,All B are C,No A are C,2.0,both,True
66420,36,58,DA,All B are C/No A are B,4,All B are C,No A are B,4.7,both,True
66420,37,50,MP,All B are C/All A are B,2,All B are C,All A are B,2.35,both,True
66420,38,82,DA,All B are C/No A are B,4,All B are C,No A are B,4.7,both,True
66420,39,63,AC,All B are C/All A are C,3,All B are C,All A are C,2.5,both,True
66420,40,68,MT,All B are C/No A are C,1,All B are C,No A are C,2.0,both,True
66420,41,5,MT,All B are C/No A are C,1,All B are C,No A are C,2.0,both,True
66420,42,6,DA,All B are C/No A are B,4,All B are C,No A are B,4.7,both,True
66420,43,91,DA,All B are C/No A are B,4,All B are C,No A are B,4.7,both,True
66420,44,48,MP,All B are C/All A are B,2,All B are C,All A are B,2.35,both,True
66420,45,23,AC,All B are C/All A are C,3,All B are C,All A are C,2.5,both,True
66420,46,125,MT,All B are C/No A are C,1,All B are C,No A are C,2.0,both,True
66420,47,67,DA,All B are C/No A are B,4,All B are C,No A are B,4.7,both,True
66420,48,16,DA,All B are C/No A are B,4,All B are C,No A are B,4.7,both,True
66420,49,80,AC,All B are C/All A are C,3,All B are C,All A are C,2.5,both,True
66420,50,106,MT,All B are C/No A are C,1,All B are C,No A are C,2.0,both,True
66420,51,57,AC,All B are C/All A are C,3,All B are C,All A are C,2.5,both,True
66420,52,73,MT,All B are C/No A are C,1,All B are C,No A are C,2.0,both,True
66420,53,112,MP,All B are C/All A are B,2,All B are C,All A are B,2.35,both,True
66420,54,7,MP,All B are C/All A are B,2,All B are C,All A are B,2.35,both,True
66420,55,64,MP,All B are C/All A are B,2,All B are C,All A are B,2.35,both,True
66420,56,121,AC,All B are C/All A are C,3,All B are C,All A are C,2.5,both,True
66420,57,111,MP,All B are C/All A are B,2,All B are C,All A are B,2.35,both,True
66420,58,110,DA,All B are C/No A are B,4,All B are C,No A are B,4.7,both,True
66420,59,20,AC,All B are C/All A are C,3,All B are C,All A are C,2.5,both,True
66420,60,8,AC,All B are C/All A are C,3,All B are C,All A are C,2.5,both,True
66420,61,124,AC,All B are C/All A are C,3,All B are C,All A are C,2.5,both,True
66420,62,123,DA,All B are C/No A are B,4,All B are C,No A are B,4.7,both,True
66420,63,27,AC,All B are C/All A are C,3,All B are C,All A are C,2.5,both,True
66420,64,105,DA,All B are C/No A are B,4,All B are C,No A are B,4.7,both,True
66520,1,43,MP,All B are C/All A are B,2,All B are C,All A are B,2.75,both,True
66520,2,59,AC,All B are C/All A are C,3,All B are C,All A are C,2.85,both,True
66520,3,39,MP,All B are C/All A are B,2,All B are C,All A are B,2.75,both,True
66520,4,88,DA,All B are C/No A are B,4,All B are C,No A are B,6.65,both,True
66520,5,93,DA,All B are C/No A are B,4,All B are C,No A are B,6.65,both,True
66520,6,84,MT,All B are C/No A are C,1,All B are C,No A are C,2.0,both,True
66520,7,89,DA,All B are C/No A are B,4,All B are C,No A are B,6.65,both,True
66520,8,9,AC,All B are C/All A are C,3,All B are C,All A are C,2.85,both,True
66520,9,95,MP,All B are C/All A are B,2,All B are C,All A are B,2.75,both,True
66520,10,4,MT,All B are C/No A are C,1,All B are C,No A are C,2.0,both,True
66520,11,11,MP,All B are C/All A are B,2,All B are C,All A are B,2.75,both,True
66520,12,30,MT,All B are C/No A are C,1,All B are C,No A are C,2.0,both,True
66520,13,96,DA,All B are C/No A are B,4,All B are C,No A are B,6.65,both,True
66520,14,71,MT,All B are C/No A are C,1,All B are C,No A are C,2.0,both,True
66520,15,92,MT,All B are C/No A are C,1,All B are C,No A are C,2.0,both,True
66520,16,24,AC,All B are C/All A are C,3,All B are C,All A are C,2.85,both,True
66520,17,117,AC,All B are C/All A are C,3,All B are C,All A are C,2.85,both,True
66520,18,74,DA,All B are C/No A are B,4,All B are C,No A are B,6.65,both,True
66520,19,33,MT,All B are C/No A are C,1,All B are C,No A are C,2.0,both,True
66520,20,38,DA,All B are C/No A are B,4,All B are C,No A are B,6.65,both,True
66520,21,14,MT,All B are C/No A are C,1,All B are C,No A are C,2.0,both,True
66520,22,19,AC,All B are C/All A are C,3,All B are C,All A are C,2.85,both,True
66520,23,62,AC,All B are C/All A are C,3,All B are C,All A are C,2.85,both,True
66520,24,85,MP,All B are C/All A are B,2,All B are C,All A are B,2.75,both,True
66520,25,52,MP,All B are C/All A are B,2,All B are C,All A are B,2.75,both,True
66520,26,44,DA,All B are C/No A are B,4,All B are C,No A are B,6.65,both,True
66520,27,86,MP,All B are C/All A are B,2,All B are C,All A are B,2.75,both,True
66520,28,127,DA,All B are C/No A are B,4,All B are C,No A are B,6.65,both,True
66520,29,97,MT,All B are C/No A are C,1,All B are C,No A are C,2.0,both,True
66520,30,98,AC,All B are C/All A are C,3,All B are C,All A are C,2.85,both,True
66520,31,78,AC,All B are C/All A are C,3,All B are C,All A are C,2.85,both,True
66520,32,34,MP,All B are C/All A are B,2,All B are C,All A are B,2.75,both,True
66520,33,103,AC,All B are C/All A are C,3,All B are C,All A are C,2.85,both,True
66520,34,119,AC,All B are C/All A are C,3,All B are C,All A are C,2.85,both,True
66520,35,104,DA,All B are C/No A are B,4,All B are C,No A are B,6.65,both,True
66520,36,47,AC,All B are C/All A are C,3,All B are C,All A are C,2.85,both,True
66520,37,45,DA,All B are C/No A are B,4,All B are C,No A are B,6.65,both,True
66520,38,1,MT,All B are C/No A are C,1,All B are C,No A are C,2.0,both,True
66520,39,12,MP,All B are C/All A are B,2,All B are C,All A are B,2.75,both,True
66520,40,70,MT,All B are C/No A are C,1,All B are C,No A are C,2.0,both,True
66520,41,53,DA,All B are C/No A are B,4,All B are C,No A are B,6.65,both,True
66520,42,41,MP,All B are C/All A are B,2,All B are C,All A are B,2.75,both,True
66520,43,10,DA,All B are C/No A are B,4,All B are C,No A are B,6.65,both,True
66520,44,37,MT,All B are C/No A are C,1,All B are C,No A are C,2.0,both,True
66520,45,54,DA,All B are C/No A are B,4,All B are C,No A are B,6.65,both,True
66520,46,40,MP,All B are C/All A are B,2,All B are C,All A are B,2.75,both,True
66520,47,94,MP,All B are C/All A are B,2,All B are C,All A are B,2.75,both,True
66520,48,122,AC,All B are C/All A are C,3,All B are C,All A are C,2.85,both,True
66520,49,107,MT,All B are C/No A are C,1,All B are C,No A are C,2.0,both,True
66520,50,21,AC,All B are C/All A are C,3,All B are C,All A are C,2.85,both,True
66520,51,108,DA,All B are C/No A are B,4,All B are C,No A are B,6.65,both,True
66520,52,55,MP,All B are C/All A are B,2,All B are C,All A are B,2.75,both,True
66520,53,61,AC,All B are C/All A are C,3,All B are C,All A are C,2.85,both,True
66520,54,42,MP,All B are C/All A are B,2,All B are C,All A are B,2.75,both,True
66520,55,126,MT,All B are C/No A are C,1,All B are C,No A are C,2.0,both,True
66520,56,77,MT,All B are C/No A are C,1,All B are C,No A are C,2.0,both,True
66520,57,46,MT,All B are C/No A are C,1,All B are C,No A are C,2.0,both,True
66520,58,118,AC,All B are C/All A are C,3,All B are C,All A are C,2.85,both,True
66520,59,25,AC,All B are C/All A are C,3,All B are C,All A are C,2.85,both,True
66520,60,128,DA,All B are C/No A are B,4,All B are C,No A are B,6.65,both,True
66520,61,87,DA,All B are C/No A are B,4,All B are C,No A are B,6.65,both,True
66520,62,65,MT,All B are C/No A are C,1,All B are C,No A are C,2.0,both,True
66520,63,109,MP,All B are C/All A are B,2,All B are C,All A are B,2.75,both,True
66520,64,56,MP,All B are C/All A are B,2,All B are C,All A are B,2.75,both,True
67013,1,114,AC,All B are C/All A are C,3,All B are C,All A are C,2.45,both,True
67013,2,5,MT,All B are C/No A are C,1,All B are C,No A are C,2.0,both,True
67013,3,60,AC,All B are C/All A are C,3,All B are C,All A are C,2.45,both,True
67013,4,20,AC,All B are C/All A are C,3,All B are C,All A are C,2.45,both,True
67013,5,32,MT,All B are C/No A are C,1,All B are C,No A are C,2.0,both,True
67013,6,36,DA,All B are C/No A are B,4,All B are C,No A are B,4.2,both,True
67013,7,111,MP,All B are C/All A are B,2,All B are C,All A are B,2.3,both,True
67013,8,29,MT,All B are C/No A are C,1,All B are C,No A are C,2.0,both,True
67013,9,64,MP,All B are C/All A are B,2,All B are C,All A are B,2.3,both,True
67013,10,22,MP,All B are C/All A are B,2,All B are C,All A are B,2.3,both,True
67013,11,121,AC,All B are C/All A are C,3,All B are C,All A are C,2.45,both,True
67013,12,50,MP,All B are C/All A are B,2,All B are C,All A are B,2.3,both,True
67013,13,63,AC,All B are C/All A are C,3,All B are C,All A are C,2.45,both,True
67013,14,8,AC,All B are C/All A are C,3,All B are C,All A are C,2.45,both,True
67013,15,125,MT,All B are C/No A are C,1,All B are C,No A are C,2.0,both,True
67013,16,101,MP,All B are C/All A are B,2,All B are C,All A are B,2.3,both,True
67013,17,17,MP,All B are C/All A are B,2,All B are C,All A are B,2.3,both,True
67013,18,16,DA,All B are C/No A are B,4,All B are C,No A are B,4.2,both,True
67013,19,28,DA,All B are C/No A are B,4,All B are C,No A are B,4.2,both,True
67013,20,35,MT,All B are C/No A are C,1,All B are C,No A are C,2.0,both,True
67013,21,123,DA,All B are C/No A are B,4,All B are C,No A are B,4.2,both,True
67013,22,113,MP,All B are C/All A are B,2,All B are C,All A are B,2.3,both,True
67013,23,15,MT,All B are C/No A are C,1,All B are C,No A are C,2.0,both,True
67013,24,51,MT,All B are C/No A are C,1,All B are C,No A are C,2.0,both,True
67013,25,99,AC,All B are C/All A are C,3,All B are C,All A are C,2.45,both,True
67013,26,75,DA,All B are C/No A are B,4,All B are C,No A are B,4.2,both,True
67013,27,18,AC,All B are C/All A are C,3,All B are C,All A are C,2.45,both,True
67013,28,26,MP,All B are C/All A are B,2,All B are C,All A are B,2.3,both,True
67013,29,91,DA,All B are C/No A are B,4,All B are C,No A are B,4.2,both,True
67013,30,76,MT,All B are C/No A are C,1,All B are C,No A are C,2.0,both,True
67013,31,27,AC,All B are C/All A are C,3,All B are C,All A are C,2.45,both,True
67013,32,79,DA,All B are C/No A are B,4,All B are C,No A are B,4.2,both,True
67013,33,67,DA,All B are C/No A are B,4,All B are C,No A are B,4.2,both,True
67013,34,106,MT,All B are C/No A are C,1,All B are C,No A are C,2.0,both,True
67013,35,48,MP,All B are C/All A are B,2,All B are C,All A are B,2.3,both,True
67013,36,110,DA,All B are C/No A are B,4,All B are C,No A are B,4.2,both,True
67013,37,82,DA,All B are C/No A are B,4,All B are C,No A are B,4.2,both,True
67013,38,105,DA,All B are C/No A are B,4,All B are C,No A are B,4.2,both,True
67013,39,2,DA,All B are C/No A are B,4,All B are C,No A are B,4.2,both,True
67013,40,66,MT,All B are C/No A are C,1,All B are C,No A are C,2.0,both,True
67013,41,72,DA,All B are C/No A are B,4,All B are C,No A are B,4.2,both,True
67013,42,7,MP,All B are C/All A are B,2,All B are C,All A are B,2.3,both,True
67013,43,23,AC,All B are C/All A are C,3,All B are C,All A are C,2.45,both,True
67013,44,73,MT,All B are C/No A are C,1,All B are C,No A are C,2.0,both,True
67013,45,49,AC,All B are C/All A are C,3,All B are C,All A are C,2.45,both,True
67013,46,69,DA,All B are C/No A are B,4,All B are C,No A are B,4.2,both,True
67013,47,100,MT,All B are C/No A are C,1,All B are C,No A are C,2.0,both,True
67013,48,80,AC,All B are C/All A are C,3,All B are C,All A are C,2.45,both,True
67013,49,13,MP,All B are C/All A are B,2,All B are C,All A are B,2.3,both,True
67013,50,115,MP,All B are C/All A are B,2,All B are C,All A are B,2.3,both,True
67013,51,81,MP,All B are C/All A are B,2,All B are C,All A are B,2.3,both,True
67013,52,68,MT,All B are C/No A are C,1,All B are C,No A are C,2.0,both,True
67013,53,116,AC,All B are C/All A are C,3,All B are C,All A are C,2.45,both,True
67013,54,124,AC,All B are C/All A are C,3,All B are C,All A are C,2.45,both,True
67013,55,112,MP,All B are C/All A are B,2,All B are C,All A are B,2.3,both,True
67013,56,6,DA,All B are C/No A are B,4,All B are C,No A are B,4.2,both,True
67013,57,57,AC,All B are C/All A are C,3,All B are C,All A are C,2.45,both,True
67013,58,31,MP,All B are C/All A are B,2,All B are C,All A are B,2.3,both,True
67013,59,58,DA,All B are C/No A are B,4,All B are C,No A are B,4.2,both,True
67013,60,90,MT,All B are C/No A are C,1,All B are C,No A are C,2.0,both,True
67013,61,3,MT,All B are C/No A are C,1,All B are C,No A are C,2.0,both,True
67013,62,120,MP,All B are C/All A are B,2,All B are C,All A are B,2.3,both,True
67013,63,102,AC,All B are C/All A are C,3,All B are C,All A are C,2.45,both,True
67013,64,83,MT,All B are C/No A are C,1,All B are C,No A are C,2.0,both,True
67024,1,64,MP,All B are C/All A are B,2,All B are C,All A are B,2.15,both,True
67024,2,105,DA,All B are C/No A are B,4,All B are C,No A are B,2.5,both,True
67024,3,63,AC,All B are C/All A are C,3,All B are C,All A are C,2.2,both,True
67024,4,121,AC,All B are C/All A are C,3,All B are C,All A are C,2.2,both,True
67024,5,35,MT,All B are C/No A are C,1,All B are C,No A are C,2.0,both,True
67024,6,80,AC,All B are C/All A are C,3,All B are C,All A are C,2.2,both,True
67024,7,32,MT,All B are C/No A are C,1,All B are C,No A are C,2.0,both,True
67024,8,100,MT,All B are C/No A are C,1,All B are C,No A are C,2.0,both,True
67024,9,8,AC,All B are C/All A are C,3,All B are C,All A are C,2.2,both,True
67024,10,75,DA,All B are C/No A are B,4,All B are C,No A are B,2.5,both,True
67024,11,116,AC,All B are C/All A are C,3,All B are C,All A are C,2.2,both,True
67024,12,15,MT,All B are C/No A are C,1,All B are C,No A are C,2.0,both,True
67024,13,68,MT,All B are C/No A are C,1,All B are C,No A are C,2.0,both,True
67024,14,36,DA,All B are C/No A are B,4,All B are C,No A are B,2.5,both,True
67024,15,3,MT,All B are C/No A are C,1,All B are C,No A are C,2.0,both,True
67024,16,20,AC,All B are C/All A are C,3,All B are C,All A are C,2.2,both,True
67024,17,50,MP,All B are C/All A are B,2,All B are C,All A are B,2.15,both,True
67024,18,29,MT,All B are C/No A are C,1,All B are C,No A are C,2.0,both,True
67024,19,17,MP,All B are C/All A are B,2,All B are C,All A are B,2.15,both,True
67024,20,76,MT,All B are C/No A are C,1,All B are C,No A are C,2.0,both,True
67024,21,101,MP,All B are C/All A are B,2,All B are C,All A are B,2.15,both,True
67024,22,115,MP,All B are C/All A are B,2,All B are C,All A are B,2.15,both,True
67024,23,31,MP,All B are C/All A are B,2,All B are C,All A are B,2.15,both,True
67024,24,110,DA,All B are C/No A are B,4,All B are C,No A are B,2.5,both,True
67024,25,67,DA,All B are C/No A are B,4,All B are C,No A are B,2.5,both,True
67024,26,22,MP,All B are C/All A are B,2,All B are C,All A are B,2.15,both,True
67024,27,57,AC,All B are C/All A are C,3,All B are C,All A are C,2.2,both,True
67024,28,90,MT,All B are C/No A are C,1,All B are C,No A are C,2.0,both,True
67024,29,114,AC,All B are C/All A are C,3,All B are C,All A are C,2.2,both,True
67024,30,2,DA,All B are C/No A are B,4,All B are C,No A are B,2.5,both,True
67024,31,106,MT,All B are C/No A are C,1,All B are C,No A are C,2.0,both,True
67024,32,124,AC,All B are C/All A are C,3,All B are C,All A are C,2.2,both,True
67024,33,91,DA,All B are C/No A are B,4,All B are C,No A are B,2.5,both,True
67024,34,13,MP,All B are C/All A are B,2,All B are C,All A are B,2.15,both,True
67024,35,5,MT,All B are C/No A are C,1,All B are C,No A are C,2.0,both,True
67024,36,79,DA,All B are C/No A are B,4,All B are C,No A are B,2.5,both,True
67024,37,72,DA,All B are C/No A are B,4,All B are C,No A are B,2.5,both,True
67024,38,23,AC,All B are C/All A are C,3,All B are C,All A are C,2.2,both,True
67024,39,82,DA,All B are C/No A are B,4,All B are C,No A are B,2.5,both,True
67024,40,123,DA,All B are C/No A are B,4,All B are C,No A are B,2.5,both,True
67024,41,66,MT,All B are C/No A are C,1,All B are C,No A are C,2.0,both,True
67024,42,28,DA,All B are C/No A are B,4,All B are C,No A are B,2.5,both,True
67024,43,69,DA,All B are C/No A are B,4,All B are C,No A are B,2.5,both,True
67024,44,102,AC,All B are C/All A are C,3,All B are C,All A are C,2.2,both,True
67024,45,112,MP,All B are C/All A are B,2,All B are C,All A are B,2.15,both,True
67024,46,60,AC,All B are C/All A are C,3,All B are C,All A are C,2.2,both,True
67024,47,81,MP,All B are C/All A are B,2,All B are C,All A are B,2.15,both,True
67024,48,58,DA,All B are C/No A are B,4,All B are C,No A are B,2.5,both,True
67024,49,27,AC,All B are C/All A are C,3,All B are C,All A are C,2.2,both,True
67024,50,18,AC,All B are C/All A are C,3,All B are C,All A are C,2.2,both,True
67024,51,73,MT,All B are C/No A are C,1,All B are C,No A are C,2.0,both,True
67024,52,26,MP,All B are C/All A are B,2,All B are C,All A are B,2.15,both,True
67024,53,16,DA,All B are C/No A are B,4,All B are C,No A are B,2.5,both,True
67024,54,113,MP,All B are C/All A are B,2,All B are C,All A are B,2.15,both,True
67024,55,48,MP,All B are C/All A are B,2,All B are C,All A are B,2.15,both,True
67024,56,99,AC,All B are C/All A are C,3,All B are C,All A are C,2.2,both,True
67024,57,6,DA,All B are C/No A are B,4,All B are C,No A are B,2.5,both,True
67024,58,83,MT,All B are C/No A are C,1,All B are C,No A are C,2.0,both,True
67024,59,7,MP,All B are C/All A are B,2,All B are C,All A are B,2.15,both,True
67024,60,49,AC,All B are C/All A are C,3,All B are C,All A are C,2.2,both,True
67024,61,51,MT,All B are C/No A are C,1,All B are C,No A are C,2.0,both,True
67024,62,125,MT,All B are C/No A are C,1,All B are C,No A are C,2.0,both,True
67024,63,111,MP,All B are C/All A are B,2,All B are C,All A are B,2.15,both,True
67024,64,120,MP,All B are C/All A are B,2,All B are C,All A are B,2.15,both,True
67026,1,39,MP,All B are C/All A are B,2,All B are C,All A are B,2.15,both,True
67026,2,70,MT,All B are C/No A are C,1,All B are C,No A are C,2.0,both,True
67026,3,118,AC,All B are C/All A are C,3,All B are C,All A are C,2.2,both,True
67026,4,87,DA,All B are C/No A are B,4,All B are C,No A are B,2.5,both,True
67026,5,117,AC,All B are C/All A are C,3,All B are C,All A are C,2.2,both,True
67026,6,38,DA,All B are C/No A are B,4,All B are C,No A are B,2.5,both,True
67026,7,55,MP,All B are C/All A are B,2,All B are C,All A are B,2.15,both,True
67026,8,108,DA,All B are C/No A are B,4,All B are C,No A are B,2.5,both,True
67026,9,62,AC,All B are C/All A are C,3,All B are C,All A are C,2.2,both,True
67026,10,74,DA,All B are C/No A are B,4,All B are C,No A are B,2.5,both,True
67026,11,42,MP,All B are C/All A are B,2,All B are C,All A are B,2.15,both,True
67026,12,84,MT,All B are C/No A are C,1,All B are C,No A are C,2.0,both,True
67026,13,41,MP,All B are C/All A are B,2,All B are C,All A are B,2.15,both,True
67026,14,37,MT,All B are C/No A are C,1,All B are C,No A are C,2.0,both,True
67026,15,10,DA,All B are C/No A are B,4,All B are C,No A are B,2.5,both,True
67026,16,126,MT,All B are C/No A are C,1,All B are C,No A are C,2.0,both,True
67026,17,33,MT,All B are C/No A are C,1,All B are C,No A are C,2.0,both,True
67026,18,54,DA,All B are C/No A are B,4,All B are C,No A are B,2.5,both,True
67026,19,25,AC,All B are C/All A are C,3,All B are C,All A are C,2.2,both,True
67026,20,97,MT,All B are C/No A are C,1,All B are C,No A are C,2.0,both,True
67026,21,93,DA,All B are C/No A are B,4,All B are C,No A are B,2.5,both,True
67026,22,104,DA,All B are C/No A are B,4,All B are C,No A are B,2.5,both,True
67026,23,30,MT,All B are C/No A are C,1,All B are C,No A are C,2.0,both,True
67026,24,109,MP,All B are C/All A are B,2,All B are C,All A are B,2.15,both,True
67026,25,95,MP,All B are C/All A are B,2,All B are C,All A are B,2.15,both,True
67026,26,12,MP,All B are C/All A are B,2,All B are C,All A are B,2.15,both,True
67026,27,71,MT,All B are C/No A are C,1,All B are C,No A are C,2.0,both,True
67026,28,92,MT,All B are C/No A are C,1,All B are C,No A are C,2.0,both,True
67026,29,78,AC,All B are C/All A are C,3,All B are C,All A are C,2.2,both,True
67026,30,122,AC,All B are C/All A are C,3,All B are C,All A are C,2.2,both,True
67026,31,24,AC,All B are C/All A are C,3,All B are C,All A are C,2.2,both,True
67026,32,11,MP,All B are C/All A are B,2,All B are C,All A are B,2.15,both,True
67026,33,88,DA,All B are C/No A are B,4,All B are C,No A are B,2.5,both,True
67026,34,98,AC,All B are C/All A are C,3,All B are C,All A are C,2.2,both,True
67026,35,9,AC,All B are C/All A are C,3,All B are C,All A are C,2.2,both,True
67026,36,53,DA,All B are C/No A are B,4,All B are C,No A are B,2.5,both,True
67026,37,40,MP,All B are C/All A are B,2,All B are C,All A are B,2.15,both,True
67026,38,86,MP,All B are C/All A are B,2,All B are C,All A are B,2.15,both,True
67026,39,52,MP,All B are C/All A are B,2,All B are C,All A are B,2.15,both,True
67026,40,127,DA,All B are C/No A are B,4,All B are C,No A are B,2.5,both,True
67026,41,45,DA,All B are C/No A are B,4,All B are C,No A are B,2.5,both,True
67026,42,21,AC,All B are C/All A are C,3,All B are C,All A are C,2.2,both,True
67026,43,19,AC,All B are C/All A are C,3,All B are C,All A are C,2.2,both,True
67026,44,14,MT,All B are C/No A are C,1,All B are C,No A are C,2.0,both,True
67026,45,46,MT,All B are C/No A are C,1,All B are C,No A are C,2.0,both,True
67026,46,4,MT,All B are C/No A are C,1,All B are C,No A are C,2.0,both,True
67026,47,128,DA,All B are C/No A are B,4,All B are C,No A are B,2.5,both,True
67026,48,34,MP,All B are C/All A are B,2,All B are C,All A are B,2.15,both,True
67026,49,103,AC,All B are C/All A are C,3,All B are C,All A are C,2.2,both,True
67026,50,47,AC,All B are C/All A are C,3,All B are C,All A are C,2.2,both,True
67026,51,85,MP,All B are C/All A are B,2,All B are C,All A are B,2.15,both,True
67026,52,43,MP,All B are C/All A are B,2,All B are C,All A are B,2.15,both,True
67026,53,1,MT,All B are C/No A are C,1,All B are C,No A are C,2.0,both,True
67026,54,56,MP,All B are C/All A are B,2,All B are C,All A are B,2.15,both,True
67026,55,107,MT,All B are C/No A are C,1,All B are C,No A are C,2.0,both,True
67026,56,77,MT,All B are C/No A are C,1,All B are C,No A are C,2.0,both,True
67026,57,119,AC,All B are C/All A are C,3,All B are C,All A are C,2.2,both,True
67026,58,59,AC,All B are C/All A are C,3,All B are C,All A are C,2.2,both,True
67026,59,44,DA,All B are C/No A are B,4,All B are C,No A are B,2.5,both,True
67026,60,96,DA,All B are C/No A are B,4,All B are C,No A are B,2.5,both,True
67026,61,65,MT,All B are C/No A are C,1,All B are C,No A are C,2.0,both,True
67026,62,89,DA,All B are C/No A are B,4,All B are C,No A are B,2.5,both,True
67026,63,61,AC,All B are C/All A are C,3,All B are C,All A are C,2.2,both,True
67026,64,94,MP,All B are C/All A are B,2,All B are C,All A are B,2.15,both,True
67038,1,111,MP,All B are C/All A are B,2,All B are C,All A are B,2.75,both,True
67038,2,22,MP,All B are C/All A are B,2,All B are C,All A are B,2.75,both,True
67038,3,120,MP,All B are C/All A are B,2,All B are C,All A are B,2.75,both,True
67038,4,58,DA,All B are C/No A are B,4,All B are C,No A are B,6.65,both,True
67038,5,28,DA,All B are C/No A are B,4,All B are C,No A are B,6.65,both,True
67038,6,125,MT,All B are C/No A are C,1,All B are C,No A are C,2.0,both,True
67038,7,105,DA,All B are C/No A are B,4,All B are C,No A are B,6.65,both,True
67038,8,36,DA,All B are C/No A are B,4,All B are C,No A are B,6.65,both,True
67038,9,76,MT,All B are C/No A are C,1,All B are C,No A are C,2.0,both,True
67038,10,115,MP,All B are C/All A are B,2,All B are C,All A are B,2.75,both,True
67038,11,26,MP,All B are C/All A are B,2,All B are C,All A are B,2.75,both,True
67038,12,18,AC,All B are C/All A are C,3,All B are C,All A are C,2.85,both,True
67038,13,75,DA,All B are C/No A are B,4,All B are C,No A are B,6.65,both,True
67038,14,68,MT,All B are C/No A are C,1,All B are C,No A are C,2.0,both,True
67038,15,60,AC,All B are C/All A are C,3,All B are C,All A are C,2.85,both,True
67038,16,83,MT,All B are C/No A are C,1,All B are C,No A are C,2.0,both,True
67038,17,6,DA,All B are C/No A are B,4,All B are C,No A are B,6.65,both,True
67038,18,7,MP,All B are C/All A are B,2,All B are C,All A are B,2.75,both,True
67038,19,99,AC,All B are C/All A are C,3,All B are C,All A are C,2.85,both,True
67038,20,23,AC,All B are C/All A are C,3,All B are C,All A are C,2.85,both,True
67038,21,63,AC,All B are C/All A are C,3,All B are C,All A are C,2.85,both,True
67038,22,57,AC,All B are C/All A are C,3,All B are C,All A are C,2.85,both,True
67038,23,27,AC,All B are C/All A are C,3,All B are C,All A are C,2.85,both,True
67038,24,32,MT,All B are C/No A are C,1,All B are C,No A are C,2.0,both,True
67038,25,29,MT,All B are C/No A are C,1,All B are C,No A are C,2.0,both,True
67038,26,73,MT,All B are C/No A are C,1,All B are C,No A are C,2.0,both,True
67038,27,3,MT,All B are C/No A are C,1,All B are C,No A are C,2.0,both,True
67038,28,8,AC,All B are C/All A are C,3,All B are C,All A are C,2.85,both,True
67038,29,72,DA,All B are C/No A are B,4,All B are C,No A are B,6.65,both,True
67038,30,69,DA,All B are C/No A are B,4,All B are C,No A are B,6.65,both,True
67038,31,114,AC,All B are C/All A are C,3,All B are C,All A are C,2.85,both,True
67038,32,121,AC,All B are C/All A are C,3,All B are C,All A are C,2.85,both,True
67038,33,5,MT,All B are C/No A are C,1,All B are C,No A are C,2.0,both,True
67038,34,66,MT,All B are C/No A are C,1,All B are C,No A are C,2.0,both,True
67038,35,90,MT,All B are C/No A are C,1,All B are C,No A are C,2.0,both,True
67038,36,100,MT,All B are C/No A are C,1,All B are C,No A are C,2.0,both,True
67038,37,35,MT,All B are C/No A are C,1,All B are C,No A are C,2.0,both,True
67038,38,31,MP,All B are C/All A are B,2,All B are C,All A are B,2.75,both,True
67038,39,101,MP,All B are C/All A are B,2,All B are C,All A are B,2.75,both,True
67038,40,123,DA,All B are C/No A are B,4,All B are C,No A are B,6.65,both,True
67038,41,15,MT,All B are C/No A are C,1,All B are C,No A are C,2.0,both,True
67038,42,79,DA,All B are C/No A are B,4,All B are C,No A are B,6.65,both,True
67038,43,81,MP,All B are C/All A are B,2,All B are C,All A are B,2.75,both,True
67038,44,20,AC,All B are C/All A are C,3,All B are C,All A are C,2.85,both,True
67038,45,113,MP,All B are C/All A are B,2,All B are C,All A are B,2.75,both,True
67038,46,67,DA,All B are C/No A are B,4,All B are C,No A are B,6.65,both,True
67038,47,80,AC,All B are C/All A are C,3,All B are C,All A are C,2.85,both,True
67038,48,116,AC,All B are C/All A are C,3,All B are C,All A are C,2.85,both,True
67038,49,106,MT,All B are C/No A are C,1,All B are C,No A are C,2.0,both,True
67038,50,110,DA,All B are C/No A are B,4,All B are C,No A are B,6.65,both,True
67038,51,112,MP,All B are C/All A are B,2,All B are C,All A are B,2.75,both,True
67038,52,50,MP,All B are C/All A are B,2,All B are C,All A are B,2.75,both,True
67038,53,16,DA,All B are C/No A are B,4,All B are C,No A are B,6.65,both,True
67038,54,2,DA,All B are C/No A are B,4,All B are C,No A are B,6.65,both,True
67038,55,49,AC,All B are C/All A are C,3,All B are C,All A are C,2.85,both,True
67038,56,13,MP,All B are C/All A are B,2,All B are C,All A are B,2.75,both,True
67038,57,51,MT,All B are C/No A are C,1,All B are C,No A are C,2.0,both,True
67038,58,124,AC,All B are C/All A are C,3,All B are C,All A are C,2.85,both,True
67038,59,91,DA,All B are C/No A are B,4,All B are C,No A are B,6.65,both,True
67038,60,102,AC,All B are C/All A are C,3,All B are C,All A are C,2.85,both,True
67038,61,64,MP,All B are C/All A are B,2,All B are C,All A are B,2.75,both,True
67038,62,48,MP,All B are C/All A are B,2,All B are C,All A are B,2.75,both,True
67038,63,82,DA,All B are C/No A are B,4,All B are C,No A are B,6.65,both,True
67038,64,17,MP,All B are C/All A are B,2,All B are C,All A are B,2.75,both,True
67058,1,26,MP,All B are C/All A are B,2,All B are C,All A are B,2.75,both,True
67058,2,68,MT,All B are C/No A are C,1,All B are C,No A are C,2.0,both,True
67058,3,69,DA,All B are C/No A are B,4,All B are C,No A are B,6.65,both,True
67058,4,121,AC,All B are C/All A are C,3,All B are C,All A are C,2.85,both,True
67058,5,3,MT,All B are C/No A are C,1,All B are C,No A are C,2.0,both,True
67058,6,80,AC,All B are C/All A are C,3,All B are C,All A are C,2.85,both,True
67058,7,99,AC,All B are C/All A are C,3,All B are C,All A are C,2.85,both,True
67058,8,111,MP,All B are C/All A are B,2,All B are C,All A are B,2.75,both,True
67058,9,90,MT,All B are C/No A are C,1,All B are C,No A are C,2.0,both,True
67058,10,100,MT,All B are C/No A are C,1,All B are C,No A are C,2.0,both,True
67058,11,106,MT,All B are C/No A are C,1,All B are C,No A are C,2.0,both,True
67058,12,57,AC,All B are C/All A are C,3,All B are C,All A are C,2.85,both,True
67058,13,22,MP,All B are C/All A are B,2,All B are C,All A are B,2.75,both,True
67058,14,18,AC,All B are C/All A are C,3,All B are C,All A are C,2.85,both,True
67058,15,66,MT,All B are C/No A are C,1,All B are C,No A are C,2.0,both,True
67058,16,48,MP,All B are C/All A are B,2,All B are C,All A are B,2.75,both,True
67058,17,115,MP,All B are C/All A are B,2,All B are C,All A are B,2.75,both,True
67058,18,16,DA,All B are C/No A are B,4,All B are C,No A are B,6.65,both,True
67058,19,114,AC,All B are C/All A are C,3,All B are C,All A are C,2.85,both,True
67058,20,27,AC,All B are C/All A are C,3,All B are C,All A are C,2.85,both,True
67058,21,29,MT,All B are C/No A are C,1,All B are C,No A are C,2.0,both,True
67058,22,50,MP,All B are C/All A are B,2,All B are C,All A are B,2.75,both,True
67058,23,7,MP,All B are C/All A are B,2,All B are C,All A are B,2.75,both,True
67058,24,23,AC,All B are C/All A are C,3,All B are C,All A are C,2.85,both,True
67058,25,31,MP,All B are C/All A are B,2,All B are C,All A are B,2.75,both,True
67058,26,17,MP,All B are C/All A are B,2,All B are C,All A are B,2.75,both,True
67058,27,73,MT,All B are C/No A are C,1,All B are C,No A are C,2.0,both,True
67058,28,2,DA,All B are C/No A are B,4,All B are C,No A are B,6.65,both,True
67058,29,120,MP,All B are C/All A are B,2,All B are C,All A are B,2.75,both,True
67058,30,8,AC,All B are C/All A are C,3,All B are C,All A are C,2.85,both,True
67058,31,35,MT,All B are C/No A are C,1,All B are C,No A are C,2.0,both,True
67058,32,15,MT,All B are C/No A are C,1,All B are C,No A are C,2.0,both,True
67058,33,123,DA,All B are C/No A are B,4,All B are C,No A are B,6.65,both,True
67058,34,63,AC,All B are C/All A are C,3,All B are C,All A are C,2.85,both,True
67058,35,67,DA,All B are C/No A are B,4,All B are C,No A are B,6.65,both,True
67058,36,49,AC,All B are C/All A are C,3,All B are C,All A are C,2.85,both,True
67058,37,105,DA,All B are C/No A are B,4,All B are C,No A are B,6.65,both,True
67058,38,64,MP,All B are C/All A are B,2,All B are C,All A are B,2.75,both,True
67058,39,5,MT,All B are C/No A are C,1,All B are C,No A are C,2.0,both,True
67058,40,72,DA,All B are C/No A are B,4,All B are C,No A are B,6.65,both,True
67058,41,36,DA,All B are C/No A are B,4,All B are C,No A are B,6.65,both,True
67058,42,110,DA,All B are C/No A are B,4,All B are C,No A are B,6.65,both,True
67058,43,6,DA,All B are C/No A are B,4,All B are C,No A are B,6.65,both,True
67058,44,83,MT,All B are C/No A are C,1,All B are C,No A are C,2.0,both,True
67058,45,32,MT,All B are C/No A are C,1,All B are C,No A are C,2.0,both,True
67058,46,28,DA,All B are C/No A are B,4,All B are C,No A are B,6.65,both,True
67058,47,58,DA,All B are C/No A are B,4,All B are C,No A are B,6.65,both,True
67058,48,116,AC,All B are C/All A are C,3,All B are C,All A are C,2.85,both,True
67058,49,75,DA,All B are C/No A are B,4,All B are C,No A are B,6.65,both,True
67058,50,113,MP,All B are C/All A are B,2,All B are C,All A are B,2.75,both,True
67058,51,102,AC,All B are C/All A are C,3,All B are C,All A are C,2.85,both,True
67058,52,51,MT,All B are C/No A are C,1,All B are C,No A are C,2.0,both,True
67058,53,91,DA,All B are C/No A are B,4,All B are C,No A are B,6.65,both,True
67058,54,82,DA,All B are C/No A are B,4,All B are C,No A are B,6.65,both,True
67058,55,124,AC,All B are C/All A are C,3,All B are C,All A are C,2.85,both,True
67058,56,101,MP,All B are C/All A are B,2,All B are C,All A are B,2.75,both,True
67058,57,79,DA,All B are C/No A are B,4,All B are C,No A are B,6.65,both,True
67058,58,76,MT,All B are C/No A are C,1,All B are C,No A are C,2.0,both,True
67058,59,125,MT,All B are C/No A are C,1,All B are C,No A are C,2.0,both,True
67058,60,60,AC,All B are C/All A are C,3,All B are C,All A are C,2.85,both,True
67058,61,13,MP,All B are C/All A are B,2,All B are C,All A are B,2.75,both,True
67058,62,81,MP,All B are C/All A are B,2,All B are C,All A are B,2.75,both,True
67058,63,20,AC,All B are C/All A are C,3,All B are C,All A are C,2.85,both,True
67058,64,112,MP,All B are C/All A are B,2,All B are C,All A are B,2.75,both,True
67100,1,76,MT,All B are C/No A are C,1,All B are C,No A are C,2.0,both,True
67100,2,120,MP,All B are C/All A are B,2,All B are C,All A are B,2.15,both,True
67100,3,116,AC,All B are C/All A are C,3,All B are C,All A are C,2.2,both,True
67100,4,113,MP,All B are C/All A are B,2,All B are C,All A are B,2.15,both,True
67100,5,60,AC,All B are C/All A are C,3,All B are C,All A are C,2.2,both,True
67100,6,110,DA,All B are C/No A are B,4,All B are C,No A are B,2.5,both,True
67100,7,82,DA,All B are C/No A are B,4,All B are C,No A are B,2.5,both,True
67100,8,64,MP,All B are C/All A are B,2,All B are C,All A are B,2.15,both,True
67100,9,57,AC,All B are C/All A are C,3,All B are C,All A are C,2.2,both,True
67100,10,67,DA,All B are C/No A are B,4,All B are C,No A are B,2.5,both,True
67100,11,75,DA,All B are C/No A are B,4,All B are C,No A are B,2.5,both,True
67100,12,115,MP,All B are C/All A are B,2,All B are C,All A are B,2.15,both,True
67100,13,63,AC,All B are C/All A are C,3,All B are C,All A are C,2.2,both,True
67100,14,50,MP,All B are C/All A are B,2,All B are C,All A are B,2.15,both,True
67100,15,121,AC,All B are C/All A are C,3,All B are C,All A are C,2.2,both,True
67100,16,49,AC,All B are C/All A are C,3,All B are C,All A are C,2.2,both,True
67100,17,17,MP,All B are C/All A are B,2,All B are C,All A are B,2.15,both,True
67100,18,31,MP,All B are C/All A are B,2,All B are C,All A are B,2.15,both,True
67100,19,26,MP,All B are C/All A are B,2,All B are C,All A are B,2.15,both,True
67100,20,111,MP,All B are C/All A are B,2,All B are C,All A are B,2.15,both,True
67100,21,80,AC,All B are C/All A are C,3,All B are C,All A are C,2.2,both,True
67100,22,16,DA,All B are C/No A are B,4,All B are C,No A are B,2.5,both,True
67100,23,3,MT,All B are C/No A are C,1,All B are C,No A are C,2.0,both,True
67100,24,29,MT,All B are C/No A are C,1,All B are C,No A are C,2.0,both,True
67100,25,28,DA,All B are C/No A are B,4,All B are C,No A are B,2.5,both,True
67100,26,15,MT,All B are C/No A are C,1,All B are C,No A are C,2.0,both,True
67100,27,22,MP,All B are C/All A are B,2,All B are C,All A are B,2.15,both,True
67100,28,20,AC,All B are C/All A are C,3,All B are C,All A are C,2.2,both,True
67100,29,6,DA,All B are C/No A are B,4,All B are C,No A are B,2.5,both,True
67100,30,91,DA,All B are C/No A are B,4,All B are C,No A are B,2.5,both,True
67100,31,18,AC,All B are C/All A are C,3,All B are C,All A are C,2.2,both,True
67100,32,72,DA,All B are C/No A are B,4,All B are C,No A are B,2.5,both,True
67100,33,123,DA,All B are C/No A are B,4,All B are C,No A are B,2.5,both,True
67100,34,112,MP,All B are C/All A are B,2,All B are C,All A are B,2.15,both,True
67100,35,13,MP,All B are C/All A are B,2,All B are C,All A are B,2.15,both,True
67100,36,73,MT,All B are C/No A are C,1,All B are C,No A are C,2.0,both,True
67100,37,100,MT,All B are C/No A are C,1,All B are C,No A are C,2.0,both,True
67100,38,105,DA,All B are C/No A are B,4,All B are C,No A are B,2.5,both,True
67100,39,69,DA,All B are C/No A are B,4,All B are C,No A are B,2.5,both,True
67100,40,125,MT,All B are C/No A are C,1,All B are C,No A are C,2.0,both,True
67100,41,5,MT,All B are C/No A are C,1,All B are C,No A are C,2.0,both,True
67100,42,90,MT,All B are C/No A are C,1,All B are C,No A are C,2.0,both,True
67100,43,79,DA,All B are C/No A are B,4,All B are C,No A are B,2.5,both,True
67100,44,81,MP,All B are C/All A are B,2,All B are C,All A are B,2.15,both,True
67100,45,124,AC,All B are C/All A are C,3,All B are C,All A are C,2.2,both,True
67100,46,66,MT,All B are C/No A are C,1,All B are C,No A are C,2.0,both,True
67100,47,51,MT,All B are C/No A are C,1,All B are C,No A are C,2.0,both,True
67100,48,99,AC,All B are C/All A are C,3,All B are C,All A are C,2.2,both,True
67100,49,106,MT,All B are C/No A are C,1,All B are C,No A are C,2.0,both,True
67100,50,58,DA,All B are C/No A are B,4,All B are C,No A are B,2.5,both,True
67100,51,114,AC,All B are C/All A are C,3,All B are C,All A are C,2.2,both,True
67100,52,36,DA,All B are C/No A are B,4,All B are C,No A are B,2.5,both,True
67100,53,35,MT,All B are C/No A are C,1,All B are C,No A are C,2.0,both,True
67100,54,7,MP,All B are C/All A are B,2,All B are C,All A are B,2.15,both,True
67100,55,23,AC,All B are C/All A are C,3,All B are C,All A are C,2.2,both,True
67100,56,2,DA,All B are C/No A are B,4,All B are C,No A are B,2.5,both,True
67100,57,32,MT,All B are C/No A are C,1,All B are C,No A are C,2.0,both,True
67100,58,83,MT,All B are C/No A are C,1,All B are C,No A are C,2.0,both,True
67100,59,27,AC,All B are C/All A are C,3,All B are C,All A are C,2.2,both,True
67100,60,101,MP,All B are C/All A are B,2,All B are C,All A are B,2.15,both,True
67100,61,68,MT,All B are C/No A are C,1,All B are C,No A are C,2.0,both,True
67100,62,102,AC,All B are C/All A are C,3,All B are C,All A are C,2.2,both,True
67100,63,48,MP,All B are C/All A are B,2,All B are C,All A are B,2.15,both,True
67100,64,8,AC,All B are C/All A are C,3,All B are C,All A are C,2.2,both,True
67105,1,35,MT,All B are C/No A are C,1,All B are C,No A are C,2.0,both,True
67105,2,113,MP,All B are C/All A are B,2,All B are C,All A are B,2.75,both,True
67105,3,100,MT,All B are C/No A are C,1,All B are C,No A are C,2.0,both,True
67105,4,3,MT,All B are C/No A are C,1,All B are C,No A are C,2.0,both,True
67105,5,31,MP,All B are C/All A are B,2,All B are C,All A are B,2.75,both,True
67105,6,48,MP,All B are C/All A are B,2,All B are C,All A are B,2.75,both,True
67105,7,6,DA,All B are C/No A are B,4,All B are C,No A are B,6.65,both,True
67105,8,124,AC,All B are C/All A are C,3,All B are C,All A are C,2.85,both,True
67105,9,102,AC,All B are C/All A are C,3,All B are C,All A are C,2.85,both,True
67105,10,121,AC,All B are C/All A are C,3,All B are C,All A are C,2.85,both,True
67105,11,36,DA,All B are C/No A are B,4,All B are C,No A are B,6.65,both,True
67105,12,75,DA,All B are C/No A are B,4,All B are C,No A are B,6.65,both,True
67105,13,105,DA,All B are C/No A are B,4,All B are C,No A are B,6.65,both,True
67105,14,16,DA,All B are C/No A are B,4,All B are C,No A are B,6.65,both,True
67105,15,60,AC,All B are C/All A are C,3,All B are C,All A are C,2.85,both,True
67105,16,66,MT,All B are C/No A are C,1,All B are C,No A are C,2.0,both,True
67105,17,67,DA,All B are C/No A are B,4,All B are C,No A are B,6.65,both,True
67105,18,18,AC,All B are C/All A are C,3,All B are C,All A are C,2.85,both,True
67105,19,26,MP,All B are C/All A are B,2,All B are C,All A are B,2.75,both,True
67105,20,82,DA,All B are C/No A are B,4,All B are C,No A are B,6.65,both,True
67105,21,22,MP,All B are C/All A are B,2,All B are C,All A are B,2.75,both,True
67105,22,17,MP,All B are C/All A are B,2,All B are C,All A are B,2.75,both,True
67105,23,115,MP,All B are C/All A are B,2,All B are C,All A are B,2.75,both,True
67105,24,123,DA,All B are C/No A are B,4,All B are C,No A are B,6.65,both,True
67105,25,27,AC,All B are C/All A are C,3,All B are C,All A are C,2.85,both,True
67105,26,28,DA,All B are C/No A are B,4,All B are C,No A are B,6.65,both,True
67105,27,63,AC,All B are C/All A are C,3,All B are C,All A are C,2.85,both,True
67105,28,101,MP,All B are C/All A are B,2,All B are C,All A are B,2.75,both,True
67105,29,15,MT,All B are C/No A are C,1,All B are C,No A are C,2.0,both,True
67105,30,8,AC,All B are C/All A are C,3,All B are C,All A are C,2.85,both,True
67105,31,57,AC,All B are C/All A are C,3,All B are C,All A are C,2.85,both,True
67105,32,23,AC,All B are C/All A are C,3,All B are C,All A are C,2.85,both,True
67105,33,99,AC,All B are C/All A are C,3,All B are C,All A are C,2.85,both,True
67105,34,72,DA,All B are C/No A are B,4,All B are C,No A are B,6.65,both,True
67105,35,20,AC,All B are C/All A are C,3,All B are C,All A are C,2.85,both,True
67105,36,64,MP,All B are C/All A are B,2,All B are C,All A are B,2.75,both,True
67105,37,125,MT,All B are C/No A are C,1,All B are C,No A are C,2.0,both,True
67105,38,5,MT,All B are C/No A are C,1,All B are C,No A are C,2.0,both,True
67105,39,81,MP,All B are C/All A are B,2,All B are C,All A are B,2.75,both,True
67105,40,29,MT,All B are C/No A are C,1,All B are C,No A are C,2.0,both,True
67105,41,7,MP,All B are C/All A are B,2,All B are C,All A are B,2.75,both,True
67105,42,2,DA,All B are C/No A are B,4,All B are C,No A are B,6.65,both,True
67105,43,69,DA,All B are C/No A are B,4,All B are C,No A are B,6.65,both,True
67105,44,111,MP,All B are C/All A are B,2,All B are C,All A are B,2.75,both,True
67105,45,58,DA,All B are C/No A are B,4,All B are C,No A are B,6.65,both,True
67105,46,91,DA,All B are C/No A are B,4,All B are C,No A are B,6.65,both,True
67105,47,13,MP,All B are C/All A are B,2,All B are C,All A are B,2.75,both,True
67105,48,32,MT,All B are C/No A are C,1,All B are C,No A are C,2.0,both,True
67105,49,68,MT,All B are C/No A are C,1,All B are C,No A are C,2.0,both,True
67105,50,83,MT,All B are C/No A are C,1,All B are C,No A are C,2.0,both,True
67105,51,50,MP,All B are C/All A are B,2,All B are C,All A are B,2.75,both,True
67105,52,80,AC,All B are C/All A are C,3,All B are C,All A are C,2.85,both,True
67105,53,112,MP,All B are C/All A are B,2,All B are C,All A are B,2.75,both,True
67105,54,120,MP,All B are C/All A are B,2,All B are C,All A are B,2.75,both,True
67105,55,79,DA,All B are C/No A are B,4,All B are C,No A are B,6.65,both,True
67105,56,76,MT,All B are C/No A are C,1,All B are C,No A are C,2.0,both,True
67105,57,73,MT,All B are C/No A are C,1,All B are C,No A are C,2.0,both,True
67105,58,106,MT,All B are C/No A are C,1,All B are C,No A are C,2.0,both,True
67105,59,114,AC,All B are C/All A are C,3,All B are C,All A are C,2.85,both,True
67105,60,90,MT,All B are C/No A are C,1,All B are C,No A are C,2.0,both,True
67105,61,49,AC,All B are C/All A are C,3,All B are C,All A are C,2.85,both,True
67105,62,110,DA,All B are C/No A are B,4,All B are C,No A are B,6.65,both,True
67105,63,116,AC,All B are C/All A are C,3,All B are C,All A are C,2.85,both,True
67105,64,51,MT,All B are C/No A are C,1,All B are C,No A are C,2.0,both,True
67144,1,108,DA,All B are C/No A are B,4,All B are C,No A are B,4.2,both,True
67144,2,85,MP,All B are C/All A are B,2,All B are C,All A are B,2.3,both,True
67144,3,86,MP,All B are C/All A are B,2,All B are C,All A are B,2.3,both,True
67144,4,56,MP,All B are C/All A are B,2,All B are C,All A are B,2.3,both,True
67144,5,11,MP,All B are C/All A are B,2,All B are C,All A are B,2.3,both,True
67144,6,84,MT,All B are C/No A are C,1,All B are C,No A are C,2.0,both,True
67144,7,97,MT,All B are C/No A are C,1,All B are C,No A are C,2.0,both,True
67144,8,92,MT,All B are C/No A are C,1,All B are C,No A are C,2.0,both,True
67144,9,62,AC,All B are C/All A are C,3,All B are C,All A are C,2.45,both,True
67144,10,55,MP,All B are C/All A are B,2,All B are C,All A are B,2.3,both,True
67144,11,21,AC,All B are C/All A are C,3,All B are C,All A are C,2.45,both,True
67144,12,89,DA,All B are C/No A are B,4,All B are C,No A are B,4.2,both,True
67144,13,9,AC,All B are C/All A are C,3,All B are C,All A are C,2.45,both,True
67144,14,74,DA,All B are C/No A are B,4,All B are C,No A are B,4.2,both,True
67144,15,128,DA,All B are C/No A are B,4,All B are C,No A are B,4.2,both,True
67144,16,53,DA,All B are C/No A are B,4,All B are C,No A are B,4.2,both,True
67144,17,95,MP,All B are C/All A are B,2,All B are C,All A are B,2.3,both,True
67144,18,122,AC,All B are C/All A are C,3,All B are C,All A are C,2.45,both,True
67144,19,4,MT,All B are C/No A are C,1,All B are C,No A are C,2.0,both,True
67144,20,98,AC,All B are C/All A are C,3,All B are C,All A are C,2.45,both,True
67144,21,78,AC,All B are C/All A are C,3,All B are C,All A are C,2.45,both,True
67144,22,94,MP,All B are C/All A are B,2,All B are C,All A are B,2.3,both,True
67144,23,12,MP,All B are C/All A are B,2,All B are C,All A are B,2.3,both,True
67144,24,45,DA,All B are C/No A are B,4,All B are C,No A are B,4.2,both,True
67144,25,127,DA,All B are C/No A are B,4,All B are C,No A are B,4.2,both,True
67144,26,93,DA,All B are C/No A are B,4,All B are C,No A are B,4.2,both,True
67144,27,59,AC,All B are C/All A are C,3,All B are C,All A are C,2.45,both,True
67144,28,54,DA,All B are C/No A are B,4,All B are C,No A are B,4.2,both,True
67144,29,117,AC,All B are C/All A are C,3,All B are C,All A are C,2.45,both,True
67144,30,87,DA,All B are C/No A are B,4,All B are C,No A are B,4.2,both,True
67144,31,47,AC,All B are C/All A are C,3,All B are C,All A are C,2.45,both,True
67144,32,19,AC,All B are C/All A are C,3,All B are C,All A are C,2.45,both,True
67144,33,39,MP,All B are C/All A are B,2,All B are C,All A are B,2.3,both,True
67144,34,25,AC,All B are C/All A are C,3,All B are C,All A are C,2.45,both,True
67144,35,52,MP,All B are C/All A are B,2,All B are C,All A are B,2.3,both,True
67144,36,103,AC,All B are C/All A are C,3,All B are C,All A are C,2.45,both,True
67144,37,14,MT,All B are C/No A are C,1,All B are C,No A are C,2.0,both,True
67144,38,44,DA,All B are C/No A are B,4,All B are C,No A are B,4.2,both,True
67144,39,37,MT,All B are C/No A are C,1,All B are C,No A are C,2.0,both,True
67144,40,107,MT,All B are C/No A are C,1,All B are C,No A are C,2.0,both,True
67144,41,70,MT,All B are C/No A are C,1,All B are C,No A are C,2.0,both,True
67144,42,34,MP,All B are C/All A are B,2,All B are C,All A are B,2.3,both,True
67144,43,30,MT,All B are C/No A are C,1,All B are C,No A are C,2.0,both,True
67144,44,24,AC,All B are C/All A are C,3,All B are C,All A are C,2.45,both,True
67144,45,96,DA,All B are C/No A are B,4,All B are C,No A are B,4.2,both,True
67144,46,10,DA,All B are C/No A are B,4,All B are C,No A are B,4.2,both,True
67144,47,1,MT,All B are C/No A are C,1,All B are C,No A are C,2.0,both,True
67144,48,38,DA,All B are C/No A are B,4,All B are C,No A are B,4.2,both,True
67144,49,41,MP,All B are C/All A are B,2,All B are C,All A are B,2.3,both,True
67144,50,42,MP,All B are C/All A are B,2,All B are C,All A are B,2.3,both,True
67144,51,104,DA,All B are C/No A are B,4,All B are C,No A are B,4.2,both,True
67144,52,119,AC,All B are C/All A are C,3,All B are C,All A are C,2.45,both,True
67144,53,71,MT,All B are C/No A are C,1,All B are C,No A are C,2.0,both,True
67144,54,61,AC,All B are C/All A are C,3,All B are C,All A are C,2.45,both,True
67144,55,40,MP,All B are C/All A are B,2,All B are C,All A are B,2.3,both,True
67144,56,77,MT,All B are C/No A are C,1,All B are C,No A are C,2.0,both,True
67144,57,65,MT,All B are C/No A are C,1,All B are C,No A are C,2.0,both,True
67144,58,118,AC,All B are C/All A are C,3,All B are C,All A are C,2.45,both,True
67144,59,88,DA,All B are C/No A are B,4,All B are C,No A are B,4.2,both,True
67144,60,46,MT,All B are C/No A are C,1,All B are C,No A are C,2.0,both,True
67144,61,33,MT,All B are C/No A are C,1,All B are C,No A are C,2.0,both,True
67144,62,126,MT,All B are C/No A are C,1,All B are C,No A are C,2.0,both,True
67144,63,43,MP,All B are C/All A are B,2,All B are C,All A are B,2.3,both,True
67144,64,109,MP,All B are C/All A are B,2,All B are C,All A are B,2.3,both,True
67179,1,23,AC,All B are C/All A are C,3,All B are C,All A are C,2.45,both,True
67179,2,123,DA,All B are C/No A are B,4,All B are C,No A are B,4.2,both,True
67179,3,68,MT,All B are C/No A are C,1,All B are C,No A are C,2.0,both,True
67179,4,32,MT,All B are C/No A are C,1,All B are C,No A are C,2.0,both,True
67179,5,99,AC,All B are C/All A are C,3,All B are C,All A are C,2.45,both,True
67179,6,31,MP,All B are C/All A are B,2,All B are C,All A are B,2.3,both,True
67179,7,36,DA,All B are C/No A are B,4,All B are C,No A are B,4.2,both,True
67179,8,17,MP,All B are C/All A are B,2,All B are C,All A are B,2.3,both,True
67179,9,81,MP,All B are C/All A are B,2,All B are C,All A are B,2.3,both,True
67179,10,49,AC,All B are C/All A are C,3,All B are C,All A are C,2.45,both,True
67179,11,101,MP,All B are C/All A are B,2,All B are C,All A are B,2.3,both,True
67179,12,76,MT,All B are C/No A are C,1,All B are C,No A are C,2.0,both,True
67179,13,79,DA,All B are C/No A are B,4,All B are C,No A are B,4.2,both,True
67179,14,22,MP,All B are C/All A are B,2,All B are C,All A are B,2.3,both,True
67179,15,113,MP,All B are C/All A are B,2,All B are C,All A are B,2.3,both,True
67179,16,80,AC,All B are C/All A are C,3,All B are C,All A are C,2.45,both,True
67179,17,5,MT,All B are C/No A are C,1,All B are C,No A are C,2.0,both,True
67179,18,114,AC,All B are C/All A are C,3,All B are C,All A are C,2.45,both,True
67179,19,125,MT,All B are C/No A are C,1,All B are C,No A are C,2.0,both,True
67179,20,120,MP,All B are C/All A are B,2,All B are C,All A are B,2.3,both,True
67179,21,28,DA,All B are C/No A are B,4,All B are C,No A are B,4.2,both,True
67179,22,7,MP,All B are C/All A are B,2,All B are C,All A are B,2.3,both,True
67179,23,72,DA,All B are C/No A are B,4,All B are C,No A are B,4.2,both,True
67179,24,121,AC,All B are C/All A are C,3,All B are C,All A are C,2.45,both,True
67179,25,112,MP,All B are C/All A are B,2,All B are C,All A are B,2.3,both,True
67179,26,111,MP,All B are C/All A are B,2,All B are C,All A are B,2.3,both,True
67179,27,63,AC,All B are C/All A are C,3,All B are C,All A are C,2.45,both,True
67179,28,82,DA,All B are C/No A are B,4,All B are C,No A are B,4.2,both,True
67179,29,58,DA,All B are C/No A are B,4,All B are C,No A are B,4.2,both,True
67179,30,116,AC,All B are C/All A are C,3,All B are C,All A are C,2.45,both,True
67179,31,48,MP,All B are C/All A are B,2,All B are C,All A are B,2.3,both,True
67179,32,73,MT,All B are C/No A are C,1,All B are C,No A are C,2.0,both,True
67179,33,64,MP,All B are C/All A are B,2,All B are C,All A are B,2.3,both,True
67179,34,8,AC,All B are C/All A are C,3,All B are C,All A are C,2.45,both,True
67179,35,13,MP,All B are C/All A are B,2,All B are C,All A are B,2.3,both,True
67179,36,91,DA,All B are C/No A are B,4,All B are C,No A are B,4.2,both,True
67179,37,35,MT,All B are C/No A are C,1,All B are C,No A are C,2.0,both,True
67179,38,105,DA,All B are C/No A are B,4,All B are C,No A are B,4.2,both,True
67179,39,69,DA,All B are C/No A are B,4,All B are C,No A are B,4.2,both,True
67179,40,3,MT,All B are C/No A are C,1,All B are C,No A are C,2.0,both,True
67179,41,51,MT,All B are C/No A are C,1,All B are C,No A are C,2.0,both,True
67179,42,6,DA,All B are C/No A are B,4,All B are C,No A are B,4.2,both,True
67179,43,15,MT,All B are C/No A are C,1,All B are C,No A are C,2.0,both,True
67179,44,100,MT,All B are C/No A are C,1,All B are C,No A are C,2.0,both,True
67179,45,57,AC,All B are C/All A are C,3,All B are C,All A are C,2.45,both,True
67179,46,18,AC,All B are C/All A are C,3,All B are C,All A are C,2.45,both,True
67179,47,90,MT,All B are C/No A are C,1,All B are C,No A are C,2.0,both,True
67179,48,2,DA,All B are C/No A are B,4,All B are C,No A are B,4.2,both,True
67179,49,124,AC,All B are C/All A are C,3,All B are C,All A are C,2.45,both,True
67179,50,16,DA,All B are C/No A are B,4,All B are C,No A are B,4.2,both,True
67179,51,75,DA,All B are C/No A are B,4,All B are C,No A are B,4.2,both,True
67179,52,60,AC,All B are C/All A are C,3,All B are C,All A are C,2.45,both,True
67179,53,115,MP,All B are C/All A are B,2,All B are C,All A are B,2.3,both,True
67179,54,106,MT,All B are C/No A are C,1,All B are C,No A are C,2.0,both,True
67179,55,66,MT,All B are C/No A are C,1,All B are C,No A are C,2.0,both,True
67179,56,20,AC,All B are C/All A are C,3,All B are C,All A are C,2.45,both,True
67179,57,110,DA,All B are C/No A are B,4,All B are C,No A are B,4.2,both,True
67179,58,27,AC,All B are C/All A are C,3,All B are C,All A are C,2.45,both,True
67179,59,29,MT,All B are C/No A are C,1,All B are C,No A are C,2.0,both,True
67179,60,50,MP,All B are C/All A are B,2,All B are C,All A are B,2.3,both,True
67179,61,102,AC,All B are C/All A are C,3,All B are C,All A are C,2.45,both,True
67179,62,26,MP,All B are C/All A are B,2,All B are C,All A are B,2.3,both,True
67179,63,83,MT,All B are C/No A are C,1,All B are C,No A are C,2.0,both,True
67179,64,67,DA,All B are C/No A are B,4,All B are C,No A are B,4.2,both,True
67180,1,48,MP,All B are C/All A are B,2,All B are C,All A are B,2.75,both,True
67180,2,120,MP,All B are C/All A are B,2,All B are C,All A are B,2.75,both,True
67180,3,64,MP,All B are C/All A are B,2,All B are C,All A are B,2.75,both,True
67180,4,115,MP,All B are C/All A are B,2,All B are C,All A are B,2.75,both,True
67180,5,58,DA,All B are C/No A are B,4,All B are C,No A are B,6.65,both,True
67180,6,2,DA,All B are C/No A are B,4,All B are C,No A are B,6.65,both,True
67180,7,111,MP,All B are C/All A are B,2,All B are C,All A are B,2.75,both,True
67180,8,31,MP,All B are C/All A are B,2,All B are C,All A are B,2.75,both,True
67180,9,106,MT,All B are C/No A are C,1,All B are C,No A are C,2.0,both,True
67180,10,72,DA,All B are C/No A are B,4,All B are C,No A are B,6.65,both,True
67180,11,23,AC,All B are C/All A are C,3,All B are C,All A are C,2.85,both,True
67180,12,32,MT,All B are C/No A are C,1,All B are C,No A are C,2.0,both,True
67180,13,20,AC,All B are C/All A are C,3,All B are C,All A are C,2.85,both,True
67180,14,15,MT,All B are C/No A are C,1,All B are C,No A are C,2.0,both,True
67180,15,83,MT,All B are C/No A are C,1,All B are C,No A are C,2.0,both,True
67180,16,29,MT,All B are C/No A are C,1,All B are C,No A are C,2.0,both,True
67180,17,50,MP,All B are C/All A are B,2,All B are C,All A are B,2.75,both,True
67180,18,13,MP,All B are C/All A are B,2,All B are C,All A are B,2.75,both,True
67180,19,123,DA,All B are C/No A are B,4,All B are C,No A are B,6.65,both,True
67180,20,124,AC,All B are C/All A are C,3,All B are C,All A are C,2.85,both,True
67180,21,75,DA,All B are C/No A are B,4,All B are C,No A are B,6.65,both,True
67180,22,28,DA,All B are C/No A are B,4,All B are C,No A are B,6.65,both,True
67180,23,81,MP,All B are C/All A are B,2,All B are C,All A are B,2.75,both,True
67180,24,51,MT,All B are C/No A are C,1,All B are C,No A are C,2.0,both,True
67180,25,66,MT,All B are C/No A are C,1,All B are C,No A are C,2.0,both,True
67180,26,5,MT,All B are C/No A are C,1,All B are C,No A are C,2.0,both,True
67180,27,7,MP,All B are C/All A are B,2,All B are C,All A are B,2.75,both,True
67180,28,110,DA,All B are C/No A are B,4,All B are C,No A are B,6.65,both,True
67180,29,49,AC,All B are C/All A are C,3,All B are C,All A are C,2.85,both,True
67180,30,68,MT,All B are C/No A are C,1,All B are C,No A are C,2.0,both,True
67180,31,91,DA,All B are C/No A are B,4,All B are C,No A are B,6.65,both,True
67180,32,79,DA,All B are C/No A are B,4,All B are C,No A are B,6.65,both,True
67180,33,69,DA,All B are C/No A are B,4,All B are C,No A are B,6.65,both,True
67180,34,67,DA,All B are C/No A are B,4,All B are C,No A are B,6.65,both,True
67180,35,125,MT,All B are C/No A are C,1,All B are C,No A are C,2.0,both,True
67180,36,18,AC,All B are C/All A are C,3,All B are C,All A are C,2.85,both,True
67180,37,101,MP,All B are C/All A are B,2,All B are C,All A are B,2.75,both,True
67180,38,57,AC,All B are C/All A are C,3,All B are C,All A are C,2.85,both,True
67180,39,76,MT,All B are C/No A are C,1,All B are C,No A are C,2.0,both,True
67180,40,27,AC,All B are C/All A are C,3,All B are C,All A are C,2.85,both,True
67180,41,73,MT,All B are C/No A are C,1,All B are C,No A are C,2.0,both,True
67180,42,6,DA,All B are C/No A are B,4,All B are C,No A are B,6.65,both,True
67180,43,82,DA,All B are C/No A are B,4,All B are C,No A are B,6.65,both,True
67180,44,113,MP,All B are C/All A are B,2,All B are C,All A are B,2.75,both,True
67180,45,100,MT,All B are C/No A are C,1,All B are C,No A are C,2.0,both,True
67180,46,60,AC,All B are C/All A are C,3,All B are C,All A are C,2.85,both,True
67180,47,105,DA,All B are C/No A are B,4,All B are C,No A are B,6.65,both,True
67180,48,112,MP,All B are C/All A are B,2,All B are C,All A are B,2.75,both,True
67180,49,121,AC,All B are C/All A are C,3,All B are C,All A are C,2.85,both,True
67180,50,114,AC,All B are C/All A are C,3,All B are C,All A are C,2.85,both,True
67180,51,16,DA,All B are C/No A are B,4,All B are C,No A are B,6.65,both,True
67180,52,17,MP,All B are C/All A are B,2,All B are C,All A are B,2.75,both,True
67180,53,99,AC,All B are C/All A are C,3,All B are C,All A are C,2.85,both,True
67180,54,26,MP,All B are C/All A are B,2,All B are C,All A are B,2.75,both,True
67180,55,80,AC,All B are C/All A are C,3,All B are C,All A are C,2.85,both,True
67180,56,36,DA,All B are C/No A are B,4,All B are C,No A are B,6.65,both,True
67180,57,102,AC,All B are C/All A are C,3,All B are C,All A are C,2.85,both,True
67180,58,90,MT,All B are C/No A are C,1,All B are C,No A are C,2.0,both,True
67180,59,22,MP,All B are C/All A are B,2,All B are C,All A are B,2.75,both,True
67180,60,3,MT,All B are C/No A are C,1,All B are C,No A are C,2.0,both,True
67180,61,8,AC,All B are C/All A are C,3,All B are C,All A are C,2.85,both,True
67180,62,35,MT,All B are C/No A are C,1,All B are C,No A are C,2.0,both,True
67180,63,63,AC,All B are C/All A are C,3,All B are C,All A are C,2.85,both,True
67180,64,116,AC,All B are C/All A are C,3,All B are C,All A are C,2.85,both,True
67186,1,116,AC,All B are C/All A are C,3,All B are C,All A are C,2.45,both,True
67186,2,64,MP,All B are C/All A are B,2,All B are C,All A are B,2.25,both,True
67186,3,67,DA,All B are C/No A are B,4,All B are C,No A are B,3.05,both,True
67186,4,99,AC,All B are C/All A are C,3,All B are C,All A are C,2.45,both,True
67186,5,23,AC,All B are C/All A are C,3,All B are C,All A are C,2.45,both,True
67186,6,105,DA,All B are C/No A are B,4,All B are C,No A are B,3.05,both,True
67186,7,72,DA,All B are C/No A are B,4,All B are C,No A are B,3.05,both,True
67186,8,5,MT,All B are C/No A are C,1,All B are C,No A are C,2.0,both,True
67186,9,106,MT,All B are C/No A are C,1,All B are C,No A are C,2.0,both,True
67186,10,22,MP,All B are C/All A are B,2,All B are C,All A are B,2.25,both,True
67186,11,75,DA,All B are C/No A are B,4,All B are C,No A are B,3.05,both,True
67186,12,80,AC,All B are C/All A are C,3,All B are C,All A are C,2.45,both,True
67186,13,8,AC,All B are C/All A are C,3,All B are C,All A are C,2.45,both,True
67186,14,35,MT,All B are C/No A are C,1,All B are C,No A are C,2.0,both,True
67186,15,2,DA,All B are C/No A are B,4,All B are C,No A are B,3.05,both,True
67186,16,121,AC,All B are C/All A are C,3,All B are C,All A are C,2.45,both,True
67186,17,26,MP,All B are C/All A are B,2,All B are C,All A are B,2.25,both,True
67186,18,50,MP,All B are C/All A are B,2,All B are C,All A are B,2.25,both,True
67186,19,76,MT,All B are C/No A are C,1,All B are C,No A are C,2.0,both,True
67186,20,49,AC,All B are C/All A are C,3,All B are C,All A are C,2.45,both,True
67186,21,28,DA,All B are C/No A are B,4,All B are C,No A are B,3.05,both,True
67186,22,125,MT,All B are C/No A are C,1,All B are C,No A are C,2.0,both,True
67186,23,57,AC,All B are C/All A are C,3,All B are C,All A are C,2.45,both,True
67186,24,112,MP,All B are C/All A are B,2,All B are C,All A are B,2.25,both,True
67186,25,114,AC,All B are C/All A are C,3,All B are C,All A are C,2.45,both,True
67186,26,27,AC,All B are C/All A are C,3,All B are C,All A are C,2.45,both,True
67186,27,6,DA,All B are C/No A are B,4,All B are C,No A are B,3.05,both,True
67186,28,66,MT,All B are C/No A are C,1,All B are C,No A are C,2.0,both,True
67186,29,115,MP,All B are C/All A are B,2,All B are C,All A are B,2.25,both,True
67186,30,58,DA,All B are C/No A are B,4,All B are C,No A are B,3.05,both,True
67186,31,17,MP,All B are C/All A are B,2,All B are C,All A are B,2.25,both,True
67186,32,32,MT,All B are C/No A are C,1,All B are C,No A are C,2.0,both,True
67186,33,100,MT,All B are C/No A are C,1,All B are C,No A are C,2.0,both,True
67186,34,69,DA,All B are C/No A are B,4,All B are C,No A are B,3.05,both,True
67186,35,101,MP,All B are C/All A are B,2,All B are C,All A are B,2.25,both,True
67186,36,81,MP,All B are C/All A are B,2,All B are C,All A are B,2.25,both,True
67186,37,20,AC,All B are C/All A are C,3,All B are C,All A are C,2.45,both,True
67186,38,68,MT,All B are C/No A are C,1,All B are C,No A are C,2.0,both,True
67186,39,124,AC,All B are C/All A are C,3,All B are C,All A are C,2.45,both,True
67186,40,15,MT,All B are C/No A are C,1,All B are C,No A are C,2.0,both,True
67186,41,13,MP,All B are C/All A are B,2,All B are C,All A are B,2.25,both,True
67186,42,113,MP,All B are C/All A are B,2,All B are C,All A are B,2.25,both,True
67186,43,48,MP,All B are C/All A are B,2,All B are C,All A are B,2.25,both,True
67186,44,91,DA,All B are C/No A are B,4,All B are C,No A are B,3.05,both,True
67186,45,18,AC,All B are C/All A are C,3,All B are C,All A are C,2.45,both,True
67186,46,123,DA,All B are C/No A are B,4,All B are C,No A are B,3.05,both,True
67186,47,31,MP,All B are C/All A are B,2,All B are C,All A are B,2.25,both,True
67186,48,83,MT,All B are C/No A are C,1,All B are C,No A are C,2.0,both,True
67186,49,120,MP,All B are C/All A are B,2,All B are C,All A are B,2.25,both,True
67186,50,29,MT,All B are C/No A are C,1,All B are C,No A are C,2.0,both,True
67186,51,36,DA,All B are C/No A are B,4,All B are C,No A are B,3.05,both,True
67186,52,79,DA,All B are C/No A are B,4,All B are C,No A are B,3.05,both,True
67186,53,63,AC,All B are C/All A are C,3,All B are C,All A are C,2.45,both,True
67186,54,102,AC,All B are C/All A are C,3,All B are C,All A are C,2.45,both,True
67186,55,73,MT,All B are C/No A are C,1,All B are C,No A are C,2.0,both,True
67186,56,60,AC,All B are C/All A are C,3,All B are C,All A are C,2.45,both,True
67186,57,3,MT,All B are C/No A are C,1,All B are C,No A are C,2.0,both,True
67186,58,16,DA,All B are C/No A are B,4,All B are C,No A are B,3.05,both,True
67186,59,51,MT,All B are C/No A are C,1,All B are C,No A are C,2.0,both,True
67186,60,111,MP,All B are C/All A are B,2,All B are C,All A are B,2.25,both,True
67186,61,110,DA,All B are C/No A are B,4,All B are C,No A are B,3.05,both,True
67186,62,82,DA,All B are C/No A are B,4,All B are C,No A are B,3.05,both,True
67186,63,90,MT,All B are C/No A are C,1,All B are C,No A are C,2.0,both,True
67186,64,7,MP,All B are C/All A are B,2,All B are C,All A are B,2.25,both,True
67194,1,52,MP,All B are C/All A are B,2,All B are C,All A are B,2.3,both,True
67194,2,84,MT,All B are C/No A are C,1,All B are C,No A are C,2.0,both,True
67194,3,126,MT,All B are C/No A are C,1,All B are C,No A are C,2.0,both,True
67194,4,74,DA,All B are C/No A are B,4,All B are C,No A are B,4.2,both,True
67194,5,65,MT,All B are C/No A are C,1,All B are C,No A are C,2.0,both,True
67194,6,11,MP,All B are C/All A are B,2,All B are C,All A are B,2.3,both,True
67194,7,34,MP,All B are C/All A are B,2,All B are C,All A are B,2.3,both,True
67194,8,97,MT,All B are C/No A are C,1,All B are C,No A are C,2.0,both,True
67194,9,21,AC,All B are C/All A are C,3,All B are C,All A are C,2.45,both,True
67194,10,88,DA,All B are C/No A are B,4,All B are C,No A are B,4.2,both,True
67194,11,128,DA,All B are C/No A are B,4,All B are C,No A are B,4.2,both,True
67194,12,38,DA,All B are C/No A are B,4,All B are C,No A are B,4.2,both,True
67194,13,119,AC,All B are C/All A are C,3,All B are C,All A are C,2.45,both,True
67194,14,25,AC,All B are C/All A are C,3,All B are C,All A are C,2.45,both,True
67194,15,98,AC,All B are C/All A are C,3,All B are C,All A are C,2.45,both,True
67194,16,14,MT,All B are C/No A are C,1,All B are C,No A are C,2.0,both,True
67194,17,44,DA,All B are C/No A are B,4,All B are C,No A are B,4.2,both,True
67194,18,10,DA,All B are C/No A are B,4,All B are C,No A are B,4.2,both,True
67194,19,96,DA,All B are C/No A are B,4,All B are C,No A are B,4.2,both,True
67194,20,86,MP,All B are C/All A are B,2,All B are C,All A are B,2.3,both,True
67194,21,54,DA,All B are C/No A are B,4,All B are C,No A are B,4.2,both,True
67194,22,108,DA,All B are C/No A are B,4,All B are C,No A are B,4.2,both,True
67194,23,85,MP,All B are C/All A are B,2,All B are C,All A are B,2.3,both,True
67194,24,55,MP,All B are C/All A are B,2,All B are C,All A are B,2.3,both,True
67194,25,107,MT,All B are C/No A are C,1,All B are C,No A are C,2.0,both,True
67194,26,117,AC,All B are C/All A are C,3,All B are C,All A are C,2.45,both,True
67194,27,77,MT,All B are C/No A are C,1,All B are C,No A are C,2.0,both,True
67194,28,94,MP,All B are C/All A are B,2,All B are C,All A are B,2.3,both,True
67194,29,45,DA,All B are C/No A are B,4,All B are C,No A are B,4.2,both,True
67194,30,95,MP,All B are C/All A are B,2,All B are C,All A are B,2.3,both,True
67194,31,12,MP,All B are C/All A are B,2,All B are C,All A are B,2.3,both,True
67194,32,53,DA,All B are C/No A are B,4,All B are C,No A are B,4.2,both,True
67194,33,104,DA,All B are C/No A are B,4,All B are C,No A are B,4.2,both,True
67194,34,122,AC,All B are C/All A are C,3,All B are C,All A are C,2.45,both,True
67194,35,4,MT,All B are C/No A are C,1,All B are C,No A are C,2.0,both,True
67194,36,89,DA,All B are C/No A are B,4,All B are C,No A are B,4.2,both,True
67194,37,59,AC,All B are C/All A are C,3,All B are C,All A are C,2.45,both,True
67194,38,9,AC,All B are C/All A are C,3,All B are C,All A are C,2.45,both,True
67194,39,71,MT,All B are C/No A are C,1,All B are C,No A are C,2.0,both,True
67194,40,87,DA,All B are C/No A are B,4,All B are C,No A are B,4.2,both,True
67194,41,56,MP,All B are C/All A are B,2,All B are C,All A are B,2.3,both,True
67194,42,39,MP,All B are C/All A are B,2,All B are C,All A are B,2.3,both,True
67194,43,24,AC,All B are C/All A are C,3,All B are C,All A are C,2.45,both,True
67194,44,1,MT,All B are C/No A are C,1,All B are C,No A are C,2.0,both,True
67194,45,42,MP,All B are C/All A are B,2,All B are C,All A are B,2.3,both,True
67194,46,127,DA,All B are C/No A are B,4,All B are C,No A are B,4.2,both,True
67194,47,19,AC,All B are C/All A are C,3,All B are C,All A are C,2.45,both,True
67194,48,37,MT,All B are C/No A are C,1,All B are C,No A are C,2.0,both,True
67194,49,33,MT,All B are C/No A are C,1,All B are C,No A are C,2.0,both,True
67194,50,92,MT,All B are C/No A are C,1,All B are C,No A are C,2.0,both,True
67194,51,43,MP,All B are C/All A are B,2,All B are C,All A are B,2.3,both,True
67194,52,47,AC,All B are C/All A are C,3,All B are C,All A are C,2.45,both,True
67194,53,93,DA,All B are C/No A are B,4,All B are C,No A are B,4.2,both,True
67194,54,118,AC,All B are C/All A are C,3,All B are C,All A are C,2.45,both,True
67194,55,61,AC,All B are C/All A are C,3,All B are C,All A are C,2.45,both,True
67194,56,30,MT,All B are C/No A are C,1,All B are C,No A are C,2.0,both,True
67194,57,103,AC,All B are C/All A are C,3,All B are C,All A are C,2.45,both,True
67194,58,62,AC,All B are C/All A are C,3,All B are C,All A are C,2.45,both,True
67194,59,41,MP,All B are C/All A are B,2,All B are C,All A are B,2.3,both,True
67194,60,46,MT,All B are C/No A are C,1,All B are C,No A are C,2.0,both,True
67194,61,70,MT,All B are C/No A are C,1,All B are C,No A are C,2.0,both,True
67194,62,78,AC,All B are C/All A are C,3,All B are C,All A are C,2.45,both,True
67194,63,40,MP,All B are C/All A are B,2,All B are C,All A are B,2.3,both,True
67194,64,109,MP,All B are C/All A are B,2,All B are C,All A are B,2.3,both,True
67212,1,94,MP,All B are C/All A are B,2,All B are C,All A are B,2.0,both,True
67212,2,103,AC,All B are C/All A are C,3,All B are C,All A are C,2.1,both,True
67212,3,127,DA,All B are C/No A are B,4,All B are C,No A are B,2.75,both,True
67212,4,34,MP,All B are C/All A are B,2,All B are C,All A are B,2.0,both,True
67212,5,46,MT,All B are C/No A are C,1,All B are C,No A are C,2.0,both,True
67212,6,71,MT,All B are C/No A are C,1,All B are C,No A are C,2.0,both,True
67212,7,98,AC,All B are C/All A are C,3,All B are C,All A are C,2.1,both,True
67212,8,108,DA,All B are C/No A are B,4,All B are C,No A are B,2.75,both,True
67212,9,4,MT,All B are C/No A are C,1,All B are C,No A are C,2.0,both,True
67212,10,96,DA,All B are C/No A are B,4,All B are C,No A are B,2.75,both,True
67212,11,70,MT,All B are C/No A are C,1,All B are C,No A are C,2.0,both,True
67212,12,53,DA,All B are C/No A are B,4,All B are C,No A are B,2.75,both,True
67212,13,95,MP,All B are C/All A are B,2,All B are C,All A are B,2.0,both,True
67212,14,14,MT,All B are C/No A are C,1,All B are C,No A are C,2.0,both,True
67212,15,77,MT,All B are C/No A are C,1,All B are C,No A are C,2.0,both,True
67212,16,126,MT,All B are C/No A are C,1,All B are C,No A are C,2.0,both,True
67212,17,52,MP,All B are C/All A are B,2,All B are C,All A are B,2.0,both,True
67212,18,65,MT,All B are C/No A are C,1,All B are C,No A are C,2.0,both,True
67212,19,88,DA,All B are C/No A are B,4,All B are C,No A are B,2.75,both,True
67212,20,21,AC,All B are C/All A are C,3,All B are C,All A are C,2.1,both,True
67212,21,44,DA,All B are C/No A are B,4,All B are C,No A are B,2.75,both,True
67212,22,11,MP,All B are C/All A are B,2,All B are C,All A are B,2.0,both,True
67212,23,37,MT,All B are C/No A are C,1,All B are C,No A are C,2.0,both,True
67212,24,78,AC,All B are C/All A are C,3,All B are C,All A are C,2.1,both,True
67212,25,38,DA,All B are C/No A are B,4,All B are C,No A are B,2.75,both,True
67212,26,118,AC,All B are C/All A are C,3,All B are C,All A are C,2.1,both,True
67212,27,87,DA,All B are C/No A are B,4,All B are C,No A are B,2.75,both,True
67212,28,109,MP,All B are C/All A are B,2,All B are C,All A are B,2.0,both,True
67212,29,54,DA,All B are C/No A are B,4,All B are C,No A are B,2.75,both,True
67212,30,42,MP,All B are C/All A are B,2,All B are C,All A are B,2.0,both,True
67212,31,74,DA,All B are C/No A are B,4,All B are C,No A are B,2.75,both,True
67212,32,59,AC,All B are C/All A are C,3,All B are C,All A are C,2.1,both,True
67212,33,24,AC,All B are C/All A are C,3,All B are C,All A are C,2.1,both,True
67212,34,97,MT,All B are C/No A are C,1,All B are C,No A are C,2.0,both,True
67212,35,9,AC,All B are C/All A are C,3,All B are C,All A are C,2.1,both,True
67212,36,93,DA,All B are C/No A are B,4,All B are C,No A are B,2.75,both,True
67212,37,39,MP,All B are C/All A are B,2,All B are C,All A are B,2.0,both,True
67212,38,128,DA,All B are C/No A are B,4,All B are C,No A are B,2.75,both,True
67212,39,47,AC,All B are C/All A are C,3,All B are C,All A are C,2.1,both,True
67212,40,55,MP,All B are C/All A are B,2,All B are C,All A are B,2.0,both,True
67212,41,10,DA,All B are C/No A are B,4,All B are C,No A are B,2.75,both,True
67212,42,30,MT,All B are C/No A are C,1,All B are C,No A are C,2.0,both,True
67212,43,107,MT,All B are C/No A are C,1,All B are C,No A are C,2.0,both,True
67212,44,45,DA,All B are C/No A are B,4,All B are C,No A are B,2.75,both,True
67212,45,62,AC,All B are C/All A are C,3,All B are C,All A are C,2.1,both,True
67212,46,84,MT,All B are C/No A are C,1,All B are C,No A are C,2.0,both,True
67212,47,119,AC,All B are C/All A are C,3,All B are C,All A are C,2.1,both,True
67212,48,92,MT,All B are C/No A are C,1,All B are C,No A are C,2.0,both,True
67212,49,25,AC,All B are C/All A are C,3,All B are C,All A are C,2.1,both,True
67212,50,19,AC,All B are C/All A are C,3,All B are C,All A are C,2.1,both,True
67212,51,86,MP,All B are C/All A are B,2,All B are C,All A are B,2.0,both,True
67212,52,40,MP,All B are C/All A are B,2,All B are C,All A are B,2.0,both,True
67212,53,85,MP,All B are C/All A are B,2,All B are C,All A are B,2.0,both,True
67212,54,117,AC,All B are C/All A are C,3,All B are C,All A are C,2.1,both,True
67212,55,56,MP,All B are C/All A are B,2,All B are C,All A are B,2.0,both,True
67212,56,12,MP,All B are C/All A are B,2,All B are C,All A are B,2.0,both,True
67212,57,61,AC,All B are C/All A are C,3,All B are C,All A are C,2.1,both,True
67212,58,104,DA,All B are C/No A are B,4,All B are C,No A are B,2.75,both,True
67212,59,43,MP,All B are C/All A are B,2,All B are C,All A are B,2.0,both,True
67212,60,41,MP,All B are C/All A are B,2,All B are C,All A are B,2.0,both,True
67212,61,33,MT,All B are C/No A are C,1,All B are C,No A are C,2.0,both,True
67212,62,1,MT,All B are C/No A are C,1,All B are C,No A are C,2.0,both,True
67212,63,89,DA,All B are C/No A are B,4,All B are C,No A are B,2.75,both,True
67212,64,122,AC,All B are C/All A are C,3,All B are C,All A are C,2.1,both,True
67245,1,70,MT,All B are C/No A are C,1,All B are C,No A are C,2.0,both,True
67245,2,128,DA,All B are C/No A are B,4,All B are C,No A are B,4.2,both,True
67245,3,52,MP,All B are C/All A are B,2,All B are C,All A are B,2.3,both,True
67245,4,21,AC,All B are C/All A are C,3,All B are C,All A are C,2.45,both,True
67245,5,46,MT,All B are C/No A are C,1,All B are C,No A are C,2.0,both,True
67245,6,56,MP,All B are C/All A are B,2,All B are C,All A are B,2.3,both,True
67245,7,55,MP,All B are C/All A are B,2,All B are C,All A are B,2.3,both,True
67245,8,40,MP,All B are C/All A are B,2,All B are C,All A are B,2.3,both,True
67245,9,38,DA,All B are C/No A are B,4,All B are C,No A are B,4.2,both,True
67245,10,103,AC,All B are C/All A are C,3,All B are C,All A are C,2.45,both,True
67245,11,107,MT,All B are C/No A are C,1,All B are C,No A are C,2.0,both,True
67245,12,94,MP,All B are C/All A are B,2,All B are C,All A are B,2.3,both,True
67245,13,65,MT,All B are C/No A are C,1,All B are C,No A are C,2.0,both,True
67245,14,74,DA,All B are C/No A are B,4,All B are C,No A are B,4.2,both,True
67245,15,109,MP,All B are C/All A are B,2,All B are C,All A are B,2.3,both,True
67245,16,122,AC,All B are C/All A are C,3,All B are C,All A are C,2.45,both,True
67245,17,78,AC,All B are C/All A are C,3,All B are C,All A are C,2.45,both,True
67245,18,47,AC,All B are C/All A are C,3,All B are C,All A are C,2.45,both,True
67245,19,108,DA,All B are C/No A are B,4,All B are C,No A are B,4.2,both,True
67245,20,98,AC,All B are C/All A are C,3,All B are C,All A are C,2.45,both,True
67245,21,97,MT,All B are C/No A are C,1,All B are C,No A are C,2.0,both,True
67245,22,10,DA,All B are C/No A are B,4,All B are C,No A are B,4.2,both,True
67245,23,118,AC,All B are C/All A are C,3,All B are C,All A are C,2.45,both,True
67245,24,42,MP,All B are C/All A are B,2,All B are C,All A are B,2.3,both,True
67245,25,89,DA,All B are C/No A are B,4,All B are C,No A are B,4.2,both,True
67245,26,53,DA,All B are C/No A are B,4,All B are C,No A are B,4.2,both,True
67245,27,41,MP,All B are C/All A are B,2,All B are C,All A are B,2.3,both,True
67245,28,4,MT,All B are C/No A are C,1,All B are C,No A are C,2.0,both,True
67245,29,77,MT,All B are C/No A are C,1,All B are C,No A are C,2.0,both,True
67245,30,12,MP,All B are C/All A are B,2,All B are C,All A are B,2.3,both,True
67245,31,37,MT,All B are C/No A are C,1,All B are C,No A are C,2.0,both,True
67245,32,117,AC,All B are C/All A are C,3,All B are C,All A are C,2.45,both,True
67245,33,86,MP,All B are C/All A are B,2,All B are C,All A are B,2.3,both,True
67245,34,92,MT,All B are C/No A are C,1,All B are C,No A are C,2.0,both,True
67245,35,87,DA,All B are C/No A are B,4,All B are C,No A are B,4.2,both,True
67245,36,61,AC,All B are C/All A are C,3,All B are C,All A are C,2.45,both,True
67245,37,39,MP,All B are C/All A are B,2,All B are C,All A are B,2.3,both,True
67245,38,88,DA,All B are C/No A are B,4,All B are C,No A are B,4.2,both,True
67245,39,19,AC,All B are C/All A are C,3,All B are C,All A are C,2.45,both,True
67245,40,45,DA,All B are C/No A are B,4,All B are C,No A are B,4.2,both,True
67245,41,96,DA,All B are C/No A are B,4,All B are C,No A are B,4.2,both,True
67245,42,34,MP,All B are C/All A are B,2,All B are C,All A are B,2.3,both,True
67245,43,1,MT,All B are C/No A are C,1,All B are C,No A are C,2.0,both,True
67245,44,85,MP,All B are C/All A are B,2,All B are C,All A are B,2.3,both,True
67245,45,9,AC,All B are C/All A are C,3,All B are C,All A are C,2.45,both,True
67245,46,127,DA,All B are C/No A are B,4,All B are C,No A are B,4.2,both,True
67245,47,24,AC,All B are C/All A are C,3,All B are C,All A are C,2.45,both,True
67245,48,62,AC,All B are C/All A are C,3,All B are C,All A are C,2.45,both,True
67245,49,14,MT,All B are C/No A are C,1,All B are C,No A are C,2.0,both,True
67245,50,11,MP,All B are C/All A are B,2,All B are C,All A are B,2.3,both,True
67245,51,54,DA,All B are C/No A are B,4,All B are C,No A are B,4.2,both,True
67245,52,30,MT,All B are C/No A are C,1,All B are C,No A are C,2.0,both,True
67245,53,33,MT,All B are C/No A are C,1,All B are C,No A are C,2.0,both,True
67245,54,43,MP,All B are C/All A are B,2,All B are C,All A are B,2.3,both,True
67245,55,95,MP,All B are C/All A are B,2,All B are C,All A are B,2.3,both,True
67245,56,119,AC,All B are C/All A are C,3,All B are C,All A are C,2.45,both,True
67245,57,25,AC,All B are C/All A are C,3,All B are C,All A are C,2.45,both,True
67245,58,71,MT,All B are C/No A are C,1,All B are C,No A are C,2.0,both,True
67245,59,104,DA,All B are C/No A are B,4,All B are C,No A are B,4.2,both,True
67245,60,84,MT,All B are C/No A are C,1,All B are C,No A are C,2.0,both,True
67245,61,93,DA,All B are C/No A are B,4,All B are C,No A are B,4.2,both,True
67245,62,59,AC,All B are C/All A are C,3,All B are C,All A are C,2.45,both,True
67245,63,44,DA,All B are C/No A are B,4,All B are C,No A are B,4.2,both,True
67245,64,126,MT,All B are C/No A are C,1,All B are C,No A are C,2.0,both,True
67311,1,79,DA,All B are C/No A are B,4,All B are C,No A are B,6.65,both,True
67311,2,31,MP,All B are C/All A are B,2,All B are C,All A are B,2.75,both,True
67311,3,8,AC,All B are C/All A are C,3,All B are C,All A are C,2.85,both,True
67311,4,22,MP,All B are C/All A are B,2,All B are C,All A are B,2.75,both,True
67311,5,113,MP,All B are C/All A are B,2,All B are C,All A are B,2.75,both,True
67311,6,67,DA,All B are C/No A are B,4,All B are C,No A are B,6.65,both,True
67311,7,32,MT,All B are C/No A are C,1,All B are C,No A are C,2.0,both,True
67311,8,18,AC,All B are C/All A are C,3,All B are C,All A are C,2.85,both,True
67311,9,36,DA,All B are C/No A are B,4,All B are C,No A are B,6.65,both,True
67311,10,105,DA,All B are C/No A are B,4,All B are C,No A are B,6.65,both,True
67311,11,49,AC,All B are C/All A are C,3,All B are C,All A are C,2.85,both,True
67311,12,60,AC,All B are C/All A are C,3,All B are C,All A are C,2.85,both,True
67311,13,125,MT,All B are C/No A are C,1,All B are C,No A are C,2.0,both,True
67311,14,106,MT,All B are C/No A are C,1,All B are C,No A are C,2.0,both,True
67311,15,72,DA,All B are C/No A are B,4,All B are C,No A are B,6.65,both,True
67311,16,27,AC,All B are C/All A are C,3,All B are C,All A are C,2.85,both,True
67311,17,114,AC,All B are C/All A are C,3,All B are C,All A are C,2.85,both,True
67311,18,15,MT,All B are C/No A are C,1,All B are C,No A are C,2.0,both,True
67311,19,57,AC,All B are C/All A are C,3,All B are C,All A are C,2.85,both,True
67311,20,69,DA,All B are C/No A are B,4,All B are C,No A are B,6.65,both,True
67311,21,73,MT,All B are C/No A are C,1,All B are C,No A are C,2.0,both,True
67311,22,91,DA,All B are C/No A are B,4,All B are C,No A are B,6.65,both,True
67311,23,3,MT,All B are C/No A are C,1,All B are C,No A are C,2.0,both,True
67311,24,66,MT,All B are C/No A are C,1,All B are C,No A are C,2.0,both,True
67311,25,83,MT,All B are C/No A are C,1,All B are C,No A are C,2.0,both,True
67311,26,124,AC,All B are C/All A are C,3,All B are C,All A are C,2.85,both,True
67311,27,7,MP,All B are C/All A are B,2,All B are C,All A are B,2.75,both,True
67311,28,29,MT,All B are C/No A are C,1,All B are C,No A are C,2.0,both,True
67311,29,116,AC,All B are C/All A are C,3,All B are C,All A are C,2.85,both,True
67311,30,75,DA,All B are C/No A are B,4,All B are C,No A are B,6.65,both,True
67311,31,82,DA,All B are C/No A are B,4,All B are C,No A are B,6.65,both,True
67311,32,48,MP,All B are C/All A are B,2,All B are C,All A are B,2.75,both,True
67311,33,51,MT,All B are C/No A are C,1,All B are C,No A are C,2.0,both,True
67311,34,50,MP,All B are C/All A are B,2,All B are C,All A are B,2.75,both,True
67311,35,102,AC,All B are C/All A are C,3,All B are C,All A are C,2.85,both,True
67311,36,63,AC,All B are C/All A are C,3,All B are C,All A are C,2.85,both,True
67311,37,112,MP,All B are C/All A are B,2,All B are C,All A are B,2.75,both,True
67311,38,6,DA,All B are C/No A are B,4,All B are C,No A are B,6.65,both,True
67311,39,58,DA,All B are C/No A are B,4,All B are C,No A are B,6.65,both,True
67311,40,80,AC,All B are C/All A are C,3,All B are C,All A are C,2.85,both,True
67311,41,23,AC,All B are C/All A are C,3,All B are C,All A are C,2.85,both,True
67311,42,17,MP,All B are C/All A are B,2,All B are C,All A are B,2.75,both,True
67311,43,120,MP,All B are C/All A are B,2,All B are C,All A are B,2.75,both,True
67311,44,13,MP,All B are C/All A are B,2,All B are C,All A are B,2.75,both,True
67311,45,123,DA,All B are C/No A are B,4,All B are C,No A are B,6.65,both,True
67311,46,76,MT,All B are C/No A are C,1,All B are C,No A are C,2.0,both,True
67311,47,35,MT,All B are C/No A are C,1,All B are C,No A are C,2.0,both,True
67311,48,101,MP,All B are C/All A are B,2,All B are C,All A are B,2.75,both,True
67311,49,26,MP,All B are C/All A are B,2,All B are C,All A are B,2.75,both,True
67311,50,81,MP,All B are C/All A are B,2,All B are C,All A are B,2.75,both,True
67311,51,5,MT,All B are C/No A are C,1,All B are C,No A are C,2.0,both,True
67311,52,20,AC,All B are C/All A are C,3,All B are C,All A are C,2.85,both,True
67311,53,121,AC,All B are C/All A are C,3,All B are C,All A are C,2.85,both,True
67311,54,100,MT,All B are C/No A are C,1,All B are C,No A are C,2.0,both,True
67311,55,16,DA,All B are C/No A are B,4,All B are C,No A are B,6.65,both,True
67311,56,2,DA,All B are C/No A are B,4,All B are C,No A are B,6.65,both,True
67311,57,68,MT,All B are C/No A are C,1,All B are C,No A are C,2.0,both,True
67311,58,28,DA,All B are C/No A are B,4,All B are C,No A are B,6.65,both,True
67311,59,110,DA,All B are C/No A are B,4,All B are C,No A are B,6.65,both,True
67311,60,64,MP,All B are C/All A are B,2,All B are C,All A are B,2.75,both,True
67311,61,111,MP,All B are C/All A are B,2,All B are C,All A are B,2.75,both,True
67311,62,99,AC,All B are C/All A are C,3,All B are C,All A are C,2.85,both,True
67311,63,90,MT,All B are C/No A are C,1,All B are C,No A are C,2.0,both,True
67311,64,115,MP,All B are C/All A are B,2,All B are C,All A are B,2.75,both,True
67323,1,124,AC,All B are C/All A are C,3,All B are C,All A are C,2.45,both,True
67323,2,64,MP,All B are C/All A are B,2,All B are C,All A are B,2.25,both,True
67323,3,99,AC,All B are C/All A are C,3,All B are C,All A are C,2.45,both,True
67323,4,7,MP,All B are C/All A are B,2,All B are C,All A are B,2.25,both,True
67323,5,32,MT,All B are C/No A are C,1,All B are C,No A are C,2.0,both,True
67323,6,22,MP,All B are C/All A are B,2,All B are C,All A are B,2.25,both,True
67323,7,13,MP,All B are C/All A are B,2,All B are C,All A are B,2.25,both,True
67323,8,105,DA,All B are C/No A are B,4,All B are C,No A are B,3.05,both,True
67323,9,116,AC,All B are C/All A are C,3,All B are C,All A are C,2.45,both,True
67323,10,27,AC,All B are C/All A are C,3,All B are C,All A are C,2.45,both,True
67323,11,90,MT,All B are C/No A are C,1,All B are C,No A are C,2.0,both,True
67323,12,66,MT,All B are C/No A are C,1,All B are C,No A are C,2.0,both,True
67323,13,23,AC,All B are C/All A are C,3,All B are C,All A are C,2.45,both,True
67323,14,8,AC,All B are C/All A are C,3,All B are C,All A are C,2.45,both,True
67323,15,101,MP,All B are C/All A are B,2,All B are C,All A are B,2.25,both,True
67323,16,113,MP,All B are C/All A are B,2,All B are C,All A are B,2.25,both,True
67323,17,57,AC,All B are C/All A are C,3,All B are C,All A are C,2.45,both,True
67323,18,111,MP,All B are C/All A are B,2,All B are C,All A are B,2.25,both,True
67323,19,68,MT,All B are C/No A are C,1,All B are C,No A are C,2.0,both,True
67323,20,76,MT,All B are C/No A are C,1,All B are C,No A are C,2.0,both,True
67323,21,67,DA,All B are C/No A are B,4,All B are C,No A are B,3.05,both,True
67323,22,28,DA,All B are C/No A are B,4,All B are C,No A are B,3.05,both,True
67323,23,120,MP,All B are C/All A are B,2,All B are C,All A are B,2.25,both,True
67323,24,69,DA,All B are C/No A are B,4,All B are C,No A are B,3.05,both,True
67323,25,102,AC,All B are C/All A are C,3,All B are C,All A are C,2.45,both,True
67323,26,3,MT,All B are C/No A are C,1,All B are C,No A are C,2.0,both,True
67323,27,36,DA,All B are C/No A are B,4,All B are C,No A are B,3.05,both,True
67323,28,20,AC,All B are C/All A are C,3,All B are C,All A are C,2.45,both,True
67323,29,51,MT,All B are C/No A are C,1,All B are C,No A are C,2.0,both,True
67323,30,5,MT,All B are C/No A are C,1,All B are C,No A are C,2.0,both,True
67323,31,79,DA,All B are C/No A are B,4,All B are C,No A are B,3.05,both,True
67323,32,123,DA,All B are C/No A are B,4,All B are C,No A are B,3.05,both,True
67323,33,80,AC,All B are C/All A are C,3,All B are C,All A are C,2.45,both,True
67323,34,50,MP,All B are C/All A are B,2,All B are C,All A are B,2.25,both,True
67323,35,75,DA,All B are C/No A are B,4,All B are C,No A are B,3.05,both,True
67323,36,112,MP,All B are C/All A are B,2,All B are C,All A are B,2.25,both,True
67323,37,91,DA,All B are C/No A are B,4,All B are C,No A are B,3.05,both,True
67323,38,125,MT,All B are C/No A are C,1,All B are C,No A are C,2.0,both,True
67323,39,60,AC,All B are C/All A are C,3,All B are C,All A are C,2.45,both,True
67323,40,72,DA,All B are C/No A are B,4,All B are C,No A are B,3.05,both,True
67323,41,49,AC,All B are C/All A are C,3,All B are C,All A are C,2.45,both,True
67323,42,110,DA,All B are C/No A are B,4,All B are C,No A are B,3.05,both,True
67323,43,73,MT,All B are C/No A are C,1,All B are C,No A are C,2.0,both,True
67323,44,16,DA,All B are C/No A are B,4,All B are C,No A are B,3.05,both,True
67323,45,48,MP,All B are C/All A are B,2,All B are C,All A are B,2.25,both,True
67323,46,100,MT,All B are C/No A are C,1,All B are C,No A are C,2.0,both,True
67323,47,2,DA,All B are C/No A are B,4,All B are C,No A are B,3.05,both,True
67323,48,114,AC,All B are C/All A are C,3,All B are C,All A are C,2.45,both,True
67323,49,58,DA,All B are C/No A are B,4,All B are C,No A are B,3.05,both,True
67323,50,31,MP,All B are C/All A are B,2,All B are C,All A are B,2.25,both,True
67323,51,63,AC,All B are C/All A are C,3,All B are C,All A are C,2.45,both,True
67323,52,29,MT,All B are C/No A are C,1,All B are C,No A are C,2.0,both,True
67323,53,83,MT,All B are C/No A are C,1,All B are C,No A are C,2.0,both,True
67323,54,26,MP,All B are C/All A are B,2,All B are C,All A are B,2.25,both,True
67323,55,115,MP,All B are C/All A are B,2,All B are C,All A are B,2.25,both,True
67323,56,81,MP,All B are C/All A are B,2,All B are C,All A are B,2.25,both,True
67323,57,18,AC,All B are C/All A are C,3,All B are C,All A are C,2.45,both,True
67323,58,6,DA,All B are C/No A are B,4,All B are C,No A are B,3.05,both,True
67323,59,121,AC,All B are C/All A are C,3,All B are C,All A are C,2.45,both,True
67323,60,106,MT,All B are C/No A are C,1,All B are C,No A are C,2.0,both,True
67323,61,15,MT,All B are C/No A are C,1,All B are C,No A are C,2.0,both,True
67323,62,35,MT,All B are C/No A are C,1,All B are C,No A are C,2.0,both,True
67323,63,17,MP,All B are C/All A are B,2,All B are C,All A are B,2.25,both,True
67323,64,82,DA,All B are C/No A are B,4,All B are C,No A are B,3.05,both,True
67339,1,100,MT,All B are C/No A are C,1,All B are C,No A are C,2.0,both,True
67339,2,91,DA,All B are C/No A are B,4,All B are C,No A are B,2.75,both,True
67339,3,51,MT,All B are C/No A are C,1,All B are C,No A are C,2.0,both,True
67339,4,73,MT,All B are C/No A are C,1,All B are C,No A are C,2.0,both,True
67339,5,29,MT,All B are C/No A are C,1,All B are C,No A are C,2.0,both,True
67339,6,80,AC,All B are C/All A are C,3,All B are C,All A are C,2.1,both,True
67339,7,116,AC,All B are C/All A are C,3,All B are C,All A are C,2.1,both,True
67339,8,101,MP,All B are C/All A are B,2,All B are C,All A are B,2.0,both,True
67339,9,99,AC,All B are C/All A are C,3,All B are C,All A are C,2.1,both,True
67339,10,112,MP,All B are C/All A are B,2,All B are C,All A are B,2.0,both,True
67339,11,67,DA,All B are C/No A are B,4,All B are C,No A are B,2.75,both,True
67339,12,15,MT,All B are C/No A are C,1,All B are C,No A are C,2.0,both,True
67339,13,121,AC,All B are C/All A are C,3,All B are C,All A are C,2.1,both,True
67339,14,111,MP,All B are C/All A are B,2,All B are C,All A are B,2.0,both,True
67339,15,16,DA,All B are C/No A are B,4,All B are C,No A are B,2.75,both,True
67339,16,106,MT,All B are C/No A are C,1,All B are C,No A are C,2.0,both,True
67339,17,90,MT,All B are C/No A are C,1,All B are C,No A are C,2.0,both,True
67339,18,26,MP,All B are C/All A are B,2,All B are C,All A are B,2.0,both,True
67339,19,102,AC,All B are C/All A are C,3,All B are C,All A are C,2.1,both,True
67339,20,6,DA,All B are C/No A are B,4,All B are C,No A are B,2.75,both,True
67339,21,76,MT,All B are C/No A are C,1,All B are C,No A are C,2.0,both,True
67339,22,27,AC,All B are C/All A are C,3,All B are C,All A are C,2.1,both,True
67339,23,113,MP,All B are C/All A are B,2,All B are C,All A are B,2.0,both,True
67339,24,31,MP,All B are C/All A are B,2,All B are C,All A are B,2.0,both,True
67339,25,50,MP,All B are C/All A are B,2,All B are C,All A are B,2.0,both,True
67339,26,8,AC,All B are C/All A are C,3,All B are C,All A are C,2.1,both,True
67339,27,5,MT,All B are C/No A are C,1,All B are C,No A are C,2.0,both,True
67339,28,114,AC,All B are C/All A are C,3,All B are C,All A are C,2.1,both,True
67339,29,49,AC,All B are C/All A are C,3,All B are C,All A are C,2.1,both,True
67339,30,79,DA,All B are C/No A are B,4,All B are C,No A are B,2.75,both,True
67339,31,68,MT,All B are C/No A are C,1,All B are C,No A are C,2.0,both,True
67339,32,64,MP,All B are C/All A are B,2,All B are C,All A are B,2.0,both,True
67339,33,20,AC,All B are C/All A are C,3,All B are C,All A are C,2.1,both,True
67339,34,75,DA,All B are C/No A are B,4,All B are C,No A are B,2.75,both,True
67339,35,18,AC,All B are C/All A are C,3,All B are C,All A are C,2.1,both,True
67339,36,23,AC,All B are C/All A are C,3,All B are C,All A are C,2.1,both,True
67339,37,3,MT,All B are C/No A are C,1,All B are C,No A are C,2.0,both,True
67339,38,124,AC,All B are C/All A are C,3,All B are C,All A are C,2.1,both,True
67339,39,48,MP,All B are C/All A are B,2,All B are C,All A are B,2.0,both,True
67339,40,22,MP,All B are C/All A are B,2,All B are C,All A are B,2.0,both,True
67339,41,105,DA,All B are C/No A are B,4,All B are C,No A are B,2.75,both,True
67339,42,110,DA,All B are C/No A are B,4,All B are C,No A are B,2.75,both,True
67339,43,115,MP,All B are C/All A are B,2,All B are C,All A are B,2.0,both,True
67339,44,123,DA,All B are C/No A are B,4,All B are C,No A are B,2.75,both,True
67339,45,66,MT,All B are C/No A are C,1,All B are C,No A are C,2.0,both,True
67339,46,63,AC,All B are C/All A are C,3,All B are C,All A are C,2.1,both,True
67339,47,120,MP,All B are C/All A are B,2,All B are C,All A are B,2.0,both,True
67339,48,58,DA,All B are C/No A are B,4,All B are C,No A are B,2.75,both,True
67339,49,17,MP,All B are C/All A are B,2,All B are C,All A are B,2.0,both,True
67339,50,60,AC,All B are C/All A are C,3,All B are C,All A are C,2.1,both,True
67339,51,7,MP,All B are C/All A are B,2,All B are C,All A are B,2.0,both,True
67339,52,57,AC,All B are C/All A are C,3,All B are C,All A are C,2.1,both,True
67339,53,28,DA,All B are C/No A are B,4,All B are C,No A are B,2.75,both,True
67339,54,72,DA,All B are C/No A are B,4,All B are C,No A are B,2.75,both,True
67339,55,2,DA,All B are C/No A are B,4,All B are C,No A are B,2.75,both,True
67339,56,81,MP,All B are C/All A are B,2,All B are C,All A are B,2.0,both,True
67339,57,32,MT,All B are C/No A are C,1,All B are C,No A are C,2.0,both,True
67339,58,36,DA,All B are C/No A are B,4,All B are C,No A are B,2.75,both,True
67339,59,35,MT,All B are C/No A are C,1,All B are C,No A are C,2.0,both,True
67339,60,82,DA,All B are C/No A are B,4,All B are C,No A are B,2.75,both,True
67339,61,83,MT,All B are C/No A are C,1,All B are C,No A are C,2.0,both,True
67339,62,13,MP,All B are C/All A are B,2,All B are C,All A are B,2.0,both,True
67339,63,69,DA,All B are C/No A are B,4,All B are C,No A are B,2.75,both,True
67339,64,125,MT,All B are C/No A are C,1,All B are C,No A are C,2.0,both,True
67424,1,30,MT,All B are C/No A are C,1,All B are C,No A are C,2.0,both,True
67424,2,43,MP,All B are C/All A are B,2,All B are C,All A are B,2.75,both,True
67424,3,25,AC,All B are C/All A are C,3,All B are C,All A are C,2.85,both,True
67424,4,44,DA,All B are C/No A are B,4,All B are C,No A are B,6.65,both,True
67424,5,47,AC,All B are C/All A are C,3,All B are C,All A are C,2.85,both,True
67424,6,108,DA,All B are C/No A are B,4,All B are C,No A are B,6.65,both,True
67424,7,42,MP,All B are C/All A are B,2,All B are C,All A are B,2.75,both,True
67424,8,77,MT,All B are C/No A are C,1,All B are C,No A are C,2.0,both,True
67424,9,70,MT,All B are C/No A are C,1,All B are C,No A are C,2.0,both,True
67424,10,87,DA,All B are C/No A are B,4,All B are C,No A are B,6.65,both,True
67424,11,97,MT,All B are C/No A are C,1,All B are C,No A are C,2.0,both,True
67424,12,10,DA,All B are C/No A are B,4,All B are C,No A are B,6.65,both,True
67424,13,21,AC,All B are C/All A are C,3,All B are C,All A are C,2.85,both,True
67424,14,71,MT,All B are C/No A are C,1,All B are C,No A are C,2.0,both,True
67424,15,33,MT,All B are C/No A are C,1,All B are C,No A are C,2.0,both,True
67424,16,11,MP,All B are C/All A are B,2,All B are C,All A are B,2.75,both,True
67424,17,126,MT,All B are C/No A are C,1,All B are C,No A are C,2.0,both,True
67424,18,103,AC,All B are C/All A are C,3,All B are C,All A are C,2.85,both,True
67424,19,93,DA,All B are C/No A are B,4,All B are C,No A are B,6.65,both,True
67424,20,39,MP,All B are C/All A are B,2,All B are C,All A are B,2.75,both,True
67424,21,52,MP,All B are C/All A are B,2,All B are C,All A are B,2.75,both,True
67424,22,88,DA,All B are C/No A are B,4,All B are C,No A are B,6.65,both,True
67424,23,92,MT,All B are C/No A are C,1,All B are C,No A are C,2.0,both,True
67424,24,89,DA,All B are C/No A are B,4,All B are C,No A are B,6.65,both,True
67424,25,37,MT,All B are C/No A are C,1,All B are C,No A are C,2.0,both,True
67424,26,65,MT,All B are C/No A are C,1,All B are C,No A are C,2.0,both,True
67424,27,54,DA,All B are C/No A are B,4,All B are C,No A are B,6.65,both,True
67424,28,53,DA,All B are C/No A are B,4,All B are C,No A are B,6.65,both,True
67424,29,84,MT,All B are C/No A are C,1,All B are C,No A are C,2.0,both,True
67424,30,24,AC,All B are C/All A are C,3,All B are C,All A are C,2.85,both,True
67424,31,118,AC,All B are C/All A are C,3,All B are C,All A are C,2.85,both,True
67424,32,9,AC,All B are C/All A are C,3,All B are C,All A are C,2.85,both,True
67424,33,95,MP,All B are C/All A are B,2,All B are C,All A are B,2.75,both,True
67424,34,61,AC,All B are C/All A are C,3,All B are C,All A are C,2.85,both,True
67424,35,85,MP,All B are C/All A are B,2,All B are C,All A are B,2.75,both,True
67424,36,122,AC,All B are C/All A are C,3,All B are C,All A are C,2.85,both,True
67424,37,45,DA,All B are C/No A are B,4,All B are C,No A are B,6.65,both,True
67424,38,104,DA,All B are C/No A are B,4,All B are C,No A are B,6.65,both,True
67424,39,14,MT,All B are C/No A are C,1,All B are C,No A are C,2.0,both,True
67424,40,78,AC,All B are C/All A are C,3,All B are C,All A are C,2.85,both,True
67424,41,40,MP,All B are C/All A are B,2,All B are C,All A are B,2.75,both,True
67424,42,38,DA,All B are C/No A are B,4,All B are C,No A are B,6.65,both,True
67424,43,4,MT,All B are C/No A are C,1,All B are C,No A are C,2.0,both,True
67424,44,128,DA,All B are C/No A are B,4,All B are C,No A are B,6.65,both,True
67424,45,96,DA,All B are C/No A are B,4,All B are C,No A are B,6.65,both,True
67424,46,117,AC,All B are C/All A are C,3,All B are C,All A are C,2.85,both,True
67424,47,41,MP,All B are C/All A are B,2,All B are C,All A are B,2.75,both,True
67424,48,74,DA,All B are C/No A are B,4,All B are C,No A are B,6.65,both,True
67424,49,59,AC,All B are C/All A are C,3,All B are C,All A are C,2.85,both,True
67424,50,1,MT,All B are C/No A are C,1,All B are C,No A are C,2.0,both,True
67424,51,86,MP,All B are C/All A are B,2,All B are C,All A are B,2.75,both,True
67424,52,46,MT,All B are C/No A are C,1,All B are C,No A are C,2.0,both,True
67424,53,62,AC,All B are C/All A are C,3,All B are C,All A are C,2.85,both,True
67424,54,12,MP,All B are C/All A are B,2,All B are C,All A are B,2.75,both,True
67424,55,107,MT,All B are C/No A are C,1,All B are C,No A are C,2.0,both,True
67424,56,56,MP,All B are C/All A are B,2,All B are C,All A are B,2.75,both,True
67424,57,19,AC,All B are C/All A are C,3,All B are C,All A are C,2.85,both,True
67424,58,109,MP,All B are C/All A are B,2,All B are C,All A are B,2.75,both,True
67424,59,98,AC,All B are C/All A are C,3,All B are C,All A are C,2.85,both,True
67424,60,127,DA,All B are C/No A are B,4,All B are C,No A are B,6.65,both,True
67424,61,34,MP,All B are C/All A are B,2,All B are C,All A are B,2.75,both,True
67424,62,94,MP,All B are C/All A are B,2,All B are C,All A are B,2.75,both,True
67424,63,119,AC,All B are C/All A are C,3,All B are C,All A are C,2.85,both,True
67424,64,55,MP,All B are C/All A are B,2,All B are C,All A are B,2.75,both,True
67454,1,43,MP,All B are C/All A are B,2,All B are C,All A are B,2.0,both,True
67454,2,117,AC,All B are C/All A are C,3,All B are C,All A are C,2.1,both,True
67454,3,30,MT,All B are C/No A are C,1,All B are C,No A are C,2.0,both,True
67454,4,78,AC,All B are C/All A are C,3,All B are C,All A are C,2.1,both,True
67454,5,52,MP,All B are C/All A are B,2,All B are C,All A are B,2.0,both,True
67454,6,1,MT,All B are C/No A are C,1,All B are C,No A are C,2.0,both,True
67454,7,71,MT,All B are C/No A are C,1,All B are C,No A are C,2.0,both,True
67454,8,118,AC,All B are C/All A are C,3,All B are C,All A are C,2.1,both,True
67454,9,104,DA,All B are C/No A are B,4,All B are C,No A are B,2.75,both,True
67454,10,87,DA,All B are C/No A are B,4,All B are C,No A are B,2.75,both,True
67454,11,93,DA,All B are C/No A are B,4,All B are C,No A are B,2.75,both,True
67454,12,65,MT,All B are C/No A are C,1,All B are C,No A are C,2.0,both,True
67454,13,77,MT,All B are C/No A are C,1,All B are C,No A are C,2.0,both,True
67454,14,24,AC,All B are C/All A are C,3,All B are C,All A are C,2.1,both,True
67454,15,41,MP,All B are C/All A are B,2,All B are C,All A are B,2.0,both,True
67454,16,108,DA,All B are C/No A are B,4,All B are C,No A are B,2.75,both,True
67454,17,44,DA,All B are C/No A are B,4,All B are C,No A are B,2.75,both,True
67454,18,54,DA,All B are C/No A are B,4,All B are C,No A are B,2.75,both,True
67454,19,42,MP,All B are C/All A are B,2,All B are C,All A are B,2.0,both,True
67454,20,21,AC,All B are C/All A are C,3,All B are C,All A are C,2.1,both,True
67454,21,88,DA,All B are C/No A are B,4,All B are C,No A are B,2.75,both,True
67454,22,98,AC,All B are C/All A are C,3,All B are C,All A are C,2.1,both,True
67454,23,109,MP,All B are C/All A are B,2,All B are C,All A are B,2.0,both,True
67454,24,38,DA,All B are C/No A are B,4,All B are C,No A are B,2.75,both,True
67454,25,34,MP,All B are C/All A are B,2,All B are C,All A are B,2.0,both,True
67454,26,126,MT,All B are C/No A are C,1,All B are C,No A are C,2.0,both,True
67454,27,92,MT,All B are C/No A are C,1,All B are C,No A are C,2.0,both,True
67454,28,70,MT,All B are C/No A are C,1,All B are C,No A are C,2.0,both,True
67454,29,47,AC,All B are C/All A are C,3,All B are C,All A are C,2.1,both,True
67454,30,59,AC,All B are C/All A are C,3,All B are C,All A are C,2.1,both,True
67454,31,103,AC,All B are C/All A are C,3,All B are C,All A are C,2.1,both,True
67454,32,94,MP,All B are C/All A are B,2,All B are C,All A are B,2.0,both,True
67454,33,12,MP,All B are C/All A are B,2,All B are C,All A are B,2.0,both,True
67454,34,84,MT,All B are C/No A are C,1,All B are C,No A are C,2.0,both,True
67454,35,128,DA,All B are C/No A are B,4,All B are C,No A are B,2.75,both,True
67454,36,33,MT,All B are C/No A are C,1,All B are C,No A are C,2.0,both,True
67454,37,89,DA,All B are C/No A are B,4,All B are C,No A are B,2.75,both,True
67454,38,37,MT,All B are C/No A are C,1,All B are C,No A are C,2.0,both,True
67454,39,19,AC,All B are C/All A are C,3,All B are C,All A are C,2.1,both,True
67454,40,127,DA,All B are C/No A are B,4,All B are C,No A are B,2.75,both,True
67454,41,85,MP,All B are C/All A are B,2,All B are C,All A are B,2.0,both,True
67454,42,86,MP,All B are C/All A are B,2,All B are C,All A are B,2.0,both,True
67454,43,119,AC,All B are C/All A are C,3,All B are C,All A are C,2.1,both,True
67454,44,39,MP,All B are C/All A are B,2,All B are C,All A are B,2.0,both,True
67454,45,4,MT,All B are C/No A are C,1,All B are C,No A are C,2.0,both,True
67454,46,25,AC,All B are C/All A are C,3,All B are C,All A are C,2.1,both,True
67454,47,14,MT,All B are C/No A are C,1,All B are C,No A are C,2.0,both,True
67454,48,61,AC,All B are C/All A are C,3,All B are C,All A are C,2.1,both,True
67454,49,107,MT,All B are C/No A are C,1,All B are C,No A are C,2.0,both,True
67454,50,46,MT,All B are C/No A are C,1,All B are C,No A are C,2.0,both,True
67454,51,9,AC,All B are C/All A are C,3,All B are C,All A are C,2.1,both,True
67454,52,74,DA,All B are C/No A are B,4,All B are C,No A are B,2.75,both,True
67454,53,53,DA,All B are C/No A are B,4,All B are C,No A are B,2.75,both,True
67454,54,11,MP,All B are C/All A are B,2,All B are C,All A are B,2.0,both,True
67454,55,122,AC,All B are C/All A are C,3,All B are C,All A are C,2.1,both,True
67454,56,55,MP,All B are C/All A are B,2,All B are C,All A are B,2.0,both,True
67454,57,96,DA,All B are C/No A are B,4,All B are C,No A are B,2.75,both,True
67454,58,97,MT,All B are C/No A are C,1,All B are C,No A are C,2.0,both,True
67454,59,40,MP,All B are C/All A are B,2,All B are C,All A are B,2.0,both,True
67454,60,62,AC,All B are C/All A are C,3,All B are C,All A are C,2.1,both,True
67454,61,95,MP,All B are C/All A are B,2,All B are C,All A are B,2.0,both,True
67454,62,45,DA,All B are C/No A are B,4,All B are C,No A are B,2.75,both,True
67454,63,56,MP,All B are C/All A are B,2,All B are C,All A are B,2.0,both,True
67454,64,10,DA,All B are C/No A are B,4,All B are C,No A are B,2.75,both,True
68007,1,3,MT,All B are C/No A are C,1,All B are C,No A are C,2.0,both,True
68007,2,113,MP,All B are C/All A are B,2,All B are C,All A are B,2.75,both,True
68007,3,50,MP,All B are C/All A are B,2,All B are C,All A are B,2.75,both,True
68007,4,68,MT,All B are C/No A are C,1,All B are C,No A are C,2.0,both,True
68007,5,16,DA,All B are C/No A are B,4,All B are C,No A are B,6.65,both,True
68007,6,15,MT,All B are C/No A are C,1,All B are C,No A are C,2.0,both,True
68007,7,13,MP,All B are C/All A are B,2,All B are C,All A are B,2.75,both,True
68007,8,57,AC,All B are C/All A are C,3,All B are C,All A are C,2.85,both,True
68007,9,27,AC,All B are C/All A are C,3,All B are C,All A are C,2.85,both,True
68007,10,106,MT,All B are C/No A are C,1,All B are C,No A are C,2.0,both,True
68007,11,111,MP,All B are C/All A are B,2,All B are C,All A are B,2.75,both,True
68007,12,120,MP,All B are C/All A are B,2,All B are C,All A are B,2.75,both,True
68007,13,35,MT,All B are C/No A are C,1,All B are C,No A are C,2.0,both,True
68007,14,112,MP,All B are C/All A are B,2,All B are C,All A are B,2.75,both,True
68007,15,99,AC,All B are C/All A are C,3,All B are C,All A are C,2.85,both,True
68007,16,102,AC,All B are C/All A are C,3,All B are C,All A are C,2.85,both,True
68007,17,79,DA,All B are C/No A are B,4,All B are C,No A are B,6.65,both,True
68007,18,18,AC,All B are C/All A are C,3,All B are C,All A are C,2.85,both,True
68007,19,91,DA,All B are C/No A are B,4,All B are C,No A are B,6.65,both,True
68007,20,6,DA,All B are C/No A are B,4,All B are C,No A are B,6.65,both,True
68007,21,23,AC,All B are C/All A are C,3,All B are C,All A are C,2.85,both,True
68007,22,125,MT,All B are C/No A are C,1,All B are C,No A are C,2.0,both,True
68007,23,115,MP,All B are C/All A are B,2,All B are C,All A are B,2.75,both,True
68007,24,124,AC,All B are C/All A are C,3,All B are C,All A are C,2.85,both,True
68007,25,123,DA,All B are C/No A are B,4,All B are C,No A are B,6.65,both,True
68007,26,80,AC,All B are C/All A are C,3,All B are C,All A are C,2.85,both,True
68007,27,116,AC,All B are C/All A are C,3,All B are C,All A are C,2.85,both,True
68007,28,66,MT,All B are C/No A are C,1,All B are C,No A are C,2.0,both,True
68007,29,101,MP,All B are C/All A are B,2,All B are C,All A are B,2.75,both,True
68007,30,82,DA,All B are C/No A are B,4,All B are C,No A are B,6.65,both,True
68007,31,49,AC,All B are C/All A are C,3,All B are C,All A are C,2.85,both,True
68007,32,121,AC,All B are C/All A are C,3,All B are C,All A are C,2.85,both,True
68007,33,36,DA,All B are C/No A are B,4,All B are C,No A are B,6.65,both,True
68007,34,48,MP,All B are C/All A are B,2,All B are C,All A are B,2.75,both,True
68007,35,60,AC,All B are C/All A are C,3,All B are C,All A are C,2.85,both,True
68007,36,76,MT,All B are C/No A are C,1,All B are C,No A are C,2.0,both,True
68007,37,17,MP,All B are C/All A are B,2,All B are C,All A are B,2.75,both,True
68007,38,75,DA,All B are C/No A are B,4,All B are C,No A are B,6.65,both,True
68007,39,31,MP,All B are C/All A are B,2,All B are C,All A are B,2.75,both,True
68007,40,7,MP,All B are C/All A are B,2,All B are C,All A are B,2.75,both,True
68007,41,5,MT,All B are C/No A are C,1,All B are C,No A are C,2.0,both,True
68007,42,90,MT,All B are C/No A are C,1,All B are C,No A are C,2.0,both,True
68007,43,8,AC,All B are C/All A are C,3,All B are C,All A are C,2.85,both,True
68007,44,32,MT,All B are C/No A are C,1,All B are C,No A are C,2.0,both,True
68007,45,2,DA,All B are C/No A are B,4,All B are C,No A are B,6.65,both,True
68007,46,26,MP,All B are C/All A are B,2,All B are C,All A are B,2.75,both,True
68007,47,73,MT,All B are C/No A are C,1,All B are C,No A are C,2.0,both,True
68007,48,114,AC,All B are C/All A are C,3,All B are C,All A are C,2.85,both,True
68007,49,64,MP,All B are C/All A are B,2,All B are C,All A are B,2.75,both,True
68007,50,83,MT,All B are C/No A are C,1,All B are C,No A are C,2.0,both,True
68007,51,20,AC,All B are C/All A are C,3,All B are C,All A are C,2.85,both,True
68007,52,29,MT,All B are C/No A are C,1,All B are C,No A are C,2.0,both,True
68007,53,110,DA,All B are C/No A are B,4,All B are C,No A are B,6.65,both,True
68007,54,67,DA,All B are C/No A are B,4,All B are C,No A are B,6.65,both,True
68007,55,69,DA,All B are C/No A are B,4,All B are C,No A are B,6.65,both,True
68007,56,100,MT,All B are C/No A are C,1,All B are C,No A are C,2.0,both,True
68007,57,72,DA,All B are C/No A are B,4,All B are C,No A are B,6.65,both,True
68007,58,28,DA,All B are C/No A are B,4,All B are C,No A are B,6.65,both,True
68007,59,51,MT,All B are C/No A are C,1,All B are C,No A are C,2.0,both,True
68007,60,58,DA,All B are C/No A are B,4,All B are C,No A are B,6.65,both,True
68007,61,63,AC,All B are C/All A are C,3,All B are C,All A are C,2.85,both,True
68007,62,105,DA,All B are C/No A are B,4,All B are C,No A are B,6.65,both,True
68007,63,22,MP,All B are C/All A are B,2,All B are C,All A are B,2.75,both,True
68007,64,81,MP,All B are C/All A are B,2,All B are C,All A are B,2.75,both,True
68016,1,55,MP,All B are C/All A are B,2,All B are C,All A are B,2.0,both,True
68016,2,71,MT,All B are C/No A are C,1,All B are C,No A are C,2.0,both,True
68016,3,59,AC,All B are C/All A are C,3,All B are C,All A are C,2.1,both,True
68016,4,9,AC,All B are C/All A are C,3,All B are C,All A are C,2.1,both,True
68016,5,107,MT,All B are C/No A are C,1,All B are C,No A are C,2.0,both,True
68016,6,118,AC,All B are C/All A are C,3,All B are C,All A are C,2.1,both,True
68016,7,61,AC,All B are C/All A are C,3,All B are C,All A are C,2.1,both,True
68016,8,119,AC,All B are C/All A are C,3,All B are C,All A are C,2.1,both,True
68016,9,1,MT,All B are C/No A are C,1,All B are C,No A are C,2.0,both,True
68016,10,4,MT,All B are C/No A are C,1,All B are C,No A are C,2.0,both,True
68016,11,33,MT,All B are C/No A are C,1,All B are C,No A are C,2.0,both,True
68016,12,65,MT,All B are C/No A are C,1,All B are C,No A are C,2.0,both,True
68016,13,127,DA,All B are C/No A are B,4,All B are C,No A are B,2.75,both,True
68016,14,70,MT,All B are C/No A are C,1,All B are C,No A are C,2.0,both,True
68016,15,92,MT,All B are C/No A are C,1,All B are C,No A are C,2.0,both,True
68016,16,45,DA,All B are C/No A are B,4,All B are C,No A are B,2.75,both,True
68016,17,39,MP,All B are C/All A are B,2,All B are C,All A are B,2.0,both,True
68016,18,84,MT,All B are C/No A are C,1,All B are C,No A are C,2.0,both,True
68016,19,21,AC,All B are C/All A are C,3,All B are C,All A are C,2.1,both,True
68016,20,24,AC,All B are C/All A are C,3,All B are C,All A are C,2.1,both,True
68016,21,86,MP,All B are C/All A are B,2,All B are C,All A are B,2.0,both,True
68016,22,85,MP,All B are C/All A are B,2,All B are C,All A are B,2.0,both,True
68016,23,34,MP,All B are C/All A are B,2,All B are C,All A are B,2.0,both,True
68016,24,14,MT,All B are C/No A are C,1,All B are C,No A are C,2.0,both,True
68016,25,108,DA,All B are C/No A are B,4,All B are C,No A are B,2.75,both,True
68016,26,41,MP,All B are C/All A are B,2,All B are C,All A are B,2.0,both,True
68016,27,44,DA,All B are C/No A are B,4,All B are C,No A are B,2.75,both,True
68016,28,77,MT,All B are C/No A are C,1,All B are C,No A are C,2.0,both,True
68016,29,62,AC,All B are C/All A are C,3,All B are C,All A are C,2.1,both,True
68016,30,95,MP,All B are C/All A are B,2,All B are C,All A are B,2.0,both,True
68016,31,40,MP,All B are C/All A are B,2,All B are C,All A are B,2.0,both,True
68016,32,96,DA,All B are C/No A are B,4,All B are C,No A are B,2.75,both,True
68016,33,37,MT,All B are C/No A are C,1,All B are C,No A are C,2.0,both,True
68016,34,103,AC,All B are C/All A are C,3,All B are C,All A are C,2.1,both,True
68016,35,19,AC,All B are C/All A are C,3,All B are C,All A are C,2.1,both,True
68016,36,30,MT,All B are C/No A are C,1,All B are C,No A are C,2.0,both,True
68016,37,25,AC,All B are C/All A are C,3,All B are C,All A are C,2.1,both,True
68016,38,78,AC,All B are C/All A are C,3,All B are C,All A are C,2.1,both,True
68016,39,11,MP,All B are C/All A are B,2,All B are C,All A are B,2.0,both,True
68016,40,128,DA,All B are C/No A are B,4,All B are C,No A are B,2.75,both,True
68016,41,46,MT,All B are C/No A are C,1,All B are C,No A are C,2.0,both,True
68016,42,12,MP,All B are C/All A are B,2,All B are C,All A are B,2.0,both,True
68016,43,94,MP,All B are C/All A are B,2,All B are C,All A are B,2.0,both,True
68016,44,104,DA,All B are C/No A are B,4,All B are C,No A are B,2.75,both,True
68016,45,117,AC,All B are C/All A are C,3,All B are C,All A are C,2.1,both,True
68016,46,74,DA,All B are C/No A are B,4,All B are C,No A are B,2.75,both,True
68016,47,10,DA,All B are C/No A are B,4,All B are C,No A are B,2.75,both,True
68016,48,122,AC,All B are C/All A are C,3,All B are C,All A are C,2.1,both,True
68016,49,89,DA,All B are C/No A are B,4,All B are C,No A are B,2.75,both,True
68016,50,54,DA,All B are C/No A are B,4,All B are C,No A are B,2.75,both,True
68016,51,126,MT,All B are C/No A are C,1,All B are C,No A are C,2.0,both,True
68016,52,52,MP,All B are C/All A are B,2,All B are C,All A are B,2.0,both,True
68016,53,56,MP,All B are C/All A are B,2,All B are C,All A are B,2.0,both,True
68016,54,87,DA,All B are C/No A are B,4,All B are C,No A are B,2.75,both,True
68016,55,93,DA,All B are C/No A are B,4,All B are C,No A are B,2.75,both,True
68016,56,47,AC,All B are C/All A are C,3,All B are C,All A are C,2.1,both,True
68016,57,38,DA,All B are C/No A are B,4,All B are C,No A are B,2.75,both,True
68016,58,88,DA,All B are C/No A are B,4,All B are C,No A are B,2.75,both,True
68016,59,53,DA,All B are C/No A are B,4,All B are C,No A are B,2.75,both,True
68016,60,42,MP,All B are C/All A are B,2,All B are C,All A are B,2.0,both,True
68016,61,98,AC,All B are C/All A are C,3,All B are C,All A are C,2.1,both,True
68016,62,43,MP,All B are C/All A are B,2,All B are C,All A are B,2.0,both,True
68016,63,97,MT,All B are C/No A are C,1,All B are C,No A are C,2.0,both,True
68016,64,109,MP,All B are C/All A are B,2,All B are C,All A are B,2.0,both,True
68027,1,108,DA,All B are C/No A are B,4,All B are C,No A are B,4.2,both,True
68027,2,10,DA,All B are C/No A are B,4,All B are C,No A are B,4.2,both,True
68027,3,117,AC,All B are C/All A are C,3,All B are C,All A are C,2.45,both,True
68027,4,97,MT,All B are C/No A are C,1,All B are C,No A are C,2.0,both,True
68027,5,33,MT,All B are C/No A are C,1,All B are C,No A are C,2.0,both,True
68027,6,1,MT,All B are C/No A are C,1,All B are C,No A are C,2.0,both,True
68027,7,94,MP,All B are C/All A are B,2,All B are C,All A are B,2.3,both,True
68027,8,47,AC,All B are C/All A are C,3,All B are C,All A are C,2.45,both,True
68027,9,59,AC,All B are C/All A are C,3,All B are C,All A are C,2.45,both,True
68027,10,9,AC,All B are C/All A are C,3,All B are C,All A are C,2.45,both,True
68027,11,118,AC,All B are C/All A are C,3,All B are C,All A are C,2.45,both,True
68027,12,84,MT,All B are C/No A are C,1,All B are C,No A are C,2.0,both,True
68027,13,44,DA,All B are C/No A are B,4,All B are C,No A are B,4.2,both,True
68027,14,107,MT,All B are C/No A are C,1,All B are C,No A are C,2.0,both,True
68027,15,42,MP,All B are C/All A are B,2,All B are C,All A are B,2.3,both,True
68027,16,11,MP,All B are C/All A are B,2,All B are C,All A are B,2.3,both,True
68027,17,92,MT,All B are C/No A are C,1,All B are C,No A are C,2.0,both,True
68027,18,127,DA,All B are C/No A are B,4,All B are C,No A are B,4.2,both,True
68027,19,24,AC,All B are C/All A are C,3,All B are C,All A are C,2.45,both,True
68027,20,71,MT,All B are C/No A are C,1,All B are C,No A are C,2.0,both,True
68027,21,41,MP,All B are C/All A are B,2,All B are C,All A are B,2.3,both,True
68027,22,93,DA,All B are C/No A are B,4,All B are C,No A are B,4.2,both,True
68027,23,56,MP,All B are C/All A are B,2,All B are C,All A are B,2.3,both,True
68027,24,52,MP,All B are C/All A are B,2,All B are C,All A are B,2.3,both,True
68027,25,54,DA,All B are C/No A are B,4,All B are C,No A are B,4.2,both,True
68027,26,103,AC,All B are C/All A are C,3,All B are C,All A are C,2.45,both,True
68027,27,53,DA,All B are C/No A are B,4,All B are C,No A are B,4.2,both,True
68027,28,77,MT,All B are C/No A are C,1,All B are C,No A are C,2.0,both,True
68027,29,37,MT,All B are C/No A are C,1,All B are C,No A are C,2.0,both,True
68027,30,55,MP,All B are C/All A are B,2,All B are C,All A are B,2.3,both,True
68027,31,70,MT,All B are C/No A are C,1,All B are C,No A are C,2.0,both,True
68027,32,30,MT,All B are C/No A are C,1,All B are C,No A are C,2.0,both,True
68027,33,46,MT,All B are C/No A are C,1,All B are C,No A are C,2.0,both,True
68027,34,88,DA,All B are C/No A are B,4,All B are C,No A are B,4.2,both,True
68027,35,89,DA,All B are C/No A are B,4,All B are C,No A are B,4.2,both,True
68027,36,104,DA,All B are C/No A are B,4,All B are C,No A are B,4.2,both,True
68027,37,38,DA,All B are C/No A are B,4,All B are C,No A are B,4.2,both,True
68027,38,85,MP,All B are C/All A are B,2,All B are C,All A are B,2.3,both,True
68027,39,34,MP,All B are C/All A are B,2,All B are C,All A are B,2.3,both,True
68027,40,19,AC,All B are C/All A are C,3,All B are C,All A are C,2.45,both,True
68027,41,61,AC,All B are C/All A are C,3,All B are C,All A are C,2.45,both,True
68027,42,86,MP,All B are C/All A are B,2,All B are C,All A are B,2.3,both,True
68027,43,40,MP,All B are C/All A are B,2,All B are C,All A are B,2.3,both,True
68027,44,119,AC,All B are C/All A are C,3,All B are C,All A are C,2.45,both,True
68027,45,109,MP,All B are C/All A are B,2,All B are C,All A are B,2.3,both,True
68027,46,74,DA,All B are C/No A are B,4,All B are C,No A are B,4.2,both,True
68027,47,96,DA,All B are C/No A are B,4,All B are C,No A are B,4.2,both,True
68027,48,62,AC,All B are C/All A are C,3,All B are C,All A are C,2.45,both,True
68027,49,128,DA,All B are C/No A are B,4,All B are C,No A are B,4.2,both,True
68027,50,65,MT,All B are C/No A are C,1,All B are C,No A are C,2.0,both,True
68027,51,12,MP,All B are C/All A are B,2,All B are C,All A are B,2.3,both,True
68027,52,4,MT,All B are C/No A are C,1,All B are C,No A are C,2.0,both,True
68027,53,98,AC,All B are C/All A are C,3,All B are C,All A are C,2.45,both,True
68027,54,126,MT,All B are C/No A are C,1,All B are C,No A are C,2.0,both,True
68027,55,43,MP,All B are C/All A are B,2,All B are C,All A are B,2.3,both,True
68027,56,21,AC,All B are C/All A are C,3,All B are C,All A are C,2.45,both,True
68027,57,14,MT,All B are C/No A are C,1,All B are C,No A are C,2.0,both,True
68027,58,78,AC,All B are C/All A are C,3,All B are C,All A are C,2.45,both,True
68027,59,45,DA,All B are C/No A are B,4,All B are C,No A are B,4.2,both,True
68027,60,95,MP,All B are C/All A are B,2,All B are C,All A are B,2.3,both,True
68027,61,25,AC,All B are C/All A are C,3,All B are C,All A are C,2.45,both,True
68027,62,122,AC,All B are C/All A are C,3,All B are C,All A are C,2.45,both,True
68027,63,87,DA,All B are C/No A are B,4,All B are C,No A are B,4.2,both,True
68027,64,39,MP,All B are C/All A are B,2,All B are C,All A are B,2.3,both,True
68051,1,31,MP,All B are C/All A are B,2,All B are C,All A are B,2.75,both,True
68051,2,32,MT,All B are C/No A are C,1,All B are C,No A are C,2.0,both,True
68051,3,66,MT,All B are C/No A are C,1,All B are C,No A are C,2.0,both,True
68051,4,17,MP,All B are C/All A are B,2,All B are C,All A are B,2.75,both,True
68051,5,35,MT,All B are C/No A are C,1,All B are C,No A are C,2.0,both,True
68051,6,20,AC,All B are C/All A are C,3,All B are C,All A are C,2.85,both,True
68051,7,7,MP,All B are C/All A are B,2,All B are C,All A are B,2.75,both,True
68051,8,81,MP,All B are C/All A are B,2,All B are C,All A are B,2.75,both,True
68051,9,82,DA,All B are C/No A are B,4,All B are C,No A are B,6.65,both,True
68051,10,83,MT,All B are C/No A are C,1,All B are C,No A are C,2.0,both,True
68051,11,124,AC,All B are C/All A are C,3,All B are C,All A are C,2.85,both,True
68051,12,64,MP,All B are C/All A are B,2,All B are C,All A are B,2.75,both,True
68051,13,110,DA,All B are C/No A are B,4,All B are C,No A are B,6.65,both,True
68051,14,36,DA,All B are C/No A are B,4,All B are C,No A are B,6.65,both,True
68051,15,16,DA,All B are C/No A are B,4,All B are C,No A are B,6.65,both,True
68051,16,121,AC,All B are C/All A are C,3,All B are C,All A are C,2.85,both,True
68051,17,100,MT,All B are C/No A are C,1,All B are C,No A are C,2.0,both,True
68051,18,114,AC,All B are C/All A are C,3,All B are C,All A are C,2.85,both,True
68051,19,116,AC,All B are C/All A are C,3,All B are C,All A are C,2.85,both,True
68051,20,26,MP,All B are C/All A are B,2,All B are C,All A are B,2.75,both,True
68051,21,106,MT,All B are C/No A are C,1,All B are C,No A are C,2.0,both,True
68051,22,72,DA,All B are C/No A are B,4,All B are C,No A are B,6.65,both,True
68051,23,6,DA,All B are C/No A are B,4,All B are C,No A are B,6.65,both,True
68051,24,50,MP,All B are C/All A are B,2,All B are C,All A are B,2.75,both,True
68051,25,111,MP,All B are C/All A are B,2,All B are C,All A are B,2.75,both,True
68051,26,51,MT,All B are C/No A are C,1,All B are C,No A are C,2.0,both,True
68051,27,3,MT,All B are C/No A are C,1,All B are C,No A are C,2.0,both,True
68051,28,22,MP,All B are C/All A are B,2,All B are C,All A are B,2.75,both,True
68051,29,15,MT,All B are C/No A are C,1,All B are C,No A are C,2.0,both,True
68051,30,28,DA,All B are C/No A are B,4,All B are C,No A are B,6.65,both,True
68051,31,63,AC,All B are C/All A are C,3,All B are C,All A are C,2.85,both,True
68051,32,18,AC,All B are C/All A are C,3,All B are C,All A are C,2.85,both,True
68051,33,80,AC,All B are C/All A are C,3,All B are C,All A are C,2.85,both,True
68051,34,5,MT,All B are C/No A are C,1,All B are C,No A are C,2.0,both,True
68051,35,29,MT,All B are C/No A are C,1,All B are C,No A are C,2.0,both,True
68051,36,123,DA,All B are C/No A are B,4,All B are C,No A are B,6.65,both,True
68051,37,68,MT,All B are C/No A are C,1,All B are C,No A are C,2.0,both,True
68051,38,112,MP,All B are C/All A are B,2,All B are C,All A are B,2.75,both,True
68051,39,120,MP,All B are C/All A are B,2,All B are C,All A are B,2.75,both,True
68051,40,105,DA,All B are C/No A are B,4,All B are C,No A are B,6.65,both,True
68051,41,79,DA,All B are C/No A are B,4,All B are C,No A are B,6.65,both,True
68051,42,60,AC,All B are C/All A are C,3,All B are C,All A are C,2.85,both,True
68051,43,99,AC,All B are C/All A are C,3,All B are C,All A are C,2.85,both,True
68051,44,58,DA,All B are C/No A are B,4,All B are C,No A are B,6.65,both,True
68051,45,48,MP,All B are C/All A are B,2,All B are C,All A are B,2.75,both,True
68051,46,90,MT,All B are C/No A are C,1,All B are C,No A are C,2.0,both,True
68051,47,76,MT,All B are C/No A are C,1,All B are C,No A are C,2.0,both,True
68051,48,49,AC,All B are C/All A are C,3,All B are C,All A are C,2.85,both,True
68051,49,8,AC,All B are C/All A are C,3,All B are C,All A are C,2.85,both,True
68051,50,2,DA,All B are C/No A are B,4,All B are C,No A are B,6.65,both,True
68051,51,27,AC,All B are C/All A are C,3,All B are C,All A are C,2.85,both,True
68051,52,75,DA,All B are C/No A are B,4,All B are C,No A are B,6.65,both,True
68051,53,13,MP,All B are C/All A are B,2,All B are C,All A are B,2.75,both,True
68051,54,102,AC,All B are C/All A are C,3,All B are C,All A are C,2.85,both,True
68051,55,23,AC,All B are C/All A are C,3,All B are C,All A are C,2.85,both,True
68051,56,67,DA,All B are C/No A are B,4,All B are C,No A are B,6.65,both,True
68051,57,125,MT,All B are C/No A are C,1,All B are C,No A are C,2.0,both,True
68051,58,115,MP,All B are C/All A are B,2,All B are C,All A are B,2.75,both,True
68051,59,69,DA,All B are C/No A are B,4,All B are C,No A are B,6.65,both,True
68051,60,57,AC,All B are C/All A are C,3,All B are C,All A are C,2.85,both,True
68051,61,91,DA,All B are C/No A are B,4,All B are C,No A are B,6.65,both,True
68051,62,113,MP,All B are C/All A are B,2,All B are C,All A are B,2.75,both,True
68051,63,101,MP,All B are C/All A are B,2,All B are C,All A are B,2.75,both,True
68051,64,73,MT,All B are C/No A are C,1,All B are C,No A are C,2.0,both,True
68124,1,59,AC,All B are C/All A are C,3,All B are C,All A are C,2.45,both,True
68124,2,78,AC,All B are C/All A are C,3,All B are C,All A are C,2.45,both,True
68124,3,88,DA,All B are C/No A are B,4,All B are C,No A are B,4.2,both,True
68124,4,25,AC,All B are C/All A are C,3,All B are C,All A are C,2.45,both,True
68124,5,94,MP,All B are C/All A are B,2,All B are C,All A are B,2.3,both,True
68124,6,93,DA,All B are C/No A are B,4,All B are C,No A are B,4.2,both,True
68124,7,52,MP,All B are C/All A are B,2,All B are C,All A are B,2.3,both,True
68124,8,77,MT,All B are C/No A are C,1,All B are C,No A are C,2.0,both,True
68124,9,44,DA,All B are C/No A are B,4,All B are C,No A are B,4.2,both,True
68124,10,42,MP,All B are C/All A are B,2,All B are C,All A are B,2.3,both,True
68124,11,97,MT,All B are C/No A are C,1,All B are C,No A are C,2.0,both,True
68124,12,40,MP,All B are C/All A are B,2,All B are C,All A are B,2.3,both,True
68124,13,128,DA,All B are C/No A are B,4,All B are C,No A are B,4.2,both,True
68124,14,34,MP,All B are C/All A are B,2,All B are C,All A are B,2.3,both,True
68124,15,117,AC,All B are C/All A are C,3,All B are C,All A are C,2.45,both,True
68124,16,47,AC,All B are C/All A are C,3,All B are C,All A are C,2.45,both,True
68124,17,12,MP,All B are C/All A are B,2,All B are C,All A are B,2.3,both,True
68124,18,61,AC,All B are C/All A are C,3,All B are C,All A are C,2.45,both,True
68124,19,85,MP,All B are C/All A are B,2,All B are C,All A are B,2.3,both,True
68124,20,56,MP,All B are C/All A are B,2,All B are C,All A are B,2.3,both,True
68124,21,89,DA,All B are C/No A are B,4,All B are C,No A are B,4.2,both,True
68124,22,107,MT,All B are C/No A are C,1,All B are C,No A are C,2.0,both,True
68124,23,41,MP,All B are C/All A are B,2,All B are C,All A are B,2.3,both,True
68124,24,62,AC,All B are C/All A are C,3,All B are C,All A are C,2.45,both,True
68124,25,53,DA,All B are C/No A are B,4,All B are C,No A are B,4.2,both,True
68124,26,24,AC,All B are C/All A are C,3,All B are C,All A are C,2.45,both,True
68124,27,9,AC,All B are C/All A are C,3,All B are C,All A are C,2.45,both,True
68124,28,92,MT,All B are C/No A are C,1,All B are C,No A are C,2.0,both,True
68124,29,95,MP,All B are C/All A are B,2,All B are C,All A are B,2.3,both,True
68124,30,39,MP,All B are C/All A are B,2,All B are C,All A are B,2.3,both,True
68124,31,1,MT,All B are C/No A are C,1,All B are C,No A are C,2.0,both,True
68124,32,45,DA,All B are C/No A are B,4,All B are C,No A are B,4.2,both,True
68124,33,37,MT,All B are C/No A are C,1,All B are C,No A are C,2.0,both,True
68124,34,33,MT,All B are C/No A are C,1,All B are C,No A are C,2.0,both,True
68124,35,54,DA,All B are C/No A are B,4,All B are C,No A are B,4.2,both,True
68124,36,103,AC,All B are C/All A are C,3,All B are C,All A are C,2.45,both,True
68124,37,84,MT,All B are C/No A are C,1,All B are C,No A are C,2.0,both,True
68124,38,70,MT,All B are C/No A are C,1,All B are C,No A are C,2.0,both,True
68124,39,30,MT,All B are C/No A are C,1,All B are C,No A are C,2.0,both,True
68124,40,118,AC,All B are C/All A are C,3,All B are C,All A are C,2.45,both,True
68124,41,119,AC,All B are C/All A are C,3,All B are C,All A are C,2.45,both,True
68124,42,11,MP,All B are C/All A are B,2,All B are C,All A are B,2.3,both,True
68124,43,126,MT,All B are C/No A are C,1,All B are C,No A are C,2.0,both,True
68124,44,74,DA,All B are C/No A are B,4,All B are C,No A are B,4.2,both,True
68124,45,127,DA,All B are C/No A are B,4,All B are C,No A are B,4.2,both,True
68124,46,55,MP,All B are C/All A are B,2,All B are C,All A are B,2.3,both,True
68124,47,46,MT,All B are C/No A are C,1,All B are C,No A are C,2.0,both,True
68124,48,87,DA,All B are C/No A are B,4,All B are C,No A are B,4.2,both,True
68124,49,43,MP,All B are C/All A are B,2,All B are C,All A are B,2.3,both,True
68124,50,38,DA,All B are C/No A are B,4,All B are C,No A are B,4.2,both,True
68124,51,65,MT,All B are C/No A are C,1,All B are C,No A are C,2.0,both,True
68124,52,98,AC,All B are C/All A are C,3,All B are C,All A are C,2.45,both,True
68124,53,71,MT,All B are C/No A are C,1,All B are C,No A are C,2.0,both,True
68124,54,10,DA,All B are C/No A are B,4,All B are C,No A are B,4.2,both,True
68124,55,122,AC,All B are C/All A are C,3,All B are C,All A are C,2.45,both,True
68124,56,4,MT,All B are C/No A are C,1,All B are C,No A are C,2.0,both,True
68124,57,19,AC,All B are C/All A are C,3,All B are C,All A are C,2.45,both,True
68124,58,21,AC,All B are C/All A are C,3,All B are C,All A are C,2.45,both,True
68124,59,104,DA,All B are C/No A are B,4,All B are C,No A are B,4.2,both,True
68124,60,96,DA,All B are C/No A are B,4,All B are C,No A are B,4.2,both,True
68124,61,109,MP,All B are C/All A are B,2,All B are C,All A are B,2.3,both,True
68124,62,14,MT,All B are C/No A are C,1,All B are C,No A are C,2.0,both,True
68124,63,108,DA,All B are C/No A are B,4,All B are C,No A are B,4.2,both,True
68124,64,86,MP,All B are C/All A are B,2,All B are C,All A are B,2.3,both,True
68138,1,69,DA,All B are C/No A are B,4,All B are C,No A are B,4.2,both,True
68138,2,3,MT,All B are C/No A are C,1,All B are C,No A are C,2.0,both,True
68138,3,82,DA,All B are C/No A are B,4,All B are C,No A are B,4.2,both,True
68138,4,15,MT,All B are C/No A are C,1,All B are C,No A are C,2.0,both,True
68138,5,72,DA,All B are C/No A are B,4,All B are C,No A are B,4.2,both,True
68138,6,111,MP,All B are C/All A are B,2,All B are C,All A are B,2.3,both,True
68138,7,60,AC,All B are C/All A are C,3,All B are C,All A are C,2.45,both,True
68138,8,22,MP,All B are C/All A are B,2,All B are C,All A are B,2.3,both,True
68138,9,50,MP,All B are C/All A are B,2,All B are C,All A are B,2.3,both,True
68138,10,73,MT,All B are C/No A are C,1,All B are C,No A are C,2.0,both,True
68138,11,106,MT,All B are C/No A are C,1,All B are C,No A are C,2.0,both,True
68138,12,115,MP,All B are C/All A are B,2,All B are C,All A are B,2.3,both,True
68138,13,110,DA,All B are C/No A are B,4,All B are C,No A are B,4.2,both,True
68138,14,13,MP,All B are C/All A are B,2,All B are C,All A are B,2.3,both,True
68138,15,75,DA,All B are C/No A are B,4,All B are C,No A are B,4.2,both,True
68138,16,116,AC,All B are C/All A are C,3,All B are C,All A are C,2.45,both,True
68138,17,79,DA,All B are C/No A are B,4,All B are C,No A are B,4.2,both,True
68138,18,20,AC,All B are C/All A are C,3,All B are C,All A are C,2.45,both,True
68138,19,91,DA,All B are C/No A are B,4,All B are C,No A are B,4.2,both,True
68138,20,63,AC,All B are C/All A are C,3,All B are C,All A are C,2.45,both,True
68138,21,29,MT,All B are C/No A are C,1,All B are C,No A are C,2.0,both,True
68138,22,121,AC,All B are C/All A are C,3,All B are C,All A are C,2.45,both,True
68138,23,64,MP,All B are C/All A are B,2,All B are C,All A are B,2.3,both,True
68138,24,123,DA,All B are C/No A are B,4,All B are C,No A are B,4.2,both,True
68138,25,125,MT,All B are C/No A are C,1,All B are C,No A are C,2.0,both,True
68138,26,124,AC,All B are C/All A are C,3,All B are C,All A are C,2.45,both,True
68138,27,35,MT,All B are C/No A are C,1,All B are C,No A are C,2.0,both,True
68138,28,51,MT,All B are C/No A are C,1,All B are C,No A are C,2.0,both,True
68138,29,102,AC,All B are C/All A are C,3,All B are C,All A are C,2.45,both,True
68138,30,32,MT,All B are C/No A are C,1,All B are C,No A are C,2.0,both,True
68138,31,28,DA,All B are C/No A are B,4,All B are C,No A are B,4.2,both,True
68138,32,68,MT,All B are C/No A are C,1,All B are C,No A are C,2.0,both,True
68138,33,36,DA,All B are C/No A are B,4,All B are C,No A are B,4.2,both,True
68138,34,5,MT,All B are C/No A are C,1,All B are C,No A are C,2.0,both,True
68138,35,101,MP,All B are C/All A are B,2,All B are C,All A are B,2.3,both,True
68138,36,120,MP,All B are C/All A are B,2,All B are C,All A are B,2.3,both,True
68138,37,49,AC,All B are C/All A are C,3,All B are C,All A are C,2.45,both,True
68138,38,7,MP,All B are C/All A are B,2,All B are C,All A are B,2.3,both,True
68138,39,81,MP,All B are C/All A are B,2,All B are C,All A are B,2.3,both,True
68138,40,66,MT,All B are C/No A are C,1,All B are C,No A are C,2.0,both,True
68138,41,112,MP,All B are C/All A are B,2,All B are C,All A are B,2.3,both,True
68138,42,90,MT,All B are C/No A are C,1,All B are C,No A are C,2.0,both,True
68138,43,48,MP,All B are C/All A are B,2,All B are C,All A are B,2.3,both,True
68138,44,99,AC,All B are C/All A are C,3,All B are C,All A are C,2.45,both,True
68138,45,8,AC,All B are C/All A are C,3,All B are C,All A are C,2.45,both,True
68138,46,67,DA,All B are C/No A are B,4,All B are C,No A are B,4.2,both,True
68138,47,6,DA,All B are C/No A are B,4,All B are C,No A are B,4.2,both,True
68138,48,80,AC,All B are C/All A are C,3,All B are C,All A are C,2.45,both,True
68138,49,2,DA,All B are C/No A are B,4,All B are C,No A are B,4.2,both,True
68138,50,17,MP,All B are C/All A are B,2,All B are C,All A are B,2.3,both,True
68138,51,23,AC,All B are C/All A are C,3,All B are C,All A are C,2.45,both,True
68138,52,18,AC,All B are C/All A are C,3,All B are C,All A are C,2.45,both,True
68138,53,26,MP,All B are C/All A are B,2,All B are C,All A are B,2.3,both,True
68138,54,57,AC,All B are C/All A are C,3,All B are C,All A are C,2.45,both,True
68138,55,100,MT,All B are C/No A are C,1,All B are C,No A are C,2.0,both,True
68138,56,31,MP,All B are C/All A are B,2,All B are C,All A are B,2.3,both,True
68138,57,58,DA,All B are C/No A are B,4,All B are C,No A are B,4.2,both,True
68138,58,16,DA,All B are C/No A are B,4,All B are C,No A are B,4.2,both,True
68138,59,114,AC,All B are C/All A are C,3,All B are C,All A are C,2.45,both,True
68138,60,83,MT,All B are C/No A are C,1,All B are C,No A are C,2.0,both,True
68138,61,27,AC,All B are C/All A are C,3,All B are C,All A are C,2.45,both,True
68138,62,76,MT,All B are C/No A are C,1,All B are C,No A are C,2.0,both,True
68138,63,113,MP,All B are C/All A are B,2,All B are C,All A are B,2.3,both,True
68138,64,105,DA,All B are C/No A are B,4,All B are C,No A are B,4.2,both,True
68193,1,32,MT,All B are C/No A are C,1,All B are C,No A are C,2.0,both,True
68193,2,123,DA,All B are C/No A are B,4,All B are C,No A are B,6.65,both,True
68193,3,58,DA,All B are C/No A are B,4,All B are C,No A are B,6.65,both,True
68193,4,80,AC,All B are C/All A are C,3,All B are C,All A are C,2.85,both,True
68193,5,79,DA,All B are C/No A are B,4,All B are C,No A are B,6.65,both,True
68193,6,13,MP,All B are C/All A are B,2,All B are C,All A are B,2.75,both,True
68193,7,31,MP,All B are C/All A are B,2,All B are C,All A are B,2.75,both,True
68193,8,35,MT,All B are C/No A are C,1,All B are C,No A are C,2.0,both,True
68193,9,120,MP,All B are C/All A are B,2,All B are C,All A are B,2.75,both,True
68193,10,76,MT,All B are C/No A are C,1,All B are C,No A are C,2.0,both,True
68193,11,66,MT,All B are C/No A are C,1,All B are C,No A are C,2.0,both,True
68193,12,16,DA,All B are C/No A are B,4,All B are C,No A are B,6.65,both,True
68193,13,125,MT,All B are C/No A are C,1,All B are C,No A are C,2.0,both,True
68193,14,27,AC,All B are C/All A are C,3,All B are C,All A are C,2.85,both,True
68193,15,113,MP,All B are C/All A are B,2,All B are C,All A are B,2.75,both,True
68193,16,64,MP,All B are C/All A are B,2,All B are C,All A are B,2.75,both,True
68193,17,17,MP,All B are C/All A are B,2,All B are C,All A are B,2.75,both,True
68193,18,106,MT,All B are C/No A are C,1,All B are C,No A are C,2.0,both,True
68193,19,121,AC,All B are C/All A are C,3,All B are C,All A are C,2.85,both,True
68193,20,18,AC,All B are C/All A are C,3,All B are C,All A are C,2.85,both,True
68193,21,8,AC,All B are C/All A are C,3,All B are C,All A are C,2.85,both,True
68193,22,72,DA,All B are C/No A are B,4,All B are C,No A are B,6.65,both,True
68193,23,68,MT,All B are C/No A are C,1,All B are C,No A are C,2.0,both,True
68193,24,63,AC,All B are C/All A are C,3,All B are C,All A are C,2.85,both,True
68193,25,81,MP,All B are C/All A are B,2,All B are C,All A are B,2.75,both,True
68193,26,73,MT,All B are C/No A are C,1,All B are C,No A are C,2.0,both,True
68193,27,57,AC,All B are C/All A are C,3,All B are C,All A are C,2.85,both,True
68193,28,20,AC,All B are C/All A are C,3,All B are C,All A are C,2.85,both,True
68193,29,69,DA,All B are C/No A are B,4,All B are C,No A are B,6.65,both,True
68193,30,91,DA,All B are C/No A are B,4,All B are C,No A are B,6.65,both,True
68193,31,5,MT,All B are C/No A are C,1,All B are C,No A are C,2.0,both,True
68193,32,23,AC,All B are C/All A are C,3,All B are C,All A are C,2.85,both,True
68193,33,101,MP,All B are C/All A are B,2,All B are C,All A are B,2.75,both,True
68193,34,111,MP,All B are C/All A are B,2,All B are C,All A are B,2.75,both,True
68193,35,99,AC,All B are C/All A are C,3,All B are C,All A are C,2.85,both,True
68193,36,115,MP,All B are C/All A are B,2,All B are C,All A are B,2.75,both,True
68193,37,116,AC,All B are C/All A are C,3,All B are C,All A are C,2.85,both,True
68193,38,6,DA,All B are C/No A are B,4,All B are C,No A are B,6.65,both,True
68193,39,90,MT,All B are C/No A are C,1,All B are C,No A are C,2.0,both,True
68193,40,49,AC,All B are C/All A are C,3,All B are C,All A are C,2.85,both,True
68193,41,28,DA,All B are C/No A are B,4,All B are C,No A are B,6.65,both,True
68193,42,22,MP,All B are C/All A are B,2,All B are C,All A are B,2.75,both,True
68193,43,114,AC,All B are C/All A are C,3,All B are C,All A are C,2.85,both,True
68193,44,60,AC,All B are C/All A are C,3,All B are C,All A are C,2.85,both,True
68193,45,83,MT,All B are C/No A are C,1,All B are C,No A are C,2.0,both,True
68193,46,67,DA,All B are C/No A are B,4,All B are C,No A are B,6.65,both,True
68193,47,15,MT,All B are C/No A are C,1,All B are C,No A are C,2.0,both,True
68193,48,48,MP,All B are C/All A are B,2,All B are C,All A are B,2.75,both,True
68193,49,36,DA,All B are C/No A are B,4,All B are C,No A are B,6.65,both,True
68193,50,124,AC,All B are C/All A are C,3,All B are C,All A are C,2.85,both,True
68193,51,7,MP,All B are C/All A are B,2,All B are C,All A are B,2.75,both,True
68193,52,2,DA,All B are C/No A are B,4,All B are C,No A are B,6.65,both,True
68193,53,100,MT,All B are C/No A are C,1,All B are C,No A are C,2.0,both,True
68193,54,75,DA,All B are C/No A are B,4,All B are C,No A are B,6.65,both,True
68193,55,102,AC,All B are C/All A are C,3,All B are C,All A are C,2.85,both,True
68193,56,26,MP,All B are C/All A are B,2,All B are C,All A are B,2.75,both,True
68193,57,110,DA,All B are C/No A are B,4,All B are C,No A are B,6.65,both,True
68193,58,50,MP,All B are C/All A are B,2,All B are C,All A are B,2.75,both,True
68193,59,3,MT,All B are C/No A are C,1,All B are C,No A are C,2.0,both,True
68193,60,105,DA,All B are C/No A are B,4,All B are C,No A are B,6.65,both,True
68193,61,29,MT,All B are C/No A are C,1,All B are C,No A are C,2.0,both,True
68193,62,82,DA,All B are C/No A are B,4,All B are C,No A are B,6.65,both,True
68193,63,112,MP,All B are C/All A are B,2,All B are C,All A are B,2.75,both,True
68193,64,51,MT,All B are C/No A are C,1,All B are C,No A are C,2.0,both,True
68200,1,12,MP,All B are C/All A are B,2,All B are C,All A are B,2.3,both,True
68200,2,103,AC,All B are C/All A are C,3,All B are C,All A are C,2.45,both,True
68200,3,96,DA,All B are C/No A are B,4,All B are C,No A are B,4.2,both,True
68200,4,43,MP,All B are C/All A are B,2,All B are C,All A are B,2.3,both,True
68200,5,14,MT,All B are C/No A are C,1,All B are C,No A are C,2.0,both,True
68200,6,40,MP,All B are C/All A are B,2,All B are C,All A are B,2.3,both,True
68200,7,11,MP,All B are C/All A are B,2,All B are C,All A are B,2.3,both,True
68200,8,107,MT,All B are C/No A are C,1,All B are C,No A are C,2.0,both,True
68200,9,127,DA,All B are C/No A are B,4,All B are C,No A are B,4.2,both,True
68200,10,87,DA,All B are C/No A are B,4,All B are C,No A are B,4.2,both,True
68200,11,19,AC,All B are C/All A are C,3,All B are C,All A are C,2.45,both,True
68200,12,39,MP,All B are C/All A are B,2,All B are C,All A are B,2.3,both,True
68200,13,89,DA,All B are C/No A are B,4,All B are C,No A are B,4.2,both,True
68200,14,117,AC,All B are C/All A are C,3,All B are C,All A are C,2.45,both,True
68200,15,33,MT,All B are C/No A are C,1,All B are C,No A are C,2.0,both,True
68200,16,65,MT,All B are C/No A are C,1,All B are C,No A are C,2.0,both,True
68200,17,109,MP,All B are C/All A are B,2,All B are C,All A are B,2.3,both,True
68200,18,9,AC,All B are C/All A are C,3,All B are C,All A are C,2.45,both,True
68200,19,119,AC,All B are C/All A are C,3,All B are C,All A are C,2.45,both,True
68200,20,21,AC,All B are C/All A are C,3,All B are C,All A are C,2.45,both,True
68200,21,38,DA,All B are C/No A are B,4,All B are C,No A are B,4.2,both,True
68200,22,37,MT,All B are C/No A are C,1,All B are C,No A are C,2.0,both,True
68200,23,41,MP,All B are C/All A are B,2,All B are C,All A are B,2.3,both,True
68200,24,92,MT,All B are C/No A are C,1,All B are C,No A are C,2.0,both,True
68200,25,78,AC,All B are C/All A are C,3,All B are C,All A are C,2.45,both,True
68200,26,93,DA,All B are C/No A are B,4,All B are C,No A are B,4.2,both,True
68200,27,85,MP,All B are C/All A are B,2,All B are C,All A are B,2.3,both,True
68200,28,94,MP,All B are C/All A are B,2,All B are C,All A are B,2.3,both,True
68200,29,25,AC,All B are C/All A are C,3,All B are C,All A are C,2.45,both,True
68200,30,47,AC,All B are C/All A are C,3,All B are C,All A are C,2.45,both,True
68200,31,59,AC,All B are C/All A are C,3,All B are C,All A are C,2.45,both,True
68200,32,30,MT,All B are C/No A are C,1,All B are C,No A are C,2.0,both,True
68200,33,62,AC,All B are C/All A are C,3,All B are C,All A are C,2.45,both,True
68200,34,122,AC,All B are C/All A are C,3,All B are C,All A are C,2.45,both,True
68200,35,1,MT,All B are C/No A are C,1,All B are C,No A are C,2.0,both,True
68200,36,88,DA,All B are C/No A are B,4,All B are C,No A are B,4.2,both,True
68200,37,44,DA,All B are C/No A are B,4,All B are C,No A are B,4.2,both,True
68200,38,4,MT,All B are C/No A are C,1,All B are C,No A are C,2.0,both,True
68200,39,61,AC,All B are C/All A are C,3,All B are C,All A are C,2.45,both,True
68200,40,24,AC,All B are C/All A are C,3,All B are C,All A are C,2.45,both,True
68200,41,46,MT,All B are C/No A are C,1,All B are C,No A are C,2.0,both,True
68200,42,104,DA,All B are C/No A are B,4,All B are C,No A are B,4.2,both,True
68200,43,52,MP,All B are C/All A are B,2,All B are C,All A are B,2.3,both,True
68200,44,97,MT,All B are C/No A are C,1,All B are C,No A are C,2.0,both,True
68200,45,74,DA,All B are C/No A are B,4,All B are C,No A are B,4.2,both,True
68200,46,98,AC,All B are C/All A are C,3,All B are C,All A are C,2.45,both,True
68200,47,77,MT,All B are C/No A are C,1,All B are C,No A are C,2.0,both,True
68200,48,53,DA,All B are C/No A are B,4,All B are C,No A are B,4.2,both,True
68200,49,108,DA,All B are C/No A are B,4,All B are C,No A are B,4.2,both,True
68200,50,34,MP,All B are C/All A are B,2,All B are C,All A are B,2.3,both,True
68200,51,118,AC,All B are C/All A are C,3,All B are C,All A are C,2.45,both,True
68200,52,95,MP,All B are C/All A are B,2,All B are C,All A are B,2.3,both,True
68200,53,128,DA,All B are C/No A are B,4,All B are C,No A are B,4.2,both,True
68200,54,84,MT,All B are C/No A are C,1,All B are C,No A are C,2.0,both,True
68200,55,126,MT,All B are C/No A are C,1,All B are C,No A are C,2.0,both,True
68200,56,71,MT,All B are C/No A are C,1,All B are C,No A are C,2.0,both,True
68200,57,70,MT,All B are C/No A are C,1,All B are C,No A are C,2.0,both,True
68200,58,54,DA,All B are C/No A are B,4,All B are C,No A are B,4.2,both,True
68200,59,42,MP,All B are C/All A are B,2,All B are C,All A are B,2.3,both,True
68200,60,55,MP,All B are C/All A are B,2,All B are C,All A are B,2.3,both,True
68200,61,56,MP,All B are C/All A are B,2,All B are C,All A are B,2.3,both,True
68200,62,86,MP,All B are C/All A are B,2,All B are C,All A are B,2.3,both,True
68200,63,10,DA,All B are C/No A are B,4,All B are C,No A are B,4.2,both,True
68200,64,45,DA,All B are C/No A are B,4,All B are C,No A are B,4.2,both,True
68255,1,4,MT,All B are C/No A are C,1,All B are C,No A are C,2.0,both,True
68255,2,127,DA,All B are C/No A are B,4,All B are C,No A are B,2.75,both,True
68255,3,44,DA,All B are C/No A are B,4,All B are C,No A are B,2.75,both,True
68255,4,98,AC,All B are C/All A are C,3,All B are C,All A are C,2.1,both,True
68255,5,65,MT,All B are C/No A are C,1,All B are C,No A are C,2.0,both,True
68255,6,11,MP,All B are C/All A are B,2,All B are C,All A are B,2.0,both,True
68255,7,107,MT,All B are C/No A are C,1,All B are C,No A are C,2.0,both,True
68255,8,122,AC,All B are C/All A are C,3,All B are C,All A are C,2.1,both,True
68255,9,38,DA,All B are C/No A are B,4,All B are C,No A are B,2.75,both,True
68255,10,25,AC,All B are C/All A are C,3,All B are C,All A are C,2.1,both,True
68255,11,117,AC,All B are C/All A are C,3,All B are C,All A are C,2.1,both,True
68255,12,43,MP,All B are C/All A are B,2,All B are C,All A are B,2.0,both,True
68255,13,88,DA,All B are C/No A are B,4,All B are C,No A are B,2.75,both,True
68255,14,126,MT,All B are C/No A are C,1,All B are C,No A are C,2.0,both,True
68255,15,109,MP,All B are C/All A are B,2,All B are C,All A are B,2.0,both,True
68255,16,39,MP,All B are C/All A are B,2,All B are C,All A are B,2.0,both,True
68255,17,42,MP,All B are C/All A are B,2,All B are C,All A are B,2.0,both,True
68255,18,52,MP,All B are C/All A are B,2,All B are C,All A are B,2.0,both,True
68255,19,34,MP,All B are C/All A are B,2,All B are C,All A are B,2.0,both,True
68255,20,37,MT,All B are C/No A are C,1,All B are C,No A are C,2.0,both,True
68255,21,46,MT,All B are C/No A are C,1,All B are C,No A are C,2.0,both,True
68255,22,45,DA,All B are C/No A are B,4,All B are C,No A are B,2.75,both,True
68255,23,61,AC,All B are C/All A are C,3,All B are C,All A are C,2.1,both,True
68255,24,96,DA,All B are C/No A are B,4,All B are C,No A are B,2.75,both,True
68255,25,128,DA,All B are C/No A are B,4,All B are C,No A are B,2.75,both,True
68255,26,41,MP,All B are C/All A are B,2,All B are C,All A are B,2.0,both,True
68255,27,108,DA,All B are C/No A are B,4,All B are C,No A are B,2.75,both,True
68255,28,85,MP,All B are C/All A are B,2,All B are C,All A are B,2.0,both,True
68255,29,9,AC,All B are C/All A are C,3,All B are C,All A are C,2.1,both,True
68255,30,56,MP,All B are C/All A are B,2,All B are C,All A are B,2.0,both,True
68255,31,71,MT,All B are C/No A are C,1,All B are C,No A are C,2.0,both,True
68255,32,87,DA,All B are C/No A are B,4,All B are C,No A are B,2.75,both,True
68255,33,93,DA,All B are C/No A are B,4,All B are C,No A are B,2.75,both,True
68255,34,104,DA,All B are C/No A are B,4,All B are C,No A are B,2.75,both,True
68255,35,24,AC,All B are C/All A are C,3,All B are C,All A are C,2.1,both,True
68255,36,12,MP,All B are C/All A are B,2,All B are C,All A are B,2.0,both,True
68255,37,40,MP,All B are C/All A are B,2,All B are C,All A are B,2.0,both,True
68255,38,92,MT,All B are C/No A are C,1,All B are C,No A are C,2.0,both,True
68255,39,118,AC,All B are C/All A are C,3,All B are C,All A are C,2.1,both,True
68255,40,47,AC,All B are C/All A are C,3,All B are C,All A are C,2.1,both,True
68255,41,54,DA,All B are C/No A are B,4,All B are C,No A are B,2.75,both,True
68255,42,86,MP,All B are C/All A are B,2,All B are C,All A are B,2.0,both,True
68255,43,62,AC,All B are C/All A are C,3,All B are C,All A are C,2.1,both,True
68255,44,59,AC,All B are C/All A are C,3,All B are C,All A are C,2.1,both,True
68255,45,53,DA,All B are C/No A are B,4,All B are C,No A are B,2.75,both,True
68255,46,77,MT,All B are C/No A are C,1,All B are C,No A are C,2.0,both,True
68255,47,95,MP,All B are C/All A are B,2,All B are C,All A are B,2.0,both,True
68255,48,89,DA,All B are C/No A are B,4,All B are C,No A are B,2.75,both,True
68255,49,94,MP,All B are C/All A are B,2,All B are C,All A are B,2.0,both,True
68255,50,14,MT,All B are C/No A are C,1,All B are C,No A are C,2.0,both,True
68255,51,70,MT,All B are C/No A are C,1,All B are C,No A are C,2.0,both,True
68255,52,55,MP,All B are C/All A are B,2,All B are C,All A are B,2.0,both,True
68255,53,103,AC,All B are C/All A are C,3,All B are C,All A are C,2.1,both,True
68255,54,10,DA,All B are C/No A are B,4,All B are C,No A are B,2.75,both,True
68255,55,1,MT,All B are C/No A are C,1,All B are C,No A are C,2.0,both,True
68255,56,19,AC,All B are C/All A are C,3,All B are C,All A are C,2.1,both,True
68255,57,119,AC,All B are C/All A are C,3,All B are C,All A are C,2.1,both,True
68255,58,97,MT,All B are C/No A are C,1,All B are C,No A are C,2.0,both,True
68255,59,74,DA,All B are C/No A are B,4,All B are C,No A are B,2.75,both,True
68255,60,30,MT,All B are C/No A are C,1,All B are C,No A are C,2.0,both,True
68255,61,33,MT,All B are C/No A are C,1,All B are C,No A are C,2.0,both,True
68255,62,78,AC,All B are C/All A are C,3,All B are C,All A are C,2.1,both,True
68255,63,21,AC,All B are C/All A are C,3,All B are C,All A are C,2.1,both,True
68255,64,84,MT,All B are C/No A are C,1,All B are C,No A are C,2.0,both,True
68293,1,114,AC,All B are C/All A are C,3,All B are C,All A are C,2.5,both,True
68293,2,16,DA,All B are C/No A are B,4,All B are C,No A are B,4.7,both,True
68293,3,18,AC,All B are C/All A are C,3,All B are C,All A are C,2.5,both,True
68293,4,68,MT,All B are C/No A are C,1,All B are C,No A are C,2.0,both,True
68293,5,91,DA,All B are C/No A are B,4,All B are C,No A are B,4.7,both,True
68293,6,112,MP,All B are C/All A are B,2,All B are C,All A are B,2.35,both,True
68293,7,36,DA,All B are C/No A are B,4,All B are C,No A are B,4.7,both,True
68293,8,66,MT,All B are C/No A are C,1,All B are C,No A are C,2.0,both,True
68293,9,81,MP,All B are C/All A are B,2,All B are C,All A are B,2.35,both,True
68293,10,111,MP,All B are C/All A are B,2,All B are C,All A are B,2.35,both,True
68293,11,69,DA,All B are C/No A are B,4,All B are C,No A are B,4.7,both,True
68293,12,26,MP,All B are C/All A are B,2,All B are C,All A are B,2.35,both,True
68293,13,28,DA,All B are C/No A are B,4,All B are C,No A are B,4.7,both,True
68293,14,106,MT,All B are C/No A are C,1,All B are C,No A are C,2.0,both,True
68293,15,32,MT,All B are C/No A are C,1,All B are C,No A are C,2.0,both,True
68293,16,48,MP,All B are C/All A are B,2,All B are C,All A are B,2.35,both,True
68293,17,110,DA,All B are C/No A are B,4,All B are C,No A are B,4.7,both,True
68293,18,79,DA,All B are C/No A are B,4,All B are C,No A are B,4.7,both,True
68293,19,76,MT,All B are C/No A are C,1,All B are C,No A are C,2.0,both,True
68293,20,50,MP,All B are C/All A are B,2,All B are C,All A are B,2.35,both,True
68293,21,99,AC,All B are C/All A are C,3,All B are C,All A are C,2.5,both,True
68293,22,120,MP,All B are C/All A are B,2,All B are C,All A are B,2.35,both,True
68293,23,3,MT,All B are C/No A are C,1,All B are C,No A are C,2.0,both,True
68293,24,123,DA,All B are C/No A are B,4,All B are C,No A are B,4.7,both,True
68293,25,15,MT,All B are C/No A are C,1,All B are C,No A are C,2.0,both,True
68293,26,90,MT,All B are C/No A are C,1,All B are C,No A are C,2.0,both,True
68293,27,17,MP,All B are C/All A are B,2,All B are C,All A are B,2.35,both,True
68293,28,125,MT,All B are C/No A are C,1,All B are C,No A are C,2.0,both,True
68293,29,5,MT,All B are C/No A are C,1,All B are C,No A are C,2.0,both,True
68293,30,113,MP,All B are C/All A are B,2,All B are C,All A are B,2.35,both,True
68293,31,22,MP,All B are C/All A are B,2,All B are C,All A are B,2.35,both,True
68293,32,27,AC,All B are C/All A are C,3,All B are C,All A are C,2.5,both,True
68293,33,23,AC,All B are C/All A are C,3,All B are C,All A are C,2.5,both,True
68293,34,72,DA,All B are C/No A are B,4,All B are C,No A are B,4.7,both,True
68293,35,83,MT,All B are C/No A are C,1,All B are C,No A are C,2.0,both,True
68293,36,8,AC,All B are C/All A are C,3,All B are C,All A are C,2.5,both,True
68293,37,6,DA,All B are C/No A are B,4,All B are C,No A are B,4.7,both,True
68293,38,116,AC,All B are C/All A are C,3,All B are C,All A are C,2.5,both,True
68293,39,102,AC,All B are C/All A are C,3,All B are C,All A are C,2.5,both,True
68293,40,101,MP,All B are C/All A are B,2,All B are C,All A are B,2.35,both,True
68293,41,31,MP,All B are C/All A are B,2,All B are C,All A are B,2.35,both,True
68293,42,57,AC,All B are C/All A are C,3,All B are C,All A are C,2.5,both,True
68293,43,20,AC,All B are C/All A are C,3,All B are C,All A are C,2.5,both,True
68293,44,29,MT,All B are C/No A are C,1,All B are C,No A are C,2.0,both,True
68293,45,67,DA,All B are C/No A are B,4,All B are C,No A are B,4.7,both,True
68293,46,64,MP,All B are C/All A are B,2,All B are C,All A are B,2.35,both,True
68293,47,60,AC,All B are C/All A are C,3,All B are C,All A are C,2.5,both,True
68293,48,124,AC,All B are C/All A are C,3,All B are C,All A are C,2.5,both,True
68293,49,49,AC,All B are C/All A are C,3,All B are C,All A are C,2.5,both,True
68293,50,58,DA,All B are C/No A are B,4,All B are C,No A are B,4.7,both,True
68293,51,80,AC,All B are C/All A are C,3,All B are C,All A are C,2.5,both,True
68293,52,115,MP,All B are C/All A are B,2,All B are C,All A are B,2.35,both,True
68293,53,7,MP,All B are C/All A are B,2,All B are C,All A are B,2.35,both,True
68293,54,63,AC,All B are C/All A are C,3,All B are C,All A are C,2.5,both,True
68293,55,51,MT,All B are C/No A are C,1,All B are C,No A are C,2.0,both,True
68293,56,75,DA,All B are C/No A are B,4,All B are C,No A are B,4.7,both,True
68293,57,13,MP,All B are C/All A are B,2,All B are C,All A are B,2.35,both,True
68293,58,35,MT,All B are C/No A are C,1,All B are C,No A are C,2.0,both,True
68293,59,73,MT,All B are C/No A are C,1,All B are C,No A are C,2.0,both,True
68293,60,121,AC,All B are C/All A are C,3,All B are C,All A are C,2.5,both,True
68293,61,100,MT,All B are C/No A are C,1,All B are C,No A are C,2.0,both,True
68293,62,82,DA,All B are C/No A are B,4,All B are C,No A are B,4.7,both,True
68293,63,105,DA,All B are C/No A are B,4,All B are C,No A are B,4.7,both,True
68293,64,2,DA,All B are C/No A are B,4,All B are C,No A are B,4.7,both,True
68411,1,54,DA,All B are C/No A are B,4,All B are C,No A are B,6.65,both,True
68411,2,43,MP,All B are C/All A are B,2,All B are C,All A are B,2.75,both,True
68411,3,19,AC,All B are C/All A are C,3,All B are C,All A are C,2.85,both,True
68411,4,61,AC,All B are C/All A are C,3,All B are C,All A are C,2.85,both,True
68411,5,21,AC,All B are C/All A are C,3,All B are C,All A are C,2.85,both,True
68411,6,74,DA,All B are C/No A are B,4,All B are C,No A are B,6.65,both,True
68411,7,1,MT,All B are C/No A are C,1,All B are C,No A are C,2.0,both,True
68411,8,52,MP,All B are C/All A are B,2,All B are C,All A are B,2.75,both,True
68411,9,59,AC,All B are C/All A are C,3,All B are C,All A are C,2.85,both,True
68411,10,84,MT,All B are C/No A are C,1,All B are C,No A are C,2.0,both,True
68411,11,88,DA,All B are C/No A are B,4,All B are C,No A are B,6.65,both,True
68411,12,44,DA,All B are C/No A are B,4,All B are C,No A are B,6.65,both,True
68411,13,108,DA,All B are C/No A are B,4,All B are C,No A are B,6.65,both,True
68411,14,9,AC,All B are C/All A are C,3,All B are C,All A are C,2.85,both,True
68411,15,42,MP,All B are C/All A are B,2,All B are C,All A are B,2.75,both,True
68411,16,70,MT,All B are C/No A are C,1,All B are C,No A are C,2.0,both,True
68411,17,34,MP,All B are C/All A are B,2,All B are C,All A are B,2.75,both,True
68411,18,62,AC,All B are C/All A are C,3,All B are C,All A are C,2.85,both,True
68411,19,47,AC,All B are C/All A are C,3,All B are C,All A are C,2.85,both,True
68411,20,119,AC,All B are C/All A are C,3,All B are C,All A are C,2.85,both,True
68411,21,86,MP,All B are C/All A are B,2,All B are C,All A are B,2.75,both,True
68411,22,77,MT,All B are C/No A are C,1,All B are C,No A are C,2.0,both,True
68411,23,96,DA,All B are C/No A are B,4,All B are C,No A are B,6.65,both,True
68411,24,118,AC,All B are C/All A are C,3,All B are C,All A are C,2.85,both,True
68411,25,109,MP,All B are C/All A are B,2,All B are C,All A are B,2.75,both,True
68411,26,14,MT,All B are C/No A are C,1,All B are C,No A are C,2.0,both,True
68411,27,4,MT,All B are C/No A are C,1,All B are C,No A are C,2.0,both,True
68411,28,127,DA,All B are C/No A are B,4,All B are C,No A are B,6.65,both,True
68411,29,92,MT,All B are C/No A are C,1,All B are C,No A are C,2.0,both,True
68411,30,126,MT,All B are C/No A are C,1,All B are C,No A are C,2.0,both,True
68411,31,97,MT,All B are C/No A are C,1,All B are C,No A are C,2.0,both,True
68411,32,10,DA,All B are C/No A are B,4,All B are C,No A are B,6.65,both,True
68411,33,71,MT,All B are C/No A are C,1,All B are C,No A are C,2.0,both,True
68411,34,25,AC,All B are C/All A are C,3,All B are C,All A are C,2.85,both,True
68411,35,41,MP,All B are C/All A are B,2,All B are C,All A are B,2.75,both,True
68411,36,117,AC,All B are C/All A are C,3,All B are C,All A are C,2.85,both,True
68411,37,95,MP,All B are C/All A are B,2,All B are C,All A are B,2.75,both,True
68411,38,122,AC,All B are C/All A are C,3,All B are C,All A are C,2.85,both,True
68411,39,98,AC,All B are C/All A are C,3,All B are C,All A are C,2.85,both,True
68411,40,103,AC,All B are C/All A are C,3,All B are C,All A are C,2.85,both,True
68411,41,40,MP,All B are C/All A are B,2,All B are C,All A are B,2.75,both,True
68411,42,24,AC,All B are C/All A are C,3,All B are C,All A are C,2.85,both,True
68411,43,45,DA,All B are C/No A are B,4,All B are C,No A are B,6.65,both,True
68411,44,39,MP,All B are C/All A are B,2,All B are C,All A are B,2.75,both,True
68411,45,128,DA,All B are C/No A are B,4,All B are C,No A are B,6.65,both,True
68411,46,104,DA,All B are C/No A are B,4,All B are C,No A are B,6.65,both,True
68411,47,55,MP,All B are C/All A are B,2,All B are C,All A are B,2.75,both,True
68411,48,56,MP,All B are C/All A are B,2,All B are C,All A are B,2.75,both,True
68411,49,89,DA,All B are C/No A are B,4,All B are C,No A are B,6.65,both,True
68411,50,38,DA,All B are C/No A are B,4,All B are C,No A are B,6.65,both,True
68411,51,53,DA,All B are C/No A are B,4,All B are C,No A are B,6.65,both,True
68411,52,94,MP,All B are C/All A are B,2,All B are C,All A are B,2.75,both,True
68411,53,107,MT,All B are C/No A are C,1,All B are C,No A are C,2.0,both,True
68411,54,37,MT,All B are C/No A are C,1,All B are C,No A are C,2.0,both,True
68411,55,93,DA,All B are C/No A are B,4,All B are C,No A are B,6.65,both,True
68411,56,85,MP,All B are C/All A are B,2,All B are C,All A are B,2.75,both,True
68411,57,87,DA,All B are C/No A are B,4,All B are C,No A are B,6.65,both,True
68411,58,65,MT,All B are C/No A are C,1,All B are C,No A are C,2.0,both,True
68411,59,33,MT,All B are C/No A are C,1,All B are C,No A are C,2.0,both,True
68411,60,11,MP,All B are C/All A are B,2,All B are C,All A are B,2.75,both,True
68411,61,30,MT,All B are C/No A are C,1,All B are C,No A are C,2.0,both,True
68411,62,12,MP,All B are C/All A are B,2,All B are C,All A are B,2.75,both,True
68411,63,78,AC,All B are C/All A are C,3,All B are C,All A are C,2.85,both,True
68411,64,46,MT,All B are C/No A are C,1,All B are C,No A are C,2.0,both,True
68426,1,29,MT,All B are C/No A are C,1,All B are C,No A are C,2.0,both,True
68426,2,79,DA,All B are C/No A are B,4,All B are C,No A are B,4.7,both,True
68426,3,111,MP,All B are C/All A are B,2,All B are C,All A are B,2.35,both,True
68426,4,125,MT,All B are C/No A are C,1,All B are C,No A are C,2.0,both,True
68426,5,113,MP,All B are C/All A are B,2,All B are C,All A are B,2.35,both,True
68426,6,72,DA,All B are C/No A are B,4,All B are C,No A are B,4.7,both,True
68426,7,81,MP,All B are C/All A are B,2,All B are C,All A are B,2.35,both,True
68426,8,31,MP,All B are C/All A are B,2,All B are C,All A are B,2.35,both,True
68426,9,68,MT,All B are C/No A are C,1,All B are C,No A are C,2.0,both,True
68426,10,28,DA,All B are C/No A are B,4,All B are C,No A are B,4.7,both,True
68426,11,105,DA,All B are C/No A are B,4,All B are C,No A are B,4.7,both,True
68426,12,57,AC,All B are C/All A are C,3,All B are C,All A are C,2.5,both,True
68426,13,116,AC,All B are C/All A are C,3,All B are C,All A are C,2.5,both,True
68426,14,112,MP,All B are C/All A are B,2,All B are C,All A are B,2.35,both,True
68426,15,32,MT,All B are C/No A are C,1,All B are C,No A are C,2.0,both,True
68426,16,102,AC,All B are C/All A are C,3,All B are C,All A are C,2.5,both,True
68426,17,120,MP,All B are C/All A are B,2,All B are C,All A are B,2.35,both,True
68426,18,106,MT,All B are C/No A are C,1,All B are C,No A are C,2.0,both,True
68426,19,99,AC,All B are C/All A are C,3,All B are C,All A are C,2.5,both,True
68426,20,82,DA,All B are C/No A are B,4,All B are C,No A are B,4.7,both,True
68426,21,48,MP,All B are C/All A are B,2,All B are C,All A are B,2.35,both,True
68426,22,35,MT,All B are C/No A are C,1,All B are C,No A are C,2.0,both,True
68426,23,76,MT,All B are C/No A are C,1,All B are C,No A are C,2.0,both,True
68426,24,110,DA,All B are C/No A are B,4,All B are C,No A are B,4.7,both,True
68426,25,75,DA,All B are C/No A are B,4,All B are C,No A are B,4.7,both,True
68426,26,60,AC,All B are C/All A are C,3,All B are C,All A are C,2.5,both,True
68426,27,26,MP,All B are C/All A are B,2,All B are C,All A are B,2.35,both,True
68426,28,13,MP,All B are C/All A are B,2,All B are C,All A are B,2.35,both,True
68426,29,50,MP,All B are C/All A are B,2,All B are C,All A are B,2.35,both,True
68426,30,63,AC,All B are C/All A are C,3,All B are C,All A are C,2.5,both,True
68426,31,16,DA,All B are C/No A are B,4,All B are C,No A are B,4.7,both,True
68426,32,8,AC,All B are C/All A are C,3,All B are C,All A are C,2.5,both,True
68426,33,100,MT,All B are C/No A are C,1,All B are C,No A are C,2.0,both,True
68426,34,20,AC,All B are C/All A are C,3,All B are C,All A are C,2.5,both,True
68426,35,90,MT,All B are C/No A are C,1,All B are C,No A are C,2.0,both,True
68426,36,6,DA,All B are C/No A are B,4,All B are C,No A are B,4.7,both,True
68426,37,27,AC,All B are C/All A are C,3,All B are C,All A are C,2.5,both,True
68426,38,114,AC,All B are C/All A are C,3,All B are C,All A are C,2.5,both,True
68426,39,67,DA,All B are C/No A are B,4,All B are C,No A are B,4.7,both,True
68426,40,3,MT,All B are C/No A are C,1,All B are C,No A are C,2.0,both,True
68426,41,124,AC,All B are C/All A are C,3,All B are C,All A are C,2.5,both,True
68426,42,73,MT,All B are C/No A are C,1,All B are C,No A are C,2.0,both,True
68426,43,83,MT,All B are C/No A are C,1,All B are C,No A are C,2.0,both,True
68426,44,58,DA,All B are C/No A are B,4,All B are C,No A are B,4.7,both,True
68426,45,15,MT,All B are C/No A are C,1,All B are C,No A are C,2.0,both,True
68426,46,115,MP,All B are C/All A are B,2,All B are C,All A are B,2.35,both,True
68426,47,66,MT,All B are C/No A are C,1,All B are C,No A are C,2.0,both,True
68426,48,123,DA,All B are C/No A are B,4,All B are C,No A are B,4.7,both,True
68426,49,49,AC,All B are C/All A are C,3,All B are C,All A are C,2.5,both,True
68426,50,101,MP,All B are C/All A are B,2,All B are C,All A are B,2.35,both,True
68426,51,2,DA,All B are C/No A are B,4,All B are C,No A are B,4.7,both,True
68426,52,91,DA,All B are C/No A are B,4,All B are C,No A are B,4.7,both,True
68426,53,5,MT,All B are C/No A are C,1,All B are C,No A are C,2.0,both,True
68426,54,51,MT,All B are C/No A are C,1,All B are C,No A are C,2.0,both,True
68426,55,36,DA,All B are C/No A are B,4,All B are C,No A are B,4.7,both,True
68426,56,22,MP,All B are C/All A are B,2,All B are C,All A are B,2.35,both,True
68426,57,17,MP,All B are C/All A are B,2,All B are C,All A are B,2.35,both,True
68426,58,18,AC,All B are C/All A are C,3,All B are C,All A are C,2.5,both,True
68426,59,7,MP,All B are C/All A are B,2,All B are C,All A are B,2.35,both,True
68426,60,121,AC,All B are C/All A are C,3,All B are C,All A are C,2.5,both,True
68426,61,64,MP,All B are C/All A are B,2,All B are C,All A are B,2.35,both,True
68426,62,69,DA,All B are C/No A are B,4,All B are C,No A are B,4.7,both,True
68426,63,23,AC,All B are C/All A are C,3,All B are C,All A are C,2.5,both,True
68426,64,80,AC,All B are C/All A are C,3,All B are C,All A are C,2.5,both,True
68542,1,4,MT,All B are C/No A are C,1,All B are C,No A are C,2.0,both,True
68542,2,87,DA,All B are C/No A are B,4,All B are C,No A are B,6.65,both,True
68542,3,46,MT,All B are C/No A are C,1,All B are C,No A are C,2.0,both,True
68542,4,34,MP,All B are C/All A are B,2,All B are C,All A are B,2.75,both,True
68542,5,33,MT,All B are C/No A are C,1,All B are C,No A are C,2.0,both,True
68542,6,93,DA,All B are C/No A are B,4,All B are C,No A are B,6.65,both,True
68542,7,12,MP,All B are C/All A are B,2,All B are C,All A are B,2.75,both,True
68542,8,42,MP,All B are C/All A are B,2,All B are C,All A are B,2.75,both,True
68542,9,119,AC,All B are C/All A are C,3,All B are C,All A are C,2.85,both,True
68542,10,97,MT,All B are C/No A are C,1,All B are C,No A are C,2.0,both,True
68542,11,37,MT,All B are C/No A are C,1,All B are C,No A are C,2.0,both,True
68542,12,52,MP,All B are C/All A are B,2,All B are C,All A are B,2.75,both,True
68542,13,78,AC,All B are C/All A are C,3,All B are C,All A are C,2.85,both,True
68542,14,104,DA,All B are C/No A are B,4,All B are C,No A are B,6.65,both,True
68542,15,127,DA,All B are C/No A are B,4,All B are C,No A are B,6.65,both,True
68542,16,59,AC,All B are C/All A are C,3,All B are C,All A are C,2.85,both,True
68542,17,55,MP,All B are C/All A are B,2,All B are C,All A are B,2.75,both,True
68542,18,70,MT,All B are C/No A are C,1,All B are C,No A are C,2.0,both,True
68542,19,103,AC,All B are C/All A are C,3,All B are C,All A are C,2.85,both,True
68542,20,86,MP,All B are C/All A are B,2,All B are C,All A are B,2.75,both,True
68542,21,62,AC,All B are C/All A are C,3,All B are C,All A are C,2.85,both,True
68542,22,88,DA,All B are C/No A are B,4,All B are C,No A are B,6.65,both,True
68542,23,118,AC,All B are C/All A are C,3,All B are C,All A are C,2.85,both,True
68542,24,77,MT,All B are C/No A are C,1,All B are C,No A are C,2.0,both,True
68542,25,41,MP,All B are C/All A are B,2,All B are C,All A are B,2.75,both,True
68542,26,85,MP,All B are C/All A are B,2,All B are C,All A are B,2.75,both,True
68542,27,25,AC,All B are C/All A are C,3,All B are C,All A are C,2.85,both,True
68542,28,1,MT,All B are C/No A are C,1,All B are C,No A are C,2.0,both,True
68542,29,65,MT,All B are C/No A are C,1,All B are C,No A are C,2.0,both,True
68542,30,117,AC,All B are C/All A are C,3,All B are C,All A are C,2.85,both,True
68542,31,14,MT,All B are C/No A are C,1,All B are C,No A are C,2.0,both,True
68542,32,39,MP,All B are C/All A are B,2,All B are C,All A are B,2.75,both,True
68542,33,107,MT,All B are C/No A are C,1,All B are C,No A are C,2.0,both,True
68542,34,96,DA,All B are C/No A are B,4,All B are C,No A are B,6.65,both,True
68542,35,21,AC,All B are C/All A are C,3,All B are C,All A are C,2.85,both,True
68542,36,95,MP,All B are C/All A are B,2,All B are C,All A are B,2.75,both,True
68542,37,98,AC,All B are C/All A are C,3,All B are C,All A are C,2.85,both,True
68542,38,108,DA,All B are C/No A are B,4,All B are C,No A are B,6.65,both,True
68542,39,54,DA,All B are C/No A are B,4,All B are C,No A are B,6.65,both,True
68542,40,61,AC,All B are C/All A are C,3,All B are C,All A are C,2.85,both,True
68542,41,74,DA,All B are C/No A are B,4,All B are C,No A are B,6.65,both,True
68542,42,38,DA,All B are C/No A are B,4,All B are C,No A are B,6.65,both,True
68542,43,30,MT,All B are C/No A are C,1,All B are C,No A are C,2.0,both,True
68542,44,9,AC,All B are C/All A are C,3,All B are C,All A are C,2.85,both,True
68542,45,56,MP,All B are C/All A are B,2,All B are C,All A are B,2.75,both,True
68542,46,10,DA,All B are C/No A are B,4,All B are C,No A are B,6.65,both,True
68542,47,45,DA,All B are C/No A are B,4,All B are C,No A are B,6.65,both,True
68542,48,128,DA,All B are C/No A are B,4,All B are C,No A are B,6.65,both,True
68542,49,94,MP,All B are C/All A are B,2,All B are C,All A are B,2.75,both,True
68542,50,40,MP,All B are C/All A are B,2,All B are C,All A are B,2.75,both,True
68542,51,19,AC,All B are C/All A are C,3,All B are C,All A are C,2.85,both,True
68542,52,24,AC,All B are C/All A are C,3,All B are C,All A are C,2.85,both,True
68542,53,71,MT,All B are C/No A are C,1,All B are C,No A are C,2.0,both,True
68542,54,122,AC,All B are C/All A are C,3,All B are C,All A are C,2.85,both,True
68542,55,126,MT,All B are C/No A are C,1,All B are C,No A are C,2.0,both,True
68542,56,89,DA,All B are C/No A are B,4,All B are C,No A are B,6.65,both,True
68542,57,84,MT,All B are C/No A are C,1,All B are C,No A are C,2.0,both,True
68542,58,109,MP,All B are C/All A are B,2,All B are C,All A are B,2.75,both,True
68542,59,44,DA,All B are C/No A are B,4,All B are C,No A are B,6.65,both,True
68542,60,43,MP,All B are C/All A are B,2,All B are C,All A are B,2.75,both,True
68542,61,92,MT,All B are C/No A are C,1,All B are C,No A are C,2.0,both,True
68542,62,11,MP,All B are C/All A are B,2,All B are C,All A are B,2.75,both,True
68542,63,47,AC,All B are C/All A are C,3,All B are C,All A are C,2.85,both,True
68542,64,53,DA,All B are C/No A are B,4,All B are C,No A are B,6.65,both,True
68549,1,33,MT,All B are C/No A are C,1,All B are C,No A are C,2.0,both,True
68549,2,70,MT,All B are C/No A are C,1,All B are C,No A are C,2.0,both,True
68549,3,104,DA,All B are C/No A are B,4,All B are C,No A are B,6.65,both,True
68549,4,24,AC,All B are C/All A are C,3,All B are C,All A are C,2.85,both,True
68549,5,97,MT,All B are C/No A are C,1,All B are C,No A are C,2.0,both,True
68549,6,117,AC,All B are C/All A are C,3,All B are C,All A are C,2.85,both,True
68549,7,4,MT,All B are C/No A are C,1,All B are C,No A are C,2.0,both,True
68549,8,128,DA,All B are C/No A are B,4,All B are C,No A are B,6.65,both,True
68549,9,118,AC,All B are C/All A are C,3,All B are C,All A are C,2.85,both,True
68549,10,122,AC,All B are C/All A are C,3,All B are C,All A are C,2.85,both,True
68549,11,119,AC,All B are C/All A are C,3,All B are C,All A are C,2.85,both,True
68549,12,107,MT,All B are C/No A are C,1,All B are C,No A are C,2.0,both,True
68549,13,103,AC,All B are C/All A are C,3,All B are C,All A are C,2.85,both,True
68549,14,52,MP,All B are C/All A are B,2,All B are C,All A are B,2.75,both,True
68549,15,84,MT,All B are C/No A are C,1,All B are C,No A are C,2.0,both,True
68549,16,93,DA,All B are C/No A are B,4,All B are C,No A are B,6.65,both,True
68549,17,65,MT,All B are C/No A are C,1,All B are C,No A are C,2.0,both,True
68549,18,12,MP,All B are C/All A are B,2,All B are C,All A are B,2.75,both,True
68549,19,38,DA,All B are C/No A are B,4,All B are C,No A are B,6.65,both,True
68549,20,62,AC,All B are C/All A are C,3,All B are C,All A are C,2.85,both,True
68549,21,59,AC,All B are C/All A are C,3,All B are C,All A are C,2.85,both,True
68549,22,54,DA,All B are C/No A are B,4,All B are C,No A are B,6.65,both,True
68549,23,71,MT,All B are C/No A are C,1,All B are C,No A are C,2.0,both,True
68549,24,89,DA,All B are C/No A are B,4,All B are C,No A are B,6.65,both,True
68549,25,45,DA,All B are C/No A are B,4,All B are C,No A are B,6.65,both,True
68549,26,21,AC,All B are C/All A are C,3,All B are C,All A are C,2.85,both,True
68549,27,40,MP,All B are C/All A are B,2,All B are C,All A are B,2.75,both,True
68549,28,34,MP,All B are C/All A are B,2,All B are C,All A are B,2.75,both,True
68549,29,86,MP,All B are C/All A are B,2,All B are C,All A are B,2.75,both,True
68549,30,94,MP,All B are C/All A are B,2,All B are C,All A are B,2.75,both,True
68549,31,42,MP,All B are C/All A are B,2,All B are C,All A are B,2.75,both,True
68549,32,44,DA,All B are C/No A are B,4,All B are C,No A are B,6.65,both,True
68549,33,56,MP,All B are C/All A are B,2,All B are C,All A are B,2.75,both,True
68549,34,9,AC,All B are C/All A are C,3,All B are C,All A are C,2.85,both,True
68549,35,30,MT,All B are C/No A are C,1,All B are C,No A are C,2.0,both,True
68549,36,53,DA,All B are C/No A are B,4,All B are C,No A are B,6.65,both,True
68549,37,77,MT,All B are C/No A are C,1,All B are C,No A are C,2.0,both,True
68549,38,92,MT,All B are C/No A are C,1,All B are C,No A are C,2.0,both,True
68549,39,108,DA,All B are C/No A are B,4,All B are C,No A are B,6.65,both,True
68549,40,25,AC,All B are C/All A are C,3,All B are C,All A are C,2.85,both,True
68549,41,74,DA,All B are C/No A are B,4,All B are C,No A are B,6.65,both,True
68549,42,43,MP,All B are C/All A are B,2,All B are C,All A are B,2.75,both,True
68549,43,85,MP,All B are C/All A are B,2,All B are C,All A are B,2.75,both,True
68549,44,1,MT,All B are C/No A are C,1,All B are C,No A are C,2.0,both,True
68549,45,127,DA,All B are C/No A are B,4,All B are C,No A are B,6.65,both,True
68549,46,39,MP,All B are C/All A are B,2,All B are C,All A are B,2.75,both,True
68549,47,46,MT,All B are C/No A are C,1,All B are C,No A are C,2.0,both,True
68549,48,10,DA,All B are C/No A are B,4,All B are C,No A are B,6.65,both,True
68549,49,14,MT,All B are C/No A are C,1,All B are C,No A are C,2.0,both,True
68549,50,61,AC,All B are C/All A are C,3,All B are C,All A are C,2.85,both,True
68549,51,98,AC,All B are C/All A are C,3,All B are C,All A are C,2.85,both,True
68549,52,37,MT,All B are C/No A are C,1,All B are C,No A are C,2.0,both,True
68549,53,41,MP,All B are C/All A are B,2,All B are C,All A are B,2.75,both,True
68549,54,109,MP,All B are C/All A are B,2,All B are C,All A are B,2.75,both,True
68549,55,96,DA,All B are C/No A are B,4,All B are C,No A are B,6.65,both,True
68549,56,11,MP,All B are C/All A are B,2,All B are C,All A are B,2.75,both,True
68549,57,95,MP,All B are C/All A are B,2,All B are C,All A are B,2.75,both,True
68549,58,88,DA,All B are C/No A are B,4,All B are C,No A are B,6.65,both,True
68549,59,87,DA,All B are C/No A are B,4,All B are C,No A are B,6.65,both,True
68549,60,78,AC,All B are C/All A are C,3,All B are C,All A are C,2.85,both,True
68549,61,19,AC,All B are C/All A are C,3,All B are C,All A are C,2.85,both,True
68549,62,55,MP,All B are C/All A are B,2,All B are C,All A are B,2.75,both,True
68549,63,47,AC,All B are C/All A are C,3,All B are C,All A are C,2.85,both,True
68549,64,126,MT,All B are C/No A are C,1,All B are C,No A are C,2.0,both,True
68786,1,56,MP,All B are C/All A are B,2,All B are C,All A are B,2.75,both,True
68786,2,93,DA,All B are C/No A are B,4,All B are C,No A are B,6.65,both,True
68786,3,9,AC,All B are C/All A are C,3,All B are C,All A are C,2.85,both,True
68786,4,74,DA,All B are C/No A are B,4,All B are C,No A are B,6.65,both,True
68786,5,128,DA,All B are C/No A are B,4,All B are C,No A are B,6.65,both,True
68786,6,41,MP,All B are C/All A are B,2,All B are C,All A are B,2.75,both,True
68786,7,126,MT,All B are C/No A are C,1,All B are C,No A are C,2.0,both,True
68786,8,70,MT,All B are C/No A are C,1,All B are C,No A are C,2.0,both,True
68786,9,71,MT,All B are C/No A are C,1,All B are C,No A are C,2.0,both,True
68786,10,39,MP,All B are C/All A are B,2,All B are C,All A are B,2.75,both,True
68786,11,117,AC,All B are C/All A are C,3,All B are C,All A are C,2.85,both,True
68786,12,47,AC,All B are C/All A are C,3,All B are C,All A are C,2.85,both,True
68786,13,127,DA,All B are C/No A are B,4,All B are C,No A are B,6.65,both,True
68786,14,89,DA,All B are C/No A are B,4,All B are C,No A are B,6.65,both,True
68786,15,87,DA,All B are C/No A are B,4,All B are C,No A are B,6.65,both,True
68786,16,104,DA,All B are C/No A are B,4,All B are C,No A are B,6.65,both,True
68786,17,30,MT,All B are C/No A are C,1,All B are C,No A are C,2.0,both,True
68786,18,46,MT,All B are C/No A are C,1,All B are C,No A are C,2.0,both,True
68786,19,62,AC,All B are C/All A are C,3,All B are C,All A are C,2.85,both,True
68786,20,14,MT,All B are C/No A are C,1,All B are C,No A are C,2.0,both,True
68786,21,88,DA,All B are C/No A are B,4,All B are C,No A are B,6.65,both,True
68786,22,65,MT,All B are C/No A are C,1,All B are C,No A are C,2.0,both,True
68786,23,97,MT,All B are C/No A are C,1,All B are C,No A are C,2.0,both,True
68786,24,98,AC,All B are C/All A are C,3,All B are C,All A are C,2.85,both,True
68786,25,55,MP,All B are C/All A are B,2,All B are C,All A are B,2.75,both,True
68786,26,25,AC,All B are C/All A are C,3,All B are C,All A are C,2.85,both,True
68786,27,24,AC,All B are C/All A are C,3,All B are C,All A are C,2.85,both,True
68786,28,37,MT,All B are C/No A are C,1,All B are C,No A are C,2.0,both,True
68786,29,19,AC,All B are C/All A are C,3,All B are C,All A are C,2.85,both,True
68786,30,96,DA,All B are C/No A are B,4,All B are C,No A are B,6.65,both,True
68786,31,53,DA,All B are C/No A are B,4,All B are C,No A are B,6.65,both,True
68786,32,10,DA,All B are C/No A are B,4,All B are C,No A are B,6.65,both,True
68786,33,108,DA,All B are C/No A are B,4,All B are C,No A are B,6.65,both,True
68786,34,122,AC,All B are C/All A are C,3,All B are C,All A are C,2.85,both,True
68786,35,43,MP,All B are C/All A are B,2,All B are C,All A are B,2.75,both,True
68786,36,11,MP,All B are C/All A are B,2,All B are C,All A are B,2.75,both,True
68786,37,77,MT,All B are C/No A are C,1,All B are C,No A are C,2.0,both,True
68786,38,85,MP,All B are C/All A are B,2,All B are C,All A are B,2.75,both,True
68786,39,61,AC,All B are C/All A are C,3,All B are C,All A are C,2.85,both,True
68786,40,21,AC,All B are C/All A are C,3,All B are C,All A are C,2.85,both,True
68786,41,40,MP,All B are C/All A are B,2,All B are C,All A are B,2.75,both,True
68786,42,1,MT,All B are C/No A are C,1,All B are C,No A are C,2.0,both,True
68786,43,119,AC,All B are C/All A are C,3,All B are C,All A are C,2.85,both,True
68786,44,54,DA,All B are C/No A are B,4,All B are C,No A are B,6.65,both,True
68786,45,4,MT,All B are C/No A are C,1,All B are C,No A are C,2.0,both,True
68786,46,92,MT,All B are C/No A are C,1,All B are C,No A are C,2.0,both,True
68786,47,12,MP,All B are C/All A are B,2,All B are C,All A are B,2.75,both,True
68786,48,103,AC,All B are C/All A are C,3,All B are C,All A are C,2.85,both,True
68786,49,95,MP,All B are C/All A are B,2,All B are C,All A are B,2.75,both,True
68786,50,94,MP,All B are C/All A are B,2,All B are C,All A are B,2.75,both,True
68786,51,78,AC,All B are C/All A are C,3,All B are C,All A are C,2.85,both,True
68786,52,52,MP,All B are C/All A are B,2,All B are C,All A are B,2.75,both,True
68786,53,38,DA,All B are C/No A are B,4,All B are C,No A are B,6.65,both,True
68786,54,59,AC,All B are C/All A are C,3,All B are C,All A are C,2.85,both,True
68786,55,84,MT,All B are C/No A are C,1,All B are C,No A are C,2.0,both,True
68786,56,86,MP,All B are C/All A are B,2,All B are C,All A are B,2.75,both,True
68786,57,109,MP,All B are C/All A are B,2,All B are C,All A are B,2.75,both,True
68786,58,42,MP,All B are C/All A are B,2,All B are C,All A are B,2.75,both,True
68786,59,34,MP,All B are C/All A are B,2,All B are C,All A are B,2.75,both,True
68786,60,44,DA,All B are C/No A are B,4,All B are C,No A are B,6.65,both,True
68786,61,33,MT,All B are C/No A are C,1,All B are C,No A are C,2.0,both,True
68786,62,118,AC,All B are C/All A are C,3,All B are C,All A are C,2.85,both,True
68786,63,45,DA,All B are C/No A are B,4,All B are C,No A are B,6.65,both,True
68786,64,107,MT,All B are C/No A are C,1,All B are C,No A are C,2.0,both,True
68800,1,33,MT,All B are C/No A are C,1,All B are C,No A are C,2.0,both,True
68800,2,88,DA,All B are C/No A are B,4,All B are C,No A are B,2.75,both,True
68800,3,103,AC,All B are C/All A are C,3,All B are C,All A are C,2.1,both,True
68800,4,96,DA,All B are C/No A are B,4,All B are C,No A are B,2.75,both,True
68800,5,117,AC,All B are C/All A are C,3,All B are C,All A are C,2.1,both,True
68800,6,43,MP,All B are C/All A are B,2,All B are C,All A are B,2.0,both,True
68800,7,56,MP,All B are C/All A are B,2,All B are C,All A are B,2.0,both,True
68800,8,93,DA,All B are C/No A are B,4,All B are C,No A are B,2.75,both,True
68800,9,55,MP,All B are C/All A are B,2,All B are C,All A are B,2.0,both,True
68800,10,30,MT,All B are C/No A are C,1,All B are C,No A are C,2.0,both,True
68800,11,98,AC,All B are C/All A are C,3,All B are C,All A are C,2.1,both,True
68800,12,62,AC,All B are C/All A are C,3,All B are C,All A are C,2.1,both,True
68800,13,92,MT,All B are C/No A are C,1,All B are C,No A are C,2.0,both,True
68800,14,39,MP,All B are C/All A are B,2,All B are C,All A are B,2.0,both,True
68800,15,47,AC,All B are C/All A are C,3,All B are C,All A are C,2.1,both,True
68800,16,108,DA,All B are C/No A are B,4,All B are C,No A are B,2.75,both,True
68800,17,74,DA,All B are C/No A are B,4,All B are C,No A are B,2.75,both,True
68800,18,128,DA,All B are C/No A are B,4,All B are C,No A are B,2.75,both,True
68800,19,109,MP,All B are C/All A are B,2,All B are C,All A are B,2.0,both,True
68800,20,14,MT,All B are C/No A are C,1,All B are C,No A are C,2.0,both,True
68800,21,85,MP,All B are C/All A are B,2,All B are C,All A are B,2.0,both,True
68800,22,24,AC,All B are C/All A are C,3,All B are C,All A are C,2.1,both,True
68800,23,11,MP,All B are C/All A are B,2,All B are C,All A are B,2.0,both,True
68800,24,84,MT,All B are C/No A are C,1,All B are C,No A are C,2.0,both,True
68800,25,70,MT,All B are C/No A are C,1,All B are C,No A are C,2.0,both,True
68800,26,107,MT,All B are C/No A are C,1,All B are C,No A are C,2.0,both,True
68800,27,87,DA,All B are C/No A are B,4,All B are C,No A are B,2.75,both,True
68800,28,40,MP,All B are C/All A are B,2,All B are C,All A are B,2.0,both,True
68800,29,59,AC,All B are C/All A are C,3,All B are C,All A are C,2.1,both,True
68800,30,52,MP,All B are C/All A are B,2,All B are C,All A are B,2.0,both,True
68800,31,71,MT,All B are C/No A are C,1,All B are C,No A are C,2.0,both,True
68800,32,12,MP,All B are C/All A are B,2,All B are C,All A are B,2.0,both,True
68800,33,65,MT,All B are C/No A are C,1,All B are C,No A are C,2.0,both,True
68800,34,95,MP,All B are C/All A are B,2,All B are C,All A are B,2.0,both,True
68800,35,41,MP,All B are C/All A are B,2,All B are C,All A are B,2.0,both,True
68800,36,21,AC,All B are C/All A are C,3,All B are C,All A are C,2.1,both,True
68800,37,19,AC,All B are C/All A are C,3,All B are C,All A are C,2.1,both,True
68800,38,4,MT,All B are C/No A are C,1,All B are C,No A are C,2.0,both,True
68800,39,78,AC,All B are C/All A are C,3,All B are C,All A are C,2.1,both,True
68800,40,119,AC,All B are C/All A are C,3,All B are C,All A are C,2.1,both,True
68800,41,89,DA,All B are C/No A are B,4,All B are C,No A are B,2.75,both,True
68800,42,53,DA,All B are C/No A are B,4,All B are C,No A are B,2.75,both,True
68800,43,97,MT,All B are C/No A are C,1,All B are C,No A are C,2.0,both,True
68800,44,37,MT,All B are C/No A are C,1,All B are C,No A are C,2.0,both,True
68800,45,46,MT,All B are C/No A are C,1,All B are C,No A are C,2.0,both,True
68800,46,38,DA,All B are C/No A are B,4,All B are C,No A are B,2.75,both,True
68800,47,10,DA,All B are C/No A are B,4,All B are C,No A are B,2.75,both,True
68800,48,25,AC,All B are C/All A are C,3,All B are C,All A are C,2.1,both,True
68800,49,86,MP,All B are C/All A are B,2,All B are C,All A are B,2.0,both,True
68800,50,45,DA,All B are C/No A are B,4,All B are C,No A are B,2.75,both,True
68800,51,127,DA,All B are C/No A are B,4,All B are C,No A are B,2.75,both,True
68800,52,1,MT,All B are C/No A are C,1,All B are C,No A are C,2.0,both,True
68800,53,126,MT,All B are C/No A are C,1,All B are C,No A are C,2.0,both,True
68800,54,118,AC,All B are C/All A are C,3,All B are C,All A are C,2.1,both,True
68800,55,9,AC,All B are C/All A are C,3,All B are C,All A are C,2.1,both,True
68800,56,54,DA,All B are C/No A are B,4,All B are C,No A are B,2.75,both,True
68800,57,77,MT,All B are C/No A are C,1,All B are C,No A are C,2.0,both,True
68800,58,61,AC,All B are C/All A are C,3,All B are C,All A are C,2.1,both,True
68800,59,94,MP,All B are C/All A are B,2,All B are C,All A are B,2.0,both,True
68800,60,34,MP,All B are C/All A are B,2,All B are C,All A are B,2.0,both,True
68800,61,104,DA,All B are C/No A are B,4,All B are C,No A are B,2.75,both,True
68800,62,44,DA,All B are C/No A are B,4,All B are C,No A are B,2.75,both,True
68800,63,42,MP,All B are C/All A are B,2,All B are C,All A are B,2.0,both,True
68800,64,122,AC,All B are C/All A are C,3,All B are C,All A are C,2.1,both,True
68832,1,108,DA,All B are C/No A are B,4,All B are C,No A are B,6.65,both,True
68832,2,77,MT,All B are C/No A are C,1,All B are C,No A are C,2.0,both,True
68832,3,11,MP,All B are C/All A are B,2,All B are C,All A are B,2.75,both,True
68832,4,34,MP,All B are C/All A are B,2,All B are C,All A are B,2.75,both,True
68832,5,96,DA,All B are C/No A are B,4,All B are C,No A are B,6.65,both,True
68832,6,118,AC,All B are C/All A are C,3,All B are C,All A are C,2.85,both,True
68832,7,41,MP,All B are C/All A are B,2,All B are C,All A are B,2.75,both,True
68832,8,89,DA,All B are C/No A are B,4,All B are C,No A are B,6.65,both,True
68832,9,85,MP,All B are C/All A are B,2,All B are C,All A are B,2.75,both,True
68832,10,47,AC,All B are C/All A are C,3,All B are C,All A are C,2.85,both,True
68832,11,42,MP,All B are C/All A are B,2,All B are C,All A are B,2.75,both,True
68832,12,19,AC,All B are C/All A are C,3,All B are C,All A are C,2.85,both,True
68832,13,10,DA,All B are C/No A are B,4,All B are C,No A are B,6.65,both,True
68832,14,107,MT,All B are C/No A are C,1,All B are C,No A are C,2.0,both,True
68832,15,52,MP,All B are C/All A are B,2,All B are C,All A are B,2.75,both,True
68832,16,54,DA,All B are C/No A are B,4,All B are C,No A are B,6.65,both,True
68832,17,14,MT,All B are C/No A are C,1,All B are C,No A are C,2.0,both,True
68832,18,38,DA,All B are C/No A are B,4,All B are C,No A are B,6.65,both,True
68832,19,97,MT,All B are C/No A are C,1,All B are C,No A are C,2.0,both,True
68832,20,71,MT,All B are C/No A are C,1,All B are C,No A are C,2.0,both,True
68832,21,25,AC,All B are C/All A are C,3,All B are C,All A are C,2.85,both,True
68832,22,117,AC,All B are C/All A are C,3,All B are C,All A are C,2.85,both,True
68832,23,109,MP,All B are C/All A are B,2,All B are C,All A are B,2.75,both,True
68832,24,56,MP,All B are C/All A are B,2,All B are C,All A are B,2.75,both,True
68832,25,30,MT,All B are C/No A are C,1,All B are C,No A are C,2.0,both,True
68832,26,61,AC,All B are C/All A are C,3,All B are C,All A are C,2.85,both,True
68832,27,4,MT,All B are C/No A are C,1,All B are C,No A are C,2.0,both,True
68832,28,45,DA,All B are C/No A are B,4,All B are C,No A are B,6.65,both,True
68832,29,122,AC,All B are C/All A are C,3,All B are C,All A are C,2.85,both,True
68832,30,12,MP,All B are C/All A are B,2,All B are C,All A are B,2.75,both,True
68832,31,33,MT,All B are C/No A are C,1,All B are C,No A are C,2.0,both,True
68832,32,92,MT,All B are C/No A are C,1,All B are C,No A are C,2.0,both,True
68832,33,59,AC,All B are C/All A are C,3,All B are C,All A are C,2.85,both,True
68832,34,43,MP,All B are C/All A are B,2,All B are C,All A are B,2.75,both,True
68832,35,24,AC,All B are C/All A are C,3,All B are C,All A are C,2.85,both,True
68832,36,126,MT,All B are C/No A are C,1,All B are C,No A are C,2.0,both,True
68832,37,95,MP,All B are C/All A are B,2,All B are C,All A are B,2.75,both,True
68832,38,127,DA,All B are C/No A are B,4,All B are C,No A are B,6.65,both,True
68832,39,55,MP,All B are C/All A are B,2,All B are C,All A are B,2.75,both,True
68832,40,65,MT,All B are C/No A are C,1,All B are C,No A are C,2.0,both,True
68832,41,39,MP,All B are C/All A are B,2,All B are C,All A are B,2.75,both,True
68832,42,119,AC,All B are C/All A are C,3,All B are C,All A are C,2.85,both,True
68832,43,84,MT,All B are C/No A are C,1,All B are C,No A are C,2.0,both,True
68832,44,103,AC,All B are C/All A are C,3,All B are C,All A are C,2.85,both,True
68832,45,46,MT,All B are C/No A are C,1,All B are C,No A are C,2.0,both,True
68832,46,88,DA,All B are C/No A are B,4,All B are C,No A are B,6.65,both,True
68832,47,9,AC,All B are C/All A are C,3,All B are C,All A are C,2.85,both,True
68832,48,44,DA,All B are C/No A are B,4,All B are C,No A are B,6.65,both,True
68832,49,40,MP,All B are C/All A are B,2,All B are C,All A are B,2.75,both,True
68832,50,86,MP,All B are C/All A are B,2,All B are C,All A are B,2.75,both,True
68832,51,78,AC,All B are C/All A are C,3,All B are C,All A are C,2.85,both,True
68832,52,62,AC,All B are C/All A are C,3,All B are C,All A are C,2.85,both,True
68832,53,98,AC,All B are C/All A are C,3,All B are C,All A are C,2.85,both,True
68832,54,128,DA,All B are C/No A are B,4,All B are C,No A are B,6.65,both,True
68832,55,104,DA,All B are C/No A are B,4,All B are C,No A are B,6.65,both,True
68832,56,70,MT,All B are C/No A are C,1,All B are C,No A are C,2.0,both,True
68832,57,53,DA,All B are C/No A are B,4,All B are C,No A are B,6.65,both,True
68832,58,74,DA,All B are C/No A are B,4,All B are C,No A are B,6.65,both,True
68832,59,21,AC,All B are C/All A are C,3,All B are C,All A are C,2.85,both,True
68832,60,1,MT,All B are C/No A are C,1,All B are C,No A are C,2.0,both,True
68832,61,93,DA,All B are C/No A are B,4,All B are C,No A are B,6.65,both,True
68832,62,87,DA,All B are C/No A are B,4,All B are C,No A are B,6.65,both,True
68832,63,37,MT,All B are C/No A are C,1,All B are C,No A are C,2.0,both,True
68832,64,94,MP,All B are C/All A are B,2,All B are C,All A are B,2.75,both,True
68850,1,31,MP,All B are C/All A are B,2,All B are C,All A are B,2.75,both,True
68850,2,81,MP,All B are C/All A are B,2,All B are C,All A are B,2.75,both,True
68850,3,111,MP,All B are C/All A are B,2,All B are C,All A are B,2.75,both,True
68850,4,90,MT,All B are C/No A are C,1,All B are C,No A are C,2.0,both,True
68850,5,67,DA,All B are C/No A are B,4,All B are C,No A are B,6.65,both,True
68850,6,36,DA,All B are C/No A are B,4,All B are C,No A are B,6.65,both,True
68850,7,116,AC,All B are C/All A are C,3,All B are C,All A are C,2.85,both,True
68850,8,105,DA,All B are C/No A are B,4,All B are C,No A are B,6.65,both,True
68850,9,17,MP,All B are C/All A are B,2,All B are C,All A are B,2.75,both,True
68850,10,83,MT,All B are C/No A are C,1,All B are C,No A are C,2.0,both,True
68850,11,28,DA,All B are C/No A are B,4,All B are C,No A are B,6.65,both,True
68850,12,91,DA,All B are C/No A are B,4,All B are C,No A are B,6.65,both,True
68850,13,123,DA,All B are C/No A are B,4,All B are C,No A are B,6.65,both,True
68850,14,64,MP,All B are C/All A are B,2,All B are C,All A are B,2.75,both,True
68850,15,29,MT,All B are C/No A are C,1,All B are C,No A are C,2.0,both,True
68850,16,113,MP,All B are C/All A are B,2,All B are C,All A are B,2.75,both,True
68850,17,35,MT,All B are C/No A are C,1,All B are C,No A are C,2.0,both,True
68850,18,101,MP,All B are C/All A are B,2,All B are C,All A are B,2.75,both,True
68850,19,110,DA,All B are C/No A are B,4,All B are C,No A are B,6.65,both,True
68850,20,82,DA,All B are C/No A are B,4,All B are C,No A are B,6.65,both,True
68850,21,75,DA,All B are C/No A are B,4,All B are C,No A are B,6.65,both,True
68850,22,68,MT,All B are C/No A are C,1,All B are C,No A are C,2.0,both,True
68850,23,57,AC,All B are C/All A are C,3,All B are C,All A are C,2.85,both,True
68850,24,20,AC,All B are C/All A are C,3,All B are C,All A are C,2.85,both,True
68850,25,58,DA,All B are C/No A are B,4,All B are C,No A are B,6.65,both,True
68850,26,106,MT,All B are C/No A are C,1,All B are C,No A are C,2.0,both,True
68850,27,32,MT,All B are C/No A are C,1,All B are C,No A are C,2.0,both,True
68850,28,100,MT,All B are C/No A are C,1,All B are C,No A are C,2.0,both,True
68850,29,72,DA,All B are C/No A are B,4,All B are C,No A are B,6.65,both,True
68850,30,50,MP,All B are C/All A are B,2,All B are C,All A are B,2.75,both,True
68850,31,73,MT,All B are C/No A are C,1,All B are C,No A are C,2.0,both,True
68850,32,124,AC,All B are C/All A are C,3,All B are C,All A are C,2.85,both,True
68850,33,7,MP,All B are C/All A are B,2,All B are C,All A are B,2.75,both,True
68850,34,2,DA,All B are C/No A are B,4,All B are C,No A are B,6.65,both,True
68850,35,23,AC,All B are C/All A are C,3,All B are C,All A are C,2.85,both,True
68850,36,76,MT,All B are C/No A are C,1,All B are C,No A are C,2.0,both,True
68850,37,6,DA,All B are C/No A are B,4,All B are C,No A are B,6.65,both,True
68850,38,69,DA,All B are C/No A are B,4,All B are C,No A are B,6.65,both,True
68850,39,115,MP,All B are C/All A are B,2,All B are C,All A are B,2.75,both,True
68850,40,27,AC,All B are C/All A are C,3,All B are C,All A are C,2.85,both,True
68850,41,66,MT,All B are C/No A are C,1,All B are C,No A are C,2.0,both,True
68850,42,102,AC,All B are C/All A are C,3,All B are C,All A are C,2.85,both,True
68850,43,63,AC,All B are C/All A are C,3,All B are C,All A are C,2.85,both,True
68850,44,120,MP,All B are C/All A are B,2,All B are C,All A are B,2.75,both,True
68850,45,3,MT,All B are C/No A are C,1,All B are C,No A are C,2.0,both,True
68850,46,8,AC,All B are C/All A are C,3,All B are C,All A are C,2.85,both,True
68850,47,18,AC,All B are C/All A are C,3,All B are C,All A are C,2.85,both,True
68850,48,99,AC,All B are C/All A are C,3,All B are C,All A are C,2.85,both,True
68850,49,125,MT,All B are C/No A are C,1,All B are C,No A are C,2.0,both,True
68850,50,48,MP,All B are C/All A are B,2,All B are C,All A are B,2.75,both,True
68850,51,60,AC,All B are C/All A are C,3,All B are C,All A are C,2.85,both,True
68850,52,49,AC,All B are C/All A are C,3,All B are C,All A are C,2.85,both,True
68850,53,22,MP,All B are C/All A are B,2,All B are C,All A are B,2.75,both,True
68850,54,13,MP,All B are C/All A are B,2,All B are C,All A are B,2.75,both,True
68850,55,121,AC,All B are C/All A are C,3,All B are C,All A are C,2.85,both,True
68850,56,26,MP,All B are C/All A are B,2,All B are C,All A are B,2.75,both,True
68850,57,51,MT,All B are C/No A are C,1,All B are C,No A are C,2.0,both,True
68850,58,16,DA,All B are C/No A are B,4,All B are C,No A are B,6.65,both,True
68850,59,15,MT,All B are C/No A are C,1,All B are C,No A are C,2.0,both,True
68850,60,5,MT,All B are C/No A are C,1,All B are C,No A are C,2.0,both,True
68850,61,114,AC,All B are C/All A are C,3,All B are C,All A are C,2.85,both,True
68850,62,112,MP,All B are C/All A are B,2,All B are C,All A are B,2.75,both,True
68850,63,80,AC,All B are C/All A are C,3,All B are C,All A are C,2.85,both,True
68850,64,79,DA,All B are C/No A are B,4,All B are C,No A are B,6.65,both,True
68881,1,64,MP,All B are C/All A are B,2,All B are C,All A are B,2.15,both,True
68881,2,17,MP,All B are C/All A are B,2,All B are C,All A are B,2.15,both,True
68881,3,29,MT,All B are C/No A are C,1,All B are C,No A are C,2.0,both,True
68881,4,63,AC,All B are C/All A are C,3,All B are C,All A are C,2.2,both,True
68881,5,51,MT,All B are C/No A are C,1,All B are C,No A are C,2.0,both,True
68881,6,123,DA,All B are C/No A are B,4,All B are C,No A are B,2.5,both,True
68881,7,112,MP,All B are C/All A are B,2,All B are C,All A are B,2.15,both,True
68881,8,125,MT,All B are C/No A are C,1,All B are C,No A are C,2.0,both,True
68881,9,60,AC,All B are C/All A are C,3,All B are C,All A are C,2.2,both,True
68881,10,58,DA,All B are C/No A are B,4,All B are C,No A are B,2.5,both,True
68881,11,3,MT,All B are C/No A are C,1,All B are C,No A are C,2.0,both,True
68881,12,83,MT,All B are C/No A are C,1,All B are C,No A are C,2.0,both,True
68881,13,105,DA,All B are C/No A are B,4,All B are C,No A are B,2.5,both,True
68881,14,100,MT,All B are C/No A are C,1,All B are C,No A are C,2.0,both,True
68881,15,23,AC,All B are C/All A are C,3,All B are C,All A are C,2.2,both,True
68881,16,48,MP,All B are C/All A are B,2,All B are C,All A are B,2.15,both,True
68881,17,18,AC,All B are C/All A are C,3,All B are C,All A are C,2.2,both,True
68881,18,81,MP,All B are C/All A are B,2,All B are C,All A are B,2.15,both,True
68881,19,27,AC,All B are C/All A are C,3,All B are C,All A are C,2.2,both,True
68881,20,121,AC,All B are C/All A are C,3,All B are C,All A are C,2.2,both,True
68881,21,6,DA,All B are C/No A are B,4,All B are C,No A are B,2.5,both,True
68881,22,36,DA,All B are C/No A are B,4,All B are C,No A are B,2.5,both,True
68881,23,72,DA,All B are C/No A are B,4,All B are C,No A are B,2.5,both,True
68881,24,90,MT,All B are C/No A are C,1,All B are C,No A are C,2.0,both,True
68881,25,75,DA,All B are C/No A are B,4,All B are C,No A are B,2.5,both,True
68881,26,16,DA,All B are C/No A are B,4,All B are C,No A are B,2.5,both,True
68881,27,8,AC,All B are C/All A are C,3,All B are C,All A are C,2.2,both,True
68881,28,99,AC,All B are C/All A are C,3,All B are C,All A are C,2.2,both,True
68881,29,106,MT,All B are C/No A are C,1,All B are C,No A are C,2.0,both,True
68881,30,116,AC,All B are C/All A are C,3,All B are C,All A are C,2.2,both,True
68881,31,110,DA,All B are C/No A are B,4,All B are C,No A are B,2.5,both,True
68881,32,124,AC,All B are C/All A are C,3,All B are C,All A are C,2.2,both,True
68881,33,35,MT,All B are C/No A are C,1,All B are C,No A are C,2.0,both,True
68881,34,114,AC,All B are C/All A are C,3,All B are C,All A are C,2.2,both,True
68881,35,57,AC,All B are C/All A are C,3,All B are C,All A are C,2.2,both,True
68881,36,115,MP,All B are C/All A are B,2,All B are C,All A are B,2.15,both,True
68881,37,20,AC,All B are C/All A are C,3,All B are C,All A are C,2.2,both,True
68881,38,15,MT,All B are C/No A are C,1,All B are C,No A are C,2.0,both,True
68881,39,73,MT,All B are C/No A are C,1,All B are C,No A are C,2.0,both,True
68881,40,120,MP,All B are C/All A are B,2,All B are C,All A are B,2.15,both,True
68881,41,101,MP,All B are C/All A are B,2,All B are C,All A are B,2.15,both,True
68881,42,111,MP,All B are C/All A are B,2,All B are C,All A are B,2.15,both,True
68881,43,113,MP,All B are C/All A are B,2,All B are C,All A are B,2.15,both,True
68881,44,50,MP,All B are C/All A are B,2,All B are C,All A are B,2.15,both,True
68881,45,69,DA,All B are C/No A are B,4,All B are C,No A are B,2.5,both,True
68881,46,66,MT,All B are C/No A are C,1,All B are C,No A are C,2.0,both,True
68881,47,22,MP,All B are C/All A are B,2,All B are C,All A are B,2.15,both,True
68881,48,7,MP,All B are C/All A are B,2,All B are C,All A are B,2.15,both,True
68881,49,49,AC,All B are C/All A are C,3,All B are C,All A are C,2.2,both,True
68881,50,102,AC,All B are C/All A are C,3,All B are C,All A are C,2.2,both,True
68881,51,80,AC,All B are C/All A are C,3,All B are C,All A are C,2.2,both,True
68881,52,13,MP,All B are C/All A are B,2,All B are C,All A are B,2.15,both,True
68881,53,28,DA,All B are C/No A are B,4,All B are C,No A are B,2.5,both,True
68881,54,31,MP,All B are C/All A are B,2,All B are C,All A are B,2.15,both,True
68881,55,5,MT,All B are C/No A are C,1,All B are C,No A are C,2.0,both,True
68881,56,82,DA,All B are C/No A are B,4,All B are C,No A are B,2.5,both,True
68881,57,91,DA,All B are C/No A are B,4,All B are C,No A are B,2.5,both,True
68881,58,26,MP,All B are C/All A are B,2,All B are C,All A are B,2.15,both,True
68881,59,2,DA,All B are C/No A are B,4,All B are C,No A are B,2.5,both,True
68881,60,67,DA,All B are C/No A are B,4,All B are C,No A are B,2.5,both,True
68881,61,32,MT,All B are C/No A are C,1,All B are C,No A are C,2.0,both,True
68881,62,68,MT,All B are C/No A are C,1,All B are C,No A are C,2.0,both,True
68881,63,76,MT,All B are C/No A are C,1,All B are C,No A are C,2.0,both,True
68881,64,79,DA,All B are C/No A are B,4,All B are C,No A are B,2.5,both,True
68882,1,74,DA,All B are C/No A are B,4,All B are C,No A are B,6.65,both,True
68882,2,9,AC,All B are C/All A are C,3,All B are C,All A are C,2.85,both,True
68882,3,24,AC,All B are C/All A are C,3,All B are C,All A are C,2.85,both,True
68882,4,86,MP,All B are C/All A are B,2,All B are C,All A are B,2.75,both,True
68882,5,89,DA,All B are C/No A are B,4,All B are C,No A are B,6.65,both,True
68882,6,78,AC,All B are C/All A are C,3,All B are C,All A are C,2.85,both,True
68882,7,104,DA,All B are C/No A are B,4,All B are C,No A are B,6.65,both,True
68882,8,128,DA,All B are C/No A are B,4,All B are C,No A are B,6.65,both,True
68882,9,59,AC,All B are C/All A are C,3,All B are C,All A are C,2.85,both,True
68882,10,70,MT,All B are C/No A are C,1,All B are C,No A are C,2.0,both,True
68882,11,30,MT,All B are C/No A are C,1,All B are C,No A are C,2.0,both,True
68882,12,55,MP,All B are C/All A are B,2,All B are C,All A are B,2.75,both,True
68882,13,47,AC,All B are C/All A are C,3,All B are C,All A are C,2.85,both,True
68882,14,1,MT,All B are C/No A are C,1,All B are C,No A are C,2.0,both,True
68882,15,54,DA,All B are C/No A are B,4,All B are C,No A are B,6.65,both,True
68882,16,10,DA,All B are C/No A are B,4,All B are C,No A are B,6.65,both,True
68882,17,97,MT,All B are C/No A are C,1,All B are C,No A are C,2.0,both,True
68882,18,46,MT,All B are C/No A are C,1,All B are C,No A are C,2.0,both,True
68882,19,122,AC,All B are C/All A are C,3,All B are C,All A are C,2.85,both,True
68882,20,127,DA,All B are C/No A are B,4,All B are C,No A are B,6.65,both,True
68882,21,39,MP,All B are C/All A are B,2,All B are C,All A are B,2.75,both,True
68882,22,108,DA,All B are C/No A are B,4,All B are C,No A are B,6.65,both,True
68882,23,21,AC,All B are C/All A are C,3,All B are C,All A are C,2.85,both,True
68882,24,107,MT,All B are C/No A are C,1,All B are C,No A are C,2.0,both,True
68882,25,37,MT,All B are C/No A are C,1,All B are C,No A are C,2.0,both,True
68882,26,42,MP,All B are C/All A are B,2,All B are C,All A are B,2.75,both,True
68882,27,25,AC,All B are C/All A are C,3,All B are C,All A are C,2.85,both,True
68882,28,85,MP,All B are C/All A are B,2,All B are C,All A are B,2.75,both,True
68882,29,71,MT,All B are C/No A are C,1,All B are C,No A are C,2.0,both,True
68882,30,11,MP,All B are C/All A are B,2,All B are C,All A are B,2.75,both,True
68882,31,103,AC,All B are C/All A are C,3,All B are C,All A are C,2.85,both,True
68882,32,52,MP,All B are C/All A are B,2,All B are C,All A are B,2.75,both,True
68882,33,77,MT,All B are C/No A are C,1,All B are C,No A are C,2.0,both,True
68882,34,98,AC,All B are C/All A are C,3,All B are C,All A are C,2.85,both,True
68882,35,40,MP,All B are C/All A are B,2,All B are C,All A are B,2.75,both,True
68882,36,56,MP,All B are C/All A are B,2,All B are C,All A are B,2.75,both,True
68882,37,43,MP,All B are C/All A are B,2,All B are C,All A are B,2.75,both,True
68882,38,92,MT,All B are C/No A are C,1,All B are C,No A are C,2.0,both,True
68882,39,62,AC,All B are C/All A are C,3,All B are C,All A are C,2.85,both,True
68882,40,14,MT,All B are C/No A are C,1,All B are C,No A are C,2.0,both,True
68882,41,88,DA,All B are C/No A are B,4,All B are C,No A are B,6.65,both,True
68882,42,19,AC,All B are C/All A are C,3,All B are C,All A are C,2.85,both,True
68882,43,44,DA,All B are C/No A are B,4,All B are C,No A are B,6.65,both,True
68882,44,61,AC,All B are C/All A are C,3,All B are C,All A are C,2.85,both,True
68882,45,119,AC,All B are C/All A are C,3,All B are C,All A are C,2.85,both,True
68882,46,95,MP,All B are C/All A are B,2,All B are C,All A are B,2.75,both,True
68882,47,84,MT,All B are C/No A are C,1,All B are C,No A are C,2.0,both,True
68882,48,38,DA,All B are C/No A are B,4,All B are C,No A are B,6.65,both,True
68882,49,34,MP,All B are C/All A are B,2,All B are C,All A are B,2.75,both,True
68882,50,53,DA,All B are C/No A are B,4,All B are C,No A are B,6.65,both,True
68882,51,41,MP,All B are C/All A are B,2,All B are C,All A are B,2.75,both,True
68882,52,94,MP,All B are C/All A are B,2,All B are C,All A are B,2.75,both,True
68882,53,118,AC,All B are C/All A are C,3,All B are C,All A are C,2.85,both,True
68882,54,93,DA,All B are C/No A are B,4,All B are C,No A are B,6.65,both,True
68882,55,12,MP,All B are C/All A are B,2,All B are C,All A are B,2.75,both,True
68882,56,126,MT,All B are C/No A are C,1,All B are C,No A are C,2.0,both,True
68882,57,4,MT,All B are C/No A are C,1,All B are C,No A are C,2.0,both,True
68882,58,96,DA,All B are C/No A are B,4,All B are C,No A are B,6.65,both,True
68882,59,45,DA,All B are C/No A are B,4,All B are C,No A are B,6.65,both,True
68882,60,33,MT,All B are C/No A are C,1,All B are C,No A are C,2.0,both,True
68882,61,65,MT,All B are C/No A are C,1,All B are C,No A are C,2.0,both,True
68882,62,109,MP,All B are C/All A are B,2,All B are C,All A are B,2.75,both,True
68882,63,87,DA,All B are C/No A are B,4,All B are C,No A are B,6.65,both,True
68882,64,117,AC,All B are C/All A are C,3,All B are C,All A are C,2.85,both,True
68896,1,101,MP,All B are C/All A are B,2,All B are C,All A are B,2.75,both,True
68896,2,116,AC,All B are C/All A are C,3,All B are C,All A are C,2.85,both,True
68896,3,23,AC,All B are C/All A are C,3,All B are C,All A are C,2.85,both,True
68896,4,82,DA,All B are C/No A are B,4,All B are C,No A are B,6.65,both,True
68896,5,80,AC,All B are C/All A are C,3,All B are C,All A are C,2.85,both,True
68896,6,6,DA,All B are C/No A are B,4,All B are C,No A are B,6.65,both,True
68896,7,105,DA,All B are C/No A are B,4,All B are C,No A are B,6.65,both,True
68896,8,114,AC,All B are C/All A are C,3,All B are C,All A are C,2.85,both,True
68896,9,67,DA,All B are C/No A are B,4,All B are C,No A are B,6.65,both,True
68896,10,63,AC,All B are C/All A are C,3,All B are C,All A are C,2.85,both,True
68896,11,48,MP,All B are C/All A are B,2,All B are C,All A are B,2.75,both,True
68896,12,75,DA,All B are C/No A are B,4,All B are C,No A are B,6.65,both,True
68896,13,2,DA,All B are C/No A are B,4,All B are C,No A are B,6.65,both,True
68896,14,58,DA,All B are C/No A are B,4,All B are C,No A are B,6.65,both,True
68896,15,121,AC,All B are C/All A are C,3,All B are C,All A are C,2.85,both,True
68896,16,28,DA,All B are C/No A are B,4,All B are C,No A are B,6.65,both,True
68896,17,76,MT,All B are C/No A are C,1,All B are C,No A are C,2.0,both,True
68896,18,35,MT,All B are C/No A are C,1,All B are C,No A are C,2.0,both,True
68896,19,115,MP,All B are C/All A are B,2,All B are C,All A are B,2.75,both,True
68896,20,73,MT,All B are C/No A are C,1,All B are C,No A are C,2.0,both,True
68896,21,125,MT,All B are C/No A are C,1,All B are C,No A are C,2.0,both,True
68896,22,79,DA,All B are C/No A are B,4,All B are C,No A are B,6.65,both,True
68896,23,17,MP,All B are C/All A are B,2,All B are C,All A are B,2.75,both,True
68896,24,50,MP,All B are C/All A are B,2,All B are C,All A are B,2.75,both,True
68896,25,106,MT,All B are C/No A are C,1,All B are C,No A are C,2.0,both,True
68896,26,27,AC,All B are C/All A are C,3,All B are C,All A are C,2.85,both,True
68896,27,113,MP,All B are C/All A are B,2,All B are C,All A are B,2.75,both,True
68896,28,81,MP,All B are C/All A are B,2,All B are C,All A are B,2.75,both,True
68896,29,83,MT,All B are C/No A are C,1,All B are C,No A are C,2.0,both,True
68896,30,112,MP,All B are C/All A are B,2,All B are C,All A are B,2.75,both,True
68896,31,69,DA,All B are C/No A are B,4,All B are C,No A are B,6.65,both,True
68896,32,57,AC,All B are C/All A are C,3,All B are C,All A are C,2.85,both,True
68896,33,15,MT,All B are C/No A are C,1,All B are C,No A are C,2.0,both,True
68896,34,49,AC,All B are C/All A are C,3,All B are C,All A are C,2.85,both,True
68896,35,72,DA,All B are C/No A are B,4,All B are C,No A are B,6.65,both,True
68896,36,36,DA,All B are C/No A are B,4,All B are C,No A are B,6.65,both,True
68896,37,91,DA,All B are C/No A are B,4,All B are C,No A are B,6.65,both,True
68896,38,102,AC,All B are C/All A are C,3,All B are C,All A are C,2.85,both,True
68896,39,123,DA,All B are C/No A are B,4,All B are C,No A are B,6.65,both,True
68896,40,29,MT,All B are C/No A are C,1,All B are C,No A are C,2.0,both,True
68896,41,16,DA,All B are C/No A are B,4,All B are C,No A are B,6.65,both,True
68896,42,124,AC,All B are C/All A are C,3,All B are C,All A are C,2.85,both,True
68896,43,111,MP,All B are C/All A are B,2,All B are C,All A are B,2.75,both,True
68896,44,26,MP,All B are C/All A are B,2,All B are C,All A are B,2.75,both,True
68896,45,100,MT,All B are C/No A are C,1,All B are C,No A are C,2.0,both,True
68896,46,60,AC,All B are C/All A are C,3,All B are C,All A are C,2.85,both,True
68896,47,64,MP,All B are C/All A are B,2,All B are C,All A are B,2.75,both,True
68896,48,31,MP,All B are C/All A are B,2,All B are C,All A are B,2.75,both,True
68896,49,22,MP,All B are C/All A are B,2,All B are C,All A are B,2.75,both,True
68896,50,99,AC,All B are C/All A are C,3,All B are C,All A are C,2.85,both,True
68896,51,18,AC,All B are C/All A are C,3,All B are C,All A are C,2.85,both,True
68896,52,66,MT,All B are C/No A are C,1,All B are C,No A are C,2.0,both,True
68896,53,20,AC,All B are C/All A are C,3,All B are C,All A are C,2.85,both,True
68896,54,5,MT,All B are C/No A are C,1,All B are C,No A are C,2.0,both,True
68896,55,3,MT,All B are C/No A are C,1,All B are C,No A are C,2.0,both,True
68896,56,7,MP,All B are C/All A are B,2,All B are C,All A are B,2.75,both,True
68896,57,32,MT,All B are C/No A are C,1,All B are C,No A are C,2.0,both,True
68896,58,120,MP,All B are C/All A are B,2,All B are C,All A are B,2.75,both,True
68896,59,51,MT,All B are C/No A are C,1,All B are C,No A are C,2.0,both,True
68896,60,90,MT,All B are C/No A are C,1,All B are C,No A are C,2.0,both,True
68896,61,110,DA,All B are C/No A are B,4,All B are C,No A are B,6.65,both,True
68896,62,8,AC,All B are C/All A are C,3,All B are C,All A are C,2.85,both,True
68896,63,13,MP,All B are C/All A are B,2,All B are C,All A are B,2.75,both,True
68896,64,68,MT,All B are C/No A are C,1,All B are C,No A are C,2.0,both,True
68906,1,34,MP,All B are C/All A are B,2,All B are C,All A are B,2.0,both,True
68906,2,38,DA,All B are C/No A are B,4,All B are C,No A are B,2.75,both,True
68906,3,126,MT,All B are C/No A are C,1,All B are C,No A are C,2.0,both,True
68906,4,70,MT,All B are C/No A are C,1,All B are C,No A are C,2.0,both,True
68906,5,9,AC,All B are C/All A are C,3,All B are C,All A are C,2.1,both,True
68906,6,59,AC,All B are C/All A are C,3,All B are C,All A are C,2.1,both,True
68906,7,108,DA,All B are C/No A are B,4,All B are C,No A are B,2.75,both,True
68906,8,1,MT,All B are C/No A are C,1,All B are C,No A are C,2.0,both,True
68906,9,94,MP,All B are C/All A are B,2,All B are C,All A are B,2.0,both,True
68906,10,93,DA,All B are C/No A are B,4,All B are C,No A are B,2.75,both,True
68906,11,97,MT,All B are C/No A are C,1,All B are C,No A are C,2.0,both,True
68906,12,39,MP,All B are C/All A are B,2,All B are C,All A are B,2.0,both,True
68906,13,4,MT,All B are C/No A are C,1,All B are C,No A are C,2.0,both,True
68906,14,128,DA,All B are C/No A are B,4,All B are C,No A are B,2.75,both,True
68906,15,40,MP,All B are C/All A are B,2,All B are C,All A are B,2.0,both,True
68906,16,14,MT,All B are C/No A are C,1,All B are C,No A are C,2.0,both,True
68906,17,45,DA,All B are C/No A are B,4,All B are C,No A are B,2.75,both,True
68906,18,88,DA,All B are C/No A are B,4,All B are C,No A are B,2.75,both,True
68906,19,92,MT,All B are C/No A are C,1,All B are C,No A are C,2.0,both,True
68906,20,25,AC,All B are C/All A are C,3,All B are C,All A are C,2.1,both,True
68906,21,118,AC,All B are C/All A are C,3,All B are C,All A are C,2.1,both,True
68906,22,47,AC,All B are C/All A are C,3,All B are C,All A are C,2.1,both,True
68906,23,54,DA,All B are C/No A are B,4,All B are C,No A are B,2.75,both,True
68906,24,11,MP,All B are C/All A are B,2,All B are C,All A are B,2.0,both,True
68906,25,104,DA,All B are C/No A are B,4,All B are C,No A are B,2.75,both,True
68906,26,96,DA,All B are C/No A are B,4,All B are C,No A are B,2.75,both,True
68906,27,95,MP,All B are C/All A are B,2,All B are C,All A are B,2.0,both,True
68906,28,122,AC,All B are C/All A are C,3,All B are C,All A are C,2.1,both,True
68906,29,19,AC,All B are C/All A are C,3,All B are C,All A are C,2.1,both,True
68906,30,119,AC,All B are C/All A are C,3,All B are C,All A are C,2.1,both,True
68906,31,85,MP,All B are C/All A are B,2,All B are C,All A are B,2.0,both,True
68906,32,56,MP,All B are C/All A are B,2,All B are C,All A are B,2.0,both,True
68906,33,44,DA,All B are C/No A are B,4,All B are C,No A are B,2.75,both,True
68906,34,61,AC,All B are C/All A are C,3,All B are C,All A are C,2.1,both,True
68906,35,117,AC,All B are C/All A are C,3,All B are C,All A are C,2.1,both,True
68906,36,37,MT,All B are C/No A are C,1,All B are C,No A are C,2.0,both,True
68906,37,55,MP,All B are C/All A are B,2,All B are C,All A are B,2.0,both,True
68906,38,10,DA,All B are C/No A are B,4,All B are C,No A are B,2.75,both,True
68906,39,78,AC,All B are C/All A are C,3,All B are C,All A are C,2.1,both,True
68906,40,84,MT,All B are C/No A are C,1,All B are C,No A are C,2.0,both,True
68906,41,30,MT,All B are C/No A are C,1,All B are C,No A are C,2.0,both,True
68906,42,86,MP,All B are C/All A are B,2,All B are C,All A are B,2.0,both,True
68906,43,42,MP,All B are C/All A are B,2,All B are C,All A are B,2.0,both,True
68906,44,12,MP,All B are C/All A are B,2,All B are C,All A are B,2.0,both,True
68906,45,33,MT,All B are C/No A are C,1,All B are C,No A are C,2.0,both,True
68906,46,98,AC,All B are C/All A are C,3,All B are C,All A are C,2.1,both,True
68906,47,109,MP,All B are C/All A are B,2,All B are C,All A are B,2.0,both,True
68906,48,53,DA,All B are C/No A are B,4,All B are C,No A are B,2.75,both,True
68906,49,127,DA,All B are C/No A are B,4,All B are C,No A are B,2.75,both,True
68906,50,41,MP,All B are C/All A are B,2,All B are C,All A are B,2.0,both,True
68906,51,87,DA,All B are C/No A are B,4,All B are C,No A are B,2.75,both,True
68906,52,43,MP,All B are C/All A are B,2,All B are C,All A are B,2.0,both,True
68906,53,107,MT,All B are C/No A are C,1,All B are C,No A are C,2.0,both,True
68906,54,71,MT,All B are C/No A are C,1,All B are C,No A are C,2.0,both,True
68906,55,74,DA,All B are C/No A are B,4,All B are C,No A are B,2.75,both,True
68906,56,21,AC,All B are C/All A are C,3,All B are C,All A are C,2.1,both,True
68906,57,52,MP,All B are C/All A are B,2,All B are C,All A are B,2.0,both,True
68906,58,46,MT,All B are C/No A are C,1,All B are C,No A are C,2.0,both,True
68906,59,24,AC,All B are C/All A are C,3,All B are C,All A are C,2.1,both,True
68906,60,103,AC,All B are C/All A are C,3,All B are C,All A are C,2.1,both,True
68906,61,65,MT,All B are C/No A are C,1,All B are C,No A are C,2.0,both,True
68906,62,77,MT,All B are C/No A are C,1,All B are C,No A are C,2.0,both,True
68906,63,89,DA,All B are C/No A are B,4,All B are C,No A are B,2.75,both,True
68906,64,62,AC,All B are C/All A are C,3,All B are C,All A are C,2.1,both,True
68939,1,102,AC,All B are C/All A are C,3,All B are C,All A are C,2.45,both,True
68939,2,79,DA,All B are C/No A are B,4,All B are C,No A are B,4.2,both,True
68939,3,69,DA,All B are C/No A are B,4,All B are C,No A are B,4.2,both,True
68939,4,80,AC,All B are C/All A are C,3,All B are C,All A are C,2.45,both,True
68939,5,51,MT,All B are C/No A are C,1,All B are C,No A are C,2.0,both,True
68939,6,2,DA,All B are C/No A are B,4,All B are C,No A are B,4.2,both,True
68939,7,114,AC,All B are C/All A are C,3,All B are C,All A are C,2.45,both,True
68939,8,50,MP,All B are C/All A are B,2,All B are C,All A are B,2.3,both,True
68939,9,27,AC,All B are C/All A are C,3,All B are C,All A are C,2.45,both,True
68939,10,17,MP,All B are C/All A are B,2,All B are C,All A are B,2.3,both,True
68939,11,29,MT,All B are C/No A are C,1,All B are C,No A are C,2.0,both,True
68939,12,106,MT,All B are C/No A are C,1,All B are C,No A are C,2.0,both,True
68939,13,36,DA,All B are C/No A are B,4,All B are C,No A are B,4.2,both,True
68939,14,83,MT,All B are C/No A are C,1,All B are C,No A are C,2.0,both,True
68939,15,125,MT,All B are C/No A are C,1,All B are C,No A are C,2.0,both,True
68939,16,57,AC,All B are C/All A are C,3,All B are C,All A are C,2.45,both,True
68939,17,31,MP,All B are C/All A are B,2,All B are C,All A are B,2.3,both,True
68939,18,68,MT,All B are C/No A are C,1,All B are C,No A are C,2.0,both,True
68939,19,81,MP,All B are C/All A are B,2,All B are C,All A are B,2.3,both,True
68939,20,72,DA,All B are C/No A are B,4,All B are C,No A are B,4.2,both,True
68939,21,91,DA,All B are C/No A are B,4,All B are C,No A are B,4.2,both,True
68939,22,90,MT,All B are C/No A are C,1,All B are C,No A are C,2.0,both,True
68939,23,3,MT,All B are C/No A are C,1,All B are C,No A are C,2.0,both,True
68939,24,115,MP,All B are C/All A are B,2,All B are C,All A are B,2.3,both,True
68939,25,101,MP,All B are C/All A are B,2,All B are C,All A are B,2.3,both,True
68939,26,16,DA,All B are C/No A are B,4,All B are C,No A are B,4.2,both,True
68939,27,13,MP,All B are C/All A are B,2,All B are C,All A are B,2.3,both,True
68939,28,48,MP,All B are C/All A are B,2,All B are C,All A are B,2.3,both,True
68939,29,116,AC,All B are C/All A are C,3,All B are C,All A are C,2.45,both,True
68939,30,20,AC,All B are C/All A are C,3,All B are C,All A are C,2.45,both,True
68939,31,63,AC,All B are C/All A are C,3,All B are C,All A are C,2.45,both,True
68939,32,75,DA,All B are C/No A are B,4,All B are C,No A are B,4.2,both,True
68939,33,64,MP,All B are C/All A are B,2,All B are C,All A are B,2.3,both,True
68939,34,26,MP,All B are C/All A are B,2,All B are C,All A are B,2.3,both,True
68939,35,60,AC,All B are C/All A are C,3,All B are C,All A are C,2.45,both,True
68939,36,111,MP,All B are C/All A are B,2,All B are C,All A are B,2.3,both,True
68939,37,121,AC,All B are C/All A are C,3,All B are C,All A are C,2.45,both,True
68939,38,58,DA,All B are C/No A are B,4,All B are C,No A are B,4.2,both,True
68939,39,82,DA,All B are C/No A are B,4,All B are C,No A are B,4.2,both,True
68939,40,15,MT,All B are C/No A are C,1,All B are C,No A are C,2.0,both,True
68939,41,49,AC,All B are C/All A are C,3,All B are C,All A are C,2.45,both,True
68939,42,73,MT,All B are C/No A are C,1,All B are C,No A are C,2.0,both,True
68939,43,66,MT,All B are C/No A are C,1,All B are C,No A are C,2.0,both,True
68939,44,32,MT,All B are C/No A are C,1,All B are C,No A are C,2.0,both,True
68939,45,105,DA,All B are C/No A are B,4,All B are C,No A are B,4.2,both,True
68939,46,110,DA,All B are C/No A are B,4,All B are C,No A are B,4.2,both,True
68939,47,23,AC,All B are C/All A are C,3,All B are C,All A are C,2.45,both,True
68939,48,22,MP,All B are C/All A are B,2,All B are C,All A are B,2.3,both,True
68939,49,113,MP,All B are C/All A are B,2,All B are C,All A are B,2.3,both,True
68939,50,35,MT,All B are C/No A are C,1,All B are C,No A are C,2.0,both,True
68939,51,124,AC,All B are C/All A are C,3,All B are C,All A are C,2.45,both,True
68939,52,6,DA,All B are C/No A are B,4,All B are C,No A are B,4.2,both,True
68939,53,120,MP,All B are C/All A are B,2,All B are C,All A are B,2.3,both,True
68939,54,100,MT,All B are C/No A are C,1,All B are C,No A are C,2.0,both,True
68939,55,18,AC,All B are C/All A are C,3,All B are C,All A are C,2.45,both,True
68939,56,99,AC,All B are C/All A are C,3,All B are C,All A are C,2.45,both,True
68939,57,8,AC,All B are C/All A are C,3,All B are C,All A are C,2.45,both,True
68939,58,67,DA,All B are C/No A are B,4,All B are C,No A are B,4.2,both,True
68939,59,123,DA,All B are C/No A are B,4,All B are C,No A are B,4.2,both,True
68939,60,28,DA,All B are C/No A are B,4,All B are C,No A are B,4.2,both,True
68939,61,7,MP,All B are C/All A are B,2,All B are C,All A are B,2.3,both,True
68939,62,112,MP,All B are C/All A are B,2,All B are C,All A are B,2.3,both,True
68939,63,76,MT,All B are C/No A are C,1,All B are C,No A are C,2.0,both,True
68939,64,5,MT,All B are C/No A are C,1,All B are C,No A are C,2.0,both,True
68987,1,18,AC,All B are C/All A are C,3,All B are C,All A are C,2.85,both,True
68987,2,60,AC,All B are C/All A are C,3,All B are C,All A are C,2.85,both,True
68987,3,112,MP,All B are C/All A are B,2,All B are C,All A are B,2.75,both,True
68987,4,91,DA,All B are C/No A are B,4,All B are C,No A are B,6.65,both,True
68987,5,110,DA,All B are C/No A are B,4,All B are C,No A are B,6.65,both,True
68987,6,90,MT,All B are C/No A are C,1,All B are C,No A are C,2.0,both,True
68987,7,31,MP,All B are C/All A are B,2,All B are C,All A are B,2.75,both,True
68987,8,57,AC,All B are C/All A are C,3,All B are C,All A are C,2.85,both,True
68987,9,36,DA,All B are C/No A are B,4,All B are C,No A are B,6.65,both,True
68987,10,63,AC,All B are C/All A are C,3,All B are C,All A are C,2.85,both,True
68987,11,114,AC,All B are C/All A are C,3,All B are C,All A are C,2.85,both,True
68987,12,20,AC,All B are C/All A are C,3,All B are C,All A are C,2.85,both,True
68987,13,106,MT,All B are C/No A are C,1,All B are C,No A are C,2.0,both,True
68987,14,69,DA,All B are C/No A are B,4,All B are C,No A are B,6.65,both,True
68987,15,15,MT,All B are C/No A are C,1,All B are C,No A are C,2.0,both,True
68987,16,66,MT,All B are C/No A are C,1,All B are C,No A are C,2.0,both,True
68987,17,2,DA,All B are C/No A are B,4,All B are C,No A are B,6.65,both,True
68987,18,75,DA,All B are C/No A are B,4,All B are C,No A are B,6.65,both,True
68987,19,102,AC,All B are C/All A are C,3,All B are C,All A are C,2.85,both,True
68987,20,17,MP,All B are C/All A are B,2,All B are C,All A are B,2.75,both,True
68987,21,82,DA,All B are C/No A are B,4,All B are C,No A are B,6.65,both,True
68987,22,50,MP,All B are C/All A are B,2,All B are C,All A are B,2.75,both,True
68987,23,68,MT,All B are C/No A are C,1,All B are C,No A are C,2.0,both,True
68987,24,23,AC,All B are C/All A are C,3,All B are C,All A are C,2.85,both,True
68987,25,101,MP,All B are C/All A are B,2,All B are C,All A are B,2.75,both,True
68987,26,100,MT,All B are C/No A are C,1,All B are C,No A are C,2.0,both,True
68987,27,113,MP,All B are C/All A are B,2,All B are C,All A are B,2.75,both,True
68987,28,105,DA,All B are C/No A are B,4,All B are C,No A are B,6.65,both,True
68987,29,73,MT,All B are C/No A are C,1,All B are C,No A are C,2.0,both,True
68987,30,79,DA,All B are C/No A are B,4,All B are C,No A are B,6.65,both,True
68987,31,8,AC,All B are C/All A are C,3,All B are C,All A are C,2.85,both,True
68987,32,123,DA,All B are C/No A are B,4,All B are C,No A are B,6.65,both,True
68987,33,22,MP,All B are C/All A are B,2,All B are C,All A are B,2.75,both,True
68987,34,81,MP,All B are C/All A are B,2,All B are C,All A are B,2.75,both,True
68987,35,29,MT,All B are C/No A are C,1,All B are C,No A are C,2.0,both,True
68987,36,72,DA,All B are C/No A are B,4,All B are C,No A are B,6.65,both,True
68987,37,58,DA,All B are C/No A are B,4,All B are C,No A are B,6.65,both,True
68987,38,48,MP,All B are C/All A are B,2,All B are C,All A are B,2.75,both,True
68987,39,124,AC,All B are C/All A are C,3,All B are C,All A are C,2.85,both,True
68987,40,125,MT,All B are C/No A are C,1,All B are C,No A are C,2.0,both,True
68987,41,76,MT,All B are C/No A are C,1,All B are C,No A are C,2.0,both,True
68987,42,116,AC,All B are C/All A are C,3,All B are C,All A are C,2.85,both,True
68987,43,13,MP,All B are C/All A are B,2,All B are C,All A are B,2.75,both,True
68987,44,3,MT,All B are C/No A are C,1,All B are C,No A are C,2.0,both,True
68987,45,115,MP,All B are C/All A are B,2,All B are C,All A are B,2.75,both,True
68987,46,111,MP,All B are C/All A are B,2,All B are C,All A are B,2.75,both,True
68987,47,83,MT,All B are C/No A are C,1,All B are C,No A are C,2.0,both,True
68987,48,35,MT,All B are C/No A are C,1,All B are C,No A are C,2.0,both,True
68987,49,80,AC,All B are C/All A are C,3,All B are C,All A are C,2.85,both,True
68987,50,27,AC,All B are C/All A are C,3,All B are C,All A are C,2.85,both,True
68987,51,16,DA,All B are C/No A are B,4,All B are C,No A are B,6.65,both,True
68987,52,121,AC,All B are C/All A are C,3,All B are C,All A are C,2.85,both,True
68987,53,67,DA,All B are C/No A are B,4,All B are C,No A are B,6.65,both,True
68987,54,7,MP,All B are C/All A are B,2,All B are C,All A are B,2.75,both,True
68987,55,99,AC,All B are C/All A are C,3,All B are C,All A are C,2.85,both,True
68987,56,6,DA,All B are C/No A are B,4,All B are C,No A are B,6.65,both,True
68987,57,49,AC,All B are C/All A are C,3,All B are C,All A are C,2.85,both,True
68987,58,51,MT,All B are C/No A are C,1,All B are C,No A are C,2.0,both,True
68987,59,32,MT,All B are C/No A are C,1,All B are C,No A are C,2.0,both,True
68987,60,26,MP,All B are C/All A are B,2,All B are C,All A are B,2.75,both,True
68987,61,120,MP,All B are C/All A are B,2,All B are C,All A are B,2.75,both,True
68987,62,28,DA,All B are C/No A are B,4,All B are C,No A are B,6.65,both,True
68987,63,64,MP,All B are C/All A are B,2,All B are C,All A are B,2.75,both,True
68987,64,5,MT,All B are C/No A are C,1,All B are C,No A are C,2.0,both,True
69019,1,41,MP,All B are C/All A are B,2,All B are C,All A are B,2.5,both,True
69019,2,95,MP,All B are C/All A are B,2,All B are C,All A are B,2.5,both,True
69019,3,103,AC,All B are C/All A are C,3,All B are C,All A are C,2.95,both,True
69019,4,47,AC,All B are C/All A are C,3,All B are C,All A are C,2.95,both,True
69019,5,4,MT,All B are C/No A are C,1,All B are C,No A are C,2.0,both,True
69019,6,37,MT,All B are C/No A are C,1,All B are C,No A are C,2.0,both,True
69019,7,107,MT,All B are C/No A are C,1,All B are C,No A are C,2.0,both,True
69019,8,78,AC,All B are C/All A are C,3,All B are C,All A are C,2.95,both,True
69019,9,10,DA,All B are C/No A are B,4,All B are C,No A are B,6.6,both,True
69019,10,43,MP,All B are C/All A are B,2,All B are C,All A are B,2.5,both,True
69019,11,42,MP,All B are C/All A are B,2,All B are C,All A are B,2.5,both,True
69019,12,96,DA,All B are C/No A are B,4,All B are C,No A are B,6.6,both,True
69019,13,77,MT,All B are C/No A are C,1,All B are C,No A are C,2.0,both,True
69019,14,52,MP,All B are C/All A are B,2,All B are C,All A are B,2.5,both,True
69019,15,89,DA,All B are C/No A are B,4,All B are C,No A are B,6.6,both,True
69019,16,34,MP,All B are C/All A are B,2,All B are C,All A are B,2.5,both,True
69019,17,74,DA,All B are C/No A are B,4,All B are C,No A are B,6.6,both,True
69019,18,70,MT,All B are C/No A are C,1,All B are C,No A are C,2.0,both,True
69019,19,88,DA,All B are C/No A are B,4,All B are C,No A are B,6.6,both,True
69019,20,98,AC,All B are C/All A are C,3,All B are C,All A are C,2.95,both,True
69019,21,118,AC,All B are C/All A are C,3,All B are C,All A are C,2.95,both,True
69019,22,126,MT,All B are C/No A are C,1,All B are C,No A are C,2.0,both,True
69019,23,12,MP,All B are C/All A are B,2,All B are C,All A are B,2.5,both,True
69019,24,117,AC,All B are C/All A are C,3,All B are C,All A are C,2.95,both,True
69019,25,86,MP,All B are C/All A are B,2,All B are C,All A are B,2.5,both,True
69019,26,14,MT,All B are C/No A are C,1,All B are C,No A are C,2.0,both,True
69019,27,56,MP,All B are C/All A are B,2,All B are C,All A are B,2.5,both,True
69019,28,30,MT,All B are C/No A are C,1,All B are C,No A are C,2.0,both,True
69019,29,39,MP,All B are C/All A are B,2,All B are C,All A are B,2.5,both,True
69019,30,53,DA,All B are C/No A are B,4,All B are C,No A are B,6.6,both,True
69019,31,24,AC,All B are C/All A are C,3,All B are C,All A are C,2.95,both,True
69019,32,46,MT,All B are C/No A are C,1,All B are C,No A are C,2.0,both,True
69019,33,87,DA,All B are C/No A are B,4,All B are C,No A are B,6.6,both,True
69019,34,61,AC,All B are C/All A are C,3,All B are C,All A are C,2.95,both,True
69019,35,104,DA,All B are C/No A are B,4,All B are C,No A are B,6.6,both,True
69019,36,40,MP,All B are C/All A are B,2,All B are C,All A are B,2.5,both,True
69019,37,62,AC,All B are C/All A are C,3,All B are C,All A are C,2.95,both,True
69019,38,19,AC,All B are C/All A are C,3,All B are C,All A are C,2.95,both,True
69019,39,128,DA,All B are C/No A are B,4,All B are C,No A are B,6.6,both,True
69019,40,109,MP,All B are C/All A are B,2,All B are C,All A are B,2.5,both,True
69019,41,85,MP,All B are C/All A are B,2,All B are C,All A are B,2.5,both,True
69019,42,21,AC,All B are C/All A are C,3,All B are C,All A are C,2.95,both,True
69019,43,93,DA,All B are C/No A are B,4,All B are C,No A are B,6.6,both,True
69019,44,25,AC,All B are C/All A are C,3,All B are C,All A are C,2.95,both,True
69019,45,119,AC,All B are C/All A are C,3,All B are C,All A are C,2.95,both,True
69019,46,65,MT,All B are C/No A are C,1,All B are C,No A are C,2.0,both,True
69019,47,94,MP,All B are C/All A are B,2,All B are C,All A are B,2.5,both,True
69019,48,45,DA,All B are C/No A are B,4,All B are C,No A are B,6.6,both,True
69019,49,59,AC,All B are C/All A are C,3,All B are C,All A are C,2.95,both,True
69019,50,55,MP,All B are C/All A are B,2,All B are C,All A are B,2.5,both,True
69019,51,127,DA,All B are C/No A are B,4,All B are C,No A are B,6.6,both,True
69019,52,33,MT,All B are C/No A are C,1,All B are C,No A are C,2.0,both,True
69019,53,122,AC,All B are C/All A are C,3,All B are C,All A are C,2.95,both,True
69019,54,44,DA,All B are C/No A are B,4,All B are C,No A are B,6.6,both,True
69019,55,54,DA,All B are C/No A are B,4,All B are C,No A are B,6.6,both,True
69019,56,92,MT,All B are C/No A are C,1,All B are C,No A are C,2.0,both,True
69019,57,9,AC,All B are C/All A are C,3,All B are C,All A are C,2.95,both,True
69019,58,97,MT,All B are C/No A are C,1,All B are C,No A are C,2.0,both,True
69019,59,38,DA,All B are C/No A are B,4,All B are C,No A are B,6.6,both,True
69019,60,84,MT,All B are C/No A are C,1,All B are C,No A are C,2.0,both,True
69019,61,108,DA,All B are C/No A are B,4,All B are C,No A are B,6.6,both,True
69019,62,1,MT,All B are C/No A are C,1,All B are C,No A are C,2.0,both,True
69019,63,71,MT,All B are C/No A are C,1,All B are C,No A are C,2.0,both,True
69019,64,11,MP,All B are C/All A are B,2,All B are C,All A are B,2.5,both,True
69283,1,107,MT,All B are C/No A are C,1,All B are C,No A are C,2.0,both,True
69283,2,46,MT,All B are C/No A are C,1,All B are C,No A are C,2.0,both,True
69283,3,4,MT,All B are C/No A are C,1,All B are C,No A are C,2.0,both,True
69283,4,89,DA,All B are C/No A are B,4,All B are C,No A are B,2.75,both,True
69283,5,78,AC,All B are C/All A are C,3,All B are C,All A are C,2.1,both,True
69283,6,53,DA,All B are C/No A are B,4,All B are C,No A are B,2.75,both,True
69283,7,42,MP,All B are C/All A are B,2,All B are C,All A are B,2.0,both,True
69283,8,93,DA,All B are C/No A are B,4,All B are C,No A are B,2.75,both,True
69283,9,19,AC,All B are C/All A are C,3,All B are C,All A are C,2.1,both,True
69283,10,14,MT,All B are C/No A are C,1,All B are C,No A are C,2.0,both,True
69283,11,59,AC,All B are C/All A are C,3,All B are C,All A are C,2.1,both,True
69283,12,109,MP,All B are C/All A are B,2,All B are C,All A are B,2.0,both,True
69283,13,127,DA,All B are C/No A are B,4,All B are C,No A are B,2.75,both,True
69283,14,62,AC,All B are C/All A are C,3,All B are C,All A are C,2.1,both,True
69283,15,33,MT,All B are C/No A are C,1,All B are C,No A are C,2.0,both,True
69283,16,39,MP,All B are C/All A are B,2,All B are C,All A are B,2.0,both,True
69283,17,30,MT,All B are C/No A are C,1,All B are C,No A are C,2.0,both,True
69283,18,128,DA,All B are C/No A are B,4,All B are C,No A are B,2.75,both,True
69283,19,24,AC,All B are C/All A are C,3,All B are C,All A are C,2.1,both,True
69283,20,25,AC,All B are C/All A are C,3,All B are C,All A are C,2.1,both,True
69283,21,12,MP,All B are C/All A are B,2,All B are C,All A are B,2.0,both,True
69283,22,71,MT,All B are C/No A are C,1,All B are C,No A are C,2.0,both,True
69283,23,119,AC,All B are C/All A are C,3,All B are C,All A are C,2.1,both,True
69283,24,21,AC,All B are C/All A are C,3,All B are C,All A are C,2.1,both,True
69283,25,70,MT,All B are C/No A are C,1,All B are C,No A are C,2.0,both,True
69283,26,118,AC,All B are C/All A are C,3,All B are C,All A are C,2.1,both,True
69283,27,40,MP,All B are C/All A are B,2,All B are C,All A are B,2.0,both,True
69283,28,9,AC,All B are C/All A are C,3,All B are C,All A are C,2.1,both,True
69283,29,108,DA,All B are C/No A are B,4,All B are C,No A are B,2.75,both,True
69283,30,86,MP,All B are C/All A are B,2,All B are C,All A are B,2.0,both,True
69283,31,56,MP,All B are C/All A are B,2,All B are C,All A are B,2.0,both,True
69283,32,74,DA,All B are C/No A are B,4,All B are C,No A are B,2.75,both,True
69283,33,34,MP,All B are C/All A are B,2,All B are C,All A are B,2.0,both,True
69283,34,103,AC,All B are C/All A are C,3,All B are C,All A are C,2.1,both,True
69283,35,85,MP,All B are C/All A are B,2,All B are C,All A are B,2.0,both,True
69283,36,45,DA,All B are C/No A are B,4,All B are C,No A are B,2.75,both,True
69283,37,97,MT,All B are C/No A are C,1,All B are C,No A are C,2.0,both,True
69283,38,10,DA,All B are C/No A are B,4,All B are C,No A are B,2.75,both,True
69283,39,1,MT,All B are C/No A are C,1,All B are C,No A are C,2.0,both,True
69283,40,98,AC,All B are C/All A are C,3,All B are C,All A are C,2.1,both,True
69283,41,94,MP,All B are C/All A are B,2,All B are C,All A are B,2.0,both,True
69283,42,52,MP,All B are C/All A are B,2,All B are C,All A are B,2.0,both,True
69283,43,77,MT,All B are C/No A are C,1,All B are C,No A are C,2.0,both,True
69283,44,95,MP,All B are C/All A are B,2,All B are C,All A are B,2.0,both,True
69283,45,84,MT,All B are C/No A are C,1,All B are C,No A are C,2.0,both,True
69283,46,55,MP,All B are C/All A are B,2,All B are C,All A are B,2.0,both,True
69283,47,43,MP,All B are C/All A are B,2,All B are C,All A are B,2.0,both,True
69283,48,65,MT,All B are C/No A are C,1,All B are C,No A are C,2.0,both,True
69283,49,117,AC,All B are C/All A are C,3,All B are C,All A are C,2.1,both,True
69283,50,11,MP,All B are C/All A are B,2,All B are C,All A are B,2.0,both,True
69283,51,126,MT,All B are C/No A are C,1,All B are C,No A are C,2.0,both,True
69283,52,87,DA,All B are C/No A are B,4,All B are C,No A are B,2.75,both,True
69283,53,38,DA,All B are C/No A are B,4,All B are C,No A are B,2.75,both,True
69283,54,41,MP,All B are C/All A are B,2,All B are C,All A are B,2.0,both,True
69283,55,92,MT,All B are C/No A are C,1,All B are C,No A are C,2.0,both,True
69283,56,54,DA,All B are C/No A are B,4,All B are C,No A are B,2.75,both,True
69283,57,122,AC,All B are C/All A are C,3,All B are C,All A are C,2.1,both,True
69283,58,96,DA,All B are C/No A are B,4,All B are C,No A are B,2.75,both,True
69283,59,44,DA,All B are C/No A are B,4,All B are C,No A are B,2.75,both,True
69283,60,47,AC,All B are C/All A are C,3,All B are C,All A are C,2.1,both,True
69283,61,88,DA,All B are C/No A are B,4,All B are C,No A are B,2.75,both,True
69283,62,61,AC,All B are C/All A are C,3,All B are C,All A are C,2.1,both,True
69283,63,37,MT,All B are C/No A are C,1,All B are C,No A are C,2.0,both,True
69283,64,104,DA,All B are C/No A are B,4,All B are C,No A are B,2.75,both,True
