subject_id,item_id,sequence,condition,confidence,is_correct_binary,fitted,residual,standardized_residual,absolute_standardized_residual
63873,125,1,Standard,99.0,0,94.75411340586913,4.245886594130866,0.25458247720689825,0.25458247720689825
63873,17,2,Standard,100.0,1,105.64077501939288,-5.640775019392876,-0.33821969710375327,0.33821969710375327
63873,49,3,Standard,100.0,0,102.30045442267368,-2.300454422673681,-0.1379347687795968,0.1379347687795968
63873,7,4,Standard,100.0,1,105.29082190072587,-5.290821900725874,-0.31723658088494566,0.31723658088494566
63873,105,5,Standard,99.0,0,98.46200073724367,0.5379992627563297,0.03225832391221183,0.03225832391221183
63873,73,6,Standard,100.0,1,96.26591149929256,3.7340885007074434,0.22389516995907624,0.22389516995907624
63873,120,7,Standard,100.0,1,97.34433772812145,2.6556622718785547,0.15923295754867814,0.15923295754867814
63873,6,8,Standard,100.0,1,102.19744286617583,-2.197442866175834,-0.13175821727433254,0.13175821727433254
63873,60,9,Standard,100.0,1,100.52242170297652,-0.5224217029765157,-0.0313242966673331,0.0313242966673331
63873,35,10,Standard,100.0,1,103.98237875859908,-3.982378758599083,-0.23878260218766417,0.23878260218766417
63873,69,11,Standard,100.0,1,99.20002698873094,0.79997301126906,0.04796621539281322,0.04796621539281322
63873,63,12,Standard,100.0,1,96.55018571036881,3.449814289631192,0.20685014738078406,0.20685014738078406
63873,28,13,Standard,100.0,0,101.22947437475275,-1.2294743747527548,-0.07371902782792775,0.07371902782792775
63873,82,14,Standard,100.0,1,97.47912817423797,2.520871825762029,0.15115095043063537,0.15115095043063537
63873,79,15,Standard,100.0,1,100.24598012841359,-0.24598012841359207,-0.014748917345500132,0.014748917345500132
63873,90,16,Standard,100.0,1,100.10726134124964,-0.10726134124963949,-0.006431367715193864,0.006431367715193864
63873,112,17,Standard,100.0,1,98.62729227459918,1.372707725400815,0.08230726974588973,0.08230726974588973
63873,31,18,Standard,100.0,1,97.3833538397516,2.6166461602483935,0.15689355960914825,0.15689355960914825
63873,20,19,Standard,81.0,1,97.19764403000988,-16.197644030009883,-0.9712073675673742,0.9712073675673742
63873,111,20,Standard,100.0,0,99.47195043620304,0.5280495637969551,0.03166174203175325,0.03166174203175325
63873,22,21,Standard,100.0,1,106.10001470174998,-6.100014701749984,-0.36575561295411857,0.36575561295411857
63873,18,22,Standard,100.0,0,100.45163697546671,-0.45163697546671244,-0.027080059126280785,0.027080059126280785
63873,68,23,Standard,100.0,1,95.31908230373564,4.680917696264359,0.28066685162148686,0.28066685162148686
63873,110,24,Standard,100.0,1,96.12792729863564,3.8720727013643597,0.2321686739351857,0.2321686739351857
63873,13,25,Standard,100.0,1,97.44704446345474,2.552955536545255,0.15307468305704938,0.15307468305704938
63873,101,26,Standard,100.0,1,101.90294304641824,-1.902943046418244,-0.11410006932603116,0.11410006932603116
63873,2,27,Standard,100.0,0,98.94629838520973,1.0537016147902705,0.0631797296943885,0.0631797296943885
63873,58,28,Standard,100.0,1,100.9450312153468,-0.9450312153468019,-0.056663875142921254,0.056663875142921254
63873,15,29,Standard,100.0,1,101.58345055170281,-1.5834505517028106,-0.09494336578474954,0.09494336578474954
63873,100,30,Standard,100.0,0,96.55832984643877,3.4416701535612333,0.2063618266756889,0.2063618266756889
63873,83,31,Standard,100.0,1,98.88324941447485,1.1167505855251534,0.06696013286794933,0.06696013286794933
63873,8,32,Standard,100.0,0,102.7468363029962,-2.7468363029962006,-0.1646997334938846,0.1646997334938846
63873,116,33,Standard,100.0,0,101.51162598369064,-1.5116259836906352,-0.09063677962342087,0.09063677962342087
63873,51,34,Standard,100.0,0,97.01077567471259,2.9892243252874096,0.17923326890330324,0.17923326890330324
63873,76,35,Standard,100.0,0,94.61326881900553,5.386731180994474,0.322987281384498,0.322987281384498
63873,67,36,Standard,100.0,1,100.71000033488706,-0.7100003348870558,-0.042571472427721385,0.042571472427721385
63873,16,37,Standard,100.0,0,99.14074287736544,0.8592571226345598,0.051520878381528315,0.051520878381528315
63873,29,38,Standard,100.0,1,100.54892198713401,-0.5489219871340083,-0.03291324819440096,0.03291324819440096
63873,23,39,Standard,100.0,0,99.29057222320787,0.7094277767921255,0.0425371419634189,0.0425371419634189
63873,3,40,Standard,100.0,1,100.0197493190808,-0.019749319080801797,-0.0011841650650043288,0.0011841650650043288
63873,36,41,Standard,78.0,0,96.03376673234044,-18.03376673234044,-1.0813009029579075,1.0813009029579075
63873,115,42,Standard,100.0,1,103.51528800154156,-3.5152880015415633,-0.2107759375309765,0.2107759375309765
63873,99,43,Standard,100.0,0,96.01767883568233,3.9823211643176677,0.23877914884652784,0.23877914884652784
63873,66,44,Standard,100.0,0,95.74891411787024,4.2510858821297575,0.25489422543406465,0.25489422543406465
63873,75,45,Standard,100.0,0,94.46364600815004,5.536353991849964,0.3319586340077414,0.3319586340077414
63873,26,46,Standard,100.0,1,105.45589286022835,-5.455892860228346,-0.3271342012884556,0.3271342012884556
63873,113,47,Standard,100.0,1,102.18433994696966,-2.184339946969658,-0.13097256896362136,0.13097256896362136
63873,57,48,Standard,100.0,1,100.08008716305628,-0.08008716305627672,-0.004802009641878649,0.004802009641878649
63873,64,49,Standard,100.0,0,97.1404196770607,2.859580322939294,0.17145984148335672,0.17145984148335672
63873,27,50,Standard,100.0,0,99.36487132076876,0.6351286792312436,0.03808218352495446,0.03808218352495446
63873,50,51,Standard,100.0,0,92.15055674326602,7.849443256733977,0.4706509852987201,0.4706509852987201
63873,81,52,Standard,100.0,0,96.45735914223002,3.5426408577699817,0.21241600910211567,0.21241600910211567
63873,5,53,Standard,100.0,0,94.8472829463563,5.152717053643698,0.3089558429742674,0.3089558429742674
63873,121,54,Standard,100.0,1,98.67778682759781,1.3222131724021864,0.07927962684897025,0.07927962684897025
63873,91,55,Standard,100.0,0,96.19644117162332,3.80355882837668,0.2280605963590316,0.2280605963590316
63873,102,56,Standard,100.0,0,95.07667050393988,4.92332949606012,0.2952018127251336,0.2952018127251336
63873,32,57,Standard,100.0,0,97.33318729399089,2.666812706009111,0.15990153526029516,0.15990153526029516
63873,123,58,Standard,100.0,1,96.93458206681639,3.0654179331836104,0.18380182178748986,0.18380182178748986
63873,114,59,Standard,100.0,0,95.89749772625589,4.102502273744108,0.24598518317479973,0.24598518317479973
63873,124,60,Standard,100.0,0,96.74330087212434,3.256699127875663,0.1952710024422704,0.1952710024422704
63873,48,61,Standard,100.0,1,103.90399369482343,-3.903993694823427,-0.23408265006468193,0.23408265006468193
63873,72,62,Standard,100.0,0,97.06669190546663,2.9333080945333734,0.17588054333566497,0.17588054333566497
63873,106,63,Standard,100.0,1,95.26242226536286,4.737577734637142,0.2840641757392625,0.2840641757392625
63873,80,64,Standard,100.0,1,100.11133580319748,-0.11133580319747693,-0.0066756716062585835,0.0066756716062585835
63884,89,1,Neutral,72.0,1,64.6695001165261,7.330499883473905,0.4395352485578294,0.4395352485578294
63884,40,2,Neutral,70.0,1,74.55988584245361,-4.55988584245361,-0.2734098068368532,0.2734098068368532
63884,84,3,Neutral,75.0,1,70.59343828791322,4.406561712086784,0.26421652386543876,0.26421652386543876
63884,54,4,Neutral,78.0,1,70.54630684770343,7.453693152296566,0.44692189133708815,0.44692189133708815
63884,126,5,Neutral,63.0,1,69.27925739312366,-6.2792573931236575,-0.3765029674534636,0.3765029674534636
63884,78,6,Neutral,70.0,1,69.92163053435878,0.0783694656412166,0.0046990168620850556,0.0046990168620850556
63884,25,7,Neutral,81.0,0,71.34320725155682,9.65679274844318,0.5790192849640917,0.5790192849640917
63884,96,8,Neutral,19.0,1,61.943710323811246,-42.943710323811246,-2.574895940415302,2.574895940415302
63884,24,9,Neutral,82.0,0,69.94707396481398,12.052926035186019,0.7226909385358397,0.7226909385358397
63884,65,10,Neutral,27.0,0,66.45555520940721,-39.45555520940721,-2.365746885154519,2.365746885154519
63884,33,11,Neutral,66.0,0,67.31996786105738,-1.3199678610573784,-0.0791449984476719,0.0791449984476719
63884,45,12,Neutral,58.0,1,67.21844085882252,-9.218440858822518,-0.5527357968223654,0.5527357968223654
63884,104,13,Neutral,75.0,0,69.25370453310666,5.7462954668933435,0.3445466811917841,0.3445466811917841
63884,43,14,Neutral,90.0,0,71.13122777494424,18.868772225055764,1.1313676586528625,1.1313676586528625
63884,70,15,Neutral,53.0,0,65.99979153703286,-12.999791537032863,-0.7794647971158442,0.7794647971158442
63884,55,16,Neutral,90.0,1,74.1264498250789,15.873550174921107,0.9517747674150088,0.9517747674150088
63884,62,17,Neutral,37.0,1,63.93346665169059,-26.933466651690587,-1.6149250593350715,1.6149250593350715
63884,122,18,Neutral,97.0,1,65.67357532457031,31.326424675429692,1.8783259088762148,1.8783259088762148
63884,98,19,Neutral,62.0,0,64.2639285015617,-2.2639285015616935,-0.13574468214567503,0.13574468214567503
63884,53,20,Neutral,43.0,1,64.71816850298072,-21.718168502980717,-1.3022168669150396,1.3022168669150396
63884,37,21,Neutral,65.0,0,68.80816451412367,-3.808164514123675,-0.22833675231862016,0.22833675231862016
63884,86,22,Neutral,89.0,0,68.46786811330452,20.53213188669548,1.2311023580514813,1.2311023580514813
63884,46,23,Neutral,66.0,0,65.70572121477639,0.29427878522361084,0.01764489476361047,0.01764489476361047
63884,94,24,Neutral,77.0,1,75.49815106398339,1.5018489360166143,0.09005054987812743,0.09005054987812743
63884,47,25,Neutral,84.0,0,71.7792822238308,12.220717776169195,0.7327516964311173,0.7327516964311173
63884,42,26,Neutral,74.0,1,68.69776126090406,5.302238739095941,0.3179211321393622,0.3179211321393622
63884,87,27,Neutral,83.0,1,66.2869866446337,16.7130133553663,1.002108805139223,1.002108805139223
63884,19,28,Neutral,87.0,0,70.4724189841812,16.527581015818797,0.9909903206225782,0.9909903206225782
63884,92,29,Neutral,75.0,0,70.71375356078637,4.2862464392136275,0.2570024451248024,0.2570024451248024
63884,109,30,Neutral,67.0,1,66.43318395791275,0.5668160420872539,0.03398617200813889,0.03398617200813889
63884,117,31,Neutral,56.0,0,68.96330344938279,-12.963303449382792,-0.7772769789684311,0.7772769789684311
63884,4,32,Neutral,57.0,0,69.41519589879195,-12.41519589879195,-0.7444125642197876,0.7444125642197876
63884,1,33,Neutral,30.0,0,70.9960157952183,-40.9960157952183,-2.458112581524621,2.458112581524621
63884,95,34,Neutral,80.0,0,65.66816630961102,14.331833690388976,0.8593337676187709,0.8593337676187709
63884,118,35,Neutral,91.0,0,68.84651665918972,22.153483340810283,1.3283182540629588,1.3283182540629588
63884,93,36,Neutral,90.0,0,66.22068198020939,23.779318019790608,1.4258029633050389,1.4258029633050389
63884,10,37,Neutral,94.0,1,67.18612307801595,26.813876921984047,1.6077544840118212,1.6077544840118212
63884,128,38,Neutral,63.0,0,66.60095982391184,-3.600959823911836,-0.21591280218393316,0.21591280218393316
63884,74,39,Neutral,23.0,1,65.0802032468033,-42.08020324680329,-2.523120235653368,2.523120235653368
63884,38,40,Neutral,65.0,0,64.78600835341503,0.21399164658497227,0.012830894627400452,0.012830894627400452
63884,12,41,Neutral,64.0,1,71.07237764051811,-7.072377640518113,-0.42405829254946054,0.42405829254946054
63884,39,42,Neutral,61.0,1,70.20360462565718,-9.203604625657178,-0.5518462193671237,0.5518462193671237
63884,14,43,Neutral,70.0,1,69.33362744250336,0.6663725574966435,0.03995555996825169,0.03995555996825169
63884,21,44,Neutral,95.0,0,65.30892127290016,29.691078727099836,1.7802709059019062,1.7802709059019062
63884,127,45,Neutral,62.0,0,65.14339742689016,-3.1433974268901608,-0.18847745601347113,0.18847745601347113
63884,77,46,Neutral,39.0,0,65.84073237125573,-26.840732371255726,-1.6093647311652752,1.6093647311652752
63884,11,47,Neutral,89.0,1,74.43166763377671,14.568332366223288,0.8735141790393861,0.8735141790393861
63884,85,48,Neutral,71.0,0,67.72104508885558,3.2789549111444245,0.19660545457873896,0.19660545457873896
63884,9,49,Neutral,100.0,0,70.7512053750636,29.248794624936394,1.7537516431138602,1.7537516431138602
63884,88,50,Neutral,59.0,1,66.07288109345055,-7.0728810934505475,-0.42408847948259093,0.42408847948259093
63884,52,51,Neutral,57.0,1,70.83275411426713,-13.832754114267132,-0.8294090600234009,0.8294090600234009
63884,34,52,Neutral,65.0,1,71.70128285073845,-6.701282850738451,-0.40180752612737286,0.40180752612737286
63884,44,53,Neutral,83.0,1,66.72307306380728,16.276926936192723,0.9759611541343755,0.9759611541343755
63884,108,54,Neutral,68.0,1,64.99143921970543,3.008560780294573,0.18039267872431167,0.18039267872431167
63884,71,55,Neutral,26.0,0,64.87276106234262,-38.87276106234262,-2.330802669294756,2.330802669294756
63884,119,56,Neutral,14.0,1,63.4787618065263,-49.4787618065263,-2.9667362682855694,2.9667362682855694
63884,107,57,Neutral,66.0,1,66.79672100418546,-0.7967210041854571,-0.04777122572436979,0.04777122572436979
63884,59,58,Neutral,83.0,1,64.71990672024296,18.28009327975704,1.0960705915147866,1.0960705915147866
63884,30,59,Neutral,68.0,1,68.75901456056232,-0.7590145605623206,-0.04551035520618174,0.04551035520618174
63884,56,60,Neutral,91.0,1,74.07270815832607,16.927291841673934,1.014956898616743,1.014956898616743
63884,103,61,Neutral,84.0,0,65.67321307668746,18.32678692331254,1.0988703326719356,1.0988703326719356
63884,41,62,Neutral,90.0,1,73.35194225394525,16.648057746054747,0.9982140803131108,0.9982140803131108
63884,97,63,Neutral,28.0,1,66.12910898035129,-38.12910898035129,-2.2862134451089005,2.2862134451089005
63884,61,64,Neutral,97.0,1,63.638309940220516,33.361690059779484,2.000359998066787,2.000359998066787
63885,15,1,Standard,100.0,1,96.71147083731675,3.288529162683247,0.1971795247099395,0.1971795247099395
63885,113,2,Standard,100.0,1,97.82893420990136,2.1710657900986376,0.13017665327813682,0.13017665327813682
63885,3,3,Standard,100.0,1,95.54203403809083,4.457965961909167,0.2672987119947294,0.2672987119947294
63885,23,4,Standard,100.0,0,94.47808258262654,5.521917417373459,0.331093020004369,0.331093020004369
63885,83,5,Standard,100.0,1,93.92365538155629,6.076344618443713,0.3643363596815196,0.3643363596815196
63885,50,6,Standard,100.0,0,87.79515100619773,12.204848993802273,0.7318002075404784,0.7318002075404784
63885,67,7,Standard,100.0,1,94.30380597916047,5.696194020839528,0.34154260890552485,0.34154260890552485
63885,99,8,Standard,100.0,1,91.20518919510101,8.794810804898987,0.5273350268874771,0.5273350268874771
63885,73,9,Standard,100.0,0,90.03590984765322,9.964090152346785,0.5974447733963946,0.5974447733963946
63885,66,10,Standard,100.0,0,91.13977735908158,8.860222640918423,0.5312571069721168,0.5312571069721168
63885,75,11,Standard,67.0,0,88.27648744875461,-21.276487448754608,-1.2757337627559058,1.2757337627559058
63885,81,12,Standard,100.0,0,91.88291760883054,8.117082391169461,0.4866985721410727,0.4866985721410727
63885,6,13,Standard,100.0,0,94.30180509539727,5.69819490460273,0.3416625814798614,0.3416625814798614
63885,100,14,Standard,100.0,0,91.16066422085791,8.83933577914209,0.5300047350836525,0.5300047350836525
63885,5,15,Standard,75.0,0,90.41337482463257,-15.41337482463257,-0.924182749110057,0.924182749110057
63885,68,16,Standard,100.0,0,89.52715224475867,10.472847755241332,0.6279497734644075,0.6279497734644075
63885,111,17,Standard,100.0,0,93.27664400995292,6.723355990047082,0.4031310269699747,0.4031310269699747
63885,120,18,Standard,100.0,0,90.53573107214405,9.464268927855954,0.5674755967190538,0.5674755967190538
63885,79,19,Standard,87.0,0,92.39414951690128,-5.39414951690128,-0.32343208326274836,0.32343208326274836
63885,80,20,Standard,100.0,1,95.69311059601225,4.306889403987753,0.2582401929997354,0.2582401929997354
63885,17,21,Standard,80.0,1,98.4817110892856,-18.481711089285596,-1.108159553445555,1.108159553445555
63885,121,22,Standard,100.0,1,93.73387570921778,6.266124290782216,0.37571550936823883,0.37571550936823883
63885,51,23,Standard,100.0,0,91.39407425280055,8.60592574719945,0.5160095181084657,0.5160095181084657
63885,90,24,Standard,100.0,0,93.65822389327916,6.341776106720843,0.38025157651932073,0.38025157651932073
63885,27,25,Standard,100.0,0,94.11431008752507,5.8856899124749305,0.3529047431603014,0.3529047431603014
63885,82,26,Standard,91.0,0,89.27684028859579,1.7231597114042074,0.1033202979464425,0.1033202979464425
63885,35,27,Standard,100.0,1,97.1390768772325,2.8609231227675025,0.17154035548180663,0.17154035548180663
63885,60,28,Standard,100.0,1,93.34434546201857,6.655654537981434,0.3990716619833541,0.3990716619833541
63885,13,29,Standard,98.0,1,90.94508792234099,7.0549120776590115,0.423011061032578,0.423011061032578
63885,76,30,Standard,98.0,1,88.73372444149605,9.26627555850395,0.5556039554675305,0.5556039554675305
63885,64,31,Standard,100.0,0,91.6022206398041,8.397779360195898,0.5035291040299834,0.5035291040299834
63885,29,32,Standard,90.0,0,94.7131847688908,-4.713184768890798,-0.28260157858588786,0.28260157858588786
63885,102,33,Standard,36.0,1,89.73849495216375,-53.73849495216375,-3.222148981841265,3.222148981841265
63885,106,34,Standard,45.0,0,90.43424971024302,-45.43424971024302,-2.724228164091648,2.724228164091648
63885,123,35,Standard,100.0,1,90.26554475549241,9.734455244507586,0.583675912077373,0.583675912077373
63885,48,36,Standard,100.0,1,98.67244477243044,1.3275552275695617,0.079599935365869,0.079599935365869
63885,36,37,Standard,100.0,0,88.53239339495798,11.467606605042022,0.6875953072277945,0.6875953072277945
63885,112,38,Standard,69.0,1,91.38061402595946,-22.38061402595946,-1.3419369627102664,1.3419369627102664
63885,115,39,Standard,100.0,1,97.31998157529145,2.6800184247085497,0.1606933474072441,0.1606933474072441
63885,110,40,Standard,100.0,1,87.75041077592853,12.249589224071471,0.7344828224432136,0.7344828224432136
63885,58,41,Standard,82.0,1,92.69893617043837,-10.698936170438373,-0.6415059878221362,0.6415059878221362
63885,28,42,Standard,100.0,1,92.28246478158458,7.717535218415421,0.4627418067528163,0.4627418067528163
63885,124,43,Standard,100.0,1,91.1422823647508,8.857717635249202,0.5311069073531329,0.5311069073531329
63885,57,44,Standard,100.0,1,93.9095755852217,6.0904244147782975,0.36518058134169823,0.36518058134169823
63885,69,45,Standard,100.0,1,90.0339815992316,9.966018400768405,0.5975603907707552,0.5975603907707552
63885,105,46,Standard,63.0,1,88.98930523288071,-25.98930523288071,-1.558313337011621,1.558313337011621
63885,26,47,Standard,100.0,1,99.08535779691329,0.9146422030867143,0.054841756287524086,0.054841756287524086
63885,125,48,Standard,100.0,0,86.5965967465155,13.403403253484498,0.8036652716989433,0.8036652716989433
63885,49,49,Standard,100.0,0,93.9395848815274,6.060415118472605,0.3633812301759606,0.3633812301759606
63885,116,50,Standard,100.0,0,94.42116406126515,5.578835938734855,0.3345058427083876,0.3345058427083876
63885,7,51,Standard,41.0,1,96.90515751116408,-55.90515751116408,-3.3520616182984457,3.3520616182984457
63885,101,52,Standard,79.0,0,94.43722900144734,-15.437229001447335,-0.9256130405911411,0.9256130405911411
63885,114,53,Standard,100.0,0,89.81460046695378,10.185399533046223,0.6107144378394979,0.6107144378394979
63885,63,54,Standard,100.0,1,88.36454480628747,11.63545519371253,0.6976594736985824,0.6976594736985824
63885,18,55,Standard,100.0,0,92.66026050478149,7.3397394952185095,0.44008925375656055,0.44008925375656055
63885,32,56,Standard,94.0,0,91.2784142794165,2.721585720583505,0.16318571382354602,0.16318571382354602
63885,31,57,Standard,92.0,0,89.34814672431966,2.651853275680338,0.15900457092875428,0.15900457092875428
63885,91,58,Standard,100.0,1,88.38841771937723,11.61158228062277,0.696228058794346,0.696228058794346
63885,16,59,Standard,89.0,0,90.5003833990609,-1.500383399060894,-0.0899626765870364,0.0899626765870364
63885,8,60,Standard,89.0,0,95.17449562864215,-6.174495628642148,-0.37022147384147336,0.37022147384147336
63885,2,61,Standard,67.0,0,89.7802529957104,-22.7802529957104,-1.3658992322273666,1.3658992322273666
63885,72,62,Standard,100.0,1,89.39008993101925,10.609910068980753,0.6361680012926602,0.6361680012926602
63885,22,63,Standard,100.0,1,97.93338610851934,2.0666138914806567,0.12391373915888379,0.12391373915888379
63885,20,64,Standard,100.0,0,88.88058164812985,11.119418351870152,0.6667180119770525,0.6667180119770525
63954,1,1,Neutral,79.0,1,56.25876909984295,22.74123090015705,1.363559475493047,1.363559475493047
63954,14,2,Neutral,62.0,1,54.990645180524105,7.009354819475895,0.42027945730603383,0.42027945730603383
63954,56,3,Neutral,67.0,1,60.259529646950405,6.740470353049595,0.40415720061649196,0.40415720061649196
63954,71,4,Neutral,54.0,1,50.9678503930257,3.0321496069743006,0.1818070598664812,0.1818070598664812
63954,33,5,Neutral,42.0,1,51.443735024759945,-9.443735024759945,-0.5662443881596602,0.5662443881596602
63954,118,6,Neutral,39.0,0,53.82574999921019,-14.825749999210188,-0.8889488867805513,0.8889488867805513
63954,59,7,Neutral,56.0,1,50.662897564120584,5.337102435879416,0.32001155214822347,0.32001155214822347
63954,122,8,Neutral,40.0,1,49.82047263853234,-9.820472638532337,-0.5888334971348669,0.5888334971348669
63954,12,9,Neutral,43.0,1,56.164020147486596,-13.164020147486596,-0.7893119104455671,0.7893119104455671
63954,10,10,Neutral,65.0,1,51.29823735462591,13.701762645374089,0.8215548387896404,0.8215548387896404
63954,77,11,Neutral,71.0,1,51.23490715367907,19.765092846320933,1.185110856704534,1.185110856704534
63954,24,12,Neutral,43.0,0,53.524478208314974,-10.524478208314974,-0.6310455246936023,0.6310455246936023
63954,44,13,Neutral,39.0,1,51.4046804108783,-12.4046804108783,-0.7437820577512925,0.7437820577512925
63954,103,14,Neutral,62.0,0,51.440975283500144,10.559024716499856,0.6331169261400548,0.6331169261400548
63954,11,15,Neutral,59.0,1,59.52331014074521,-0.5233101407452097,-0.03137756721118393,0.03137756721118393
63954,39,16,Neutral,57.0,1,55.03240417702827,1.967595822971731,0.11797663636294706,0.11797663636294706
63954,96,17,Neutral,37.0,0,44.47876686683679,-7.478766866836793,-0.44842530604657505,0.44842530604657505
63954,37,18,Neutral,63.0,1,52.80051020002753,10.199489799972469,0.6115592873141751,0.6115592873141751
63954,74,19,Neutral,71.0,0,48.88566740854962,22.114332591450378,1.3259707832731529,1.3259707832731529
63954,98,20,Neutral,19.0,1,47.928947063595146,-28.928947063595146,-1.7345736498515347,1.7345736498515347
63954,84,21,Neutral,38.0,1,53.66583362922618,-15.665833629226178,-0.9393201265320015,0.9393201265320015
63954,53,22,Neutral,59.0,0,47.559875160869915,11.440124839130085,0.6859475062588397,0.6859475062588397
63954,34,23,Neutral,74.0,1,56.66150387990824,17.33849612009176,1.0396126216363812,1.0396126216363812
63954,52,24,Neutral,68.0,1,55.70536082490446,12.29463917509554,0.7371840081380013,0.7371840081380013
63954,88,25,Neutral,30.0,1,50.09738105152803,-20.097381051528032,-1.205034788385892,1.205034788385892
63954,70,26,Neutral,57.0,1,49.378836993209475,7.621163006790525,0.45696334898541197,0.45696334898541197
63954,117,27,Neutral,61.0,0,52.84735780774742,8.152642192252578,0.4888307304189783,0.4888307304189783
63954,109,28,Neutral,44.0,1,50.210611686894225,-6.210611686894225,-0.3723869851835502,0.3723869851835502
63954,40,29,Neutral,55.0,1,57.06690595271429,-2.0669059527142934,-0.12393125108971542,0.12393125108971542
63954,108,30,Neutral,63.0,0,48.97213201851668,14.027867981483318,0.8411080469256835,0.8411080469256835
63954,21,31,Neutral,58.0,1,49.58724006466092,8.412759935339082,0.5044273362001992,0.5044273362001992
63954,19,32,Neutral,58.0,0,54.00601606841596,3.99398393158404,0.23947844594642329,0.23947844594642329
63954,104,33,Neutral,56.0,0,51.30688232420364,4.693117675796358,0.2813983598571103,0.2813983598571103
63954,62,34,Neutral,57.0,1,46.89757066546429,10.102429334535707,0.6057395619913409,0.6057395619913409
63954,46,35,Neutral,22.0,1,49.04095951168675,-27.04095951168675,-1.6213703088661602,1.6213703088661602
63954,93,36,Neutral,59.0,1,49.15000295663104,9.849997043368958,0.5906037743089573,0.5906037743089573
63954,95,37,Neutral,35.0,1,49.22655824226135,-14.226558242261348,-0.8530214736421853,0.8530214736421853
63954,9,38,Neutral,61.0,0,54.941909848291864,6.058090151708136,0.36324182565226454,0.36324182565226454
63954,61,39,Neutral,43.0,0,48.44231464317607,-5.4423146431760685,-0.3263200542177354,0.3263200542177354
63954,45,40,Neutral,60.0,1,48.921161375789616,11.078838624210384,0.664284859945558,0.664284859945558
63954,55,41,Neutral,63.0,1,56.721084253872064,6.278915746127936,0.3764824823706493,0.3764824823706493
63954,94,42,Neutral,60.0,1,58.3994356076402,1.6005643923598,0.09596950811153782,0.09596950811153782
63954,43,43,Neutral,63.0,1,53.550633566672474,9.449366433327526,0.5665820462462612,0.5665820462462612
63954,92,44,Neutral,30.0,1,53.917570379898024,-23.917570379898024,-1.4340925460660336,1.4340925460660336
63954,54,45,Neutral,62.0,1,51.6795342942095,10.320465705790497,0.6188129774688002,0.6188129774688002
63954,4,46,Neutral,63.0,1,52.662819877169845,10.337180122830155,0.6198151704385577,0.6198151704385577
63954,42,47,Neutral,56.0,1,51.46762432676215,4.532375673237851,0.27176030281170793,0.27176030281170793
63954,78,48,Neutral,38.0,1,51.79055556647664,-13.790555566476641,-0.826878843873519,0.826878843873519
63954,119,49,Neutral,37.0,1,47.494237642689626,-10.494237642689626,-0.629232306667553,0.629232306667553
63954,85,50,Neutral,41.0,1,51.32324418077213,-10.323244180772129,-0.6189795742508855,0.6189795742508855
63954,126,51,Neutral,37.0,1,51.12505227498207,-14.125052274982068,-0.8469351969533631,0.8469351969533631
63954,87,52,Neutral,5.0,1,48.1211286393995,-43.1211286393995,-2.5855339057219515,2.5855339057219515
63954,86,53,Neutral,62.0,1,50.79965958650027,11.200340413499731,0.6715700819637603,0.6715700819637603
63954,97,54,Neutral,18.0,1,50.384297621852554,-32.384297621852554,-1.9417557507478207,1.9417557507478207
63954,107,55,Neutral,62.0,1,50.7452595308231,11.254740469176902,0.6748318979890945,0.6748318979890945
63954,30,56,Neutral,56.0,1,52.751360246466206,3.2486397535337943,0.1947877640327644,0.1947877640327644
63954,65,57,Neutral,68.0,1,48.25754293199939,19.74245706800061,1.183753620143798,1.183753620143798
63954,25,58,Neutral,36.0,1,52.81786785027859,-16.81786785027859,-1.0083958588485586,1.0083958588485586
63954,89,59,Neutral,61.0,1,45.05800585550617,15.941994144493833,0.9558786535969395,0.9558786535969395
63954,38,60,Neutral,31.0,1,46.83918614451199,-15.839186144511991,-0.9497143072980432,0.9497143072980432
63954,47,61,Neutral,32.0,0,53.91105021154608,-21.911050211546083,-1.3137820140488201,1.3137820140488201
63954,128,62,Neutral,41.0,0,48.47890897794389,-7.478908977943888,-0.44843382699900297,0.44843382699900297
63954,41,63,Neutral,70.0,1,56.99794850512803,13.00205149487197,0.7796003037178948,0.7796003037178948
63954,127,64,Neutral,62.0,0,47.240382377253354,14.759617622746646,0.884983603240727,0.884983603240727
63969,58,1,Standard,100.0,0,91.50119003290797,8.49880996709203,0.5095868782090883,0.5095868782090883
63969,82,2,Standard,100.0,0,87.37817960280564,12.621820397194355,0.756801726174238,0.756801726174238
63969,29,3,Standard,100.0,1,91.55059963307848,8.449400366921523,0.5066242888581156,0.5066242888581156
63969,124,4,Standard,100.0,0,88.70295348436107,11.297046515638925,0.6773685597369659,0.6773685597369659
63969,110,5,Standard,61.0,1,86.33362884206693,-25.33362884206693,-1.5189991169732922,1.5189991169732922
63969,23,6,Standard,100.0,0,90.24266017232124,9.757339827678763,0.5850480669252247,0.5850480669252247
63969,102,7,Standard,88.0,0,86.72967300131299,1.2703269986870112,0.07616854266328896,0.07616854266328896
63969,57,8,Standard,100.0,0,91.33882522703328,8.661174772966717,0.5193222382038497,0.5193222382038497
63969,123,9,Standard,69.0,1,88.4544983882347,-19.454498388234697,-1.166487677589098,1.166487677589098
63969,36,10,Standard,71.0,0,86.76515418696653,-15.765154186966527,-0.9452753665193485,0.9452753665193485
63969,32,11,Standard,65.0,1,88.81674369186392,-23.81674369186392,-1.4280469988194888,1.4280469988194888
63969,100,12,Standard,82.0,1,86.81528578485727,-4.8152857848572665,-0.2887235342702472,0.2887235342702472
63969,63,13,Standard,73.0,0,86.01283024443022,-13.01283024443022,-0.780246595299852,0.780246595299852
63969,73,14,Standard,94.0,1,85.38388129678894,8.616118703211058,0.5166206856311883,0.5166206856311883
63969,99,15,Standard,69.0,0,86.75073098846453,-17.750730988464525,-1.0643301386153952,1.0643301386153952
63969,22,16,Standard,98.0,1,95.8445145022595,2.1554854977405,0.12924246218843008,0.12924246218843008
63969,105,17,Standard,95.0,0,87.30968034342173,7.690319656578268,0.46110996732482556,0.46110996732482556
63969,113,18,Standard,93.0,1,92.98021156986877,0.01978843013122855,0.0011865101554543588,0.0011865101554543588
63969,27,19,Standard,100.0,0,90.22934495134963,9.770655048650369,0.5858464448056406,0.5858464448056406
63969,51,20,Standard,69.0,0,87.09250297606614,-18.092502976066143,-1.0848227159168753,1.0848227159168753
63969,7,21,Standard,95.0,1,94.07156419737824,0.9284358026217632,0.05566881764712017,0.05566881764712017
63969,49,22,Standard,77.0,0,90.97457008994287,-13.974570089942873,-0.8379123164327807,0.8379123164327807
63969,15,23,Standard,95.0,1,91.3147205789265,3.6852794210735027,0.2209685876945914,0.2209685876945914
63969,69,24,Standard,73.0,0,88.00389943564274,-15.003899435642737,-0.8996306899409805,0.8996306899409805
63969,5,25,Standard,78.0,0,85.54231047743713,-7.542310477437127,-0.45223536772360273,0.45223536772360273
63969,121,26,Standard,83.0,1,89.41083898038,-6.4108389803800065,-0.38439257206156646,0.38439257206156646
63969,75,27,Standard,92.0,0,84.62554039231509,7.374459607684912,0.44217106447963006,0.44217106447963006
63969,16,28,Standard,78.0,0,88.90837282813439,-10.90837282813439,-0.6540637662630131,0.6540637662630131
63969,115,29,Standard,94.0,1,93.61024507618095,0.38975492381905497,0.023369624178516776,0.023369624178516776
63969,66,30,Standard,80.0,0,85.83064141922378,-5.830641419223781,-0.349604046952881,0.349604046952881
63969,125,31,Standard,72.0,1,82.90832569950838,-10.908325699508381,-0.6540609404403986,0.6540609404403986
63969,76,32,Standard,80.0,1,84.21311736843049,-4.213117368430488,-0.25261764124861197,0.25261764124861197
63969,13,33,Standard,92.0,1,86.6220511935032,5.3779488064968035,0.3224606920360057,0.3224606920360057
63969,91,34,Standard,98.0,0,86.48975703358708,11.510242966412918,0.6901517745889094,0.6901517745889094
63969,20,35,Standard,87.0,0,86.0031811750778,0.996818824922201,0.059769049443279036,0.059769049443279036
63969,111,36,Standard,93.0,0,88.29649989212163,4.703500107878369,0.28202088832561073,0.28202088832561073
63969,64,37,Standard,99.0,1,87.19156959243385,11.80843040756615,0.7080310315492134,0.7080310315492134
63969,26,38,Standard,100.0,1,95.33181413853654,4.668185861463456,0.2799034534545449,0.2799034534545449
63969,79,39,Standard,66.0,1,88.56797382339684,-22.56797382339684,-1.353171017201153,1.353171017201153
63969,17,40,Standard,100.0,1,93.50156697145431,6.498433028545691,0.38964469297346876,0.38964469297346876
63969,101,41,Standard,100.0,1,90.77129966160305,9.228700338396948,0.5533509530840806,0.5533509530840806
63969,50,42,Standard,99.0,0,82.07028518084044,16.929714819159557,1.015102179842897,1.015102179842897
63969,120,43,Standard,75.0,1,85.29274399871535,-10.292743998715352,-0.6171507896775977,0.6171507896775977
63969,8,44,Standard,92.0,0,91.72760208512904,0.27239791487096454,0.016332922327625062,0.016332922327625062
63969,31,45,Standard,95.0,0,85.72602454374163,9.27397545625837,0.5560656397356101,0.5560656397356101
63969,106,46,Standard,78.0,0,85.47557104451512,-7.475571044515121,-0.4482336852047728,0.4482336852047728
63969,28,47,Standard,93.0,0,89.11339647707365,3.8866035229263503,0.23303993897420405,0.23303993897420405
63969,3,48,Standard,100.0,1,89.13771911657719,10.862280883422812,0.6513001028434161,0.6513001028434161
63969,81,49,Standard,96.0,0,86.11424462420703,9.885755375792968,0.592747836484776,0.592747836484776
63969,48,50,Standard,99.0,1,93.91133645093032,5.088663549069679,0.30511520816061544,0.30511520816061544
63969,112,51,Standard,97.0,1,86.66331286372557,10.336687136274435,0.6197856110671984,0.6197856110671984
63969,72,52,Standard,93.0,1,86.87812901550181,6.121870984498187,0.3670661111224548,0.3670661111224548
63969,60,53,Standard,70.0,0,88.10135838858986,-18.10135838858986,-1.0853536846102203,1.0853536846102203
63969,90,54,Standard,65.0,1,87.91101636075902,-22.91101636075902,-1.3737397764020522,1.3737397764020522
63969,67,55,Standard,100.0,1,89.25102982620147,10.748970173798526,0.6445060162585088,0.6445060162585088
63969,68,56,Standard,92.0,1,83.34187311957619,8.658126880423808,0.5191394872008185,0.5191394872008185
63969,6,57,Standard,85.0,1,89.42425757950322,-4.4242575795032195,-0.26527756439568473,0.26527756439568473
63969,80,58,Standard,80.0,1,89.88063045212252,-9.880630452122517,-0.5924405471272781,0.5924405471272781
63969,83,59,Standard,100.0,1,87.12507602664655,12.874923973353447,0.7719777639651617,0.7719777639651617
63969,116,60,Standard,100.0,0,89.83528437682996,10.16471562317004,0.6094742349047606,0.6094742349047606
63969,2,61,Standard,100.0,0,86.83022048753064,13.169779512469361,0.7896572407722127,0.7896572407722127
63969,18,62,Standard,100.0,0,88.20580229814499,11.794197701855012,0.7071776414746159,0.7071776414746159
63969,35,63,Standard,100.0,1,91.12902638911497,8.87097361088503,0.5319017328955363,0.5319017328955363
63969,114,64,Standard,100.0,0,85.18491362325236,14.815086376747644,0.8883094981953107,0.8883094981953107
63977,33,1,Neutral,100.0,0,90.238715891063,9.761284108937005,0.5852845652092138,0.5852845652092138
63977,88,2,Neutral,91.0,1,91.20765819024288,-0.20765819024288135,-0.012451141902238158,0.012451141902238158
63977,95,3,Neutral,33.0,1,89.62093854931166,-56.62093854931166,-3.3949797004915094,3.3949797004915094
63977,41,4,Neutral,100.0,0,98.48750779383418,1.5124922061658168,0.0906887181428926,0.0906887181428926
63977,107,5,Neutral,17.0,1,91.55536972337288,-74.55536972337288,-4.4703244640328785,4.4703244640328785
63977,44,6,Neutral,100.0,1,91.81404300133339,8.185956998666612,0.49082827928339606,0.49082827928339606
63977,65,7,Neutral,100.0,1,89.06765312454918,10.932346875450818,0.6555012451544486,0.6555012451544486
63977,34,8,Neutral,100.0,1,96.22354816090012,3.7764518390998774,0.22643526691918067,0.22643526691918067
63977,126,9,Neutral,100.0,0,91.584705193402,8.415294806597998,0.5045793265537304,0.5045793265537304
63977,30,10,Neutral,100.0,1,93.38624180195106,6.6137581980489415,0.39655956615379045,0.39655956615379045
63977,4,11,Neutral,93.0,0,92.81582268072614,0.18417731927385717,0.011043233762031842,0.011043233762031842
63977,46,12,Neutral,89.0,0,88.66827640404824,0.3317235959517575,0.019890077827824267,0.019890077827824267
63977,128,13,Neutral,86.0,0,90.72817225758078,-4.7281722575807805,-0.28350022529093183,0.28350022529093183
63977,103,14,Neutral,89.0,0,90.34591217549851,-1.345912175498512,-0.08070061414616667,0.08070061414616667
63977,96,15,Neutral,77.0,1,84.66909366096071,-7.669093660960712,-0.45983726104176803,0.45983726104176803
63977,109,16,Neutral,28.0,1,89.64123449008741,-61.64123449008741,-3.695995601076591,3.695995601076591
63977,118,17,Neutral,86.0,0,92.24880813927999,-6.248808139279987,-0.3746772365252427,0.3746772365252427
63977,38,18,Neutral,84.0,0,88.78179930928526,-4.781799309285262,-0.28671569215881787,0.28671569215881787
63977,39,19,Neutral,93.0,1,93.80591959122793,-0.8059195912279336,-0.04832277109049285,0.04832277109049285
63977,78,20,Neutral,82.0,1,91.92209291792956,-9.922092917929561,-0.5949266279545086,0.5949266279545086
63977,74,21,Neutral,83.0,0,88.90076556560861,-5.900765565608609,-0.35380867618705464,0.35380867618705464
63977,10,22,Neutral,90.0,1,90.87526391902256,-0.875263919022558,-0.052480642564169455,0.052480642564169455
63977,42,23,Neutral,92.0,1,91.42393304115012,0.5760669588498786,0.03454085505339952,0.03454085505339952
63977,89,24,Neutral,91.0,0,86.69396890541582,4.306031094584185,0.25818872894639194,0.25818872894639194
63977,127,25,Neutral,96.0,0,89.05157406422794,6.948425935772065,0.4166261741099603,0.4166261741099603
63977,117,26,Neutral,100.0,0,91.79610185901201,8.203898140987988,0.4919040264459348,0.4919040264459348
63977,77,27,Neutral,83.0,1,89.15374483465743,-6.153744834657431,-0.3689772605494976,0.3689772605494976
63977,14,28,Neutral,100.0,1,92.47141126884013,7.528588731159871,0.4514126146704013,0.4514126146704013
63977,47,29,Neutral,97.0,0,94.21781620006394,2.782183799936064,0.16681916205951158,0.16681916205951158
63977,12,30,Neutral,100.0,1,94.14900669489406,5.850993305105945,0.35082434179798483,0.35082434179798483
63977,85,31,Neutral,76.0,1,91.06051709882892,-15.060517098828925,-0.9030254732513803,0.9030254732513803
63977,9,32,Neutral,100.0,0,94.10968969588765,5.890310304112347,0.3531817808820214,0.3531817808820214
63977,40,33,Neutral,100.0,1,95.79661420764774,4.203385792352265,0.2520341379707462,0.2520341379707462
63977,21,34,Neutral,100.0,0,88.36075547886057,11.639244521139432,0.6978866809830685,0.6978866809830685
63977,11,35,Neutral,100.0,1,97.55210384741889,2.4478961525811087,0.14677534424277328,0.14677534424277328
63977,24,36,Neutral,100.0,0,91.37804327792374,8.621956722076263,0.516970732028268,0.516970732028268
63977,86,37,Neutral,100.0,1,90.40551102675839,9.59448897324161,0.575283563559737,0.575283563559737
63977,119,38,Neutral,72.0,1,86.88105328661656,-14.881053286616563,-0.8922648603925318,0.8922648603925318
63977,55,39,Neutral,100.0,1,95.71363546440288,4.286364535597116,0.257009526159397,0.257009526159397
63977,104,40,Neutral,100.0,0,91.10294468493147,8.897055315068528,0.5334655864544116,0.5334655864544116
63977,97,41,Neutral,84.0,1,89.57354292155172,-5.57354292155172,-0.334188474498826,0.334188474498826
63977,122,42,Neutral,84.0,1,87.23596611547876,-3.2359661154787602,-0.19402785533060213,0.19402785533060213
63977,52,43,Neutral,100.0,1,93.77796169084438,6.2220383091556215,0.3730721230780561,0.3730721230780561
63977,25,44,Neutral,100.0,0,92.33610497200422,7.663895027995778,0.45952555209030155,0.45952555209030155
63977,19,45,Neutral,100.0,0,92.3414598899533,7.658540110046701,0.4592044723236869,0.4592044723236869
63977,108,46,Neutral,87.0,1,88.3739299458484,-1.3739299458484027,-0.08238055382975336,0.08238055382975336
63977,84,47,Neutral,100.0,1,91.14659971754219,8.853400282457812,0.5308480397776005,0.5308480397776005
63977,56,48,Neutral,100.0,1,97.19314437196824,2.806855628031755,0.16829847974136067,0.16829847974136067
63977,61,49,Neutral,84.0,1,86.90917994251208,-2.9091799425120826,-0.17443382435817373,0.17443382435817373
63977,92,50,Neutral,100.0,1,92.27447965353875,7.725520346461252,0.4632205933698522,0.4632205933698522
63977,1,51,Neutral,100.0,1,92.68816336576936,7.3118366342306444,0.43841620401442427,0.43841620401442427
63977,54,52,Neutral,100.0,1,91.47559665493732,8.52440334506268,0.511121451829794,0.511121451829794
63977,62,53,Neutral,88.0,1,84.97017153140422,3.029828468595781,0.18166788489201055,0.18166788489201055
63977,93,54,Neutral,100.0,0,88.46418656543028,11.535813434569718,0.6916849745419409,0.6916849745419409
63977,59,55,Neutral,100.0,1,87.46509081133973,12.534909188660265,0.7515905481846423,0.7515905481846423
63977,98,56,Neutral,100.0,1,85.25682622200911,14.74317377799089,0.883997633728844,0.883997633728844
63977,70,57,Neutral,100.0,1,86.64056728519432,13.359432714805678,0.8010288073439015,0.8010288073439015
63977,43,58,Neutral,100.0,1,91.79846306967733,8.201536930322675,0.4917624487454815,0.4917624487454815
63977,53,59,Neutral,100.0,0,86.0417227436107,13.958277256389295,0.8369354015211758,0.8369354015211758
63977,87,60,Neutral,99.0,1,87.8733838408611,11.126616159138905,0.6671495910040265,0.6671495910040265
63977,71,61,Neutral,87.0,1,87.09059454408849,-0.09059454408848922,-0.005432030023448685,0.005432030023448685
63977,94,62,Neutral,100.0,1,96.42822931431388,3.5717706856861184,0.2141626275261103,0.2141626275261103
63977,45,63,Neutral,94.0,0,88.01630918825768,5.983690811742321,0.3587808567000468,0.3587808567000468
63977,37,64,Neutral,100.0,1,89.40513310301888,10.594866896981117,0.6352660158279492,0.6352660158279492
63978,101,1,Standard,100.0,1,95.08682768575109,4.913172314248911,0.2945927902160273,0.2945927902160273
63978,36,2,Standard,100.0,0,89.67885311459509,10.321146885404914,0.6188538208568222,0.6188538208568222
63978,125,3,Standard,100.0,1,86.6981678124616,13.301832187538395,0.7975750917075963,0.7975750917075963
63978,15,4,Standard,100.0,1,94.7102982584836,5.289701741516396,0.3171694163716944,0.3171694163716944
63978,99,5,Standard,90.0,1,89.75204423462553,0.24795576537447062,0.014867376126819733,0.014867376126819733
63978,83,6,Standard,100.0,1,92.01009712125563,7.989902878744374,0.4790729150243941,0.4790729150243941
63978,105,7,Standard,100.0,0,90.31099358958274,9.689006410417264,0.5809508094368847,0.5809508094368847
63978,2,8,Standard,100.0,0,91.7152415821397,8.284758417860303,0.49675239183144587,0.49675239183144587
63978,8,9,Standard,100.0,0,95.8240943129459,4.175905687054097,0.2503864365718477,0.2503864365718477
63978,48,10,Standard,100.0,1,98.22686447507834,1.7731355249216563,0.1063168373319478,0.1063168373319478
63978,26,11,Standard,100.0,1,99.07784909222353,0.9221509077764694,0.05529197665920695,0.05529197665920695
63978,121,12,Standard,59.0,1,92.58738086360596,-33.58738086360596,-2.013892371729424,2.013892371729424
63978,106,13,Standard,100.0,1,89.4844489537995,10.5155510462005,0.6305102539097166,0.6305102539097166
63978,115,14,Standard,100.0,1,96.83059411867312,3.169405881326881,0.1900369175327627,0.1900369175327627
63978,91,15,Standard,100.0,0,89.88533471314419,10.11466528685581,0.6064732271478581,0.6064732271478581
63978,113,16,Standard,100.0,1,95.6310675418999,4.3689324581001046,0.26196028162180024,0.26196028162180024
63978,64,17,Standard,32.0,1,90.6309544312572,-58.630954431257194,-3.5154998347688244,3.5154998347688244
63978,116,18,Standard,100.0,0,94.23842671951044,5.761573280489557,0.34546273571782954,0.34546273571782954
63978,27,19,Standard,100.0,0,92.79258660484831,7.20741339515169,0.43215500831517123,0.43215500831517123
63978,120,20,Standard,97.0,1,88.86355031533739,8.136449684662608,0.4878598310312875,0.4878598310312875
63978,29,21,Standard,100.0,1,93.32531241978494,6.674687580215064,0.4002128792375594,0.4002128792375594
63978,111,22,Standard,56.0,1,91.47304177534758,-35.47304177534758,-2.1269562078542483,2.1269562078542483
63978,49,23,Standard,100.0,0,93.49400458417531,6.505995415824685,0.39009813214203853,0.39009813214203853
63978,123,24,Standard,99.0,1,90.36063265273987,8.639367347260134,0.5180146694935686,0.5180146694935686
63978,28,25,Standard,100.0,0,92.64039563442947,7.359604365570533,0.4412803472517572,0.4412803472517572
63978,20,26,Standard,81.0,0,88.96068726197257,-7.960687261972566,-0.47732115271845416,0.47732115271845416
63978,73,27,Standard,62.0,1,87.37762987982659,-25.377629879826586,-1.5216374100468784,1.5216374100468784
63978,100,28,Standard,74.0,0,88.67761289009619,-14.677612890096185,-0.88006661652476,0.88006661652476
63978,32,29,Standard,99.0,0,90.59145647857038,8.408543521429621,0.5041745208990359,0.5041745208990359
63978,35,30,Standard,100.0,1,95.13790429839935,4.862095701600651,0.29153024714356146,0.29153024714356146
63978,72,31,Standard,100.0,1,90.36132101359141,9.638678986408593,0.5779331875594469,0.5779331875594469
63978,17,32,Standard,100.0,1,96.41526589908284,3.58473410091716,0.21493991120748374,0.21493991120748374
63978,67,33,Standard,32.0,1,92.77802898355728,-60.77802898355728,-3.6442379784177925,3.6442379784177925
63978,7,34,Standard,100.0,1,96.06531278041587,3.9346872195841343,0.23592302742628965,0.23592302742628965
63978,13,35,Standard,100.0,0,89.09767852846942,10.902321471530584,0.6537009281794928,0.6537009281794928
63978,76,36,Standard,100.0,0,86.60113038486423,13.398869615135766,0.8033934356863716,0.8033934356863716
63978,75,37,Standard,100.0,1,86.75071045315143,13.249289546848573,0.7944246458986345,0.7944246458986345
63978,31,38,Standard,86.0,0,88.59591631210392,-2.595916312103924,-0.15565060222539784,0.15565060222539784
63978,57,39,Standard,87.0,0,92.54404494327869,-5.544044943278692,-0.3324197818559929,0.3324197818559929
63978,80,40,Standard,90.0,0,93.2324009724134,-3.2324009724134015,-0.19381409009381256,0.19381409009381256
63978,16,41,Standard,91.0,0,90.90212141117203,0.0978785888279674,0.005868779831233372,0.005868779831233372
63978,5,42,Standard,100.0,1,87.36083042340982,12.639169576590177,0.7578419793628655,0.7578419793628655
63978,22,43,Standard,100.0,1,97.22496285556984,2.775037144430158,0.16639065008160034,0.16639065008160034
63978,102,44,Standard,100.0,0,87.67204976196099,12.327950238039008,0.7391813325447025,0.7391813325447025
63978,82,45,Standard,100.0,0,88.05771340785626,11.942286592143745,0.7160570205396716,0.7160570205396716
63978,110,46,Standard,100.0,0,87.10077696565003,12.899223034349973,0.7734347306092657,0.7734347306092657
63978,112,47,Standard,100.0,1,89.40178315428916,10.598216845710837,0.6354668780571259,0.6354668780571259
63978,18,48,Standard,100.0,0,91.38234418137094,8.61765581862906,0.5167128507519924,0.5167128507519924
63978,51,49,Standard,66.0,0,88.38533701084403,-22.385337010844026,-1.3422201519017503,1.3422201519017503
63978,58,50,Standard,100.0,0,91.91788088236119,8.082119117638811,0.4846021815311588,0.4846021815311588
63978,63,51,Standard,30.0,0,86.911399845812,-56.911399845812,-3.41239569942516,3.41239569942516
63978,81,52,Standard,100.0,0,88.54606479990701,11.453935200092985,0.686775572630164,0.686775572630164
63978,66,53,Standard,100.0,0,87.38631840959908,12.613681590400915,0.7563137250114547,0.7563137250114547
63978,6,54,Standard,65.0,0,92.1189207108006,-27.118920710800595,-1.6260448461521673,1.6260448461521673
63978,23,55,Standard,100.0,0,90.65935102177446,9.340648978225545,0.5600633702472952,0.5600633702472952
63978,3,56,Standard,100.0,1,91.350503495946,8.649496504054,0.5186220116284631,0.5186220116284631
63978,69,57,Standard,88.0,1,89.12150483335569,-1.1215048333556865,-0.0672451965791718,0.0672451965791718
63978,79,58,Standard,86.0,0,90.29887945083706,-4.298879450837063,-0.25775991787457475,0.25775991787457475
63978,60,59,Standard,88.0,0,90.40175708649113,-2.4017570864911306,-0.14400885543512676,0.14400885543512676
63978,124,60,Standard,87.0,0,88.81299421895065,-1.8129942189506494,-0.1087067563368877,0.1087067563368877
63978,50,61,Standard,91.0,0,83.80119080828068,7.19880919171932,0.43163910206670175,0.43163910206670175
63978,68,62,Standard,100.0,1,85.64227181747746,14.357728182522536,0.8608863959820646,0.8608863959820646
63978,114,63,Standard,100.0,0,87.79196243601727,12.208037563982728,0.7319913935454014,0.7319913935454014
63978,90,64,Standard,100.0,1,90.03618642159535,9.963813578404654,0.5974281900803409,0.5974281900803409
64012,28,1,Standard,31.0,0,74.4487833184907,-43.4487833184907,-2.6051800121409907,2.6051800121409907
64012,51,2,Standard,49.0,0,72.68424960438199,-23.68424960438199,-1.4201026808876243,1.4201026808876243
64012,27,3,Standard,59.0,1,75.44829259837275,-16.448292598372745,-0.9862362036013811,0.9862362036013811
64012,60,4,Standard,61.0,1,74.7659422913987,-13.765942291398702,-0.8254030370184375,0.8254030370184375
64012,32,5,Standard,68.0,1,73.88280440898494,-5.8828044089849385,-0.35273172897111255,0.35273172897111255
64012,68,6,Standard,58.0,1,70.33544884441152,-12.335448844411516,-0.7396309474233833,0.7396309474233833
64012,35,7,Standard,55.0,1,78.3854450695477,-23.3854450695477,-1.4021864231185353,1.4021864231185353
64012,80,8,Standard,69.0,1,76.58902151419758,-7.589021514197583,-0.4550361517737037,0.4550361517737037
64012,72,9,Standard,57.0,1,72.08209437912016,-15.082094379120164,-0.9043192424904185,0.9043192424904185
64012,50,10,Standard,81.0,0,67.9901473761233,13.009852623876696,0.7800680577906905,0.7800680577906905
64012,8,11,Standard,64.0,1,77.69127143967813,-13.691271439678133,-0.8209257882778686,0.8209257882778686
64012,20,12,Standard,71.0,1,71.52877893696454,-0.5287789369645424,-0.03170547509520089,0.03170547509520089
64012,111,13,Standard,70.0,1,73.82209765400839,-3.822097654008388,-0.22917218048856322,0.22917218048856322
64012,76,14,Standard,73.0,1,69.80486399674632,3.1951360032536797,0.19157969029264155,0.19157969029264155
64012,29,15,Standard,82.0,1,75.82813148340729,6.17186851659271,0.37006395274932485,0.37006395274932485
64012,5,16,Standard,74.0,1,70.73979267235687,3.26020732764313,0.1954813533707603,0.1954813533707603
64012,75,17,Standard,66.0,1,68.38386950014771,-2.3838695001477106,-0.14293631947788876,0.14293631947788876
64012,3,18,Standard,78.0,1,75.25515165608785,2.744848343912153,0.1645805358806223,0.1645805358806223
64012,67,19,Standard,68.0,1,74.14834507495618,-6.1483450749561825,-0.36865349208074805,0.36865349208074805
64012,13,20,Standard,65.0,1,71.70957736272761,-6.7095773627276145,-0.40230486334131127,0.40230486334131127
64012,22,21,Standard,87.0,1,80.1435118046917,6.856488195308302,0.4111136063111821,0.4111136063111821
64012,6,22,Standard,65.0,1,74.27776566899169,-9.277765668991691,-0.556292900102885,0.556292900102885
64012,64,23,Standard,74.0,1,72.32290292092449,1.6770970790755086,0.10055839209122708,0.10055839209122708
64012,110,24,Standard,72.0,1,68.82155033117877,3.17844966882123,0.19057918115017225,0.19057918115017225
64012,81,25,Standard,72.0,1,71.68364954536001,0.3163504546399878,0.01896830747177848,0.01896830747177848
64012,73,26,Standard,70.0,1,69.66141314711777,0.33858685288223,0.020301597286088265,0.020301597286088265
64012,48,27,Standard,81.0,1,79.43693421281706,1.5630657871829357,0.09372109954336602,0.09372109954336602
64012,90,28,Standard,74.0,1,73.85322026320475,0.1467797367952528,0.008800882493838987,0.008800882493838987
64012,7,29,Standard,87.0,1,78.23914002201174,8.760859977988261,0.5252993423663449,0.5252993423663449
64012,63,30,Standard,72.0,1,69.7861416356676,2.2138583643323955,0.13274248713002287,0.13274248713002287
64012,18,31,Standard,76.0,1,74.08185733416161,1.9181426658383884,0.11501143534554083,0.11501143534554083
64012,15,32,Standard,76.0,1,75.72367390705402,0.276326092945979,0.016568455068096597,0.016568455068096597
64012,114,33,Standard,74.0,1,71.06096865926898,2.9390313407310202,0.1762237079874661,0.1762237079874661
64012,124,34,Standard,81.0,1,71.90677180513742,9.093228194862576,0.5452280715306299,0.5452280715306299
64012,49,35,Standard,73.0,1,74.9231101182452,-1.923110118245205,-0.11530928275881909,0.11530928275881909
64012,100,36,Standard,80.0,1,70.5671317239913,9.432868276008705,0.5655928201643916,0.5655928201643916
64012,115,37,Standard,71.0,1,77.77782090081445,-6.777820900814447,-0.4063967316930296,0.4063967316930296
64012,116,38,Standard,77.0,1,75.31707497945047,1.6829250205495327,0.10090783425002726,0.10090783425002726
64012,123,39,Standard,75.0,1,70.46054112541798,4.539458874582024,0.27218501009127766,0.27218501009127766
64012,26,40,Standard,76.0,1,79.76223291876745,-3.7622329187674524,-0.2255827034130239,0.2255827034130239
64012,17,41,Standard,75.0,1,77.97579291095144,-2.9757929109514407,-0.17842792409292374,0.17842792409292374
64012,58,42,Standard,72.0,1,73.02535401816266,-1.025354018162659,-0.06148001369578056,0.06148001369578056
64012,23,43,Standard,76.0,1,73.13982837823394,2.8601716217660567,0.17149529563804253,0.17149529563804253
64012,99,44,Standard,73.0,1,69.99835646850711,3.0016435314928884,0.17997792192467799,0.17997792192467799
64012,120,45,Standard,84.0,1,69.72316277894626,14.27683722105374,0.8560361907545297,0.8560361907545297
64012,2,46,Standard,84.0,1,70.80758539169443,13.192414608305569,0.7910144364113432,0.7910144364113432
64012,31,47,Standard,79.0,1,70.15644332397252,8.843556676027475,0.53025781918312,0.53025781918312
64012,125,48,Standard,82.0,1,66.96682175350603,15.033178246493975,0.9013862413507813,0.9013862413507813
64012,113,49,Standard,83.0,1,76.14022273137888,6.859777268621116,0.41131081846302076,0.41131081846302076
64012,69,50,Standard,79.0,1,70.18517080989095,8.814829190109052,0.5285353251016369,0.5285353251016369
64012,57,51,Standard,77.0,1,73.9731504773486,3.0268495226514034,0.1814892679126891,0.1814892679126891
64012,79,52,Standard,81.0,1,71.31873826810609,9.681261731893912,0.5804864401232127,0.5804864401232127
64012,101,53,Standard,78.0,1,74.76364684917162,3.2363531508283785,0.1940510618896771,0.1940510618896771
64012,82,54,Standard,81.0,1,68.42046483613176,12.579535163868243,0.7542663123776675,0.7542663123776675
64012,91,55,Standard,66.0,1,68.89006420416646,-2.890064204166464,-0.17328764866229113,0.17328764866229113
64012,121,56,Standard,77.0,1,72.61465730115636,4.385342698843644,0.26294423624409907,0.26294423624409907
64012,106,57,Standard,63.0,0,69.79691005411017,-6.796910054110171,-0.4075413133548491,0.4075413133548491
64012,102,58,Standard,76.0,1,69.01354097749842,6.9864590225015775,0.41890663008087775,0.41890663008087775
64012,16,59,Standard,65.0,1,70.87060840605142,-5.870608406051417,-0.3520004591715069,0.3520004591715069
64012,36,60,Standard,73.0,1,67.89505373882513,5.104946261174874,0.3060915161922801,0.3060915161922801
64012,112,61,Standard,69.0,0,70.7432743698266,-1.7432743698265938,-0.10452636868239204,0.10452636868239204
64012,66,62,Standard,85.0,1,69.23203008422794,15.767969915772056,0.9454441970329673,0.9454441970329673
64012,83,63,Standard,78.0,1,71.75306515110525,6.246934848894753,0.3745649144233147,0.3745649144233147
64012,105,64,Standard,76.0,1,68.57100137307901,7.428998626920986,0.4454412127310571,0.4454412127310571
64037,126,1,Neutral,64.0,1,69.02357162388246,-5.023571623882461,-0.3012123098629466,0.3012123098629466
64037,10,2,Neutral,65.0,0,68.83981626069782,-3.839816260697816,-0.23023458446088899,0.23023458446088899
64037,96,3,Neutral,50.0,1,62.283188728506104,-12.283188728506104,-0.7364974417417406,0.7364974417417406
64037,78,4,Neutral,55.0,1,69.71141662253989,-14.711416622539886,-0.8820934812922394,0.8820934812922394
64037,62,5,Neutral,53.0,1,64.16132433253402,-11.161324332534022,-0.6692306858628646,0.6692306858628646
64037,46,6,Neutral,53.0,1,66.01952851599621,-13.019528515996214,-0.7806482222699723,0.7806482222699723
64037,89,7,Neutral,57.0,1,64.52709976929238,-7.527099769292377,-0.45132333682647174,0.45132333682647174
64037,117,8,Neutral,67.0,0,69.6730398821548,-2.6730398821547965,-0.16027491544698308,0.16027491544698308
64037,86,9,Neutral,71.0,1,68.72052064256351,2.279479357436486,0.13667710822996204,0.13667710822996204
64037,119,10,Neutral,58.0,1,65.19606290242169,-7.196062902421687,-0.4314744351315357,0.4314744351315357
64037,30,11,Neutral,67.0,1,70.43084379903542,-3.430843799035415,-0.20571268070977616,0.20571268070977616
64037,87,12,Neutral,61.0,1,67.0645366419909,-6.064536641990898,-0.3636283558690029,0.3636283558690029
64037,127,13,Neutral,68.0,0,66.66566913177333,1.3343308682266724,0.08000620137060295,0.08000620137060295
64037,54,14,Neutral,76.0,1,70.22867786340478,5.7713221365952165,0.3460472751025468,0.3460472751025468
64037,92,15,Neutral,71.0,1,70.8961393842075,0.10386061579249883,0.006227460924000668,0.006227460924000668
64037,71,16,Neutral,69.0,1,66.1503258674196,2.849674132580404,0.1708658683695351,0.1708658683695351
64037,14,17,Neutral,73.0,1,70.04169917711928,2.958300822880716,0.17737910212986846,0.17737910212986846
64037,25,18,Neutral,79.0,0,70.56350026927687,8.436499730723128,0.505850769394484,0.505850769394484
64037,84,19,Neutral,72.0,1,69.46160933334731,2.5383906666526883,0.15220137648721038,0.15220137648721038
64037,42,20,Neutral,78.0,1,68.6437636752994,9.356236324700603,0.5609979843003855,0.5609979843003855
64037,107,21,Neutral,74.0,1,67.94286433146372,6.057135668536276,0.36318459503977474,0.36318459503977474
64037,122,22,Neutral,61.0,0,65.200518457154,-4.200518457154004,-0.25186221314855134,0.25186221314855134
64037,93,23,Neutral,72.0,0,66.9106176590341,5.089382340965898,0.3051583067732323,0.3051583067732323
64037,1,24,Neutral,67.0,1,70.95936582230824,-3.959365822308243,-0.2374027513134498,0.2374027513134498
64037,39,25,Neutral,77.0,1,70.6314857919811,6.368514208018894,0.38185478751267987,0.38185478751267987
64037,104,26,Neutral,80.0,0,68.80465407100932,11.195345928990676,0.6712706137112534,0.6712706137112534
64037,24,27,Neutral,71.0,0,68.86071686767042,2.139283132329581,0.12827097172784524,0.12827097172784524
64037,53,28,Neutral,71.0,0,64.48815383721454,6.51184616278546,0.3904489417130817,0.3904489417130817
64037,94,29,Neutral,69.0,1,74.96227472645019,-5.96227472645019,-0.3574967526796329,0.3574967526796329
64037,44,30,Neutral,60.0,1,67.85108033529434,-7.851080335294341,-0.4707491441887517,0.4707491441887517
64037,108,31,Neutral,56.0,1,66.11944649119249,-10.119446491192491,-0.6067599071655834,0.6067599071655834
64037,34,32,Neutral,66.0,1,72.26058549486108,-6.2605854948610755,-0.3753834043166587,0.3753834043166587
64037,95,33,Neutral,68.0,0,65.3951329276752,2.6048670723247938,0.1561872879468356,0.1561872879468356
64037,65,34,Neutral,65.0,1,64.97326898071144,0.026731019288561697,0.0016027863575429416,0.0016027863575429416
64037,55,35,Neutral,69.0,1,72.97727325781841,-3.9772732578184105,-0.23847647742259812,0.23847647742259812
64037,109,36,Neutral,74.0,1,65.85350046111331,8.146499538886687,0.4884624182005894,0.4884624182005894
64037,103,37,Neutral,75.0,0,66.42675666872572,8.573243331274284,0.5140498872462481,0.5140498872462481
64037,12,38,Neutral,67.0,1,70.88695857711477,-3.8869585771147683,-0.23306122794950432,0.23306122794950432
64037,43,39,Neutral,77.0,1,69.71920825208633,7.280791747913668,0.436554759086972,0.436554759086972
64037,33,40,Neutral,68.0,1,65.61864583603045,2.3813541639695472,0.14278550044373695,0.14278550044373695
64037,21,41,Neutral,57.0,1,65.14251452034752,-8.142514520347518,-0.48822347731770777,0.48822347731770777
64037,61,42,Neutral,61.0,1,64.3042392137263,-3.304239213726305,-0.19812149610340937,0.19812149610340937
64037,85,43,Neutral,71.0,1,67.62324034398469,3.3767596560153095,0.2024698067416623,0.2024698067416623
64037,59,44,Neutral,64.0,1,65.03537871961888,-1.0353787196188762,-0.062081092710352254,0.062081092710352254
64037,74,45,Neutral,74.0,0,64.93780289956958,9.062197100430424,0.5433674535617236,0.5433674535617236
64037,45,46,Neutral,57.0,0,65.84944005213424,-8.849440052134241,-0.5306105851909712,0.5306105851909712
64037,70,47,Neutral,72.0,1,64.16704803420724,7.832951965792759,0.4696621709234237,0.4696621709234237
64037,11,48,Neutral,79.0,1,74.07101993330842,4.9289800666915795,0.2955406197650998,0.2955406197650998
64037,47,49,Neutral,62.0,0,70.43008217108984,-8.430082171089836,-0.5054659738534716,0.5054659738534716
64037,128,50,Neutral,68.0,0,66.19571652108071,1.804283478919288,0.10818446217609813,0.10818446217609813
64037,9,51,Neutral,59.0,0,70.36576282617978,-11.365762826179775,-0.681488775426709,0.681488775426709
64037,19,52,Neutral,56.0,0,69.12321893144023,-13.123218931440235,-0.7868654780164732,0.7868654780164732
64037,40,53,Neutral,77.0,1,72.00888017867364,4.991119821326365,0.29926650653037995,0.29926650653037995
64037,52,54,Neutral,75.0,1,70.38449209526638,4.615507904733619,0.27674489412396414,0.27674489412396414
64037,4,55,Neutral,75.0,1,67.97671682936242,7.023283170637583,0.42111459834514015,0.42111459834514015
64037,97,56,Neutral,78.0,1,66.00484468890879,11.99515531109121,0.7192270179331502,0.7192270179331502
64037,98,57,Neutral,32.0,1,62.301428219093445,-30.301428219093445,-1.8168673345131872,1.8168673345131872
64037,77,58,Neutral,81.0,1,64.88413205375475,16.115867946245245,0.9663040905910513,0.9663040905910513
64037,41,59,Neutral,79.0,1,73.1665231905419,5.833476809458105,0.3497740563616816,0.3497740563616816
64037,38,60,Neutral,72.0,0,64.03030777645402,7.969692223545977,0.4778610883417185,0.4778610883417185
64037,37,61,Neutral,75.0,1,66.62496373716816,8.375036262831841,0.5021654326417031,0.5021654326417031
64037,88,62,Neutral,67.0,0,65.66763779061942,1.3323622093805767,0.07988816099559456,0.07988816099559456
64037,56,63,Neutral,85.0,1,73.6244461393253,11.3755538606747,0.6820758438188752,0.6820758438188752
64037,118,64,Neutral,65.0,0,67.27828081011756,-2.2782808101175647,-0.13660524358197015,0.13660524358197015
64038,61,1,Neutral,68.0,0,67.93521656257884,0.06478343742115555,0.003884401435368982,0.003884401435368982
64038,89,2,Neutral,83.0,0,66.58101938456048,16.418980615439523,0.984478663200443,0.984478663200443
64038,92,3,Neutral,80.0,1,73.25670911433926,6.743290885660741,0.40432631916529654,0.40432631916529654
64038,85,4,Neutral,79.0,1,71.16660337430476,7.833396625695244,0.4696888326387049,0.4696888326387049
64038,87,5,Neutral,74.0,0,69.20607057579147,4.793929424208528,0.28744301132703076,0.28744301132703076
64038,119,6,Neutral,36.0,1,67.20617535842358,-31.20617535842358,-1.8711157848356503,1.8711157848356503
64038,117,7,Neutral,76.0,0,71.55173086035798,4.448269139642022,0.2667172925481485,0.2667172925481485
64038,84,8,Neutral,78.0,1,71.77837190421285,6.221628095787153,0.37304752676979097,0.37304752676979097
64038,52,9,Neutral,74.0,1,74.19069808118385,-0.19069808118385367,-0.011434217290093574,0.011434217290093574
64038,9,10,Neutral,69.0,0,73.9967401750323,-4.996740175032301,-0.2996035017697756,0.2996035017697756
64038,38,11,Neutral,65.0,0,68.01174239943643,-3.0117423994364287,-0.18058344794640588,0.18058344794640588
64038,34,12,Neutral,73.0,1,74.9716124991227,-1.971612499122699,-0.11821747542964867,0.11821747542964867
64038,19,13,Neutral,72.0,0,72.6665819617603,-0.6665819617603006,-0.039968115804352736,0.039968115804352736
64038,12,14,Neutral,81.0,1,73.77321421844132,7.226785781558675,0.43331657257544065,0.43331657257544065
64038,10,15,Neutral,76.0,0,70.10520700917371,5.894792990826289,0.3534505618451671,0.3534505618451671
64038,88,16,Neutral,72.0,0,69.51765093580313,2.4823490641968675,0.14884113365840548,0.14884113365840548
64038,54,17,Neutral,54.0,1,71.93214020454303,-17.932140204543032,-1.0752073974854903,1.0752073974854903
64038,65,18,Neutral,78.0,1,67.50906734790813,10.490932652091871,0.6290341401186196,0.6290341401186196
64038,93,19,Neutral,76.0,0,68.92073011503598,7.07926988496402,0.42447155009312176,0.42447155009312176
64038,74,20,Neutral,65.0,0,67.86786570016235,-2.867865700162355,-0.1719566309786193,0.1719566309786193
64038,47,21,Neutral,72.0,0,73.49156644948134,-1.4915664494813399,-0.0894340141238246,0.0894340141238246
64038,62,22,Neutral,77.0,0,65.251486443945,11.748513556055002,0.7044384295929503,0.7044384295929503
64038,128,23,Neutral,69.0,0,69.21339364020596,-0.21339364020596463,-0.012795038289276929,0.012795038289276929
64038,40,24,Neutral,70.0,1,75.11417161633135,-5.1141716163313475,-0.30664466656895173,0.30664466656895173
64038,39,25,Neutral,75.0,1,72.46636961091805,2.5336303890819494,0.15191595123401913,0.15191595123401913
64038,118,26,Neutral,59.0,0,70.7778366811714,-11.777836681171394,-0.706196638076874,0.706196638076874
64038,41,27,Neutral,64.0,1,76.40323610599833,-12.403236105998332,-0.7436954575310482,0.7436954575310482
64038,109,28,Neutral,70.0,1,68.03884155418012,1.9611584458198763,0.11759065256764276,0.11759065256764276
64038,103,29,Neutral,68.0,0,68.61209776179253,-0.6120977617925263,-0.03670125450485273,0.03670125450485273
64038,37,30,Neutral,72.0,1,69.81786949335834,2.1821305066416556,0.13084009138103092,0.13084009138103092
64038,78,31,Neutral,44.0,1,70.36350714128852,-26.363507141288522,-1.5807504056204942,1.5807504056204942
64038,56,32,Neutral,66.0,1,76.81735189551551,-10.817351895515515,-0.6486061700719545,0.6486061700719545
64038,43,33,Neutral,72.0,1,71.81693502662068,0.1830649733793166,0.010976537733519327,0.010976537733519327
64038,108,34,Neutral,74.0,0,67.82290883233073,6.177091167669275,0.37037710182176997,0.37037710182176997
64038,104,35,Neutral,70.0,0,70.24527345655017,-0.24527345655016575,-0.014706545447529007,0.014706545447529007
64038,127,36,Neutral,76.0,0,67.49298828758688,8.507011712413117,0.5100786531529008,0.5100786531529008
64038,45,37,Neutral,69.0,0,68.07858830446729,0.9214116955327114,0.05524765364679826,0.05524765364679826
64038,70,38,Neutral,63.0,1,66.39619628654029,-3.396196286540288,-0.20363522306588638,0.20363522306588638
64038,46,39,Neutral,63.0,1,66.40877607914743,-3.4087760791474295,-0.20438950481450915,0.20438950481450915
64038,21,40,Neutral,73.0,0,67.0212054985507,5.9787945014493005,0.358487274953117,0.358487274953117
64038,126,41,Neutral,68.0,1,69.10616907217003,-1.106169072170033,-0.06632566752771435,0.06632566752771435
64038,122,42,Neutral,66.0,0,66.15925909076627,-0.15925909076626965,-0.009549141962727025,0.009549141962727025
64038,24,43,Neutral,72.0,0,69.9946861383476,2.0053138616523967,0.12023820211837324,0.12023820211837324
64038,77,44,Neutral,78.0,1,67.33231610241897,10.667683897581028,0.6396321080408517,0.6396321080408517
64038,59,45,Neutral,71.0,0,66.8264553792896,4.173544620710402,0.25024486752488856,0.25024486752488856
64038,95,46,Neutral,69.0,1,66.66052367615112,2.339476323848885,0.14027451385904344,0.14027451385904344
64038,25,47,Neutral,79.0,0,71.12797646949303,7.872023530506965,0.4720048938183409,0.4720048938183409
64038,55,48,Neutral,72.0,1,74.2426640062943,-2.242664006294305,-0.13446966743161995,0.13446966743161995
64038,97,49,Neutral,70.0,1,68.14637862270935,1.8536213772906507,0.11114275230210532,0.11114275230210532
64038,86,50,Neutral,76.0,1,68.75931093158486,7.240689068415136,0.434150210764018,0.434150210764018
64038,98,51,Neutral,70.0,0,64.39915499362779,5.600845006372211,0.33582550182690424,0.33582550182690424
64038,11,52,Neutral,67.0,1,75.73067511518043,-8.730675115180432,-0.52348946426965,0.52348946426965
64038,44,53,Neutral,70.0,0,68.67839949110791,1.3216005088920895,0.07924289167231473,0.07924289167231473
64038,14,54,Neutral,65.0,1,70.25571810320557,-5.255718103205567,-0.3151317644858354,0.3151317644858354
64038,30,55,Neutral,67.0,1,70.33821261025807,-3.3382126102580685,-0.20015853389432547,0.20015853389432547
64038,94,56,Neutral,67.0,1,75.6143652451988,-8.614365245198798,-0.5165155486534234,0.5165155486534234
64038,42,57,Neutral,76.0,1,68.8577826013857,7.1422173986143065,0.4282458699209893,0.4282458699209893
64038,53,58,Neutral,71.0,0,65.00882287816447,5.991177121835534,0.3592297342963782,0.3592297342963782
64038,33,59,Neutral,63.0,1,66.62119362890893,-3.6211936289089266,-0.21712601692372419,0.21712601692372419
64038,71,60,Neutral,75.0,1,66.05769467864224,8.942305321357765,0.5361787674212951,0.5361787674212951
64038,1,61,Neutral,75.0,1,71.17338474839454,3.8266152516054603,0.2294430547010013,0.2294430547010013
64038,4,62,Neutral,67.0,1,69.50495053343572,-2.504950533435718,-0.1501963130537515,0.1501963130537515
64038,107,63,Neutral,67.0,1,67.93784746121884,-0.937847461218837,-0.056233138739346405,0.056233138739346405
64038,96,64,Neutral,40.0,1,61.44583583220277,-21.445835832202768,-1.2858878566096634,1.2858878566096634
64039,31,1,Standard,78.0,1,70.31663898176421,7.683361018235786,0.4606927288169331,0.4606927288169331
64039,76,2,Standard,71.0,1,68.1904315767258,2.8095684232742,0.16846113837994312,0.16846113837994312
64039,67,3,Standard,82.0,1,74.19210153835391,7.80789846164609,0.46815996802493154,0.46815996802493154
64039,66,4,Standard,76.0,1,69.63272699045416,6.3672730095458405,0.381780365510356,0.381780365510356
64039,60,5,Standard,76.0,1,72.86720146367738,3.1327985363226247,0.18784194873919347,0.18784194873919347
64039,28,6,Standard,76.0,0,73.57258943729754,2.4274105627024625,0.14554703253384554,0.14554703253384554
64039,90,7,Standard,67.0,1,72.63305227658032,-5.633052276580315,-0.33775664305073844,0.33775664305073844
64039,120,8,Standard,76.0,1,69.48909400334183,6.510905996658167,0.3903925695476067,0.3903925695476067
64039,57,9,Standard,70.0,1,73.95811749807532,-3.9581174980753246,-0.2373279020520463,0.2373279020520463
64039,20,10,Standard,69.0,0,69.76145958704191,-0.7614595870419123,-0.04565695848542884,0.04565695848542884
64039,125,11,Standard,72.0,0,66.44756831514135,5.552431684858647,0.3329226491370151,0.3329226491370151
64039,16,12,Standard,64.0,0,72.27238680670243,-8.272386806702428,-0.4960105925992276,0.4960105925992276
64039,72,13,Standard,68.0,0,71.24970765719323,-3.249707657193227,-0.19485179531410207,0.19485179531410207
64039,102,14,Standard,77.0,0,69.08612231675764,7.913877683242362,0.4745144601123399,0.4745144601123399
64039,48,15,Standard,68.0,1,78.10768645555677,-10.107686455556774,-0.60605477787449,0.60605477787449
64039,58,16,Standard,65.0,0,73.50718207422275,-8.507182074222754,-0.510088868011578,0.510088868011578
64039,111,17,Standard,76.0,1,71.79193534848837,4.208064651511634,0.25231468139292357,0.25231468139292357
64039,113,18,Standard,74.0,1,75.64331100017705,-1.6433110001770501,-0.09853258582664925,0.09853258582664925
64039,106,19,Standard,72.0,1,69.32146377501172,2.678536224988278,0.1606044750202558,0.1606044750202558
64039,18,20,Standard,74.0,0,72.7088024176351,1.2911975823649016,0.07741993852035585,0.07741993852035585
64039,36,21,Standard,67.0,0,68.94637486534626,-1.9463748653462574,-0.11670423215684707,0.11670423215684707
64039,75,22,Standard,66.0,0,67.50767561895455,-1.5076756189545506,-0.09039991657536552,0.09039991657536552
64039,123,23,Standard,62.0,0,70.50429758881572,-8.504297588815717,-0.5099159148664315,0.5099159148664315
64039,116,24,Standard,75.0,0,74.07544154072266,0.9245584592773355,0.055436332946523,0.055436332946523
64039,26,25,Standard,62.0,1,78.56440663930586,-16.564406639305858,-0.9931983773485831,0.9931983773485831
64039,73,26,Standard,65.0,1,67.52129481590244,-2.5212948159024364,-0.1511763128314889,0.1511763128314889
64039,22,27,Standard,63.0,1,78.0257351806392,-15.025735180639202,-0.9009399566699936,0.9009399566699936
64039,79,28,Standard,64.0,1,71.7129520056337,-7.712952005633696,-0.46246699826755183,0.46246699826755183
64039,69,29,Standard,64.0,1,70.44796306961986,-6.44796306961986,-0.3866185247320396,0.3866185247320396
64039,3,30,Standard,78.0,1,72.58934741367769,5.410652586322314,0.32442160387324515,0.32442160387324515
64039,80,31,Standard,66.0,1,73.72652318261913,-7.7265231826191325,-0.46328072321732827,0.46328072321732827
64039,23,32,Standard,66.0,0,71.76677346170744,-5.766773461707444,-0.3457745375022212,0.3457745375022212
64039,99,33,Standard,66.0,1,68.6253015519806,-2.6253015519805984,-0.1574125350974307,0.1574125350974307
64039,15,34,Standard,64.0,1,73.49594125730621,-9.495941257306214,-0.5693746630062942,0.5693746630062942
64039,82,35,Standard,63.0,0,68.59564277732821,-5.595642777328209,-0.33551357725528463,0.33551357725528463
64039,17,36,Standard,64.0,1,76.33989503882754,-12.339895038827535,-0.7398975403159345,0.7398975403159345
64039,100,37,Standard,60.0,0,68.3832062335097,-8.383206233509696,-0.5026553023845152,0.5026553023845152
64039,105,38,Standard,64.0,0,69.0528294291391,-5.052829429139095,-0.30296660178166324,0.30296660178166324
64039,83,39,Standard,64.0,1,70.66431864227951,-6.664318642279511,-0.3995911598752743,0.3995911598752743
64039,91,40,Standard,72.0,0,68.89001350829798,3.109986491702017,0.18647414328774867,0.18647414328774867
64039,50,41,Standard,67.0,1,64.77719177041497,2.222808229585027,0.13327911918935118,0.13327911918935118
64039,68,42,Standard,67.0,0,66.61827277961176,0.38172722038824247,0.022888284750251404,0.022888284750251404
64039,110,43,Standard,65.0,1,67.33205622025834,-2.3320562202583375,-0.13982960599084351,0.13982960599084351
64039,5,44,Standard,64.0,0,67.37307388168698,-3.3730738816869774,-0.2022488084794314,0.2022488084794314
64039,63,45,Standard,68.0,1,67.27410057821902,0.72589942178098,0.04352477837149719,0.04352477837149719
64039,8,46,Standard,64.0,0,74.30308719690487,-10.303087196904869,-0.6177709656900634,0.6177709656900634
64039,27,47,Standard,72.0,0,71.66584392220338,0.3341560777966208,0.020035928933381852,0.020035928933381852
64039,121,48,Standard,68.0,1,71.11018090683115,-3.110180906831147,-0.1864858003784606,0.1864858003784606
64039,51,49,Standard,73.0,0,68.48519478765364,4.51480521234636,0.270706781630618,0.270706781630618
64039,7,50,Standard,72.0,1,75.46425600896575,-3.464256008965748,-0.2077160698687752,0.2077160698687752
64039,114,51,Standard,75.0,0,68.4175061240217,6.582493875978301,0.3946849639041825,0.3946849639041825
64039,2,52,Standard,71.0,0,69.88758435123503,1.1124156487649657,0.0667002109613046,0.0667002109613046
64039,64,53,Standard,67.0,0,69.15375447448238,-2.1537544744823833,-0.12913867039385807,0.12913867039385807
64039,112,54,Standard,66.0,0,69.19499081623513,-3.1949908162351335,-0.1915709849092027,0.1915709849092027
64039,32,55,Standard,69.0,0,69.55232811445792,-0.5523281144579215,-0.033117478880402465,0.033117478880402465
64039,35,56,Standard,69.0,1,74.09877593428689,-5.098775934286891,-0.30572154467526164,0.30572154467526164
64039,6,57,Standard,80.0,1,72.08735700981151,7.912642990188488,0.4744404281735971,0.4744404281735971
64039,49,58,Standard,69.0,0,72.06061178666674,-3.0606117866667404,-0.1835136462418275,0.1835136462418275
64039,124,59,Standard,80.0,0,68.9566591550265,11.0433408449735,0.6621564204846544,0.6621564204846544
64039,29,60,Standard,91.0,1,71.71669098521144,19.283309014788557,1.1562231983579148,1.1562231983579148
64039,101,61,Standard,86.0,1,72.55825590658667,13.441744093413334,0.8059641804876916,0.8059641804876916
64039,81,62,Standard,77.0,0,68.20785098405429,8.79214901594571,0.527175426575386,0.527175426575386
64039,13,63,Standard,100.0,1,67.97093584582447,32.02906415417553,1.920456025900477,1.920456025900477
64039,115,64,Standard,87.0,1,74.74009393217105,12.25990606782895,0.7351014182494149,0.7351014182494149
64065,29,1,Standard,100.0,1,55.12508521869255,44.87491478130745,2.690690558072307,2.690690558072307
64065,110,2,Standard,50.0,0,48.46896134059389,1.5310386594061072,0.09180075962224858,0.09180075962224858
64065,31,3,Standard,51.0,1,50.76761183724478,0.23238816275522112,0.013933945911217752,0.013933945911217752
64065,32,4,Standard,50.0,0,52.610265073809146,-2.6102650738091455,-0.15651095099326562,0.15651095099326562
64065,50,5,Standard,50.0,0,46.89283667801243,3.1071633219875707,0.18630486661877857,0.18630486661877857
64065,83,6,Standard,50.0,1,52.93372673483856,-2.933726734838558,-0.17590564492130314,0.17590564492130314
64065,60,7,Standard,48.0,1,53.318174319157976,-5.318174319157976,-0.31887662620590873,0.31887662620590873
64065,125,8,Standard,50.0,1,47.40276162971335,2.5972383702866466,0.15572987255909787,0.15572987255909787
64065,113,9,Standard,50.0,1,56.57616260758621,-6.5761626075862125,-0.3943053423680474,0.3943053423680474
64065,68,10,Standard,51.0,0,48.84387371290454,2.1561262870954607,0.12928088378489458,0.12928088378489458
64065,2,11,Standard,50.0,1,51.02448947157058,-1.0244894715705826,-0.06142817566191129,0.06142817566191129
64065,17,12,Standard,50.0,1,57.92985403523019,-7.929854035230193,-0.47547239885507825,0.47547239885507825
64065,112,13,Standard,50.0,1,51.52967152016379,-1.529671520163788,-0.09171878623759025,0.09171878623759025
64065,72,14,Standard,50.0,1,50.546712088346965,-0.5467120883469647,-0.03278074312270174,0.03278074312270174
64065,76,15,Standard,49.0,1,48.444710343038054,0.5552896569619463,0.03329505235305959,0.03329505235305959
64065,82,16,Standard,50.0,1,48.76879039380662,1.2312096061933815,0.07382307194424793,0.07382307194424793
64065,26,17,Standard,51.0,1,59.4534510874488,-8.453451087448798,-0.5068671692185407,0.5068671692185407
64065,116,18,Standard,50.0,0,54.87687167033312,-4.8768716703331165,-0.2924162111559405,0.2924162111559405
64065,111,19,Standard,50.0,0,52.24290820396894,-2.2429082039689376,-0.13448430947340742,0.13448430947340742
64065,69,20,Standard,50.0,1,50.18303909343592,-0.18303909343592295,-0.010974985977495452,0.010974985977495452
64065,13,21,Standard,50.0,1,50.34942370901936,-0.34942370901936215,-0.020951372926431438,0.020951372926431438
64065,102,22,Standard,50.0,1,49.27425221664081,0.7257477833591892,0.04351568616326143,0.04351568616326143
64065,15,23,Standard,50.0,1,54.801591846008094,-4.801591846008094,-0.2879024485446508,0.2879024485446508
64065,57,24,Standard,50.0,1,53.83959728309487,-3.839597283094868,-0.23022145460935492,0.23022145460935492
64065,49,25,Standard,51.0,0,54.0448352164655,-3.0448352164655006,-0.18256768637346643,0.18256768637346643
64065,124,26,Standard,50.0,1,50.94088258482527,-0.9408825848252675,-0.05641512411960181,0.05641512411960181
64065,121,27,Standard,50.0,1,52.56871842543511,-2.568718425435108,-0.1540198225968249,0.1540198225968249
64065,27,28,Standard,52.0,0,53.03676712227487,-1.036767122274867,-0.06216434104487239,0.06216434104487239
64065,64,29,Standard,50.0,0,50.74371347088505,-0.7437134708850479,-0.04459290505115649,0.04459290505115649
64065,35,30,Standard,50.0,1,56.06153391198227,-6.0615339119822735,-0.36344831280213535,0.36344831280213535
64065,114,31,Standard,50.0,1,49.832236483359424,0.16776351664057643,0.010059065569564823,0.010059065569564823
64065,58,32,Standard,50.0,1,52.14707911638297,-2.1470791163829688,-0.12873841731042876,0.12873841731042876
64065,99,33,Standard,50.0,1,49.16388872599365,0.836111274006349,0.05013305811120571,0.05013305811120571
64065,67,34,Standard,50.0,1,52.174891191520636,-2.1748911915206364,-0.13040602355186703,0.13040602355186703
64065,79,35,Standard,49.0,1,50.747113481190034,-1.7471134811900342,-0.10475656100135997,0.10475656100135997
64065,18,36,Standard,50.0,0,52.54647504338841,-2.546475043388412,-0.15268611403505242,0.15268611403505242
64065,23,37,Standard,50.0,0,52.08632483938932,-2.08632483938932,-0.1250956034963864,0.1250956034963864
64065,66,38,Standard,50.0,0,48.967055412175526,1.032944587824474,0.061935142674163446,0.061935142674163446
64065,90,39,Standard,50.0,0,52.054995016834134,-2.054995016834134,-0.12321707385134661,0.12321707385134661
64065,120,40,Standard,50.0,0,48.6258520808354,1.3741479191645993,0.08239362346446265,0.08239362346446265
64065,106,41,Standard,51.0,1,49.18147810792789,1.8185218920721127,0.10903819446771233,0.10903819446771233
64065,5,42,Standard,50.0,0,48.284460036992755,1.7155399630072452,0.1028634194171682,0.1028634194171682
64065,73,43,Standard,50.0,0,47.60034494514976,2.3996550548502427,0.14388281805507894,0.14388281805507894
64065,123,44,Standard,50.0,1,48.925158834644776,1.074841165355224,0.06444725275006917,0.06444725275006917
64065,81,45,Standard,50.0,0,49.49115986559332,0.5088401344066824,0.030509948640317256,0.030509948640317256
64065,16,46,Standard,50.0,0,50.12375498207044,-0.12375498207043734,-0.00742032298878121,0.00742032298878121
64065,8,47,Standard,50.0,0,54.79786721165168,-4.797867211651678,-0.2876791202432173,0.2876791202432173
64065,48,48,Standard,50.0,1,57.20063737378412,-7.200637373784119,-0.4317487194831172,0.4317487194831172
64065,101,49,Standard,50.0,1,53.622528991794525,-3.6225289917945247,-0.21720608500464175,0.21720608500464175
64065,80,50,Standard,50.0,1,53.432774330573736,-3.4327743305737357,-0.20582843497933934,0.20582843497933934
64065,3,51,Standard,50.0,0,52.4931689058601,-2.4931689058601023,-0.14948988911443212,0.14948988911443212
64065,6,52,Standard,50.0,1,51.64720439656264,-1.6472043965626426,-0.09876603306425628,0.09876603306425628
64065,7,53,Standard,50.0,1,55.87142170518009,-5.87142170518009,-0.3520492244181279,0.3520492244181279
64065,105,54,Standard,50.0,1,47.692726471299316,2.3072735287006836,0.1383436409588704,0.1383436409588704
64065,20,55,Standard,50.0,1,48.32872459407445,1.6712754059255488,0.10020932577983421,0.10020932577983421
64065,28,56,Standard,49.0,0,50.7230430644058,-1.7230430644058004,-0.10331330381667599,0.10331330381667599
64065,22,57,Standard,50.0,1,57.25010757666524,-7.250107576665243,-0.43471494256001564,0.43471494256001564
64065,63,58,Standard,50.0,1,47.24319468177102,2.7568053182289773,0.16529747357407934,0.16529747357407934
64065,75,59,Standard,50.0,1,45.22762231652385,4.772377683476151,0.2861507734346307,0.2861507734346307
64065,115,60,Standard,50.0,1,55.45390974324904,-5.453909743249042,-0.32701529400678675,0.32701529400678675
64065,100,61,Standard,48.0,0,48.15560624789341,-0.1556062478934095,-0.009330118263717782,0.009330118263717782
64065,91,62,Standard,50.0,0,47.26706759486079,2.732932405139209,0.16386605866984255,0.16386605866984255
64065,51,63,Standard,51.0,0,48.69566639469968,2.3043336053003216,0.13816736376317296,0.13816736376317296
64065,36,64,Standard,50.0,0,46.40347860731815,3.5965213926818507,0.21564667477040214,0.21564667477040214
64066,79,1,Standard,94.0,1,88.00077400513146,5.999225994868539,0.3597123430495886,0.3597123430495886
64066,82,2,Standard,19.0,1,85.14630773242338,-66.14630773242338,-3.9661188558092526,3.9661188558092526
64066,64,3,Standard,77.0,0,86.88642428666927,-9.886424286669268,-0.5927879442418119,0.5927879442418119
64066,26,4,Standard,100.0,1,95.02666883277195,4.973331167228054,0.29819990252998463,0.29819990252998463
64066,69,5,Standard,78.0,0,86.60436359131891,-8.604363591318915,-0.5159158515667357,0.5159158515667357
64066,113,6,Standard,78.0,1,91.71130876024704,-13.711308760247036,-0.8221272218522064,0.8221272218522064
64066,15,7,Standard,80.0,1,90.33512027147381,-10.335120271473812,-0.6196916621795993,0.6196916621795993
64066,2,8,Standard,77.0,0,86.92012805825877,-9.920128058258769,-0.5948088153772613,0.5948088153772613
64066,51,9,Standard,77.0,1,85.89386687228229,-8.893866872282288,-0.5332744080880192,0.5332744080880192
64066,31,10,Standard,75.0,0,85.46468639724327,-10.46468639724327,-0.6274604201360847,0.6274604201360847
64066,50,11,Standard,75.0,1,81.63371839727716,-6.633718397277164,-0.3977563755485794,0.3977563755485794
64066,100,12,Standard,77.0,1,85.13477092914484,-8.134770929144835,-0.48775917319955686,0.48775917319955686
64066,101,13,Standard,75.0,1,90.20331140024106,-15.203311400241063,-0.9115873898684613,0.9115873898684613
64066,91,14,Standard,97.0,0,85.1340283485295,11.865971651470502,0.7114811925674059,0.7114811925674059
64066,120,15,Standard,71.0,1,84.72475573735336,-13.724755737353362,-0.8229334998030602,0.8229334998030602
64066,6,16,Standard,94.0,1,88.98847923903655,5.01152076096345,0.3004897426284276,0.3004897426284276
64066,99,17,Standard,72.0,1,84.84951563826485,-12.849515638264847,-0.7704542854771823,0.7704542854771823
64066,16,18,Standard,100.0,0,87.11457255041447,12.885427449585535,0.7726075502157284,0.7726075502157284
64066,7,19,Standard,97.0,1,92.36458979509416,4.635410204905838,0.27793823190339584,0.27793823190339584
64066,102,20,Standard,77.0,0,84.34657889918472,-7.3465788991847205,-0.44049934299604787,0.44049934299604787
64066,121,21,Standard,72.0,1,87.81627374504396,-15.816273745043958,-0.9483404845908165,0.9483404845908165
64066,5,22,Standard,91.0,0,83.9932170995234,7.006782900476594,0.4201252455776936,0.4201252455776936
64066,106,23,Standard,82.0,1,84.80262085192606,-2.802620851926065,-0.16804456344673013,0.16804456344673013
64066,49,24,Standard,98.0,0,89.07335473974318,8.92664526025682,0.5352397934143583,0.5352397934143583
64066,48,25,Standard,91.0,1,93.2119267117696,-2.211926711769607,-0.13262666564406572,0.13262666564406572
64066,17,26,Standard,91.0,1,92.32027848036503,-1.3202784803650331,-0.0791636231167623,0.0791636231167623
64066,57,27,Standard,100.0,1,88.69288816930762,11.307111830692378,0.6779720739343819,0.6779720739343819
64066,58,28,Standard,98.0,1,88.08652486233738,9.913475137662616,0.5944099076418614,0.5944099076418614
64066,23,29,Standard,100.0,0,87.42149447753063,12.57850552246937,0.7542045752935159,0.7542045752935159
64066,28,30,Standard,98.0,0,87.62624631421735,10.373753685782646,0.6220081136673283,0.6220081136673283
64066,63,31,Standard,99.0,0,83.4107003459708,15.589299654029205,0.9347311652952436,0.9347311652952436
64066,68,32,Standard,99.0,1,82.71273008625337,16.287269913746627,0.9765813169175755,0.9765813169175755
64066,115,33,Standard,93.0,1,91.64042771829948,1.3595722817005225,0.08151967127327513,0.08151967127327513
64066,73,34,Standard,33.0,0,82.82722325575183,-49.82722325575183,-2.987629944314875,2.987629944314875
64066,111,35,Standard,83.0,0,86.54571833057133,-3.545718330571333,-0.21260053373129154,0.21260053373129154
64066,18,36,Standard,79.0,1,87.53118740739986,-8.531187407399855,-0.5115282227967132,0.5115282227967132
64066,80,37,Standard,98.0,1,88.98697976504621,9.013020234953785,0.5404188189345955,0.5404188189345955
64066,20,38,Standard,99.0,0,84.05815866561187,14.94184133438813,0.8959096990953952,0.8959096990953952
64066,27,39,Standard,97.0,0,87.53960073435773,9.460399265642266,0.5672435725774584,0.5672435725774584
64066,29,40,Standard,99.0,1,88.2492198845154,10.750780115484602,0.6446145399856094,0.6446145399856094
64066,8,41,Standard,100.0,0,90.04542253126053,9.954577468739473,0.5968743948655637,0.5968743948655637
64066,116,42,Standard,100.0,0,88.81021221195495,11.189787788045052,0.6709373487360283,0.6709373487360283
64066,76,43,Standard,96.0,1,82.05072376078948,13.94927623921052,0.8363957024029935,0.8363957024029935
64066,67,44,Standard,76.0,1,87.50103670774777,-11.501036707747772,-0.6895997692338866,0.6895997692338866
64066,72,45,Standard,93.0,1,84.95290725998319,8.047092740016808,0.48250200721305053,0.48250200721305053
64066,123,46,Standard,85.0,1,84.60176162500179,0.3982383749982148,0.023878290146995475,0.023878290146995475
64066,60,47,Standard,94.0,0,86.55060031252005,7.4493996874799535,0.4466644560795557,0.4466644560795557
64066,90,48,Standard,100.0,1,86.493344460644,13.506655539356004,0.8098562572873899,0.8098562572873899
64066,114,49,Standard,100.0,0,84.02841998057865,15.971580019421353,0.9576526165048967,0.9576526165048967
64066,110,50,Standard,78.0,1,82.13043480470417,-4.130434804704166,-0.24766001192229847,0.24766001192229847
64066,3,51,Standard,100.0,1,87.32578278306606,12.67421721693394,0.7599434285893486,0.7599434285893486
64066,124,52,Standard,100.0,1,84.78660880791463,15.213391192085368,0.9121917720912461,0.9121917720912461
64066,112,53,Standard,85.0,1,84.78110982437656,0.21889017562344293,0.01312460940984604,0.01312460940984604
64066,36,54,Standard,82.0,0,82.60576730886997,-0.6057673088699715,-0.036321681864101237,0.036321681864101237
64066,35,55,Standard,88.0,1,89.79896880753242,-1.7989688075324182,-0.10786579558498374,0.10786579558498374
64066,125,56,Standard,85.0,0,80.1326318621401,4.8673681378598985,0.29184638132520685,0.29184638132520685
64066,32,57,Standard,100.0,0,85.12109950990472,14.878900490095276,0.8921357791608124,0.8921357791608124
64066,66,58,Standard,100.0,0,82.9235261040568,17.076473895943195,1.023901823566736,1.023901823566736
64066,13,59,Standard,89.0,1,83.68847633176458,5.311523668235424,0.318477854559666,0.318477854559666
64066,22,60,Standard,94.0,1,92.12241077372867,1.8775892262713256,0.11257985954261798,0.11257985954261798
64066,83,61,Standard,91.0,1,85.35694685240166,5.643053147598337,0.33835629319719174,0.33835629319719174
64066,81,62,Standard,80.0,1,83.75016283292946,-3.750162832929462,-0.22485898357628045,0.22485898357628045
64066,105,63,Standard,100.0,0,83.0626791467927,16.937320853207297,1.015558236062644,1.015558236062644
64066,75,64,Standard,41.0,1,80.77280362908216,-39.77280362908216,-2.384769034423053,2.384769034423053
64105,99,1,Standard,30.0,1,59.44731800831937,-29.44731800831937,-1.7656550638964585,1.7656550638964585
64105,90,2,Standard,54.0,1,62.40536160868555,-8.405361608685553,-0.5039837340726141,0.5039837340726141
64105,102,3,Standard,97.0,0,58.988188428505495,38.011811571494505,2.2791803168670888,2.2791803168670888
64105,36,4,Standard,57.0,1,58.693013093976475,-1.6930130939764751,-0.10151271303478478,0.10151271303478478
64105,76,5,Standard,72.0,0,57.612283634701164,14.387716365298836,0.8626844811849707,0.8626844811849707
64105,20,6,Standard,71.0,1,59.356875583926154,11.643124416073846,0.6981193186764706,0.6981193186764706
64105,7,7,Standard,58.0,1,66.78716352808377,-8.787163528083767,-0.5268764977599689,0.5268764977599689
64105,106,8,Standard,63.0,0,59.35661606271437,3.643383937285627,0.21845654319928096,0.21845654319928096
64105,68,9,Standard,52.0,0,57.617182571171554,-5.617182571171554,-0.33680509881470283,0.33680509881470283
64105,83,10,Standard,61.0,1,61.48799979677438,-0.4879997967743819,-0.029260366329853953,0.029260366329853953
64105,75,11,Standard,62.0,1,56.991470891987376,5.008529108012624,0.3003103637396421,0.3003103637396421
64105,15,12,Standard,62.0,0,64.01297229693745,-2.0129722969374484,-0.12069740030541203,0.12069740030541203
64105,28,13,Standard,61.0,1,62.267855843538136,-1.2678558435381362,-0.07602037271446536,0.07602037271446536
64105,57,14,Standard,63.0,1,63.15926906156345,-0.15926906156344955,-0.0095497398096524,0.0095497398096524
64105,51,15,Standard,61.0,0,59.52791173847967,1.4720882615203266,0.08826610602437819,0.08826610602437819
64105,111,16,Standard,73.0,0,61.27494217842458,11.725057821575419,0.7030320286314236,0.7030320286314236
64105,6,17,Standard,65.0,1,62.84155990156512,2.1584400984348804,0.12941961943162456,0.12941961943162456
64105,66,18,Standard,60.0,0,58.57270029650097,1.4272997034990311,0.0855805933996774,0.0855805933996774
64105,80,19,Standard,36.0,0,63.67239645363322,-27.67239645363322,-1.6592311365912555,1.6592311365912555
64105,120,20,Standard,58.0,0,58.40260776281699,-0.4026077628169915,-0.024140277731948746,0.024140277731948746
64105,13,21,Standard,56.0,0,59.25003620567628,-3.250036205676281,-0.19487149501282086,0.19487149501282086
64105,31,22,Standard,72.0,0,58.83588830784326,13.164111692156737,0.789317399444951,0.789317399444951
64105,35,23,Standard,67.0,1,65.09768572584669,1.9023142741533121,0.11406236827178572,0.11406236827178572
64105,23,24,Standard,68.0,0,61.537418095656605,6.462581904343395,0.38749506702192094,0.38749506702192094
64105,81,25,Standard,68.0,0,59.26791554757491,8.732084452425092,0.5235739678377532,0.5235739678377532
64105,121,26,Standard,35.0,1,61.494125770507594,-26.494125770507594,-1.5885822714649394,1.5885822714649394
64105,67,27,Standard,62.0,1,62.14264623706855,-0.14264623706854707,-0.008553038709830856,0.008553038709830856
64105,2,28,Standard,65.0,1,59.94087269472888,5.059127305271119,0.30334422112482917,0.30334422112482917
64105,114,29,Standard,42.0,0,58.80145098769813,-16.801450987698132,-1.0074115071822953,1.0074115071822953
64105,79,30,Standard,35.0,1,60.62725420820547,-25.62725420820547,-1.5366048328644475,1.5366048328644475
64105,5,31,Standard,55.0,0,57.4958404879221,-2.495840487922102,-0.14965007661928578,0.14965007661928578
64105,73,32,Standard,67.0,0,56.81172539607911,10.188274603920888,0.6108868264912414,0.6108868264912414
64105,101,33,Standard,73.0,1,63.22405603671119,9.77594396328881,0.5861635670274756,0.5861635670274756
64105,112,34,Standard,62.0,1,59.51033367222979,2.489666327770209,0.1492798752605604,0.1492798752605604
64105,100,35,Standard,32.0,0,58.02409408781625,-26.024094087816252,-1.5603992695188442,1.5603992695188442
64105,110,36,Standard,60.0,1,56.64062285622623,3.35937714377377,0.20142755492253753,0.20142755492253753
64105,22,37,Standard,90.0,1,67.02686325864684,22.97313674135316,1.3774645015038842,1.3774645015038842
64105,17,38,Standard,62.0,1,65.69148039096503,-3.691480390965026,-0.22134039655972962,0.22134039655972962
64105,50,39,Standard,37.0,0,54.30400575961741,-17.30400575961741,-1.0375445867949757,1.0375445867949757
64105,91,40,Standard,30.0,0,57.891930029402225,-27.891930029402225,-1.6723943241400276,1.6723943241400276
64105,49,41,Standard,59.0,0,62.22552085401202,-3.225520854012018,-0.19340155962525926,0.19340155962525926
64105,64,42,Standard,60.0,0,59.07483289708094,0.9251671029190618,0.055472827092707004,0.055472827092707004
64105,3,43,Standard,67.0,1,61.57312787899073,5.426872121009268,0.32539412380005045,0.32539412380005045
64105,48,44,Standard,67.0,1,66.27647850750597,0.7235214924940294,0.04338219822596727,0.04338219822596727
64105,69,45,Standard,64.0,1,58.74896504246437,5.25103495753563,0.3148509640453758,0.3148509640453758
64105,29,46,Standard,57.0,0,61.88326475071279,-4.88326475071279,-0.29279953892599686,0.29279953892599686
64105,115,47,Standard,70.0,1,64.924015310367,5.075984689633003,0.30435498638549574,0.30435498638549574
64105,60,48,Standard,82.0,1,60.403680975048616,21.596319024951384,1.294910797552293,1.294910797552293
64105,32,49,Standard,60.0,0,59.368444605829396,0.6315553941706042,0.03786793009582109,0.03786793009582109
64105,27,50,Standard,46.0,0,60.95460980422398,-14.954609804223978,-0.8966752938914138,0.8966752938914138
64105,16,51,Standard,56.0,1,59.565824116423556,-3.5658241164235562,-0.21380607246977926,0.21380607246977926
64105,113,52,Standard,61.0,1,63.593067255795084,-2.5930672557950842,-0.15547977340161132,0.15547977340161132
64105,8,53,Standard,61.0,0,63.41662444186051,-2.416624441860513,-0.1449002989712506,0.1449002989712506
64105,116,54,Standard,62.0,0,62.18141412255493,-0.1814141225549335,-0.01087755306140127,0.01087755306140127
64105,105,55,Standard,61.0,1,57.310024242717375,3.6899757572826246,0.2212501790370374,0.2212501790370374
64105,125,56,Standard,62.0,0,54.0295196839349,7.9704803160651,0.4779083422052729,0.4779083422052729
64105,123,57,Standard,69.0,1,58.016770694868015,10.983229305131985,0.65855214505659,0.65855214505659
64105,82,58,Standard,73.0,1,56.58999463530907,16.41000536469093,0.9839405090320561,0.9839405090320561
64105,124,59,Standard,26.0,0,58.37684651484578,-32.37684651484578,-1.9413089839212314,1.9413089839212314
64105,63,60,Standard,71.0,1,56.03718054904481,14.962819450955188,0.8971675426021339,0.8971675426021339
64105,58,61,Standard,63.0,1,60.537776428346476,2.4622235716535243,0.14763441331081645,0.14763441331081645
64105,18,62,Standard,41.0,0,60.289089088272576,-19.289089088272576,-1.156569770361989,1.156569770361989
64105,72,63,Standard,64.0,1,58.06126621498578,5.938733785014222,0.35608524272672093,0.35608524272672093
64105,26,64,Standard,83.0,1,66.29512709859272,16.704872901407285,1.0016207052127344,1.0016207052127344
64116,119,1,Neutral,63.0,1,68.38527544251559,-5.385275442515592,-0.3228999956080405,0.3228999956080405
64116,14,2,Neutral,83.0,1,73.77893933557083,9.221060664429174,0.5528928798217242,0.5528928798217242
64116,109,3,Neutral,37.0,0,70.09408482359682,-33.094084823596816,-1.9843144437566236,1.9843144437566236
64116,10,4,Neutral,36.0,1,70.34937446527003,-34.34937446527003,-2.0595813496205433,2.0595813496205433
64116,122,5,Neutral,68.0,1,68.74018827137776,-0.740188271377761,-0.044381534821802224,0.044381534821802224
64116,117,6,Neutral,58.0,1,72.55560230738506,-14.555602307385058,-0.8727508873587967,0.8727508873587967
64116,34,7,Neutral,62.0,1,76.1507125832147,-14.150712583214698,-0.8484737836986581,0.8484737836986581
64116,24,8,Neutral,34.0,1,72.48800100042662,-38.48800100042662,-2.307732535997212,2.307732535997212
64116,9,9,Neutral,67.0,1,75.00061162205937,-8.000611622059367,-0.4797150090465642,0.4797150090465642
64116,46,10,Neutral,64.0,0,68.9244326483893,-4.924432648389299,-0.295267957509379,0.295267957509379
64116,47,11,Neutral,76.0,1,74.88970232990451,1.1102976700954912,0.06657321740073906,0.06657321740073906
64116,12,12,Neutral,67.0,1,74.82089282473461,-7.820892824734614,-0.4689391073334037,0.4689391073334037
64116,94,13,Neutral,84.0,1,78.4581373814077,5.541862618592305,0.33228893012163474,0.33228893012163474
64116,103,14,Neutral,63.0,0,70.22926943854686,-7.229269438546865,-0.4334654921319497,0.4334654921319497
64116,62,15,Neutral,69.0,0,66.51820084656946,2.4817991534305435,0.1488081611232165,0.1488081611232165
64116,128,16,Neutral,68.0,0,69.28233245923737,-1.2823324592373666,-0.0768883875812253,0.0768883875812253
64116,98,17,Neutral,66.0,1,66.84866269644057,-0.8486626964405701,-0.05088563879016008,0.05088563879016008
64116,30,18,Neutral,56.0,1,73.2043264536298,-17.204326453629804,-1.0315678363373286,1.0315678363373286
64116,84,19,Neutral,100.0,1,72.54174210280536,27.458257897194642,1.6463914332795844,1.6463914332795844
64116,92,20,Neutral,66.0,0,73.75723635733435,-7.7572363573343495,-0.465122278786122,0.465122278786122
64116,95,21,Neutral,78.0,1,68.7157669455678,9.284233054432207,0.5566806831889368,0.5566806831889368
64116,85,22,Neutral,71.0,1,71.3381387952734,-0.3381387952733945,-0.020274731845040826,0.020274731845040826
64116,78,23,Neutral,67.0,1,71.6740287031792,-4.674028703179204,-0.28025378902874015,0.28025378902874015
64116,86,24,Neutral,61.0,1,70.85836136026776,-9.858361360267764,-0.5911052970107612,0.5911052970107612
64116,11,25,Neutral,100.0,1,77.87353270312958,22.126467296870416,1.3266983776865975,1.3266983776865975
64116,107,26,Neutral,78.0,0,70.8039613045906,7.196038695409399,0.431472983684113,0.431472983684113
64116,70,27,Neutral,80.0,1,68.12332398898995,11.876676011010048,0.7121230237393119,0.7121230237393119
64116,108,28,Neutral,63.0,0,67.84804049209588,-4.848040492095876,-0.2906874997045852,0.2906874997045852
64116,43,29,Neutral,61.0,0,72.95222795144645,-11.952227951446446,-0.7166531023760503,0.7166531023760503
64116,126,30,Neutral,77.0,1,70.83329677461968,6.166703225380317,0.36975424296240694,0.36975424296240694
64116,45,31,Neutral,68.0,0,68.10371996423244,-0.10371996423243957,-0.0062190274857095,0.0062190274857095
64116,52,32,Neutral,67.0,1,74.14319770582132,-7.143197705821322,-0.4283046489372566,0.4283046489372566
64116,39,33,Neutral,75.0,1,73.075976624549,1.924023375451,0.11536404147095702,0.11536404147095702
64116,33,34,Neutral,65.0,0,68.96162156108588,-3.9616215610858774,-0.2375380049414519,0.2375380049414519
64116,56,35,Neutral,76.0,1,77.64599470547765,-1.6459947054776478,-0.09869350023836809,0.09869350023836809
64116,40,36,Neutral,74.0,1,75.54854999289738,-1.548549992897378,-0.0928507355367175,0.0928507355367175
64116,118,37,Neutral,75.0,0,71.25602221700365,3.743977782996353,0.22448812926853806,0.22448812926853806
64116,42,38,Neutral,89.0,1,70.65018291520497,18.349817084795035,1.1002512163650593,1.1002512163650593
64116,65,39,Neutral,74.0,1,67.83436595383832,6.165634046161685,0.3696901351988049,0.3696901351988049
64116,71,40,Neutral,79.0,1,68.179086814488,10.820913185511998,0.6488197042795356,0.6488197042795356
64116,54,41,Neutral,69.0,0,70.64305708632115,-1.64305708632115,-0.09851736120465357,0.09851736120465357
64116,4,42,Neutral,66.0,1,71.62634266928148,-5.626342669281485,-0.3373543363924346,0.3373543363924346
64116,89,43,Neutral,81.0,0,64.54721455881263,16.452785441187373,0.9865055935222118,0.9865055935222118
64116,104,44,Neutral,65.0,1,69.6132977273218,-4.613297727321793,-0.27661237234598096,0.27661237234598096
64116,55,45,Neutral,100.0,1,75.33414977185384,24.665850228146155,1.4789592501542541,1.4789592501542541
64116,38,46,Neutral,81.0,0,66.24078052928598,14.759219470714015,0.8849597301276504,0.8849597301276504
64116,77,47,Neutral,75.0,1,68.44614357514138,6.553856424858623,0.39296786829050856,0.39296786829050856
64116,53,48,Neutral,66.0,1,65.20918317499455,0.7908168250054501,0.047417212368573304,0.047417212368573304
64116,25,49,Neutral,66.0,1,72.0004264387214,-6.000426438721405,-0.3597843214133614,0.3597843214133614
64116,59,50,Neutral,66.0,1,67.56748387071924,-1.5674838707192436,-0.09398600691341567,0.09398600691341567
64116,19,51,Neutral,80.0,0,71.96197419740423,8.038025802595769,0.48195835553085087,0.48195835553085087
64116,41,52,Neutral,70.0,1,76.26812141210333,-6.268121412103326,-0.37583525634733006,0.37583525634733006
64116,87,53,Neutral,68.0,1,66.86561563517998,1.134384364820022,0.06801745060733806,0.06801745060733806
64116,93,54,Neutral,69.0,1,67.14976824488554,1.8502317551144642,0.1109395112613291,0.1109395112613291
64116,61,55,Neutral,65.0,1,66.52969424996306,-1.5296942499630575,-0.09172014911162754,0.09172014911162754
64116,74,56,Neutral,75.0,1,66.05309667074569,8.946903329254312,0.5364544630185675,0.5364544630185675
64116,97,57,Neutral,83.0,1,69.04117029910057,13.958829700899429,0.8369685259791168,0.8369685259791168
64116,96,58,Neutral,63.0,1,61.47096749196792,1.5290325080320812,0.09168047120306247,0.09168047120306247
64116,1,59,Neutral,72.0,1,72.50624801744809,-0.5062480174480868,-0.0303545258465381,0.0303545258465381
64116,21,60,Neutral,77.0,1,67.10512660098685,9.89487339901315,0.5932945512608685,0.5932945512608685
64116,127,61,Neutral,77.0,1,66.16009801009878,10.839901989901222,0.64995826904179,0.64995826904179
64116,44,62,Neutral,69.0,1,68.04642376187955,0.9535762381204478,0.05717623293140087,0.05717623293140087
64116,88,63,Neutral,71.0,1,67.22100315445786,3.7789968455421388,0.22658786497619757,0.22658786497619757
64116,37,64,Neutral,71.0,0,69.57367502882748,1.4263249711725194,0.0855221486520857,0.0855221486520857
64123,96,1,Neutral,100.0,0,66.00005928703895,33.99994071296105,2.038629374500555,2.038629374500555
64123,95,2,Neutral,23.0,1,70.38241110492885,-47.38241110492885,-2.841039516176168,2.841039516176168
64123,126,3,Neutral,63.0,1,72.56521354535036,-9.56521354535036,-0.5735282149915136,0.5735282149915136
64123,56,4,Neutral,100.0,1,79.83832477603349,20.161675223966512,1.2088898535946477,1.2088898535946477
64123,61,5,Neutral,0.0,1,69.55436034657733,-69.55436034657733,-4.170464981813205,4.170464981813205
64123,107,6,Neutral,51.0,1,72.2292279604576,-21.229227960457607,-1.27290009366573,1.27290009366573
64123,12,7,Neutral,100.0,1,75.8742367543684,24.125763245631603,1.4465757469995026,1.4465757469995026
64123,77,8,Neutral,100.0,1,70.70374625706683,29.296253742933175,1.7565972819593199,1.7565972819593199
64123,19,9,Neutral,100.0,0,74.63618301988866,25.363816980111338,1.5208091914524913,1.5208091914524913
64123,41,10,Neutral,100.0,1,78.94233023458773,21.05766976541227,1.2626134999681593,1.2626134999681593
64123,119,11,Neutral,0.0,1,68.78151198315584,-68.78151198315584,-4.1241251546644735,4.1241251546644735
64123,4,12,Neutral,100.0,1,73.48968091781084,26.510319082189156,1.5895532190657946,1.5895532190657946
64123,92,13,Neutral,100.0,1,74.61300994274035,25.386990057259652,1.5221986443392168,1.5221986443392168
64123,43,14,Neutral,59.0,1,74.44364347374257,-15.443643473742569,-0.9259976510160057,0.9259976510160057
64123,117,15,Neutral,61.0,0,72.99564600729153,-11.995646007291526,-0.7192564399752758,0.7192564399752758
64123,78,16,Neutral,31.0,1,72.81498695134546,-41.81498695134546,-2.50721792173226,2.50721792173226
64123,118,17,Neutral,63.0,0,72.96647353563094,-9.96647353563094,-0.5975876805624627,0.5975876805624627
64123,44,18,Neutral,69.0,0,72.00602248648953,-3.0060224864895275,-0.1802404831556263,0.1802404831556263
64123,33,19,Neutral,100.0,0,70.16785242062173,29.832147579378272,1.788729364947756,1.788729364947756
64123,70,20,Neutral,68.0,1,68.97909757439592,-0.9790975743959223,-0.05870648694704553,0.05870648694704553
64123,62,21,Neutral,75.0,0,67.08966602427466,7.910333975725337,0.47430198014657066,0.47430198014657066
64123,25,22,Neutral,59.0,0,74.01752787221233,-15.017527872212327,-0.9004478481635151,0.9004478481635151
64123,53,23,Neutral,62.0,0,68.33644587354608,-6.336445873546083,-0.3799319768466407,0.3799319768466407
64123,38,24,Neutral,63.0,0,69.23662175003881,-6.2366217500388075,-0.3739465431606306,0.3739465431606306
64123,71,25,Neutral,59.0,1,69.38531767402385,-10.385317674023852,-0.622701487997417,0.622701487997417
64123,89,26,Neutral,58.0,0,67.32401998323431,-9.324019983234308,-0.5590662991657966,0.5590662991657966
64123,54,27,Neutral,62.0,0,73.28844103294412,-11.288441032944121,-0.6768525767841869,0.6768525767841869
64123,65,28,Neutral,57.0,1,68.86536817630922,-11.865368176309218,-0.7114450083222345,0.7114450083222345
64123,84,29,Neutral,58.0,1,72.65279398068536,-14.65279398068536,-0.8785784798778427,0.8785784798778427
64123,45,30,Neutral,18.0,0,70.17961084039435,-52.179610840394346,-3.1286786146860703,3.1286786146860703
64123,94,31,Neutral,77.0,1,78.5039166479181,-1.5039166479181034,-0.09017452945373808,0.09017452945373808
64123,40,32,Neutral,59.0,1,76.55808676326492,-17.558086763264924,-1.0527792309348387,1.0527792309348387
64123,37,33,Neutral,100.0,1,71.48082043662309,28.51917956337691,1.7100040757539507,1.7100040757539507
64123,97,34,Neutral,71.0,1,70.5978584327663,0.40214156723369854,0.024112324741724818,0.024112324741724818
64123,55,35,Neutral,62.0,1,76.60652949781878,-14.606529497818784,-0.8758044711063531,0.8758044711063531
64123,109,36,Neutral,37.0,1,69.48275670111369,-32.482756701113686,-1.9476593366647077,1.9476593366647077
64123,11,37,Neutral,100.0,1,78.18215492523737,21.81784507476263,1.308193453430282,1.308193453430282
64123,24,38,Neutral,100.0,0,72.00809435574222,27.991905644257784,1.6783888412157766,1.6783888412157766
64123,87,39,Neutral,100.0,1,69.51099958180295,30.48900041819705,1.8281141245638095,1.8281141245638095
64123,21,40,Neutral,100.0,0,68.81557791961413,31.184422080385872,1.8698114628083344,1.8698114628083344
64123,47,41,Neutral,100.0,0,74.40979568522009,25.59020431477991,1.5343833289595694,1.5343833289595694
64123,98,42,Neutral,100.0,1,66.58779184808733,33.412208151912665,2.003389052365319,2.003389052365319
64123,1,43,Neutral,100.0,1,73.75628603625017,26.243713963749826,1.5735676316075369,1.5735676316075369
64123,104,44,Neutral,98.0,0,71.64538144421748,26.354618555782523,1.5802174478820301,1.5802174478820301
64123,52,45,Neutral,64.0,1,74.40801276866287,-10.408012768662871,-0.6240622811522867,0.6240622811522867
64123,122,46,Neutral,59.0,0,67.77840287476478,-8.77840287476478,-0.5263512108088333,0.5263512108088333
64123,86,47,Neutral,70.0,1,70.685104830447,-0.6851048304470027,-0.04107874315878022,0.04107874315878022
64123,14,48,Neutral,100.0,1,72.3129334798664,27.687066520133598,1.660110750727822,1.660110750727822
64123,88,49,Neutral,68.0,1,69.86638710108083,-1.8663871010808322,-0.11190818244579684,0.11190818244579684
64123,10,50,Neutral,88.0,1,70.36632885591897,17.633671144081035,1.0573112546899983,1.0573112546899983
64123,42,51,Neutral,100.0,1,70.91499797804653,29.08500202195347,1.7439306727014148,1.7439306727014148
64123,74,52,Neutral,70.0,1,68.2604090247063,1.7395909752936944,0.10430551311220039,0.10430551311220039
64123,103,53,Neutral,100.0,0,69.35509836046634,30.644901639533657,1.8374619293738383,1.8374619293738383
64123,39,54,Neutral,100.0,1,72.9903344132607,27.009665586739303,1.6194939316342152,1.6194939316342152
64123,128,55,Neutral,100.0,0,69.60593696474992,30.394063035250085,1.822421698825546,1.822421698825546
64123,127,56,Neutral,76.0,1,68.41121752332565,7.5887824766743535,0.4550218191335213,0.4550218191335213
64123,34,57,Neutral,67.0,1,74.7946627532056,-7.7946627532056,-0.46736635769934587,0.46736635769934587
64123,85,58,Neutral,61.0,1,70.59538919499155,-9.595389194991554,-0.575337540668653,0.575337540668653
64123,46,59,Neutral,13.0,0,67.32700531488618,-54.32700531488618,-3.257435940803125,3.257435940803125
64123,108,60,Neutral,35.0,1,68.47829511247208,-33.47829511247208,-2.0073516127769766,2.0073516127769766
64123,59,61,Neutral,35.0,0,67.91991325209328,-32.91991325209328,-1.9738711525500987,1.9738711525500987
64123,93,62,Neutral,63.0,0,68.83139468765135,-5.831394687651354,-0.3496492127711481,0.3496492127711481
64123,9,63,Neutral,65.0,0,73.46933315498534,-8.469333154985335,-0.507819454685187,0.507819454685187
64123,30,64,Neutral,76.0,1,71.73832059792537,4.261679402074634,0.25552941068692453,0.25552941068692453
64159,112,1,Standard,100.0,1,64.9992825063602,35.0007174936398,2.0986357421478976,2.0986357421478976
64159,124,2,Standard,100.0,1,64.93617948221647,35.063820517783526,2.102419386352612,2.102419386352612
64159,81,3,Standard,98.0,0,64.27498562977672,33.72501437022328,2.0221448481638493,2.0221448481638493
64159,17,4,Standard,100.0,1,71.22423638436166,28.77576361563834,1.7253888021681687,1.7253888021681687
64159,15,5,Standard,100.0,1,68.53404578780189,31.465954212198113,1.886692070884201,1.886692070884201
64159,76,6,Standard,61.0,0,61.78289985143576,-0.7828998514357579,-0.04694251227975325,0.04694251227975325
64159,116,7,Standard,100.0,0,68.30267549726328,31.69732450273672,1.9005649853889879,1.9005649853889879
64159,5,8,Standard,66.0,1,62.717828527046294,3.2821714729537064,0.19679831895590533,0.19679831895590533
64159,32,9,Standard,69.0,1,65.33515435247956,3.664845647520437,0.2197433828817697,0.2197433828817697
64159,63,10,Standard,77.0,1,62.28986340155184,14.710136598448159,0.882016731313894,0.882016731313894
64159,36,11,Standard,50.0,0,61.66918312343015,-11.669183123430152,-0.69968179335037,0.69968179335037
64159,91,12,Standard,67.0,0,62.401350633174076,4.598649366825924,0.2757340596969307,0.2757340596969307
64159,68,13,Standard,68.0,1,61.65637731010744,6.3436226898925625,0.38036229726228044,0.38036229726228044
64159,28,14,Standard,71.0,0,65.5068688285892,5.493131171410795,0.3293670026828531,0.3293670026828531
64159,105,15,Standard,39.0,0,62.34513075768403,-23.345130757684032,-1.3997691853629788,1.3997691853629788
64159,7,16,Standard,73.0,1,70.43621167303235,2.5637883269676536,0.15372421491798263,0.15372421491798263
64159,29,17,Standard,37.0,1,67.36809574543439,-30.36809574543439,-1.8208647055283704,1.8208647055283704
64159,100,18,Standard,42.0,0,62.98323917134306,-20.983239171343058,-1.2581506570264014,1.2581506570264014
64159,115,19,Standard,76.0,1,70.19392834816621,5.80607165183379,0.34813084880972106,0.34813084880972106
64159,35,20,Standard,78.0,1,69.44353057964621,8.556469420353793,0.5130441270357683,0.5130441270357683
64159,8,21,Standard,51.0,0,68.88077842757535,-17.88077842757535,-1.0721277560197349,1.0721277560197349
64159,72,22,Standard,69.0,1,63.140179889218686,5.859820110781314,0.351353595230652,0.351353595230652
64159,31,23,Standard,30.0,0,62.835393726921694,-32.835393726921694,-1.968803379397543,1.968803379397543
64159,66,24,Standard,59.0,1,62.524280716904386,-3.5242807169043857,-0.21131513887400072,0.21131513887400072
64159,51,25,Standard,42.0,0,63.30426352181815,-21.30426352181815,-1.2773992103204665,1.2773992103204665
64159,82,26,Standard,56.0,1,61.274643876145866,-5.274643876145866,-0.3162665498955204,0.3162665498955204
64159,2,27,Standard,61.0,0,63.26749999831243,-2.267499998312431,-0.1359588283481186,0.1359588283481186
64159,67,28,Standard,60.0,1,65.38165922211964,-5.381659222119637,-0.3226831677851305,0.3226831677851305
64159,50,29,Standard,59.0,0,58.78538993062441,0.21461006937558835,0.01286797512931821,0.01286797512931821
64159,26,30,Standard,98.0,1,71.82788309198935,26.17211690801065,1.5692746870347838,1.5692746870347838
64159,23,31,Standard,40.0,1,65.29309286998831,-25.293092869988314,-1.516568588517344,1.516568588517344
64159,102,32,Standard,60.0,1,61.780105698980066,-1.7801056989800657,-0.10673476751896835,0.10673476751896835
64159,69,33,Standard,61.0,1,62.557471097976475,-1.5574710979764745,-0.09338564314202162,0.09338564314202162
64159,27,34,Standard,63.0,0,65.71784924167905,-2.7178492416790476,-0.1629616753254752,0.1629616753254752
64159,110,35,Standard,66.0,1,59.96725015980977,6.0327498401902275,0.36172242584343756,0.36172242584343756
64159,16,36,Standard,45.0,1,63.50575164973437,-18.50575164973437,-1.109601020450574,1.109601020450574
64159,111,37,Standard,10.0,1,64.39830441217833,-54.398304412178334,-3.261711019849358,3.261711019849358
64159,125,38,Standard,60.0,1,59.03247192672792,0.9675280732720779,0.058012782065660386,0.058012782065660386
64159,79,39,Standard,63.0,1,63.515809919126674,-0.5158099191266743,-0.03092785548268725,0.03092785548268725
64159,57,40,Standard,100.0,1,66.08260780983673,33.91739219016327,2.0336797822404415,2.0336797822404415
64159,3,41,Standard,100.0,1,65.87516557352403,34.12483442647597,2.046117975589936,2.046117975589936
64159,6,42,Standard,76.0,1,65.02920106422657,10.97079893577343,0.6578068226948783,0.6578068226948783
64159,73,43,Standard,74.0,1,60.54427002015135,13.455729979848648,0.8068027713298396,0.8068027713298396
64159,80,44,Standard,69.0,1,66.63954236117272,2.3604576388272847,0.1415325491418611,0.1415325491418611
64159,75,45,Standard,68.0,1,58.78484762125273,9.21515237874727,0.5525386202409278,0.5525386202409278
64159,113,46,Standard,80.0,1,67.89922278973715,12.100777210262848,0.7255600850422865,0.7255600850422865
64159,120,47,Standard,61.0,1,61.263127040973345,-0.2631270409733446,-0.01577704265670041,0.01577704265670041
64159,83,48,Standard,87.0,1,64.03775112065831,22.962248879341686,1.3768116675619226,1.3768116675619226
64159,18,49,Standard,37.0,1,64.92090704792895,-27.92090704792895,-1.6741317801448115,1.6741317801448115
64159,90,50,Standard,68.0,1,64.51704133990717,3.4829586600928337,0.20883747694094043,0.20883747694094043
64159,22,51,Standard,76.0,1,70.45687560726424,5.543124392735763,0.3323645858368771,0.3323645858368771
64159,13,52,Standard,35.0,1,61.9353268467677,-26.9353268467677,-1.615036596245048,1.615036596245048
64159,101,53,Standard,67.0,1,66.39122542973118,0.608774570268821,0.036501996632184314,0.036501996632184314
64159,114,54,Standard,36.0,1,61.76859689523763,-25.76859689523763,-1.5450797109851835,1.5450797109851835
64159,20,55,Standard,60.0,1,61.272649669076046,-1.2726496690760456,-0.0763078094967915,0.0763078094967915
64159,64,56,Standard,23.0,1,62.504845245698334,-39.504845245698334,-2.368702305480149,2.368702305480149
64159,99,57,Standard,58.0,1,61.05644197860563,-3.0564419786056334,-0.18326362541763938,0.18326362541763938
64159,60,58,Standard,71.0,1,64.02793427158163,6.972065728418372,0.418043611160887,0.418043611160887
64159,58,59,Standard,67.0,1,63.90821089119624,3.0917891088037592,0.18538303199350809,0.18538303199350809
64159,106,60,Standard,32.0,1,61.29306715687103,-29.293067156871032,-1.7564062149217181,1.7564062149217181
64159,49,61,Standard,29.0,1,65.41170255788268,-36.41170255788268,-2.1832381131705785,2.1832381131705785
64159,123,62,Standard,73.0,1,61.080555042854165,11.919444957145835,0.7146874408553574,0.7146874408553574
64159,121,63,Standard,56.0,1,63.93558576685228,-7.935585766852277,-0.475816072291164,0.475816072291164
64159,48,64,Standard,69.0,1,69.44364790052596,-0.4436479005259599,-0.026601035854246204,0.026601035854246204
64189,115,1,Standard,78.0,1,72.6597569960543,5.340243003945702,0.3201998599563635,0.3201998599563635
64189,66,2,Standard,70.0,1,65.1653380018574,4.834661998142593,0.2898853279893462,0.2898853279893462
64189,36,3,Standard,73.0,1,63.69694017865588,9.303059821344121,0.5578095322177492,0.5578095322177492
64189,75,4,Standard,76.0,0,62.25824093226417,13.741759067735828,0.8239530159567697,0.8239530159567697
64189,29,5,Standard,73.0,1,69.57108143772506,3.4289185622749443,0.20559724391399176,0.20559724391399176
64189,5,6,Standard,79.0,1,64.48274262667464,14.517257373325364,0.8704517330868136,0.8704517330868136
64189,111,7,Standard,33.0,1,67.3898189712612,-34.38981897126121,-2.0620063937889097,2.0620063937889097
64189,114,8,Standard,27.0,1,65.46102600258025,-38.461026002580255,-2.306115120736081,2.306115120736081
64189,13,9,Standard,76.0,1,65.49633447631162,10.503665523688383,0.6297976004516106,0.6297976004516106
64189,63,10,Standard,21.0,1,63.9671631826477,-42.9671631826477,-2.5763021689538648,2.5763021689538648
64189,7,11,Standard,52.0,1,72.33254725045937,-20.33254725045937,-1.2191353047685078,1.2191353047685078
64189,125,12,Standard,68.0,1,61.848757848745876,6.151242151254124,0.36882720017309484,0.36882720017309484
64189,90,13,Standard,68.0,1,67.81520601385367,0.1847939861463317,0.011080208979462993,0.011080208979462993
64189,123,14,Standard,33.0,1,64.86059846872925,-31.86059846872925,-1.9103548584353456,1.9103548584353456
64189,60,15,Standard,84.0,1,67.58894190112555,16.41105809887445,0.9840036307547726,0.9840036307547726
64189,68,16,Standard,32.0,1,63.2022556134046,-31.202255613404603,-1.870880757739465,1.870880757739465
64189,91,17,Standard,75.0,1,63.85961461793877,11.140385382061233,0.6679751907469932,0.6679751907469932
64189,79,18,Standard,75.0,1,66.11306004481345,8.886939955186548,0.5328590715794845,0.5328590715794845
64189,81,19,Standard,72.0,1,65.25137086261284,6.748629137387155,0.4046463996286662,0.4046463996286662
64189,72,20,Standard,76.0,1,64.90509398884701,11.094906011152986,0.6652482571252527,0.6652482571252527
64189,6,21,Standard,72.0,1,67.62645118991335,4.373548810086646,0.26223707712689387,0.26223707712689387
64189,69,22,Standard,69.0,1,64.71664963100092,4.283350368999081,0.25682879735700676,0.25682879735700676
64189,32,23,Standard,74.0,1,66.39915390384816,7.600846096151841,0.4557451512486337,0.4557451512486337
64189,112,24,Standard,80.0,1,65.66901762433267,14.330982375667332,0.8592827229651011,0.8592827229651011
64189,27,25,Standard,77.0,1,67.78941345617102,9.210586543828981,0.5522648537287411,0.5522648537287411
64189,15,26,Standard,23.0,1,69.29139522430685,-46.291395224306854,-2.775622430862407,2.775622430862407
64189,116,27,Standard,80.0,1,69.10383209303447,10.89616790696553,0.6533319617278712,0.6533319617278712
64189,2,28,Standard,79.0,1,64.90099262014206,14.099007379857937,0.8453735504580326,0.8453735504580326
64189,8,29,Standard,78.0,1,70.20762093454134,7.792379065458661,0.4672294282569565,0.4672294282569565
64189,22,30,Standard,74.0,1,73.05412573295101,0.9458742670489926,0.05671442434766306,0.05671442434766306
64189,28,31,Standard,79.0,1,66.4394469021591,12.560553097840895,0.7531281516461898,0.7531281516461898
64189,35,32,Standard,14.0,0,70.59514444954726,-56.59514444954726,-3.3934330916337934,3.3934330916337934
64189,80,33,Standard,80.0,1,68.79872089419716,11.20127910580284,0.6716263657590437,0.6716263657590437
64189,67,34,Standard,81.0,1,66.79611604761809,14.203883952381915,0.8516619279363737,0.8516619279363737
64189,64,35,Standard,78.0,1,65.1020953713851,12.897904628614896,0.773355679275567,0.773355679275567
64189,23,36,Standard,69.0,1,66.75135685475301,2.2486431452469873,0.13482817535979735,0.13482817535979735
64189,58,37,Standard,66.0,1,66.54926817614925,-0.5492681761492548,-0.032934005615761465,0.032934005615761465
64189,101,38,Standard,79.0,1,68.72563259982056,10.274367400179443,0.6160489326509935,0.6160489326509935
64189,16,39,Standard,79.0,1,65.05162995303152,13.948370046968478,0.8363413673046131,0.8363413673046131
64189,110,40,Standard,76.0,1,61.425514144574464,14.574485855425536,0.8738831409722695,0.8738831409722695
64189,99,41,Standard,73.0,1,63.43465630796124,9.56534369203876,0.5735360185598846,0.5735360185598846
64189,20,42,Standard,74.0,1,63.51944252063294,10.480557479367057,0.628412046919667,0.628412046919667
64189,120,43,Standard,76.0,1,63.11565545913414,12.884344540865861,0.7725426192340991,0.7725426192340991
64189,102,44,Standard,76.0,1,62.931719568881114,13.068280431118886,0.7835713769622495,0.7835713769622495
64189,26,45,Standard,79.0,1,72.84807548409171,6.151924515908291,0.3688681146158538,0.3688681146158538
64189,121,46,Standard,79.0,1,66.35760725547412,12.642392744525878,0.7580352398419982,0.7580352398419982
64189,82,47,Standard,73.0,1,62.03199331265081,10.968006687349188,0.6576394000600384,0.6576394000600384
64189,83,48,Standard,26.0,0,65.71505090175418,-39.71505090175418,-2.38130619290276,2.38130619290276
64189,31,49,Standard,75.0,1,63.37370736709547,11.62629263290453,0.6971100884579865,0.6971100884579865
64189,51,50,Standard,20.0,1,63.88638432125818,-43.88638432125818,-2.6314184772631553,2.6314184772631553
64189,73,51,Standard,80.0,1,61.87111252711735,18.128887472882653,1.087004322779451,1.087004322779451
64189,57,52,Standard,75.0,1,67.23422167973777,7.765778320262228,0.4656344531068857,0.4656344531068857
64189,50,53,Standard,23.0,1,59.41131788933066,-36.41131788933066,-2.1832150485241955,2.1832150485241955
64189,18,54,Standard,73.0,1,66.37917103269365,6.620828967306352,0.3969835280080233,0.3969835280080233
64189,100,55,Standard,65.0,1,63.03967405958827,1.9603259404117281,0.11754073571649853,0.11754073571649853
64189,106,56,Standard,76.0,0,63.14559557503183,12.854404424968173,0.7707474161112386,0.7707474161112386
64189,3,57,Standard,39.0,0,66.85155080636015,-27.85155080636015,-1.669973194323713,1.669973194323713
64189,48,58,Standard,77.0,1,71.38379063721924,5.616209362780765,0.33674674544198013,0.33674674544198013
64189,113,59,Standard,74.0,1,69.00702950037197,4.992970499628029,0.29937747281647953,0.29937747281647953
64189,105,60,Standard,33.0,0,62.05110837179938,-29.05110837179938,-1.7418984164867197,1.7418984164867197
64189,17,61,Standard,74.0,1,70.40452808728219,3.5954719127178123,0.2155837481700089,0.2155837481700089
64189,49,62,Standard,80.0,1,67.04519517971231,12.954804820287691,0.7767674029352689,0.7767674029352689
64189,76,63,Standard,67.0,1,60.963191554356285,6.0368084456437145,0.36196577898239857,0.36196577898239857
64189,124,64,Standard,71.0,0,63.897435388805825,7.102564611194175,0.42586829703349627,0.42586829703349627
64222,66,1,Standard,100.0,1,59.011497289878115,40.988502710121885,2.4576620985046658,2.4576620985046658
64222,67,2,Standard,100.0,0,62.000297272892055,37.999702727107945,2.2784542730758335,2.2784542730758335
64222,125,3,Standard,64.0,1,56.04537441089645,7.95462558910355,0.47695769607381716,0.47695769607381716
64222,81,4,Standard,62.0,1,59.71083038036082,2.289169619639182,0.13725813433644282,0.13725813433644282
64222,68,5,Standard,67.0,1,57.48648649408764,9.513513505912357,0.5704282913783829,0.5704282913783829
64222,69,6,Standard,34.0,1,59.21991630801513,-25.21991630801513,-1.512180937079275,1.512180937079275
64222,49,7,Standard,48.0,0,63.25694106810965,-15.256941068109647,-0.9148030136010029,0.9148030136010029
64222,82,8,Standard,69.0,1,57.54282465278841,11.457175347211589,0.6869698511775725,0.6869698511775725
64222,73,9,Standard,0.0,1,57.51336534505364,-57.51336534505364,-3.4484894255745733,3.4484894255745733
64222,6,10,Standard,81.0,1,61.910682070596394,19.089317929403606,1.1445915332207386,1.1445915332207386
64222,18,11,Standard,42.0,1,62.065231009896195,-20.065231009896195,-1.2031070785755895,1.2031070785755895
64222,105,12,Standard,33.0,1,57.956204145333075,-24.956204145333075,-1.4963688106466024,1.4963688106466024
64222,57,13,Standard,66.0,1,62.74505301987537,3.254946980124629,0.19516594402749612,0.19516594402749612
64222,3,14,Standard,86.0,1,62.53761078356268,23.462389216437323,1.406799978164685,1.406799978164685
64222,20,15,Standard,100.0,1,58.50458794957572,41.49541205042428,2.488056277132019,2.488056277132019
64222,17,16,Standard,100.0,1,66.1782023830172,33.821797616982806,2.0279479515124472,2.0279479515124472
64222,63,17,Standard,69.0,1,57.462865196538544,11.537134803461456,0.6917642035458967,0.6917642035458967
64222,8,18,Standard,58.0,1,64.49185181522438,-6.491851815224379,-0.3892500847913561,0.3892500847913561
64222,91,19,Standard,35.0,1,57.574352428160765,-22.574352428160765,-1.3535534770162994,1.3535534770162994
64222,114,20,Standard,23.0,1,58.73769222013992,-35.73769222013992,-2.1428245934871275,2.1428245934871275
64222,23,21,Standard,30.0,1,61.21081637250099,-31.210816372500993,-1.871394059074584,1.871394059074584
64222,29,22,Standard,95.0,1,62.62871185895355,32.37128814104645,1.9409757049841465,1.9409757049841465
64222,58,23,Standard,91.0,0,60.964920534631005,30.035079465368995,1.8008971186299199,1.8008971186299199
64222,31,24,Standard,85.0,1,58.27123847750579,26.72876152249421,1.6026509823590613,1.6026509823590613
64222,51,25,Standard,9.0,1,58.78391543166849,-49.78391543166849,-2.985033216189159,2.985033216189159
64222,76,26,Standard,74.0,1,56.38640857596141,17.61359142403859,1.0561072788520443,1.0561072788520443
64222,28,27,Standard,25.0,1,60.41702766797851,-35.41702766797851,-2.123597613625127,2.123597613625127
64222,121,28,Standard,32.0,1,60.9484882510208,-28.948488251020798,-1.7357453353857795,1.7357453353857795
64222,60,29,Standard,85.0,1,60.77799380015275,24.22200619984725,1.4523464545195288,1.4523464545195288
64222,80,30,Standard,41.0,1,62.73249450075032,-21.73249450075032,-1.3030758507620617,1.3030758507620617
64222,36,31,Standard,75.0,1,56.27269184795581,18.727308152044188,1.122885502254044,1.122885502254044
64222,116,32,Standard,37.0,1,62.687148425457764,-25.687148425457764,-1.5401960776752566,1.5401960776752566
64222,83,33,Standard,87.0,1,60.174510419502155,26.825489580497845,1.608450776601333,1.608450776601333
64222,99,34,Standard,28.0,1,57.54365855157934,-29.54365855157934,-1.7714316228352878,1.7714316228352878
64222,120,35,Standard,82.0,1,57.26846486201849,24.73153513798151,1.4828977036881077,1.4828977036881077
64222,110,36,Standard,23.0,1,55.403094910393875,-32.403094910393875,-1.9428828322596627,1.9428828322596627
64222,101,37,Standard,95.0,1,62.571791887841265,32.428208112158735,1.944388614614927,1.944388614614927
64222,7,38,Standard,96.0,1,64.95210607902553,31.047893920974474,1.861625262762507,1.861625262762507
64222,123,39,Standard,30.0,1,57.56777161582788,-27.56777161582788,-1.652957853074293,1.652957853074293
64222,112,40,Standard,92.0,1,58.770455204827414,33.229544795172586,1.9924365954819678,1.9924365954819678
64222,5,41,Standard,67.0,1,56.75184418111091,10.248155818889089,0.6144772916878003,0.6144772916878003
64222,22,42,Standard,55.0,1,66.33079195051067,-11.330791950510672,-0.6793919289941545,0.6793919289941545
64222,124,43,Standard,64.0,1,58.61973786215121,5.3802621378487885,0.3225993989027889,0.3225993989027889
64222,72,44,Standard,76.0,1,57.65607429521187,18.343925704788127,1.0998979704450202,1.0998979704450202
64222,26,45,Standard,32.0,1,66.65042761284619,-34.65042761284619,-2.077632433742012,2.077632433742012
64222,35,46,Standard,89.0,1,63.78419634857447,25.21580365142553,1.511934343045433,1.511934343045433
64222,111,47,Standard,70.0,1,59.43988472936633,10.560115270633673,0.6331823155391261,0.6331823155391261
64222,48,48,Standard,98.0,1,65.62421435863604,32.37578564136396,1.9412453741678815,1.9412453741678815
64222,15,49,Standard,56.0,1,62.08618268993793,-6.086182689937928,-0.36492624840238136,0.36492624840238136
64222,113,50,Standard,65.0,1,63.20364606252255,1.7963539374774484,0.10770900852027775,0.10770900852027775
64222,64,51,Standard,74.0,1,58.203532951879836,15.796467048120164,0.9471528791622787,0.9471528791622787
64222,100,52,Standard,26.0,1,56.97344766614144,-30.97344766614144,-1.8571614808046073,1.8571614808046073
64222,79,53,Standard,44.0,1,58.38216159924974,-14.382161599249741,-0.8623514185678395,0.8623514185678395
64222,102,54,Standard,42.0,1,56.296000104973245,-14.296000104973245,-0.8571851932892182,0.8571851932892182
64222,2,55,Standard,57.0,0,57.52055144870822,-0.5205514487082183,-0.031212156610345224,0.031212156610345224
64222,90,56,Standard,29.0,1,59.73385029416009,-30.733850294160092,-1.8427952722074226,1.8427952722074226
64222,27,57,Standard,33.0,1,60.18993648840601,-27.189936488406012,-1.6303029374089033,1.6303029374089033
64222,106,58,Standard,77.0,1,56.860333385253824,20.139666614746176,1.2075702219627202,1.2075702219627202
64222,13,59,Standard,65.0,1,57.10832864175439,7.89167135824561,0.47318297348357563,0.47318297348357563
64222,32,60,Standard,81.0,1,58.58064113975198,22.419358860248018,1.3442600949168086,1.3442600949168086
64222,50,61,Standard,0.0,1,52.86321274395527,-52.86321274395527,-3.169667242661311,3.169667242661311
64222,115,62,Standard,86.0,1,63.78987240956849,22.21012759043151,1.3317146314904746,1.3317146314904746
64222,16,63,Standard,24.0,1,57.80261025939638,-33.80261025939638,-2.02679748154178,2.02679748154178
64222,75,64,Standard,41.0,1,53.43216350504461,-12.432163505044613,-0.7454299383621035,0.7454299383621035
64258,122,1,Neutral,62.0,1,48.624383802186756,13.375616197813244,0.8019991656195081,0.8019991656195081
64258,9,2,Neutral,43.0,1,55.01622863066707,-12.016228630667072,-0.7204905697924985,0.7204905697924985
64258,19,3,Neutral,38.0,1,53.77368473592752,-15.773684735927517,-0.9457868564610313,0.9457868564610313
64258,74,4,Neutral,61.0,0,48.09707277888596,12.902927221114041,0.7736568328773143,0.7736568328773143
64258,103,5,Neutral,44.0,1,50.33250076568702,-6.332500765687023,-0.3796954289998385,0.3796954289998385
64258,86,6,Neutral,40.0,1,51.48894329675883,-11.488943296758833,-0.6888746508259429,0.6888746508259429
64258,11,7,Neutral,67.0,1,58.50411463962064,8.495885360379361,0.5094115193987998,0.5094115193987998
64258,89,8,Neutral,41.0,0,45.84646895942693,-4.846468959426929,-0.290593270932572,0.290593270932572
64258,42,9,Neutral,43.0,1,51.762643603624596,-8.762643603624596,-0.5254062881885756,0.5254062881885756
64258,78,10,Neutral,67.0,1,51.9524886673843,15.047511332615699,0.9022456502139223,0.9022456502139223
64258,14,11,Neutral,41.0,0,53.131666417620146,-12.131666417620146,-0.7274121954916916,0.7274121954916916
64258,61,12,Neutral,60.0,1,48.12236899215515,11.877631007844847,0.7121802851509248,0.7121802851509248
64258,84,13,Neutral,55.0,1,52.55157657384819,2.4484234261518125,0.14680695945642055,0.14680695945642055
64258,127,14,Neutral,44.0,1,47.98503832190788,-3.9850383219078793,-0.23894206905057516,0.23894206905057516
64258,93,15,Neutral,46.0,1,48.62425128256477,-2.624251282564771,-0.15734956116167234,0.15734956116167234
64258,10,16,Neutral,37.0,1,49.589692380371346,-12.589692380371346,-0.7548753369668926,0.7548753369668926
64258,77,17,Neutral,44.0,0,49.507349868573804,-5.5073498685738045,-0.3302195528078182,0.3302195528078182
64258,65,18,Neutral,44.0,0,48.50130781387464,-4.501307813874639,-0.2698974804251809,0.2698974804251809
64258,38,19,Neutral,61.0,1,47.1895776557704,13.8104223442296,0.8280700517360791,0.8280700517360791
64258,39,20,Neutral,56.0,1,53.487522764708885,2.512477235291115,0.15064761253174358,0.15064761253174358
64258,4,21,Neutral,46.0,1,52.29328452931782,-6.293284529317823,-0.37734403162257396,0.37734403162257396
64258,94,22,Neutral,59.0,1,57.90592601771043,1.0940739822895722,0.06560044845378425,0.06560044845378425
64258,21,23,Neutral,45.0,1,48.434958387581545,-3.4349583875815455,-0.2059593905833298,0.2059593905833298
64258,52,24,Neutral,56.0,1,54.33570804965001,1.6642919503499911,0.09979059923580749,0.09979059923580749
64258,108,25,Neutral,47.0,0,47.74546579619068,-0.745465796190679,-0.04469797411206748,0.04469797411206748
64258,71,26,Neutral,45.0,1,48.539378559660705,-3.5393785596607046,-0.21222040238591294,0.21222040238591294
64258,59,27,Neutral,46.0,1,48.28401542758668,-2.284015427586681,-0.13694909005284378,0.13694909005284378
64258,97,28,Neutral,59.0,1,50.05856943326678,8.941430566733217,0.5361263173159218,0.5361263173159218
64258,62,29,Neutral,56.0,0,45.61386751058624,10.386132489413761,0.6227503441587464,0.6227503441587464
64258,96,30,Neutral,43.0,0,42.46357177771857,0.5364282222814296,0.03216412465205137,0.03216412465205137
64258,34,31,Neutral,57.0,1,54.941393830523936,2.0586061694760645,0.12343359781277924,0.12343359781277924
64258,119,32,Neutral,60.0,1,46.73622039900637,13.26377960099363,0.7952934665318115,0.7952934665318115
64258,126,33,Neutral,41.0,0,50.44886681226642,-9.448866812266417,-0.5665520890713385,0.5665520890713385
64258,24,34,Neutral,59.0,0,51.0579817532486,7.942018246751402,0.47620176244821305,0.47620176244821305
64258,46,35,Neutral,56.0,1,47.576245182178894,8.423754817821106,0.5050865870673188,0.5050865870673188
64258,70,36,Neutral,43.0,1,47.476051071039265,-4.476051071039265,-0.26838309137717964,0.26838309137717964
64258,104,37,Neutral,58.0,0,49.68595166848152,8.314048331518478,0.4985086089632416,0.4985086089632416
64258,41,38,Neutral,57.0,1,56.72347471152943,0.2765252884705731,0.01658039879032644,0.01658039879032644
64258,25,39,Neutral,47.0,1,52.14746492512779,-5.147464925127792,-0.3086409264406896,0.3086409264406896
64258,56,40,Neutral,56.0,1,57.269011978845306,-1.269011978845306,-0.07608969434705265,0.07608969434705265
64258,98,41,Neutral,46.0,1,45.50625776779502,0.4937422322049798,0.0296046815640722,0.0296046815640722
64258,117,42,Neutral,45.0,1,50.687511467544674,-5.687511467544674,-0.3410220048155945,0.3410220048155945
64258,40,43,Neutral,57.0,1,55.083952947732584,1.916047052267416,0.1148857827916304,0.1148857827916304
64258,118,44,Neutral,43.0,1,50.658338995884066,-7.6583389958840655,-0.4591924135603191,0.4591924135603191
64258,44,45,Neutral,45.0,0,48.557149295701635,-3.5571492957016346,-0.2132859320233139,0.2132859320233139
64258,45,46,Neutral,45.0,0,47.21261640153504,-2.212616401535037,-0.13266801929897262,0.13266801929897262
64258,47,47,Neutral,44.0,1,53.02161149006413,-9.021611490064132,-0.5409339488043692,0.5409339488043692
64258,109,48,Neutral,43.0,1,47.96481572631511,-4.964815726315109,-0.2976893184637208,0.2976893184637208
64258,95,49,Neutral,56.0,1,47.33121955581208,8.668780444187917,0.5197782726685928,0.5197782726685928
64258,55,50,Neutral,57.0,1,54.95716704522151,2.04283295477849,0.1224878391397201,0.1224878391397201
64258,53,51,Neutral,45.0,0,44.843765523491946,0.1562344765080539,0.00936778672080505,0.00936778672080505
64258,1,52,Neutral,56.0,0,52.55988964775716,3.44011035224284,0.20626830131301527,0.20626830131301527
64258,12,53,Neutral,45.0,1,52.86685236451787,-7.866852364517868,-0.47169483178103344,0.47169483178103344
64258,88,54,Neutral,44.0,0,47.38127141415008,-3.3812714141500777,-0.202740330821155,0.202740330821155
64258,54,55,Neutral,43.0,1,49.79576068288999,-6.795760682889991,-0.4074723972955111,0.4074723972955111
64258,87,56,Neutral,46.0,0,46.500197983677396,-0.5001979836773955,-0.029991767079816198,0.029991767079816198
64258,128,57,Neutral,58.0,0,47.25224275561787,10.747757244382129,0.6444332892629432,0.6444332892629432
64258,33,58,Neutral,47.0,0,47.65724125414168,-0.657241254141681,-0.039408048918039604,0.039408048918039604
64258,43,59,Neutral,45.0,1,51.48006624315828,-6.4800662431582765,-0.38854342434120737,0.38854342434120737
64258,107,60,Neutral,45.0,0,49.06150940498406,-4.061509404984058,-0.24352725928884936,0.24352725928884936
64258,92,61,Neutral,45.0,0,51.7081343428642,-6.708134342864199,-0.40221834017039215,0.40221834017039215
64258,30,62,Neutral,56.0,0,51.02380296136094,4.976197038639057,0.29837173958380003,0.29837173958380003
64258,37,63,Neutral,57.0,0,49.36447370353915,7.635526296460853,0.45782456884704625,0.45782456884704625
64258,85,64,Neutral,43.0,1,49.34029117579039,-6.340291175790391,-0.38016254036953795,0.38016254036953795
64270,40,1,Neutral,64.0,1,69.29371411246218,-5.293714112462183,-0.3174099972991887,0.3174099972991887
64270,10,2,Neutral,41.0,1,62.64890232904911,-21.648902329049108,-1.2980636815307365,1.2980636815307365
64270,127,3,Neutral,64.0,1,60.91282679278696,3.0871732072130413,0.18510626349405437,0.18510626349405437
64270,97,4,Neutral,50.0,0,63.57486328545758,-13.574863285457582,-0.8139459795591156,0.8139459795591156
64270,9,5,Neutral,87.0,1,67.3877538043709,19.612246195629098,1.175946203315135,1.175946203315135
64270,1,6,Neutral,57.0,1,67.0399410038051,-10.039941003805097,-0.6019927746758453,0.6019927746758453
64270,98,7,Neutral,51.0,1,59.498647834349526,-8.498647834349526,-0.5095771567635651,0.5095771567635651
64270,128,8,Neutral,57.0,1,61.844703278613835,-4.844703278613835,-0.29048740107821097,0.29048740107821097
64270,65,9,Neutral,50.0,1,61.360494277071936,-11.360494277071936,-0.6811728743178538,0.6811728743178538
64270,96,10,Neutral,50.0,1,55.78562468199375,-5.7856246819937525,-0.3469048527502768,0.3469048527502768
64270,24,11,Neutral,62.0,1,64.56849306787453,-2.5684930678745275,-0.15400631020435798,0.15400631020435798
64270,70,12,Neutral,37.0,1,60.99234492323008,-23.99234492323008,-1.4385760121340636,1.4385760121340636
64270,4,13,Neutral,64.0,1,65.10866383324887,-1.108663833248869,-0.0664752528831893,0.0664752528831893
64270,33,14,Neutral,55.0,1,62.049678291657166,-7.049678291657166,-0.42269724431232875,0.42269724431232875
64270,77,15,Neutral,76.0,1,62.059886216907444,13.940113783092556,0.8358463234395905,0.8358463234395905
64270,61,16,Neutral,50.0,1,60.45008700659278,-10.450087006592781,-0.6265850437087798,0.6265850437087798
64270,25,17,Neutral,68.0,1,65.6141690804875,2.3858309195125003,0.1430539257751036,0.1430539257751036
64270,95,18,Neutral,40.0,1,61.05910196861311,-21.059101968613113,-1.26269937457424,1.26269937457424
64270,85,19,Neutral,59.0,1,63.68147381831868,-4.681473818318679,-0.2807001965842124,0.2807001965842124
64270,11,20,Neutral,59.0,1,70.30448204470736,-11.304482044707356,-0.6778143925136119,0.6778143925136119
64270,71,21,Neutral,57.0,0,61.22333638579306,-4.223336385793061,-0.2532303714045187,0.2532303714045187
64270,47,22,Neutral,73.0,1,66.61973712322254,6.380262876777465,0.3825592352481834,0.3825592352481834
64270,21,23,Neutral,68.0,1,60.937905039084114,7.062094960915886,0.4234417452189034,0.4234417452189034
64270,103,24,Neutral,50.0,1,62.00311139113113,-12.003111391131128,-0.7197040628377924,0.7197040628377924
64270,84,25,Neutral,40.0,1,64.49081269245455,-24.490812692454554,-1.4684640359150993,1.4684640359150993
64270,56,26,Neutral,80.0,1,70.25217268412035,9.747827315879647,0.5844776986959775,0.5844776986959775
64270,59,27,Neutral,64.0,1,60.786962079089236,3.2130379209107645,0.19265308555246655,0.19265308555246655
64270,119,28,Neutral,30.0,1,59.41439568757387,-29.414395687573872,-1.7636810483911045,1.7636810483911045
64270,42,29,Neutral,73.0,1,63.25636089384768,9.743639106152322,0.5842265745117098,0.5842265745117098
64270,19,30,Neutral,73.0,1,65.09383808724175,7.90616191275825,0.47405182411868896,0.47405182411868896
64270,43,31,Neutral,50.0,0,65.0765271781606,-15.076527178160603,-0.9039854342786418,0.9039854342786418
64270,78,32,Neutral,89.0,1,63.49167781502972,25.508322184970282,1.5294736934844422,1.5294736934844422
64270,62,33,Neutral,54.0,1,57.941585525023854,-3.9415855250238536,-0.23633664838587937,0.23633664838587937
64270,55,34,Neutral,100.0,1,68.02794206902902,31.972057930970976,1.9170379446121812,1.9170379446121812
64270,53,35,Neutral,57.0,1,57.9905897907022,-0.9905897907022023,-0.0593955578468417,0.0593955578468417
64270,74,36,Neutral,64.0,1,59.14115340131697,4.85884659868303,0.29133543160830633,0.29133543160830633
64270,34,37,Neutral,67.0,1,67.04841135047428,-0.048411350474282244,-0.002902734506783733,0.002902734506783733
64270,12,38,Neutral,71.0,1,65.89382022905914,5.106179770940855,0.30616547718132686,0.30616547718132686
64270,108,39,Neutral,28.0,0,59.5780752854139,-31.578075285413902,-1.8934148271174525,1.8934148271174525
64270,92,40,Neutral,65.0,1,65.0930067172563,-0.09300671725630139,-0.005576663424953687,0.005576663424953687
64270,38,41,Neutral,72.0,1,58.67172987086376,13.328270129136243,0.7991603051877527,0.7991603051877527
64270,118,42,Neutral,72.0,1,63.248899965919094,8.751100034080906,0.5247141381593439,0.5247141381593439
64270,107,43,Neutral,45.0,0,62.27115314231122,-17.27115314231122,-1.035574750693347,1.035574750693347
64270,88,44,Neutral,64.0,1,60.26525272576292,3.7347472742370798,0.2239346698829143,0.2239346698829143
64270,41,45,Neutral,97.0,1,68.78668507221357,28.213314927786428,1.6916644958117433,1.6916644958117433
64270,126,46,Neutral,85.0,1,62.34429577160656,22.65570422839344,1.3584313140402802,1.3584313140402802
64270,52,47,Neutral,66.0,1,65.69800386207442,0.30199613792558466,0.018107625626715407,0.018107625626715407
64270,37,48,Neutral,73.0,1,62.486503122333836,10.513496877666164,0.6303870863915839,0.6303870863915839
64270,44,49,Neutral,60.0,1,60.827830377587205,-0.8278303775872047,-0.04963653728401413,0.04963653728401413
64270,117,50,Neutral,44.0,1,62.84000084491737,-18.84000084491737,-1.1296425326830781,1.1296425326830781
64270,14,51,Neutral,71.0,1,63.84430207677197,7.155697923228033,0.42905415937341007,0.42905415937341007
64270,45,52,Neutral,60.0,0,59.395683164888126,0.6043168351118737,0.0362347117592071,0.0362347117592071
64270,30,53,Neutral,35.0,1,63.882989424558225,-28.882989424558225,-1.7318180393722598,1.7318180393722598
64270,94,54,Neutral,78.0,1,68.87395739673872,9.126042603261283,0.5471956166341119,0.5471956166341119
64270,89,55,Neutral,38.0,1,56.233442192864445,-18.233442192864445,-1.0932734020462953,1.0932734020462953
64270,54,56,Neutral,100.0,1,62.19786324257426,37.80213675742574,2.266608258619629,2.266608258619629
64270,93,57,Neutral,73.0,1,59.23026031233345,13.76973968766655,0.8256307281089489,0.8256307281089489
64270,122,58,Neutral,59.0,1,58.63032237551396,0.36967762448603736,0.022165793485796562,0.022165793485796562
64270,46,59,Neutral,50.0,1,58.98979538959045,-8.989795389590448,-0.539026262036463,0.539026262036463
64270,104,60,Neutral,65.0,1,61.124296724308664,3.875703275691336,0.23238636241681473,0.23238636241681473
64270,109,61,Neutral,63.0,1,59.765183131401855,3.234816868598145,0.19395894672663852,0.19395894672663852
64270,39,62,Neutral,78.0,1,64.01748255107483,13.982517448925165,0.8383888384246213,0.8383888384246213
64270,87,63,Neutral,75.0,1,58.639457587764255,16.360542412235745,0.9809747206891891,0.9809747206891891
64270,86,64,Neutral,82.0,1,61.31798853486502,20.682011465134977,1.240089106405664,1.240089106405664
64312,10,1,Neutral,84.0,1,68.14060763308918,15.859392366910825,0.9509258681909788,0.9509258681909788
64312,21,2,Neutral,33.0,1,66.69735958122698,-33.697359581226976,-2.0204866727667383,2.0204866727667383
64312,11,3,Neutral,89.0,1,75.90772026063597,13.092279739364031,0.7850103704937175,0.7850103704937175
64312,38,4,Neutral,65.0,0,65.74049290848824,-0.7404929084882355,-0.04439980079959375,0.04439980079959375
64312,74,5,Neutral,76.0,0,65.94707348334404,10.052926516655958,0.6027713833259076,0.6027713833259076
64312,103,6,Neutral,59.0,0,67.6311444554753,-8.631144455475294,-0.5175216266121873,0.5175216266121873
64312,96,7,Neutral,20.0,1,61.36494430456631,-41.36494430456631,-2.480233458222528,2.480233458222528
64312,14,8,Neutral,83.0,1,70.43442794681718,12.56557205318282,0.7534290871647465,0.7534290871647465
64312,1,9,Neutral,80.0,1,71.61493754760357,8.385062452396426,0.5027666008829431,0.5027666008829431
64312,109,10,Neutral,75.0,0,66.8578647623824,8.142135237617595,0.4882007356040974,0.4882007356040974
64312,119,11,Neutral,72.0,1,64.9986215926518,7.001378407348199,0.4198011932936367,0.4198011932936367
64312,4,12,Neutral,74.0,0,69.85888901411228,4.141110985887721,0.24830015352583926,0.24830015352583926
64312,98,13,Neutral,72.0,1,64.07530907630407,7.924690923695934,0.47516281976120794,0.47516281976120794
64312,24,14,Neutral,93.0,0,69.27657578762778,23.723424212372223,1.4224515822359431,1.4224515822359431
64312,122,15,Neutral,65.0,1,65.35353442151398,-0.3535344215139844,-0.02119785039274269,0.02119785039274269
64312,127,16,Neutral,68.0,0,65.79123186709975,2.2087681329002464,0.1324372779119189,0.1324372779119189
64312,88,17,Neutral,67.0,1,66.89594417072507,0.10405582927492674,0.006239165883810329,0.006239165883810329
64312,40,18,Neutral,67.0,1,73.40750891333884,-6.4075089133388445,-0.3841929019343012,0.3841929019343012
64312,86,19,Neutral,72.0,0,68.1478272102482,3.8521727897518048,0.23097547937329477,0.23097547937329477
64312,54,20,Neutral,72.0,1,69.22281912093251,2.777180879067487,0.1665191879646422,0.1665191879646422
64312,126,21,Neutral,37.0,0,68.14589277485958,-31.145892774859576,-1.8675012536615558,1.8675012536615558
64312,77,22,Neutral,57.0,1,66.45965412364099,-9.459654123640988,-0.5671988940180219,0.5671988940180219
64312,78,23,Neutral,69.0,1,68.72544644597778,0.27455355402221926,0.01646217400284625,0.01646217400284625
64312,85,24,Neutral,67.0,0,68.32095453039015,-1.3209545303901535,-0.07920415893567673,0.07920415893567673
64312,41,25,Neutral,90.0,1,74.52134476594087,15.478655234059133,0.9280969488835197,0.9280969488835197
64312,25,26,Neutral,84.0,0,70.05940884464336,13.940591155356643,0.8358749465812705,0.8358749465812705
64312,45,27,Neutral,67.0,0,65.9387602913178,1.0612397086821943,0.06363171223652161,0.06363171223652161
64312,9,28,Neutral,69.0,0,71.21969333879947,-2.2196933387994733,-0.133092350985624,0.133092350985624
64312,107,29,Neutral,77.0,1,67.59087139363565,9.409128606364348,0.5641693945094323,0.5641693945094323
64312,108,30,Neutral,68.0,1,65.42023786358385,2.57976213641615,0.15468200121059122,0.15468200121059122
64312,70,31,Neutral,59.0,0,64.8664269187688,-5.866426918768795,-0.3517497380636255,0.3517497380636255
64312,30,32,Neutral,73.0,1,69.5093577907463,3.490642209253707,0.20929818095075078,0.20929818095075078
64312,53,33,Neutral,68.0,0,63.52610225400849,4.473897745991508,0.26825397845512294,0.26825397845512294
64312,56,34,Neutral,68.0,1,74.7602319183931,-6.760231918393103,-0.40534209996486137,0.40534209996486137
64312,89,35,Neutral,21.0,1,62.557483522962954,-41.557483522962954,-2.4917780697170167,2.4917780697170167
64312,55,36,Neutral,69.0,1,72.7988442588992,-3.7988442588991944,-0.22777791175360632,0.22777791175360632
64312,42,37,Neutral,67.0,1,67.76442012812043,-0.7644201281204346,-0.04583447191282109,0.04583447191282109
64312,62,38,Neutral,18.0,1,62.56205392624463,-44.56205392624463,-2.671931486265476,2.671931486265476
64312,43,39,Neutral,71.0,0,69.58458641243337,1.4154135875666327,0.08486790436021477,0.08486790436021477
64312,128,40,Neutral,83.0,0,65.89077232686819,17.109227673131812,1.02586573323547,1.02586573323547
64312,94,41,Neutral,75.0,1,74.3019669756024,0.6980330243976027,0.04185391497950303,0.04185391497950303
64312,34,42,Neutral,73.0,1,71.68789206254576,1.3121079374542433,0.07867371906298246,0.07867371906298246
64312,84,43,Neutral,75.0,1,68.40870184725951,6.591298152740492,0.3952128665079007,0.3952128665079007
64312,44,44,Neutral,74.0,1,66.4947643186922,7.505235681307795,0.45001237065778543,0.45001237065778543
64312,33,45,Neutral,80.0,0,65.39807437600109,14.601925623998909,0.8755284237895378,0.8755284237895378
64312,61,46,Neutral,18.0,1,63.975376426157716,-45.975376426157716,-2.7566740094448483,2.7566740094448483
64312,93,47,Neutral,80.0,0,65.11623004976961,14.883769950230388,0.8924277509778578,0.8924277509778578
64312,104,48,Neutral,75.0,0,67.0978807802773,7.902119219722707,0.4738094250849987,0.4738094250849987
64312,37,49,Neutral,75.0,1,67.14911398466477,7.8508860153352344,0.47073749280441457,0.47073749280441457
64312,95,50,Neutral,98.0,0,64.51578938049627,33.48421061950373,2.0077063053484014,2.0077063053484014
64312,52,51,Neutral,12.0,0,70.38129173341211,-58.38129173341211,-3.5005301113260416,3.5005301113260416
64312,46,52,Neutral,77.0,0,64.00286352605124,12.997136473948757,0.7793056000854697,0.7793056000854697
64312,65,53,Neutral,12.0,0,64.1393972909548,-52.139397290954804,-3.12626741862451,3.12626741862451
64312,92,54,Neutral,80.0,1,69.18612450912619,10.813875490873812,0.6483977255725933,0.6483977255725933
64312,12,55,Neutral,81.0,1,70.00761502993582,10.99238497006418,0.6591011168219066,0.6591011168219066
64312,71,56,Neutral,90.0,0,64.39650383307203,25.603496166927968,1.5351803056501852,1.5351803056501852
64312,39,57,Neutral,8.0,0,69.09503485580865,-61.09503485580865,-3.6632455845932483,3.6632455845932483
64312,97,58,Neutral,71.0,0,65.91569470667811,5.08430529332189,0.30485388805232355,0.30485388805232355
64312,117,59,Neutral,83.0,0,67.2852406090732,15.714759390926801,0.9422537050289393,0.9422537050289393
64312,19,60,Neutral,78.0,0,68.61912750680669,9.380872493193309,0.5624751638398554,0.5624751638398554
64312,118,61,Neutral,83.0,0,67.2560681374126,15.743931862587402,0.9440028803629839,0.9440028803629839
64312,59,62,Neutral,86.0,1,64.093215702323,21.906784297677007,1.3135262307403723,1.3135262307403723
64312,47,63,Neutral,89.0,0,69.66314779085889,19.336852209141114,1.1594336371564185,1.1594336371564185
64312,87,64,Neutral,82.0,1,64.04354857327185,17.95645142672815,1.0766650933119333,1.0766650933119333
64363,88,1,Neutral,96.0,0,98.14330997636742,-2.1433099763674193,-0.12851242045892908,0.12851242045892908
64363,54,2,Neutral,98.0,1,100.55779924510732,-2.5577992451073186,-0.1533651108151301,0.1533651108151301
64363,97,3,Neutral,99.0,1,98.1300596005269,0.8699403994730943,0.05216144543906602,0.05216144543906602
64363,55,4,Neutral,100.0,1,104.13873066557937,-4.138730665579374,-0.24815743001516363,0.24815743001516363
64363,93,5,Neutral,100.0,0,97.50258199633404,2.497418003665956,0.1497446641352261,0.1497446641352261
64363,34,6,Neutral,99.0,1,103.2030071062909,-4.203007106290897,-0.25201143203325843,0.25201143203325843
64363,94,7,Neutral,100.0,1,105.72946770081505,-5.72946770081505,-0.3435376918372422,0.3435376918372422
64363,14,8,Neutral,100.0,1,100.23939908102312,-0.23939908102312302,-0.014354319112566273,0.014354319112566273
64363,9,9,Neutral,100.0,0,102.00909898586933,-2.009098985869329,-0.12046515737926375,0.12046515737926375
64363,30,10,Neutral,100.0,1,100.27808642880937,-0.27808642880937384,-0.016674004440385224,0.016674004440385224
64363,52,11,Neutral,100.0,1,102.07163541422217,-2.071635414222172,-0.12421482861818607,0.12421482861818607
64363,39,12,Neutral,100.0,1,101.00441433294988,-1.004414332949878,-0.06022447452505203,0.06022447452505203
64363,44,13,Neutral,100.0,0,98.39923751332805,1.6007624866719539,0.09598138580529873,0.09598138580529873
64363,127,14,Neutral,100.0,0,96.42529744301481,3.574702556985187,0.21433842191948868,0.21433842191948868
64363,109,15,Neutral,100.0,1,96.57688627621194,3.423113723788063,0.20524918700549616,0.20524918700549616
64363,21,16,Neutral,100.0,0,96.04112897251109,3.958871027488911,0.23737308351898048,0.23737308351898048
64363,89,17,Neutral,100.0,0,93.89246364713776,6.10753635286224,0.36620660959060225,0.36620660959060225
64363,1,18,Neutral,100.0,1,101.02564424841339,-1.0256442484133856,-0.06149741584125766,0.06149741584125766
64363,86,19,Neutral,100.0,0,98.0858845204089,1.9141154795911035,0.11476996609564974,0.11476996609564974
64363,4,20,Neutral,100.0,0,99.31340287418831,0.6865971258116872,0.04116822087850804,0.04116822087850804
64363,33,21,Neutral,100.0,1,96.25441733259662,3.745582667403383,0.22458435780383082,0.22458435780383082
64363,19,22,Neutral,100.0,0,100.24086917993498,-0.24086917993497536,-0.014442465937598266,0.014442465937598266
64363,95,23,Neutral,100.0,1,95.63663999084528,4.363360009154718,0.2616261587418848,0.2616261587418848
64363,77,24,Neutral,100.0,1,96.17701093931444,3.8229890606855577,0.22922562904754884,0.22922562904754884
64363,10,25,Neutral,98.0,0,97.63568706808216,0.3643129319178371,0.021844127635052044,0.021844127635052044
64363,41,26,Neutral,100.0,1,104.41559491683535,-4.415594916835346,-0.26475815294361166,0.26475815294361166
64363,107,27,Neutral,100.0,1,97.48345684637405,2.516543153625946,0.15089140414954916,0.15089140414954916
64363,78,28,Neutral,100.0,1,98.463480270658,1.5365197293420039,0.09212940343575828,0.09212940343575828
64363,56,29,Neutral,100.0,1,104.91732502488497,-4.917325024884974,-0.2948417858821654,0.2948417858821654
64363,117,30,Neutral,100.0,0,98.51271784880538,1.48728215119462,0.08917712848951818,0.08917712848951818
64363,42,31,Neutral,100.0,1,97.96532039387857,2.034679606121429,0.12199896604981814,0.12199896604981814
64363,96,32,Neutral,100.0,1,90.81621658029304,9.183783419706955,0.5506577439803786,0.5506577439803786
64363,92,33,Neutral,100.0,1,99.91104598792302,0.08895401207698228,0.005333664065204776,0.005333664065204776
64363,62,34,Neutral,100.0,0,92.69435218432096,7.305647815679038,0.43804512374110044,0.43804512374110044
64363,85,35,Neutral,100.0,1,97.77713308862229,2.2228669113777073,0.1332826377374368,0.1332826377374368
64363,11,36,Neutral,100.0,1,104.40014131501097,-4.40014131501097,-0.26383155819196263,0.26383155819196263
64363,119,37,Neutral,100.0,0,93.8167050727411,6.183294927258899,0.37074907795662615,0.37074907795662615
64363,84,38,Neutral,100.0,1,98.43270877779662,1.5672912222033801,0.0939744557484678,0.0939744557484678
64363,40,39,Neutral,100.0,1,102.42561587890863,-2.42561587890863,-0.14543942366679088,0.14543942366679088
64363,61,40,Neutral,100.0,0,94.19528900276651,5.804710997233485,0.3480492642428494,0.3480492642428494
64363,74,41,Neutral,0.0,0,94.91646700714224,-94.91646700714224,-5.691171622861372,5.691171622861372
64363,25,42,Neutral,100.0,0,99.315563917395,0.6844360826050035,0.04103864517724717,0.04103864517724717
64363,70,43,Neutral,100.0,1,94.1457121417799,5.854287858220104,0.3510218825175725,0.3510218825175725
64363,45,44,Neutral,100.0,0,95.74048984117442,4.259510158825577,0.25539934331282826,0.25539934331282826
64363,46,45,Neutral,100.0,1,94.11448477512083,5.885515224879171,0.35289426892838777,0.35289426892838777
64363,43,46,Neutral,100.0,1,99.21599360773044,0.7840063922695606,0.04700886023803115,0.04700886023803115
64363,59,47,Neutral,100.0,0,94.7073927123279,5.292607287672098,0.3173436323149511,0.3173436323149511
64363,126,48,Neutral,100.0,1,96.76807060887718,3.2319293911228186,0.19378581417769955,0.19378581417769955
64363,108,49,Neutral,100.0,0,95.134353094908,4.865646905092007,0.2917431765663927,0.2917431765663927
64363,103,50,Neutral,100.0,0,95.6606990687724,4.339300931227598,0.2601835814327153,0.2601835814327153
64363,53,51,Neutral,100.0,0,93.2840246445989,6.715975355401099,0.4026884856514829,0.4026884856514829
64363,12,52,Neutral,100.0,1,100.07709381789522,-0.07709381789521785,-0.00462252928851946,0.00462252928851946
64363,118,53,Neutral,100.0,0,97.56359503255386,2.436404967446137,0.1460863351717943,0.1460863351717943
64363,87,54,Neutral,100.0,0,95.02807142331679,4.9719285766832115,0.29811580349259953,0.29811580349259953
64363,47,55,Neutral,100.0,0,99.97067468600017,0.02932531399983418,0.0017583397289197152,0.0017583397289197152
64363,98,56,Neutral,100.0,0,92.14867084886741,7.851329151132589,0.4707640631346691,0.4707640631346691
64363,38,57,Neutral,100.0,0,93.96516472476046,6.034835275239544,0.3618474680953062,0.3618474680953062
64363,37,58,Neutral,100.0,1,96.55982068547459,3.440179314525409,0.20627243627713665,0.20627243627713665
64363,122,59,Neutral,100.0,0,93.38308903481108,6.6169109651889215,0.3967486054158523,0.3967486054158523
64363,24,60,Neutral,100.0,0,97.21851608239243,2.7814839176075736,0.16677719726064327,0.16677719726064327
64363,104,61,Neutral,99.0,0,97.07483896719886,1.9251610328011424,0.11543225516908363,0.11543225516908363
64363,65,62,Neutral,100.0,1,93.55010399176462,6.449896008235385,0.3867344233294514,0.3867344233294514
64363,71,63,Neutral,100.0,1,93.89482485241432,6.105175147585683,0.3660650322132576,0.3660650322132576
64363,128,64,Neutral,98.0,0,95.38585176186116,2.6141482381388386,0.15674378471892877,0.15674378471892877
64369,57,1,Standard,100.0,1,100.82140524641115,-0.8214052464111461,-0.0492512877548719,0.0492512877548719
64369,110,2,Standard,100.0,1,94.44320464078679,5.556795359213211,0.3331842941438424,0.3331842941438424
64369,68,3,Standard,100.0,0,95.12476712796108,4.8752328720389215,0.2923179491510261,0.2923179491510261
64369,111,4,Standard,100.0,0,98.87425889315534,1.1257411068446572,0.06749920265659244,0.06749920265659244
64369,82,5,Standard,100.0,1,95.22491244592807,4.775087554071931,0.2863132567120073,0.2863132567120073
64369,8,6,Standard,100.0,0,102.56820404176017,-2.5682040417601684,-0.15398898025864705,0.15398898025864705
64369,63,7,Standard,100.0,1,95.45160310454185,4.548396895458154,0.27272093196425407,0.27272093196425407
64369,26,8,Standard,100.0,1,105.8219588210378,-5.821958821037796,-0.3490834401712878,0.3490834401712878
64369,2,9,Standard,100.0,1,97.08634709029593,2.9136529097040693,0.17470202254080422,0.17470202254080422
64369,29,10,Standard,88.0,0,100.70506408548931,-12.705064085489312,-0.7617930004129949,0.7617930004129949
64369,102,11,Standard,100.0,0,95.73037426876228,4.269625731237724,0.25600587093101995,0.25600587093101995
64369,58,12,Standard,100.0,1,98.99746560190054,1.0025343980994563,0.06011175402237315,0.06011175402237315
64369,6,13,Standard,100.0,1,99.32992690813866,0.6700730918613402,0.040177443239193505,0.040177443239193505
64369,31,14,Standard,100.0,0,96.25997638550909,3.7400236144909087,0.2242510381472629,0.2242510381472629
64369,115,15,Standard,100.0,1,103.39947521042244,-3.3994752104224375,-0.20383182665997301,0.20383182665997301
64369,123,16,Standard,100.0,1,96.12600259429223,3.873997405707769,0.2322840788073538,0.2322840788073538
64369,112,17,Standard,100.0,1,97.32868618329175,2.671313816708249,0.16017142092176173,0.16017142092176173
64369,49,18,Standard,100.0,0,100.32572863152203,-0.3257286315220256,-0.019530621007334034,0.019530621007334034
64369,100,19,Standard,100.0,0,95.96975023726812,4.030249762731884,0.24165293764018347,0.24165293764018347
64369,66,20,Standard,82.0,0,95.72982757916063,-13.729827579160627,-0.8232376063830804,0.8232376063830804
64369,72,21,Standard,100.0,1,96.21430527367622,3.785694726323783,0.22698946851496954,0.22698946851496954
64369,75,22,Standard,54.0,0,92.8227305095674,-38.82273050956741,-2.3278028477547386,2.3278028477547386
64369,5,23,Standard,100.0,0,95.09103936324408,4.908960636755921,0.29434025890941073,0.29434025890941073
64369,125,24,Standard,100.0,0,92.6760903816465,7.323909618353497,0.4391400976317253,0.4391400976317253
64369,32,25,Standard,100.0,0,97.66455802941113,2.3354419705888745,0.1400326148765598,0.1400326148765598
64369,90,26,Standard,100.0,1,98.59873138748807,1.4012686125119274,0.08401977459753236,0.08401977459753236
64369,50,27,Standard,100.0,0,91.90332247434819,8.096677525651813,0.4854751006480429,0.4854751006480429
64369,27,28,Standard,100.0,0,99.01101042246776,0.9889895775322373,0.05929960939795191,0.05929960939795191
64369,121,29,Standard,100.0,1,98.45534740709553,1.5446525929044697,0.09261704824364841,0.09261704824364841
64369,48,30,Standard,96.0,1,103.96340954076922,-7.96340954076922,-0.47748437998897475,0.47748437998897475
64369,35,31,Standard,100.0,0,101.99197005290894,-1.9919700529089397,-0.11943811012110224,0.11943811012110224
64369,28,32,Standard,90.0,0,97.74865818698831,-7.748658186988308,-0.4646079334760949,0.4646079334760949
64369,73,33,Standard,100.0,0,94.01265983800499,5.987340161995007,0.35899967098227675,0.35899967098227675
64369,76,34,Standard,86.0,1,93.5866176171725,-7.586617617172493,-0.4548920146079953,0.4548920146079953
64369,105,35,Standard,88.0,1,94.49930579755066,-6.499305797550662,-0.38969702402150525,0.38969702402150525
64369,83,36,Standard,94.0,0,97.59375525704442,-3.593755257044421,-0.21548081785282913,0.21548081785282913
64369,116,37,Standard,100.0,0,100.01877894446756,-0.018778944467555903,-0.0011259816049938064,0.0011259816049938064
64369,15,38,Standard,100.0,1,100.11872775720747,-0.11872775720746631,-0.007118891631462242,0.007118891631462242
64369,36,39,Standard,100.0,0,93.4729008891669,6.527099110833106,0.39136350530600605,0.39136350530600605
64369,124,40,Standard,100.0,1,96.30182565529088,3.698174344709116,0.22174176463414652,0.22174176463414652
64369,7,41,Standard,100.0,1,102.37135091656779,-2.371350916567792,-0.1421857078098092,0.1421857078098092
64369,16,42,Standard,100.0,0,96.27322691932827,3.726773080671734,0.22345653889505435,0.22345653889505435
64369,20,43,Standard,100.0,1,94.82865380546214,5.171346194537861,0.3100728423881538,0.3100728423881538
64369,120,44,Standard,100.0,0,94.42486674396334,5.575133256036665,0.33428383062381634,0.33428383062381634
64369,3,45,Standard,83.0,1,98.7302551616504,-15.730255161650405,-0.9431828282190166,0.9431828282190166
64369,60,46,Standard,100.0,1,97.58393840796774,2.416061592032264,0.14486655061259937,0.14486655061259937
64369,67,47,Standard,100.0,1,97.57964142125249,2.4203585787475106,0.14512419704244153,0.14512419704244153
64369,69,48,Standard,100.0,1,94.93068193417426,5.06931806582574,0.3039552570084075,0.3039552570084075
64369,114,49,Standard,100.0,0,95.0179509167601,4.9820490832399,0.2987226269610718,0.2987226269610718
64369,79,50,Standard,100.0,0,96.06424939238941,3.9357506076105864,0.2359867879512129,0.2359867879512129
64369,101,51,Standard,100.0,1,99.50915797345496,0.49084202654503883,0.02943078583583069,0.02943078583583069
64369,99,52,Standard,100.0,1,94.3057960001281,5.6942039998719025,0.341423287662152,0.341423287662152
64369,51,53,Standard,100.0,0,95.1079812875549,4.892018712445093,0.29332442465098646,0.29332442465098646
64369,80,54,Standard,100.0,1,99.23178899370167,0.7682110062983298,0.04606177218001434,0.04606177218001434
64369,23,55,Standard,100.0,0,97.27203927279001,2.7279607272099895,0.16356795789511971,0.16356795789511971
64369,17,56,Standard,100.0,1,101.9765823277088,-1.9765823277087975,-0.11851546531814251,0.11851546531814251
64369,91,57,Standard,100.0,0,93.46034669138484,6.539653308615158,0.3921162523942392,0.3921162523942392
64369,106,58,Standard,100.0,1,94.41099970059479,5.589000299405214,0.33511529566039566,0.33511529566039566
64369,22,59,Standard,100.0,1,103.13673655832565,-3.1367365583256515,-0.18807807171954147,0.18807807171954147
64369,64,60,Standard,100.0,0,95.3599348338247,4.6400651661753045,0.27821734241306445,0.27821734241306445
64369,18,61,Standard,100.0,0,97.42553936192546,2.574460638074541,0.1543641244725312,0.1543641244725312
64369,81,62,Standard,100.0,0,94.72068145826022,5.279318541739784,0.3165468418723853,0.3165468418723853
64369,113,63,Standard,100.0,1,100.18481930740246,-0.18481930740246355,-0.011081727236714835,0.011081727236714835
64369,13,64,Standard,100.0,0,94.43995916076418,5.560040839235825,0.3333788924510662,0.3333788924510662
64386,111,1,Standard,80.0,0,60.1696156983197,19.830384301680297,1.1890257187898303,1.1890257187898303
64386,66,2,Standard,54.0,1,57.68229177331849,-3.6822917733184894,-0.22078944895651387,0.22078944895651387
64386,5,3,Standard,62.0,1,57.13111787593441,4.868882124065593,0.2919371596232508,0.2919371596232508
64386,28,4,Standard,50.0,0,60.139193973808496,-10.139193973808496,-0.6079439621165403,0.6079439621165403
64386,101,5,Standard,100.0,1,62.688222627067354,37.311777372932646,2.2372064119008623,2.2372064119008623
64386,115,6,Standard,100.0,1,64.9576749711842,35.042325028815796,2.101130521304322,2.101130521304322
64386,116,7,Standard,100.0,0,62.496929049820224,37.503070950179776,2.24867633501107,2.24867633501107
64386,106,8,Standard,71.0,1,57.76529299127213,13.234707008727867,0.7935502799455105,0.7935502799455105
64386,110,9,Standard,71.0,1,55.300489853288795,15.699510146711205,0.9413393635170144,0.9413393635170144
64386,3,10,Standard,75.0,1,61.42744106333422,13.572558936665779,0.813807811284773,0.813807811284773
64386,29,11,Standard,71.0,0,61.82519225358874,9.174807746411261,0.5501195644761554,0.5501195644761554
64386,64,12,Standard,66.0,0,58.62661380596957,7.373386194030431,0.44210670282013514,0.44210670282013514
64386,105,13,Standard,50.0,0,56.62699862877345,-6.62699862877345,-0.39735345962654384,0.39735345962654384
64386,51,14,Standard,54.0,0,57.98039582630368,-3.9803958263036776,-0.23866370597960349,0.23866370597960349
64386,124,15,Standard,50.0,0,58.56093996431237,-8.560939964312368,-0.5133121799218274,0.5133121799218274
64386,99,16,Standard,90.0,1,57.04678906107817,32.95321093892183,1.975867674927731,1.975867674927731
64386,16,17,Standard,40.0,1,58.53234122834976,-18.532341228349758,-1.1111953260547673,1.1111953260547673
64386,68,18,Standard,48.0,0,55.63159506633322,-7.631595066333219,-0.45758885310613434,0.45758885310613434
64386,80,19,Standard,100.0,1,61.92897489538551,38.07102510461449,2.2827307479988805,2.2827307479988805
64386,114,20,Standard,53.0,0,57.45229386284653,-4.452293862846531,-0.26695861411450694,0.26695861411450694
64386,90,21,Standard,56.0,1,59.98170251118489,-3.981702511184892,-0.2387420545333421,0.2387420545333421
64386,22,22,Standard,100.0,1,65.92153677854196,34.07846322145804,2.043337567780445,2.043337567780445
64386,82,23,Standard,50.0,1,55.60031890650151,-5.6003189065015135,-0.3357939569880653,0.3357939569880653
64386,7,24,Standard,100.0,1,64.28000795145941,35.71999204854059,2.14176329487897,2.14176329487897
64386,75,25,Standard,74.0,1,53.855244359134346,20.144755640865654,1.207875358910527,1.207875358910527
64386,32,26,Standard,56.0,0,58.784686197510545,-2.7846861975105455,-0.16696920529767736,0.16696920529767736
64386,17,27,Standard,58.0,1,64.41092527379523,-6.410925273795229,-0.38439774619679756,0.38439774619679756
64386,15,28,Standard,50.0,0,61.720734677235455,-11.720734677235455,-0.7027728137958431,0.7027728137958431
64386,13,29,Standard,26.0,1,57.13714506244802,-31.13714506244802,-1.8669767426445385,1.8669767426445385
64386,27,30,Standard,50.0,1,60.08733143130093,-10.087331431300932,-0.6048342948531531,0.6048342948531531
64386,79,31,Standard,50.0,1,58.060520745813506,-8.060520745813506,-0.48330714764812416,0.48330714764812416
64386,23,32,Standard,49.0,1,59.44353926327903,-10.443539263279028,-0.6261924423813598,0.6261924423813598
64386,31,33,Standard,57.0,0,56.5915756868163,0.4084243131837013,0.024489036882323272,0.024489036882323272
64386,58,34,Standard,69.0,1,59.19764342540904,9.80235657459096,0.5877472617083697,0.5877472617083697
64386,50,35,Standard,50.0,0,52.71680052758397,-2.7168005275839704,-0.1628987946464256,0.1628987946464256
64386,123,36,Standard,50.0,1,56.4137947363332,-6.413794736333202,-0.3845697985738392,0.3845697985738392
64386,18,37,Standard,54.0,1,59.64084651168072,-5.640846511680721,-0.33822398376646484,0.33822398376646484
64386,76,38,Standard,1.0,1,54.57532430747321,-53.57532430747321,-3.2123653039186877,3.2123653039186877
64386,113,39,Standard,64.0,1,62.400126457157725,1.5998735428422748,0.09592808491813648,0.09592808491813648
64386,91,40,Standard,50.0,0,55.369003726276475,-5.369003726276475,-0.3219243468862192,0.3219243468862192
64386,100,41,Standard,49.0,0,56.16992806077663,-7.169928060776627,-0.42990739546151563,0.42990739546151563
64386,8,42,Standard,50.0,0,62.155081635541386,-12.155081635541386,-0.728816167088806,0.728816167088806
64386,67,43,Standard,52.0,1,58.91880538568307,-6.918805385683072,-0.4148501320865321,0.4148501320865321
64386,6,44,Standard,53.0,1,59.135840298251054,-6.135840298251054,-0.3679037082700096,0.3679037082700096
64386,121,45,Standard,54.0,1,58.91836818620144,-4.918368186201441,-0.2949043336177643,0.2949043336177643
64386,36,46,Standard,50.0,1,54.330186101668914,-4.3301861016689145,-0.2596370581479022,0.2596370581479022
64386,73,47,Standard,50.0,0,54.56329493564337,-4.56329493564337,-0.273614215355554,0.273614215355554
64386,20,48,Standard,50.0,1,55.77355333649662,-5.773553336496619,-0.3461810573846332,0.3461810573846332
64386,49,49,Standard,51.0,1,60.13164202163443,-9.131642021634427,-0.547531356595307,0.547531356595307
64386,63,50,Standard,50.0,1,54.73183058345944,-4.731830583459441,-0.28371957774982864,0.28371957774982864
64386,83,51,Standard,50.0,1,58.10058319541656,-8.100583195416561,-0.48570928379491174,0.48570928379491174
64386,2,52,Standard,50.0,1,56.366574569213526,-6.366574569213526,-0.38173848717327846,0.38173848717327846
64386,48,53,Standard,52.0,1,64.1197802050115,-12.119780205011494,-0.7266995006555409,0.7266995006555409
64386,57,54,Standard,50.0,1,59.66356113266639,-9.663561132666388,-0.5794251158745578,0.5794251158745578
64386,120,55,Standard,50.0,0,55.10692331940042,-5.106923319400423,-0.30621006019233377,0.30621006019233377
64386,26,56,Standard,54.0,1,64.88315050362422,-10.883150503624222,-0.6525514409306337,0.6525514409306337
64386,69,57,Standard,50.0,1,55.70035282814381,-5.7003528281438065,-0.34179197012662127,0.34179197012662127
64386,102,58,Standard,50.0,0,54.835373110614924,-4.835373110614924,-0.28992796614530375,0.28992796614530375
64386,112,59,Standard,49.0,1,56.65272082147557,-7.652720821475569,-0.4588555489911446,0.4588555489911446
64386,81,60,Standard,54.0,0,55.97223110415834,-1.9722311041583396,-0.11825456685894017,0.11825456685894017
64386,35,61,Standard,50.0,0,61.84169060228757,-11.84169060228757,-0.7100253059078994,0.7100253059078994
64386,125,62,Standard,50.0,0,52.17535365689526,-2.175353656895261,-0.13043375287955497,0.13043375287955497
64386,60,63,Standard,51.0,1,58.00315202780741,-7.00315202780741,-0.4199075392075278,0.4199075392075278
64386,72,64,Standard,50.0,1,55.494532752593805,-5.4945327525938055,-0.3294510411991128,0.3294510411991128
64388,79,1,Standard,100.0,1,62.64573510087797,37.35426489912203,2.2397539551354457,2.2397539551354457
64388,76,2,Standard,65.0,0,59.42338161813509,5.576618381864911,0.33437287845963026,0.33437287845963026
64388,16,3,Standard,100.0,0,62.41664103515448,37.58335896484552,2.2534903876736836,2.2534903876736836
64388,73,4,Standard,96.0,0,59.718002361168864,36.281997638831136,2.175461033197763,2.175461033197763
64388,112,5,Standard,99.0,1,62.289306998929646,36.710693001070354,2.201165517965875,2.201165517965875
64388,120,6,Standard,90.0,0,60.52447370052333,29.47552629947667,1.7673464271680366,1.7673464271680366
64388,81,7,Standard,27.0,0,61.56501012234619,-34.56501012234619,-2.072510818775106,2.072510818775106
64388,28,8,Standard,81.0,0,63.23496491382101,17.76503508617899,1.0651878093396656,1.0651878093396656
64388,17,9,Standard,86.0,1,68.47045371766488,17.52954628233512,1.0510679496335835,1.0510679496335835
64388,3,10,Standard,91.0,1,64.69844064041168,26.301559359588325,1.577036029512449,1.577036029512449
64388,113,11,Standard,95.0,1,66.89772649368973,28.10227350631027,1.685006475272275,1.685006475272275
64388,23,12,Standard,96.0,0,63.590682025681154,32.409317974318846,1.9432559658784518,1.9432559658784518
64388,82,13,Standard,36.0,1,59.3093900762413,-23.3093900762413,-1.3976261815363267,1.3976261815363267
64388,99,14,Standard,16.0,1,60.40540295668808,-44.40540295668808,-2.6625387267080973,2.6625387267080973
64388,100,15,Standard,72.0,0,60.579913778776145,11.420086221223855,0.6847459948964254,0.6847459948964254
64388,2,16,Standard,82.0,0,61.2146318798754,20.785368120124602,1.2462863499447283,1.2462863499447283
64388,26,17,Standard,86.0,1,69.86262929208479,16.13737070791521,0.9675933917090548,0.9675933917090548
64388,115,18,Standard,81.0,1,67.70298863706684,13.297011362933162,0.7972860360668083,0.7972860360668083
64388,32,19,Standard,36.0,0,62.36233588945162,-26.36233588945162,-1.5806801776039279,1.5806801776039279
64388,58,20,Standard,68.0,1,63.08194323221376,4.91805676778624,0.2948856610343516,0.2948856610343516
64388,111,21,Standard,53.0,0,62.56447209007247,-9.56447209007247,-0.5734837574872448,0.5734837574872448
64388,64,22,Standard,64.0,0,61.45954179038468,2.5404582096153234,0.15232534593328248,0.15232534593328248
64388,124,23,Standard,39.0,1,61.48148226725995,-22.48148226725995,-1.3479850014820223,1.3479850014820223
64388,15,24,Standard,78.0,1,65.16696289137784,12.833037108622165,0.7694662362666922,0.7694662362666922
64388,69,25,Standard,75.0,1,60.37318150174073,14.626818498259269,0.8770209953534515,0.8770209953534515
64388,48,26,Standard,73.0,1,68.57357308227726,4.426426917722736,0.26540763746419005,0.26540763746419005
64388,116,27,Standard,74.0,0,64.89178544157299,9.108214558427008,0.5461266507733799,0.5461266507733799
64388,49,28,Standard,73.0,0,64.3225919433028,8.677408056697203,0.5202955825204459,0.5202955825204459
64388,90,29,Standard,62.0,1,62.90224481413246,-0.9022448141324588,-0.05409841142399557,0.05409841142399557
64388,75,30,Standard,72.0,0,56.90720813988062,15.092791860119377,0.9049606612264766,0.9049606612264766
64388,114,31,Standard,54.0,0,60.24141468799541,-6.241414687995409,-0.3742339267237661,0.3742339267237661
64388,67,32,Standard,72.0,1,62.671683714689095,9.328316285310905,0.5593239045448478,0.5593239045448478
64388,27,33,Standard,74.0,0,63.22690953057968,10.773090469420318,0.64595226416792,0.64595226416792
64388,5,34,Standard,69.0,0,59.0440955157586,9.955904484241401,0.5969539624390924,0.5969539624390924
64388,50,35,Standard,61.0,0,55.98780010466142,5.012199895338583,0.3005304633843274,0.3005304633843274
64388,91,36,Standard,66.0,0,58.815231940418855,7.184768059581145,0.43079719870369926,0.43079719870369926
64388,101,37,Standard,73.0,1,64.55739310762533,8.44260689237467,0.5062169535370614,0.5062169535370614
64388,20,38,Standard,31.0,1,59.482624506236405,-28.482624506236405,-1.7078122421298183,1.7078122421298183
64388,72,39,Standard,54.0,1,59.8607113113271,-5.860711311327101,-0.3514070314300428,0.3514070314300428
64388,22,40,Standard,69.0,1,68.4040074888272,0.5959925111727955,0.0357355870269515,0.0357355870269515
64388,66,41,Standard,24.0,0,59.244812139012815,-35.244812139012815,-2.113271606322391,2.113271606322391
64388,63,42,Standard,32.0,1,58.353287434666754,-26.353287434666754,-1.5801376341367495,1.5801376341367495
64388,102,43,Standard,19.0,0,58.76348007668588,-39.76348007668588,-2.384209996160304,2.384209996160304
64388,105,44,Standard,62.0,0,58.53997626859764,3.4600237314023587,0.20746230338622143,0.20746230338622143
64388,121,45,Standard,75.0,1,62.18936776327889,12.810632236721112,0.768122844806836,0.768122844806836
64388,123,46,Standard,66.0,1,59.24672272074831,6.753277279251691,0.40492510124823333,0.40492510124823333
64388,106,47,Standard,66.0,1,59.32781335696646,6.672186643033541,0.40006292356425166,0.40006292356425166
64388,6,48,Standard,61.0,1,62.23161123826356,-1.231611238263561,-0.07384715371965224,0.07384715371965224
64388,83,49,Standard,5.0,0,61.45919709102647,-56.45919709102647,-3.3852817162885827,3.3852817162885827
64388,18,50,Standard,4.0,1,62.34235301829713,-58.34235301829713,-3.4981953540654667,3.4981953540654667
64388,35,51,Standard,69.0,1,65.55076177202736,3.449238227972643,0.2068156068435356,0.2068156068435356
64388,31,52,Standard,38.0,0,59.0302392378353,-21.030239237835303,-1.2609687712391138,1.2609687712391138
64388,68,53,Standard,27.0,0,57.36934406909248,-30.369344069092477,-1.820939554755307,1.820939554755307
64388,57,54,Standard,33.0,1,62.934560709743835,-29.934560709743835,-1.7948700349465776,1.7948700349465776
64388,110,55,Standard,66.0,1,56.55636010411949,9.443639895880509,0.5662386842518322,0.5662386842518322
64388,51,56,Standard,41.0,0,59.41149471419931,-18.411494714199307,-1.1039493941976217,1.1039493941976217
64388,36,57,Standard,62.0,0,57.119306926817785,4.880693073182215,0.2926453416760712,0.2926453416760712
64388,29,58,Standard,65.0,1,63.037255345153184,1.9627446548468157,0.11768576133102904,0.11768576133102904
64388,60,59,Standard,65.0,1,61.44938024194979,3.5506197580502104,0.21289442230362116,0.21289442230362116
64388,80,60,Standard,0.0,0,63.403880942547374,-63.403880942547374,-3.8016835158050495,3.8016835158050495
64388,7,61,Standard,79.0,1,65.93014263568621,13.06985736431379,0.783665929548676,0.783665929548676
64388,125,62,Standard,38.0,0,55.44635323397271,-17.446353233972708,-1.046079711754651,1.046079711754651
64388,8,63,Standard,78.0,0,64.50613086802791,13.49386913197209,0.8090895869597196,0.8090895869597196
64388,13,64,Standard,69.0,1,58.87489406520728,10.125105934792721,0.6070992462269118,0.6070992462269118
64392,24,1,Neutral,50.0,0,52.96990353641122,-2.9699035364112234,-0.17807479842025026,0.17807479842025026
64392,117,2,Neutral,50.0,0,52.90608336557093,-2.906083365570929,-0.17424815424874818,0.17424815424874818
64392,56,3,Neutral,50.0,1,59.22307622311806,-9.223076223118063,-0.5530137323015532,0.5530137323015532
64392,85,4,Neutral,50.0,0,52.30192008318654,-2.3019200831865376,-0.138022649479148,0.138022649479148
64392,52,5,Neutral,50.0,1,55.50124342713056,-5.501243427130561,-0.3298534118487806,0.3298534118487806
64392,54,6,Neutral,51.0,1,53.54933566535338,-2.5493356653533823,-0.1528576363331753,0.1528576363331753
64392,44,7,Neutral,50.0,1,51.82884552623645,-1.8288455262364494,-0.10965719742529664,0.10965719742529664
64392,77,8,Neutral,51.0,1,50.04469054488518,0.955309455114822,0.057280156261942675,0.057280156261942675
64392,108,9,Neutral,49.0,0,50.053404522868355,-1.0534045228683553,-0.06316191612453388,0.06316191612453388
64392,119,10,Neutral,50.0,1,48.166263430240406,1.8337365697595942,0.10995046337779998,0.10995046337779998
64392,30,11,Neutral,50.0,1,53.40104432685415,-3.401044326854148,-0.20392591055490397,0.20392591055490397
64392,94,12,Neutral,50.0,1,58.67719696179488,-8.677196961794877,-0.5202829253140019,0.5202829253140019
64392,14,13,Neutral,50.0,1,53.18712834200294,-3.187128342002943,-0.19109955258932554,0.19109955258932554
64392,42,14,Neutral,50.0,1,51.876807158715536,-1.8768071587155362,-0.1125329669346121,0.1125329669346121
64392,95,15,Neutral,50.0,0,49.153862322286145,0.8461376777138554,0.05073423919241071,0.05073423919241071
64392,128,16,Neutral,50.0,0,50.655360463951396,-0.6553604639513964,-0.03929527712936042,0.03929527712936042
64392,126,17,Neutral,50.0,1,51.29285760344143,-1.2928576034414334,-0.07751947303888569,0.07751947303888569
64392,71,18,Neutral,50.0,1,49.03291207670584,0.9670879232941587,0.05798639076451821,0.05798639076451821
64392,98,19,Neutral,49.0,0,46.936300799029055,2.0636992009709445,0.12373897492206228,0.12373897492206228
64392,46,20,Neutral,50.0,1,48.37642881408766,1.6235711859123398,0.09734899066844115,0.09734899066844115
64392,55,21,Neutral,52.0,1,56.5607740153644,-4.560774015364402,-0.2734630614998792,0.2734630614998792
64392,122,22,Neutral,51.0,0,48.17071898497274,2.829281015027263,0.16964310128201404,0.16964310128201404
64392,21,23,Neutral,50.0,0,48.90124391495844,1.0987560850415576,0.06588118636110032,0.06588118636110032
64392,109,24,Neutral,50.0,1,49.34938690012683,0.6506130998731692,0.03901062616649468,0.03901062616649468
64392,53,25,Neutral,50.0,0,47.58977584283196,2.410224157168038,0.14451653923209692,0.14451653923209692
64392,86,26,Neutral,50.0,1,50.945999462856264,-0.945999462856264,-0.05672193106223126,0.05672193106223126
64392,4,27,Neutral,50.0,0,52.17351781663569,-2.1735178166356874,-0.13032367627937338,0.13032367627937338
64392,40,28,Neutral,50.0,1,56.0742596881482,-6.074259688148203,-0.36421134769458424,0.36421134769458424
64392,38,29,Neutral,50.0,0,48.35853024152599,1.6414697584740097,0.09842218535704071,0.09842218535704071
64392,84,30,Neutral,50.0,1,51.94993110923746,-1.9499311092374612,-0.11691746380100497,0.11691746380100497
64392,1,31,Neutral,50.0,1,53.62291623526335,-3.6229162352633466,-0.21722930404250093,0.21722930404250093
64392,11,32,Neutral,50.0,1,57.7421350093869,-7.7421350093868995,-0.46421680510367846,0.46421680510367846
64392,34,33,Neutral,50.0,1,55.18697886341357,-5.186978863413572,-0.311010173962962,0.311010173962962
64392,93,34,Neutral,50.0,0,49.39893943492426,0.6010605650757412,0.03603946648501652,0.03603946648501652
64392,104,35,Neutral,50.0,0,51.38059016543194,-1.38059016543194,-0.08277989921091888,0.08277989921091888
64392,74,36,Neutral,50.0,0,48.30226786078441,1.6977321392155886,0.10179566600594647,0.10179566600594647
64392,65,37,Neutral,51.0,1,47.81204803073147,3.187951969268532,0.19114893710888822,0.19114893710888822
64392,33,38,Neutral,51.0,0,48.67646068238163,2.323539317618369,0.13931893427973133,0.13931893427973133
64392,45,39,Neutral,50.0,0,49.126290694816596,0.8737093051834037,0.052387428241672224,0.052387428241672224
64392,107,40,Neutral,51.0,1,50.08072883322401,0.9192711667759923,0.05511930798769106,0.05511930798769106
64392,61,41,Neutral,50.0,1,47.31824690081127,2.6817530991887324,0.1607973581283319,0.1607973581283319
64392,88,42,Neutral,48.0,0,49.51398150376282,-1.513981503762821,-0.09077801611709373,0.09077801611709373
64392,96,43,Neutral,50.0,1,43.501102885675465,6.498897114324535,0.3896725194602567,0.3896725194602567
64392,9,44,Neutral,50.0,0,53.64261346886214,-3.6426134688621374,-0.2184103460728356,0.2184103460728356
64392,39,45,Neutral,50.0,1,52.72554313447516,-2.72554313447516,-0.16342299953750342,0.16342299953750342
64392,12,46,Neutral,50.0,1,53.50670183080362,-3.506701830803621,-0.21026111251911483,0.21026111251911483
64392,97,47,Neutral,50.0,1,49.36930965012361,0.6306903498763887,0.037816062219835064,0.037816062219835064
64392,127,48,Neutral,51.0,0,48.10261908527386,2.897380914726142,0.1737263571058618,0.1737263571058618
64392,37,49,Neutral,50.0,1,50.12085017618169,-0.12085017618169047,-0.007246151431777167,0.007246151431777167
64392,87,50,Neutral,50.0,1,48.37006511769273,1.6299348823072677,0.09773055658088281,0.09773055658088281
64392,92,51,Neutral,50.0,1,52.28928217844181,-2.289282178441809,-0.13726488333884052,0.13726488333884052
64392,89,52,Neutral,50.0,1,45.52597813013057,4.474021869869432,0.26826142089703037,0.26826142089703037
64392,59,53,Neutral,50.0,1,47.61131481404149,2.388685185958508,0.14322506699763118,0.14322506699763118
64392,10,54,Neutral,51.0,1,49.53204450667238,1.4679554933276222,0.08801830610299666,0.08801830610299666
64392,25,55,Neutral,50.0,0,51.91283590424496,-1.9128359042449574,-0.1146932430239961,0.1146932430239961
64392,103,56,Neutral,50.0,0,48.564621170486,1.4353788295140006,0.08606501611539495,0.08606501611539495
64392,62,57,Neutral,51.0,0,44.85355257850859,6.146447421491409,0.36853970917363743,0.36853970917363743
64392,43,58,Neutral,51.0,1,51.85707275384662,-0.857072753846623,-0.0513899040832663,0.0513899040832663
64392,78,59,Neutral,51.0,1,50.27222339071574,0.7277766092842626,0.04363733414381294,0.04363733414381294
64392,19,60,Neutral,52.0,0,51.74296218512909,0.2570378148709125,0.015411933925917786,0.015411933925917786
64392,47,61,Neutral,52.0,0,52.874596787713756,-0.8745967877137559,-0.05244064150963072,0.05244064150963072
64392,70,62,Neutral,55.0,1,46.48014117303245,8.51985882696755,0.5108489634698906,0.5108489634698906
64392,118,63,Neutral,51.0,0,50.29228849720252,0.7077115027974799,0.04243423453161734,0.04243423453161734
64392,41,64,Neutral,52.0,1,55.91768792202945,-3.917687922029451,-0.2349037530800952,0.2349037530800952
64438,100,1,Standard,62.0,0,68.49275420444758,-6.492754204447579,-0.3893041918615177,0.3893041918615177
64438,101,2,Standard,79.0,1,73.39018387788767,5.609816122112335,0.3363634080610433,0.3363634080610433
64438,75,3,Standard,58.0,1,65.38954163601309,-7.389541636013092,-0.4430753797617199,0.4430753797617199
64438,5,4,Standard,66.0,0,67.65785048968978,-1.6578504896897783,-0.09940437059419126,0.09940437059419126
64438,57,5,Standard,66.0,1,72.38065170973346,-6.380651709733456,-0.38258254959136273,0.38258254959136273
64438,69,6,Standard,61.0,1,68.50505772374335,-7.505057723743349,-0.4500017003592294,0.4500017003592294
64438,113,7,Standard,67.0,1,74.37249532669883,-7.372495326698825,-0.4420532866001974,0.4420532866001974
64438,3,8,Standard,56.0,1,72.0855951548883,-16.085595154888296,-0.964488940316837,0.964488940316837
64438,60,9,Standard,87.0,1,70.93927840120564,16.06072159879436,0.9629975270661645,0.9629975270661645
64438,121,10,Standard,65.0,1,71.02215853354122,-6.022158533541216,-0.36108737329933743,0.36108737329933743
64438,83,11,Standard,55.0,1,70.42340933908753,-15.423409339087527,-0.9247844165099925,0.9247844165099925
64438,16,12,Standard,100.0,0,69.32191679770253,30.678083202297472,1.8394514889766986,1.8394514889766986
64438,120,13,Standard,72.0,1,67.51736378160385,4.482636218396152,0.2687779354432473,0.2687779354432473
64438,2,14,Standard,62.0,0,68.60178639435202,-6.601786394352018,-0.39584173929378663,0.39584173929378663
64438,125,15,Standard,64.0,1,64.80482991542985,-0.804829915429849,-0.04825743435624935,0.04825743435624935
64438,17,16,Standard,84.0,1,75.4633437987454,8.536656201254601,0.51185613053895,0.51185613053895
64438,66,17,Standard,71.0,1,67.59572415734658,3.404275842653419,0.20411967157020025,0.20411967157020025
64438,114,18,Standard,75.0,0,68.1104479544006,6.889552045599402,0.41309610789865786,0.41309610789865786
64438,23,19,Standard,63.0,1,70.58357210676166,-7.583572106761665,-0.4547094064371082,0.4547094064371082
64438,64,20,Standard,46.0,0,68.8466963048613,-22.846696304861297,-1.369883159226463,1.369883159226463
64438,102,21,Standard,68.0,0,67.0267777764872,0.9732222235128063,0.05835420212993547,0.05835420212993547
64438,18,22,Standard,58.0,0,70.86849367369582,-12.868493673695824,-0.7715922045349397,0.7715922045349397
64438,22,23,Standard,40.0,0,76.44826939229733,-36.448269392297334,-2.18543065295762,2.18543065295762
64438,13,24,Standard,76.0,1,67.92672063180079,8.07327936819921,0.48407215199307996,0.48407215199307996
64438,90,25,Standard,90.0,1,70.37701364714155,19.622986352858447,1.1765901809090773,1.1765901809090773
64438,32,26,Standard,59.0,0,69.35522597053215,-10.355225970532146,-0.6208971957139434,0.6208971957139434
64438,115,27,Standard,88.0,1,74.6082643996149,13.391735600385104,0.802965681645516,0.802965681645516
64438,29,28,Standard,98.0,1,71.65101031908436,26.348989680915636,1.579879941715596,1.579879941715596
64438,76,29,Standard,59.0,0,65.54012851389092,-6.54012851389092,-0.3921447456037499,0.3921447456037499
64438,112,30,Standard,67.0,1,68.49366821321794,-1.4936682132179442,-0.08956003544038732,0.08956003544038732
64438,8,31,Standard,58.0,0,73.20750016049156,-15.207500160491563,-0.9118385470619841,0.9118385470619841
64438,110,32,Standard,57.0,1,64.86346496318701,-7.863464963187013,-0.4714917239016815,0.4714917239016815
64438,82,33,Standard,57.0,1,65.73278708686077,-8.732787086860768,-0.523616097652396,0.523616097652396
64438,124,34,Standard,54.0,0,68.29914371127553,-14.299143711275534,-0.857373683269357,0.857373683269357
64438,31,35,Standard,54.0,0,67.07450114130545,-13.074501141305447,-0.783944369451373,0.783944369451373
64438,51,36,Standard,57.0,0,67.58717809546813,-10.587178095468133,-0.6348049968881986,0.6348049968881986
64438,63,37,Standard,64.0,1,65.87186342694207,-1.8718634269420704,-0.11223654180557659,0.11223654180557659
64438,81,38,Standard,63.0,0,67.50652838103709,-4.506528381037086,-0.27021050454656886,0.27021050454656886
64438,15,39,Standard,73.0,1,71.80939569832849,1.190604301671513,0.07138838632942081,0.07138838632942081
64438,48,40,Standard,89.0,1,75.25981304849414,13.740186951505862,0.8238587521945592,0.8238587521945592
64438,80,41,Standard,66.0,1,71.53575716454998,-5.5357571645499775,-0.33192284836695074,0.33192284836695074
64438,28,42,Standard,80.0,0,69.04506169471321,10.954938305286788,0.6568558225892857,0.6568558225892857
64438,68,43,Standard,65.0,0,65.10695585769896,-0.10695585769896354,-0.006413050985023881,0.006413050985023881
64438,49,44,Standard,76.0,0,70.9212175909872,5.078782409012803,0.30452273705769306,0.30452273705769306
64438,7,45,Standard,95.0,1,73.9305973798901,21.069402620109898,1.2633169994958573,1.2633169994958573
64438,20,46,Standard,64.0,1,66.43170742805069,-2.431707428050686,-0.14580467168654623,0.14580467168654623
64438,26,47,Standard,84.0,1,75.84795471004192,8.152045289958082,0.4887949402815324,0.4887949402815324
64438,105,48,Standard,40.0,1,65.66428782747685,-25.664287827476855,-1.5388253609744253,1.5388253609744253
64438,6,49,Standard,18.0,1,69.48734427494148,-51.48734427494148,-3.087170455385697,3.087170455385697
64438,67,50,Standard,85.0,1,69.18269504384104,15.817304956158964,0.9484023157948209,0.9484023157948209
64438,79,51,Standard,80.0,1,67.75491733351042,12.24508266648958,0.7342126101877899,0.7342126101877899
64438,58,52,Standard,100.0,1,68.97965433163843,31.02034566836157,1.859973475264789,1.859973475264789
64438,116,53,Standard,82.0,1,71.05233949659507,10.947660503404933,0.6564194471019458,0.6564194471019458
64438,36,54,Standard,89.0,1,64.55026860056063,24.449731399439372,1.4660008101292,1.4660008101292
64438,35,55,Standard,88.0,0,72.67507333090657,15.32492666909343,0.918879416097663,0.918879416097663
64438,27,56,Standard,97.0,1,69.51888506340046,27.48111493659954,1.647761936608938,1.647761936608938
64438,50,57,Standard,10.0,0,62.32358279674841,-52.32358279674841,-3.1373111432485636,3.1373111432485636
64438,123,58,Standard,96.0,1,66.02057700549764,29.979422994502357,1.79755996821111,1.79755996821111
64438,106,59,Standard,35.0,0,66.1016676417158,-31.101667641715807,-1.8648495238753413,1.8648495238753413
64438,91,60,Standard,87.0,1,65.0634003139734,21.936599686026597,1.3153139552253872,1.3153139552253872
64438,73,61,Standard,9.0,0,64.52053447893769,-55.52053447893769,-3.328999701272594,3.328999701272594
64438,99,62,Standard,91.0,1,65.60219950785302,25.397800492146985,1.5228468357669165,1.5228468357669165
64438,72,63,Standard,90.0,1,66.10887968488164,23.891120315118357,1.4325066056824167,1.4325066056824167
64438,111,64,Standard,95.0,0,67.98030443756855,27.01969556243145,1.6200953268908764,1.6200953268908764
64450,9,1,Neutral,92.0,0,92.78473413810002,-0.7847341381000206,-0.047052495726683054,0.047052495726683054
64450,70,2,Neutral,90.0,0,86.40500817149767,3.59499182850233,0.21555496242028718,0.21555496242028718
64450,74,3,Neutral,90.0,0,87.13940311331473,2.860596886685272,0.17152079443416032,0.17152079443416032
64450,89,4,Neutral,90.0,1,85.0202207716544,4.979779228345606,0.29858652693365034,0.29858652693365034
64450,43,5,Neutral,90.0,0,91.41825270489615,-1.4182527048961475,-0.0850381372448679,0.0850381372448679
64450,122,6,Neutral,90.0,1,86.1300463540223,3.869953645977702,0.23204161581488178,0.23204161581488178
64450,33,7,Neutral,90.0,0,87.33092006212607,2.6690799378739314,0.16003747801141485,0.16003747801141485
64450,61,8,Neutral,90.0,1,86.02229597738679,3.97770402261321,0.2385023059901122,0.2385023059901122
64450,47,9,Neutral,90.0,0,92.41098189034773,-2.4109818903477276,-0.14456197275597243,0.14456197275597243
64450,21,10,Neutral,90.0,0,86.72914980620929,3.2708501937907073,0.1961194974116721,0.1961194974116721
64450,77,11,Neutral,90.0,1,87.20970650957766,2.790293490422343,0.16730541741457264,0.16730541741457264
64450,45,12,Neutral,90.0,0,87.70058299174951,2.2994170082504866,0.1378725656265234,0.1378725656265234
64450,71,13,Neutral,90.0,0,86.5483853155282,3.4516146844718065,0.20695809868101608,0.20695809868101608
64450,127,14,Neutral,90.0,0,86.98356149707041,3.0164385029295886,0.18086502533525117,0.18086502533525117
64450,59,15,Neutral,90.0,1,86.53439968694819,3.4656003130518087,0.20779667406221308,0.20779667406221308
64450,65,16,Neutral,90.0,0,86.02843581781356,3.971564182186441,0.2381341624349681,0.2381341624349681
64450,24,17,Neutral,90.0,0,89.52740180894129,0.47259819105870804,0.02833688925406955,0.02833688925406955
64450,109,18,Neutral,90.0,0,86.85163036566337,3.148369634336632,0.18877558853793822,0.18877558853793822
64450,107,19,Neutral,90.0,1,88.29711662030608,1.7028833796939153,0.1021045333137718,0.1021045333137718
64450,19,20,Neutral,90.0,0,90.75366137656825,-0.753661376568246,-0.04518937940714846,0.04518937940714846
64450,104,21,Neutral,90.0,0,89.38538939190381,0.6146106080961857,0.03685192424664709,0.03685192424664709
64450,12,22,Neutral,90.0,1,91.79747416313236,-1.7974741631323639,-0.10777617701758366,0.10777617701758366
64450,4,23,Neutral,90.0,0,89.64518389619181,0.35481610380819006,0.021274699796563823,0.021274699796563823
64450,40,24,Neutral,90.0,1,93.48888883515227,-3.4888888351522667,-0.20919304900426117,0.20919304900426117
64450,108,25,Neutral,90.0,1,86.74398897135322,3.256011028646782,0.1952297441556042,0.1952297441556042
64450,126,26,Neutral,90.0,0,88.19503061253651,1.804969387463487,0.10822558910976633,0.10822558910976633
64450,14,27,Neutral,90.0,1,89.87026555476685,0.12973444523315436,0.007778850356524884,0.007778850356524884
64450,44,28,Neutral,90.0,1,88.30039417839014,1.6996058216098646,0.10190801161265511,0.10190801161265511
64450,1,29,Neutral,90.0,1,91.00696799628699,-1.0069679962869884,-0.06037759164768377,0.06037759164768377
64450,37,30,Neutral,90.0,1,88.24962364473132,1.7503763552686848,0.10495220225256656,0.10495220225256656
64450,25,31,Neutral,90.0,0,90.22262054742438,-0.22262054742438409,-0.013348281727260058,0.013348281727260058
64450,92,32,Neutral,87.0,1,90.41805564699143,-3.4180556469914336,-0.204945905772651,0.204945905772651
64450,117,33,Neutral,87.0,0,88.80647424910748,-1.806474249107481,-0.10831582030098826,0.10831582030098826
64450,95,34,Neutral,87.0,0,85.56092680616683,1.439073193833167,0.08628652943168989,0.08628652943168989
64450,84,35,Neutral,87.0,1,89.0273327553975,-2.027332755397495,-0.12155845040826666,0.12155845040826666
64450,34,36,Neutral,87.0,1,92.294957895554,-5.294957895554006,-0.31748457427471644,0.31748457427471644
64450,53,37,Neutral,87.0,0,84.45558892838176,2.544411071618242,0.15256235871693788,0.15256235871693788
64450,119,38,Neutral,87.0,1,84.19807579157568,2.8019242084243245,0.1680027928472402,0.1680027928472402
64450,85,39,Neutral,87.0,0,88.00807001880747,-1.008070018807473,-0.06044366868883474,0.06044366868883474
64450,52,40,Neutral,87.0,1,91.20739336275152,-4.207393362751517,-0.25227443105846864,0.25227443105846864
64450,11,41,Neutral,87.0,1,94.58727108592993,-7.5872710859299275,-0.45493119645879526,0.45493119645879526
64450,86,42,Neutral,87.0,0,87.48448542453565,-0.4844854245356487,-0.02904964530127052,0.02904964530127052
64450,78,43,Neutral,87.0,1,88.2315507597653,-1.2315507597652982,-0.07384352744147354,0.07384352744147354
64450,87,44,Neutral,87.0,1,86.02440707003473,0.9755929299652735,0.058496349195811835,0.058496349195811835
64450,94,45,Neutral,87.0,1,94.4709612159483,-7.470961215948293,-0.4479572808425686,0.4479572808425686
64450,55,46,Neutral,87.0,1,92.70499554364768,-5.704995543647684,-0.34207034638273176,0.34207034638273176
64450,118,47,Neutral,87.0,0,88.25161586625208,-1.2516158662520809,-0.07504662705366916,0.07504662705366916
64450,10,48,Neutral,87.0,1,87.18638645901439,-0.18638645901438622,-0.011175693321459904,0.011175693321459904
64450,56,49,Neutral,87.0,1,94.44734740681042,-7.447347406810422,-0.44654140175740414,0.44654140175740414
64450,98,50,Neutral,87.0,1,82.83669168256563,4.163308317434371,0.24963110090920565,0.24963110090920565
64450,39,51,Neutral,87.0,0,89.70210068881688,-2.702100688816884,-0.16201739537093862,0.16201739537093862
64450,54,52,Neutral,87.0,1,88.92570533585122,-1.9257053358512195,-0.11546489146677266,0.11546489146677266
64450,96,53,Neutral,87.0,1,80.45453028975773,6.545469710242273,0.39246500262621853,0.39246500262621853
64450,97,54,Neutral,87.0,0,86.35909697775115,0.6409030222488497,0.038428411931454194,0.038428411931454194
64450,62,55,Neutral,87.0,1,82.19957971783089,4.800420282169114,0.2878322018205047,0.2878322018205047
64450,41,56,Neutral,87.0,1,93.50754570609845,-6.507545706098455,-0.39019108722445445,0.39019108722445445
64450,88,57,Neutral,87.0,1,86.24837311151391,0.7516268884860864,0.04506739192483556,0.04506739192483556
64450,128,58,Neutral,87.0,0,86.20695877151417,0.7930412284858335,0.04755058713866877,0.04755058713866877
64450,93,59,Neutral,87.0,0,85.69525945001301,1.3047405499869882,0.07823197204257228,0.07823197204257228
64450,30,60,Neutral,87.0,0,88.55093096529986,-1.5509309652998553,-0.09299349814682155,0.09299349814682155
64450,42,61,Neutral,87.0,0,87.05727118314168,-0.05727118314167967,-0.00343396823102463,0.00343396823102463
64450,46,62,Neutral,87.0,0,83.83296556739703,3.167034432602975,0.1898947259604452,0.1898947259604452
64450,103,63,Neutral,87.0,0,85.51638387641216,1.4836161235878365,0.0889573142366048,0.0889573142366048
64450,38,64,Neutral,87.0,0,84.2167786639524,2.7832213360476032,0.16688137250899282,0.16688137250899282
64615,26,1,Standard,100.0,1,100.59459294393575,-0.5945929439357514,-0.0356516692664732,0.0356516692664732
64615,16,2,Standard,100.0,0,93.8413713684105,6.158628631589494,0.36927009199790667,0.36927009199790667
64615,105,3,Standard,100.0,0,91.71699297250302,8.283007027496978,0.4966473788294812,0.4966473788294812
64615,27,4,Standard,98.0,0,94.54737856374237,3.4526214362576297,0.20701846330872933,0.20701846330872933
64615,63,5,Standard,100.0,0,90.02421374195931,9.975786258040685,0.5981460694614715,0.5981460694614715
64615,113,6,Standard,100.0,1,97.14781139361212,2.852188606387884,0.17101663569612008,0.17101663569612008
64615,57,7,Standard,94.0,0,95.04355860969875,-1.0435586096987493,-0.06257155721844647,0.06257155721844647
64615,112,8,Standard,100.0,1,92.18893462472217,7.811065375277835,0.46834985550769764,0.46834985550769764
64615,69,9,Standard,100.0,0,92.45501922399026,7.544980776009737,0.45239547827069954,0.45239547827069954
64615,2,10,Standard,100.0,0,92.85839800946258,7.141601990537424,0.42820897018068005,0.42820897018068005
64615,76,11,Standard,96.0,1,88.832018558122,7.167981441877998,0.42979067659717396,0.42979067659717396
64615,32,12,Standard,100.0,0,92.4718873776983,7.528112622301705,0.45138406728227753,0.45138406728227753
64615,29,13,Standard,98.0,1,94.81147888551673,3.1885211144832653,0.19118306293760384,0.19118306293760384
64615,58,14,Standard,100.0,1,94.72570936180095,5.274290638199048,0.3162453698216887,0.3162453698216887
64615,116,15,Standard,100.0,0,95.4675327672097,4.532467232790296,0.27176579270343176,0.27176579270343176
64615,36,16,Standard,100.0,1,90.29632363072317,9.703676369276835,0.5818304171193309,0.5818304171193309
64615,7,17,Standard,100.0,1,97.88870674699172,2.1112932530082844,0.12659270438453285,0.12659270438453285
64615,50,18,Standard,100.0,0,86.76357091577862,13.236429084221385,0.793653535233978,0.793653535233978
64615,23,19,Standard,100.0,0,93.33409332525943,6.665906674740569,0.3996863779713911,0.3996863779713911
64615,106,20,Standard,100.0,1,90.31350803053779,9.68649196946221,0.5808000440801244,0.5808000440801244
64615,110,21,Standard,100.0,1,89.42672669316123,10.573273306838772,0.6339712686536305,0.6339712686536305
64615,125,22,Standard,100.0,0,87.00154097800508,12.998459021994918,0.7793848997912796,0.7793848997912796
64615,100,23,Standard,100.0,0,90.03235787802929,9.967642121970712,0.5976577487563755,0.5976577487563755
64615,79,24,Standard,100.0,1,93.01909361174437,6.980906388255633,0.4185736952862202,0.4185736952862202
64615,102,25,Standard,100.0,0,89.60207035792,10.397929642080001,0.6234576989792711,0.6234576989792711
64615,99,26,Standard,100.0,1,89.92977845993519,10.070221540064807,0.6038083893328186,0.6038083893328186
64615,124,27,Standard,100.0,0,91.35631504463693,8.64368495536307,0.5182735523775283,0.5182735523775283
64615,111,28,Standard,100.0,1,92.28887107880006,7.711128921199943,0.4623576865040338,0.4623576865040338
64615,68,29,Standard,100.0,1,88.22361726486511,11.776382735134888,0.7061094597748887,0.7061094597748887
64615,6,30,Standard,100.0,1,94.40106327904556,5.598936720954441,0.335711081430103,0.335711081430103
64615,115,31,Standard,100.0,1,97.16454467019703,2.8354553298029685,0.17001331191195107,0.17001331191195107
64615,73,32,Standard,100.0,0,88.29430327509735,11.705696724902651,0.7018711413012699,0.7018711413012699
64615,80,33,Standard,100.0,1,94.6367356571776,5.363264342822404,0.3215802146478788,0.3215802146478788
64615,90,34,Standard,100.0,1,92.4861103911843,7.513889608815703,0.45053125835148344,0.45053125835148344
64615,49,35,Standard,100.0,0,94.06600324288107,5.933996757118933,0.35580121151923466,0.35580121151923466
64615,72,36,Standard,59.0,0,91.37305596311558,-32.373055963115576,-1.9410817032277738,1.9410817032277738
64615,18,37,Standard,88.0,0,92.96190750320008,-4.961907503200081,-0.2975149420105396,0.2975149420105396
64615,35,38,Standard,86.0,1,95.92315621587142,-9.923156215871415,-0.594990383077978,0.594990383077978
64615,13,39,Standard,92.0,1,90.00112215045434,1.9988778495456643,0.1198523001708906,0.1198523001708906
64615,82,40,Standard,84.0,1,89.50751995004278,-5.507519950042777,-0.33022975085732753,0.33022975085732753
64615,121,41,Standard,80.0,1,92.41465781478573,-12.414657814785727,-0.7443803008146748,0.7443803008146748
64615,91,42,Standard,79.0,0,89.93331215881123,-10.933312158811233,-0.6555591233439981,0.6555591233439981
64615,81,43,Standard,80.0,0,90.01900149235298,-10.019001492352984,-0.6007372459237703,0.6007372459237703
64615,8,44,Standard,70.0,0,95.38852830852827,-25.388528308528265,-1.5222908775653872,1.5222908775653872
64615,3,45,Standard,76.0,1,92.9680914394765,-16.968091439476495,-1.017403234016275,1.017403234016275
64615,114,46,Standard,83.0,0,89.63436871344382,-6.63436871344382,-0.3977953683706919,0.3977953683706919
64615,5,47,Standard,81.0,0,88.27750381868059,-7.277503818680586,-0.4363576155339162,0.4363576155339162
64615,17,48,Standard,83.0,1,96.79302360987299,-13.79302360987299,-0.8270268272423081,0.8270268272423081
64615,31,49,Standard,79.0,1,89.19270981922523,-10.192709819225229,-0.6111527610785396,0.6111527610785396
64615,22,50,Standard,93.0,1,97.9969849997561,-4.996984999756094,-0.2996181814093004,0.2996181814093004
64615,51,51,Standard,81.0,0,89.4334318839135,-8.4334318839135,-0.50566682193777,0.50566682193777
64615,75,52,Standard,89.0,0,87.32437381001327,1.6756261899867297,0.1004701978873509,0.1004701978873509
64615,28,53,Standard,87.0,0,92.64456592083026,-5.64456592083026,-0.3384469987655806,0.3384469987655806
64615,123,54,Standard,79.0,1,90.2771886206082,-11.2771886206082,-0.6761778844805837,0.6761778844805837
64615,67,55,Standard,86.0,1,93.04504222555549,-7.045042225555491,-0.42241926675299146,0.42241926675299146
64615,83,56,Standard,79.0,1,90.95544834954586,-11.955448349545861,-0.7168461967763753,0.7168461967763753
64615,15,57,Standard,86.0,1,93.52422800897514,-7.524228008975143,-0.45115114667506345,0.45115114667506345
64615,101,58,Standard,74.0,1,93.66849186662563,-19.66849186662563,-1.179318682051203,1.179318682051203
64615,64,59,Standard,80.0,0,89.86972600112524,-9.869726001125244,-0.591786718513178,0.591786718513178
64615,48,60,Standard,100.0,1,97.11517877081653,2.8848212291834727,0.17297328097264328,0.17297328097264328
64615,20,61,Standard,100.0,0,88.52512125755494,11.474878742445057,0.6880313430741622,0.6880313430741622
64615,60,62,Standard,99.0,1,91.36802017859299,7.631979821407015,0.45761192294034525,0.45761192294034525
64615,120,63,Standard,91.0,0,88.05851472593922,2.9414852740607813,0.17637084531959707,0.17637084531959707
64615,66,64,Standard,80.0,0,88.04014884927243,-8.040148849272427,-0.4820856529680732,0.4820856529680732
64652,86,1,Neutral,95.0,1,87.84172752381204,7.15827247618796,0.4292085290334817,0.4292085290334817
64652,14,2,Neutral,93.0,1,89.7547408359917,3.245259164008303,0.1945850645878454,0.1945850645878454
64652,122,3,Neutral,84.0,1,84.80360409033112,-0.8036040903311203,-0.04818393413825292,0.04818393413825292
64652,85,4,Neutral,99.0,1,88.10246916248647,10.897530837513528,0.6534136827600934,0.6534136827600934
64652,127,5,Neutral,89.0,1,84.58910042942875,4.410899570571246,0.26447662095806335,0.26447662095806335
64652,70,6,Neutral,94.0,1,85.01907583400175,8.980924165998246,0.5384943453147396,0.5384943453147396
64652,19,7,Neutral,93.0,1,89.86529070553941,3.134709294460592,0.18795651739978353,0.18795651739978353
64652,53,8,Neutral,91.0,1,82.93727104606478,8.06272895393522,0.48343955134788186,0.48343955134788186
64652,74,9,Neutral,70.0,1,84.08783465667955,-14.087834656679547,-0.8447036362997428,0.8447036362997428
64652,104,10,Neutral,64.0,1,87.07854264279462,-23.078542642794616,-1.3837846174340378,1.3837846174340378
64652,119,11,Neutral,74.0,1,83.92300535027412,-9.923005350274124,-0.5949813372081386,0.5949813372081386
64652,109,12,Neutral,91.0,1,85.67562189062158,5.324378109378415,0.31924860417738227,0.31924860417738227
64652,25,13,Neutral,81.0,1,89.5532856727267,-8.553285672726702,-0.5128532301901421,0.5128532301901421
64652,38,14,Neutral,60.0,1,83.61841112622633,-23.618411126226334,-1.4161550194292216,1.4161550194292216
64652,65,15,Neutral,84.0,1,84.8615392766488,-0.8615392766487986,-0.05165771586162392,0.05165771586162392
64652,126,16,Neutral,88.0,1,87.42239850476786,0.5776014952321447,0.03463286553575707,0.03463286553575707
64652,61,17,Neutral,92.0,1,84.17016780250081,7.8298321974991865,0.46947511026533,0.46947511026533
64652,11,18,Neutral,91.0,1,94.1559843184141,-3.1559843184140988,-0.18923216341166874,0.18923216341166874
64652,62,19,Neutral,91.0,1,82.3187737099254,8.681226290074605,0.5205245229997127,0.5205245229997127
64652,56,20,Neutral,100.0,1,94.27890359489201,5.721096405107986,0.34303575068754644,0.34303575068754644
64652,84,21,Neutral,92.0,1,88.42992928469377,3.5700707153062297,0.21406069765565905,0.21406069765565905
64652,21,22,Neutral,86.0,1,84.74560015352462,1.2543998464753798,0.07521355392889992,0.07521355392889992
64652,52,23,Neutral,87.0,1,90.5132636396383,-3.5132636396382964,-0.21065455721224416,0.21065455721224416
64652,93,24,Neutral,93.0,1,84.43978452329343,8.560215476706574,0.5132687397956489,0.5132687397956489
64652,87,25,Neutral,97.0,1,84.06801759505541,12.931982404944591,0.7753989756574602,0.7753989756574602
64652,71,26,Neutral,90.0,1,84.76818854463616,5.2318114553638395,0.3136983268528866,0.3136983268528866
64652,45,27,Neutral,86.0,1,84.25475010171824,1.745249898281756,0.10464482095773145,0.10464482095773145
64652,40,28,Neutral,98.0,1,91.87480876744813,6.12519123255187,0.36726519250527284,0.36726519250527284
64652,10,29,Neutral,92.0,1,85.22999698403505,6.770003015964946,0.4059279729432656,0.4059279729432656
64652,42,30,Neutral,92.0,1,86.9764416897557,5.023558310244297,0.30121151157997106,0.30121151157997106
64652,55,31,Neutral,95.0,1,91.923251502002,3.076748497997997,0.18448120009744923,0.18448120009744923
64652,103,32,Neutral,89.0,1,85.41654207217553,3.583457927824469,0.21486339213423972,0.21486339213423972
64652,39,33,Neutral,95.0,1,89.05177812496989,5.948221875030114,0.3566541466309248,0.3566541466309248
64652,4,34,Neutral,92.0,1,87.95260144383222,4.047398556167778,0.242681175728326,0.242681175728326
64652,98,35,Neutral,85.0,1,82.03593533006925,2.9640646699307496,0.17772470120033532,0.17772470120033532
64652,41,36,Neutral,96.0,1,92.94483746078394,3.055162539216056,0.18318691049791333,0.18318691049791333
64652,24,37,Neutral,85.0,1,87.19339488212671,-2.193394882126711,-0.13151550099256837,0.13151550099256837
64652,30,38,Neutral,88.0,1,88.303984768726,-0.30398476872599645,-0.01822686351595121,0.01822686351595121
64652,78,39,Neutral,94.0,1,86.94891565534034,7.051084344659657,0.42278155095795444,0.42278155095795444
64652,89,40,Neutral,90.0,1,80.65443753703222,9.345562462967777,0.5603579817706281,0.5603579817706281
64652,47,41,Neutral,88.0,1,89.55128905233836,-1.5512890523383618,-0.0930149689711824,0.0930149689711824
64652,43,42,Neutral,95.0,1,88.35853638140631,6.64146361859369,0.39822077740801726,0.39822077740801726
64652,95,43,Neutral,94.0,1,83.72781094213153,10.272189057868474,0.6159183196990371,0.6159183196990371
64652,1,44,Neutral,92.0,1,89.13915690686247,2.8608430931375324,0.1715355569218366,0.1715355569218366
64652,33,45,Neutral,93.0,1,84.45554430957819,8.544455690421813,0.5123237862874295,0.5123237862874295
64652,108,46,Neutral,84.0,0,83.03531312572454,0.9646868742754577,0.05784242436468053,0.05784242436468053
64652,77,47,Neutral,94.0,1,84.42194507556225,9.578054924437751,0.5742981814110925,0.5742981814110925
64652,107,48,Neutral,65.0,1,85.81600530115432,-20.81600530115432,-1.2481233489479433,1.2481233489479433
64652,88,49,Neutral,78.0,1,83.81010488460602,-5.8101048846060195,-0.34837268060799037,0.34837268060799037
64652,97,50,Neutral,76.0,1,85.3236219143851,-9.3236219143851,-0.5590424310403808,0.5590424310403808
64652,94,51,Neutral,88.0,1,92.7692668297117,-4.769266829711697,-0.2859642472898491,0.2859642472898491
64652,117,52,Neutral,76.0,1,86.51627448155917,-10.516274481559165,-0.6305536309433761,0.6305536309433761
64652,46,53,Neutral,76.0,1,83.01652630036212,-7.016526300362116,-0.42070945780858604,0.42070945780858604
64652,128,54,Neutral,80.0,1,83.59346190754134,-3.5934619075413394,-0.2154632286776295,0.2154632286776295
64652,96,55,Neutral,72.0,0,77.57819047018751,-5.578190470187508,-0.3344671405485207,0.3344671405485207
64652,92,56,Neutral,91.0,1,88.15598012417082,2.8440198758291757,0.17052684031059417,0.17052684031059417
64652,118,57,Neutral,86.0,1,86.35568053209985,-0.3556805320998535,-0.021326530737164923,0.021326530737164923
64652,37,58,Neutral,86.0,1,85.81231948484577,0.18768051515422712,0.011253284658492053,0.011253284658492053
64652,59,59,Neutral,89.0,1,83.14902093774401,5.850979062255988,0.3508234877996633,0.3508234877996633
64652,54,60,Neutral,70.0,1,85.7865225606836,-15.786522560683593,-0.9465566097636436,0.9465566097636436
64652,9,61,Neutral,86.0,1,88.69844084063608,-2.6984408406360814,-0.16179795163512198,0.16179795163512198
64652,34,62,Neutral,81.0,1,89.7171203239927,-8.717120323992702,-0.5226767218088966,0.5226767218088966
64652,44,63,Neutral,80.0,1,83.9784181030342,-3.978418103034201,-0.23854512210365422,0.23854512210365422
64652,12,64,Neutral,88.0,1,88.51872204331133,-0.5187220433113282,-0.031102465843191963,0.031102465843191963
64685,40,1,Neutral,100.0,1,86.01897753286173,13.981022467138274,0.8382991996275766,0.8382991996275766
64685,37,2,Neutral,49.0,1,81.09380969302536,-32.093809693025364,-1.9243381549453908,1.9243381549453908
64685,98,3,Neutral,17.0,1,76.30407833756058,-59.30407833756058,-3.555860204207514,3.555860204207514
64685,97,4,Neutral,73.0,1,80.16704052990234,-7.167040529902337,-0.42973425971078594,0.42973425971078594
64685,12,5,Neutral,100.0,1,84.0647199052444,15.935280094755598,0.9554760805708927,0.9554760805708927
64685,93,6,Neutral,50.0,1,78.24672578786299,-28.246725787862985,-1.6936678040337905,1.6936678040337905
64685,19,7,Neutral,50.0,0,82.73160461651126,-32.73160461651126,-1.9625802059213806,1.9625802059213806
64685,39,8,Neutral,100.0,1,83.10833257185101,16.891667428148992,1.0128208661902625,1.0128208661902625
64685,77,9,Neutral,100.0,1,78.9149064169496,21.085093583050394,1.2642578263706672,1.2642578263706672
64685,126,10,Neutral,100.0,1,80.51353074963573,19.486469250364266,1.1684046438337068,1.1684046438337068
64685,53,11,Neutral,41.0,1,75.8242619660434,-34.824261966043395,-2.0880555054090175,2.0880555054090175
64685,34,12,Neutral,100.0,1,84.86885375252969,15.131146247470312,0.9072603823158366,0.9072603823158366
64685,4,13,Neutral,100.0,1,81.70084107769364,18.29915892230636,1.097213763477141,1.097213763477141
64685,74,14,Neutral,28.0,1,76.88721125812572,-48.88721125812572,-2.9312670204226863,2.9312670204226863
64685,128,15,Neutral,50.0,0,78.32035351670179,-28.320353516701786,-1.6980825073432972,1.6980825073432972
64685,30,16,Neutral,100.0,1,82.09603156185364,17.903968438146364,1.073518224230964,1.073518224230964
64685,9,17,Neutral,100.0,0,83.49226975932223,16.507730240677773,0.9898000722733018,0.9898000722733018
64685,47,18,Neutral,100.0,0,83.42516762643358,16.574832373566423,0.9938235022067045,0.9938235022067045
64685,78,19,Neutral,10.0,1,80.69137275163688,-70.69137275163688,-4.238640009166776,4.238640009166776
64685,59,20,Neutral,0.0,1,77.72381406009899,-77.72381406009899,-4.660303727551343,4.660303727551343
64685,42,21,Neutral,100.0,1,80.33208158837711,19.667918411622892,1.1792842978084948,1.1792842978084948
64685,122,22,Neutral,40.0,1,76.83758197524452,-36.83758197524452,-2.208773754469449,2.208773754469449
64685,108,23,Neutral,50.0,0,77.06129018662526,-27.061290186625257,-1.6225893319074933,1.6225893319074933
64685,87,24,Neutral,50.0,1,77.13023715209897,-27.13023715209897,-1.626723377619044,1.626723377619044
64685,118,25,Neutral,100.0,0,80.62382353959117,19.37617646040883,1.1617915110845352,1.1617915110845352
64685,65,26,Neutral,50.0,1,77.20794981399071,-27.20794981399071,-1.6313830126648996,1.6313830126648996
64685,11,27,Neutral,32.0,0,86.72309535024326,-54.723095350243256,-3.2811854169520074,3.2811854169520074
64685,96,28,Neutral,100.0,0,71.77939616815314,28.22060383184686,1.6921015369834016,1.6921015369834016
64685,61,29,Neutral,50.0,1,76.51079580227784,-26.51079580227784,-1.5895818031031732,1.5895818031031732
64685,92,30,Neutral,100.0,1,82.12325555436338,17.876744445636618,1.0718858793015977,1.0718858793015977
64685,45,31,Neutral,100.0,0,77.09793386243064,22.902066137569363,1.3732031228808943,1.3732031228808943
64685,89,32,Neutral,50.0,1,74.02330720893941,-24.023307208939414,-1.4404325043462594,1.4404325043462594
64685,70,33,Neutral,97.0,1,76.6645718230839,20.335428176916096,1.2193080445197337,1.2193080445197337
64685,127,34,Neutral,100.0,0,76.3371052084853,23.662894791514702,1.4188222507490618,1.4188222507490618
64685,84,35,Neutral,100.0,1,80.64491834423697,19.35508165576303,1.1605266709848616,1.1605266709848616
64685,104,36,Neutral,100.0,0,78.95796889964986,21.042031100350144,1.2616758088632607,1.2616758088632607
64685,56,37,Neutral,100.0,1,86.4955573525913,13.504442647408695,0.8097235727464236,0.8097235727464236
64685,62,38,Neutral,100.0,0,74.35275159483881,25.647248405161193,1.537803680755907,1.537803680755907
64685,38,39,Neutral,100.0,0,75.54164454234781,24.45835545765219,1.466517906866176,1.466517906866176
64685,1,40,Neutral,100.0,1,82.14267483319792,17.857325166802084,1.0707215033811244,1.0707215033811244
64685,94,41,Neutral,100.0,1,86.1687138875993,13.831286112400704,0.8293210389367764,0.8293210389367764
64685,109,42,Neutral,99.0,1,77.32278257785983,21.677217422140174,1.2997614486240525,1.2997614486240525
64685,44,43,Neutral,82.0,1,77.87297368613619,4.127026313863809,0.24745563952034252,0.24745563952034252
64685,33,44,Neutral,100.0,1,77.3276407581149,22.672359241885104,1.3594299451856535,1.3594299451856535
64685,24,45,Neutral,100.0,0,79.70925151896871,20.290748481031287,1.2166290592460978,1.2166290592460978
64685,52,46,Neutral,100.0,1,82.46707444174018,17.53292555825982,1.0512705703152723,1.0512705703152723
64685,85,47,Neutral,100.0,1,79.18013677926368,20.819863220736323,1.2483546690037848,1.2483546690037848
64685,55,48,Neutral,100.0,1,84.13990525970128,15.86009474029872,0.950967982353251,0.950967982353251
64685,41,49,Neutral,100.0,1,85.33671985554815,14.663280144451846,0.8792072280765721,0.8792072280765721
64685,86,50,Neutral,92.0,1,78.65655218499185,13.343447815008147,0.8000703560762712,0.8000703560762712
64685,21,51,Neutral,50.0,1,76.34150644577568,-26.34150644577568,-1.5794312484928223,1.5794312484928223
64685,14,52,Neutral,76.0,0,80.39267216195047,-4.392672161950472,-0.26338370932774485,0.26338370932774485
64685,25,53,Neutral,100.0,0,80.6673132130492,19.332686786950802,1.1591838793081313,1.1591838793081313
64685,119,54,Neutral,77.0,1,74.9056114127979,2.094388587202104,0.12557910413829898,0.12557910413829898
64685,43,55,Neutral,96.0,1,80.75041877617053,15.249581223829466,0.914361718868521,0.914361718868521
64685,117,56,Neutral,75.0,1,79.20735975546607,-4.207359755466072,-0.2522724159726223,0.2522724159726223
64685,10,57,Neutral,73.0,1,77.02180892235785,-4.021808922357849,-0.24114682660671866,0.24114682660671866
64685,107,58,Neutral,83.0,1,78.20622299776245,4.793777002237547,0.2874338721373485,0.2874338721373485
64685,103,59,Neutral,72.0,1,77.10006268295906,-5.100062682959063,-0.30579869785805197,0.30579869785805197
64685,54,60,Neutral,100.0,0,78.80493495846092,21.19506504153908,1.2708516921519166,1.2708516921519166
64685,88,61,Neutral,81.0,1,76.30283137118855,4.697168628811454,0.2816412541574567,0.2816412541574567
64685,46,62,Neutral,94.0,1,75.45055115623651,18.549448843763486,1.1122210951172642,1.1122210951172642
64685,71,63,Neutral,82.0,0,75.97561294105599,6.024387058944015,0.3612209952190438,0.3612209952190438
64685,95,64,Neutral,72.0,1,75.76923606276588,-3.7692360627658843,-0.22600261047079173,0.22600261047079173
64695,76,1,Standard,92.0,1,60.7068219708414,31.293178029158597,1.876332446879793,1.876332446879793
64695,112,2,Standard,100.0,1,63.75542322442183,36.24457677557817,2.1732172860191805,2.1732172860191805
64695,35,3,Standard,100.0,1,68.89313861024665,31.106861389753348,1.8651609399275773,1.8651609399275773
64695,106,4,Standard,100.0,1,62.4511543988546,37.5488456011454,2.251420973563645,2.251420973563645
64695,66,5,Standard,72.0,1,62.06150306603729,9.93849693396271,0.5959102093444669,0.5959102093444669
64695,125,6,Standard,17.0,1,59.13918734632189,-42.13918734632189,-2.5266569099941334,2.5266569099941334
64695,116,7,Standard,100.0,0,66.96953719863639,33.03046280136361,1.9804996805343955,1.9804996805343955
64695,16,8,Standard,100.0,0,63.45625074311407,36.54374925688593,2.191155605782301,2.191155605782301
64695,31,9,Standard,36.0,1,62.248641833976855,-26.248641833976855,-1.5738631056815466,1.5738631056815466
64695,115,10,Standard,93.0,1,69.3881406588902,23.611859341109806,1.4157621757561478,1.4157621757561478
64695,27,11,Standard,100.0,0,65.39227560617555,34.607724393824455,2.0750719576100565,2.0750719576100565
64695,91,12,Standard,90.0,1,61.12524926709923,28.87475073290077,1.7313240491338022,1.7313240491338022
64695,18,13,Standard,100.0,0,65.16482648288648,34.83517351711352,2.088709759742009,2.088709759742009
64695,101,14,Standard,100.0,1,66.89965251844218,33.10034748155782,1.9846899514255791,1.9846899514255791
64695,49,15,Standard,100.0,0,66.09369358550254,33.906306414497465,2.0330150814369246,2.0330150814369246
64695,102,16,Standard,100.0,0,61.14788194861291,38.85211805138709,2.3295649186507954,2.3295649186507954
64695,60,17,Standard,23.0,1,64.49088950287032,-41.49088950287032,-2.4877851061211955,2.4877851061211955
64695,124,18,Standard,66.0,1,62.90212663532983,3.0978733646701713,0.18574784270997255,0.18574784270997255
64695,26,19,Standard,83.0,1,71.10970972124579,11.890290278754208,0.7129393324020202,0.7129393324020202
64695,3,20,Standard,94.0,1,65.50000224118939,28.499997758810608,1.7088539387412152,1.7088539387412152
64695,32,21,Standard,99.0,1,63.51435476435924,35.48564523564076,2.1277119087124037,2.1277119087124037
64695,63,22,Standard,100.0,0,60.43103919173014,39.56896080826986,2.3725466612784256,2.3725466612784256
64695,121,23,Standard,32.0,1,64.35473383887474,-32.354733838874736,-1.9399831124685734,1.9399831124685734
64695,22,24,Standard,83.0,1,70.43961678478044,12.56038321521956,0.7531179655195434,0.7531179655195434
64695,51,25,Standard,64.0,0,62.009149844892626,1.990850155107374,0.119370961281815,0.119370961281815
64695,73,26,Standard,29.0,0,59.9938780507518,-30.993878050751803,-1.8583864824171292,1.8583864824171292
64695,105,27,Standard,69.0,0,60.543343480414386,8.456656519585614,0.5070593662628605,0.5070593662628605
64695,100,28,Standard,82.0,0,61.25005390175517,20.749946098244827,1.2441624528792026,1.2441624528792026
64695,75,29,Standard,25.0,0,58.209660803437615,-33.209660803437615,-1.991244355472626,1.991244355472626
64695,8,30,Standard,70.0,0,67.15337569555234,2.8466243044476585,0.17068300130893982,0.17068300130893982
64695,15,31,Standard,50.0,1,66.09994596995429,-16.09994596995429,-0.9653494122037897,0.9653494122037897
64695,67,32,Standard,49.0,0,63.93032921897984,-14.930329218979843,-0.8952194350495809,0.8952194350495809
64695,82,33,Standard,50.0,0,59.69189239520738,-9.691892395207383,-0.5811238524847291,0.5811238524847291
64695,5,34,Standard,49.0,1,60.283728709198684,-11.283728709198684,-0.6765700268323882,0.6765700268323882
64695,57,35,Standard,50.0,1,64.96850530754101,-14.968505307541008,-0.8975084653805855,0.8975084653805855
64695,7,36,Standard,50.0,0,68.36001636503553,-18.360016365035534,-1.1008627630872312,1.1008627630872312
64695,81,37,Standard,50.0,0,61.585490092052666,-11.585490092052666,-0.6946635765938302,0.6946635765938302
64695,83,38,Standard,50.0,0,63.18070903639512,-13.180709036395122,-0.7903125727538907,0.7903125727538907
64695,13,39,Standard,50.0,1,61.30476779455661,-11.30476779455661,-0.6778315260151484,0.6778315260151484
64695,29,40,Standard,50.0,0,65.06541740538549,-15.065417405385489,-0.9033192946134411,0.9033192946134411
64695,80,41,Standard,50.0,1,65.43782554034453,-15.437825540344534,-0.9256488089393605,0.9256488089393605
64695,23,42,Standard,50.0,1,63.478075819432846,-13.478075819432846,-0.8081426232242535,0.8081426232242535
64695,123,43,Standard,51.0,0,60.636789702837746,-9.636789702837746,-0.5778199065094355,0.5778199065094355
64695,17,44,Standard,50.0,0,68.27189789104017,-18.27189789104017,-1.0955791977116411,1.0955791977116411
64695,120,45,Standard,50.0,0,60.15068923683371,-10.150689236833713,-0.6086332156969704,0.6086332156969704
64695,72,46,Standard,50.0,1,60.81270670075422,-10.81270670075422,-0.6483276451600849,0.6483276451600849
64695,111,47,Standard,50.0,1,62.760180696843875,-12.760180696843875,-0.7650977809677302,0.7650977809677302
64695,28,48,Standard,49.0,1,62.74132404746241,-13.741324047462413,-0.8239269322316428,0.8239269322316428
64695,68,49,Standard,50.0,0,58.78420589959748,-8.784205899597481,-0.5266991589710015,0.5266991589710015
64695,114,50,Standard,49.0,1,60.61068723367568,-11.610687233675677,-0.6961743919655329,0.6961743919655329
64695,36,51,Standard,49.0,0,58.640795386705946,-9.640795386705946,-0.5780600864811483,0.5780600864811483
64695,113,52,Standard,49.0,1,66.43632771146764,-17.43632771146764,-1.045478583510161,1.045478583510161
64695,69,53,Standard,50.0,0,60.405226546576955,-10.405226546576955,-0.6238952198554396,0.6238952198554396
64695,90,54,Standard,50.0,0,63.04669902591667,-13.046699025916674,-0.7822773603944072,0.7822773603944072
64695,79,55,Standard,51.0,0,61.5387940047921,-10.538794004792102,-0.6319038968732491,0.6319038968732491
64695,50,56,Standard,50.0,1,56.40254450776399,-6.4025445077639915,-0.3838952372084338,0.3838952372084338
64695,110,57,Standard,50.0,1,57.72739128987777,-7.727391289877772,-0.4633327747480242,0.4633327747480242
64695,6,58,Standard,50.0,0,63.05218514989198,-13.052185149891983,-0.782606307247069,0.782606307247069
64695,58,59,Standard,50.0,1,62.63210952512139,-12.632109525121393,-0.7574186601450098,0.7574186601450098
64695,48,60,Standard,50.0,1,68.41882441491879,-18.418824414918788,-1.1043888815284728,1.1043888815284728
64695,64,61,Standard,50.0,0,61.08575732669505,-11.085757326695052,-0.664699703907721,0.664699703907721
64695,99,62,Standard,50.0,1,59.50426788364755,-9.50426788364755,-0.5698739257901104,0.5698739257901104
64695,2,63,Standard,50.0,0,60.41434089865316,-10.414340898653158,-0.6244417145105026,0.6244417145105026
64695,20,64,Standard,50.0,1,59.54524693705303,-9.54524693705303,-0.5723310213102738,0.5723310213102738
64707,124,1,Standard,63.0,0,92.60456496558557,-29.604564965585567,-1.7750835587529659,1.7750835587529659
64707,102,2,Standard,100.0,0,90.71889880106994,9.28110119893006,0.5564928977843308,0.5564928977843308
64707,99,3,Standard,100.0,1,91.04660690308512,8.95339309691488,0.536843588137879,0.536843588137879
64707,91,4,Standard,100.0,0,91.57416181499988,8.425838185000117,0.5052115053301139,0.5052115053301139
64707,26,5,Standard,100.0,1,100.54764039774804,-0.5476403977480402,-0.03283640436133843,0.03283640436133843
64707,7,6,Standard,100.0,1,98.49886158979753,1.501138410202472,0.09000794689807284,0.09000794689807284
64707,64,7,Standard,100.0,0,92.27597437384665,7.724025626153349,0.4631309702510333,0.4631309702510333
64707,35,8,Standard,100.0,1,97.30861015218362,2.6913898478163816,0.16137517557198158,0.16137517557198158
64707,29,9,Standard,100.0,1,95.05794668090685,4.942053319093148,0.29632448926037624,0.29632448926037624
64707,49,10,Standard,100.0,0,95.27044600456345,4.729553995436547,0.28358307400541655,0.28358307400541655
64707,23,11,Standard,100.0,0,93.79381437941585,6.206185620584151,0.3721215991680456,0.3721215991680456
64707,17,12,Standard,100.0,1,98.49835743433462,1.501642565665378,0.09003817595478421,0.09003817595478421
64707,81,13,Standard,100.0,0,91.46149236121724,8.538507638782761,0.5119671423481124,0.5119671423481124
64707,72,14,Standard,100.0,0,92.31299107104448,7.687008928955521,0.4609114567850666,0.4609114567850666
64707,125,15,Standard,100.0,1,87.3794302511939,12.620569748806105,0.7567267375569641,0.7567267375569641
64707,112,16,Standard,100.0,1,91.96675344146954,8.033246558530465,0.48167179305058977,0.48167179305058977
64707,100,17,Standard,27.0,0,90.36643999195188,-63.36643999195188,-3.799438564193587,3.799438564193587
64707,63,18,Standard,42.0,0,89.56398445152483,-47.56398445152483,-2.851926616277958,2.851926616277958
64707,101,19,Standard,99.0,1,95.50524716888597,3.4947528311140275,0.20954465298264813,0.20954465298264813
64707,115,20,Standard,89.0,1,97.77469951300282,-8.774699513002815,-0.5261291580077393,0.5261291580077393
64707,80,21,Standard,100.0,1,95.27168534839896,4.728314651601039,0.2835087632067742,0.2835087632067742
64707,105,22,Standard,74.0,0,90.86083455051634,-16.860834550516344,-1.010972133259433,1.010972133259433
64707,83,23,Standard,89.0,1,92.47232376365676,-3.4723237636567603,-0.20819981076227306,0.20819981076227306
64707,57,24,Standard,100.0,1,94.40810068219932,5.5918993178006815,0.3352891202005062,0.3352891202005062
64707,28,25,Standard,100.0,0,93.84734398435657,6.15265601564343,0.3689119751878496,0.3689119751878496
64707,18,26,Standard,100.0,0,93.5530500351552,6.446949964844805,0.38655777918041323,0.38655777918041323
64707,51,27,Standard,100.0,0,90.5560428646283,9.443957135371704,0.566257705865751,0.566257705865751
64707,15,28,Standard,100.0,1,94.86587478602111,5.134125213978891,0.3078410801343359,0.3078410801343359
64707,8,29,Standard,99.0,0,96.15489947754833,2.8451005224516734,0.1705916356573472,0.1705916356573472
64707,110,30,Standard,100.0,1,89.00863986383688,10.991360136163124,0.6590396679943245,0.6590396679943245
64707,111,31,Standard,99.0,0,92.28572569187858,6.714274308121418,0.40258649121034407,0.40258649121034407
64707,60,32,Standard,100.0,0,92.79149873660656,7.208501263393444,0.43222023666871306,0.43222023666871306
64707,13,33,Standard,100.0,1,90.39224119692898,9.607758803071022,0.5760792197967065,0.5760792197967065
64707,73,34,Standard,100.0,1,88.27792811489005,11.722071885109955,0.7028529925019115,0.7028529925019115
64707,36,35,Standard,100.0,0,89.44016520873649,10.559834791263512,0.6331654980544199,0.6331654980544199
64707,90,36,Standard,100.0,1,92.46973523097702,7.530264769022978,0.45151310955212326,0.45151310955212326
64707,50,37,Standard,54.0,0,86.0595109805974,-32.059510980597395,-1.9222816112809913,1.9222816112809913
64707,58,38,Standard,60.0,0,93.65051514348309,-33.65051514348309,-2.017677890021413,2.017677890021413
64707,27,39,Standard,100.0,0,93.12339176945073,6.876608230549266,0.41231999944005543,0.41231999944005543
64707,120,40,Standard,63.0,1,89.19435547993984,-26.194355479939844,-1.570608107182911,1.570608107182911
64707,32,41,Standard,100.0,1,91.27271891730268,8.727281082697317,0.5232859587877876,0.5232859587877876
64707,123,42,Standard,100.0,0,90.77905213587476,9.220947864125236,0.552886116338958,0.552886116338958
64707,2,43,Standard,100.0,0,91.38893935774863,8.611060642251374,0.5163174053479231,0.5163174053479231
64707,69,44,Standard,100.0,0,90.89794625374384,9.10205374625616,0.5457572497568222,0.5457572497568222
64707,31,45,Standard,100.0,1,89.49621454716741,10.503785452832588,0.6298047913781566,0.6298047913781566
64707,75,46,Standard,100.0,0,87.56339436968244,12.436605630317558,0.7456962872696822,0.7456962872696822
64707,79,47,Standard,41.0,0,91.98770655269276,-50.98770655269276,-3.0572122814646323,3.0572122814646323
64707,116,48,Standard,100.0,0,94.13116029145054,5.868839708549459,0.35189440843710884,0.35189440843710884
64707,22,49,Standard,100.0,1,98.16906824989954,1.8309317501004614,0.10978228697433041,0.10978228697433041
64707,66,50,Standard,59.0,1,88.7246882373249,-29.724688237324898,-1.7822861251455466,1.7822861251455466
64707,106,51,Standard,100.0,1,89.02672525160973,10.973274748390267,0.6579552719045123,0.6579552719045123
64707,121,52,Standard,57.0,0,92.0420428428837,-35.0420428428837,-2.101113601494517,2.101113601494517
64707,68,53,Standard,100.0,1,87.24348460080068,12.756515399199316,0.7648780104831999,0.7648780104831999
64707,16,54,Standard,100.0,0,91.53957669063809,8.460423309361914,0.5072852221945036,0.5072852221945036
64707,67,55,Standard,100.0,0,93.02121982962726,6.978780170372744,0.4184462077041317,0.4184462077041317
64707,76,56,Standard,100.0,1,86.93193554946666,13.068064450533342,0.7835584268112558,0.7835584268112558
64707,20,57,Standard,100.0,0,88.80961367464643,11.190386325353572,0.6709732369085749,0.6709732369085749
64707,5,58,Standard,100.0,1,87.8668642250772,12.133135774922806,0.7275002978499906,0.7275002978499906
64707,3,59,Standard,100.0,1,92.4260303680744,7.573969631925607,0.45413364404287476,0.45413364404287476
64707,6,60,Standard,100.0,0,93.0630261051303,6.936973894869695,0.4159395121190277,0.4159395121190277
64707,48,61,Standard,100.0,1,97.19964770242751,2.8003522975724877,0.1679085413994596,0.1679085413994596
64707,114,62,Standard,100.0,0,89.04271794521061,10.957282054789388,0.656996353322054,0.656996353322054
64707,82,63,Standard,100.0,0,88.47613289099115,11.523867109008847,0.6909686753456763,0.6909686753456763
64707,113,64,Standard,100.0,1,94.73527224704779,5.264727752952211,0.3156719812109919,0.3156719812109919
64708,124,1,Standard,100.0,1,99.77292129212995,0.22707870787004936,0.013615592100460358,0.013615592100460358
64708,64,2,Standard,100.0,1,99.6633664967222,0.3366335032777954,0.02018447485002615,0.02018447485002615
64708,20,3,Standard,86.0,1,98.34355660156746,-12.343556601567457,-0.7401170868563594,0.7401170868563594
64708,17,4,Standard,100.0,1,106.0171710350089,-6.0171710350089,-0.3607883239245431,0.3607883239245431
64708,6,5,Standard,100.0,1,101.44300060772447,-1.4430006077244713,-0.08652201635186509,0.08652201635186509
64708,15,6,Standard,100.0,1,103.28317327918292,-3.2831732791829182,-0.19685838704907263,0.19685838704907263
64708,49,7,Standard,100.0,1,102.57022380890656,-2.5702238089065617,-0.15411008507671278,0.15411008507671278
64708,91,8,Standard,95.0,1,97.36951392088626,-2.369513920886263,-0.14207556193076745,0.14207556193076745
64708,82,9,Standard,100.0,1,96.81230023431908,3.187699765680918,0.1911338150342233,0.1911338150342233
64708,5,10,Standard,100.0,1,97.42314885916107,2.576851140838926,0.1545074585211533,0.1545074585211533
64708,22,11,Standard,100.0,1,107.00209662856085,-7.0020966285608495,-0.4198442576881855,0.4198442576881855
64708,101,12,Standard,96.0,1,102.98025361029403,-6.980253610294028,-0.4185345548553944,0.4185345548553944
64708,36,13,Standard,100.0,1,96.37450345554493,3.625496544455075,0.21738401884503428,0.21738401884503428
64708,75,14,Standard,100.0,1,94.93580420915322,5.064195790846782,0.30364812646590056,0.30364812646590056
64708,7,15,Standard,100.0,1,105.27295348294581,-5.272953482945809,-0.31616519427078016,0.31616519427078016
64708,27,16,Standard,100.0,1,101.29931275911852,-1.2993127591185214,-0.07790652283086574,0.07790652283086574
64708,121,17,Standard,100.0,1,100.74364974374629,-0.743649743746289,-0.04458908398516924,0.04458908398516924
64708,60,18,Standard,100.0,1,100.57315529287824,-0.5731552928782406,-0.03436627216725196,0.03436627216725196
64708,99,19,Standard,100.0,1,97.51404868136976,2.485951318630242,0.14905712408510358,0.14905712408510358
64708,50,20,Standard,100.0,1,93.97258901466776,6.027410985332239,0.3614023092164241,0.3614023092164241
64708,80,21,Standard,100.0,1,102.44004167494336,-2.440041674943359,-0.1463043913970358,0.1463043913970358
64708,16,22,Standard,100.0,1,98.91198653010889,1.0880134698911093,0.0652370613907203,0.0652370613907203
64708,57,23,Standard,100.0,1,101.62026416800995,-1.6202641680099532,-0.09715070256274352,0.09715070256274352
64708,31,24,Standard,96.0,1,97.58452121830271,-1.5845212183027115,-0.09500756273142313,0.09500756273142313
64708,90,25,Standard,100.0,1,100.40515497221025,-0.405154972210255,-0.02429300787744959,0.02429300787744959
64708,83,26,Standard,100.0,1,99.79444327516272,0.2055567248372796,0.012325138473540316,0.012325138473540316
64708,67,27,Standard,100.0,1,100.21840103203311,-0.218401032033114,-0.01309528046189252,0.01309528046189252
64708,120,28,Standard,100.0,1,96.88839771767904,3.111602282320959,0.1865710257572396,0.1865710257572396
64708,112,29,Standard,100.0,1,98.56561669755288,1.4343833024471166,0.08600532451949501,0.08600532451949501
64708,28,30,Standard,100.0,1,99.59888893097671,0.40111106902328686,0.024050536283331578,0.024050536283331578
64708,125,31,Standard,100.0,1,94.13205669223882,5.8679433077611804,0.35184066043225976,0.35184066043225976
64708,68,32,Standard,100.0,1,95.61697593469624,4.383024065303758,0.26280521145923197,0.26280521145923197
64708,69,33,Standard,100.0,1,97.35040574862373,2.6495942513762714,0.1588691203012705,0.1588691203012705
64708,48,34,Standard,100.0,1,105.55079732916023,-5.550797329160233,-0.33282465350921975,0.33282465350921975
64708,66,35,Standard,100.0,1,96.83533661562308,3.1646633843769223,0.18975255840189575,0.18975255840189575
64708,113,36,Standard,100.0,1,103.13022903304675,-3.1302290330467457,-0.18768788185712726,0.18768788185712726
64708,110,37,Standard,100.0,0,94.67257049192455,5.327429508075454,0.31943156540868595,0.31943156540868595
64708,106,38,Standard,100.0,0,97.04975931137542,2.950240688624575,0.17689581815606073,0.17689581815606073
64708,116,39,Standard,100.0,1,101.69378105139104,-1.693781051391042,-0.10155875960165732,0.10155875960165732
64708,3,40,Standard,100.0,1,100.71190738343752,-0.71190738343752,-0.042685818662216234,0.042685818662216234
64708,2,41,Standard,100.0,1,97.44713441923241,2.5528655807675875,0.1530692893273277,0.1530692893273277
64708,81,42,Standard,100.0,1,97.35944106904086,2.640558930959145,0.1583273643680504,0.1583273643680504
64708,73,43,Standard,100.0,1,95.3372046707986,4.662795329201401,0.2795802382611305,0.2795802382611305
64708,26,44,Standard,100.0,1,106.00751751290932,-6.007517512909317,-0.3602095007470045,0.3602095007470045
64708,23,45,Standard,100.0,1,99.4727272909083,0.5272727090917044,0.031615161985181606,0.031615161985181606
64708,32,46,Standard,100.0,1,98.50722411027617,1.4927758897238306,0.0895065319092484,0.0895065319092484
64708,100,47,Standard,100.0,1,96.50576620326953,3.4942337967304695,0.20951353178894871,0.20951353178894871
64708,105,48,Standard,100.0,1,95.69242915254557,4.3075708474544285,0.2582810522082838,0.2582810522082838
64708,79,49,Standard,100.0,1,97.87067297711158,2.1293270228884182,0.12767400547623178,0.12767400547623178
64708,102,50,Standard,100.0,1,95.78451148283511,4.215488517164886,0.25275981483362087,0.25275981483362087
64708,13,51,Standard,100.0,1,96.77206865668118,3.227931343318815,0.19354609206280796,0.19354609206280796
64708,111,52,Standard,100.0,1,98.53413167383206,1.4658683261679357,0.08789315999415043,0.08789315999415043
64708,115,53,Standard,100.0,1,103.49741958376151,-3.4974195837615127,-0.20970455091681184,0.20970455091681184
64708,63,54,Standard,100.0,1,95.1552830444848,4.844716955515196,0.2904882211423723,0.2904882211423723
64708,72,55,Standard,100.0,1,96.48747828408023,3.5125217159197746,0.2106100716203725,0.2106100716203725
64708,35,56,Standard,100.0,1,102.65940749670904,-2.6594074967090364,-0.15945752045065456,0.15945752045065456
64708,114,57,Standard,100.0,1,96.43011006808618,3.5698899319138206,0.21404985792104603,0.21404985792104603
64708,8,58,Standard,100.0,1,102.05284818537194,-2.0528481853719427,-0.12308835028333001,0.12308835028333001
64708,58,59,Standard,100.0,1,98.70114554184349,1.2988544581565122,0.07787904320049222,0.07787904320049222
64708,18,60,Standard,100.0,1,99.23196294664764,0.7680370533523586,0.04605134199754926,0.04605134199754926
64708,76,61,Standard,100.0,1,94.16644074244014,5.833559257559855,0.34977899993271655,0.34977899993271655
64708,51,62,Standard,100.0,1,96.47633327961475,3.5236667203852505,0.21127832377040046,0.21127832377040046
64708,29,63,Standard,100.0,1,100.14590106983488,-0.14590106983487772,-0.008748197805623017,0.008748197805623017
64708,123,64,Standard,100.0,1,95.78587537496894,4.2141246250310616,0.25267803614491263,0.25267803614491263
64776,20,1,Standard,77.0,0,73.93278066085853,3.0672193391414737,0.18390983371410186,0.18390983371410186
64776,102,2,Standard,79.0,0,73.38886486837293,5.611135131627066,0.33644249559724454,0.33644249559724454
64776,23,3,Standard,76.0,0,76.81423772084871,-0.814237720848709,-0.0488215244127112,0.0488215244127112
64776,105,4,Standard,75.0,0,74.31932948461154,0.6806705153884565,0.04081286255003268,0.04081286255003268
64776,124,5,Standard,74.0,1,75.09930239582361,-1.0993023958236137,-0.06591394304198128,0.06591394304198128
64776,75,6,Standard,74.0,0,71.98564680763478,2.0143531923652205,0.12078019850808938,0.12078019850808938
64776,60,7,Standard,77.0,1,76.5566437855654,0.44335621443460127,0.026583546416867557,0.026583546416867557
64776,111,8,Standard,79.0,1,75.96325642230497,3.0367435776950344,0.18208251339553144,0.18208251339553144
64776,99,9,Standard,76.0,1,73.45373001479071,2.5462699852092925,0.15267381878927644,0.15267381878927644
64776,64,10,Standard,73.0,0,74.81451896335093,-1.8145189633509347,-0.10879817969404201,0.10879817969404201
64776,82,11,Standard,76.0,0,73.42407124013832,2.5759287598616822,0.1544521527495767,0.1544521527495767
64776,121,12,Standard,76.0,1,76.46429528083605,-0.46429528083605476,-0.027839048483797577,0.027839048483797577
64776,115,13,Standard,70.0,1,80.75131569516947,-10.751315695169467,-0.6446466532321343,0.6446466532321343
64776,2,14,Standard,84.0,1,75.3293130437724,8.670686956227598,0.5198925867340126,0.5198925867340126
64776,90,15,Standard,85.0,1,76.05965164287092,8.940348357129082,0.5360614282531148,0.5360614282531148
64776,120,16,Standard,77.0,1,72.91569336963245,4.08430663036755,0.24489417618191853,0.24489417618191853
64776,123,17,Standard,74.0,1,74.5441971848336,-0.5441971848336067,-0.032629950031041674,0.032629950031041674
64776,50,18,Standard,72.0,0,69.56181307395883,2.438186926041169,0.14619318103857523,0.14619318103857523
64776,68,19,Standard,78.0,0,71.40289408315562,6.597105916844384,0.3955610988357839,0.3955610988357839
64776,63,20,Standard,90.0,0,72.14633620029535,17.85366379970465,1.0705019685713821,1.0705019685713821
64776,51,21,Standard,66.0,0,73.4888518875287,-7.488851887528696,-0.4490300017899745,0.4490300017899745
64776,91,22,Standard,74.0,0,73.45559901551067,0.5444009844893287,0.03264216981601647,0.03264216981601647
64776,58,23,Standard,81.0,1,76.97758859977961,4.022411400220392,0.24118295105406506,0.24118295105406506
64776,112,24,Standard,100.0,1,74.28626223464265,25.71373776535735,1.5417903689661003,1.5417903689661003
64776,15,25,Standard,81.0,1,77.6672623311228,3.3327376688772006,0.1998302575477008,0.1998302575477008
64776,17,26,Standard,96.0,1,80.55502327191036,15.444976728089642,0.9260775926693918,0.9260775926693918
64776,81,27,Standard,67.0,0,73.51815819879296,-6.51815819879296,-0.3908274100794365,0.3908274100794365
64776,100,28,Standard,86.0,0,72.5545273073263,13.445472692673704,0.8061877465239417,0.8061877465239417
64776,13,29,Standard,45.0,1,73.2374359012969,-28.237435901296905,-1.6931107843672188,1.6931107843672188
64776,26,30,Standard,77.0,1,82.1224274833952,-5.1224274833951995,-0.30713968664120506,0.30713968664120506
64776,29,31,Standard,66.0,1,76.76415524435271,-10.764155244352708,-0.6454165099310409,0.6454165099310409
64776,113,32,Standard,100.0,1,78.80706741087027,21.192932589129725,1.270723830748918,1.270723830748918
64776,31,33,Standard,78.0,0,72.6918665256652,5.308133474334795,0.3182745792384111,0.3182745792384111
64776,125,34,Standard,50.0,1,69.21706029243845,-19.217060292438447,-1.1522509387429274,1.1522509387429274
64776,32,35,Standard,50.0,0,74.20552794020308,-24.205527940203083,-1.4513584214980937,1.4513584214980937
64776,66,36,Standard,67.0,1,72.00795453435516,-5.007954534355164,-0.30027591242262947,0.30027591242262947
64776,114,37,Standard,50.0,0,72.80786299416945,-22.807862994169454,-1.3675547219931794,1.3675547219931794
64776,5,38,Standard,78.0,1,71.41297347770487,6.587026522295133,0.39495674043472784,0.39495674043472784
64776,73,39,Standard,52.0,0,70.72885838586187,-18.72885838586187,-1.1229784539513645,1.1229784539513645
64776,18,40,Standard,65.0,0,75.60971587273093,-10.60971587273093,-0.6361563573259059,0.6361563573259059
64776,80,41,Standard,100.0,1,77.06550823037728,22.934491769622724,1.3751473570355595,1.3751473570355595
64776,57,42,Standard,84.0,1,76.2895378827101,7.710462117289893,0.4623177050802561,0.4623177050802561
64776,3,43,Standard,76.0,1,75.79691098363713,0.20308901636286691,0.012177175186600704,0.012177175186600704
64776,106,44,Standard,77.0,1,72.00334143377636,4.996658566223644,0.29959860852258,0.29959860852258
64776,48,45,Standard,75.0,1,80.57052831799027,-5.5705283179902665,-0.3340077194962,0.3340077194962
64776,27,46,Standard,65.0,0,75.4867077218901,-10.486707721890099,-0.6287808141823404,0.6287808141823404
64776,36,47,Standard,65.0,0,71.58444536484465,-6.584445364844655,-0.3948019747707763,0.3948019747707763
64776,16,48,Standard,57.0,0,74.47238571353849,-17.472385713538486,-1.0476406138156846,1.0476406138156846
64776,6,49,Standard,65.0,1,76.21487092436186,-11.214870924361861,-0.6724413283732796,0.6724413283732796
64776,110,50,Standard,50.0,0,70.8024627458152,-20.802462745815205,-1.2473113401461282,1.2473113401461282
64776,28,51,Standard,50.0,0,75.37832391073749,-25.378323910737492,-1.5216790239959652,1.5216790239959652
64776,49,52,Standard,68.0,0,76.10051138268463,-8.10051138268463,-0.4857049779184393,0.4857049779184393
64776,72,53,Standard,59.0,1,73.27447792696435,-14.274477926964352,-0.8558947279715703,0.8558947279715703
64776,35,54,Standard,97.0,1,77.96344689323985,19.036553106760152,1.1414277654280423,1.1414277654280423
64776,79,55,Standard,79.0,1,74.30721534586588,4.692784654134115,0.2813783919474976,0.2813783919474976
64776,67,56,Standard,79.0,0,75.64737873766401,3.352621262335987,0.20102247367648532,0.20102247367648532
64776,8,57,Standard,85.0,0,77.59826508539678,7.4017349146032245,0.4438064862102625,0.4438064862102625
64776,76,58,Standard,77.0,1,69.51428729823718,7.4857127017628216,0.4488417768642796,0.4488417768642796
64776,22,59,Standard,82.0,1,80.4009627245402,1.599037275459807,0.0958779424997944,0.0958779424997944
64776,83,60,Standard,77.0,1,73.5214249381091,3.4785750618908935,0.20857463730436787,0.20857463730436787
64776,116,61,Standard,79.0,0,76.2316332882925,2.7683667117075004,0.16599069232273708,0.16599069232273708
64776,7,62,Standard,80.0,1,78.71562673819143,1.2843732618085681,0.07701075367898799,0.07701075367898799
64776,69,63,Standard,84.0,1,72.73557629498839,11.264423705011609,0.6754125027960118,0.6754125027960118
64776,101,64,Standard,99.0,1,76.20389106920844,22.79610893079156,1.3668499507974232,1.3668499507974232
64793,63,1,Standard,100.0,1,87.07667342662208,12.92332657337792,0.7748799737967946,0.7748799737967946
64793,31,2,Standard,100.0,0,88.14788966318673,11.852110336813269,0.7106500710231658,0.7106500710231658
64793,60,3,Standard,100.0,1,90.82987362289862,9.170126377101383,0.5498388705458754,0.5498388705458754
64793,15,4,Standard,100.0,1,92.68521387598199,7.314786124018013,0.4385930548086972,0.4385930548086972
64793,91,5,Standard,100.0,0,88.29832192330491,11.701678076695089,0.7016301839904651,0.7016301839904651
64793,124,6,Standard,100.0,1,89.15349643682566,10.846503563174338,0.6503540980023789,0.6503540980023789
64793,112,7,Standard,100.0,1,89.1289851424369,10.871014857563097,0.651823790116545,0.651823790116545
64793,110,8,Standard,100.0,0,86.7403646352653,13.259635364734706,0.7950449789875643,0.7950449789875643
64793,18,9,Standard,100.0,0,91.06573901025244,8.934260989747557,0.5356964309708512,0.5356964309708512
64793,83,10,Standard,100.0,1,89.80978410168906,10.190215898310939,0.611003226099156,0.611003226099156
64793,100,11,Standard,100.0,0,87.39725021512055,12.60274978487945,0.7556582562257725,0.7556582562257725
64793,73,12,Standard,100.0,0,86.00965288631848,13.990347113681523,0.8388583034951506,0.8388583034951506
64793,82,13,Standard,100.0,0,87.43445812187412,12.565541878125885,0.753427277874608,0.753427277874608
64793,20,14,Standard,0.0,0,87.46128879066575,-87.46128879066575,-5.244160687384889,5.244160687384889
64793,58,15,Standard,100.0,1,91.42604707417775,8.573952925822255,0.5140924343877767,0.5140924343877767
64793,79,16,Standard,100.0,1,90.11369575751728,9.886304242482723,0.5927807464173511,0.5927807464173511
64793,101,17,Standard,100.0,1,92.36082875498971,7.639171245010289,0.4580431192040647,0.4580431192040647
64793,105,18,Standard,100.0,1,87.80403045515254,12.195969544847458,0.7312677976277233,0.7312677976277233
64793,50,19,Standard,100.0,0,83.61600711496088,16.38399288503912,0.9823808061617049,0.9823808061617049
64793,48,20,Standard,100.0,1,95.76370849991439,4.236291500085613,0.2540071573633466,0.2540071573633466
64793,3,21,Standard,100.0,1,90.85866968776257,9.141330312237429,0.5481122644850802,0.5481122644850802
64793,106,22,Standard,100.0,1,87.06510013790178,12.93489986209822,0.7755739057816756,0.7755739057816756
64793,35,23,Standard,100.0,1,93.41947003076137,6.580529969238626,0.39456720846448684,0.39456720846448684
64793,81,24,Standard,50.0,0,87.74758087685993,-37.74758087685993,-2.2633370993663773,2.2633370993663773
64793,113,25,Standard,52.0,1,93.21171872600218,-41.211718726002175,-2.471046084396708,2.471046084396708
64793,64,26,Standard,100.0,0,88.21160561535947,11.788394384640526,0.7068296757812967,0.7068296757812967
64793,68,27,Standard,100.0,0,85.15043800929404,14.849561990705965,0.8903766488386817,0.8903766488386817
64793,23,28,Standard,100.0,0,89.81705993946115,10.182940060538854,0.6105669683794295,0.6105669683794295
64793,32,29,Standard,100.0,0,88.56637209606876,11.433627903931239,0.6855579513754235,0.6855579513754235
64793,125,30,Standard,50.0,1,83.49029012977165,-33.49029012977165,-2.0080708315197673,2.0080708315197673
64793,90,31,Standard,100.0,1,89.45673829487946,10.543261705120543,0.6321717792558367,0.6321717792558367
64793,49,32,Standard,100.0,0,91.0746557682776,8.925344231722406,0.5351617840139976,0.5351617840139976
64793,76,33,Standard,1.0,1,84.7074674801613,-83.7074674801613,-5.019082342254032,5.019082342254032
64793,102,34,Standard,100.0,0,86.08503697212171,13.914963027878287,0.8343382893873095,0.8343382893873095
64793,114,35,Standard,100.0,0,86.99347851297021,13.006521487029786,0.7798683235180951,0.7798683235180951
64793,13,36,Standard,50.0,0,87.02878698670156,-37.02878698670156,-2.2202383671933013,2.2202383671933013
64793,17,37,Standard,100.0,1,94.17114572025007,5.828854279749933,0.3494968904416837,0.3494968904416837
64793,115,38,Standard,100.0,1,93.75413791378188,6.245862086218125,0.37450059179631645,0.37450059179631645
64793,120,39,Standard,49.0,1,86.00612990677733,-37.00612990677733,-2.218879853392825,2.218879853392825
64793,28,40,Standard,100.0,0,89.95820386293434,10.04179613706566,0.6021040080803539,0.6021040080803539
64793,123,41,Standard,100.0,1,87.59082656271228,12.40917343728772,0.7440514586804288,0.7440514586804288
64793,16,42,Standard,100.0,0,88.83322986940418,11.166770130595822,0.6695572147821386,0.6695572147821386
64793,66,43,Standard,51.0,1,85.79930561975979,-34.79930561975979,-2.08655912807579,2.08655912807579
64793,2,44,Standard,100.0,0,88.11309946605365,11.886900533946346,0.7127360840082743,0.7127360840082743
64793,8,45,Standard,100.0,0,92.22195219685986,7.77804780314014,0.4663701287486761,0.4663701287486761
64793,80,46,Standard,100.0,1,90.94447363431438,9.055526365685623,0.5429674776936754,0.5429674776936754
64793,57,47,Standard,100.0,1,90.16850328664721,9.831496713352792,0.589494498368528,0.589494498368528
64793,121,48,Standard,100.0,1,88.98523874751992,11.014761252480085,0.6604427940621789,0.6604427940621789
64793,75,49,Standard,50.0,0,84.199940159455,-34.199940159455,-2.050621299720324,2.050621299720324
64793,69,50,Standard,50.0,1,87.40307056571771,-37.40307056571771,-2.2426803327548663,2.2426803327548663
64793,36,51,Standard,50.0,0,85.50721792804801,-35.50721792804801,-2.1290054028628718,2.1290054028628718
64793,72,52,Standard,100.0,0,87.41628628649886,12.58371371350114,0.7545168573446822,0.7545168573446822
64793,6,53,Standard,50.0,1,90.13764348756521,-40.137643487565214,-2.4066447564653752,2.4066447564653752
64793,5,54,Standard,100.0,0,84.81006012971339,15.189939870286608,0.9107856357131437,0.9107856357131437
64793,27,55,Standard,100.0,0,89.19044448876228,10.809555511237718,0.6481387004919987,0.6481387004919987
64793,111,56,Standard,100.0,0,87.95851397779401,12.041486022205987,0.7220049977366292,0.7220049977366292
64793,29,57,Standard,100.0,1,89.7231703036989,10.276829696301107,0.6161965714143878,0.6161965714143878
64793,22,58,Standard,100.0,1,94.5427710840747,5.457228915925299,0.3272143109101979,0.3272143109101979
64793,51,59,Standard,100.0,0,85.92218103568007,14.077818964319931,0.8441030974687297,0.8441030974687297
64793,99,60,Standard,100.0,1,85.31756609248106,14.682433907518941,0.8803556837268468,0.8803556837268468
64793,116,61,Standard,100.0,0,90.32963448856077,9.670365511439229,0.5798331050107346,0.5798331050107346
64793,26,62,Standard,100.0,1,94.81859958714398,5.181400412856021,0.3106756912276293,0.3106756912276293
64793,7,63,Standard,100.0,1,92.76982077919347,7.230179220806534,0.4335200424870405,0.4335200424870405
64793,67,64,Standard,100.0,1,89.3949226638024,10.605077336197596,0.6358782316400001,0.6358782316400001
64806,23,1,Standard,99.0,0,99.63762587316609,-0.6376258731660869,-0.03823191475396968,0.03823191475396968
64806,79,2,Standard,99.0,1,98.16699303716808,0.8330069628319166,0.04994692425876121,0.04994692425876121
64806,73,3,Standard,100.0,0,95.32687461599146,4.673125384008543,0.2801996261991222,0.2801996261991222
64806,63,4,Standard,99.0,1,95.58302458233999,3.4169754176600122,0.20488113544658415,0.20488113544658415
64806,110,5,Standard,100.0,1,94.31178316298752,5.688216837012476,0.3410642986221949,0.3410642986221949
64806,82,6,Standard,100.0,0,95.18110528666129,4.8188947133387074,0.2889399248714794,0.2889399248714794
64806,68,7,Standard,1.0,0,94.94953849089559,-93.94953849089559,-5.633194790110271,5.633194790110271
64806,116,8,Standard,100.0,0,101.28918656318778,-1.2891865631877835,-0.07729935822870862,0.07729935822870862
64806,2,9,Standard,100.0,0,97.08634709029538,2.9136529097046235,0.17470202254083747,0.17470202254083747
64806,29,10,Standard,100.0,1,100.70506408548876,-0.7050640854887575,-0.04227549594034488,0.04227549594034488
64806,8,11,Standard,100.0,0,102.34916824542844,-2.3491682454284444,-0.14085563946141585,0.14085563946141585
64806,83,12,Standard,100.0,1,98.64512707943348,1.354872920566521,0.08123789855696244,0.08123789855696244
64806,7,13,Standard,100.0,1,103.59795137602178,-3.5979513760217827,-0.21573241627408424,0.21573241627408424
64806,105,14,Standard,100.0,0,95.41925614214101,4.580743857858991,0.27466044910291404,0.27466044910291404
64806,31,15,Standard,100.0,0,96.2161692262423,3.7838307737576997,0.22687770630673593,0.22687770630673593
64806,20,16,Standard,100.0,1,96.0114471056499,3.988552894350093,0.23915280208331766,0.23915280208331766
64806,5,17,Standard,100.0,0,95.35388231884093,4.646117681159069,0.2785802499528062,0.2785802499528062
64806,99,18,Standard,100.0,1,95.7952394151795,4.204760584820505,0.25211657024123924,0.25211657024123924
64806,36,19,Standard,100.0,1,94.34904407449102,5.650955925508981,0.33883014211724743,0.33883014211724743
64806,67,20,Standard,100.0,1,98.76243472144024,1.2375652785597566,0.07420415673760625,0.07420415673760625
64806,60,21,Standard,100.0,1,98.67911738962303,1.3208826103769695,0.07919984662664274,0.07919984662664274
64806,58,22,Standard,96.0,1,98.55939400923765,-2.55939400923765,-0.15346073254073664,0.15346073254073664
64806,22,23,Standard,99.0,1,104.71379429190952,-5.713794291909522,-0.34259791749871854,0.34259791749871854
64806,75,24,Standard,98.0,0,92.73511619103438,5.264883808965621,0.31568133829710243,0.31568133829710243
64806,13,25,Standard,99.0,0,96.14843837214676,2.8515616278532434,0.17097904219356988,0.17097904219356988
64806,106,26,Standard,98.0,1,95.81282879711372,2.187171202886276,0.13114233047959206,0.13114233047959206
64806,49,27,Standard,100.0,0,99.93146419812538,0.06853580187461716,0.004109392427654519,0.004109392427654519
64806,72,28,Standard,99.0,1,95.90765515881202,3.0923448411879804,0.18541635359169553,0.18541635359169553
64806,66,29,Standard,100.0,1,95.33556314576396,4.664436854236044,0.2796786637608351,0.2796786637608351
64806,101,30,Standard,100.0,1,100.42910831804531,-0.4291083180453086,-0.025729245512366865,0.025729245512366865
64806,26,31,Standard,99.0,1,104.81439415791387,-5.814394157913867,-0.348629864543529,0.348629864543529
64806,16,32,Standard,97.0,0,96.71129851199004,0.28870148800996276,0.017310481182538293,0.017310481182538293
64806,125,33,Standard,100.0,0,92.28182594824983,7.718174051750168,0.46278011106671557,0.46278011106671557
64806,114,34,Standard,100.0,0,95.67505830575305,4.324941694246945,0.2593226045695111,0.2593226045695111
64806,81,35,Standard,100.0,0,95.90347475844798,4.0965252415520155,0.24562680156754918,0.24562680156754918
64806,15,36,Standard,100.0,0,100.20634207573939,-0.20634207573938568,-0.01237222795030854,0.01237222795030854
64806,76,37,Standard,99.0,0,93.45519613937324,5.544803860626757,0.332465286382358,0.332465286382358
64806,50,38,Standard,100.0,0,91.42144372241906,8.578556277580944,0.5143684504019118,0.5143684504019118
64806,113,39,Standard,96.0,1,101.23619112979152,-5.236191129791521,-0.3139609312207706,0.3139609312207706
64806,32,40,Standard,96.0,0,97.00745064041706,-1.007450640417062,-0.06040653088935201,0.06040653088935201
64806,124,41,Standard,100.0,1,96.25801849602409,3.7419815039759072,0.22436843279361954,0.22436843279361954
64806,17,42,Standard,98.0,1,102.58988255743552,-4.589882557435516,-0.27520840362903287,0.27520840362903287
64806,100,43,Standard,100.0,0,94.91837841487795,5.0816215851220505,0.30469297346676677,0.30469297346676677
64806,115,44,Standard,98.0,1,102.1290675917011,-4.1290675917011015,-0.2475780341149612,0.2475780341149612
64806,123,45,Standard,100.0,1,94.8555949755709,5.144405024429105,0.30845745543113506,0.30845745543113506
64806,90,46,Standard,100.0,0,97.72258820216284,2.2774117978371606,0.13655313778635747,0.13655313778635747
64806,64,47,Standard,100.0,0,95.92942790428518,4.070572095714823,0.2440706563403833,0.2440706563403833
64806,69,48,Standard,100.0,1,94.9306819341737,5.069318065826295,0.30395525700844067,0.30395525700844067
64806,111,49,Standard,100.0,0,96.90293672617426,3.0970632738257393,0.1856992698314074,0.1856992698314074
64806,57,50,Standard,100.0,1,98.67485444236513,1.325145557634869,0.07945545205770127,0.07945545205770127
64806,3,51,Standard,100.0,1,98.46741220605244,1.532587793947556,0.09189364540719488,0.09189364540719488
64806,18,52,Standard,100.0,1,97.81980379532101,2.1801962046789924,0.13072411103760825,0.13072411103760825
64806,28,53,Standard,99.0,0,96.82870784239682,2.171292157603176,0.13019022622663343,0.13019022622663343
64806,6,54,Standard,100.0,1,97.53383337822251,2.4661666217774894,0.14787083777625026,0.14787083777625026
64806,51,55,Standard,100.0,0,95.0203669690219,4.979633030978107,0.2985777609698984,0.2985777609698984
64806,102,56,Standard,100.0,0,93.7590521017812,6.240947898218806,0.37420593810583486,0.37420593810583486
64806,48,57,Standard,100.0,1,102.78061624058034,-2.7806162405803434,-0.16672517152653318,0.16672517152653318
64806,112,58,Standard,100.0,0,95.5325926533756,4.467407346624398,0.26786481545881846,0.26786481545881846
64806,91,59,Standard,100.0,0,93.37273237285181,6.627267627148186,0.397369588713152,0.397369588713152
64806,35,60,Standard,99.0,1,100.7215624341876,-1.7215624341876037,-0.10322452553670569,0.10322452553670569
64806,27,61,Standard,97.0,0,97.5653741666815,-0.5653741666814938,-0.03389971745866281,0.03389971745866281
64806,120,62,Standard,99.0,0,93.63633787717058,5.363662122829425,0.3216040654543772,0.3216040654543772
64806,121,63,Standard,97.0,1,96.96590399204302,0.03409600795697543,0.002044389546473454,0.002044389546473454
64806,80,64,Standard,100.0,1,98.79371740103878,1.2062825989612236,0.07232845377444351,0.07232845377444351
64843,35,1,Standard,89.0,1,99.80844688676297,-10.808446886762965,-0.6480722275990428,0.6480722275990428
64843,15,2,Standard,100.0,1,98.1980475466589,1.8019524533411015,0.10804469436719158,0.10804469436719158
64843,18,3,Standard,100.0,0,96.6207151420395,3.3792848579604993,0.2026212173251533,0.2026212173251533
64843,124,4,Standard,100.0,1,94.53324393154779,5.466756068452213,0.3277855569944392,0.3277855569944392
64843,105,5,Standard,100.0,0,93.24738586308818,6.7526141369118164,0.40488533937144194,0.40488533937144194
64843,66,6,Standard,74.0,1,92.8453898647549,-18.845389864754907,-1.129965657191833,1.129965657191833
64843,82,7,Standard,100.0,0,92.57116341494613,7.4288365850538725,0.4454314967344033,0.4454314967344033
64843,32,8,Standard,64.0,0,94.91154179280412,-30.911541792804115,-1.8534496175132849,1.8534496175132849
64843,113,9,Standard,100.0,1,99.22377876130226,0.7762212386977438,0.04654206404887034,0.04654206404887034
64843,5,10,Standard,80.0,0,92.16279448957214,-12.162794489572136,-0.7292786282125199,0.7292786282125199
64843,110,11,Standard,91.0,1,91.4828054949412,-0.4828054949412035,-0.028948917072146783,0.028948917072146783
64843,13,12,Standard,89.0,0,93.39130429613151,-4.3913042961315085,-0.263301692377702,0.263301692377702
64843,48,13,Standard,100.0,1,101.38150410181835,-1.3815041018183507,-0.08283469864658531,0.08283469864658531
64843,102,14,Standard,100.0,0,92.25331333363604,7.746686666363956,0.46448972150945744,0.46448972150945744
64843,22,15,Standard,100.0,1,101.7376244195631,-1.7376244195631045,-0.10418759883956036,0.10418759883956036
64843,50,16,Standard,100.0,0,89.05857407979993,10.941425920200075,0.6560456227895303,0.6560456227895303
64843,106,17,Standard,100.0,1,92.7093552863774,7.290644713622598,0.43714554086185065,0.43714554086185065
64843,58,18,Standard,100.0,1,96.16848793385365,3.8315120661463453,0.2297366666825282,0.2297366666825282
64843,116,19,Standard,100.0,0,97.46166835393225,2.5383316460677463,0.15219783762521122,0.15219783762521122
64843,31,20,Standard,100.0,0,92.67050628343486,7.329493716565139,0.43947491899922286,0.43947491899922286
64843,90,21,Standard,42.0,0,95.32002923968625,-53.32002923968625,-3.197057864745501,3.197057864745501
64843,120,22,Standard,100.0,0,92.06199710134366,7.938002898656336,0.47596100301146715,0.47596100301146715
64843,64,23,Standard,100.0,0,93.65417258019852,6.345827419801481,0.3804944924091222,0.3804944924091222
64843,49,24,Standard,100.0,0,96.71724621859711,3.2827537814028886,0.19683323404942107,0.19683323404942107
64843,79,25,Standard,100.0,1,94.59329366159577,5.406706338404234,0.3241849876687412,0.3241849876687412
64843,63,26,Standard,100.0,1,91.2736276211559,8.726372378844104,0.5232314730937235,0.5232314730937235
64843,80,27,Standard,100.0,1,97.06894283656248,2.931057163437515,0.17574557797526233,0.17574557797526233
64843,115,28,Standard,100.0,1,99.50335499348456,0.4966450065154362,0.02977873130806443,0.02977873130806443
64843,68,29,Standard,96.0,0,90.488043042906,5.511956957094,0.33049579287739617,0.33049579287739617
64843,91,30,Standard,100.0,0,92.07700527912368,7.922994720876318,0.4750611157928871,0.4750611157928871
64843,123,31,Standard,98.0,1,92.90276049284923,5.097239507150775,0.30562942082369643,0.30562942082369643
64843,99,32,Standard,38.0,0,91.83629972812524,-53.83629972812524,-3.2280133358683747,3.2280133358683747
64843,26,33,Standard,100.0,1,101.4001526929051,-1.4001526929050954,-0.08395286428997403,0.08395286428997403
64843,69,34,Standard,100.0,1,92.97784745145206,7.022152548547936,0.4210468064797698,0.4210468064797698
64843,36,35,Standard,100.0,1,91.08199481378236,8.918005186217641,0.5347217363717643,0.5347217363717643
64843,75,36,Standard,28.0,1,89.64329556739065,-61.64329556739065,-3.6961191828430704,3.6961191828430704
64843,3,37,Standard,100.0,1,95.58297449164726,4.4170255083527366,0.26484393091348774,0.26484393091348774
64843,6,38,Standard,100.0,1,95.66861321403333,4.3313867859666715,0.25970905092870067,0.25970905092870067
64843,67,39,Standard,100.0,1,95.36396398293286,4.636036017067141,0.2779757554704433,0.2779757554704433
64843,114,40,Standard,100.0,0,92.0665758928287,7.933424107171305,0.475686459626233,0.475686459626233
64843,101,41,Standard,99.0,1,96.62060241964045,2.3793975803595515,0.14266818409737395,0.14266818409737395
64843,17,42,Standard,97.0,1,99.26325541095922,-2.263255410959218,-0.13570432377312694,0.13570432377312694
64843,81,43,Standard,100.0,0,92.22639033784183,7.773609662158165,0.46610401873835544,0.46610401873835544
64843,16,44,Standard,100.0,0,93.61947788834631,6.38052211165369,0.38257477891745123,0.38257477891745123
64843,29,45,Standard,100.0,1,95.67407556703816,4.325924432961841,0.25938152937848535,0.25938152937848535
64843,51,46,Standard,100.0,0,91.91689345828556,8.083106541714443,0.48466138727338837,0.48466138727338837
64843,2,47,Standard,100.0,0,92.85554032572958,7.144459674270422,0.4283803163030249,0.4283803163030249
64843,112,48,Standard,100.0,1,92.64403709956164,7.355962900438357,0.4410620057597132,0.4410620057597132
64843,57,49,Standard,100.0,1,95.3730221443044,4.6269778556956,0.2774326299983465,0.2774326299983465
64843,121,50,Standard,100.0,1,94.1897576051771,5.810242394822893,0.3483809256919974,0.3483809256919974
64843,111,51,Standard,100.0,0,93.48869526116552,6.5113047388344825,0.3904164780455759,0.3904164780455759
64843,7,52,Standard,100.0,1,98.56284501816238,1.4371549818376224,0.08617151383934958,0.08617151383934958
64843,72,53,Standard,100.0,1,92.24634146470724,7.753658535292757,0.4649077533205542,0.4649077533205542
64843,60,54,Standard,100.0,1,93.88784167651033,6.112158323489666,0.36648374198823486,0.36648374198823486
64843,27,55,Standard,100.0,0,94.48257766495193,5.517422335048067,0.3308234958029386,0.3308234958029386
64843,20,56,Standard,88.0,1,90.91352127767358,-2.9135212776735813,-0.17469412991163044,0.17469412991163044
64843,83,57,Standard,100.0,1,93.17606696832053,6.8239330316794735,0.4091616054701894,0.4091616054701894
64843,125,58,Standard,100.0,0,87.68890902246156,12.311090977538441,0.7381704547911507,0.7381704547911507
64843,100,59,Standard,100.0,0,90.71972592248576,9.280274077514235,0.5564433037562466,0.5564433037562466
64843,23,60,Standard,100.0,0,93.70736401913132,6.292635980868681,0.37730514479243593,0.37730514479243593
64843,28,61,Standard,100.0,0,93.91211585581804,6.087884144181956,0.3650282672450178,0.3650282672450178
64843,73,62,Standard,84.0,0,89.24451427515122,-5.244514275151218,-0.3144599852856516,0.3144599852856516
64843,76,63,Standard,91.0,0,88.81847205431873,2.1815279456812675,0.130803961951155,0.130803961951155
64843,8,64,Standard,100.0,0,96.68174934699107,3.3182506530089313,0.19896161908896812,0.19896161908896812
64869,118,1,Neutral,50.0,0,69.01091199601385,-19.010911996013846,-1.1398903297600347,1.1398903297600347
64869,126,2,Neutral,65.0,1,67.95254461673976,-2.9525446167397575,-0.17703396120672077,0.17703396120672077
64869,78,3,Neutral,59.0,1,68.72800393392966,-9.728003933929656,-0.5832890928367388,0.5832890928367388
64869,34,4,Neutral,63.0,1,72.45996610643915,-9.459966106439154,-0.5672176004417198,0.5672176004417198
64869,94,5,Neutral,69.0,1,74.98642670096334,-5.986426700963335,-0.3589449000487816,0.3589449000487816
64869,92,6,Neutral,76.0,1,70.26318396972715,5.736816030272848,0.34397829614336867,0.34397829614336867
64869,44,7,Neutral,61.0,0,67.83142515054126,-6.831425150541264,-0.4096108313590768,0.4096108313590768
64869,30,8,Neutral,59.0,1,69.53504542895764,-10.535045428957645,-0.6316791330457712,0.6316791330457712
64869,52,9,Neutral,62.0,1,71.32859441437044,-9.328594414370443,-0.5593405811054178,0.5593405811054178
64869,4,10,Neutral,67.0,1,68.92081914846646,-1.9208191484664638,-0.11517191668731724,0.11517191668731724
64869,117,11,Neutral,64.0,0,68.51439855647963,-4.514398556479634,-0.2706823986294175,0.2706823986294175
64869,47,12,Neutral,71.0,0,71.02372721606403,-0.02372721606403161,-0.001422678940872884,0.001422678940872884
64869,24,13,Neutral,71.0,0,68.44679724952121,2.553202750478789,0.1530895059530933,0.1530895059530933
64869,65,14,Neutral,79.0,1,64.82219231815965,14.17780768184035,0.8500984001775387,0.8500984001775387
64869,56,15,Neutral,68.0,1,74.69996993622807,-6.699969936228072,-0.401728804046365,0.401728804046365
64869,87,16,Neutral,69.0,0,65.8620881570495,3.1379118429505013,0.18814854154123456,0.18814854154123456
64869,10,17,Neutral,62.0,0,67.15548902382784,-5.15548902382784,-0.3091220497300479,0.3091220497300479
64869,19,18,Neutral,65.0,0,69.58544249861572,-4.58544249861572,-0.2749421786255553,0.2749421786255553
64869,96,19,Neutral,68.0,0,60.55505433236989,7.444945667630108,0.44639739397561967,0.44639739397561967
64869,74,20,Neutral,62.0,0,65.00576203334894,-3.005762033348944,-0.18022486643948088,0.18022486643948088
64869,38,21,Neutral,53.0,0,64.71156713996068,-11.711567139960678,-0.7022231301673342,0.7022231301673342
64869,119,22,Neutral,57.0,0,63.64315714335042,-6.643157143350422,-0.3983223208002445,0.3983223208002445
64869,1,23,Neutral,62.0,1,69.97595313369801,-7.975953133698013,-0.47823649121241185,0.47823649121241185
64869,54,24,Neutral,68.0,1,68.76338642286598,-0.7633864228659775,-0.04577249116073383,0.04577249116073383
64869,109,25,Neutral,71.0,1,65.30815936516541,5.691840634834591,0.3412815807860017,0.3412815807860017
64869,14,26,Neutral,66.0,1,68.62021489584671,-2.620214895846715,-0.15710754025346715,0.15710754025346715
64869,46,27,Neutral,67.0,0,64.07235832352883,2.9276416764711684,0.17554078608704696,0.17554078608704696
64869,97,28,Neutral,60.0,1,66.20422530048687,-6.204225300486868,-0.3720040587826819,0.3720040587826819
64869,11,29,Neutral,63.0,1,73.8761361114904,-10.876136111490396,-0.6521308594370068,0.6521308594370068
64869,43,30,Neutral,63.0,1,69.08625283760597,-6.086252837605969,-0.36493045444196914,0.36493045444196914
64869,128,31,Neutral,63.0,0,66.00083269926269,-3.0008326992626877,-0.1799293045927763,0.1799293045927763
64869,9,32,Neutral,65.0,0,70.17087900436175,-5.170879004361751,-0.3100448297623514,0.3100448297623514
64869,25,33,Neutral,66.0,0,68.8791730324069,-2.8791730324068965,-0.17263461626852225,0.17263461626852225
64869,70,34,Neutral,74.0,1,63.70932125679181,10.29067874320819,0.6170269573868802,0.6170269573868802
64869,85,35,Neutral,70.0,1,66.9464777702381,3.053522229761896,0.18308855788416165,0.18308855788416165
64869,122,36,Neutral,63.0,0,63.55999837955027,-0.5599983795502723,-0.03357738638022677,0.03357738638022677
64869,108,37,Neutral,72.0,1,64.82938368771862,7.170616312281382,0.42994866287861155,0.42994866287861155
64869,89,38,Neutral,68.0,1,62.141857984162655,5.858142015837345,0.35125297700678926,0.35125297700678926
64869,53,39,Neutral,67.0,0,62.9790552374095,4.020944762590503,0.24109501176677978,0.24109501176677978
64869,95,40,Neutral,69.0,1,64.06126296493512,4.938737035064875,0.2961256455596975,0.2961256455596975
64869,77,41,Neutral,70.0,0,64.60163391340427,5.398366086595729,0.32368490790474713,0.32368490790474713
64869,41,42,Neutral,70.0,1,72.88402505019141,-2.8840250501914113,-0.17292554224585316,0.17292554224585316
64869,62,43,Neutral,67.0,0,61.46943243254067,5.530567567459329,0.33161168120462725,0.33161168120462725
64869,40,44,Neutral,68.0,1,71.37592476419327,-3.3759247641932717,-0.20241974680163752,0.20241974680163752
64869,107,45,Neutral,69.0,1,65.86427266119765,3.1357273388023543,0.18801755912680249,0.18801755912680249
64869,42,46,Neutral,64.0,0,66.47755768650086,-2.477557686500859,-0.14855384364817067,0.14855384364817067
64869,61,47,Neutral,67.0,0,63.05798356951867,3.942016430481331,0.23636248538749835,0.23636248538749835
64869,103,48,Neutral,70.0,0,64.91765806892067,5.082341931079327,0.30473616526056146,0.30473616526056146
64869,84,49,Neutral,66.0,1,67.12017470748384,-1.1201747074838408,-0.06716544250850973,0.06716544250850973
64869,71,50,Neutral,68.0,1,63.63366260449118,4.366337395508822,0.26180468220849773,0.26180468220849773
64869,12,51,Neutral,65.0,1,69.29024565877727,-4.290245658777266,-0.25724223749815806,0.25724223749815806
64869,104,52,Neutral,68.0,0,66.63844808221077,1.3615519177892281,0.08163836984146758,0.08163836984146758
64869,98,53,Neutral,67.0,0,61.44943700828192,5.550562991718081,0.33281060268492135,0.33281060268492135
64869,59,54,Neutral,66.0,0,63.57008727908007,2.42991272091993,0.14569706142021452,0.14569706142021452
64869,37,55,Neutral,71.0,1,65.8605868448891,5.139413155110901,0.3081581439849278,0.3081581439849278
64869,86,56,Neutral,69.0,1,65.63436430917406,3.3656356908259397,0.20180281610225434,0.20180281610225434
64869,55,57,Neutral,67.0,1,70.98629590608479,-3.9862959060847913,-0.23901747353629485,0.23901747353629485
64869,127,58,Neutral,75.0,0,63.66712711691633,11.332872883083667,0.6795167012784792,0.6795167012784792
64869,93,59,Neutral,67.0,0,64.30634007757321,2.6936599224267894,0.16151128877353552,0.16151128877353552
64869,21,60,Neutral,70.0,0,63.28295864641261,6.7170413535873905,0.4027524026810473,0.4027524026810473
64869,39,61,Neutral,67.0,1,68.02720821052023,-1.0272082105202287,-0.06159119068394145,0.06159119068394145
64869,45,62,Neutral,72.0,0,64.12130565599803,7.878694344001971,0.4724048744082349,0.4724048744082349
64869,88,63,Neutral,74.0,0,64.59661078347672,9.40338921652328,0.5638252618881289,0.5638252618881289
64869,33,64,Neutral,75.0,1,63.54005416576435,11.459945834235647,0.6871359690033828,0.6871359690033828
64871,65,1,Neutral,77.0,1,60.85919471556436,16.140805284435643,0.9677993282029633,0.9677993282029633
64871,103,2,Neutral,69.0,0,62.267210546156306,6.732789453843694,0.4036966554974306,0.4036966554974306
64871,93,3,Neutral,76.0,0,61.675693308756145,14.324306691243855,0.8588824503153488,0.8588824503153488
64871,107,4,Neutral,62.0,1,63.12787551805688,-1.1278755180568822,-0.06762718150900399,0.06762718150900399
64871,128,5,Neutral,65.0,0,62.05597115245859,2.9440288475414107,0.1765233574565325,0.1765233574565325
64871,77,6,Neutral,58.0,1,61.602393814666115,-3.602393814666115,-0.21599878397134614,0.21599878397134614
64871,98,7,Neutral,65.0,1,58.79898948551755,6.201010514482448,0.3718113008824057,0.3718113008824057
64871,10,8,Neutral,67.0,1,62.46590576949777,4.534094230502227,0.2718633471478877,0.2718633471478877
64871,43,9,Neutral,65.0,0,65.35963864403645,-0.3596386440364512,-0.021563858305751925,0.021563858305751925
64871,54,10,Neutral,67.0,1,64.29283896486707,2.707161035132927,0.1623208126836958,0.1623208126836958
64871,56,11,Neutral,67.0,1,70.22863403513257,-3.228634035132572,-0.1935882253178286,0.1935882253178286
64871,122,12,Neutral,64.0,1,59.94579335292876,4.05420664707124,0.2430893874430828,0.2430893874430828
64871,96,13,Neutral,67.0,1,55.73404960024112,11.265950399758879,0.6755040430955657,0.6755040430955657
64871,78,14,Neutral,64.0,1,63.58054833298995,0.4194516670100512,0.025150234724495926,0.025150234724495926
64871,88,15,Neutral,69.0,1,61.61550674052977,7.384493259470233,0.4427726801540735,0.4427726801540735
64871,127,16,Neutral,66.0,1,60.42318011837199,5.576819881628012,0.3343849603435218,0.3343849603435218
64871,34,17,Neutral,68.0,1,67.24390849781767,0.7560915021823291,0.04533508923359846,0.04533508923359846
64871,4,18,Neutral,67.0,0,64.03787120128025,2.962128798719746,0.17760862676510852,0.17760862676510852
64871,24,19,Neutral,66.0,0,63.51837744491268,2.48162255508732,0.1487975723232823,0.1487975723232823
64871,46,20,Neutral,69.0,0,59.846517765336124,9.153482234663876,0.5488408912266487,0.5488408912266487
64871,9,21,Neutral,67.0,0,65.9871809072792,1.0128190927208038,0.060728422173057725,0.060728422173057725
64871,42,22,Neutral,10.0,0,62.88236497073003,-52.88236497073003,-3.170815606195817,3.170815606195817
64871,62,23,Neutral,20.0,0,57.67999876885422,-37.67999876885422,-2.2592848902247717,2.2592848902247717
64871,47,24,Neutral,77.0,0,65.83246445585809,11.167535544141913,0.6696031088191864,0.6696031088191864
64871,87,25,Neutral,72.0,0,60.383976035927205,11.616023964072795,0.6964943812103143,0.6964943812103143
64871,104,26,Neutral,72.0,1,62.693586535406666,9.306413464593334,0.5580106159695463,0.5580106159695463
64871,41,27,Neutral,25.0,1,68.89456790102447,-43.89456790102447,-2.63190916300408,2.63190916300408
64871,84,28,Neutral,64.0,1,63.50763437901841,0.4923656209815874,0.029522140241398508,0.029522140241398508
64871,97,29,Neutral,67.0,0,61.62792746816429,5.3720725318357125,0.3221083518293604,0.3221083518293604
64871,44,30,Neutral,70.0,1,61.7400127996917,8.259987200308302,0.4952671147784656,0.4952671147784656
64871,92,31,Neutral,68.0,1,64.63551431501496,3.3644856849850413,0.20173386199118998,0.20173386199118998
64871,14,32,Neutral,67.0,0,63.824881267192964,3.175118732807036,0.19037945891946467,0.19037945891946467
64871,1,33,Neutral,68.0,1,65.00539086797934,2.9946091320206563,0.179556140795201,0.179556140795201
64871,33,34,Neutral,72.0,0,60.321778270695035,11.678221729304965,0.7002237462789497,0.7002237462789497
64871,59,35,Neutral,78.0,1,59.736846456127395,18.263153543872605,1.0950548884739537,1.0950548884739537
64871,53,36,Neutral,64.0,0,58.02662902748202,5.9733709725179835,0.35816208128627564,0.35816208128627564
64871,12,37,Neutral,73.0,0,65.25698135034409,7.743018649655909,0.46426978799044594,0.46426978799044594
64871,40,38,Neutral,70.0,0,66.99220318163023,3.007796818369769,0.18034687172617442,0.18034687172617442
64871,95,39,Neutral,67.0,0,59.4585055860409,7.5414944139591,0.4521864367271693,0.4521864367271693
64871,25,40,Neutral,65.0,0,63.90694606853214,1.093053931467857,0.0655392864186446,0.0655392864186446
64871,109,41,Neutral,68.0,0,59.96068027874523,8.03931972125477,0.4820359386245605,0.4820359386245605
64871,86,42,Neutral,67.0,0,61.601100000740885,5.398899999259115,0.32371692119701095,0.32371692119701095
64871,117,43,Neutral,64.0,1,62.44699261094901,1.5530073890509897,0.09311800008312521,0.09311800008312521
64871,126,44,Neutral,68.0,1,61.58015325450158,6.419846745498418,0.38493267578480606,0.38493267578480606
64871,21,45,Neutral,55.0,0,59.27448918639499,-4.274489186394987,-0.2562974826908423,0.2562974826908423
64871,89,46,Neutral,24.0,1,56.70755302230661,-32.70755302230661,-1.9611380773346543,1.9611380773346543
64871,55,47,Neutral,24.0,1,66.77780296058668,-42.77780296058668,-2.564948169418554,2.564948169418554
64871,94,48,Neutral,61.0,1,68.45615431435482,-7.456154314354819,-0.44706946210227627,0.44706946210227627
64871,119,49,Neutral,25.0,1,57.79478699415097,-32.79478699415097,-1.9663686081452114,1.9663686081452114
64871,52,50,Neutral,69.0,1,64.88593634629441,4.1140636537055855,0.24667840111297826,0.24667840111297826
64871,70,51,Neutral,66.0,0,58.4321088762095,7.567891123790503,0.4537691779591842,0.4537691779591842
64871,11,52,Neutral,69.0,1,68.22200691020657,0.7779930897934264,0.04664830387209223,0.04664830387209223
64871,39,53,Neutral,61.0,1,63.73110094648965,-2.731100946489647,-0.16375624479008608,0.16375624479008608
64871,45,54,Neutral,62.0,1,59.38791524240172,2.612084757598282,0.15662005885483968,0.15662005885483968
64871,71,55,Neutral,62.0,0,58.882136135103664,3.1178638648963357,0.18694646894629663,0.18694646894629663
64871,85,56,Neutral,65.0,0,61.37996288748674,3.620037112513259,0.21705667244114982,0.21705667244114982
64871,61,57,Neutral,65.0,1,57.954335127845205,7.045664872154795,0.42245660051359973,0.42245660051359973
64871,19,58,Neutral,67.0,0,63.16757927895523,3.8324207210447696,0.2297911494412733,0.2297911494412733
64871,118,59,Neutral,64.0,0,61.80451990956114,2.1954800904388634,0.13164052964932385,0.13164052964932385
64871,30,60,Neutral,63.0,0,62.72458247405714,0.2754175259428635,0.016513977579535946,0.016513977579535946
64871,37,61,Neutral,62.0,1,61.065253216235355,0.9347467837646448,0.056047222764011834,0.056047222764011834
64871,74,62,Neutral,64.0,0,58.08201365644096,5.917986343559043,0.3548412304517191,0.3548412304517191
64871,108,63,Neutral,37.0,1,58.60654985907036,-21.606549859070363,-1.2955242362384565,1.2955242362384565
64871,38,64,Neutral,56.0,1,57.74401160378643,-1.7440116037864328,-0.10457057307730837,0.10457057307730837
64882,8,1,Standard,100.0,0,84.60580306738157,15.394196932618428,0.9230328466931353,0.9230328466931353
64882,100,2,Standard,100.0,0,78.24785051132406,21.75214948867594,1.3042543597506184,1.3042543597506184
64882,32,3,Standard,100.0,0,80.16169409979825,19.838305900201746,1.1895006961897958,1.1895006961897958
64882,111,4,Standard,100.0,0,80.69282212244558,19.307177877554423,1.1576543704055728,1.1576543704055728
64882,76,5,Standard,97.0,0,76.39040380242326,20.609596197576735,1.2357471020223956,1.2357471020223956
64882,5,6,Standard,99.0,1,77.36913963730005,21.63086036269995,1.2969818889804592,1.2969818889804592
64882,90,7,Standard,94.0,1,80.96444598007648,13.035554019923524,0.7816091081527802,0.7816091081527802
64882,16,8,Standard,96.0,0,80.77900914726354,15.220990852736463,0.9126474461634557,0.9126474461634557
64882,49,9,Standard,76.0,0,82.53855629420838,-6.538556294208377,-0.3920504756385444,0.3920504756385444
64882,18,10,Standard,90.0,0,81.47826771379361,8.521732286206387,0.5109612956962456,0.5109612956962456
64882,29,11,Standard,100.0,1,82.19463549275308,17.80536450724692,1.0676059530399675,1.0676059530399675
64882,23,12,Standard,77.0,0,80.9743103505283,-3.974310350528299,-0.23829882211765105,0.23829882211765105
64882,28,13,Standard,97.0,0,81.59733302593007,15.40266697406993,0.9235407086171324,0.9235407086171324
64882,17,14,Standard,94.0,1,85.63504624618083,8.364953753819165,0.5015608874980678,0.5015608874980678
64882,91,15,Standard,77.0,0,78.31658619345,-1.316586193449993,-0.07894223436118675,0.07894223436118675
64882,69,16,Standard,84.0,0,79.34884984357709,4.651150156422915,0.2788819961230698,0.2788819961230698
64882,120,17,Standard,75.0,1,77.4262232734419,-2.426223273441906,-0.14547584291669197,0.14547584291669197
64882,66,18,Standard,72.0,1,77.35082046422306,-5.350820464223062,-0.3208340822748989,0.3208340822748989
64882,36,19,Standard,80.0,0,77.36538288737489,2.634617112625108,0.15797109417640576,0.15797109417640576
64882,22,20,Standard,84.0,1,86.663778998999,-2.663778998999007,-0.1597196348188609,0.1597196348188609
64882,68,21,Standard,67.0,1,75.86961682769885,-8.869616827698849,-0.5318203804578503,0.5318203804578503
64882,48,22,Standard,69.0,1,86.13243004418932,-17.13243004418932,-1.0272569425788987,1.0272569425788987
64882,50,23,Standard,76.0,1,73.89711434070335,2.1028856592966463,0.12608858681403137,0.12608858681403137
64882,31,24,Standard,78.0,1,77.64046802213699,0.35953197786301416,0.021557462624175006,0.021557462624175006
64882,113,25,Standard,87.0,1,83.6680545888096,3.3319454111904037,0.19978275394155887,0.19978275394155887
64882,51,26,Standard,74.0,1,77.8241531542732,-3.824153154273205,-0.22929542785697854,0.22929542785697854
64882,121,27,Standard,78.0,1,80.36152495491824,-2.361524954918238,-0.14159654519271497,0.14159654519271497
64882,72,28,Standard,72.0,0,78.9239939716959,-6.923993971695893,-0.41516123862483933,0.41516123862483933
64882,64,29,Standard,77.0,1,78.53652000036817,-1.5365200003681707,-0.09212941968643087,0.09212941968643087
64882,79,30,Standard,80.0,0,79.9567313905974,0.043268609402602465,0.002594376821613411,0.002594376821613411
64882,116,31,Standard,70.0,0,82.10018512935521,-12.10018512935521,-0.7255245839941942,0.7255245839941942
64882,73,32,Standard,67.0,1,75.5898455638012,-8.589845563801205,-0.5150453536559518,0.5150453536559518
64882,20,33,Standard,71.0,0,77.08528862741471,-6.085288627414712,-0.36487264059941915,0.36487264059941915
64882,26,34,Standard,66.0,1,86.50153590940593,-20.50153590940593,-1.229267829615958,1.229267829615958
64882,114,35,Standard,77.0,0,77.44981437577762,-0.4498143757776205,-0.026970776427951784,0.026970776427951784
64882,102,36,Standard,76.0,0,76.45375851639666,-0.4537585163966611,-0.02720726627924355,0.02720726627924355
64882,7,37,Standard,74.0,1,84.36514278292294,-10.365142782922945,-0.6214918057225893,0.6214918057225893
64882,80,38,Standard,79.0,0,81.75126677125166,-2.7512667712516645,-0.1649653834491193,0.1649653834491193
64882,110,39,Standard,69.0,0,75.83867856081945,-6.838678560819446,-0.4100457443309329,0.4100457443309329
64882,81,40,Standard,85.0,1,77.50300219140762,7.496997808592383,0.44951842952292237,0.44951842952292237
64882,6,41,Standard,80.0,0,81.11966526156743,-1.1196652615674338,-0.06713489623730665,0.06713489623730665
64882,112,42,Standard,75.0,1,78.05207043092612,-3.052070430926122,-0.18300150832788564,0.18300150832788564
64882,27,43,Standard,73.0,0,80.17246626276449,-7.1724662627644875,-0.43005958552486173,0.43005958552486173
64882,3,44,Standard,71.0,1,80.30744088744659,-9.307440887446589,-0.558072220030164,0.558072220030164
64882,35,45,Standard,69.0,1,82.91204838971164,-13.912048389711643,-0.8341635282889674,0.8341635282889674
64882,101,46,Standard,75.0,1,81.54675699907635,-6.546756999076351,-0.3925421881970045,0.3925421881970045
64882,123,47,Standard,77.0,0,77.78431946992228,-0.7843194699222806,-0.04702763230898042,0.04702763230898042
64882,106,48,Standard,78.0,1,76.38244985978712,1.6175501402128845,0.09698797002044217,0.09698797002044217
64882,67,49,Standard,78.0,0,80.50836591560332,-2.5083659156033207,-0.150401098658256,0.150401098658256
64882,60,50,Standard,72.0,0,79.22727300019304,-7.227273000193037,-0.4333457861034347,0.4333457861034347
64882,2,51,Standard,75.0,0,78.26278521399743,-3.2627852139974323,-0.19563592290046547,0.19563592290046547
64882,58,52,Standard,79.0,0,80.2615180441345,-1.2615180441345046,-0.07564035958023628,0.07564035958023628
64882,99,53,Standard,69.0,0,76.0805520701521,-7.080552070152095,-0.42454842965035466,0.42454842965035466
64882,75,54,Standard,76.0,0,74.43724022593123,1.5627597740687662,0.0937027510606791,0.0937027510606791
64882,125,55,Standard,64.0,1,72.85144701092324,-8.851447010923238,-0.530730922022591,0.530730922022591
64882,15,56,Standard,68.0,0,80.86357745694525,-12.86357745694525,-0.7712974292009548,0.7712974292009548
64882,124,57,Standard,73.0,0,77.37566717705513,-4.375667177055135,-0.26236409396978755,0.26236409396978755
64882,115,58,Standard,79.0,1,83.33433059126462,-4.334330591264617,-0.25988556088216996,0.25988556088216996
64882,105,59,Standard,72.0,0,76.46427278804435,-4.4642727880443545,-0.26767686797822376,0.26767686797822376
64882,13,60,Standard,87.0,1,76.43375102711936,10.566248972880643,0.6335500910502859,0.6335500910502859
64882,82,61,Standard,71.0,0,75.7880503399023,-4.7880503399022984,-0.2870905026546472,0.2870905026546472
64882,57,62,Standard,81.0,0,79.9677317604611,1.0322682395388938,0.06189458897161386,0.06189458897161386
64882,63,63,Standard,80.0,0,74.81696541492298,5.183034585077024,0.31077367585415716,0.31077367585415716
64882,83,64,Standard,73.0,1,77.90053336411985,-4.900533364119852,-0.2938349613946928,0.2938349613946928
64888,55,1,Neutral,90.0,1,91.61114995828255,-1.611149958282553,-0.09660421644288528,0.09660421644288528
64888,61,2,Neutral,91.0,1,83.20095886978787,7.799041130212132,0.4676288842741275,0.4676288842741275
64888,43,3,Neutral,95.0,1,88.44069927108296,6.559300728917037,0.3932943076296503,0.3932943076296503
64888,127,4,Neutral,70.0,1,83.00659126698852,-13.006591266988522,-0.7798725075099094,0.7798725075099094
64888,39,5,Neutral,96.0,1,88.65206226271796,7.347937737282038,0.44058081864577825,0.44058081864577825
64888,52,6,Neutral,93.0,1,89.63166902545782,3.3683309745421752,0.20196442475336696,0.20196442475336696
64888,1,7,Neutral,91.0,1,89.13370547800668,1.866294521993325,0.11190263142296271,0.11190263142296271
64888,24,8,Neutral,87.0,1,86.83748617914104,0.16251382085896182,0.009744294902229176,0.009744294902229176
64888,25,9,Neutral,89.0,1,88.10219798808518,0.8978020119148198,0.05383202192695381,0.05383202192695381
64888,107,10,Neutral,86.0,0,85.85436103156475,0.14563896843525015,0.008732482260208117,0.008732482260208117
64888,59,11,Neutral,91.0,1,83.62544826081678,7.374551739183218,0.4421765886651088,0.4421765886651088
64888,11,12,Neutral,93.0,1,92.79251095230505,0.20748904769494914,0.01244100015023913,0.01244100015023913
64888,56,13,Neutral,89.0,1,92.9592373880492,-3.9592373880492033,-0.23739505042198705,0.23739505042198705
64888,77,14,Neutral,94.0,1,84.2412650096415,9.758734990358505,0.5851317205893631,0.5851317205893631
64888,40,15,Neutral,93.0,1,90.8179855162027,2.1820144837973032,0.13083313467541174,0.13083313467541174
64888,19,16,Neutral,85.0,1,87.84470995043684,-2.8447099504368367,-0.1705682170405612,0.1705682170405612
64888,41,17,Neutral,94.0,1,92.15085716513593,1.8491428348640682,0.11087421982956788,0.11087421982956788
64888,108,18,Neutral,87.0,1,82.63559726347263,4.364402736527367,0.26168868045830257,0.26168868045830257
64888,46,19,Neutral,90.0,1,82.87965339370761,7.120346606292387,0.4269345017616304,0.4269345017616304
64888,128,20,Neutral,77.0,1,83.45658900088684,-6.4565890008868365,-0.3871357337769536,0.3871357337769536
64888,47,21,Neutral,88.0,1,88.80111591595659,-0.8011159159565864,-0.04803474372019814,0.04803474372019814
64888,122,22,Neutral,77.0,1,82.34495174256621,-5.344951742566209,-0.320482194944817,0.320482194944817
64888,33,23,Neutral,92.0,1,83.79298549172887,8.20701450827113,0.4920908831801503,0.4920908831801503
64888,118,24,Neutral,87.0,1,86.1750004661791,0.8249995338209004,0.04946680048049054,0.04946680048049054
64888,109,25,Neutral,85.0,1,83.47981249845407,1.5201875015459336,0.09115012645356604,0.09115012645356604
64888,4,26,Neutral,87.0,1,86.67674239625566,0.323257603744338,0.019382458695660344,0.019382458695660344
64888,97,27,Neutral,84.0,1,84.704870255802,-0.7048702558020068,-0.04226387395263625,0.04226387395263625
64888,21,28,Neutral,91.0,1,82.85644087622073,8.14355912377927,0.48828611152223916,0.48828611152223916
64888,96,29,Neutral,90.0,0,77.09086028940311,12.90913971059689,0.7740293324547528,0.7740293324547528
64888,92,30,Neutral,93.0,1,87.66864994338643,5.331350056613573,0.31966664068371187,0.31966664068371187
64888,94,31,Neutral,88.0,1,92.0190936933299,-4.019093693329907,-0.24098402203886396,0.24098402203886396
64888,38,32,Neutral,78.0,1,81.20356593772767,-3.2035659377276744,-0.19208514741060792,0.19208514741060792
64888,54,33,Neutral,86.0,1,85.34299953916543,0.657000460834567,0.039393611001420574,0.039393611001420574
64888,34,34,Neutral,91.0,1,89.3174044617408,1.682595538259207,0.10088807856041868,0.10088807856041868
64888,88,35,Neutral,82.0,1,82.79708879262684,-0.7970887926268375,-0.047793278242829446,0.047793278242829446
64888,95,36,Neutral,87.0,1,82.40814473528872,4.591855264711285,0.2753266867470426,0.2753266867470426
64888,104,37,Neutral,82.0,1,84.26943302089984,-2.2694330208998394,-0.13607473198046705,0.13607473198046705
64888,84,38,Neutral,90.0,1,86.05889125546133,3.941108744538667,0.23630806072713914,0.23630806072713914
64888,14,39,Neutral,80.0,0,86.50755962143458,-6.507559621434581,-0.39019192158511473,0.39019192158511473
64888,30,40,Neutral,89.0,1,86.59005412848708,2.4099458715129174,0.14449985328208834,0.14449985328208834
64888,98,41,Neutral,94.0,1,80.14677605276538,13.853223947234625,0.8306364269512126,0.8306364269512126
64888,86,42,Neutral,74.0,1,84.41931767218998,-10.419317672189976,-0.6247401208167972,0.6247401208167972
64888,126,43,Neutral,85.0,1,84.61328888287306,0.38671111712693573,0.02318711816224922,0.02318711816224922
64888,65,44,Neutral,80.0,1,81.96481533622156,-1.9648153362215623,-0.11780991895563868,0.11780991895563868
64888,117,45,Neutral,84.0,1,85.19660827471635,-1.196608274716354,-0.07174838330459955,0.07174838330459955
64888,44,46,Neutral,82.0,1,83.09682348885372,-1.0968234888537154,-0.06576530829558119,0.06576530829558119
64888,10,47,Neutral,80.0,0,82.8151517955364,-2.8151517955363943,-0.16879591621966275,0.16879591621966275
64888,103,48,Neutral,85.0,1,83.08931120220933,1.9106887977906695,0.11456450296751057,0.11456450296751057
64888,78,49,Neutral,91.0,1,84.88452774097155,6.115472259028451,0.3666824448739723,0.3666824448739723
64888,71,50,Neutral,88.0,1,82.09050040054008,5.90949959945992,0.35433236704044424,0.35433236704044424
64888,85,51,Neutral,80.0,0,84.41721635526703,-4.41721635526703,-0.2648553740547801,0.2648553740547801
64888,37,52,Neutral,84.0,1,84.44884611873671,-0.44884611873671076,-0.026912719937138167,0.026912719937138167
64888,62,53,Neutral,86.0,1,79.20301397316699,6.796986026833011,0.4075458686635113,0.4075458686635113
64888,53,54,Neutral,89.0,1,79.29582539811156,9.70417460188844,0.58186029104311,0.58186029104311
64888,93,55,Neutral,92.0,1,81.45544626433373,10.54455373566627,0.632249249138667,0.632249249138667
64888,12,56,Neutral,86.0,1,87.24286299573474,-1.2428629957347397,-0.07452180675770172,0.07452180675770172
64888,9,57,Neutral,83.0,1,87.24735315599456,-4.24735315599456,-0.2546704119512582,0.2546704119512582
64888,87,58,Neutral,82.0,1,80.99606501756323,1.0039349824367747,0.06019573276797238,0.06019573276797238
64888,42,59,Neutral,85.0,1,84.07971774932847,0.9202822506715336,0.05517993236780209,0.05517993236780209
64888,70,60,Neutral,22.0,0,81.02717291191865,-59.027172911918655,-3.5392570124714466,3.5392570124714466
64888,74,61,Neutral,79.0,1,80.18354605312894,-1.1835460531289357,-0.07096517521464558,0.07096517521464558
64888,45,62,Neutral,70.0,1,81.0951832056936,-11.095183205693601,-0.6652648776522624,0.6652648776522624
64888,89,63,Neutral,79.0,1,78.02055655220236,0.9794434477976353,0.058727225444284194,0.058727225444284194
64888,119,64,Neutral,80.0,1,79.97490958745725,0.02509041254275246,0.001504415918245808,0.001504415918245808
64890,11,1,Neutral,74.0,1,71.72423169156735,2.275768308432646,0.13645459450344383,0.13645459450344383
64890,52,2,Neutral,60.0,1,68.25673964985648,-8.256739649856485,-0.4950723923287372,0.4950723923287372
64890,25,3,Neutral,93.0,0,66.79587062016563,26.20412937983437,1.5711941481880005,1.5711941481880005
64890,55,4,Neutral,79.0,1,69.92957046781757,9.07042953218243,0.5438610684575523,0.5438610684575523
64890,47,5,Neutral,77.0,0,67.93286014069936,9.067139859300639,0.5436638203556825,0.5436638203556825
64890,92,6,Neutral,69.0,1,66.99875295545364,2.0012470445463606,0.1199943566104331,0.1199943566104331
64890,95,7,Neutral,100.0,0,62.128394341343224,37.871605658656776,2.2707735994906466,2.2707735994906466
64890,24,8,Neutral,86.0,0,65.2683158556241,20.731684144375905,1.243067469922989,1.243067469922989
64890,70,9,Neutral,81.0,0,61.540069224174154,19.459930775825846,1.1668134024193406,1.1668134024193406
64890,42,10,Neutral,83.0,1,64.67611054070767,18.32388945929233,1.0986966013318422,1.0986966013318422
64890,119,11,Neutral,30.0,1,60.727518705050706,-30.727518705050706,-1.8424156314411448,1.8424156314411448
64890,34,12,Neutral,66.0,1,68.73100395293169,-2.7310039529316867,-0.1637504290765216,0.1637504290765216
64890,97,13,Neutral,45.0,0,63.596901675206865,-18.596901675206865,-1.1150663570222892,1.1150663570222892
64890,41,14,Neutral,70.0,1,70.73212063026835,-0.7321206302683549,-0.04389780073863384,0.04389780073863384
64890,65,15,Neutral,29.0,1,61.51395414461991,-32.51395414461991,-1.9495299288895012,1.9495299288895012
64890,33,16,Neutral,40.0,0,62.378366796270086,-22.378366796270086,-1.3418022192854269,1.3418022192854269
64890,43,17,Neutral,100.0,0,66.27724102868942,33.72275897131058,2.0220096149140785,2.0220096149140785
64890,46,18,Neutral,100.0,0,61.202191742651436,38.797808257348564,2.326308514694544,2.326308514694544
64890,56,19,Neutral,78.0,1,71.14623641978552,6.853763580214476,0.41095023895676897,0.41095023895676897
64890,77,20,Neutral,36.0,0,62.25715324372167,-26.257153243721667,-1.5743734480398075,1.5743734480398075
64890,108,21,Neutral,45.0,0,61.71451020703503,-16.714510207035033,-1.002198556053994,1.002198556053994
64890,30,22,Neutral,74.0,1,65.65731418495686,8.34268581504314,0.5002257065199116,0.5002257065199116
64890,103,23,Neutral,65.0,0,62.61531986034823,2.3846801396517705,0.1429849252539711,0.1429849252539711
64890,96,24,Neutral,59.0,1,56.52023050709538,2.479769492904623,0.14868646310017175,0.14868646310017175
64890,104,25,Neutral,69.0,1,64.00545335345572,4.994546646544279,0.2994719782578014,0.2994719782578014
64890,37,26,Neutral,69.0,0,63.86656344933638,5.1334365506636175,0.307799788025167,0.307799788025167
64890,38,27,Neutral,71.0,1,60.632936155419934,10.367063844580066,0.6216069921800452,0.6216069921800452
64890,117,28,Neutral,69.0,0,64.37215965872537,4.627840341274634,0.27748434445430237,0.27748434445430237
64890,85,29,Neutral,74.0,0,63.83081584645789,10.169184153542112,0.6097421670565918,0.6097421670565918
64890,128,30,Neutral,72.0,0,62.22885182958558,9.77114817041442,0.5858760122840633,0.5858760122840633
64890,61,31,Neutral,3.0,0,60.36138092755013,-57.36138092755013,-3.4393764715078357,3.4393764715078357
64890,88,32,Neutral,73.0,1,62.13884469178664,10.861155308213363,0.6512326135879328,0.6512326135879328
64890,87,33,Neutral,81.0,1,61.30157842058018,19.698421579419822,1.1811132614061413,1.1811132614061413
64890,126,34,Neutral,77.0,1,63.28628450594675,13.713715494053247,0.822271529110721,0.822271529110721
64890,53,35,Neutral,46.0,1,59.33849584553109,-13.338495845531092,-0.7997734370162416,0.7997734370162416
64890,14,36,Neutral,34.0,0,64.91771228891088,-30.917712288910877,-1.853819599176626,1.853819599176626
64890,78,37,Neutral,61.0,1,63.84104332864941,-2.8410433286494126,-0.17034836716070015,0.17034836716070015
64890,54,38,Neutral,65.0,1,64.33429816419536,0.66570183580464,0.03991534363508286,0.03991534363508286
64890,71,39,Neutral,63.0,0,60.85111034214623,2.148889657853772,0.1288469770004968,0.1288469770004968
64890,12,40,Neutral,67.0,1,66.39361953132823,0.6063804686717731,0.03635844679830417,0.03635844679830417
64890,109,41,Neutral,62.0,0,61.22873993752807,0.7712600624719315,0.04624459295409989,0.04624459295409989
64890,89,42,Neutral,61.0,1,58.15084131815438,2.8491586818456227,0.17083496205067109,0.17083496205067109
64890,1,43,Neutral,58.0,1,65.83537893409984,-7.835378934099836,-0.46980769143840223,0.46980769143840223
64890,84,44,Neutral,46.0,0,64.0747794895415,-18.0747794895415,-1.083760019350645,1.083760019350645
64890,39,45,Neutral,58.0,0,65.34961787940236,-7.349617879402359,-0.44068155961790934,0.44068155961790934
64890,44,46,Neutral,29.0,0,62.3071579102148,-33.3071579102148,-1.9970902617194277,1.9970902617194277
64890,107,47,Neutral,67.0,1,62.51222732839167,4.487772671608333,0.2690859161096697,0.2690859161096697
64890,10,48,Neutral,59.0,1,61.981679057631254,-2.981679057631254,-0.17878085622375867,0.17878085622375867
64890,21,49,Neutral,64.0,1,60.36732020811287,3.632679791887128,0.2178147248672276,0.2178147248672276
64890,98,50,Neutral,63.0,1,58.18334129585233,4.81665870414767,0.2888058542253867,0.2888058542253867
64890,94,51,Neutral,68.0,1,69.59279249533897,-1.5927924953389692,-0.09550350678241727,0.09550350678241727
64890,62,52,Neutral,50.0,1,57.67765080891628,-7.677650808916283,-0.4603503458536343,0.4603503458536343
64890,93,53,Neutral,59.0,0,60.753395004227286,-1.7533950042272863,-0.10513319981636421,0.10513319981636421
64890,45,54,Neutral,61.0,1,60.65597490118456,0.3440250988154432,0.02062767338130276,0.02062767338130276
64890,118,55,Neutral,69.0,0,63.247808205408916,5.752191794591084,0.3449002237743367,0.3449002237743367
64890,4,56,Neutral,61.0,0,63.641258807946215,-2.6412588079462154,-0.1583693288466483,0.1583693288466483
64890,9,57,Neutral,61.0,0,65.67818283247762,-4.678182832477617,-0.28050286975757777,0.28050286975757777
64890,122,58,Neutral,63.0,1,59.19872368546483,3.8012763145351727,0.2279237373037678,0.2279237373037678
64890,74,59,Neutral,63.0,0,59.48149479302249,3.5185052069775082,0.21096884049986375,0.21096884049986375
64890,40,60,Neutral,59.0,1,67.29650533655592,-8.296505336555924,-0.4974567346335389,0.4974567346335389
64890,59,61,Neutral,66.0,1,59.86591997398815,6.134080026011851,0.36779816271261434,0.36779816271261434
64890,86,62,Neutral,50.0,0,61.99301647419904,-11.993016474199038,-0.7190987737178894,0.7190987737178894
64890,19,63,Neutral,56.0,0,64.21660314140689,-8.216603141406893,-0.4926658156289126,0.4926658156289126
64890,127,64,Neutral,59.0,1,59.58849613237558,-0.5884961323755817,-0.03528610571322211,0.03528610571322211
64919,5,1,Standard,55.0,1,69.9012175475775,-14.901217547577502,-0.8934739052863777,0.8934739052863777
64919,31,2,Standard,61.0,1,70.63208297718018,-9.632082977180175,-0.5775376922178211,0.5775376922178211
64919,15,3,Standard,56.0,0,75.49839901200193,-19.498399012001926,-1.1691199498605802,1.1691199498605802
64919,99,4,Standard,58.0,1,70.25496032538359,-12.254960325383593,-0.7348048725609109,0.7348048725609109
64919,112,5,Standard,62.0,1,71.70079277496282,-9.70079277496282,-0.5816575174039367,0.5816575174039367
64919,7,6,Standard,58.0,1,77.75102217136225,-19.75102217136225,-1.1842671819601578,1.1842671819601578
64919,125,7,Standard,59.0,1,67.26723276964876,-8.267232769648757,-0.49570155760932616,0.49570155760932616
64919,68,8,Standard,57.0,1,68.75215201210618,-11.75215201210618,-0.7046565906611234,0.7046565906611234
64919,105,9,Standard,57.0,1,69.484712618949,-12.484712618949004,-0.7485807723036647,0.7485807723036647
64919,123,10,Standard,58.0,1,70.2352662303659,-12.235266230365895,-0.7336240187192459,0.7336240187192459
64919,114,11,Standard,57.0,1,70.52904364935327,-13.52904364935327,-0.8111986437069808,0.8111986437069808
64919,28,12,Standard,57.0,1,72.47122205278924,-15.471222052789244,-0.9276512568803861,0.9276512568803861
64919,51,13,Standard,68.0,0,70.70668833868054,-2.706688338680536,-0.16229246990271268,0.16229246990271268
64919,113,14,Standard,58.0,1,76.1777907919242,-18.177790791924195,-1.0899365556192175,1.0899365556192175
64919,63,15,Standard,68.0,1,68.94756651088824,-0.9475665108882367,-0.056815890936344066,0.056815890936344066
64919,29,16,Standard,70.0,0,74.28864181036819,-4.2886418103681905,-0.25714607108108717,0.25714607108108717
64919,50,17,Standard,70.0,1,66.1878147474868,3.8121852525132027,0.22857783495630102,0.22857783495630102
64919,80,18,Standard,79.0,1,74.65526740776237,4.344732592237634,0.26050926269730545,0.26050926269730545
64919,72,19,Standard,68.0,1,70.14834027268495,-2.1483402726849476,-0.12881403598002455,0.12881403598002455
64919,17,20,Standard,83.0,1,77.40006074176948,5.5999392582305205,0.3357711933566884,0.3357711933566884
64919,106,21,Standard,79.0,0,69.87828527392172,9.121714726078281,0.546936118018247,0.546936118018247
64919,91,22,Standard,73.0,1,68.8400179461793,4.159982053820698,0.24943165883466167,0.24943165883466167
64919,16,23,Standard,71.0,1,70.95198362586298,0.048016374137020534,0.002879051807741043,0.002879051807741043
64919,90,24,Standard,69.0,0,72.5327663864968,-3.532766386496803,-0.211823937858077,0.211823937858077
64919,111,25,Standard,68.0,1,71.8007292290407,-3.800729229040698,-0.22789093417129133,0.22789093417129133
64919,36,26,Standard,69.0,1,67.88881464010421,1.111185359895785,0.06662644309656016,0.06662644309656016
64919,64,27,Standard,66.0,1,70.65199177008668,-4.651991770086681,-0.2789324591033267,0.2789324591033267
64919,102,28,Standard,68.0,1,68.83207324171256,-0.832073241712564,-0.04989093853462205,0.04989093853462205
64919,58,29,Standard,75.0,1,72.09916457485083,2.900835425149168,0.17393348883242432,0.17393348883242432
64919,49,30,Standard,73.0,1,73.6464634008035,-0.6464634008034977,-0.03876181107325115,0.03876181107325115
64919,76,31,Standard,79.0,1,67.56445977544749,11.435540224552511,0.6856726137221876,0.6856726137221876
64919,60,32,Standard,71.0,1,72.0436593181713,-1.0436593181712936,-0.06257759567751683,0.06257759567751683
64919,26,33,Standard,67.0,1,78.57320051985822,-11.573200519858219,-0.6939266964007981,0.6939266964007981
64919,13,34,Standard,87.0,1,69.60059461922748,17.39940538077252,1.0432647282400722,1.0432647282400722
64919,6,35,Standard,68.0,1,72.21259008475779,-4.212590084757792,-0.25258602542925135,0.25258602542925135
64919,67,36,Standard,74.0,1,71.90794085365734,2.092059146342663,0.12543943134879884,0.12543943134879884
64919,116,37,Standard,73.0,1,73.86519962494383,-0.865199624943827,-0.05187718958418554,0.05187718958418554
64919,81,38,Standard,78.0,1,69.61847396112611,8.381526038873886,0.5025545582635663,0.5025545582635663
64919,66,39,Standard,78.0,0,68.74391223357846,9.256087766421544,0.5549930975729289,0.5549930975729289
64919,2,40,Standard,75.0,1,69.57474583351896,5.425254166481039,0.3252971115830087,0.3252971115830087
64919,83,41,Standard,80.0,0,71.22114014118952,8.778859858810478,0.5263786114771787,0.5263786114771787
64919,69,42,Standard,77.0,1,69.03994557024794,7.960054429752063,0.47728320823011694,0.47728320823011694
64919,18,43,Standard,75.0,1,72.06048890919394,2.9395110908060644,0.1762524737021966,0.1762524737021966
64919,79,44,Standard,76.0,1,70.17351302846308,5.826486971536923,0.3493549471335385,0.3493549471335385
64919,48,45,Standard,76.0,1,77.152722832252,-1.152722832251996,-0.06911702130088025,0.06911702130088025
64919,121,46,Standard,77.0,1,71.55704638004583,5.442953619954167,0.32635836713246824,0.32635836713246824
64919,73,47,Standard,74.0,0,67.24578028875399,6.754219711246009,0.4049816092746239,0.4049816092746239
64919,57,48,Standard,74.0,1,72.60888944137442,1.3911105586255843,0.08341069979898236,0.08341069979898236
64919,100,49,Standard,74.0,0,68.50195613975737,5.498043860242632,0.32966156648356426,0.32966156648356426
64919,8,50,Standard,74.0,1,74.48710971452215,-0.48710971452214835,-0.029206997183112083,0.029206997183112083
64919,27,51,Standard,76.0,1,71.84986643982066,4.150133560179341,0.2488411452040247,0.2488411452040247
64919,124,52,Standard,76.0,1,69.62256042457234,6.377439575427658,0.3823899506863845,0.3823899506863845
64919,110,53,Standard,74.0,0,66.05546019868513,7.944539801314875,0.4763529543354548,0.4763529543354548
64919,75,54,Standard,72.0,0,65.26732209352419,6.732677906475814,0.40368996714045,0.40368996714045
64919,22,55,Standard,72.0,1,77.15838587586687,-5.15838587586687,-0.309295744375877,0.309295744375877
64919,3,56,Standard,73.0,0,72.0947970901981,0.9052029098019005,0.054275778225167895,0.054275778225167895
64919,82,57,Standard,77.0,1,66.79336084456018,10.206639155439817,0.6119879611812129,0.6119879611812129
64919,32,58,Standard,75.0,1,70.06534245410168,4.934657545898318,0.2958810402376438,0.2958810402376438
64919,120,59,Standard,85.0,1,67.6141800354461,17.385819964553903,1.0424501495088354,1.0424501495088354
64919,35,60,Standard,76.0,0,74.56798311466443,1.432016885335571,0.0858634346416083,0.0858634346416083
64919,115,61,Standard,79.0,1,75.23076656465196,3.769233435348042,0.2260024529313643,0.2260024529313643
64919,23,62,Standard,78.0,1,70.81180983840264,7.188190161597362,0.4310023872289292,0.4310023872289292
64919,20,63,Standard,75.0,1,67.79893130061373,7.201068699386269,0.43177458167652344,0.43177458167652344
64919,101,64,Standard,82.0,1,72.78608558347018,9.213914416529818,0.5524643922838168,0.5524643922838168
64923,45,1,Neutral,100.0,1,76.54446490856097,23.45553509143903,1.4063890062551754,1.4063890062551754
64923,128,2,Neutral,100.0,0,77.02216285530614,22.977837144693865,1.3777463367106941,1.3777463367106941
64923,93,3,Neutral,100.0,0,76.51046353380498,23.48953646619502,1.4084277216145977,1.4084277216145977
64923,30,4,Neutral,100.0,1,80.01255361801506,19.987446381984938,1.1984431284621697,1.1984431284621697
64923,52,5,Neutral,78.0,1,81.69202873832377,-3.6920287383237707,-0.2213732753533253,0.2213732753533253
64923,84,6,Neutral,26.0,0,79.30616210792441,-53.30616210792441,-3.1962263944088782,3.1962263944088782
64923,117,7,Neutral,64.0,0,78.85882056958228,-14.858820569582278,-0.8909317913026856,0.8909317913026856
64923,38,8,Neutral,67.0,0,75.03198274774438,-8.03198274774438,-0.481596015218679,0.481596015218679
64923,43,9,Neutral,73.0,0,80.19440886908528,-7.194408869085279,-0.43137525963665846,0.43137525963665846
64923,42,10,Neutral,23.0,0,78.24282110697366,-55.242821106973665,-3.3123480652430746,3.3123480652430746
64923,62,11,Neutral,67.0,1,73.04045490509787,-6.040454905097874,-0.36218441993295003,0.36218441993295003
64923,4,12,Neutral,92.0,0,79.1354843819265,12.864515618073497,0.7713536811471039,0.7713536811471039
64923,108,13,Neutral,81.0,1,75.6316780474309,5.368321952569104,0.3218834678765073,0.3218834678765073
64923,10,14,Neutral,91.0,1,77.0378330389492,13.962166961050798,0.8371686274037742,0.8371686274037742
64923,44,15,Neutral,96.0,1,77.23189041373404,18.768109586265965,1.1253319477648904,1.1253319477648904
64923,78,16,Neutral,72.0,1,78.32770423950633,-6.327704239506332,-0.37940783028753283,0.37940783028753283
64923,109,17,Neutral,23.0,0,75.84682232618368,-52.846822326183684,-3.168684476620288,3.168684476620288
64923,87,18,Neutral,77.0,1,75.52539637583968,1.4746036241603235,0.08841692664517604,0.08841692664517604
64923,21,19,Neutral,90.0,0,75.24824555236589,14.751754447634113,0.8845121288962102,0.8845121288962102
64923,95,20,Neutral,81.0,1,75.12561183714817,5.8743881628518295,0.35222709260321905,0.35222709260321905
64923,103,21,Neutral,89.0,0,76.2696447451467,12.730355254853293,0.7633094536684921,0.7633094536684921
64923,61,22,Neutral,80.0,1,74.32235592721223,5.677644072787771,0.34043035787800013,0.34043035787800013
64923,33,23,Neutral,77.0,0,75.63842724767244,1.361572752327561,0.08163961907605326,0.08163961907605326
64923,59,24,Neutral,33.0,1,75.05349543310479,-42.053495433104786,-2.5215188406981786,2.5215188406981786
64923,39,25,Neutral,79.0,1,79.79247163099303,-0.7924716309930346,-0.0475164341914544,0.0475164341914544
64923,86,26,Neutral,76.0,0,77.13678477404946,-1.1367847740494597,-0.06816137864554457,0.06816137864554457
64923,55,27,Neutral,86.0,1,82.48871637096019,3.5112836290398093,0.21053583618852312,0.21053583618852312
64923,9,28,Neutral,100.0,0,80.5153010174644,19.484698982535605,1.1682984989428462,1.1682984989428462
64923,97,29,Neutral,82.0,0,76.46269769321312,5.537302306786884,0.332015494774147,0.332015494774147
64923,53,30,Neutral,69.0,0,73.12424220812825,-4.124242208128251,-0.24728870511942286,0.24728870511942286
64923,37,31,Neutral,84.0,1,77.21423821927121,6.785761780728791,0.40687286520130334,0.40687286520130334
64923,54,32,Neutral,85.0,1,78.16385168605878,6.836148313941223,0.40989403125430635,0.40989403125430635
64923,94,33,Neutral,84.0,1,83.94803192839717,0.051968071602829014,0.003115994765993483,0.003115994765993483
64923,89,34,Neutral,23.0,1,72.06800915855024,-49.06800915855024,-2.942107624933298,2.942107624933298
64923,119,35,Neutral,81.0,1,73.2428574489271,7.757142551072903,0.46511665418219367,0.46511665418219367
64923,98,36,Neutral,98.0,0,72.3633520918456,25.6366479081544,1.5371680771598657,1.5371680771598657
64923,104,37,Neutral,88.0,0,77.04647800852693,10.953521991473067,0.6567709007075525,0.6567709007075525
64923,127,38,Neutral,85.0,1,74.29419283956366,10.705807160436336,0.6419179709535188,0.6419179709535188
64923,85,39,Neutral,87.0,0,76.95945482006155,10.040545179938448,0.6020290009511562,0.6020290009511562
64923,24,40,Neutral,80.0,0,77.43319732537061,2.566802674629386,0.15390495457691453,0.15390495457691453
64923,34,41,Neutral,73.0,1,81.0273069004769,-8.027306900476901,-0.48131565238891305,0.48131565238891305
64923,40,42,Neutral,67.0,1,81.65174476961413,-14.651744769614126,-0.878515569400206,0.878515569400206
64923,70,43,Neutral,74.0,0,73.61733637538819,0.3826636246118085,0.022944431352761224,0.022944431352761224
64923,77,44,Neutral,79.0,0,74.77249198759806,4.227508012401941,0.2534805012684531,0.2534805012684531
64923,46,45,Neutral,77.0,1,73.58610900872912,3.4138909912708755,0.20469619388173071,0.20469619388173071
64923,71,46,Neutral,99.0,0,74.1111707935486,24.888829206451405,1.4923290233225912,1.4923290233225912
64923,19,47,Neutral,63.0,0,78.48422825593263,-15.484228255932635,-0.9284311061160858,0.9284311061160858
64923,11,48,Neutral,72.0,1,83.23200577232035,-11.232005772320349,-0.6734687302934971,0.6734687302934971
64923,122,49,Neutral,88.0,1,73.15969868512693,14.840301314873074,0.8898213806415973,0.8898213806415973
64923,41,50,Neutral,89.0,1,82.72177346294994,6.27822653705006,0.37644115753766816,0.37644115753766816
64923,65,51,Neutral,100.0,0,73.5036069773015,26.4963930226985,1.5887182154348067,1.5887182154348067
64923,47,52,Neutral,81.0,0,79.44063422145238,1.5593657785476154,0.09349924779504828,0.09349924779504828
64923,56,53,Neutral,75.0,1,83.22350357099958,-8.223503570999583,-0.49307956395227276,0.49307956395227276
64923,1,54,Neutral,83.0,1,78.92021074843726,4.079789251562744,0.24462331508821922,0.24462331508821922
64923,88,55,Neutral,68.0,1,74.69799059492925,-6.6979905949292515,-0.40161012315371275,0.40161012315371275
64923,25,56,Neutral,79.0,0,78.04080174532123,0.9591982546787676,0.057513327875079706,0.057513327875079706
64923,96,57,Neutral,68.0,1,68.64130481757566,-0.6413048175756586,-0.038452503495692056,0.038452503495692056
64923,118,58,Neutral,76.0,0,76.6830972938762,-0.6830972938762017,-0.040958371683483534,0.040958371683483534
64923,126,59,Neutral,81.0,0,75.7578160905569,5.242183909443099,0.3143202570424171,0.3143202570424171
64923,74,60,Neutral,64.0,0,73.00439820002227,-9.004398200022266,-0.5399018435131453,0.5399018435131453
64923,92,61,Neutral,73.0,1,78.15606976207677,-5.156069762076768,-0.30915687067468295,0.30915687067468295
64923,107,62,Neutral,81.0,1,75.42183050566416,5.578169494335839,0.3344658828408168,0.3344658828408168
64923,14,63,Neutral,69.0,1,77.30162955498855,-8.301629554988551,-0.4977639817051236,0.4977639817051236
64923,12,64,Neutral,87.0,1,78.90895827520461,8.091041724795389,0.4851371792007163,0.4851371792007163
64926,69,1,Standard,85.0,1,71.76187249553934,13.238127504460664,0.7937553721583206,0.7937553721583206
64926,68,2,Standard,72.0,0,69.1993482399027,2.8006517600972956,0.16792649711017069,0.16792649711017069
64926,29,3,Standard,72.0,1,75.04248815302836,-3.0424881530283585,-0.18242695693787214,0.18242695693787214
64926,110,4,Standard,71.0,0,69.12784439810639,1.8721556018936099,0.11225406055491001,0.11225406055491001
64926,116,5,Standard,83.0,0,75.58446816961722,7.4155318303827755,0.44463374641118925,0.44463374641118925
64926,99,6,Standard,71.0,1,70.48478545500505,0.5152145449949472,0.030892156973563265,0.030892156973563265
64926,80,7,Standard,86.0,0,75.45458560784486,10.545414392155138,0.6323008539227568,0.6323008539227568
64926,82,8,Standard,79.0,1,69.86574504398146,9.134254956018538,0.5476880275975908,0.5476880275975908
64926,31,9,Standard,70.0,0,70.66188462132114,-0.6618846213211356,-0.039686464248482205,0.039686464248482205
64926,36,10,Standard,80.0,0,69.51556258373975,10.48443741626025,0.6286446871289088,0.6286446871289088
64926,60,11,Standard,74.0,1,73.28104911091611,0.7189508890838852,0.043108145796000516,0.043108145796000516
64926,76,12,Standard,72.0,0,68.58114907370505,3.418850926294951,0.20499359055430313,0.20499359055430313
64926,2,13,Standard,76.0,0,71.68337252908309,4.316627470916913,0.2588240854676734,0.2588240854676734
64926,50,14,Standard,69.0,0,66.65568798429008,2.3443120157099173,0.1405644609373975,0.1405644609373975
64926,5,15,Standard,71.0,1,69.47227059004936,1.5277294099506378,0.09160233771309219,0.09160233771309219
64926,72,16,Standard,73.0,1,71.20559514585946,1.794404854140538,0.10759214188872916,0.10759214188872916
64926,112,17,Standard,62.0,1,71.51155862277261,-9.511558622772611,-0.5703110769918625,0.5703110769918625
64926,18,18,Standard,68.0,0,73.47310733900369,-5.47310733900369,-0.3281663778558916,0.3281663778558916
64926,114,19,Standard,61.0,1,70.49602582337731,-9.496025823377309,-0.5693797335703307,0.5693797335703307
64926,105,20,Standard,62.0,0,69.92866726239625,-7.928667262396246,-0.4754012402027568,0.4754012402027568
64926,51,21,Standard,100.0,0,70.54058433674979,29.459415663250212,1.766380436770276,1.766380436770276
64926,106,22,Standard,69.0,1,70.01883138685463,-1.0188313868546288,-0.061088918079001485,0.061088918079001485
64926,15,23,Standard,74.0,1,74.8066090988764,-0.8066090988763932,-0.048364113825704054,0.048364113825704054
64926,101,24,Standard,74.0,1,74.87482371312413,-0.8748237131241297,-0.05245424791004519,0.05245424791004519
64926,123,25,Standard,88.0,0,70.50399223674818,17.496007763251825,1.0490569870040403,1.0490569870040403
64926,121,26,Standard,69.0,1,72.75062901352443,-3.7506290135244313,-0.22488693566780762,0.22488693566780762
64926,32,27,Standard,69.0,0,71.60771766355407,-2.6077176635540695,-0.15635820880413226,0.15635820880413226
64926,81,28,Standard,70.0,1,70.39299731279304,-0.3929973127930424,-0.023564037147107857,0.023564037147107857
64926,64,29,Standard,74.0,0,70.90082921055881,3.099170789441189,0.1858256360294295,0.1858256360294295
64926,111,30,Standard,64.0,0,71.91814519171412,-7.9181451917141175,-0.47477033903283267,0.47477033903283267
64926,8,31,Standard,69.0,1,75.63688518873451,-6.63688518873451,-0.39794625570579395,0.39794625570579395
64926,120,32,Standard,65.0,0,69.13342509463902,-4.133425094639023,-0.24783930908493,0.24783930908493
64926,124,33,Standard,66.0,1,70.7723358987847,-4.7723358987847035,-0.2861482680332211,0.2861482680332211
64926,73,34,Standard,67.0,0,67.99962663141416,-0.9996266314141593,-0.05993740493662369,0.05993740493662369
64926,16,35,Standard,66.0,0,71.35213111004398,-5.352131110043985,-0.3209126683257587,0.3209126683257587
64926,7,36,Standard,67.0,1,76.77325915237984,-9.773259152379836,-0.5860025863237085,0.5860025863237085
64926,3,37,Standard,65.0,1,73.11148638845566,-8.11148638845566,-0.4863630369821013,0.4863630369821013
64926,17,38,Standard,66.0,1,76.94798363398186,-10.947983633981863,-0.6564388219441402,0.6564388219441402
64926,67,39,Standard,62.0,1,72.70235277123443,-10.70235277123443,-0.6417108464953494,0.6417108464953494
64926,91,40,Standard,63.0,1,68.9773224747629,-5.9773224747629,-0.35839901253912404,0.35839901253912404
64926,90,41,Standard,64.0,1,71.97239795116997,-7.972397951169967,-0.4780233232073682,0.4780233232073682
64926,23,42,Standard,71.0,0,72.00539247188124,-1.0053924718812368,-0.06028312353196193,0.06028312353196193
64926,48,43,Standard,70.0,1,77.57678890978904,-7.576788909789045,-0.4543026873572677,0.4543026873572677
64926,22,44,Standard,70.0,1,77.97671638680004,-7.976716386800035,-0.4782822557096825,0.4782822557096825
64926,6,45,Standard,67.0,0,72.70035188747126,-5.700351887471257,-0.34179191372409085,0.34179191372409085
64926,27,46,Standard,72.0,0,72.38634168430573,-0.3863416843057337,-0.023164967047117423,0.023164967047117423
64926,20,47,Standard,71.0,0,68.81728529702741,2.1827147029725893,0.1308751196715439,0.1308751196715439
64926,57,48,Standard,72.0,1,72.92632888952835,-0.9263288895283495,-0.05554248757619403,0.05554248757619403
64926,63,49,Standard,75.0,1,67.77556254399022,7.224437456009781,0.4331757674638882,0.4331757674638882
64926,49,50,Standard,72.0,0,73.08775966363274,-1.0877596636327382,-0.06522184322025008,0.06522184322025008
64926,75,51,Standard,67.0,1,66.3245769666987,0.6754230333012998,0.04049822461535637,0.04049822461535637
64926,26,52,Standard,73.0,1,78.07731625280437,-5.077316252804366,-0.3044348266363379,0.3044348266363379
64926,58,53,Standard,65.0,1,71.97362614783702,-6.973626147837024,-0.41813717358472363,0.41813717358472363
64926,79,54,Standard,74.0,1,70.66127483117654,3.3387251688234585,0.20018926679931426,0.20018926679931426
64926,102,55,Standard,70.0,0,67.96671938967818,2.0332806103218246,0.12191508255260988,0.12191508255260988
64926,13,56,Standard,71.0,1,68.97328887437493,2.02671112562507,0.12152117761638656,0.12152117761638656
64926,66,57,Standard,67.0,0,68.13973663898537,-1.1397366389853687,-0.06833837185323002,0.06833837185323002
64926,125,58,Standard,69.0,0,65.21742091926995,3.782579080730045,0.2268026550531006,0.2268026550531006
64926,113,59,Standard,71.0,1,74.54292038394827,-3.542920383948271,-0.21243276943363545,0.21243276943363545
64926,115,60,Standard,68.0,1,75.6110254829228,-7.611025482922798,-0.4563555051625088,0.4563555051625088
64926,35,61,Standard,78.0,1,74.70852922759732,3.2914707724026755,0.19735590301697747,0.19735590301697747
64926,28,62,Standard,75.0,0,71.20669748485335,3.7933025151466495,0.22744562995066817,0.22744562995066817
64926,83,63,Standard,80.0,1,70.4417359095315,9.558264090468498,0.5731115271220101,0.5731115271220101
64926,100,64,Standard,78.0,0,68.02920202296299,9.970797977037009,0.5978469731698571,0.5978469731698571
64939,79,1,Standard,50.0,0,65.08534228083582,-15.085342280835818,-0.9045139860018534,0.9045139860018534
64939,36,2,Standard,50.0,0,61.9683078664185,-11.968307866418499,-0.7176172507337857,0.7176172507337857
64939,69,3,Standard,61.0,1,63.776546185555745,-2.7765461855557447,-0.1664811318736694,0.1664811318736694
64939,57,4,Standard,50.0,1,66.3667502694203,-16.366750269420294,-0.9813469425149849,0.9813469425149849
64939,5,5,Standard,50.0,0,61.2711500680839,-11.271150068083898,-0.6758158141270076,0.6758158141270076
64939,26,6,Standard,99.0,1,71.58633964037811,27.413660359621886,1.6437173742012532,1.6437173742012532
64939,123,7,Standard,82.0,1,63.39480911208926,18.605190887910737,1.1155633764921837,1.1155633764921837
64939,66,8,Standard,57.0,0,61.647095328403026,-4.647095328403026,-0.27863886947824174,0.27863886947824174
64939,3,9,Standard,50.0,1,65.6988947332824,-15.698894733282401,-0.941302463455805,0.941302463455805
64939,67,10,Standard,67.0,1,66.07504839850407,0.924951601495934,0.05545990567219207,0.05545990567219207
64939,80,11,Standard,61.0,1,66.79226334295761,-5.792263342957611,-0.3473029054810898,0.3473029054810898
64939,50,12,Standard,50.0,0,58.237196364149554,-8.237196364149554,-0.4939005809819833,0.4939005809819833
64939,72,13,Standard,50.0,1,63.439304632207026,-13.439304632207026,-0.8058179109010732,0.8058179109010732
64939,91,14,Standard,81.0,0,62.218596624233854,18.781403375766146,1.1261290406187365,1.1261290406187365
64939,114,15,Standard,60.0,0,62.18416083261991,-2.1841608326199093,-0.13096182930445918,0.13096182930445918
64939,102,16,Standard,61.0,0,61.18810497323897,-0.18810497323897124,-0.011278735076982746,0.011278735076982746
64939,115,17,Standard,57.0,1,68.98862739269785,-11.98862739269785,-0.7188356053038344,0.7188356053038344
64939,15,18,Standard,85.0,1,66.38645278057976,18.61354721942024,1.1160644203917056,1.1160644203917056
64939,20,19,Standard,51.0,1,61.556792128659616,-10.556792128659616,-0.6329830606374443,0.6329830606374443
64939,22,20,Standard,55.0,1,70.52198227051665,-15.521982270516645,-0.930694828979195,0.930694828979195
64939,112,21,Standard,79.0,1,62.83022404703466,16.169775952965338,0.9695364034632459,0.9695364034632459
64939,83,22,Standard,72.0,1,63.59863732481931,8.401362675180692,0.5037439588512833,0.5037439588512833
64939,16,23,Standard,62.0,0,63.98010502978765,-1.9801050297876515,-0.1187266858022073,0.1187266858022073
64939,8,24,Standard,96.0,0,67.4564416757758,28.543558324224193,1.7114658211845317,1.7114658211845317
64939,32,25,Standard,64.0,0,63.056139867458725,0.9438601325412748,0.05659365726144095,0.05659365726144095
64939,68,26,Standard,50.0,1,59.5087843028853,-9.508784302885303,-0.5701447293483687,0.5701447293483687
64939,2,27,Standard,53.0,0,63.172360307904675,-10.172360307904675,-0.609932608611656,0.609932608611656
64939,120,28,Standard,50.0,0,60.80254779303095,-10.802547793030953,-0.6477185191656505,0.6477185191656505
64939,63,29,Standard,50.0,1,60.16461210149256,-10.164612101492558,-0.6094680277665072,0.6094680277665072
64939,35,30,Standard,88.0,1,67.42735905022276,20.572640949777238,1.2335312730495738,1.2335312730495738
64939,99,31,Standard,50.0,0,60.90251284552688,-10.902512845526878,-0.6537124029245124,0.6537124029245124
64939,23,32,Standard,100.0,0,63.956370436721244,36.043629563278756,2.161168532958814,2.161168532958814
64939,101,33,Standard,81.0,1,65.97445334105501,15.02554665894499,0.9009286529484137,0.9009286529484137
64939,27,34,Standard,100.0,0,64.42493396767821,35.575066032321786,2.133073561085394,2.133073561085394
64939,29,35,Standard,97.0,1,65.00146694188109,31.99853305811891,1.9186253877301875,1.9186253877301875
64939,7,36,Standard,73.0,1,68.26715321370682,4.73284678629318,0.28378050906040947,0.28378050906040947
64939,82,37,Standard,83.0,0,60.69762543380954,22.30237456619046,1.3372457409732432,1.3372457409732432
64939,75,38,Standard,54.0,0,58.996358045708604,-4.996358045708604,-0.29958058937499465,0.29958058937499465
64939,17,39,Standard,50.0,1,68.39807053604261,-18.39807053604261,-1.1031444832670465,1.1031444832670465
64939,13,40,Standard,54.0,1,61.16809748396166,-7.16809748396166,-0.4297976344563781,0.4297976344563781
64939,28,41,Standard,100.0,0,64.22893583799315,35.77106416200685,2.1448255681814192,2.1448255681814192
64939,73,42,Standard,50.0,0,59.00997724265649,-9.00997724265649,-0.5402363617492723,0.5402363617492723
64939,64,43,Standard,50.0,0,61.78142304215853,-11.78142304215853,-0.7064116755358409,0.7064116755358409
64939,81,44,Standard,50.0,0,61.185976825860294,-11.185976825860294,-0.6707088442359602,0.6707088442359602
64939,124,45,Standard,50.0,1,61.75955635976758,-11.75955635976758,-0.7051005538070882,0.7051005538070882
64939,76,46,Standard,50.0,0,58.45251354402531,-8.452513544025308,-0.5068109543098404,0.5068109543098404
64939,113,47,Standard,50.0,1,66.56250035647008,-16.562500356470082,-0.9930840770261817,0.9930840770261817
64939,6,48,Standard,50.0,1,64.67121841822141,-14.671218418221414,-0.8796832053209471,0.8796832053209471
64939,110,49,Standard,50.0,1,59.25881023967473,-9.25881023967473,-0.5551563365030228,0.5551563365030228
64939,100,50,Standard,50.0,0,60.00331013806247,-10.003310138062467,-0.5997963955836946,0.5997963955836946
64939,116,51,Standard,50.0,0,65.08224521554816,-15.082245215548156,-0.9043282866112728,0.9043282866112728
64939,125,52,Standard,50.0,1,56.84107176023956,-6.841071760239558,-0.4101892400704716,0.4101892400704716
64939,121,53,Standard,53.0,1,63.080742085513776,-10.080742085513776,-0.6044391990500796,0.6044391990500796
64939,90,54,Standard,50.0,1,62.763712766081106,-12.763712766081106,-0.7653095631046632,0.7653095631046632
64939,60,55,Standard,50.0,0,62.86644047537949,-12.866440475379491,-0.7714690951908768,0.7714690951908768
64939,48,56,Standard,54.0,1,68.50118990065499,-14.501189900654992,-0.8694883307668996,0.8694883307668996
64939,105,57,Standard,50.0,0,60.41009037809446,-10.41009037809446,-0.6241868541817438,0.6241868541817438
64939,58,58,Standard,50.0,1,63.85687836005472,-13.856878360054722,-0.8308555447839318,0.8308555447839318
64939,31,59,Standard,52.0,0,59.96542071933643,-7.965420719336429,-0.47760496983761863,0.47760496983761863
64939,49,60,Standard,80.0,0,64.16259444314808,15.83740555685192,0.9496075436322373,0.9496075436322373
64939,51,61,Standard,63.0,0,60.14910585147265,2.8508941485273525,0.17093902027199886,0.17093902027199886
64939,106,62,Standard,66.0,1,59.62735290157747,6.372647098422533,0.38210259476180364,0.38210259476180364
64939,111,63,Standard,71.0,0,61.9664029972554,9.0335970027446,0.5416525976521754,0.5416525976521754
64939,18,64,Standard,100.0,0,62.97088438493461,37.02911561506539,2.220258071681655,2.220258071681655
64947,72,1,Standard,74.0,0,67.50940772958177,6.490592270418233,0.3891745627467153,0.3891745627467153
64947,31,2,Standard,38.0,1,65.85474749688622,-27.85474749688622,-1.6701648672228702,1.6701648672228702
64947,113,3,Standard,63.0,1,71.88233406355882,-8.882334063558815,-0.5325829032753298,0.5325829032753298
64947,48,4,Standard,61.0,1,74.1714808818736,-13.171480881873606,-0.7897592545278733,0.7897592545278733
64947,121,5,Standard,62.0,1,68.59481674051814,-6.594816740518141,-0.3954238402993208,0.3954238402993208
64947,7,6,Standard,68.0,1,72.97368669106828,-4.973686691068281,-0.2982212196655097,0.2982212196655097
64947,100,7,Standard,78.0,0,65.33637361843702,12.663626381562977,0.7593084043029824,0.7593084043029824
64947,15,8,Standard,59.0,1,70.27388000516859,-11.273880005168593,-0.6759795005868865,0.6759795005868865
64947,23,9,Standard,67.0,0,68.37526611006976,-1.3752661100697594,-0.08246066995859637,0.08246066995859637
64947,123,10,Standard,64.0,1,66.80780482047048,-2.80780482047048,-0.16835539312259198,0.16835539312259198
64947,76,11,Standard,66.0,1,63.43511975027,2.5648802497300025,0.15378968637973614,0.15378968637973614
64947,116,12,Standard,72.0,0,70.2020554371564,1.7979445628435968,0.10780438208644456,0.10780438208644456
64947,35,13,Standard,79.0,1,71.62143638967525,7.378563610324747,0.4424171396244437,0.4424171396244437
64947,26,14,Standard,78.0,1,74.62820106562269,3.37179893437731,0.20217236290388255,0.20217236290388255
64947,105,15,Standard,41.0,1,65.7944082534562,-24.794408253456197,-1.4866675626168382,1.4866675626168382
64947,102,16,Standard,70.0,0,64.5994359834641,5.4005640165358955,0.3238166953268766,0.3238166953268766
64947,57,17,Standard,37.0,0,69.2085882091844,-32.2085882091844,-1.9312202509048757,1.9312202509048757
64947,17,18,Standard,71.0,1,72.710339580008,-1.7103395800079966,-0.1025516055340081,0.1025516055340081
64947,125,19,Standard,31.0,0,61.736063647951774,-30.736063647951774,-1.8429279844404813,1.8429279844404813
64947,27,20,Standard,68.0,0,68.44956520763063,-0.44956520763062713,-0.026955836357675223,0.026955836357675223
64947,111,21,Standard,69.0,0,67.19862238581169,1.8013776141883113,0.10801022713113417,0.10801022713113417
64947,50,22,Standard,67.0,0,61.19144347086167,5.808556529138329,0.3482798415361446,0.3482798415361446
64947,106,23,Standard,39.0,0,64.78518774488708,-25.785187744887082,-1.5460744948799214,1.5460744948799214
64947,67,24,Standard,36.0,1,69.00616535495672,-33.00616535495672,-1.9790428107007503,1.9790428107007503
64947,69,25,Standard,67.0,0,66.3572058678785,0.6427941321214945,0.038541802486141606,0.038541802486141606
64947,32,26,Standard,67.0,0,66.46168834011901,0.5383116598809892,0.032277055178840115,0.032277055178840115
64947,80,27,Standard,66.0,1,69.50267980492299,-3.502679804922991,-0.21001995268373524,0.21001995268373524
64947,58,28,Standard,38.0,1,68.71551032422167,-30.71551032422167,-1.841695611423906,1.841695611423906
64947,83,29,Standard,71.0,0,66.74134284188216,4.258657158117842,0.255348197567783,0.255348197567783
64947,73,30,Standard,63.0,0,62.9850187857778,0.01498121422220322,0.0008982704892607781,0.0008982704892607781
64947,91,31,Standard,67.0,0,65.0182921028878,1.9817078971122015,0.11882279339365405,0.11882279339365405
64947,81,32,Standard,62.0,0,65.10398143642956,-3.1039814364295637,-0.18611408142242736,0.18611408142242736
64947,8,33,Standard,60.0,0,70.47350825260483,-10.47350825260483,-0.6279893767489655,0.6279893767489655
64947,2,34,Standard,67.0,0,66.41012737922095,0.5898726207790475,0.035368639671638544,0.035368639671638544
64947,5,35,Standard,66.0,0,63.406290922023395,2.593709077976605,0.15551825692614157,0.15551825692614157
64947,22,36,Standard,67.0,1,73.21338642163134,-6.213386421631341,-0.3725533577013521,0.3725533577013521
64947,112,37,Standard,66.0,1,65.52162819814937,0.4783718018506278,0.028683073756469404,0.028683073756469404
64947,51,38,Standard,68.0,0,64.60602614652252,3.393973853477476,0.20350196644161872,0.20350196644161872
64947,13,39,Standard,70.0,0,64.60422334260234,5.395776657397661,0.32352964626853026,0.32352964626853026
64947,64,40,Standard,71.0,0,65.30516321933169,5.694836780668311,0.3414612290671112,0.3414612290671112
64947,16,41,Standard,66.0,0,66.73599334917537,-0.7359933491753736,-0.044130008158925677,0.044130008158925677
64947,101,42,Standard,71.0,0,68.97250760703336,2.0274923929666357,0.12156802224371399,0.12156802224371399
64947,82,43,Standard,71.0,1,63.979199664392056,7.0208003356079445,0.4209657280730949,0.4209657280730949
64947,66,44,Standard,75.0,1,63.5193932267451,11.480606773254898,0.6883747946103156,0.6883747946103156
64947,99,45,Standard,73.0,1,63.70054362602474,9.29945637397526,0.5575934702628875,0.5575934702628875
64947,110,46,Standard,74.0,1,62.93464890365337,11.065351096346632,0.663476150579722,0.663476150579722
64947,3,47,Standard,75.0,1,67.48357831309202,7.516421686907975,0.4506830812273236,0.4506830812273236
64947,79,48,Standard,78.0,0,66.57082298150274,11.429177018497256,0.6852910772104108,0.6852910772104108
64947,36,49,Standard,71.0,1,63.453788567085425,7.546211432914575,0.45246926820278544,0.45246926820278544
64947,114,50,Standard,75.0,0,64.06224126852688,10.937758731473124,0.6558257389160932,0.6558257389160932
64947,6,51,Standard,75.0,1,68.08421412660265,6.915785873397354,0.4146690827578201,0.4146690827578201
64947,60,52,Standard,76.0,1,66.40919296340333,9.590807036596672,0.5750627954042042,0.5750627954042042
64947,63,53,Standard,72.0,1,62.52457128932808,9.47542871067192,0.5681447349759038,0.5681447349759038
64947,124,54,Standard,70.0,1,64.7766229365966,5.2233770634034045,0.3131926024649603,0.3131926024649603
64947,18,55,Standard,77.0,0,66.77647982855586,10.223520171444136,0.6130001433902453,0.6130001433902453
64947,28,56,Standard,72.0,0,67.11624563517955,4.883754364820447,0.29282889608607154,0.29282889608607154
64947,20,57,Standard,66.0,0,63.303451086767865,2.696548913232135,0.16168451206142775,0.16168451206142775
64947,75,58,Standard,74.0,0,61.66463204656385,12.335367953436148,0.7396260972173223,0.7396260972173223
64947,29,59,Standard,75.0,1,67.39945075141796,7.600549248582041,0.4557273523300811,0.4557273523300811
64947,120,60,Standard,72.0,0,62.793037395885925,9.206962604114075,0.552047563057072,0.552047563057072
64947,68,61,Standard,74.0,0,61.42488936049362,12.575110639506377,0.7540010188170568,0.7540010188170568
64947,49,62,Standard,73.0,0,67.48631113484075,5.513688865159253,0.33059963772482004,0.33059963772482004
64947,90,63,Standard,77.0,1,65.8188039646115,11.181196035388496,0.6704221890334873,0.6704221890334873
64947,115,64,Standard,72.0,1,70.32200960655929,1.6779903934407088,0.10061195503479027,0.10061195503479027
64973,27,1,Standard,100.0,0,70.31066563479087,29.689334365209135,1.7801663143256983,1.7801663143256983
64973,76,2,Standard,63.0,1,64.85814858476789,-1.8581485847678891,-0.1114142027209597,0.1114142027209597
64973,82,3,Standard,62.0,1,66.7602504361432,-4.760250436143195,-0.2854236262065365,0.2854236262065365
64973,112,4,Standard,65.0,1,67.99602885503688,-2.996028855036883,-0.17964126709200745,0.17964126709200745
64973,73,5,Standard,50.0,1,65.10896216853543,-15.108962168535427,-0.9059302295563156,0.9059302295563156
64973,110,6,Standard,48.0,1,65.71569967540452,-17.715699675404522,-1.0622296683694508,1.0622296683694508
64973,69,7,Standard,55.0,0,68.17449913577252,-13.174499135772521,-0.7899402284039743,0.7899402284039743
64973,106,8,Standard,76.0,1,66.47105953498239,9.528940465017612,0.5713532886381342,0.5713532886381342
64973,90,9,Standard,62.0,1,69.21315496608993,-7.213154966089931,-0.4324992717146075,0.4324992717146075
64973,29,10,Standard,54.0,1,70.57476595656522,-16.574765956565216,-0.9938195198571241,0.9938195198571241
64973,16,11,Standard,61.0,0,69.07897252826417,-8.078972528264174,-0.4844135126866222,0.4844135126866222
64973,101,12,Standard,60.0,1,71.31548678612216,-11.315486786122165,-0.678474234520291,0.678474234520291
64973,60,13,Standard,84.0,1,69.14643657588823,14.853563424111769,0.8906165739535532,0.8906165739535532
64973,49,14,Standard,100.0,0,70.61781918072175,29.382180819278247,1.7617494515875227,1.7617494515875227
64973,114,15,Standard,100.0,0,66.62425624394683,33.37574375605317,2.0012026547727415,2.0012026547727415
64973,102,16,Standard,44.0,0,65.6282003845659,-21.6282003845659,-1.2968223972447124,1.2968223972447124
64973,67,17,Standard,64.0,1,70.34157987092216,-6.3415798709221605,-0.38023981026164105,0.38023981026164105
64973,50,18,Standard,77.0,0,62.39543650902839,14.604563490971607,0.8756865897446483,0.8756865897446483
64973,115,19,Standard,82.0,1,73.3220961746416,8.677903825358399,0.5203253087062709,0.5203253087062709
64973,22,20,Standard,76.0,1,74.94306537099287,1.0569346290071309,0.06337358055449183,0.06337358055449183
64973,111,21,Standard,82.0,0,68.22738678691347,13.77261321308653,0.8258030240955507,0.8258030240955507
64973,100,22,Standard,66.0,0,65.70803063054531,0.29196936945469076,0.017506422674373547,0.017506422674373547
64973,3,23,Standard,70.0,1,69.56371453658342,0.43628546341658136,0.026159585656264816,0.026159585656264816
64973,64,24,Standard,69.0,0,67.03484216869322,1.965157831306783,0.11783045488972302,0.11783045488972302
64973,18,25,Standard,100.0,0,69.11945900764465,30.88054099235535,1.8515908159653223,1.8515908159653223
64973,125,26,Standard,81.0,0,62.45817793418993,18.541822065810067,1.1117637950972468,1.1117637950972468
64973,51,27,Standard,100.0,0,66.11666929955288,33.88333070044712,2.0316374624005094,2.0316374624005094
64973,57,28,Standard,87.0,1,69.75547385835762,17.244526141642382,1.033978201270611,1.033978201270611
64973,28,29,Standard,79.0,0,69.32780333646966,9.672196663530343,0.5799429005093103,0.5799429005093103
64973,36,30,Standard,45.0,0,65.31488899424565,-20.31488899424565,-1.2180765193981549,1.2180765193981549
64973,105,31,Standard,28.0,0,66.12225810629826,-38.12225810629826,-2.2858026681253927,2.2858026681253927
64973,99,32,Standard,35.0,1,65.29880109758757,-30.29880109758757,-1.8167098128540329,1.8167098128540329
64973,5,33,Standard,39.0,0,64.52266964165764,-25.522669641657643,-1.5303339640037104,1.5303339640037104
64973,7,34,Standard,79.0,1,72.77585063271553,6.224149367284468,0.3731987016844448,0.3731987016844448
64973,23,35,Standard,48.0,0,68.26504437024947,-20.26504437024947,-1.2150878461090626,1.2150878461090626
64973,123,36,Standard,64.0,1,66.69758308065019,-2.6975830806501904,-0.16174652052474825,0.16174652052474825
64973,58,37,Standard,66.0,1,69.35001029192735,-3.3500102919273473,-0.2008659204337623,0.2008659204337623
64973,35,38,Standard,77.0,1,71.5550218091212,5.4449781908788,0.3264797599840782,0.3264797599840782
64973,20,39,Standard,68.0,0,65.12074435466187,2.8792556453381337,0.172639569722699,0.172639569722699
64973,113,40,Standard,72.0,1,71.29023357180996,0.7097664281900364,0.04255744743081148,0.04255744743081148
64973,79,41,Standard,37.0,1,67.90623749746817,-30.90623749746817,-1.853131573068026,1.853131573068026
64973,75,42,Standard,64.0,0,63.39431099592538,0.6056890040746197,0.03631698672485625,0.03631698672485625
64973,72,43,Standard,54.0,1,66.69827144150172,-12.698271441501717,-0.7613857148921012,0.7613857148921012
64973,80,44,Standard,74.0,1,69.7867224984988,4.213277501501196,0.2526272427942302,0.2526272427942302
64973,48,45,Standard,73.0,1,73.40415175305982,-0.4041517530598213,-0.02423285506581966,0.02423285506581966
64973,8,46,Standard,85.0,0,70.93277958324559,14.06722041675441,0.8434676107607815,0.8434676107607815
64973,15,47,Standard,95.0,1,69.59416519488727,25.405834805112733,1.5233285715015221,1.5233285715015221
64973,91,48,Standard,96.0,0,65.30233479646361,30.69766520353639,1.840625621698699,1.840625621698699
64973,68,49,Standard,56.0,0,62.97933967279021,-6.979339672790211,-0.4184797553527285,0.4184797553527285
64973,2,50,Standard,63.0,0,66.73797723206302,-3.7379772320630167,-0.22412833748245345,0.22412833748245345
64973,66,51,Standard,23.0,0,64.24150751298326,-41.24150751298326,-2.4728322138691996,2.4728322138691996
64973,63,52,Standard,41.0,1,63.59714284969611,-22.597142849696112,-1.3549199859520487,1.3549199859520487
64973,120,53,Standard,34.0,0,64.12845191185134,-30.128451911851343,-1.80649571110321,1.80649571110321
64973,116,54,Standard,76.0,0,69.39091914907637,6.6090808509236325,0.3962791133928609,0.3962791133928609
64973,83,55,Standard,63.0,0,66.63112110206188,-3.6311211020618828,-0.217721266149452,0.217721266149452
64973,6,56,Standard,56.0,1,68.89394273137326,-12.893942731373258,-0.7731181247408769,0.7731181247408769
64973,32,57,Standard,60.0,0,66.13243080396754,-6.132430803967537,-0.3676992757018105,0.3676992757018105
64973,26,58,Standard,80.0,1,73.7294504590102,6.270549540989805,0.37598084645040813,0.37598084645040813
64973,13,59,Standard,73.0,1,64.75684455837944,8.243155441620559,0.49425788602789134,0.49425788602789134
64973,121,60,Standard,67.0,1,67.21418738197707,-0.21418738197706944,-0.012842630880805346,0.012842630880805346
64973,31,61,Standard,71.0,0,64.29888950128021,6.701110498719785,0.4017971919361761,0.4017971919361761
64973,81,62,Standard,67.0,0,64.81853105954433,2.181468940455673,0.13080042401009911,0.13080042401009911
64973,17,63,Standard,80.0,1,71.76778181412924,8.232218185870764,0.4936020904476521,0.4936020904476521
64973,124,64,Standard,89.0,1,65.36731574503605,23.632684254963948,1.4170108332600804,1.4170108332600804
64976,78,1,Neutral,56.0,1,61.694434111366974,-5.694434111366974,-0.34143708509954235,0.34143708509954235
64976,108,2,Neutral,55.0,1,59.24145012094166,-4.241450120941657,-0.254316467197085,0.254316467197085
64976,128,3,Neutral,53.0,0,60.10624901762208,-7.106249017622083,-0.4260892132767022,0.4260892132767022
64976,40,4,Neutral,44.0,0,66.00702699374747,-22.007026993747473,-1.3195367619502247,1.3195367619502247
64976,42,5,Neutral,45.0,1,61.15246707532129,-16.15246707532129,-0.9684985667592736,0.9684985667592736
64976,87,6,Neutral,54.0,0,59.17897560861668,-5.178975608616682,-0.31053030046970226,0.31053030046970226
64976,93,7,Neutral,56.0,0,59.46312821832223,-3.4631282183222325,-0.20764844777632605,0.20764844777632605
64976,12,8,Neutral,56.0,1,64.05276936613016,-8.052769366130164,-0.4828423765342927,0.4828423765342927
64976,11,9,Neutral,55.0,1,67.63109515571992,-12.631095155719919,-0.7573578387666463,0.7573578387666463
64976,47,10,Neutral,55.0,0,63.990157393501335,-8.990157393501335,-0.5390479677156772,0.5390479677156772
64976,71,11,Neutral,43.0,0,58.22095767477914,-15.220957674779143,-0.9126454568200345,0.9126454568200345
64976,41,12,Neutral,56.0,1,67.07705568708327,-11.077055687083273,-0.6641779554061971,0.6641779554061971
64976,53,13,Neutral,54.0,0,56.996857237236426,-2.9968572372364264,-0.17969093671642122,0.17969093671642122
64976,33,14,Neutral,56.0,0,58.6092279879809,-2.6092279879809013,-0.1564487675426771,0.1564487675426771
64976,84,15,Neutral,56.0,1,61.488433981440636,-5.488433981440636,-0.3290853601490729,0.3290853601490729
64976,30,16,Neutral,54.0,1,62.063404013732615,-8.063404013732615,-0.4834800277929478,0.4834800277929478
64976,43,17,Neutral,55.0,0,62.53456176697187,-7.534561766971869,-0.45177075665553246,0.45177075665553246
64976,39,18,Neutral,54.0,0,62.78973191787313,-8.789731917873127,-0.527030497877615,0.527030497877615
64976,46,19,Neutral,63.0,0,57.30163145656355,5.698368543436452,0.34167299282822133,0.34167299282822133
64976,1,20,Neutral,64.0,1,62.98619047040156,1.01380952959844,0.060787808562268925,0.060787808562268925
64976,9,21,Neutral,59.0,0,63.53157361519518,-4.531573615195178,-0.27171221157826575,0.27171221157826575
64976,85,22,Neutral,57.0,0,60.39478669960398,-3.3947866996039835,-0.20355070452632412,0.20355070452632412
64976,92,23,Neutral,59.0,1,62.39727812110601,-3.3972781211060123,-0.2037000896414682,0.2037000896414682
64976,122,24,Neutral,61.0,0,56.96450014964992,4.035499850350078,0.2419677318019589,0.2419677318019589
64976,44,25,Neutral,60.0,1,59.92171214265389,0.07828785734611188,0.004694123645681887,0.004694123645681887
64976,61,26,Neutral,59.0,1,56.85674977301443,2.1432502269855718,0.12850883789841902,0.12850883789841902
64976,74,27,Neutral,62.0,0,57.577927777390165,4.422072222609835,0.2651465308508255,0.2651465308508255
64976,95,28,Neutral,69.0,0,57.46576473503477,11.534235264965233,0.6915903478206531,0.6915903478206531
64976,117,29,Neutral,67.0,0,60.60468554859226,6.395314451407742,0.38346172453288013,0.38346172453288013
64976,96,30,Neutral,64.0,1,52.95199143934616,11.048008560653841,0.6624362957461466,0.6624362957461466
64976,25,31,Neutral,69.0,0,61.84560320984422,7.154396790155779,0.4289761437049822,0.4289761437049822
64976,109,32,Neutral,65.0,0,57.88032510920662,7.119674890793377,0.4268942258400001,0.4268942258400001
64976,45,33,Neutral,69.0,0,58.270529133623654,10.729470866376346,0.6433368418405628,0.6433368418405628
64976,89,34,Neutral,58.0,1,55.19590248013243,2.804097519867568,0.1681331041494139,0.1681331041494139
64976,65,35,Neutral,66.0,0,56.78105783247359,9.218942167526407,0.5527658551879981,0.5527658551879981
64976,88,36,Neutral,65.0,1,58.658219942569886,6.341780057430114,0.38025181340302705,0.38025181340302705
64976,94,37,Neutral,69.0,1,66.4634134633487,2.536586536651299,0.15209320122751507,0.15209320122751507
64976,119,38,Neutral,58.0,1,55.82105845399552,2.1789415460044808,0.13064888196440413,0.13064888196440413
64976,126,39,Neutral,56.0,1,59.21049558279394,-3.210495582793939,-0.1925006474876879,0.1925006474876879
64976,37,40,Neutral,63.0,1,59.39651009278746,3.6034899072125413,0.2160645054524858,0.2160645054524858
64976,34,41,Neutral,40.0,1,63.71791707249336,-23.717917072493357,-1.4221213752740745,1.4221213752740745
64976,55,42,Neutral,56.0,0,64.52221915398314,-8.522219153983144,-0.5109904881868906,0.5109904881868906
64976,118,43,Neutral,56.0,0,60.04982716573686,-4.049827165736858,-0.2428267946530329,0.2428267946530329
64976,127,44,Neutral,56.0,0,57.15924320554845,-1.1592432055484494,-0.06950798152775477,0.06950798152775477
64976,77,45,Neutral,56.0,1,57.30522113524418,-1.3052211352441816,-0.07826078783465079,0.07826078783465079
64976,10,46,Neutral,67.0,1,58.76389726401191,8.23610273598809,0.4938350072648536,0.4938350072648536
64976,52,47,Neutral,62.0,1,62.5427382211584,-0.5427382211584018,-0.03254247087248337,0.03254247087248337
64976,104,48,Neutral,63.0,0,59.69249257818055,3.3075074218194516,0.1983174571810159,0.1983174571810159
64976,54,49,Neutral,64.0,1,60.54702330011497,3.4529766998850278,0.20703976484194728,0.20703976484194728
64976,103,50,Neutral,69.0,0,57.70885960929306,11.291140390706943,0.6770144297142856,0.6770144297142856
64976,19,51,Neutral,60.0,0,61.01862210173485,-1.0186221017348487,-0.06107636938674253,0.06107636938674253
64976,70,52,Neutral,65.0,1,55.79960824890445,9.200391751095552,0.5516535760765601,0.5516535760765601
64976,24,53,Neutral,57.0,0,59.5733267377767,-2.5733267377767035,-0.1542961360464795,0.1542961360464795
64976,107,54,Neutral,60.0,0,58.34882408670637,1.6511759132936277,0.09900416438152708,0.09900416438152708
64976,62,55,Neutral,70.0,1,53.822562380250716,16.177437619749284,0.9699957954102862,0.9699957954102862
64976,56,56,Neutral,63.0,1,65.78269226521734,-2.782692265217335,-0.16684964953203585,0.16684964953203585
64976,98,57,Neutral,66.0,1,54.15302423012183,11.84697576987817,0.710342203457525,0.710342203457525
64976,97,58,Neutral,38.0,1,57.76882638140469,-19.768826381404693,-1.185334718691728,1.185334718691728
64976,21,59,Neutral,67.0,1,56.205581664583676,10.794418335416324,0.6472310785776844,0.6472310785776844
64976,14,60,Neutral,63.0,1,60.00958733969961,2.990412660300393,0.17930452122355484,0.17930452122355484
64976,4,61,Neutral,70.0,0,59.565469884793394,10.434530115206606,0.6256522557364853,0.6256522557364853
64976,59,62,Neutral,65.0,1,56.09844586385505,8.901554136144952,0.5337353348305763,0.5337353348305763
64976,86,63,Neutral,67.0,0,58.20653005321526,8.79346994678474,0.5272546293137925,0.5272546293137925
64976,38,64,Neutral,64.0,0,55.70667515041745,8.293324849582547,0.4972660332960312,0.4972660332960312
65018,55,1,Neutral,40.0,1,42.03304564443689,-2.033045644436889,-0.1219009940470128,0.1219009940470128
65018,126,2,Neutral,30.0,0,36.66016730128685,-6.660167301286847,-0.3993422463326696,0.3993422463326696
65018,41,3,Neutral,36.0,1,43.186053081017526,-7.186053081017526,-0.43087424832179083,0.43087424832179083
65018,96,4,Neutral,44.0,1,29.368427391240658,14.631572608759342,0.8773060508303682,0.8773060508303682
65018,118,5,Neutral,58.0,0,37.4102198675412,20.5897801324588,1.234558934878885,1.234558934878885
65018,9,6,Neutral,57.0,0,39.88440165387615,17.115598346123853,1.0262477174632236,1.0262477174632236
65018,77,7,Neutral,39.0,1,34.79870001300332,4.2012999869966805,0.25190907351539077,0.25190907351539077
65018,109,8,Neutral,43.0,1,34.646429892134385,8.353570107865615,0.500878326454043,0.500878326454043
65018,45,9,Neutral,41.0,1,34.59935076698569,6.400649233014313,0.38378159692858566,0.38378159692858566
65018,89,10,Neutral,40.0,1,31.524724113494457,8.475275886505543,0.5081757796312845,0.5081757796312845
65018,107,11,Neutral,35.0,1,36.061338760796694,-1.0613387607966942,-0.0636376513807081,0.0636376513807081
65018,30,12,Neutral,35.0,1,38.06743947643981,-3.0674394764398087,-0.18392303310073013,0.18392303310073013
65018,61,13,Neutral,60.0,1,33.12196349316293,26.87803650683707,1.6116014793769418,1.6116014793769418
65018,1,14,Neutral,39.0,1,39.07784025164121,-0.07784025164121289,-0.004667285300700501,0.004667285300700501
65018,62,15,Neutral,36.0,1,31.270569400587526,4.729430599412474,0.28357567520547466,0.28357567520547466
65018,117,16,Neutral,39.0,0,36.869899268740774,2.130100731259226,0.12772039686924455,0.12772039686924455
65018,92,17,Neutral,31.0,1,38.488927902345665,-7.488927902345665,-0.44903455962259187,0.44903455962259187
65018,65,18,Neutral,37.0,1,33.354586365641815,3.645413634358185,0.21857824341365448,0.21857824341365448
65018,84,19,Neutral,32.0,1,37.14201217001794,-5.142012170017942,-0.30831398037826124,0.30831398037826124
65018,19,20,Neutral,30.0,0,38.07236468867555,-8.072364688675549,-0.4840173079990586,0.4840173079990586
65018,11,21,Neutral,36.0,0,42.82014220506327,-6.82014220506327,-0.4089343082946245,0.4089343082946245
65018,128,22,Neutral,33.0,0,34.551362802536055,-1.5513628025360546,-0.09301939101769892,0.09301939101769892
65018,37,23,Neutral,32.0,1,35.97003862595568,-3.970038625955681,-0.23804269040062734,0.23804269040062734
65018,59,24,Neutral,30.0,1,33.45883856565939,-3.4588385656593914,-0.20739124109474089,0.20739124109474089
65018,4,25,Neutral,36.0,1,36.97133444402005,-0.9713344440200515,-0.05824101126413368,0.05824101126413368
65018,39,26,Neutral,35.0,1,38.15400760428141,-3.1540076042814107,-0.18911364004335146,0.18911364004335146
65018,85,27,Neutral,38.0,0,35.890483863810964,2.109516136189036,0.12648614882962103,0.12648614882962103
65018,97,28,Neutral,35.0,0,34.91184798503396,0.08815201496604175,0.0052855764852165945,0.0052855764852165945
65018,40,29,Neutral,36.0,1,40.62658097262977,-4.6265809726297675,-0.2774088329722552,0.2774088329722552
65018,94,30,Neutral,34.0,1,42.48479653875047,-8.484796538750473,-0.5087466359599698,0.5087466359599698
65018,78,31,Neutral,35.0,1,36.07593998306742,-1.0759399830674212,-0.06451313763158172,0.06451313763158172
65018,34,32,Neutral,29.0,1,39.8269144664276,-10.826914466427603,-0.6491795398352053,0.6491795398352053
65018,47,33,Neutral,29.0,0,38.678313380065426,-9.678313380065426,-0.5803096575607177,0.5803096575607177
65018,98,34,Neutral,24.0,0,30.856309542932664,-6.856309542932664,-0.4111028943518915,0.4111028943518915
65018,119,35,Neutral,35.0,1,31.648200581481696,3.351799418518304,0.20097319609208822,0.20097319609208822
65018,44,36,Neutral,34.0,1,34.71728320169774,-0.7172832016977395,-0.04300815160714052,0.04300815160714052
65018,25,37,Neutral,35.0,0,37.27848090393428,-2.2784809039342804,-0.1366172411656088,0.1366172411656088
65018,88,38,Neutral,30.0,1,33.84805543500983,-3.848055435009833,-0.23072860363921377,0.23072860363921377
65018,103,39,Neutral,33.0,1,33.886459010909086,-0.8864590109090855,-0.053151897945547456,0.053151897945547456
65018,86,40,Neutral,30.0,0,34.92882767687679,-4.928827676876793,-0.2955314825034963,0.2955314825034963
65018,43,41,Neutral,36.0,0,37.19792290512041,-1.1979229051204072,-0.07182720827023523,0.07182720827023523
65018,38,42,Neutral,31.0,0,31.947882465247027,-0.9478824652470266,-0.05683483549399104,0.05683483549399104
65018,87,43,Neutral,33.0,1,32.83556052673844,0.1644394732615595,0.009859756619829074,0.009859756619829074
65018,52,44,Neutral,33.0,1,38.38889265949525,-5.388892659495248,-0.32311688318590204,0.32311688318590204
65018,10,45,Neutral,27.0,1,34.08515423425056,-7.08515423425056,-0.42482437445262977,0.42482437445262977
65018,122,46,Neutral,34.0,1,31.696463295480243,2.3035367045197574,0.1381195817580943,0.1381195817580943
65018,56,47,Neutral,34.0,1,41.89168965915159,-7.891689659151588,-0.47318407080209224,0.47318407080209224
65018,108,48,Neutral,31.0,1,32.503770605667306,-1.503770605667306,-0.09016577279075129,0.09016577279075129
65018,46,49,Neutral,29.0,0,31.816223504218783,-2.816223504218783,-0.16886017564938557,0.16886017564938557
65018,71,50,Neutral,32.0,0,32.34128528903827,-0.34128528903826805,-0.020463394956835863,0.020463394956835863
65018,70,51,Neutral,29.0,1,31.67222223381293,-2.6722222338129313,-0.1602258894224435,0.1602258894224435
65018,42,52,Neutral,32.0,1,34.808263550346446,-2.808263550346446,-0.16838289847055715,0.16838289847055715
65018,74,53,Neutral,31.0,0,31.716391447440493,-0.7163914474404933,-0.0429546822073258,0.0429546822073258
65018,24,54,Neutral,29.0,0,35.22524022819793,-6.225240228197933,-0.37326410947796,0.37326410947796
65018,54,55,Neutral,31.0,1,35.56163015549,-4.5616301554900005,-0.2735143954837667,0.2735143954837667
65018,93,56,Neutral,30.0,0,32.594027225249185,-2.594027225249185,-0.15553733297044336,0.15553733297044336
65018,95,57,Neutral,32.0,0,31.91009007685213,0.0899099231478715,0.005390980294223439,0.005390980294223439
65018,127,58,Neutral,29.0,0,31.82339278679359,-2.8233927867935904,-0.1692900443416426,0.1692900443416426
65018,53,59,Neutral,27.0,0,30.259177721962068,-3.259177721962068,-0.1954196184282413,0.1954196184282413
65018,33,60,Neutral,34.0,0,32.4229054873764,1.577094512623603,0.09456225900336605,0.09456225900336605
65018,14,61,Neutral,29.0,1,35.79458700607562,-6.7945870060756235,-0.40740202387780017,0.40740202387780017
65018,21,62,Neutral,33.0,0,31.76988083647244,1.2301191635275615,0.07375768922877449,0.07375768922877449
65018,104,63,Neutral,30.0,0,34.312835000159446,-4.3128350001594455,-0.2585966897097402,0.2585966897097402
65018,12,64,Neutral,33.0,1,37.31430140775921,-4.31430140775921,-0.25868461520446706,0.25868461520446706
65021,114,1,Standard,41.0,1,84.58961503336927,-43.58961503336927,-2.61362425247766,2.61362425247766
65021,76,2,Standard,76.0,0,82.45736718552193,-6.457367185521932,-0.38718239356584216,0.38718239356584216
65021,112,3,Standard,64.0,1,85.41090688484897,-21.41090688484897,-1.2837935241901752,1.2837935241901752
65021,20,4,Standard,41.0,0,84.0060534886752,-43.00605348867521,-2.578634023615622,2.578634023615622
65021,58,5,Standard,100.0,1,86.77303618859412,13.22696381140588,0.7930859994443643,0.7930859994443643
65021,69,6,Standard,100.0,1,84.23950309518604,15.760496904813962,0.944996116850012,0.944996116850012
65021,23,7,Standard,100.0,0,86.84370338939917,13.156296610600833,0.7888488087800882,0.7888488087800882
65021,35,8,Standard,100.0,1,90.46845518786226,9.531544812137739,0.5715094447498553,0.5715094447498553
65021,90,9,Standard,100.0,1,86.81237356684399,13.187626433156012,0.7907273384251275,0.7907273384251275
65021,73,10,Standard,36.0,0,82.4891449729583,-46.4891449729583,-2.787479464667388,2.787479464667388
65021,27,11,Standard,100.0,0,87.22465260182368,12.775347398176322,0.7660071732255471,0.7660071732255471
65021,81,12,Standard,81.0,0,84.37995989340186,-3.3799598934018604,-0.20266169230983655,0.20266169230983655
65021,5,13,Standard,83.0,0,82.99803142773636,0.0019685722636353375,0.00011803518354207571,0.00011803518354207571
65021,16,14,Standard,64.0,0,84.96874785061274,-20.968747850612743,-1.2572817604490358,1.2572817604490358
65021,83,15,Standard,78.0,1,85.98262607346527,-7.982626073465269,-0.4786365992931479,0.4786365992931479
65021,115,16,Standard,91.0,1,90.82458852298616,0.17541147701383863,0.01051763568307108,0.01051763568307108
65021,49,17,Standard,100.0,0,87.83845626261821,12.161543737381791,0.729203633371294,0.729203633371294
65021,57,18,Standard,100.0,1,87.54560401071511,12.45439598928489,0.7467629934936694,0.7467629934936694
65021,72,19,Standard,100.0,1,83.77084006403862,16.229159935961377,0.9730970547341586,0.9730970547341586
65021,64,20,Standard,100.0,0,84.58114167630399,15.418858323696014,0.9245115385735494,0.9245115385735494
65021,50,21,Standard,40.0,1,79.63508590177554,-39.63508590177554,-2.376511508133611,2.376511508133611
65021,26,22,Standard,100.0,1,92.67757906314046,7.322420936859544,0.439050836598935,0.439050836598935
65021,7,23,Standard,100.0,1,90.62880025518994,9.371199744810056,0.5618951878583462,0.5618951878583462
65021,105,24,Standard,100.0,0,82.45010502130917,17.54989497869083,1.0522880532353447,1.0522880532353447
65021,91,25,Standard,60.0,0,82.33109625973427,-22.331096259734267,-1.338967887745149,1.338967887745149
65021,125,26,Standard,61.0,1,80.05739653494398,-19.057396534943976,-1.142677533047332,1.142677533047332
65021,80,27,Standard,100.0,1,87.88350276571994,12.116497234280061,0.7265026544132128,0.7265026544132128
65021,22,28,Standard,100.0,1,91.96367896740885,8.036321032591147,0.48185613787589876,0.48185613787589876
65021,29,29,Standard,0.0,0,87.34164853126082,-87.34164853126082,-5.2369870823114315,5.2369870823114315
65021,15,30,Standard,100.0,1,87.93810550316728,12.061894496832721,0.7232286856310892,0.7232286856310892
65021,123,31,Standard,100.0,1,82.93781567712865,17.062184322871346,1.0230450237370163,1.0230450237370163
65021,13,32,Standard,71.0,1,83.31070872911361,-12.310708729113614,-0.7381475352550907,0.7381475352550907
65021,32,33,Standard,59.0,1,84.78302122711119,-25.783021227111192,-1.5459445909246294,1.5459445909246294
65021,116,34,Standard,83.0,0,87.6191208940962,-4.6191208940961985,-0.276961528214785,0.276961528214785
65021,111,35,Standard,100.0,0,84.98515742773205,15.014842572267952,0.9002868381372869,0.9002868381372869
65021,99,36,Standard,94.0,1,82.47563102021779,11.52436897978221,0.6909987674128778,0.6909987674128778
65021,121,37,Standard,100.0,1,85.5738106047956,14.426189395204403,0.8649913160572335,0.8649913160572335
65021,120,38,Standard,54.0,1,82.15663017139069,-28.156630171390688,-1.6882656896064514,1.6882656896064514
65021,79,39,Standard,100.0,1,84.01504861614792,15.984951383852078,0.9584543607354459,0.9584543607354459
65021,106,40,Standard,57.0,1,82.66844903921695,-25.668449039216952,-1.5390748663649934,1.5390748663649934
65021,48,41,Standard,100.0,1,90.95045126067059,9.04954873932941,0.5426090604604678,0.5426090604604678
65021,113,42,Standard,80.0,1,88.57369012382333,-8.573690123823326,-0.5140766768345734,0.5140766768345734
65021,63,43,Standard,60.0,1,81.34346584278737,-21.343465842787367,-1.279749773333242,1.279749773333242
65021,101,44,Standard,82.0,0,87.28472856014852,-5.2847285601485225,-0.3168712254511025,0.3168712254511025
65021,51,45,Standard,100.0,1,82.92735903351473,17.072640966485267,1.023672001913537,1.023672001913537
65021,110,46,Standard,100.0,1,79.98461010490244,20.015389895097556,1.200118615697252,1.200118615697252
65021,18,47,Standard,100.0,0,85.50776006348266,14.492239936517336,0.8689516927784458,0.8689516927784458
65021,82,48,Standard,100.0,0,80.81012506930996,19.18987493069004,1.1506209101059772,1.1506209101059772
65021,3,49,Standard,100.0,1,86.02394699641539,13.97605300358461,0.8380012316263517,0.8380012316263517
65021,75,50,Standard,100.0,1,79.0650505219428,20.934949478057206,1.255255217059336,1.255255217059336
65021,2,51,Standard,100.0,0,82.71536687294406,17.28463312705594,1.0363830077753344,1.0363830077753344
65021,66,52,Standard,100.0,0,81.79691895447108,18.20308104552892,1.09145295396598,1.09145295396598
65021,100,53,Standard,100.0,0,81.94922729404611,18.05077270595389,1.0823205775991973,1.0823205775991973
65021,36,54,Standard,92.0,1,80.28471397200332,11.715286027996683,0.7024461139205908,0.7024461139205908
65021,6,55,Standard,100.0,1,84.95894669078677,15.041053309213225,0.9018584284737247,0.9018584284737247
65021,31,56,Standard,72.0,0,81.88899616815722,-9.88899616815722,-0.5929421537209795,0.5929421537209795
65021,67,57,Standard,94.0,1,84.6104903004201,9.389509699579904,0.5629930489385969,0.5629930489385969
65021,124,58,Standard,87.0,1,82.98221726032861,4.017782739671389,0.24090541753012598,0.24090541753012598
65021,28,59,Standard,100.0,0,84.03478535862992,15.965214641370082,0.9572709497606905,0.9572709497606905
65021,60,60,Standard,100.0,1,84.43955865007041,15.56044134992959,0.9330008273828213,0.9330008273828213
65021,68,61,Standard,97.0,0,80.05287236234945,16.947127637650553,1.0161462488184367,1.0161462488184367
65021,8,62,Standard,100.0,0,87.583923594681,12.416076405319004,0.744465359208039,0.744465359208039
65021,17,63,Standard,100.0,1,89.1388526846751,10.8611473153249,0.6512321343360028,0.6512321343360028
65021,102,64,Standard,42.0,1,80.87751529948181,-38.877515299481814,-2.331087732364928,2.331087732364928
65028,41,1,Neutral,78.0,1,64.39072416644802,13.609275833551976,0.8160093487864009,0.8160093487864009
65028,59,2,Neutral,50.0,1,55.55866514726524,-5.558665147265238,-0.33329640624659956,0.33329640624659956
65028,34,3,Neutral,81.0,1,62.214378852046394,18.785621147953606,1.1263819373619661,1.1263819373619661
65028,128,4,Neutral,69.0,0,55.69645600219893,13.303543997801071,0.7976777314949572,0.7976777314949572
65028,107,5,Neutral,84.0,1,57.612349280948266,26.387650719051734,1.5821980495222632,1.5821980495222632
65028,52,6,Neutral,84.0,1,61.170621478510164,22.829378521489836,1.3688447885369273,1.3688447885369273
65028,108,7,Neutral,33.0,1,54.656428468453555,-21.656428468453555,-1.2985149472842865,1.2985149472842865
65028,19,8,Neutral,62.0,0,59.734119677619056,2.2658803223809443,0.13586171291609547,0.13586171291609547
65028,92,9,Neutral,50.0,1,60.127552741029696,-10.127552741029696,-0.6072459562200414,0.6072459562200414
65028,4,10,Neutral,77.0,1,58.91660939756774,18.08339060243226,1.0842763398888027,1.0842763398888027
65028,71,11,Neutral,76.0,1,55.337932064975554,20.662067935024446,1.2388932964877053,1.2388932964877053
65028,94,12,Neutral,68.0,1,64.3903821724407,3.6096178275593047,0.21643193428211163,0.21643193428211163
65028,65,13,Neutral,68.0,1,54.861789726527164,13.138210273472836,0.7877643557671393,0.7877643557671393
65028,85,14,Neutral,50.0,1,57.57703370117002,-7.5770337011700235,-0.45431736499756425,0.45431736499756425
65028,45,15,Neutral,50.0,1,54.693072144258934,-4.6930721442589345,-0.2813956297955951,0.2813956297955951
65028,53,16,Neutral,50.0,1,52.499449903280805,-2.499449903280805,-0.14986649641357735,0.14986649641357735
65028,77,17,Neutral,72.0,1,55.64879598489516,16.35120401510484,0.980414792339239,0.980414792339239
65028,126,18,Neutral,67.0,1,57.24742031758126,9.752579682418741,0.5847626496053565,0.5847626496053565
65028,119,19,Neutral,41.0,1,53.48518420749013,-12.485184207490128,-0.7486090486545186,0.7486090486545186
65028,96,20,Neutral,50.0,1,49.024077175851566,0.9759228241484337,0.058516129582429126,0.058516129582429126
65028,21,21,Neutral,32.0,1,54.70204344413674,-22.70204344413674,-1.3612098037795166,1.3612098037795166
65028,54,22,Neutral,60.0,1,57.36383074414636,2.6361692558536376,0.15806416036160373,0.15806416036160373
65028,39,23,Neutral,70.0,1,59.40248584897811,10.59751415102189,0.6354247446297094,0.6354247446297094
65028,118,24,Neutral,50.0,0,57.71395291923145,-7.713952919231453,-0.4625270128387227,0.4625270128387227
65028,84,25,Neutral,50.0,1,58.16733677897471,-8.167336778974708,-0.48971181478294185,0.48971181478294185
65028,47,26,Neutral,50.0,0,60.121032572677755,-10.121032572677755,-0.6068550082815973,0.6068550082815973
65028,104,27,Neutral,50.0,0,56.24645706661453,-6.246457066614532,-0.37453626669715256,0.37453626669715256
65028,42,28,Neutral,50.0,1,56.97669213963407,-6.976692139634068,-0.4183210098152688,0.4183210098152688
65028,10,29,Neutral,50.0,1,55.142633115380946,-5.142633115380946,-0.30835121213309474,0.30835121213309474
65028,89,30,Neutral,49.0,0,51.005145261040425,-2.0051452610404255,-0.12022809286074174,0.12022809286074174
65028,61,31,Neutral,50.0,0,53.46950370411943,-3.4695037041194325,-0.2080307205788762,0.2080307205788762
65028,88,32,Neutral,50.0,1,54.46746272347789,-4.467462723477887,-0.26786813584343744,0.26786813584343744
65028,98,33,Neutral,50.0,0,52.03618577994759,-2.036185779947587,-0.12208927591920973,0.12208927591920973
65028,14,34,Neutral,52.0,1,58.2655478708181,-6.2655478708180965,-0.37568094734706287,0.37568094734706287
65028,95,35,Neutral,50.0,1,53.9909043476073,-3.990904347607298,-0.23929379473161,0.23929379473161
65028,97,36,Neutral,50.0,1,55.84955827545825,-5.84955827545825,-0.3507382977187387,0.3507382977187387
65028,38,37,Neutral,50.0,0,52.52348259444885,-2.5234825944488506,-0.15130749157816015,0.15130749157816015
65028,12,38,Neutral,50.0,1,59.5703443155793,-9.570344315579298,-0.5738358549074426,0.5738358549074426
65028,1,39,Neutral,50.0,0,59.27082883453953,-9.270828834539529,-0.5558769689517217,0.5558769689517217
65028,56,40,Neutral,51.0,1,63.31539654091324,-12.315396540913241,-0.738428615475716,0.738428615475716
65028,55,41,Neutral,71.0,1,61.39781604068555,9.602183959314452,0.5757449533244104,0.5757449533244104
65028,9,42,Neutral,35.0,1,59.443412998040415,-24.443412998040415,-1.465621960095297,1.465621960095297
65028,86,43,Neutral,53.0,1,55.91446296597609,-2.9144629659760923,-0.17475059334641493,0.17475059334641493
65028,11,44,Neutral,50.0,1,62.929634308837905,-12.929634308837905,-0.7752581843032148,0.7752581843032148
65028,93,45,Neutral,50.0,1,53.432470310048416,-3.4324703100484157,-0.20581020597186545,0.20581020597186545
65028,70,46,Neutral,61.0,1,53.17942559469828,7.82057440530172,0.46892001497042607,0.46892001497042607
65028,44,47,Neutral,50.0,1,54.59196878263983,-4.591968782639832,-0.275333493258431,0.275333493258431
65028,46,48,Neutral,50.0,1,53.14819822803918,-3.1481982280391776,-0.18876531105198863,0.18876531105198863
65028,103,49,Neutral,50.0,0,54.58445649599543,-4.584456495995433,-0.27488305811349256,0.27488305811349256
65028,87,50,Neutral,50.0,1,52.88547474474546,-2.8854747447454585,-0.17301246562983444,0.17301246562983444
65028,78,51,Neutral,50.0,1,56.33586587549143,-6.335865875491429,-0.3798972002839004,0.3798972002839004
65028,37,52,Neutral,50.0,0,55.98779857178906,-5.987798571789057,-0.3590271571381968,0.3590271571381968
65028,33,53,Neutral,56.0,1,54.0177231667942,1.9822768332058018,0.11885690668351002,0.11885690668351002
65028,30,54,Neutral,55.0,1,57.51570635181214,-2.515706351812142,-0.1508412296868153,0.1508412296868153
65028,43,55,Neutral,54.0,1,57.70167944229114,-3.7016794422911374,-0.22195192955624227,0.22195192955624227
65028,40,56,Neutral,69.0,1,60.56084443933947,8.43915556066053,0.5060100124052227,0.5060100124052227
65028,24,57,Neutral,69.0,0,56.22988782814792,12.770112171852077,0.7656932701438662,0.7656932701438662
65028,122,58,Neutral,70.0,0,52.306846462034116,17.693153537965884,1.0608778066573388,1.0608778066573388
65028,109,59,Neutral,68.0,1,53.529321536454454,14.470678463545546,0.8676588713429944,0.8676588713429944
65028,127,60,Neutral,50.0,1,52.092342801131785,-2.0923428011317853,-0.12545643923096558,0.12545643923096558
65028,117,61,Neutral,50.0,1,56.034646179508954,-6.034646179508954,-0.3618361299546245,0.3618361299546245
65028,62,62,Neutral,51.0,1,50.34770199282323,0.6522980071767677,0.03911165285802408,0.03911165285802408
65028,25,63,Neutral,50.0,1,57.275563840760896,-7.275563840760896,-0.4362412948612906,0.4362412948612906
65028,74,64,Neutral,50.0,1,51.59107702838257,-1.5910770283825713,-0.09540064774046123,0.09540064774046123
65048,88,1,Neutral,76.0,0,75.30467495029197,0.6953250497080319,0.041691545380268445,0.041691545380268445
65048,54,2,Neutral,75.0,1,77.71916421903187,-2.7191642190318674,-0.1630405210940868,0.1630405210940868
65048,126,3,Neutral,69.0,1,75.90075774978226,-6.900757749782258,-0.41376799959111676,0.41376799959111676
65048,127,4,Neutral,75.0,0,74.0247340096017,0.9752659903982988,0.058476745967366586,0.058476745967366586
65048,109,5,Neutral,81.0,1,74.17632284279883,6.823677157201175,0.40914626328968245,0.40914626328968245
65048,47,6,Neutral,100.0,0,79.27859046397018,20.721409536029824,1.2424514065432721,1.2424514065432721
65048,62,7,Neutral,68.0,1,71.03851045843383,-3.0385104584338336,-0.18218845519718824,0.18218845519718824
65048,46,8,Neutral,53.0,0,72.89671464189603,-19.896714641896025,-1.193002872195067,1.193002872195067
65048,42,9,Neutral,85.0,1,76.09044287166024,8.909557128339756,0.5342151925782697,0.5342151925782697
65048,9,10,Neutral,100.0,0,79.12665680052763,20.873343199472373,1.2515613174070692,1.2515613174070692
65048,56,11,Neutral,87.0,1,82.86721886560176,4.132781134398243,0.2478006973628112,0.2478006973628112
65048,85,12,Neutral,76.0,0,75.94606272567022,0.053937274329783236,0.0032340677519850478,0.0032340677519850478
65048,1,13,Neutral,77.0,1,78.4060450186691,-1.4060450186691043,-0.08430616691741231,0.08430616691741231
65048,117,14,Neutral,65.0,0,76.37499737098966,-11.37499737098966,-0.6820424768130882,0.6820424768130882
65048,53,15,Neutral,54.0,0,72.02244735210785,-18.022447352107847,-1.0806221952731465,1.0806221952731465
65048,4,16,Neutral,70.0,0,76.64999648517781,-6.649996485177809,-0.3987324063139009,0.3987324063139009
65048,92,17,Neutral,70.0,1,77.77332551010731,-7.773325510107313,-0.46608698104047874,0.46608698104047874
65048,38,18,Neutral,70.0,0,72.83500891006811,-2.8350089100681117,-0.16998654467748678,0.16998654467748678
65048,119,19,Neutral,77.0,1,71.76659891345786,5.233401086542145,0.3137936408077571,0.3137936408077571
65048,86,20,Neutral,41.0,1,75.20344233506721,-34.20344233506721,-2.0508312894417178,2.0508312894417178
65048,77,21,Neutral,61.0,0,73.46979739103769,-12.469797391037687,-0.7476864583398821,0.7476864583398821
65048,93,22,Neutral,70.0,0,73.91922526273261,-3.91922526273261,-0.2349959317089503,0.2349959317089503
65048,43,23,Neutral,82.0,0,77.38492324477836,4.6150767552216365,0.27671904248888785,0.27671904248888785
65048,44,24,Neutral,75.0,1,75.07872373532402,-0.07872373532401866,-0.0047202587985917255,0.0047202587985917255
65048,71,25,Neutral,54.0,0,72.72086187845575,-18.72086187845575,-1.1224989850302522,1.1224989850302522
65048,70,26,Neutral,53.0,0,72.05179882323043,-19.051798823230428,-1.1423418954170912,1.1423418954170912
65048,59,27,Neutral,53.0,1,72.74490087157713,-19.74490087157713,-1.183900150098031,1.183900150098031
65048,10,28,Neutral,99.0,1,74.665630564208,24.334369435792,1.4590837307796483,1.4590837307796483
65048,98,29,Neutral,56.0,1,70.49282912298027,-14.492829122980268,-0.8689870202762355,0.8689870202762355
65048,122,30,Neutral,54.0,0,71.81486162745641,-17.81486162745641,-1.0681753983927014,1.0681753983927014
65048,39,31,Neutral,58.0,1,77.33344328081598,-19.333443280815985,-1.1592292385229666,1.1592292385229666
65048,30,32,Neutral,88.0,1,76.47569389887676,11.524306101123244,0.6909949972215624,0.6909949972215624
65048,33,33,Neutral,73.0,0,72.89009639532635,0.10990360467364724,0.006589797280610641,0.006589797280610641
65048,41,34,Neutral,70.0,1,81.22650261663001,-11.226502616630015,-0.6731387622227443,0.6731387622227443
65048,40,35,Neutral,75.0,1,79.76220948989813,-4.762209489898126,-0.2855410906622761,0.2855410906622761
65048,87,36,Neutral,80.0,1,72.97796526403356,7.022034735966443,0.42103974246188386,0.42103974246188386
65048,89,37,Neutral,61.0,1,70.17768543573763,-9.17768543573763,-0.5502921101297183,0.5502921101297183
65048,21,38,Neutral,52.0,1,72.23873644257849,-20.238736442578485,-1.2135104282369231,1.2135104282369231
65048,74,39,Neutral,97.0,0,72.16544629959924,24.83455370040076,1.4890746752669624,1.4890746752669624
65048,34,40,Neutral,74.0,1,78.87492866516348,-4.8749286651634804,-0.2922997089700377,0.2922997089700377
65048,37,41,Neutral,86.0,1,74.46590736692512,11.534092633074877,0.6915817956421692,0.6915817956421692
65048,25,42,Neutral,92.0,0,76.47692889131955,15.523071108680455,0.9307601154890616,0.9307601154890616
65048,96,43,Neutral,35.0,0,67.49570280228902,-32.49570280228902,-1.9484355821989012,1.9484355821989012
65048,11,44,Neutral,88.0,1,81.21104901480562,6.788950985194376,0.4070640892378309,0.4070640892378309
65048,97,45,Neutral,74.0,0,73.45152388526964,0.548476114730363,0.03288651377780229,0.03288651377780229
65048,84,46,Neutral,81.0,1,75.24361647759129,5.756383522408711,0.3451515589025673,0.3451515589025673
65048,14,47,Neutral,99.0,1,75.69228484356454,23.307715156435464,1.397525753693086,1.397525753693086
65048,103,48,Neutral,99.0,0,72.90967836122941,26.09032163877059,1.5643702597013442,1.5643702597013442
65048,104,49,Neutral,94.0,0,74.7618898523182,19.238110147681795,1.1535130836857777,1.1535130836857777
65048,95,50,Neutral,53.0,0,71.61521166458152,-18.615211664581523,-1.116164220177437,1.116164220177437
65048,19,51,Neutral,100.0,0,76.13182653513874,23.868173464861258,1.431130717313042,1.431130717313042
65048,52,52,Neutral,75.0,1,77.43690685823113,-2.4369068582311257,-0.14611642843888872,0.14611642843888872
65048,108,53,Neutral,67.0,1,72.12048943176761,-5.120489431767609,-0.30702348146865316,0.30702348146865316
65048,12,54,Neutral,54.0,1,77.1508444732873,-23.150844473287293,-1.3881198201544456,1.3881198201544456
65048,55,55,Neutral,68.0,1,79.065930516926,-11.065930516926002,-0.6635108925171643,0.6635108925171643
65048,128,56,Neutral,99.0,0,72.89767400991558,26.102325990084424,1.5650900381096893,1.5650900381096893
65048,24,57,Neutral,100.0,0,74.51130253411567,25.48869746588433,1.528296999409217,1.528296999409217
65048,94,58,Neutral,100.0,1,80.65666755216166,19.343332447838335,1.1598221909210695,1.1598221909210695
65048,65,59,Neutral,71.0,0,70.84289044348786,0.15710955651213965,0.009420256335867858,0.009420256335867858
65048,107,60,Neutral,76.0,1,73.19918556451287,2.8008144354871263,0.16793625109271484,0.16793625109271484
65048,61,61,Neutral,92.0,1,70.43670363210013,21.563296367899866,1.2929307659028961,1.2929307659028961
65048,78,62,Neutral,99.0,1,74.1354018295306,24.864598170469407,1.4908761354442117,1.4908761354442117
65048,118,63,Neutral,80.0,0,74.28688841381607,5.713111586183928,0.34255698260538775,0.34255698260538775
65048,45,64,Neutral,56.0,0,72.02571162977429,-16.025711629774293,-0.960898336604416,0.960898336604416
65063,36,1,Standard,100.0,0,96.52314342195203,3.476856578047972,0.20847159737052323,0.20847159737052323
65063,57,2,Standard,100.0,1,100.83230680826527,-0.8323068082652725,-0.049904943136549806,0.049904943136549806
65063,15,3,Standard,100.0,1,101.45952701158713,-1.4595270115871273,-0.08751293609062882,0.08751293609062882
65063,5,4,Standard,100.0,1,95.730924069364,4.269075930636006,0.2559729050012778,0.2559729050012778
65063,7,5,Standard,100.0,1,103.98410506042187,-3.984105060421868,-0.23888611088595557,0.23888611088595557
65063,101,6,Standard,100.0,1,101.51617655070514,-1.51617655070514,-0.09090963067527186,0.09090963067527186
65063,82,7,Standard,100.0,0,96.52286860806385,3.4771313919361546,0.20848807515410822,0.20848807515410822
65063,68,8,Standard,100.0,1,94.71328001169138,5.286719988308619,0.3169906310694433,0.3169906310694433
65063,48,9,Standard,100.0,1,104.91905629562979,-4.919056295629787,-0.2949455925159883,0.2949455925159883
65063,67,10,Standard,100.0,1,100.58607679477136,-0.5860767947713583,-0.03514104273359981,0.03514104273359981
65063,69,11,Standard,100.0,1,97.93711730769316,2.062882692306843,0.1236900172323644,0.1236900172323644
65063,112,12,Standard,100.0,1,97.58341838989259,2.4165816101074142,0.14489773078824209,0.14489773078824209
65063,76,13,Standard,0.0,0,94.31411664182488,-94.31411664182488,-5.655054820222095,5.655054820222095
65063,114,14,Standard,100.0,0,96.60591021219864,3.394089787801363,0.2035089178395692,0.2035089178395692
65063,20,15,Standard,100.0,0,96.10996298603705,3.890037013962953,0.23324581038272785,0.23324581038272785
65063,58,16,Standard,100.0,1,100.20780744550385,-0.2078074455038461,-0.01246009121664639,0.01246009121664639
65063,18,17,Standard,100.0,0,99.40776309076011,0.5922369092398867,0.03551040191607158,0.03551040191607158
65063,49,18,Standard,100.0,0,100.38043735264239,-0.38043735264238876,-0.022810944548451704,0.022810944548451704
65063,27,19,Standard,100.0,0,99.45998357698421,0.5400164230157856,0.03237927242187892,0.03237927242187892
65063,110,20,Standard,100.0,1,95.0402462546628,4.959753745337196,0.2973858031369778,0.2973858031369778
65063,28,21,Standard,100.0,0,99.6161074195851,0.38389258041489427,0.023018119287139843,0.023018119287139843
65063,125,22,Standard,100.0,1,92.57125338024044,7.428746619759565,0.44542610243406583,0.44542610243406583
65063,79,23,Standard,100.0,1,98.63261317324594,1.367386826754057,0.08198822976956746,0.08198822976956746
65063,6,24,Standard,100.0,1,100.2336186368783,-0.23361863687830464,-0.014007724883747684,0.014007724883747684
65063,75,25,Standard,100.0,0,94.07687951243693,5.923120487563068,0.3551490726585007,0.3551490726585007
65063,29,26,Standard,100.0,1,99.81169821729105,0.18830178270894748,0.011290535731873904,0.011290535731873904
65063,66,27,Standard,100.0,1,95.23072614435844,4.769273855641558,0.2859646685631424,0.2859646685631424
65063,106,28,Standard,100.0,1,95.53276315864328,4.467236841356723,0.26785459199842704,0.26785459199842704
65063,124,29,Standard,100.0,1,96.83841312833981,3.161586871660191,0.189568091339194,0.189568091339194
65063,31,30,Standard,100.0,0,95.59475824751902,4.4052417524809755,0.26413737936197407,0.26413737936197407
65063,111,31,Standard,100.0,0,97.72716200323671,2.272837996763286,0.13627889362513843,0.13627889362513843
65063,113,32,Standard,99.0,1,101.57853765492538,-2.578537654925384,-0.15460858155504884,0.15460858155504884
65063,17,33,Standard,100.0,1,103.01984340110184,-3.019843401101838,-0.1810691823215745,0.1810691823215745
65063,23,34,Standard,100.0,0,98.24669833850126,1.753301661498739,0.10512760300577212,0.10512760300577212
65063,83,35,Standard,100.0,1,97.44511109637213,2.5548889036278695,0.15319060734525872,0.15319060734525872
65063,2,36,Standard,99.0,0,97.28912427077586,1.710875729224142,0.10258375292951027,0.10258375292951027
65063,3,37,Standard,100.0,1,98.88826111584171,1.1117388841582851,0.06665963229622841,0.06665963229622841
65063,26,38,Standard,100.0,1,104.54344045332044,-4.543440453320443,-0.27242374472442166,0.27242374472442166
65063,91,39,Standard,100.0,0,95.63444603884528,4.365553961154717,0.2617577076475491,0.2617577076475491
65063,8,40,Standard,98.0,0,101.13346934782857,-3.133469347828566,-0.18788217045758732,0.18788217045758732
65063,105,41,Standard,99.0,0,95.62203332262149,3.3779666773785095,0.20254217949158687,0.20254217949158687
65063,60,42,Standard,100.0,1,97.81387576615302,2.186124233846982,0.13107955443372435,0.13107955443372435
65063,123,43,Standard,100.0,1,96.32877977477213,3.67122022522787,0.22012560123544628,0.22012560123544628
65063,100,44,Standard,100.0,0,94.68211993567373,5.317880064326275,0.3188589827473934,0.3188589827473934
65063,121,45,Standard,97.0,1,97.80914157995615,-0.8091415799561474,-0.0485159608645898,0.0485159608645898
65063,73,46,Standard,100.0,0,93.25071544760542,6.749284552394585,0.4046856981762112,0.4046856981762112
65063,13,47,Standard,100.0,1,95.22037727855982,4.779622721440177,0.2865851844042711,0.2865851844042711
65063,35,48,Standard,100.0,1,101.05479702544443,-1.0547970254444294,-0.0632454102894096,0.0632454102894096
65063,64,49,Standard,98.0,0,95.87750999602294,2.122490003977063,0.12726405924413758,0.12726405924413758
65063,116,50,Standard,96.0,0,99.50399459512688,-3.5039945951268834,-0.21009878723093606,0.21009878723093606
65063,63,51,Standard,100.0,0,93.57879681794792,6.421203182052082,0.38501400743847836,0.38501400743847836
65063,90,52,Standard,93.0,1,97.26729392662745,-4.267293926627445,-0.2558660564115111,0.2558660564115111
65063,16,53,Standard,100.0,0,97.17691864806791,2.823081351932089,0.16927137077211318,0.16927137077211318
65063,32,54,Standard,100.0,0,96.20169909075182,3.7983009092481836,0.22774533262152705,0.22774533262152705
65063,72,55,Standard,100.0,1,96.11043233929249,3.889567660707513,0.23321766805913866,0.23321766805913866
65063,115,56,Standard,98.0,1,101.63907809077654,-3.639078090776536,-0.21819836553804237,0.21819836553804237
65063,99,57,Standard,100.0,1,94.14146892491729,5.858531075082709,0.3512763049182323,0.3512763049182323
65063,120,58,Standard,99.0,1,93.84726292450574,5.152737075494258,0.3089570434802632,0.3089570434802632
65063,81,59,Standard,98.0,0,94.88779934632859,3.112200653671408,0.18660690397897486,0.18660690397897486
65063,80,60,Standard,100.0,1,99.02365475922464,0.976345240775359,0.058541457595533544,0.058541457595533544
65063,22,61,Standard,100.0,1,103.08481865006286,-3.084818650062857,-0.18496508473698448,0.18496508473698448
65063,102,62,Standard,100.0,0,93.5509178673047,6.449082132695295,0.38668562352132174,0.38668562352132174
65063,50,63,Standard,100.0,1,90.36196115103343,9.638038848966573,0.5778948050515468,0.5778948050515468
65063,51,64,Standard,100.0,1,94.4336512156878,5.566348784312197,0.33375711552604137,0.33375711552604137
65065,41,1,Neutral,86.0,1,75.23626482932613,10.763735170673868,0.6453913224006165,0.6453913224006165
65065,107,2,Neutral,96.0,1,68.58931142162508,27.410688578374916,1.6435391868156985,1.6435391868156985
65065,38,3,Neutral,61.0,0,64.85846667237891,-3.85846667237891,-0.23135285926673627,0.23135285926673627
65065,108,4,Neutral,76.0,1,65.63339060913036,10.366609390869641,0.6215797432300766,0.6215797432300766
65065,52,5,Neutral,100.0,1,72.0599693006545,27.9400306993455,1.6752784303067814,1.6752784303067814
65065,1,6,Neutral,74.0,1,71.56200575320337,2.4379942467966345,0.14618162803114262,0.14618162803114262
65065,54,7,Neutral,100.0,1,68.86647879601799,31.133521203982014,1.8667594568445367,1.8667594568445367
65065,98,8,Neutral,100.0,1,63.97690542448155,36.02309457551845,2.1599372593631747,2.1599372593631747
65065,77,9,Neutral,100.0,1,66.84479392190313,33.15520607809687,1.987979261465633,1.987979261465633
65065,46,10,Neutral,78.0,1,65.65841094303417,12.34158905696583,0.7399991132912176,0.7399991132912176
65065,39,11,Neutral,79.0,1,70.77371242305104,8.226287576948963,0.493246492370034,0.493246492370034
65065,44,12,Neutral,77.0,1,66.97076001983613,10.029239980163865,0.6013511435237084,0.6013511435237084
65065,74,13,Neutral,70.0,1,64.67078281383861,5.329217186161387,0.3195387542149518,0.3195387542149518
65065,10,14,Neutral,72.0,1,66.64528116725256,5.354718832747437,0.32106782764091335,0.32106782764091335
65065,59,15,Neutral,70.0,0,65.8347127396823,4.165287260317697,0.24974975791294773,0.24974975791294773
65065,4,16,Neutral,68.0,1,69.49930710484846,-1.4993071048484552,-0.08989814220988539,0.08989814220988539
65065,95,17,Neutral,63.0,0,65.62497387727763,-2.6249738772776254,-0.15739288779038385,0.15739288779038385
65065,24,18,Neutral,59.0,0,68.78390770240915,-9.783907702409152,-0.5866410711689873,0.5866410711689873
65065,96,19,Neutral,67.0,0,59.91342499799592,7.086575002004082,0.42490956339166724,0.42490956339166724
65065,103,20,Neutral,67.0,1,66.70040477759433,0.2995952224056708,0.01796366723143724,0.01796366723143724
65065,104,21,Neutral,67.0,1,67.35484068509005,-0.3548406850900534,-0.02127617368511241,0.02127617368511241
65065,87,22,Neutral,64.0,1,64.95761586707812,-0.9576158670781183,-0.05741844824361907,0.05741844824361907
65065,86,23,Neutral,61.0,1,67.63614681417889,-6.636146814178886,-0.39790198292099155,0.39790198292099155
65065,117,24,Neutral,68.0,0,68.50105173523771,-0.5010517352377093,-0.03004295784582591,0.03004295784582591
65065,30,25,Neutral,61.0,1,69.63165463341103,-8.631654633411031,-0.5175522167751171,0.5175522167751171
65065,118,26,Neutral,68.0,0,68.47187926357711,-0.4718792635771081,-0.028293782511781416,0.028293782511781416
65065,43,27,Neutral,77.0,1,69.77382056462379,7.22617943537621,0.4332802161844362,0.4332802161844362
65065,126,28,Neutral,57.0,1,67.65488938779704,-10.654889387797041,-0.638864951894958,0.638864951894958
65065,40,29,Neutral,69.0,1,72.58917840240589,-3.589178402405892,-0.21520639060050845,0.21520639060050845
65065,12,30,Neutral,70.0,1,70.76634225258728,-0.766342252587279,-0.045949722096126897,0.045949722096126897
65065,84,31,Neutral,64.0,1,68.75003448625543,-4.75003448625543,-0.2848110799757813,0.2848110799757813
65065,88,32,Neutral,76.0,1,65.313003386356,10.686996613643998,0.640790094479703,0.640790094479703
65065,122,33,Neutral,66.0,0,64.2475661065681,1.752433893431899,0.10507557181294598,0.10507557181294598
65065,62,34,Neutral,50.0,1,62.419843115155885,-12.419843115155885,-0.7446912103465312,0.7446912103465312
65065,128,35,Neutral,47.0,1,65.1839747278238,-18.183974727823795,-1.0903073431297425,1.0903073431297425
65065,45,36,Neutral,100.0,0,64.61866246254614,35.38133753745386,2.1214576408210104,2.1214576408210104
65065,97,37,Neutral,55.0,0,66.65129177907014,-11.651291779070135,-0.6986090320632383,0.6986090320632383
65065,37,38,Neutral,58.0,1,67.44663946439444,-9.446639464394437,-0.5664185377561353,0.5664185377561353
65065,70,39,Neutral,57.0,0,64.33161637244002,-7.331616372440024,-0.4396021930040522,0.4396021930040522
65065,19,40,Neutral,58.0,0,69.17783124397769,-11.177831243977693,-0.6702204368402397,0.6702204368402397
65065,65,41,Neutral,63.0,1,64.48072992995073,-1.4807299299507264,-0.08878425866633828,0.08878425866633828
65065,14,42,Neutral,63.0,1,68.76063125956634,-5.760631259566338,-0.3454062523391766,0.3454062523391766
65065,109,43,Neutral,64.0,1,65.07577674759233,-1.0757767475923288,-0.06450335006644171,0.06450335006644171
65065,92,44,Neutral,61.0,1,69.43984282958962,-8.439842829589622,-0.5060512209072862,0.5060512209072862
65065,34,45,Neutral,58.0,1,71.22001882574268,-13.220018825742684,-0.7926695795482825,0.7926695795482825
65065,71,46,Neutral,60.0,1,64.65022215353548,-4.650222153535481,-0.27882635326292726,0.27882635326292726
65065,55,47,Neutral,59.0,1,71.98051374796626,-12.980513747966256,-0.7783089048924313,0.7783089048924313
65065,78,48,Neutral,57.0,1,67.31282801616824,-10.31282801616824,-0.6183550231873883,0.6183550231873883
65065,42,49,Neutral,50.0,1,66.90228245792126,-16.90228245792126,-1.0134573411678993,1.0134573411678993
65065,61,50,Neutral,55.0,1,63.4827083409391,-8.482708340939098,-0.5086214280534627,0.5086214280534627
65065,93,51,Neutral,50.0,1,64.01516801732912,-14.015168017329117,-0.84034655971609,0.84034655971609
65065,11,52,Neutral,76.0,1,73.42471769758615,2.5752823024138536,0.15441339129544257,0.15441339129544257
65065,9,53,Neutral,52.0,1,69.80707490898995,-17.807074908989946,-1.067708508372783,1.067708508372783
65065,89,54,Neutral,55.0,0,60.79931410152893,-5.799314101528928,-0.3477256674987459,0.3477256674987459
65065,85,55,Neutral,55.0,0,66.62648083413254,-11.626480834132536,-0.6971213729644793,0.6971213729644793
65065,56,56,Neutral,77.0,1,73.4600226555316,3.5399773444683973,0.21225630539845852,0.21225630539845852
65065,94,57,Neutral,61.0,1,73.26460066833829,-12.26460066833829,-0.7353829055196629,0.7353829055196629
65065,47,58,Neutral,50.0,1,69.56474413903638,-19.564744139036378,-1.1730979898803926,1.1730979898803926
65065,127,59,Neutral,54.0,1,62.981690623276116,-8.981690623276116,-0.5385403019337278,0.5385403019337278
65065,21,60,Neutral,54.0,1,63.839104895631735,-9.839104895631735,-0.5899506833957711,0.5899506833957711
65065,33,61,Neutral,75.0,1,64.51280655554245,10.487193444457546,0.6288099380064733,0.6288099380064733
65065,53,62,Neutral,64.0,1,61.32986123991215,2.670138760087852,0.16010096477116822,0.16010096477116822
65065,119,63,Neutral,52.0,1,62.40320986265395,-10.403209862653952,-0.6237742999068072,0.6237742999068072
65065,25,64,Neutral,75.0,0,68.07729734437277,6.9227026556272335,0.4150838115819054,0.4150838115819054
65071,118,1,Neutral,67.0,0,73.47375420182765,-6.473754201827646,-0.38816495565567877,0.38816495565567877
65071,12,2,Neutral,64.0,1,75.89963866863653,-11.899638668636527,-0.7134998599152672,0.7134998599152672
65071,44,3,Neutral,62.0,0,72.46949599342,-10.469495993419997,-0.6277488025226348,0.6277488025226348
65071,71,4,Neutral,66.0,1,70.11163413655173,-4.111634136551729,-0.24653272776967688,0.24653272776967688
65071,96,5,Neutral,66.0,0,65.63119676791096,0.36880323208903576,0.022113365099511527,0.022113365099511527
65071,61,6,Neutral,65.0,0,69.31691930524806,-4.316919305248064,-0.25884158379347916,0.25884158379347916
65071,117,7,Neutral,65.0,0,73.15246939935837,-8.152469399358367,-0.4888203697929755,0.4888203697929755
65071,54,8,Neutral,64.0,1,73.92714317693952,-9.927143176939524,-0.595229440434491,0.595229440434491
65071,42,9,Neutral,65.0,1,72.5612647851653,-7.5612647851653065,-0.4533718640732349,0.4533718640732349
65071,43,10,Neutral,66.0,1,74.42523822874445,-8.425238228744448,-0.5051755320777913,0.5051755320777913
65071,107,11,Neutral,69.0,1,71.8165582820634,-2.816558282063397,-0.16888024885932804,0.16888024885932804
65071,98,12,Neutral,66.0,0,67.70837274401131,-1.7083727440113137,-0.10243367445667143,0.10243367445667143
65071,62,13,Neutral,61.0,0,67.24648941634149,-6.24648941634149,-0.3745382063800535,0.3745382063800535
65071,25,14,Neutral,65.0,0,74.17435126427914,-9.174351264279139,-0.5500921939024436,0.5500921939024436
65071,119,15,Neutral,63.0,0,68.41264946402785,-5.412649464027851,-0.3245413362451972,0.3245413362451972
65071,34,16,Neutral,68.0,1,76.39712240105816,-8.397122401058155,-0.503489712896706,0.503489712896706
65071,33,17,Neutral,59.0,1,70.06183285709116,-11.061832857091161,-0.6632651976856191,0.6632651976856191
65071,19,18,Neutral,67.0,0,74.04828470442952,-7.04828470442952,-0.42261368511197034,0.42261368511197034
65071,24,19,Neutral,63.0,0,72.6467964997376,-9.646796499737604,-0.5784199119705313,0.5784199119705313
65071,53,20,Neutral,66.0,0,68.27423346928174,-2.2742334692817394,-0.13636256586714157,0.13636256586714157
65071,103,21,Neutral,63.0,0,70.5632935749228,-7.563293574922795,-0.45349350988518555,0.45349350988518555
65071,65,22,Neutral,68.0,1,68.93457724984358,-0.9345772498435849,-0.056037057545361466,0.056037057545361466
65071,30,23,Neutral,66.0,1,73.34078024577792,-7.340780245777921,-0.44015165694366776,0.44015165694366776
65071,94,24,Neutral,79.0,1,78.6169328807187,0.3830671192813071,0.02296862480923336,0.02296862480923336
65071,70,25,Neutral,66.0,1,68.56642789600171,-2.566427896001713,-0.15388248292833842,0.15388248292833842
65071,86,26,Neutral,74.0,1,71.41142129297488,2.588578707025121,0.1552106409508057,0.1552106409508057
65071,87,27,Neutral,69.0,0,69.84305161093472,-0.8430516109347224,-0.050549199270114246,0.050549199270114246
65071,85,28,Neutral,74.0,1,71.71597009091553,2.2840299090844667,0.13694995836043944,0.13694995836043944
65071,126,29,Neutral,77.0,1,71.23259352236524,5.767406477634765,0.3458124930055809,0.3458124930055809
65071,88,30,Neutral,76.0,0,70.50508924507623,5.494910754923765,0.32947370614020755,0.32947370614020755
65071,92,31,Neutral,72.0,1,73.6308471938851,-1.6308471938851028,-0.09778525859336493,0.09778525859336493
65071,95,32,Neutral,81.0,1,68.87456244487879,12.12543755512121,0.7270387141916134,0.7270387141916134
65071,56,33,Neutral,72.0,1,78.37428327524967,-6.374283275249667,-0.38220069958409825,0.38220069958409825
65071,97,34,Neutral,74.0,1,70.40422455070326,3.595775449296738,0.21560194816015765,0.21560194816015765
65071,128,35,Neutral,74.0,0,70.28844626801155,3.7115537319884453,0.22254398991302948,0.22254398991302948
65071,47,36,Neutral,76.0,0,74.43519759948822,1.5648024005117804,0.09382522651741639,0.09382522651741639
65071,4,37,Neutral,79.0,1,72.20086805409196,6.799131945908044,0.4076745375249836,0.4076745375249836
65071,84,38,Neutral,76.0,1,72.06489566522622,3.935104334773783,0.23594803756631744,0.23594803756631744
65071,104,39,Neutral,75.0,0,71.67078335848561,3.3292166415143924,0.19961913747926185,0.19961913747926185
65071,55,40,Neutral,80.0,1,76.19385981942457,3.806140180575426,0.2282153737000488,0.2282153737000488
65071,109,41,Neutral,86.0,1,69.07008702271948,16.929912977280523,1.015114061362621,1.015114061362621
65071,41,42,Neutral,72.0,1,77.34686725600521,-5.346867256005211,-0.3205970487322682,0.3205970487322682
65071,39,43,Neutral,74.0,1,73.27857928312623,0.7214207168737659,0.04325623615665486,0.04325623615665486
65071,10,44,Neutral,88.0,0,70.43553792945332,17.564462070546682,1.0531614930336402,1.0531614930336402
65071,37,45,Neutral,76.0,1,70.76150064336524,5.238499356634762,0.314099332022271,0.314099332022271
65071,9,46,Neutral,75.0,0,74.02042098044828,0.9795790195517213,0.0587353542984656,0.0587353542984656
65071,14,47,Neutral,74.0,1,72.1631067570696,1.836893242930401,0.11013973684465787,0.11013973684465787
65071,59,48,Neutral,78.0,0,68.29577244049128,9.704227559508723,0.5818634663710092,0.5818634663710092
65071,74,49,Neutral,78.0,0,68.19819662044196,9.801803379558038,0.5877140922492384,0.5877140922492384
65071,1,50,Neutral,68.0,1,73.2560020393235,-5.256002039323505,-0.3151487892364194,0.3151487892364194
65071,108,51,Neutral,77.0,0,68.67892566380515,8.321074336194854,0.4989298867425049,0.4989298867425049
65071,77,52,Neutral,77.0,1,68.5825973672895,8.417402632710505,0.5047057113690915,0.5047057113690915
65071,122,53,Neutral,76.0,0,67.2781188778381,8.721881122161903,0.5229621782770633,0.5229621782770633
65071,46,54,Neutral,76.0,1,67.35240722915431,8.64759277084569,0.5185078641811944,0.5185078641811944
65071,89,55,Neutral,79.0,0,65.85997848245049,13.140021517549513,0.7878729575853095,0.7878729575853095
65071,40,56,Neutral,76.0,1,75.31308105881227,0.6869189411877272,0.04118751686153048,0.04118751686153048
65071,127,57,Neutral,78.0,0,68.17377648199637,9.82622351800363,0.5891783186720091,0.5891783186720091
65071,11,58,Neutral,78.0,1,77.06857069858341,0.9314293014165855,0.05584830721232787,0.05584830721232787
65071,78,59,Neutral,69.0,0,70.73764522083435,-1.7376452208343522,-0.10418884607945852,0.10418884607945852
65071,21,60,Neutral,36.0,1,67.74580085222641,-31.74580085222641,-1.9034716172232182,1.9034716172232182
65071,93,61,Neutral,74.0,0,68.68156796485455,5.318432035145449,0.31889207880292286,0.31889207880292286
65071,52,62,Neutral,73.0,1,73.46965717907385,-0.46965717907384885,-0.028160546787072055,0.028160546787072055
65071,45,63,Neutral,73.0,0,68.54034070254559,4.459659297454408,0.26740024404187496,0.26740024404187496
65071,38,64,Neutral,82.0,0,67.29070149732641,14.70929850267359,0.8819664792655417,0.8819664792655417
65079,34,1,Neutral,100.0,1,62.00865493731707,37.99134506268293,2.2779531492549747,2.2779531492549747
65079,21,2,Neutral,57.0,1,55.10795506097858,1.8920449390214173,0.11344662107289456,0.11344662107289456
65079,59,3,Neutral,64.0,1,55.088433578782414,8.911566421217586,0.5343356693613706,0.5343356693613706
65079,93,4,Neutral,57.0,0,54.85917636329946,2.1408236367005387,0.12836334004956365,0.12836334004956365
65079,41,5,Neutral,75.0,1,63.92215729612126,11.077842703878737,0.6642251447695846,0.6642251447695846
65079,56,6,Neutral,82.0,1,64.51150172270339,17.488498277296614,1.0486067197878433,1.0486067197878433
65079,88,7,Neutral,54.0,1,55.1932542284692,-1.1932542284692005,-0.07154727538912975,0.07154727538912975
65079,118,8,Neutral,53.0,0,57.98844305827461,-4.988443058274612,-0.2991060083744581,0.2991060083744581
65079,127,9,Neutral,46.0,0,53.95712044704517,-7.95712044704517,-0.4771072872371645,0.4771072872371645
65079,1,10,Neutral,48.0,1,60.15283666574509,-12.152836665745092,-0.7286815591666855,0.7286815591666855
65079,108,11,Neutral,47.0,0,54.11181235472409,-7.111812354724087,-0.42642278981238335,0.42642278981238335
65079,98,12,Neutral,46.0,1,52.52971171532192,-6.529711715321923,-0.3915201565278367,0.3915201565278367
65079,95,13,Neutral,48.0,1,54.66132361820263,-6.66132361820263,-0.3994115788544716,0.3994115788544716
65079,92,14,Neutral,53.0,0,59.52011715718331,-6.520117157183307,-0.3909448688171355,0.3909448688171355
65079,96,15,Neutral,44.0,1,48.8737254955182,-4.873725495518201,-0.29222756716831866,0.29222756716831866
65079,37,16,Neutral,21.0,1,57.17645651785827,-36.17645651785827,-2.1691328095326265,2.1691328095326265
65079,84,17,Neutral,45.0,0,58.129394265589355,-13.129394265589355,-0.7872357497678282,0.7872357497678282
65079,61,18,Neutral,48.0,1,53.61257236536387,-5.612572365363867,-0.33652867183321516,0.33652867183321516
65079,9,19,Neutral,47.0,0,60.024553251947204,-13.024553251947204,-0.7809495043926465,0.7809495043926465
65079,43,20,Neutral,44.0,1,58.94159178334752,-14.94159178334752,-0.895894736066897,0.895894736066897
65079,87,21,Neutral,46.0,1,53.786494886801705,-7.786494886801705,-0.46687661412836284,0.46687661412836284
65079,14,22,Neutral,48.0,1,58.40283399449769,-10.40283399449769,-0.6237517629303235,0.6237517629303235
65079,62,23,Neutral,55.0,1,51.62975679498977,3.370243205010233,0.20207908169456307,0.20207908169456307
65079,40,24,Neutral,75.0,1,61.66933530259715,13.330664697402852,0.7993038830030427,0.7993038830030427
65079,103,25,Neutral,50.0,1,55.20940390916846,-5.209403909168458,-0.3123547750428986,0.3123547750428986
65079,38,26,Neutral,53.0,0,52.63597386971289,0.3640261302871082,0.02182693106891698,0.02182693106891698
65079,86,27,Neutral,55.0,1,56.32203928097404,-1.3220392809740389,-0.0792692003551011,0.0792692003551011
65079,53,28,Neutral,52.0,0,51.60437651542144,0.39562348457855734,0.023721501861227033,0.023721501861227033
65079,128,29,Neutral,56.0,0,54.23188954387853,1.7681104561214696,0.10601553525170501,0.10601553525170501
65079,46,30,Neutral,53.0,0,53.548327307316164,-0.5483273073161641,-0.032877591316193,0.032877591316193
65079,109,31,Neutral,54.0,1,54.46258376264721,-0.46258376264721335,-0.027736426209123023,0.027736426209123023
65079,89,32,Neutral,50.0,1,50.54814346584344,-0.5481434658434381,-0.03286656821972014,0.03286656821972014
65079,12,33,Neutral,69.0,1,59.49604187864867,9.503958121351332,0.5698553525072475,0.5698553525072475
65079,45,34,Neutral,53.0,1,53.49134864153596,-0.49134864153595714,-0.02946116236533019,0.02946116236533019
65079,78,35,Neutral,50.0,1,56.61035601453459,-6.610356014534588,-0.39635557193779003,0.39635557193779003
65079,11,36,Neutral,59.0,1,62.98675334970597,-3.986753349705971,-0.23904490176069051,0.23904490176069051
65079,85,37,Neutral,55.0,1,56.276130804784835,-1.2761308047848345,-0.07651653766995135,0.07651653766995135
65079,104,38,Neutral,46.0,0,55.395190838021406,-9.395190838021406,-0.5633336888180963,0.5633336888180963
65079,74,39,Neutral,46.0,0,52.316868533373885,-6.316868533373885,-0.3787581236012314,0.3787581236012314
65079,25,40,Neutral,48.0,0,57.85670409466769,-9.856704094667691,-0.5910059277100268,0.5910059277100268
65079,54,41,Neutral,81.0,1,56.162107241423385,24.837892758576615,1.489274884500794,1.489274884500794
65079,10,42,Neutral,50.0,1,54.203752568255375,-4.203752568255375,-0.25205612977762176,0.25205612977762176
65079,39,43,Neutral,65.0,1,58.23300443039163,6.766995569608369,0.40574764708515565,0.40574764708515565
65079,30,44,Neutral,48.0,1,57.56537815695926,-9.565378156959262,-0.5735380850693507,0.5735380850693507
65079,97,45,Neutral,50.0,0,55.066894054546935,-5.066894054546935,-0.3038099137962292,0.3038099137962292
65079,122,46,Neutral,50.0,1,52.40610796401235,-2.4061079640123495,-0.1442697331464879,0.1442697331464879
65079,19,47,Neutral,50.0,0,57.59921605701935,-7.599216057019348,-0.45564741444123336,0.45564741444123336
65079,70,48,Neutral,50.0,1,52.70341148865057,-2.7034114886505733,-0.1620959906563719,0.1620959906563719
65079,117,49,Neutral,48.0,0,56.13390768148715,-8.133907681487152,-0.4877074130495237,0.4877074130495237
65079,52,50,Neutral,88.0,1,58.94976823753406,29.05023176246594,1.741845855173387,1.741845855173387
65079,94,51,Neutral,97.0,1,62.38856472779577,34.61143527220423,2.0752944611059916,2.0752944611059916
65079,119,52,Neutral,47.0,1,51.61312354248781,-4.613123542487813,-0.2766019282595591,0.2766019282595591
65079,77,53,Neutral,53.0,1,53.6833384637955,-0.6833384637955007,-0.04097283218169086,0.04097283218169086
65079,24,54,Neutral,47.0,1,55.93488489673004,-8.93488489673004,-0.5357338403037728,0.5357338403037728
65079,65,55,Neutral,52.0,1,52.633489249830106,-0.6334892498301059,-0.03798388367899899,0.03798388367899899
65079,126,56,Neutral,57.0,1,55.19434847794916,1.8056515220508373,0.10826648975776673,0.10826648975776673
65079,47,57,Neutral,47.0,1,58.33658622620791,-11.336586226207913,-0.6797393525599799,0.6797393525599799
65079,44,58,Neutral,50.0,0,53.740702554046706,-3.740702554046706,-0.22429174722183584,0.22429174722183584
65079,107,59,Neutral,49.0,1,54.8583628930564,-5.858362893056402,-0.3512662207589102,0.3512662207589102
65079,42,60,Neutral,98.0,1,55.28152480985279,42.71847519014721,2.561390888640843,2.561390888640843
65079,71,61,Neutral,52.0,1,52.75917431414864,-0.7591743141486376,-0.045519933997994845,0.045519933997994845
65079,4,62,Neutral,54.0,1,56.25023732820835,-2.2502373282083497,-0.1349237622386334,0.1349237622386334
65079,55,63,Neutral,74.0,1,60.14072030356658,13.859279696433418,0.830999528413815,0.830999528413815
65079,33,64,Neutral,53.0,1,53.147444627350396,-0.14744462735039576,-0.008840749193254309,0.008840749193254309
65080,67,1,Standard,75.0,1,87.03983009587186,-12.039830095871864,-0.7219057087380025,0.7219057087380025
65080,76,2,Standard,100.0,0,82.43350606206461,17.56649393793539,1.0532833233797187,1.0532833233797187
65080,91,3,Standard,68.0,0,83.2709926401341,-15.270992640134097,-0.9156455429374153,0.9156455429374153
65080,106,4,Standard,50.0,1,84.22164564934404,-34.22164564934404,-2.051922756380184,2.051922756380184
65080,82,5,Standard,100.0,0,82.66997179430068,17.33002820569932,1.0391048872504032,1.0391048872504032
65080,64,6,Standard,75.0,0,85.17058078257395,-10.17058078257395,-0.6098259086428969,0.6098259086428969
65080,5,7,Standard,50.0,0,83.23701325987645,-33.23701325987645,-1.9928844030724648,1.9928844030724648
65080,3,8,Standard,50.0,1,87.79617940287366,-37.79617940287366,-2.2662510568795815,2.2662510568795815
65080,81,9,Standard,97.0,0,84.48752024774323,12.512479752256766,0.7502456838423279,0.7502456838423279
65080,114,10,Standard,100.0,0,84.17148947651583,15.82851052348417,0.9490741992813236,0.9490741992813236
65080,26,11,Standard,100.0,1,93.13559669161171,6.86440330838829,0.41158819484542647,0.41158819484542647
65080,57,12,Standard,63.0,1,87.7845858428552,-24.784585842855194,-1.4860786129198764,1.4860786129198764
65080,80,13,Standard,96.0,1,88.47294187198989,7.527058128010111,0.45132084002384687,0.45132084002384687
65080,120,14,Standard,91.0,0,83.18414087032298,7.815859129677023,0.46863728802456084,0.46863728802456084
65080,102,15,Standard,52.0,0,83.00020498006995,-31.000204980069952,-1.8587658437832935,1.8587658437832935
65080,121,16,Standard,64.0,1,86.46989982592919,-22.46989982592919,-1.3472905207085215,1.3472905207085215
65080,23,17,Standard,100.0,0,86.3817706732795,13.618229326720495,0.8165461983748113,0.8165461983748113
65080,124,18,Standard,69.0,1,84.71064250752065,-15.710642507520646,-0.9420068575560558,0.9420068575560558
65080,36,19,Standard,52.0,1,81.79410342286418,-29.794103422864183,-1.7864482452348573,1.7864482452348573
65080,125,20,Standard,75.0,0,80.29637836708405,-5.296378367084046,-0.31756974545225547,0.31756974545225547
65080,49,21,Standard,96.0,0,87.63936650209595,8.360633497904047,0.5013018458518405,0.5013018458518405
65080,7,22,Standard,100.0,1,90.64874629099884,9.351253709001156,0.5606992276992345,0.5606992276992345
65080,16,23,Standard,100.0,0,84.55062229375932,15.449377706240682,0.9263414744040981,0.9263414744040981
65080,116,24,Standard,100.0,0,88.03333136330122,11.966668636698785,0.7175189628606868,0.7175189628606868
65080,2,25,Standard,98.0,0,83.83049189040881,14.169508109591192,0.8496007595514634,0.8496007595514634
65080,50,26,Standard,80.0,0,79.39218898198703,0.607811018012967,0.036444222239304234,0.036444222239304234
65080,31,27,Standard,100.0,0,83.13554266342067,16.864457336579335,1.011189354758373,1.011189354758373
65080,15,28,Standard,100.0,1,88.00185869824242,11.998141301757585,0.7194060573125376,0.7194060573125376
65080,123,29,Standard,81.0,1,83.00156887220379,-2.0015688722037908,-0.12001365332984514,0.12001365332984514
65080,6,30,Standard,93.0,1,86.03026454898529,6.969735451014714,0.4179038882123696,0.4179038882123696
65080,60,31,Standard,67.0,1,85.68610514533387,-18.68610514533387,-1.120414978540296,1.120414978540296
65080,112,32,Standard,67.0,1,84.11663814267085,-17.11663814267085,-1.026310063447945,1.026310063447945
65080,18,33,Standard,79.0,0,86.09719916975261,-7.097199169752614,-0.4255465862804607,0.4255465862804607
65080,115,34,Standard,84.0,1,90.01219853273662,-6.012198532736619,-0.36049017372238173,0.36049017372238173
65080,17,35,Standard,84.0,1,90.34159202067232,-6.341592020672323,-0.38024053875813413,0.38024053875813413
65080,72,36,Standard,79.0,1,83.00225723305533,-4.002257233055332,-0.23997451138212106,0.23997451138212106
65080,79,37,Standard,83.0,1,84.07880181122306,-1.0788018112230588,-0.0646847322526462,0.0646847322526462
65080,111,38,Standard,100.0,0,84.829874826476,15.170125173524,0.9095975506159343,0.9095975506159343
65080,66,39,Standard,54.0,0,82.3425509014748,-28.342550901474795,-1.699413457918105,1.699413457918105
65080,27,40,Standard,100.0,0,85.93038385964557,14.069616140354427,0.8436112578496223,0.8436112578496223
65080,22,41,Standard,100.0,1,91.3703247734905,8.629675226509505,0.5174335319489403,0.5174335319489403
65080,48,42,Standard,100.0,1,90.88278297794703,9.11721702205297,0.5466664366202346,0.5466664366202346
65080,8,43,Standard,100.0,0,88.39239849728212,11.607601502717884,0.6959893721790141,0.6959893721790141
65080,113,44,Standard,100.0,1,88.46221468183353,11.53778531816647,0.691803208272328,0.691803208272328
65080,63,45,Standard,100.0,1,81.23199040079757,18.76800959920243,1.1253259525613541,1.1253259525613541
65080,28,46,Standard,100.0,0,84.58041730563365,15.419582694366355,0.9245549716883024,0.9245549716883024
65080,51,47,Standard,100.0,0,82.81588359152492,17.184116408475077,1.0303560462327446,1.0303560462327446
65080,83,48,Standard,100.0,1,84.51312869422222,15.486871305777782,0.9285895828351506,0.9285895828351506
65080,90,49,Standard,64.0,1,85.03622607273729,-21.036226072737293,-1.2613277406148111,1.2613277406148111
65080,69,50,Standard,86.0,1,82.28812696401442,3.711873035985576,0.2225631353142948,0.2225631353142948
65080,73,51,Standard,100.0,0,80.6691903195854,19.330809680414603,1.159071328390585,1.159071328390585
65080,110,52,Standard,100.0,1,79.6979060258477,20.3020939741523,1.217309332654218,1.217309332654218
65080,58,53,Standard,100.0,1,84.64643142035756,15.353568579642442,0.9205967790977925,0.9205967790977925
65080,100,54,Standard,100.0,0,81.88155901132254,18.118440988677463,1.086377953758965,1.086377953758965
65080,68,55,Standard,100.0,0,80.29185419448953,19.70814580551047,1.1816963239802802,1.1816963239802802
65080,101,56,Standard,50.0,1,86.7351815254964,-36.7351815254964,-2.202633844797812,2.202633844797812
65080,35,57,Standard,98.0,1,88.29804326035946,9.701956739640536,0.5817273084839537,0.5817273084839537
65080,105,58,Standard,84.0,0,80.93680048279988,3.0631995172001183,0.18366880602646282,0.18366880602646282
65080,99,59,Standard,100.0,1,81.44420523363706,18.555794766362936,1.1126015953166253,1.1126015953166253
65080,75,60,Standard,100.0,0,78.60311780582313,21.396882194176868,1.2829526066540593,1.2829526066540593
65080,32,61,Standard,100.0,0,83.53255964419932,16.467440355800676,0.9873842991547803,0.9873842991547803
65080,13,62,Standard,34.0,1,81.97263282766927,-47.97263282766927,-2.876429087928811,2.876429087928811
65080,20,63,Standard,51.0,1,81.39756996851007,-30.39756996851007,-1.8226319738145107,1.8226319738145107
65080,29,64,Standard,100.0,1,85.7845368334853,14.215463166514695,0.8523562152077547,0.8523562152077547
65088,19,1,Neutral,86.0,0,93.38706435466135,-7.387064354661348,-0.4429268424870462,0.4429268424870462
65088,61,2,Neutral,7.0,0,88.08620588501886,-81.08620588501886,-4.861912042128465,4.861912042128465
65088,9,3,Neutral,100.0,0,94.49818677160219,5.501813228397808,0.3298875770142685,0.3298875770142685
65088,38,4,Neutral,93.0,0,88.6462751719611,4.3537248280389065,0.2610484352859189,0.2610484352859189
65088,47,5,Neutral,100.0,0,94.3872774794473,5.612722520552694,0.33653767510711086,0.33653767510711086
65088,127,6,Neutral,100.0,1,89.13508572323494,10.864914276765063,0.6514580005605755,0.6514580005605755
65088,77,7,Neutral,95.0,0,89.18600209867725,5.81399790132275,0.3486061050807314,0.3486061050807314
65088,122,8,Neutral,18.0,0,87.84349898752447,-69.84349898752447,-4.187801674594946,4.187801674594946
65088,78,9,Neutral,86.0,1,91.5220611268519,-5.522061126851895,-0.3311016367948102,0.3311016367948102
65088,34,10,Neutral,100.0,1,95.23501098851072,4.764989011489277,0.2857077501988505,0.2857077501988505
65088,103,11,Neutral,100.0,0,89.59542311029098,10.40457688970902,0.6238562665647412,0.6238562665647412
65088,59,12,Neutral,100.0,1,88.46688811678155,11.533111883218453,0.6915229900847353,0.6915229900847353
65088,21,13,Neutral,80.0,1,88.39879528044524,-8.398795280445242,-0.5035900183968627,0.5035900183968627
65088,104,14,Neutral,100.0,0,91.49310645880209,8.506893541197911,0.5100715676314119,0.5100715676314119
65088,97,15,Neutral,98.0,0,89.86864314116892,8.131356858831083,0.48755446625353643,0.48755446625353643
65088,14,16,Neutral,100.0,1,92.15321125873007,7.846788741269933,0.47049182110353066,0.47049182110353066
65088,118,17,Neutral,100.0,0,91.36689759627374,8.633102403726255,0.5176390247821387,0.5176390247821387
65088,30,18,Neutral,100.0,1,92.19189860651633,7.808101393483668,0.4681721357757109,0.4681721357757109
65088,40,19,Neutral,100.0,1,95.50899158351808,4.491008416481918,0.2692799306993824,0.2692799306993824
65088,126,20,Neutral,100.0,0,90.25894052016855,9.74105947983145,0.584071900653971,0.584071900653971
65088,11,21,Neutral,100.0,1,97.26448122328925,2.735518776710748,0.16402113697140858,0.16402113697140858
65088,33,22,Neutral,100.0,0,88.4748796251672,11.525120374832795,0.6910438209038503,0.6910438209038503
65088,84,23,Neutral,100.0,1,91.35408561862693,8.645914381373075,0.5184072282974553,0.5184072282974553
65088,65,24,Neutral,100.0,1,87.47904549571834,12.520954504281661,0.7507538282113261,0.7507538282113261
65088,46,25,Neutral,100.0,0,87.25489741228232,12.745102587717682,0.7641937006801764,0.7641937006801764
65088,95,26,Neutral,74.0,1,87.71245103233136,-13.712451032331359,-0.8221957122488348,0.8221957122488348
65088,107,27,Neutral,100.0,0,89.74772629821086,10.252273701789136,0.6147241990901298,0.6147241990901298
65088,25,28,Neutral,100.0,0,92.15510897725773,7.844891022742274,0.470378034295263,0.470378034295263
65088,12,29,Neutral,89.0,1,93.29189100030337,-4.291891000303366,-0.25734089183389675,0.25734089183389675
65088,108,30,Neutral,100.0,1,88.3260201270567,11.673979872943306,0.6999694054536437,0.6999694054536437
65088,92,31,Neutral,71.0,1,92.26292975829232,-21.262929758292316,-1.2749208464552524,1.2749208464552524
65088,43,32,Neutral,100.0,0,92.03652635674248,7.963473643257515,0.47748822356084214,0.47748822356084214
65088,119,33,Neutral,100.0,1,86.21817853994149,13.78182146005851,0.8263551486690379,0.8263551486690379
65088,53,34,Neutral,70.0,0,86.3880773582151,-16.3880773582151,-0.982625710323927,0.982625710323927
65088,88,35,Neutral,74.0,1,89.01319756740571,-15.013197567405712,-0.9001882039878433,0.9001882039878433
65088,71,36,Neutral,72.0,0,87.34188760443946,-15.341887604439464,-0.9198963902538048,0.9198963902538048
65088,85,37,Neutral,72.0,0,89.8967512893746,-17.896751289374606,-1.073085485491492,1.073085485491492
65088,98,38,Neutral,73.0,1,85.16344454579507,-12.163444545795073,-0.7293176054484611,0.7293176054484611
65088,62,39,Neutral,65.0,1,84.70156121812525,-19.70156121812525,-1.1813015134899973,1.1813015134899973
65088,70,40,Neutral,70.0,0,86.54140307141543,-16.54140307141543,-0.9918190882017092,0.9918190882017092
65088,37,41,Neutral,100.0,1,89.5688118448374,10.431188155162602,0.6254518725072429,0.6254518725072429
65088,109,42,Neutral,100.0,0,87.6013254953084,12.398674504691598,0.7434219448653298,0.7434219448653298
65088,89,43,Neutral,86.0,1,85.11280851230592,0.8871914876940821,0.05319581710124952,0.05319581710124952
65088,74,44,Neutral,100.0,0,87.14437653543378,12.855623464566222,0.7708205094720254,0.7708205094720254
65088,10,45,Neutral,86.0,1,89.11887488884774,-3.118874888847742,-0.18700708973216978,0.18700708973216978
65088,39,46,Neutral,84.0,0,91.7222034371827,-7.722203437182699,-0.46302171217929666,0.46302171217929666
65088,41,47,Neutral,100.0,1,95.70287709152922,4.297122908470783,0.25765459595958423,0.25765459595958423
65088,1,48,Neutral,89.0,1,91.97569892226319,-2.9756989222631915,-0.17842228855072226,0.17842228855072226
65088,56,49,Neutral,100.0,1,96.24841435884508,3.751585641154918,0.22494429486159073,0.22494429486159073
65088,94,50,Neutral,100.0,1,96.05299237165178,3.947007628348217,0.23666175657362426,0.23666175657362426
65088,55,51,Neutral,100.0,1,94.28702669935116,5.712973300648841,0.3425486910334619,0.3425486910334619
65088,52,52,Neutral,78.0,0,92.48277440359135,-14.48277440359135,-0.8683841413926616,0.8683841413926616
65088,24,53,Neutral,100.0,0,89.75141102739151,10.248588972608488,0.6145032634947366,0.6145032634947366
65088,87,54,Neutral,100.0,1,87.38740242940703,12.612597570592968,0.7562487274092035,0.7562487274092035
65088,96,55,Neutral,100.0,0,82.16798292325991,17.832017076740087,1.069204035564093,1.069204035564093
65088,44,56,Neutral,80.0,1,88.87486067097024,-8.874860670970236,-0.5321348002098898,0.5321348002098898
65088,45,57,Neutral,100.0,0,87.53032777680363,12.469672223196369,0.7476789533021466,0.7476789533021466
65088,128,58,Neutral,100.0,0,88.00802572354881,11.991974276451188,0.7190362837576645,0.7190362837576645
65088,42,59,Neutral,88.0,0,88.94595245370878,-0.9459524537087844,-0.05671911240352443,0.05671911240352443
65088,54,60,Neutral,100.0,1,90.376315013756,9.623684986244001,0.5770341504277394,0.5770341504277394
65088,93,61,Neutral,100.0,0,87.4087120835152,12.591287916484802,0.7549710049804467,0.7549710049804467
65088,4,62,Neutral,100.0,0,89.73777163684332,10.26222836315668,0.6153210785155502,0.6153210785155502
65088,117,63,Neutral,97.0,0,89.29332642315512,7.706673576844878,0.4620905449830402,0.4620905449830402
65088,86,64,Neutral,100.0,0,88.32179487271314,11.678205127286859,0.7002227508253966,0.7002227508253966
65112,91,1,Standard,60.0,1,76.57010169778766,-16.570101697787663,-0.9935398518708043,0.9935398518708043
65112,113,2,Standard,44.0,1,83.51361011013645,-39.513610110136455,-2.369227844929112,2.369227844929112
65112,22,3,Standard,65.0,1,86.24649156472847,-21.246491564728473,-1.2739352157876613,1.2739352157876613
65112,18,4,Standard,92.0,0,80.57910152759449,11.420898472405511,0.6847946973083613,0.6847946973083613
65112,79,5,Standard,100.0,1,78.69212564686363,21.30787435313637,1.2776157150153964,1.2776157150153964
65112,90,6,Standard,100.0,0,80.13142866030645,19.868571339693545,1.1913154056477049,1.1913154056477049
65112,125,7,Standard,100.0,0,74.07736617666619,25.92263382333381,1.5543157331602162,1.5543157331602162
65112,100,8,Standard,89.0,0,77.1081830766904,11.891816923309605,0.71303086969208,0.71303086969208
65112,99,9,Standard,100.0,1,76.84605793606985,23.153942063930145,1.3883055510452142,1.3883055510452142
65112,64,10,Standard,95.0,0,78.20684688463008,16.79315311536992,1.0069139684831263,1.0069139684831263
65112,72,11,Standard,98.0,1,77.30893095383227,20.691069046167726,1.2406321970807677,1.2406321970807677
65112,20,12,Standard,72.0,1,76.8432298302091,-4.843229830209097,-0.2903990534182821,0.2903990534182821
65112,68,13,Standard,90.0,0,75.34324962279244,14.656750377207558,0.878815704590539,0.878815704590539
65112,76,14,Standard,85.0,0,75.11931488999089,9.88068511000911,0.5924438244027916,0.5924438244027916
65112,5,15,Standard,87.0,0,76.09805072486766,10.901949275132338,0.6536786113608561,0.6536786113608561
65112,48,16,Standard,85.0,1,85.23326385799021,-0.23326385799020954,-0.013986452415397537,0.013986452415397537
65112,35,17,Standard,87.0,1,83.26182437012991,3.738175629870085,0.22414023337370634,0.22414023337370634
65112,83,18,Standard,82.0,1,79.03883821133033,2.9611617886696706,0.177550645043606,0.177550645043606
65112,13,19,Standard,58.0,0,77.06783541523842,-19.06783541523842,-1.1433034461389109,1.1433034461389109
65112,7,20,Standard,81.0,1,83.9478553486524,-2.9478553486523964,-0.17675279366738567,0.17675279366738567
65112,58,21,Standard,99.0,1,79.25975525599814,19.740244744001856,1.1836209696569089,1.1836209696569089
65112,15,22,Standard,83.0,1,81.47619639296093,1.5238036070390706,0.09136694738692701,0.09136694738692701
65112,51,23,Standard,100.0,0,77.07875015303563,22.921249846964372,1.374353374106763,1.374353374106763
65112,23,24,Standard,93.0,0,79.28661529753695,13.713384702463046,0.8222516949157641,0.8222516949157641
65112,2,25,Standard,97.0,0,77.04198662952989,19.958013370470113,1.196678331212648,1.196678331212648
65112,121,26,Standard,90.0,1,79.24332297238794,10.756677027612056,0.644968117610446,0.644968117610446
65112,116,27,Standard,90.0,0,81.1134046246236,8.886595375376402,0.5328384106457272,0.5328384106457272
65112,112,28,Standard,45.0,0,77.50336151885688,-32.50336151885688,-1.9488947972515989,1.9488947972515989
65112,6,29,Standard,77.0,1,79.28556644737262,-2.2855664473726165,-0.13704208887665748,0.13704208887665748
65112,27,30,Standard,71.0,0,79.57995019142899,-8.579950191428992,-0.5144520291863616,0.5144520291863616
65112,8,31,Standard,73.0,0,82.12957914759802,-9.129579147598022,-0.5474076670970808,0.5474076670970808
65112,32,32,Standard,85.0,0,78.0144620020412,6.985537997958801,0.4188514056408297,0.4188514056408297
65112,106,33,Standard,36.0,0,76.16273276974435,-40.16273276974435,-2.408149104607254,2.408149104607254
65112,111,34,Standard,81.0,0,78.21659820266203,2.783401797337973,0.16689219293043456,0.16689219293043456
65112,63,35,Standard,78.0,1,74.881556732581,3.1184432674189964,0.18698120980106248,0.18698120980106248
65112,120,36,Standard,81.0,0,75.43187810558693,5.568121894413068,0.33386343083895254,0.33386343083895254
65112,80,37,Standard,100.0,1,80.63306478872137,19.36693521127863,1.1612374077085044,1.1612374077085044
65112,50,38,Standard,84.0,0,72.07799780991331,11.922002190086687,0.7148407720106871,0.7148407720106871
65112,31,39,Standard,88.0,0,75.82135149134695,12.178648508653055,0.7302292318996002,0.7302292318996002
65112,82,40,Standard,71.0,1,74.3482159591036,-3.348215959103598,-0.20075833261080084,0.20075833261080084
65112,67,41,Standard,100.0,1,78.4990384643436,21.5009615356564,1.2891931823247682,1.2891931823247682
65112,66,42,Standard,61.0,0,75.42262416279719,-14.422624162797192,-0.864777545463525,0.864777545463525
65112,105,43,Standard,77.0,0,74.80540261091448,2.1945973890855157,0.13158760305974423,0.13158760305974423
65112,60,44,Standard,100.0,1,78.32810681399391,21.671893186006088,1.2994422085326842,1.2994422085326842
65112,29,45,Standard,83.0,1,79.82836759866485,3.1716324013351453,0.19017041920942976,0.19017041920942976
65112,124,46,Standard,64.0,1,76.69553678718718,-12.69553678718718,-0.761221745588102,0.761221745588102
65112,16,47,Standard,12.0,1,76.7107452104908,-64.7107452104908,-3.88004282553464,3.88004282553464
65112,57,48,Standard,100.0,1,79.41902284839185,20.580977151608153,1.2340311099777537,1.2340311099777537
65112,3,49,Standard,100.0,1,79.21158061207916,20.78841938792084,1.2464693033272474,1.2464693033272474
65112,81,50,Standard,96.0,0,75.90292145694875,20.097078543051254,1.2050166500405344,1.2050166500405344
65112,17,51,Standard,8.0,0,82.85217221153367,-74.85217221153367,-4.488120679499772,4.488120679499772
65112,28,52,Standard,97.0,0,77.52906908915733,19.470930910842668,1.1674729682273544,1.1674729682273544
65112,69,53,Standard,50.0,1,75.3682002253368,-25.368200225336807,-1.521072009924668,1.521072009924668
65112,36,54,Standard,38.0,1,73.47234758766709,-35.47234758766709,-2.1269145845052893,2.1269145845052893
65112,123,55,Standard,94.0,1,75.07407747040281,18.925922529597187,1.1347943790281536,1.1347943790281536
65112,101,56,Standard,54.0,0,79.9466762646175,-25.946676264617494,-1.5557573129397049,1.5557573129397049
65112,102,57,Standard,72.0,0,74.37179903000921,-2.371799030009214,-0.1422125765985669,0.1422125765985669
65112,110,58,Standard,57.0,1,72.64655780937139,-15.646557809371387,-0.9381643523821196,0.9381643523821196
65112,114,59,Standard,100.0,0,75.23643341159146,24.763566588408537,1.484818302794432,1.484818302794432
65112,49,60,Standard,99.0,0,79.14238202983393,19.857617970166075,1.190658643888707,1.190658643888707
65112,26,61,Standard,77.0,1,84.1567334674211,-7.156733467421105,-0.4291162503878743,0.4291162503878743
65112,75,62,Standard,12.0,0,71.72699822641175,-59.72699822641175,-3.5812183927923495,3.5812183927923495
65112,115,63,Standard,53.0,1,81.95328565313693,-28.95328565313693,-1.736032986618992,1.736032986618992
65112,73,64,Standard,99.0,0,73.31119198824544,25.68880801175456,1.5402955861244838,1.5402955861244838
65163,13,1,Standard,68.0,1,74.97056237587853,-6.970562375878529,-0.4179534704552362,0.4179534704552362
65163,112,2,Standard,75.0,1,75.75654575362685,-0.7565457536268525,-0.04536232605574568,0.04536232605574568
65163,17,3,Standard,36.0,1,82.0691139501608,-46.0691139501608,-2.76229449189036,2.76229449189036
65163,115,4,Standard,34.0,1,81.6521061436926,-47.652106143692606,-2.8572103746144966,2.8572103746144966
65163,83,5,Standard,89.0,1,76.49438164543106,12.505618354568938,0.7498342758638663,0.7498342758638663
65163,99,6,Standard,76.0,1,74.11068981856715,1.8893101814328475,0.11328264557660578,0.11328264557660578
65163,114,7,Standard,66.0,0,74.64761609813422,-8.647616098134222,-0.5185092628805636,0.5185092628805636
65163,16,8,Standard,87.0,0,76.88329658612038,10.11670341387962,0.6065954328203557,0.6065954328203557
65163,124,9,Standard,75.0,1,75.44961208473642,-0.44961208473641534,-0.026958647099189693,0.026958647099189693
65163,26,10,Standard,80.0,1,83.50509668384692,-3.505096683846915,-0.2101648682413981,0.2101648682413981
65163,110,11,Standard,16.0,1,73.16956645913085,-57.16956645913085,-3.4278753158712707,3.4278753158712707
65163,125,12,Standard,56.0,0,70.74438074397472,-14.744380743974716,-0.8840700031582328,0.8840700031582328
65163,60,13,Standard,62.0,1,76.81933915594574,-14.819339155945741,-0.888564493951618,0.888564493951618
65163,100,14,Standard,59.0,0,73.73139048473267,-14.731390484732671,-0.883291109915542,0.883291109915542
65163,2,15,Standard,100.0,0,75.94413038643869,24.055869613561313,1.442384939355691,1.442384939355691
65163,69,16,Standard,61.0,1,75.45313728243391,-14.453137282433914,-0.8666071057714158,0.8666071057714158
65163,7,17,Standard,100.0,1,81.19347492029901,18.80652507970099,1.1276353327623447,1.1276353327623447
65163,66,18,Standard,57.0,1,73.36004634882647,-16.360046348826472,-0.9809449768303309,0.9809449768303309
65163,102,19,Standard,77.0,0,73.16968148682469,3.830318513175314,0.22966510149459718,0.22966510149459718
65163,31,20,Standard,41.0,0,73.76788561125329,-32.76788561125329,-1.9647556068210947,1.9647556068210947
65163,113,21,Standard,63.0,1,79.79547217792589,-16.795472177925888,-1.0070530189917084,1.0070530189917084
65163,72,22,Standard,67.0,1,75.29112436615013,-8.291124366150129,-0.4971340927670373,0.4971340927670373
65163,36,23,Standard,92.0,0,73.2944416891668,18.705558310833197,1.1215813862981434,1.1215813862981434
65163,75,24,Standard,82.0,0,71.8557424427751,10.144257557224904,0.6082475735251622,0.6082475735251622
65163,101,25,Standard,57.0,1,78.41889629571862,-21.418896295718625,-1.2842725676044369,1.2842725676044369
65163,81,26,Standard,79.0,0,74.06849137318625,4.931508626813752,0.29569223170418435,0.29569223170418435
65163,58,27,Standard,67.0,1,77.4609844646472,-10.460984464647197,-0.6272384530274804,0.6272384530274804
65163,68,28,Standard,7.0,0,71.57219259743863,-64.57219259743863,-3.8717352396695186,3.8717352396695186
65163,18,29,Standard,100.0,0,76.61713295063723,23.382867049362773,1.4020318455643737,1.4020318455643737
65163,22,30,Standard,100.0,1,82.17789635838804,17.82210364161196,1.0686096280554145,1.0686096280554145
65163,5,31,Standard,78.0,0,72.28318654024761,5.716813459752387,0.3427789461747087,0.3427789461747087
65163,73,32,Standard,59.0,0,71.59907144840463,-12.59907144840463,-0.7554377039356914,0.7554377039356914
65163,49,33,Standard,100.0,0,77.45838573472082,22.54161426527918,1.351590503578168,1.351590503578168
65163,123,34,Standard,71.0,1,74.45809997924016,-3.45809997924016,-0.20734695560664065,0.20734695560664065
65163,20,35,Standard,60.0,1,72.96887557178431,-12.96887557178431,-0.777611082268844,0.777611082268844
65163,120,36,Standard,64.0,1,72.54607619943482,-8.546076199434822,-0.5124209516708474,0.5124209516708474
65163,23,37,Standard,100.0,0,75.8503326317745,24.149667368225494,1.4480090332191162,1.4480090332191162
65163,27,38,Standard,94.0,0,76.36270332199771,17.637296678002286,1.0575286409499483,1.0575286409499483
65163,48,39,Standard,100.0,1,81.33989728871471,18.66010271128529,1.1188558780022253,1.1188558780022253
65163,90,40,Standard,81.0,1,75.52803560889419,5.471964391105814,0.32809784693762317,0.32809784693762317
65163,79,41,Standard,96.0,1,75.57914007752568,20.42085992247432,1.2244305142169667,1.2244305142169667
65163,116,42,Standard,65.0,0,77.58950764032868,-12.589507640328677,-0.7548642599923527,0.7548642599923527
65163,91,43,Standard,100.0,0,73.19427317285228,26.805726827147723,1.607265806020334,1.607265806020334
65163,29,44,Standard,95.0,1,76.75822512157076,18.24177487842924,1.09377302813989,1.09377302813989
65163,15,45,Standard,100.0,1,77.35468209347724,22.645317906522763,1.3578085523408603,1.3578085523408603
65163,57,46,Standard,100.0,1,76.63984757162291,23.36015242837709,1.4006698816138188,1.4006698816138188
65163,121,47,Standard,86.0,1,75.45658303249562,10.543416967504385,0.6321810887560834,0.6321810887560834
65163,106,48,Standard,78.0,1,72.39167574439053,5.608324255609475,0.3362739560557813,0.3362739560557813
65163,6,49,Standard,90.0,1,76.8734954262944,13.126504573705603,0.7870624844434205,0.7870624844434205
65163,50,50,Standard,100.0,0,68.66650999256642,31.333490007433582,1.8787495447138574,1.8787495447138574
65163,111,51,Standard,95.0,0,74.58607458898396,20.413925411016038,1.2240147223520332,1.2240147223520332
65163,3,52,Standard,100.0,1,75.96620949792015,24.033790502079853,1.441061080422848,1.441061080422848
65163,63,53,Standard,32.0,0,71.22623827048737,-39.22623827048737,-2.3519970891857778,2.3519970891857778
65163,82,54,Standard,100.0,0,72.19898789362277,27.80101210637723,1.6669429043827961,1.6669429043827961
65163,67,55,Standard,98.0,1,76.34981039886277,21.650189601137228,1.2981408660974383,1.2981408660974383
65163,80,56,Standard,65.0,1,76.9339391673615,-11.933939167361501,-0.7155565106856638,0.7155565106856638
65163,105,57,Standard,79.0,0,72.65617454543367,6.343825454566328,0.38037445498995237,0.38037445498995237
65163,51,58,Standard,99.0,0,72.43154994235714,26.568450057642863,1.5930387402650454,1.5930387402650454
65163,32,59,Standard,30.0,0,73.71771906549257,-43.717719065492574,-2.62130534360318,2.62130534360318
65163,35,60,Standard,100.0,1,78.26416688532156,21.735833114678442,1.3032760333588915,1.3032760333588915
65163,8,61,Standard,99.0,0,77.94857477430958,21.051425225690423,1.2622390786650557,1.2622390786650557
65163,28,62,Standard,98.0,0,75.55506966074144,22.444930339258562,1.3457933554804205,1.3457933554804205
65163,76,63,Standard,40.0,0,69.85881444958511,-29.85881444958511,-1.7903283049396992,1.7903283049396992
65163,64,64,Standard,36.0,1,72.95545837810135,-36.955458378101355,-2.2158415990710956,2.2158415990710956
65222,9,1,Neutral,65.0,1,64.27021635559157,0.7297836444084282,0.04375767555247366,0.04375767555247366
65222,43,2,Neutral,70.0,0,63.0541687110371,6.9458312889629,0.4164705996268671,0.4164705996268671
65222,46,3,Neutral,27.0,1,57.865045559895016,-30.865045559895016,-1.8506617130574403,1.8506617130574403
65222,126,4,Neutral,64.0,1,60.60624571218385,3.393754287816151,0.20348880133022665,0.20348880133022665
65222,103,5,Neutral,30.0,0,59.54268133134529,-29.542681331345293,-1.7713730289132776,1.7713730289132776
65222,30,6,Neutral,34.0,1,62.363975161466676,-28.363975161466676,-1.700698052091816,1.700698052091816
65222,128,7,Neutral,39.0,0,59.79351993562887,-20.793519935628872,-1.2467751311071078,1.2467751311071078
65222,62,8,Neutral,59.0,0,55.743998420835425,3.2560015791645753,0.19522917756661623,0.19522917756661623
65222,77,9,Neutral,28.0,1,58.744778423900314,-30.744778423900314,-1.8434505205940257,1.8434505205940257
65222,25,10,Neutral,41.0,0,62.628053109506844,-21.628053109506844,-1.2968135666627987,1.2968135666627987
65222,24,11,Neutral,58.0,0,61.27572698203026,-3.275726982030257,-0.19641190862033558,0.19641190862033558
65222,95,12,Neutral,31.0,0,58.029178838366235,-27.029178838366235,-1.620663942143778,1.620663942143778
65222,53,13,Neutral,54.0,0,56.85935679230815,-2.859356792308148,-0.17144643863319878,0.17144643863319878
65222,42,14,Neutral,57.0,0,60.62070219699691,-3.620702196996909,-0.21709655076847809,0.21709655076847809
65222,37,15,Neutral,57.0,1,60.354188629515015,-3.354188629515015,-0.2011164526865892,0.2011164526865892
65222,97,16,Neutral,58.0,0,59.47122662565825,-1.4712266256582467,-0.08821444251727421,0.08821444251727421
65222,74,17,Neutral,33.0,0,57.87849892512423,-24.878498925124227,-1.4917096218025054,1.4917096218025054
65222,118,18,Neutral,98.0,0,61.00750570246443,36.99249429753557,2.2180622650983586,2.2180622650983586
65222,108,19,Neutral,59.0,1,58.359227968487396,0.6407720315126042,0.038420557754149834,0.038420557754149834
65222,47,20,Neutral,55.0,0,63.41458535591072,-8.414585355910717,-0.5045367880380588,0.5045367880380588
65222,19,21,Neutral,93.0,0,62.19533643479359,30.80466356520641,1.8470412212129885,1.8470412212129885
65222,96,22,Neutral,57.0,1,53.16494826854776,3.835051731452239,0.22994890427815862,0.22994890427815862
65222,21,23,Neutral,61.0,0,57.64513895323982,3.3548610467601776,0.20115677068477283,0.20115677068477283
65222,4,24,Neutral,62.0,1,61.048834332715764,0.9511656672842363,0.057031695605365425,0.057031695605365425
65222,84,25,Neutral,56.0,1,60.91286194385002,-4.912861943850018,-0.29457418047145456,0.29457418047145456
65222,52,26,Neutral,66.0,0,63.32518812082104,2.674811879178961,0.16038116402004637,0.16038116402004637
65222,12,27,Neutral,59.0,0,63.08293289514344,-4.082932895143443,-0.24481180730356392,0.24481180730356392
65222,11,28,Neutral,57.0,1,66.6612586847332,-9.661258684733198,-0.5792870615753023,0.5792870615753023
65222,1,29,Neutral,55.0,1,62.45442559207718,-7.454425592077179,-0.4469658082740151,0.4469658082740151
65222,98,30,Neutral,59.0,0,55.19831708538186,3.801682914618141,0.22794811696018577,0.22794811696018577
65222,33,31,Neutral,60.0,1,57.727005835526654,2.272994164473346,0.13628825740855688,0.13628825740855688
65222,55,32,Neutral,38.0,0,64.8227903017172,-26.822790301717205,-1.6082889284069894,1.6082889284069894
65222,45,33,Neutral,65.0,0,58.133028688695376,6.866971311304624,0.4117421717662464,0.4117421717662464
65222,39,34,Neutral,41.0,0,61.9513169246851,-20.951316924685102,-1.2562366057553604,1.2562366057553604
65222,40,35,Neutral,34.0,1,64.51150461156595,-30.511504611565954,-1.829463471318223,1.829463471318223
65222,71,36,Neutral,63.0,0,56.988278248195016,6.011721751804984,0.36046158603687256,0.36046158603687256
65222,14,37,Neutral,72.0,1,60.879651557894704,11.120348442105296,0.6667737799941296,0.6667737799941296
65222,41,38,Neutral,68.0,1,65.80056910123291,2.1994308987670905,0.13187741929507182,0.13187741929507182
65222,54,39,Neutral,67.0,0,60.84759444784903,6.152405552150967,0.368896957448928,0.368896957448928
65222,59,40,Neutral,57.0,1,56.92470292278392,0.07529707721607792,0.0045147970910495265,0.0045147970910495265
65222,10,41,Neutral,61.0,1,58.8454326154148,2.1545673845851994,0.12918741231456962,0.12918741231456962
65222,78,42,Neutral,93.0,1,59.7608401365231,33.2391598634769,1.993013112977939,1.993013112977939
65222,104,43,Neutral,62.0,0,59.77402792958344,2.22597207041656,0.13346882242765562,0.13346882242765562
65222,70,44,Neutral,42.0,1,56.012565078106036,-14.012565078106036,-0.8401904880215828,0.8401904880215828
65222,93,45,Neutral,65.0,0,57.66095572127707,7.33904427872293,0.4400475687200633,0.4400475687200633
65222,122,46,Neutral,62.0,1,55.863242200864505,6.136757799135495,0.3679587214322366,0.3679587214322366
65222,61,47,Neutral,76.0,1,55.799298983495234,20.200701016504766,1.2112298319994137,1.2112298319994137
65222,94,48,Neutral,66.0,1,65.84403426649185,0.1559657335081539,0.009351672946419008,0.009351672946419008
65222,86,49,Neutral,54.0,0,58.682329838014255,-4.682329838014255,-0.2807515233471407,0.2807515233471407
65222,109,50,Neutral,93.0,0,56.95429579748614,36.04570420251386,2.1612929278959077,2.1612929278959077
65222,65,51,Neutral,72.0,1,55.94264283928557,16.05735716071443,0.9627957960585627,0.9627957960585627
65222,119,52,Neutral,58.0,1,55.07025777933997,2.9297422206600316,0.17566673427978072,0.17566673427978072
65222,34,53,Neutral,67.0,1,63.054730716370265,3.9452692836297345,0.23655752578581127,0.23655752578581127
65222,38,54,Neutral,55.0,0,56.007246298151514,-1.0072462981515145,-0.06039427856960492,0.06039427856960492
65222,89,55,Neutral,56.0,1,54.13845169061325,1.8615483093867482,0.11161804950209767,0.11161804950209767
65222,44,56,Neutral,78.0,1,58.42618976047237,19.57381023952763,1.1736415913804563,1.1736415913804563
65222,127,57,Neutral,75.0,0,56.452249690159135,18.547750309840865,1.1121192513764921,1.1121192513764921
65222,92,58,Neutral,62.0,1,60.726527101859546,1.2734728981404544,0.07635717014029422,0.07635717014029422
65222,87,59,Neutral,68.0,1,56.719695722577995,11.280304277422005,0.6763646986152055,0.6763646986152055
65222,117,60,Neutral,62.0,0,59.10916316641074,2.890836833589262,0.1733339753618056,0.1733339753618056
65222,107,61,Neutral,58.0,1,57.904673526914465,0.09532647308553521,0.005715755502056698,0.005715755502056698
65222,56,62,Neutral,72.0,1,65.38234886469164,6.617651135308364,0.3967929858622878,0.3967929858622878
65222,85,63,Neutral,69.0,0,58.46119272476011,10.53880727523989,0.6319046925665387,0.6319046925665387
65222,88,64,Neutral,61.0,0,57.29411903818705,3.7058809618129516,0.22220385179301966,0.22220385179301966
65278,76,1,Standard,34.0,0,82.82870324725889,-48.828703247258886,-2.927758892258473,2.927758892258473
65278,112,2,Standard,56.0,1,85.78224294658592,-29.782242946585924,-1.785737093543725,1.785737093543725
65278,50,3,Standard,100.0,0,80.75114367103846,19.248856328961537,1.1541574224805284,1.1541574224805284
65278,113,4,Standard,71.0,1,90.56589107841093,-19.565891078410928,-1.1731667601267723,1.1731667601267723
65278,91,5,Standard,26.0,1,83.53476834752966,-57.53476834752966,-3.449772745152054,3.449772745152054
65278,48,6,Standard,100.0,1,92.81123073745951,7.1887692625404895,0.43103711000104894,0.43103711000104894
65278,15,7,Standard,70.0,1,89.27319906876139,-19.273199068761386,-1.1556170080965962,1.1556170080965962
65278,68,8,Standard,58.0,0,82.70218070593057,-24.702180705930573,-1.4811376180468991,1.4811376180468991
65278,6,9,Standard,100.0,1,87.30160491950426,12.698395080495743,0.761393128260471,0.761393128260471
65278,124,10,Standard,73.0,1,85.41248980757855,-12.412489807578552,-0.7442503075533927,0.7442503075533927
65278,90,11,Standard,62.0,0,87.05228815078225,-25.052288150782246,-1.5021299876316458,1.5021299876316458
65278,101,12,Standard,100.0,1,89.01408655913875,10.985913440861253,0.6587130852767223,0.6587130852767223
65278,111,13,Standard,75.0,0,86.2764438340599,-11.276443834059904,-0.6761332272340341,0.6761332272340341
65278,36,14,Standard,72.0,0,82.3645292451234,-10.364529245123407,-0.6214550181237207,0.6214550181237207
65278,60,15,Standard,57.0,1,86.73840971952164,-29.73840971952164,-1.7831088623645355,1.7831088623645355
65278,120,16,Standard,36.0,0,83.44791657771856,-47.44791657771856,-2.8449672107020803,2.8449672107020803
65278,105,17,Standard,39.0,0,83.08428403864353,-44.08428403864353,-2.643284503162234,2.643284503162234
65278,27,18,Standard,84.0,0,87.24553138943077,-3.2455313894307665,-0.19460138716756414,0.19460138716756414
65278,51,19,Standard,100.0,0,84.39387407690752,15.606125923092478,0.9357400648890761,0.9357400648890761
65278,99,20,Standard,74.0,1,83.50407447094824,-9.50407447094824,-0.569862328804882,0.569862328804882
65278,110,21,Standard,57.0,1,81.40731798902901,-24.40731798902901,-1.4634577108613136,1.4634577108613136
65278,125,22,Standard,100.0,0,80.56015407447963,19.439845925520373,1.1656091189718822,1.1656091189718822
65278,57,23,Standard,100.0,1,87.65409711685466,12.345902883145342,0.7402577694118352,0.7402577694118352
65278,69,24,Standard,58.0,0,83.77850313086454,-25.778503130864536,-1.545673686813266,1.545673686813266
65278,7,25,Standard,100.0,1,90.86871483912819,9.131285160871812,0.5475099592981937,0.5475099592981937
65278,102,26,Standard,100.0,0,82.86971625406943,17.13028374593057,1.0271282509816495,1.0271282509816495
65278,18,27,Standard,100.0,0,86.71143215127807,13.288567848721925,0.7967797647106208,0.7967797647106208
65278,63,28,Standard,100.0,1,82.3281021342516,17.671897865748406,1.0596033209715214,1.0596033209715214
65278,75,29,Standard,41.0,1,80.31252976900441,-39.31252976900441,-2.357171109491626,2.357171109491626
65278,100,30,Standard,66.0,0,83.2843208596402,-17.284320859640204,-1.0363642842860263,1.0363642842860263
65278,20,31,Standard,84.0,1,83.15078909095762,0.8492109090423838,0.0509185095037582,0.0509185095037582
65278,26,32,Standard,100.0,1,92.56703637294885,7.432963627051151,0.4456789533142979,0.4456789533142979
65278,28,33,Standard,100.0,0,85.50130040202272,14.498699597977279,0.8693390127362287,0.8693390127362287
65278,17,34,Standard,100.0,1,90.7367892058666,9.2632107941334,0.5554201928332226,0.5554201928332226
65278,83,35,Standard,100.0,1,85.43401179061132,14.565988209388678,0.8733736238830752,0.8733736238830752
65278,16,36,Standard,100.0,0,84.33251924922632,15.667480750773677,0.9394188875974532,0.9394188875974532
65278,80,37,Standard,100.0,1,87.77296007552832,12.227039924471683,0.7331307711285766,0.7331307711285766
65278,2,38,Standard,100.0,0,83.61238884587581,16.387611154124187,0.982597756823588,0.982597756823588
65278,116,39,Standard,100.0,0,87.72761400023575,12.272385999764253,0.7358497123729214,0.7358497123729214
65278,81,40,Standard,100.0,0,83.48088833641803,16.519111663581967,0.9904825000237496,0.9904825000237496
65278,72,41,Standard,100.0,1,83.1346114626522,16.865388537347798,1.0112451893627972,1.0112451893627972
65278,31,42,Standard,100.0,0,82.82982530035521,17.17017469964479,1.0295201042706068,1.0295201042706068
65278,32,43,Standard,100.0,0,84.67247853691958,15.327521463080416,0.9190349994055078,0.9190349994055078
65278,22,44,Standard,100.0,1,91.59029332161982,8.409706678380175,0.5042442635479003,0.5042442635479003
65278,64,45,Standard,100.0,0,83.81349159711887,16.18650840288113,0.9705396776805062,0.9705396776805062
65278,29,46,Standard,100.0,1,86.92445572620557,13.075544273794435,0.7840069154584822,0.7840069154584822
65278,13,47,Standard,78.0,1,82.98113024259084,-4.981130242590837,-0.2986675334668366,0.2986675334668366
65278,114,48,Standard,100.0,0,82.858207450327,17.141792549673,1.0278183164606678,1.0278183164606678
65278,106,49,Standard,67.0,1,82.60171350829155,-15.601713508291553,-0.9354754974152212,0.9354754974152212
65278,49,50,Standard,100.0,0,86.72034890930323,13.279651090696774,0.7962451177537673,0.7962451177537673
65278,121,51,Standard,100.0,1,85.28803927753904,14.711960722460958,0.8821261054103555,0.8821261054103555
65278,35,52,Standard,100.0,1,88.86846908261869,11.131530917381312,0.6674442788861651,0.6674442788861651
65278,3,53,Standard,100.0,1,86.17624726182117,13.823752738178825,0.8288693393850777,0.8288693393850777
65278,82,54,Standard,75.0,1,80.87481101618327,-5.874811016183273,-0.35225244680103557,0.35225244680103557
65278,5,55,Standard,100.0,0,81.48565964102526,18.514340358974735,1.1101159976705128,1.1101159976705128
65278,58,56,Standard,100.0,1,84.86639996848692,15.133600031513083,0.9074075106967507,0.9074075106967507
65278,66,57,Standard,64.0,0,81.90541206061063,-17.90541206061063,-1.0736047835337046,1.0736047835337046
65278,23,58,Standard,100.0,0,84.93706716929196,15.062932830708036,0.9031703200324747,0.9031703200324747
65278,67,59,Standard,100.0,1,84.85040488435834,15.14959511564166,0.9083665726147526,0.9083665726147526
65278,123,60,Standard,85.0,1,81.9949369608786,3.0050630391213957,0.18018295489096037,0.18018295489096037
65278,8,61,Standard,100.0,0,87.95525965641795,12.044740343582049,0.7222001261695671,0.7222001261695671
65278,115,62,Standard,100.0,1,89.13698809921011,10.863011900789886,0.651343934492723,0.651343934492723
65278,79,63,Standard,100.0,1,83.29120569622903,16.708794303770972,1.0018558316829638,1.0018558316829638
65278,73,64,Standard,100.0,0,80.4510872750524,19.5489127249476,1.17214874158394,1.17214874158394
65305,34,1,Neutral,100.0,1,90.30868928106148,9.691310718938524,0.5810889752966141,0.5810889752966141
65305,12,2,Neutral,93.0,1,89.15409815964632,3.845901840353676,0.23059947455149346,0.23059947455149346
65305,88,3,Neutral,100.0,0,84.94234203627435,15.057657963725646,0.9028540401051751,0.9028540401051751
65305,117,4,Neutral,100.0,0,86.53835036816687,13.461649631833126,0.8071577124317744,0.8071577124317744
65305,4,5,Neutral,100.0,1,86.85715664162124,13.142843358378755,0.788042154574599,0.788042154574599
65305,46,6,Neutral,80.0,1,82.70961036494336,-2.7096103649433587,-0.16246767398976517,0.16246767398976517
65305,118,7,Neutral,67.0,0,86.46537073724004,-19.465370737240036,-1.1671395813744376,1.1671395813744376
65305,56,8,Neutral,100.0,1,92.72392174791531,7.276078252084687,0.43627213885728783,0.43627213885728783
65305,10,9,Neutral,89.0,1,85.22324799478132,3.7767520052186825,0.2264532648172415,0.2264532648172415
65305,65,10,Neutral,82.0,1,82.7147226520482,-0.7147226520481951,-0.042854621582647315,0.042854621582647315
65305,71,11,Neutral,100.0,1,83.0594435126979,16.940556487302104,1.0157522440100841,1.0157522440100841
65305,42,12,Neutral,99.0,1,85.68430279837642,13.315697201623578,0.7984064350687671,0.7984064350687671
65305,40,13,Neutral,98.0,1,90.45124839827012,7.548751601729876,0.4526215761966958,0.4526215761966958
65305,93,14,Neutral,84.0,0,83.99496394137735,0.00503605862265033,0.00030196102771226413,0.00030196102771226413
65305,98,15,Neutral,89.0,0,80.8314107572224,8.1685892427776,0.48978691225210014,0.48978691225210014
65305,33,16,Neutral,71.0,1,83.3600995073672,-12.360099507367195,-0.7411089960478388,0.7411089960478388
65305,126,17,Neutral,80.0,1,85.01273892456985,-5.012738924569845,-0.30056278346493703,0.30056278346493703
65305,70,18,Neutral,72.0,1,82.12753750187515,-10.127537501875153,-0.6072450424835042,0.6072450424835042
65305,109,19,Neutral,100.0,1,83.28830401758643,16.711695982413573,1.0020298157309393,1.0020298157309393
65305,30,20,Neutral,100.0,1,86.72666121458644,13.273338785413557,0.7958666332416965,0.7958666332416965
65305,74,21,Neutral,100.0,0,82.67925657090633,17.320743429093667,1.038548173975996,1.038548173975996
65305,122,22,Neutral,84.0,0,81.89060030610115,2.109399693898851,0.12647916697411693,0.12647916697411693
65305,119,23,Neutral,9.0,1,81.31665168090778,-72.31665168090778,-4.336091395771853,4.336091395771853
65305,43,24,Neutral,30.0,0,87.06639749002699,-57.066397490026986,-3.4216893259388854,3.4216893259388854
65305,53,25,Neutral,100.0,0,81.30965716396038,18.69034283603962,1.1206690695937398,1.1206690695937398
65305,44,26,Neutral,21.0,0,84.71639082130642,-63.71639082130642,-3.820421543145695,3.820421543145695
65305,85,27,Neutral,93.0,1,85.01423674119158,7.985763258808419,0.47882470427391216,0.47882470427391216
65305,25,28,Neutral,97.0,0,86.81551052556168,10.184489474438323,0.6106598709146246,0.6106598709146246
65305,14,29,Neutral,93.0,1,86.20609511487162,6.793904885128384,0.40736112404765795,0.40736112404765795
65305,95,30,Neutral,92.0,0,82.21663625442105,9.783363745578953,0.5866084556305702,0.5866084556305702
65305,87,31,Neutral,86.0,1,82.92228246487959,3.0777175351204136,0.18453930336178778,0.18453930336178778
65305,1,32,Neutral,90.0,1,87.29899039712552,2.7010096028744783,0.16195197408473488,0.16195197408473488
65305,107,33,Neutral,95.0,1,84.10726026921606,10.892739730783944,0.653126408996949,0.653126408996949
65305,103,34,Neutral,94.0,0,83.24825999547156,10.751740004528443,0.644672094733059,0.644672094733059
65305,21,35,Neutral,94.0,0,82.09543932489206,11.904560675107945,0.71379498239971,0.71379498239971
65305,55,36,Neutral,91.0,1,89.6235479474993,1.3764520525006958,0.08253177882012601,0.08253177882012601
65305,47,37,Neutral,93.0,0,87.6458499312318,5.354150068768206,0.3210337246709991,0.3210337246709991
65305,104,38,Neutral,98.0,0,84.96905000876166,13.030949991238344,0.7813330515502734,0.7813330515502734
65305,38,39,Neutral,92.0,0,81.64033996999207,10.35966003000793,0.6211630609980018,0.6211630609980018
65305,54,40,Neutral,98.0,1,85.77977357142984,12.220226428570157,0.7327222353312599,0.7327222353312599
65305,96,41,Neutral,40.0,1,77.30859852533635,-37.30859852533635,-2.237015808860064,2.237015808860064
65305,128,42,Neutral,85.0,0,83.23625564415772,1.7637443558422774,0.10575374478694155,0.10575374478694155
65305,45,43,Neutral,100.0,0,82.67094337888008,17.329056621119918,1.0390466312410733,1.0390466312410733
65305,77,44,Neutral,98.0,1,82.18751413242917,15.812485867570828,0.948113364245257,0.948113364245257
65305,11,45,Neutral,100.0,1,90.89252326005428,9.107476739945724,0.5460824113306793,0.5460824113306793
65305,59,46,Neutral,23.0,1,81.63784625003355,-58.63784625003355,-3.5159130667894276,3.5159130667894276
65305,108,47,Neutral,81.0,1,82.10861379187989,-1.1086137918798897,-0.06647225241311194,0.06647225241311194
65305,127,48,Neutral,92.0,0,81.82250040640227,10.17749959359773,0.6102407591130425,0.6102407591130425
65305,94,49,Neutral,88.0,1,90.77621339007263,-2.776213390072627,-0.16646117752571002,0.16646117752571002
65305,89,50,Neutral,92.0,0,79.33347376979145,12.666526230208547,0.7594822786247164,0.7594822786247164
65305,24,51,Neutral,90.0,0,84.49942689422794,5.500573105772062,0.32981321951952547,0.32981321951952547
65305,84,52,Neutral,96.0,1,84.70605492650873,11.293945073491273,0.6771825979107705,0.6771825979107705
65305,52,53,Neutral,95.0,1,87.11838110347975,7.881618896520251,0.47258022996903926,0.47258022996903926
65305,78,54,Neutral,25.0,1,84.21114050817532,-59.21114050817532,-3.550287671284982,3.550287671284982
65305,41,55,Neutral,88.0,1,90.03183367655399,-2.031833676553987,-0.12182832470479556,0.12182832470479556
65305,61,56,Neutral,85.0,1,80.38102083294618,4.618979167053823,0.27695303029079776,0.27695303029079776
65305,9,57,Neutral,95.0,0,86.79300171952951,8.206998280470486,0.4920899101645985,0.4920899101645985
65305,39,58,Neutral,82.0,1,85.87593138514252,-3.875931385142522,-0.23240003981207005,0.23240003981207005
65305,86,59,Neutral,86.0,0,83.22024452819895,2.779755471801053,0.16667356000953296,0.16667356000953296
65305,37,60,Neutral,90.0,1,83.35885274538154,6.64114725461846,0.39820180828985374,0.39820180828985374
65305,19,61,Neutral,100.0,0,85.41903634699126,14.580963653008737,0.8742715483682315,0.8742715483682315
65305,62,62,Neutral,72.0,1,78.35439810330584,-6.35439810330584,-0.38100838880967897,0.38100838880967897
65305,92,63,Neutral,81.0,1,85.48347758837541,-4.483477588375408,-0.2688283838122316,0.2688283838122316
65305,97,64,Neutral,90.0,1,82.34446926372604,7.65553073627396,0.45902403089810456,0.45902403089810456
65322,97,1,Neutral,100.0,0,77.29325102845884,22.70674897154116,1.3614919462241213,1.3614919462241213
65322,117,2,Neutral,100.0,1,78.52971075489914,21.470289245100858,1.2873540781616861,1.2873540781616861
65322,21,3,Neutral,53.0,1,75.40101448961134,-22.40101448961134,-1.3431601702683402,1.3431601702683402
65322,65,4,Neutral,72.0,1,75.16649633860565,-3.166496338605654,-0.1898624619562682,0.1898624619562682
65322,10,5,Neutral,91.0,1,76.10444711645295,14.895552883547055,0.8931342532091391,0.8931342532091391
65322,86,6,Neutral,100.0,1,77.44577003750916,22.554229962490837,1.3523469381594109,1.3523469381594109
65322,128,7,Neutral,76.0,0,75.47547670308262,0.5245232969173799,0.03145030780297855,0.03145030780297855
65322,107,8,Neutral,100.0,1,77.39136998183196,22.608630018168043,1.355608754184747,1.355608754184747
65322,74,9,Neutral,57.0,0,73.91091296670783,-16.910912966707826,-1.013974824679936,1.013974824679936
65322,59,10,Neutral,61.0,1,75.11865005181775,-14.118650051817752,-0.846551320983841,0.846551320983841
65322,40,11,Neutral,100.0,1,82.44260878500239,17.557391214997608,1.052737526005377,1.052737526005377
65322,98,12,Neutral,66.0,1,72.8665783032209,-6.866578303220905,-0.4117186070832768,0.4117186070832768
65322,30,13,Neutral,79.0,1,79.22224206041012,-0.2222420604101245,-0.013325587724595446,0.013325587724595446
65322,24,14,Neutral,100.0,0,78.02403785527838,21.97596214472162,1.3176741200628999,1.3176741200628999
65322,94,15,Neutral,100.0,1,84.16940287332439,15.830597126675613,0.9491993115747513,0.9491993115747513
65322,84,16,Neutral,100.0,1,78.47204339105322,21.52795660894678,1.2908118013053471,1.2908118013053471
65322,108,17,Neutral,100.0,0,74.1287990544736,25.871200945526397,1.5512318285028965,1.5512318285028965
65322,42,18,Neutral,100.0,1,77.3252059109788,22.674794089021205,1.3595759381135817,1.3595759381135817
65322,4,19,Neutral,100.0,1,78.43278714285402,21.567212857145975,1.2931655977836174,1.2931655977836174
65322,34,20,Neutral,100.0,1,81.3800993232028,18.6199006767972,1.1164453723747594,1.1164453723747594
65322,89,21,Neutral,55.0,1,71.30985187311894,-16.309851873118944,-0.9779353265053815,0.9779353265053815
65322,54,22,Neutral,55.0,1,77.27427292282876,-22.274272922828757,-1.3355607722813108,1.3355607722813108
65322,46,23,Neutral,55.0,1,74.15381938837743,-19.15381938837743,-1.1484590272870459,1.1484590272870459
65322,95,24,Neutral,87.0,1,74.38322527821825,12.616774721781752,0.7564991885258001,0.7564991885258001
65322,1,25,Neutral,60.0,1,79.79457124294919,-19.79457124294919,-1.1868783752360188,1.1868783752360188
65322,109,26,Neutral,81.0,1,74.88539997092258,6.1146000290774225,0.3666301461474981,0.3666301461474981
65322,122,27,Neutral,55.0,1,73.57531057796977,-18.575310577969773,-1.113771759322051,1.113771759322051
65322,14,28,Neutral,57.0,1,78.43883300509789,-21.43883300509789,-1.2854679685527672,1.2854679685527672
65322,78,29,Neutral,84.0,0,77.21006555803096,6.789934441969038,0.40712305710151936,0.40712305710151936
65322,70,30,Neutral,82.0,1,73.7907823216404,8.209217678359593,0.492222984800482,0.492222984800482
65322,19,31,Neutral,100.0,0,78.63699719317808,21.363002806821925,1.280921205633835,1.280921205633835
65322,92,32,Neutral,62.0,1,79.03043025658872,-17.030430256588716,-1.021141056526305,1.021141056526305
65322,118,33,Neutral,100.0,0,77.23013066451774,22.769869335482255,1.3652766301194796,1.3652766301194796
65322,126,34,Neutral,100.0,1,76.45694794800391,23.543052051996085,1.4116365050100954,1.4116365050100954
65322,12,35,Neutral,82.0,1,79.6122079720604,2.3877920279395966,0.14317151342855897,0.14317151342855897
65322,87,36,Neutral,61.0,1,73.40921715315513,-12.409217153155126,-0.7440540798747473,0.7440540798747473
65322,55,37,Neutral,94.0,1,81.48348685643288,12.516513143567124,0.7504875251465105,0.7504875251465105
65322,53,38,Neutral,57.0,1,71.44613457810604,-14.44613457810604,-0.8661872250762032,0.8661872250762032
65322,62,39,Neutral,54.0,1,71.265708834629,-17.265708834628995,-1.0352483111369224,1.0352483111369224
65322,103,40,Neutral,82.0,0,74.88916310807394,7.110836891926056,0.4263643012658712,0.4263643012658712
65322,9,41,Neutral,56.0,1,79.39766233598904,-23.39766233598904,-1.4029189678736478,1.4029189678736478
65322,52,42,Neutral,100.0,1,79.50400592360813,20.495994076391867,1.2289355424609179,1.2289355424609179
65322,96,43,Neutral,56.0,1,67.92695469141059,-11.926954691410586,-0.7151377229601429,0.7151377229601429
65322,104,44,Neutral,53.0,1,75.41217753777094,-22.412177537770944,-1.3438295043145156,1.3438295043145156
65322,47,45,Neutral,100.0,0,79.19913872530171,20.800861274698292,1.247215316271001,1.247215316271001
65322,45,46,Neutral,76.0,1,73.24549238568808,2.754507614311919,0.16515970372504443,0.16515970372504443
65322,88,47,Neutral,72.0,1,73.72079751316677,-1.7207975131667723,-0.10317866103137009,0.10317866103137009
65322,71,48,Neutral,57.0,1,73.62750935080729,-16.627509350807287,-0.9969820028073301,0.9969820028073301
65322,61,49,Neutral,55.0,1,72.5914170160096,-17.5914170160096,-1.0547777059580297,1.0547777059580297
65322,119,50,Neutral,57.0,1,72.03760444891928,-15.037604448919282,-0.9016516355277269,0.9016516355277269
65322,56,51,Neutral,100.0,1,82.74395996766705,17.256040032332947,1.0346685717619815,1.0346685717619815
65322,44,52,Neutral,65.0,1,74.28337516499106,-9.283375164991057,-0.5566292443164528,0.5566292443164528
65322,41,53,Neutral,100.0,1,82.02319406328624,17.97680593671376,1.0778855454977339,1.0778855454977339
65322,77,54,Neutral,77.0,1,73.93837327072687,3.0616267292731294,0.1835745019894385,0.1835745019894385
65322,85,55,Neutral,94.0,1,75.69138234993682,18.308617650063184,1.0977809068263973,1.0977809068263973
65322,39,56,Neutral,100.0,1,77.86729177187479,22.13270822812521,1.327072582626767,1.327072582626767
65322,11,57,Neutral,100.0,1,82.27058341705926,17.729416582940743,1.0630521312927461,1.0630521312927461
65322,93,58,Neutral,27.0,1,72.77341941826975,-45.773419418269754,-2.7445647092509895,2.7445647092509895
65322,38,59,Neutral,55.0,1,71.47016726927409,-16.470167269274086,-0.9875478043195554,0.9875478043195554
65322,43,60,Neutral,82.0,1,77.39308582464238,4.606914175357616,0.2762296158977363,0.2762296158977363
65322,37,61,Neutral,39.0,0,75.50397631707536,-36.503976317075356,-2.188770828582464,2.188770828582464
65322,33,62,Neutral,41.0,0,73.5339009120805,-32.5339009120805,-1.950725932918296,1.950725932918296
65322,25,63,Neutral,59.0,1,77.1860060194433,-18.186006019443298,-1.0904291389528191,1.0904291389528191
65322,127,64,Neutral,50.0,1,71.82755634274923,-21.827556342749233,-1.3087757390391972,1.3087757390391972
65323,105,1,Standard,64.0,0,67.5281785751003,-3.5281785751002985,-0.21154885364082665,0.21154885364082665
65323,123,2,Standard,35.0,1,68.27873218651717,-33.278732186517175,-1.9953858612379491,1.9953858612379491
65323,6,3,Standard,66.0,1,71.30742786329868,-5.307427863298685,-0.31823227094742523,0.31823227094742523
65323,75,4,Standard,68.0,0,65.1506887388573,2.8493112611427023,0.17084411067359348,0.17084411067359348
65323,8,5,Standard,66.0,0,72.95366497993099,-6.953664979930991,-0.4169403061082147,0.4169403061082147
65323,106,6,Standard,93.0,1,66.74544109858331,26.254558901416686,1.5742178918147218,1.5742178918147218
65323,15,7,Standard,58.0,1,71.53321881060506,-13.533218810605064,-0.8114489855073693,0.8114489855073693
65323,26,8,Standard,90.0,1,76.16361259994238,13.836387400057617,0.829626911083818,0.829626911083818
65323,102,9,Standard,93.0,0,66.15964236619934,26.840357633800664,1.6093422619854005,1.6093422619854005
65323,81,10,Standard,31.0,1,67.34030751900899,-36.34030751900899,-2.1789572814870684,2.1789572814870684
65323,60,11,Standard,65.0,1,69.45884276119052,-4.458842761190525,-0.26735128469729985,0.26735128469729985
65323,101,12,Standard,85.0,1,71.55929096374267,13.440709036257331,0.8059021186758688,0.8059021186758688
65323,16,13,Standard,73.0,0,69.08306390054673,3.9169360994532667,0.2348586739547767,0.2348586739547767
65323,18,14,Standard,74.0,0,69.82612962634305,4.173870373656953,0.25026439960381996,0.25026439960381996
65323,91,15,Standard,87.0,0,66.83967674306435,20.160323256935655,1.2088087899326334,1.2088087899326334
65323,66,16,Standard,90.0,1,65.9615253323699,24.038474667630098,1.4413419420151188,1.4413419420151188
65323,100,17,Standard,23.0,0,66.11383367194492,-43.11383367194492,-2.5850965009904403,2.5850965009904403
65323,116,18,Standard,91.0,0,71.1927687494306,19.8072312505694,1.1876374666601437,1.1876374666601437
65323,31,19,Standard,35.0,0,66.38259436808252,-31.382594368082522,-1.8816938319665946,1.8816938319665946
65323,51,20,Standard,28.0,0,66.61008665948496,-38.61008665948496,-2.3150527667253415,2.3150527667253415
65323,64,21,Standard,60.0,1,67.41006782411242,-7.410067824112417,-0.4443061257315167,0.4443061257315167
65323,27,22,Standard,96.0,0,69.61550715696977,26.38449284303023,1.5820087039327275,1.5820087039327275
65323,115,23,Standard,88.0,1,73.39067171519716,14.609328284802842,0.8759722857918797,0.8759722857918797
65323,63,24,Standard,81.0,1,65.04853517592046,15.951464824079537,0.9564465135753698,0.9564465135753698
65323,113,25,Standard,93.0,1,72.19114513842393,20.808854861576066,1.247694610077841,1.247694610077841
65323,35,26,Standard,96.0,1,72.26747496538445,23.73252503461555,1.4229972656450403,1.4229972656450403
65323,99,27,Standard,77.0,0,65.74262876068855,11.257371239311453,0.6749896384192656,0.6749896384192656
65323,121,28,Standard,74.0,1,68.84080834526637,5.1591916547336325,0.3093440587091578,0.3093440587091578
65323,58,29,Standard,30.0,1,69.79217325687225,-39.792173256872246,-2.3859304332772266,2.3859304332772266
65323,110,30,Standard,25.0,1,64.75603354382991,-39.756033543829915,-2.3837635035988454,2.3837635035988454
65323,28,31,Standard,79.0,0,69.33189470875223,9.66810529124777,0.5796975826780915,0.5796975826780915
65323,83,32,Standard,90.0,1,67.8254530102537,22.174546989746304,1.3295812260727533,1.3295812260727533
65323,50,33,Standard,30.0,0,61.98213329765538,-31.98213329765538,-1.9176420615032985,1.9176420615032985
65323,13,34,Standard,72.0,1,66.0958277176558,5.904172282344206,0.3540129422140581,0.3540129422140581
65323,111,35,Standard,28.0,0,67.8578907348067,-39.8578907348067,-2.3898708395875294,2.3898708395875294
65323,114,36,Standard,89.0,0,65.92909776612575,23.07090223387425,1.3833265001040769,1.3833265001040769
65323,120,37,Standard,31.0,0,65.07317063773158,-34.07317063773158,-2.0430202255608556,2.0430202255608556
65323,125,38,Standard,76.0,1,62.119259268063566,13.880740731936434,0.8322863276395257,0.8322863276395257
65323,72,39,Standard,61.0,1,66.96520576938168,-5.965205769381683,-0.3576724974042637,0.3576724974042637
65323,67,40,Standard,42.0,1,69.4257208986138,-27.425720898613804,-1.6444405216110916,1.6444405216110916
65323,23,41,Standard,91.0,0,68.22699328142188,22.773006718578117,1.3654647469574552,1.3654647469574552
65323,112,42,Standard,40.0,0,66.57516098054049,-26.57516098054049,-1.5934411258063794,1.5934411258063794
65323,3,43,Standard,76.0,1,68.87433859632719,7.125661403672808,0.4272531759072919,0.4272531759072919
65323,80,44,Standard,32.0,1,70.01151436526862,-38.011514365268624,-2.2791624964435924,2.2791624964435924
65323,22,45,Standard,86.0,1,74.09169056695754,11.908309433042461,0.7140197571458695,0.7140197571458695
65323,124,46,Standard,84.0,1,66.38063647859808,17.619363521401922,1.0564533726095808,1.0564533726095808
65323,68,47,Standard,65.0,0,63.25372123639113,1.7462787636088706,0.10470651150878178,0.10470651150878178
65323,29,48,Standard,72.0,1,69.09686114951677,2.9031388504832307,0.17407160173643296,0.17407160173643296
65323,69,49,Standard,74.0,0,66.42630413740571,7.573695862594292,0.45411722889070233,0.45411722889070233
65323,79,50,Standard,70.0,1,67.6036787548871,2.396321245112901,0.14368292351652903,0.14368292351652903
65323,90,51,Standard,76.0,1,67.56002152197655,8.439978478023448,0.5060593543591688,0.5060593543591688
65323,20,52,Standard,76.0,1,64.77604315097064,11.223956849029364,0.6729861185268287,0.6729861185268287
65323,17,53,Standard,91.0,1,72.4496575844121,18.550342415587906,1.1122746734980287,1.1122746734980287
65323,32,54,Standard,68.0,0,66.45061952683469,1.5493804731653142,0.09290053096087576,0.09290053096087576
65323,73,55,Standard,64.0,0,63.105371450292196,0.8946285497078037,0.05364174179297628,0.05364174179297628
65323,5,56,Standard,40.0,0,63.70187222360271,-23.701872223602713,-1.421159329471288,1.421159329471288
65323,57,57,Standard,43.0,1,68.70985810640664,-25.709858106406642,-1.5415577454222322,1.5415577454222322
65323,36,58,Standard,69.0,0,64.17999422560614,4.820005774393863,0.2890065438612896,0.2890065438612896
65323,2,59,Standard,76.0,0,66.43541848948192,9.564581510518082,0.5734903183144086,0.5734903183144086
65323,48,60,Standard,74.0,1,72.99084854168682,1.009151458313184,0.06050851157670035,0.06050851157670035
65323,76,61,Standard,73.0,1,62.460293433128534,10.539706566871466,0.6319586139057508,0.6319586139057508
65323,7,62,Standard,98.0,1,71.79305435088146,26.206945649118538,1.571363011108606,1.571363011108606
65323,82,63,Standard,73.0,0,64.22352657098419,8.776473429015809,0.5262355216429737,0.5262355216429737
65323,49,64,Standard,83.0,0,68.65225308417988,14.347746915820125,0.8602879213062984,0.8602879213062984
65466,29,1,Standard,100.0,1,102.82158347245203,-2.8215834724520334,-0.16918155822998898,0.16918155822998898
65466,28,2,Standard,100.0,0,102.26808816489526,-2.2680881648952607,-0.13599409469410959,0.13599409469410959
65466,111,3,Standard,100.0,0,100.92550566874844,-0.9255056687484426,-0.055493127429428316,0.055493127429428316
65466,57,4,Standard,100.0,1,102.6974233849393,-2.697423384939299,-0.1617369452031336,0.1617369452031336
65466,51,5,Standard,100.0,0,98.93297988590074,1.0670201140992646,0.06397830414323248,0.06397830414323248
65466,20,6,Standard,100.0,0,98.45695831463966,1.5430416853603361,0.09252045856230749,0.09252045856230749
65466,48,7,Standard,100.0,1,106.97841382021946,-6.978413820219458,-0.41842424142512713,0.41842424142512713
65466,105,8,Standard,100.0,0,98.88731429765892,1.112685702341082,0.06671640331756803,0.06671640331756803
65466,124,9,Standard,100.0,1,99.66728720887099,0.332712791129012,0.019949389764938808,0.019949389764938808
65466,67,10,Standard,100.0,1,102.40572151402307,-2.405721514023071,-0.14424656168549713,0.14424656168549713
65466,32,11,Standard,100.0,0,100.00011321270502,-0.0001132127050169629,-6.788210249033304e-06,6.788210249033304e-06
65466,18,12,Standard,100.0,0,101.57952978229778,-1.579529782297783,-0.09470827726658972,0.09470827726658972
65466,3,13,Standard,100.0,1,101.85433921173647,-1.8543392117364732,-0.11118579350619555,0.11118579350619555
65466,16,14,Standard,100.0,0,100.70504257870276,-0.7050425787027592,-0.04227420639792899,0.04227420639792899
65466,8,15,Standard,100.0,0,104.18137922469091,-4.1813792246909145,-0.250714628750271,0.250714628750271
65466,110,16,Standard,100.0,1,97.03511961097946,2.9648803890205357,0.17777361154732144,0.17777361154732144
65466,66,17,Standard,100.0,0,97.58350401052593,2.416495989474072,0.1448925969928726,0.1448925969928726
65466,49,18,Standard,100.0,0,102.3331682478489,-2.333168247848903,-0.13989628293391587,0.13989628293391587
65466,35,19,Standard,100.0,1,104.23991091767034,-4.239910917670343,-0.2542241768890307,0.2542241768890307
65466,36,20,Standard,100.0,0,97.51045211514528,2.4895478848547157,0.1492727734479789,0.1492727734479789
65466,2,21,Standard,100.0,0,99.76587637902108,0.23412362097892014,0.014038003625403785,0.014038003625403785
65466,7,22,Standard,100.0,1,105.21112655895308,-5.211126558953083,-0.31245806476574145,0.31245806476574145
65466,6,23,Standard,100.0,1,102.09707051539627,-2.0970705153962683,-0.1257399119950856,0.1257399119950856
65466,100,24,Standard,100.0,0,97.47296939450354,2.5270306054964635,0.15152022958272846,0.15152022958272846
65466,90,25,Standard,100.0,1,100.36479350032089,-0.36479350032088576,-0.02187294241655954,0.02187294241655954
65466,79,26,Standard,100.0,0,100.32083641469897,-0.3208364146989737,-0.019237284704012265,0.019237284704012265
65466,60,27,Standard,100.0,1,100.42371405035304,-0.4237140503530412,-0.025405806343333743,0.025405806343333743
65466,125,28,Standard,100.0,0,94.22311669814817,5.776883301851825,0.3463807214148297,0.3463807214148297
65466,116,29,Standard,100.0,0,102.3766758349243,-2.376675834924299,-0.14250498880709206,0.14250498880709206
65466,22,30,Standard,100.0,1,106.41458379337331,-6.4145837933733105,-0.3846171102698714,0.3846171102698714
65466,75,31,Standard,100.0,1,95.63368127609125,4.366318723908748,0.26180356266324023,0.26180356266324023
65466,99,32,Standard,100.0,1,97.18937880177964,2.8106211982203604,0.16852426254677916,0.16852426254677916
65466,64,33,Standard,100.0,0,98.55016775033987,1.4498322496601332,0.08693164018161492,0.08693164018161492
65466,68,34,Standard,100.0,0,95.48900014427443,4.510999855725572,0.27047861323899985,0.27047861323899985
65466,50,35,Standard,100.0,0,93.56030481654518,6.439695183454816,0.3861227839969783,0.3861227839969783
65466,106,36,Standard,100.0,1,97.09701215801854,2.9029878419814565,0.1740625472980704,0.1740625472980704
65466,26,37,Standard,100.0,1,106.55899081864386,-6.5589908186438635,-0.39327572547411993,0.39327572547411993
65466,102,38,Standard,100.0,0,96.55502058490082,3.4449794150991835,0.2065602493093083,0.2065602493093083
65466,76,39,Standard,100.0,1,95.08983677440793,4.910163225592072,0.2944123658859352,0.2944123658859352
65466,17,40,Standard,100.0,1,104.6849364922954,-4.684936492295407,-0.2809078177957572,0.2809078177957572
65466,80,41,Standard,100.0,1,101.80872168048958,-1.8087216804895832,-0.10845057581928189,0.10845057581928189
65466,91,42,Standard,100.0,0,97.3226692802983,2.6773307197017004,0.16053219317397022,0.16053219317397022
65466,113,43,Standard,100.0,1,103.068402109054,-3.0684021090540057,-0.18398075235208772,0.18398075235208772
65466,73,44,Standard,100.0,0,95.25303603964302,4.746963960356979,0.28462697188145863,0.28462697188145863
65466,81,45,Standard,100.0,0,97.47284278211308,2.5271572178869235,0.15152782123533004,0.15152782123533004
65466,31,46,Standard,100.0,0,96.86558690531648,3.1344130946835236,0.18793875732274842,0.18793875732274842
65466,5,47,Standard,100.0,0,95.76192249442107,4.238077505578929,0.254114245881307,0.254114245881307
65466,82,48,Standard,100.0,0,96.54641979739996,3.453580202600037,0.2070759507392344,0.2070759507392344
65466,58,49,Standard,100.0,1,100.58181590896983,-0.5818159089698298,-0.034885560907036595,0.034885560907036595
65466,101,50,Standard,100.0,1,101.56040474904805,-1.5604047490480468,-0.09356154425018921,0.09356154425018921
65466,13,51,Standard,100.0,1,97.01689184755209,2.9831081524479117,0.17886654445177,0.17886654445177
65466,69,52,Standard,100.0,1,97.96066849702927,2.0393315029707253,0.1222778928174906,0.1222778928174906
65466,112,53,Standard,100.0,1,97.75906806603417,2.2409319339658254,0.13436581273500714,0.13436581273500714
65466,63,54,Standard,100.0,1,95.40010623535571,4.599893764644293,0.2758086735313343,0.2758086735313343
65466,15,55,Standard,100.0,1,101.09626100324812,-1.0962610032481166,-0.06573158177564435,0.06573158177564435
65466,83,56,Standard,100.0,1,98.43986702528636,1.560132974713639,0.09354524871761648,0.09354524871761648
65466,123,57,Standard,100.0,0,97.53512426429657,2.46487573570343,0.14779343651570312,0.14779343651570312
65466,121,58,Standard,100.0,1,99.19237940470161,0.8076205952983884,0.04842476294081547,0.04842476294081547
65466,115,59,Standard,100.0,1,103.47939981903502,-3.4793998190350237,-0.2086240895712129,0.2086240895712129
65466,72,60,Standard,100.0,1,97.71104126221304,2.288958737786956,0.13724548990443847,0.13724548990443847
65466,114,61,Standard,100.0,0,96.49970462189216,3.500295378107836,0.2098769829477654,0.2098769829477654
65466,23,62,Standard,100.0,0,98.97282877425323,1.0271712257467698,0.06158897308461623,0.06158897308461623
65466,120,63,Standard,100.0,0,95.59997033423176,4.400029665768244,0.2638248637265874,0.2638248637265874
65466,27,64,Standard,100.0,0,99.4413923052102,0.5586076947897993,0.033494001211196466,0.033494001211196466
65502,37,1,Neutral,100.0,1,69.43417221038743,30.56582778961257,1.8327206777768166,1.8327206777768166
65502,84,2,Neutral,100.0,1,70.38710995811854,29.612890041881457,1.7755827285963792,1.7755827285963792
65502,1,3,Neutral,100.0,1,72.0600950841444,27.939904915855607,1.6752708883548855,1.6752708883548855
65502,47,4,Neutral,100.0,1,72.29699859255534,27.70300140744466,1.6610662032571644,1.6610662032571644
65502,117,5,Neutral,100.0,1,69.70005561443848,30.299944385561517,1.8167783641631916,1.8167783641631916
65502,61,6,Neutral,53.0,1,65.77689120179572,-12.77689120179572,-0.7660997393695159,0.7660997393695159
65502,54,7,Neutral,100.0,1,69.23314664916032,30.766853350839682,1.8447741286225947,1.8447741286225947
65502,42,8,Neutral,100.0,1,69.06504384097919,30.934956159020814,1.854853538042372,1.854853538042372
65502,88,9,Neutral,100.0,1,66.68723590262171,33.31276409737829,1.9974264075358845,1.9974264075358845
65502,46,10,Neutral,100.0,1,66.0250787961765,33.9749212038235,2.03712920993574,2.03712920993574
65502,85,11,Neutral,100.0,1,68.92066369498917,31.079336305010827,1.8635105415705493,1.8635105415705493
65502,104,12,Neutral,100.0,1,68.11577297162849,31.884227028371512,1.911771621957686,1.911771621957686
65502,45,13,Neutral,57.0,1,65.99289497881185,-8.992894978811847,-0.5392121127615855,0.5392121127615855
65502,122,14,Neutral,65.0,1,65.44656998576887,-0.44656998576887474,-0.02677624347773273,0.02677624347773273
65502,118,15,Neutral,58.0,0,69.320425868648,-11.320425868648002,-0.6787703808814055,0.6787703808814055
65502,127,16,Neutral,62.0,1,65.23206632486652,-3.2320663248665227,-0.1937940246964952,0.1937940246964952
65502,9,17,Neutral,60.0,0,71.7508004957167,-11.750800495716703,-0.7045755540194726,0.7045755540194726
65502,94,18,Neutral,56.0,1,75.33974773286374,-19.339747732863742,-1.1596072521566725,1.1596072521566725
65502,71,19,Neutral,61.0,1,66.19968330686612,-5.19968330686612,-0.3117719297503529,0.3117719297503529
65502,34,20,Neutral,63.0,1,72.68186566054085,-9.68186566054085,-0.5805226515592897,0.5805226515592897
65502,96,21,Neutral,58.0,0,60.19247853260579,-2.19247853260579,-0.13146055686585859,0.13146055686585859
65502,11,22,Neutral,61.0,1,75.1056003287155,-14.105600328715497,-0.8457688623004581,0.8457688623004581
65502,97,23,Neutral,62.0,1,67.63125986193974,-5.631259861939739,-0.33764917024164115,0.33764917024164115
65502,103,24,Neutral,57.0,1,66.89184399367173,-9.891843993671728,-0.5931129087465938,0.5931129087465938
65502,86,25,Neutral,58.0,1,67.91520034878874,-9.915200348788744,-0.5945133509422081,0.5945133509422081
65502,4,26,Neutral,60.0,1,69.42790336532845,-9.427903365328447,-0.5652951251525092,0.5652951251525092
65502,10,27,Neutral,74.0,1,66.44245594993386,7.5575440500661415,0.4531487695704553,0.4531487695704553
65502,38,28,Neutral,62.0,1,64.12995554386539,-2.1299555438653925,-0.12771169146330355,0.12771169146330355
65502,92,29,Neutral,64.0,1,70.46361807172546,-6.463618071725463,-0.38755719540266775,0.38755719540266775
65502,21,30,Neutral,57.0,0,65.51998752676106,-8.519987526761057,-0.5108566802827449,0.5108566802827449
65502,87,31,Neutral,57.0,1,64.93001928682435,-7.930019286824347,-0.4754823073062979,0.4754823073062979
65502,52,32,Neutral,59.0,0,71.24384385360852,-12.243843853608524,-0.7341383312250661,0.7341383312250661
65502,12,33,Neutral,63.0,1,71.00158862793091,-8.001588627930914,-0.47977359011544346,0.47977359011544346
65502,53,34,Neutral,55.0,0,62.923129552509025,-7.923129552509025,-0.4750692002695446,0.4750692002695446
65502,43,35,Neutral,58.0,1,69.79003114363626,-11.790031143636256,-0.7069278155102993,0.7069278155102993
65502,109,36,Neutral,65.0,1,65.74909471559829,-0.7490947155982894,-0.04491556336507549,0.04491556336507549
65502,39,37,Neutral,60.0,1,70.00139413527128,-10.001394135271283,-0.5996815124547883,0.5996815124547883
65502,93,38,Neutral,58.0,1,64.95132894093248,-6.951328940932484,-0.4168002376956683,0.4168002376956683
65502,59,39,Neutral,57.0,1,65.15000877043502,-8.150008770435022,-0.48867283099444564,0.48867283099444564
65502,128,40,Neutral,60.0,1,65.33160678463496,-5.331606784634957,-0.31968203404248474,0.31968203404248474
65502,78,41,Neutral,62.0,0,67.98614598417421,-5.986145984174215,-0.358928068328484,0.358928068328484
65502,65,42,Neutral,64.0,0,64.80359062382682,-0.8035906238268211,-0.048183126689455645,0.048183126689455645
65502,70,43,Neutral,58.0,0,64.52305558851742,-6.523055588517423,-0.3911210565488511,0.3911210565488511
65502,41,44,Neutral,57.0,1,73.7192248340204,-16.719224834020395,-1.0024812441075797,1.0024812441075797
65502,77,45,Neutral,57.0,0,65.63440404146105,-8.634404041461053,-0.5177170707100278,0.5177170707100278
65502,119,46,Neutral,63.0,1,63.51459942332227,-0.5145994233222666,-0.030855274405990417,0.030855274405990417
65502,24,47,Neutral,56.0,1,67.8801679368307,-11.880167936830702,-0.7123323988853353,0.7123323988853353
65502,25,48,Neutral,61.0,1,69.14487974577484,-8.144879745774844,-0.48836529574245646,0.48836529574245646
65502,40,49,Neutral,60.0,1,72.07970307022354,-12.079703070223545,-0.7242964839881211,0.7242964839881211
65502,62,50,Neutral,58.0,1,62.085596420038485,-4.085596420038485,-0.2449715117023623,0.2449715117023623
65502,89,51,Neutral,61.0,1,61.29740343246997,-0.29740343246997014,-0.01783224796269861,0.01783224796269861
65502,98,52,Neutral,60.0,1,62.41605826990959,-2.416058269909591,-0.14486635141881476,0.14486635141881476
65502,107,53,Neutral,59.0,0,66.72181415218948,-7.721814152189481,-0.46299837073205924,0.46299837073205924
65502,74,54,Neutral,60.0,1,63.24135713706536,-3.241357137065357,-0.1943510998638143,0.1943510998638143
65502,14,55,Neutral,59.0,0,68.55780604224763,-9.557806042247634,-0.573084062645943,0.573084062645943
65502,33,56,Neutral,61.0,1,65.09851020501594,-4.098510205015941,-0.24574581956405195,0.24574581956405195
65502,56,57,Neutral,100.0,1,73.7828833494077,26.217116650592303,1.5719728622418054,1.5719728622418054
65502,95,58,Neutral,59.0,1,64.19554820050436,-5.195548200504362,-0.31152398963284117,0.31152398963284117
65502,44,59,Neutral,60.0,0,65.27849138746546,-5.278491387465465,-0.31649724587411265,0.31649724587411265
65502,55,60,Neutral,58.0,1,71.77768853064755,-13.777688530647552,-0.8261073390810435,0.8261073390810435
65502,108,61,Neutral,64.0,0,63.503050384097364,0.4969496159026363,0.029796995623574195,0.029796995623574195
65502,126,62,Neutral,62.0,1,66.53211382588742,-4.532113825887421,-0.2717446024990301,0.2717446024990301
65502,19,63,Neutral,61.0,0,68.53693443399663,-7.536934433996635,-0.4519130212769161,0.4519130212769161
65502,30,64,Neutral,60.0,1,68.28984327517024,-8.289843275170242,-0.49705727881829975,0.49705727881829975
65554,125,1,Standard,100.0,1,89.70300877884144,10.296991221158564,0.6174054522520378,0.6174054522520378
65554,20,2,Standard,100.0,0,92.64410106944929,7.355898930550708,0.4410581701385531,0.4410581701385531
65554,124,3,Standard,100.0,1,93.94204428221309,6.0579557177869106,0.36323376502230487,0.36323376502230487
65554,49,4,Standard,100.0,0,96.95838259532087,3.0416174046791298,0.18237474704793374,0.18237474704793374
65554,111,5,Standard,100.0,0,94.84980546796066,5.150194532039336,0.308804593103455,0.308804593103455
65554,101,6,Standard,100.0,0,97.49983387450703,2.5001661254929672,0.1499094409484726,0.1499094409484726
65554,64,7,Standard,100.0,0,93.70106800900665,6.298931990993353,0.3776826522501891,0.3776826522501891
65554,57,8,Standard,100.0,1,96.53410886561906,3.4658911343809393,0.20781411164862837,0.20781411164862837
65554,50,9,Standard,100.0,0,88.71120507521195,11.28879492478805,0.6768737960655533,0.6768737960655533
65554,2,10,Standard,100.0,0,93.06189366510125,6.938106334898748,0.41600741298766675,0.41600741298766675
65554,3,11,Standard,100.0,1,96.2390523107739,3.7609476892261,0.22550564131700154,0.22550564131700154
65554,23,12,Standard,100.0,0,95.17510085530961,4.8248991446903915,0.28929994932664116,0.28929994932664116
65554,36,13,Standard,0.0,1,90.63124076416054,-90.63124076416054,-5.434230348490474,5.434230348490474
65554,63,14,Standard,100.0,1,91.16430672374976,8.83569327625024,0.5297863313677543,0.5297863313677543
65554,31,15,Standard,100.0,0,92.23552296031441,7.764477039685588,0.46555642859412544,0.46555642859412544
65554,67,16,Standard,100.0,1,94.9570170925773,5.042982907422697,0.3023762063872367,0.3023762063872367
65554,83,17,Standard,100.0,1,94.44544501717442,5.554554982825579,0.33304996164154993,0.33304996164154993
65554,7,18,Standard,100.0,1,99.39826931376273,0.6017306862372749,0.03607964681050327,0.03607964681050327
65554,26,19,Standard,100.0,1,101.35943380318078,-1.359433803180778,-0.08151136813002934,0.08151136813002934
65554,8,20,Standard,100.0,0,97.97425754610444,2.0257424538955604,0.12146309626093073,0.12146309626093073
65554,113,21,Standard,100.0,1,98.04407373065585,1.9559262693441468,0.11727693235424466,0.11727693235424466
65554,105,22,Standard,100.0,0,91.08815260208326,8.911847397916745,0.5343525166658201,0.5343525166658201
65554,22,23,Standard,100.0,1,100.73314802598163,-0.7331480259816345,-0.043959403171944245,0.043959403171944245
65554,76,24,Standard,100.0,1,90.04404294390639,9.95595705609361,0.5969571146364179,0.5969571146364179
65554,73,25,Standard,100.0,0,90.38247084620642,9.617529153793583,0.5766650479941832,0.5766650479941832
65554,16,26,Standard,100.0,0,92.99349520165956,7.006504798340444,0.4201085706314443,0.4201085706314443
65554,60,27,Standard,100.0,1,94.43562816809774,5.564371831902264,0.33363857787067003,0.33363857787067003
65554,90,28,Standard,100.0,1,94.53047080302716,5.469529196972843,0.32795183320383464,0.32795183320383464
65554,5,29,Standard,100.0,1,90.84755014171823,9.15244985828177,0.5487789901534712,0.5487789901534712
65554,120,30,Standard,100.0,0,91.05752070776217,8.942479292237834,0.536189198679085,0.536189198679085
65554,75,31,Standard,100.0,0,88.44781981024286,11.552180189757138,0.6926663217793381,0.6926663217793381
65554,32,32,Standard,100.0,0,93.37726164861905,6.622738351380946,0.3970980142800592,0.3970980142800592
65554,69,33,Standard,100.0,1,91.60714305723933,8.392856942760673,0.5032339569042363,0.5032339569042363
65554,81,34,Standard,100.0,0,91.96663565178632,8.03336434821368,0.4816788556954998,0.4816788556954998
65554,48,35,Standard,100.0,1,99.76372747850962,0.23627252149037758,0.014166851253184102,0.014166851253184102
65554,79,36,Standard,0.0,1,92.69690335618824,-92.69690335618824,-5.558087047931992,5.558087047931992
65554,91,37,Standard,100.0,0,90.35584361078108,9.64415638921892,0.5782616114928701,0.5782616114928701
65554,29,38,Standard,100.0,1,95.49781736010632,4.502182639893675,0.26994993481135293,0.26994993481135293
65554,112,39,Standard,100.0,1,92.38428241350616,7.615717586493844,0.4566368427168559,0.4566368427168559
65554,35,40,Standard,100.0,1,97.6170593535844,2.382940646415605,0.1428806256012767,0.1428806256012767
65554,13,41,Standard,100.0,0,91.46687755795912,8.533122442040877,0.5116442470713778,0.5116442470713778
65554,80,42,Standard,100.0,1,95.77682863896804,4.223171361031959,0.25322047655416163,0.25322047655416163
65554,121,43,Standard,100.0,1,93.86140091143982,6.138599088560184,0.36806912476322534,0.36806912476322534
65554,106,44,Standard,100.0,1,91.04365366439362,8.956346335606383,0.5370206637156643,0.5370206637156643
65554,123,45,Standard,100.0,1,90.87494870964301,9.125051290356993,0.5471361777185246,0.5471361777185246
65554,58,46,Standard,100.0,1,93.52737592092015,6.47262407907985,0.388097193730742,0.388097193730742
65554,116,47,Standard,100.0,0,95.60006108587677,4.399938914123226,0.2638194222768249,0.2638194222768249
65554,28,48,Standard,100.0,0,93.0670973728001,6.932902627199894,0.4156953997562097,0.4156953997562097
65554,27,49,Standard,100.0,0,94.1104138119484,5.889586188051595,0.35313836303360635,0.35313836303360635
65554,68,50,Standard,100.0,0,89.08518437651965,10.91481562348035,0.6544500749321093,0.6544500749321093
65554,114,51,Standard,100.0,0,90.9496903322992,9.050309667700802,0.5426546855673733,0.5426546855673733
65554,51,52,Standard,0.0,1,91.1711421808927,-91.1711421808927,-5.466602725159504,5.466602725159504
65554,15,53,Standard,100.0,1,95.48097410228551,4.519025897714485,0.27095985304755443,0.27095985304755443
65554,82,54,Standard,100.0,0,89.09771537595417,10.902284624045834,0.65369871881197,0.65369871881197
65554,72,55,Standard,100.0,1,90.74421559269584,9.255784407304162,0.5549749082233375,0.5549749082233375
65554,17,56,Standard,100.0,1,97.99593606178036,2.0040639382196446,0.12016325696928026,0.12016325696928026
65554,18,57,Standard,100.0,0,93.62012173306195,6.37987826693805,0.38253617412219576,0.38253617412219576
65554,6,58,Standard,100.0,1,93.37795847522969,6.62204152477031,0.397056232701398,0.397056232701398
65554,66,59,Standard,100.0,0,90.04070210184906,9.959297898150936,0.5971574308314116,0.5971574308314116
65554,102,60,Standard,0.0,1,89.60317719878837,-89.60317719878837,-5.372587870907491,5.372587870907491
65554,110,61,Standard,100.0,1,87.87793597815055,12.122064021849454,0.726836437838201,0.726836437838201
65554,99,62,Standard,100.0,1,89.88707814153732,10.112921858462684,0.6063686915439708,0.6063686915439708
65554,115,63,Standard,100.0,1,97.31608529971477,2.6839147002852286,0.16092696728054992,0.16092696728054992
65554,100,64,Standard,100.0,0,90.01778180435915,9.982218195640854,0.598531727102388,0.598531727102388
65585,109,1,Neutral,72.0,0,70.16281589039437,1.83718410960563,0.11015717715001579,0.11015717715001579
65585,55,2,Neutral,90.0,1,77.19897436856701,12.801025631432992,0.7675468347515559,0.7675468347515559
65585,127,3,Neutral,72.0,1,68.68202999580545,3.3179700041945495,0.19894479144442168,0.19894479144442168
65585,93,4,Neutral,64.0,0,69.32124295646234,-5.321242956462342,-0.31906062106052285,0.31906062106052285
65585,40,5,Neutral,75.0,1,76.88768867841573,-1.8876886784157278,-0.11318542059290805,0.11318542059290805
65585,84,6,Neutral,75.0,1,73.0923519215315,1.9076480784684975,0.114382182069303,0.114382182069303
65585,87,7,Neutral,70.0,1,68.86186170969185,1.1381382903081487,0.06824253519893748,0.06824253519893748
65585,34,8,Neutral,66.0,1,76.08802217221357,-10.08802217221357,-0.6048757115346279,0.6048757115346279
65585,59,9,Neutral,79.0,1,69.34469414889993,9.655305851100067,0.5789301309086147,0.5789301309086147
65585,30,10,Neutral,76.0,1,73.53590047602478,2.4640995239752215,0.1477468950219012,0.1477468950219012
65585,38,11,Neutral,74.0,0,67.75514785186927,6.244852148130732,0.37444003611862375,0.37444003611862375
65585,61,12,Neutral,71.0,1,68.39451884667622,2.6054811533237796,0.15622410811583012,0.15622410811583012
65585,97,13,Neutral,75.0,1,70.94980205507997,4.050197944920029,0.24284902649574838,0.24284902649574838
65585,94,14,Neutral,73.0,1,78.39544697040657,-5.395446970406567,-0.3235098783051062,0.3235098783051062
65585,122,15,Neutral,67.0,1,68.28323342698052,-1.283233426980516,-0.07694240941973873,0.07694240941973873
65585,85,16,Neutral,68.0,0,71.5820984991359,-3.5820984991358955,-0.21478188107278048,0.21478188107278048
65585,70,17,Neutral,72.0,0,68.5425123299174,3.4574876700825996,0.20731024167688955,0.20731024167688955
65585,118,18,Neutral,68.0,0,72.0694749913272,-4.069474991327198,-0.24400487418945577,0.24400487418945577
65585,92,19,Neutral,66.0,1,73.7821602648657,-7.782160264865695,-0.46661671109851033,0.46661671109851033
65585,47,20,Neutral,68.0,0,74.47655464477349,-6.476554644773486,-0.38833286963232955,0.38833286963232955
65585,95,21,Neutral,66.0,0,68.69688369383292,-2.696883693832916,-0.16170458543662938,0.16170458543662938
65585,52,22,Neutral,66.0,0,74.56238604674876,-8.562386046748756,-0.513398886723985,0.513398886723985
65585,44,23,Neutral,67.0,1,69.73601972152778,-2.736019721527782,-0.16405117351846116,0.16405117351846116
65585,11,24,Neutral,68.0,1,77.89845661066093,-9.89845661066093,-0.5935093998861024,0.5935093998861024
65585,86,25,Neutral,68.0,0,70.79567094926665,-2.7956709492666505,-0.1676278487285777,0.1676278487285777
65585,62,26,Neutral,72.0,1,66.01743884290599,5.982561157094011,0.3587131228422578,0.3587131228422578
65585,71,27,Neutral,70.0,0,68.72969663321415,1.2703033667858534,0.07616712569941005,0.07616712569941005
65585,119,28,Neutral,70.0,1,67.18359889059236,2.8164011094076358,0.1688708248195743,0.1688708248195743
65585,78,29,Neutral,67.0,1,71.3923024958469,-4.392302495846906,-0.263361544225051,0.263361544225051
65585,128,30,Neutral,69.0,0,68.65014897777519,0.34985102222481146,0.020976994537365862,0.020976994537365862
65585,37,31,Neutral,73.0,1,71.00042803287832,1.9995719671216818,0.11989391931639949,0.11989391931639949
65585,65,32,Neutral,68.0,1,68.12213281696705,-0.1221328169670528,-0.0073230583065287255,0.0073230583065287255
65585,41,33,Neutral,65.0,1,77.08157418642688,-12.081574186426877,-0.7244086757265544,0.7244086757265544
65585,98,34,Neutral,73.0,1,66.0850577371797,6.914942262820304,0.41461850004305795,0.41461850004305795
65585,54,35,Neutral,78.0,1,70.88701679018367,7.112983209816335,0.4264929940402228,0.4264929940402228
65585,74,36,Neutral,66.0,0,66.91035660433548,-0.910356604335476,-0.0545847926776356,0.0545847926776356
65585,117,37,Neutral,68.0,0,71.1786971183969,-3.1786971183968973,-0.1905940181752695,0.1905940181752695
65585,107,38,Neutral,70.0,1,70.25939214166088,-0.2593921416608822,-0.015553098870637123,0.015553098870637123
65585,39,39,Neutral,72.0,1,72.7942504172167,-0.794250417216702,-0.047623089843508014,0.047623089843508014
65585,45,40,Neutral,71.0,1,67.69057227910145,3.3094277208985545,0.19843259791445234,0.19843259791445234
65585,12,41,Neutral,68.0,1,73.53160195427894,-5.5316019542789405,-0.33167370282321945,0.33167370282321945
65585,108,42,Neutral,69.0,1,67.21585701063371,1.7841429893662877,0.10697684261092882,0.10697684261092882
65585,4,43,Neutral,64.0,0,71.56365225828037,-7.563652258280371,-0.45351501646471376,0.45351501646471376
65585,42,44,Neutral,68.0,0,70.36845670787267,-2.3684567078726673,-0.14201217165833094,0.14201217165833094
65585,104,45,Neutral,70.0,0,69.55060731632067,0.44939268367933494,0.02694549185743393,0.02694549185743393
65585,1,46,Neutral,71.0,1,73.05685783617425,-2.0568578361742453,-0.12332876811158663,0.12332876811158663
65585,56,47,Neutral,68.0,1,77.10142554254793,-9.10142554254793,-0.5457195827931183,0.5457195827931183
65585,46,48,Neutral,74.0,0,67.24087734453752,6.759122655462477,0.405275588790224,0.405275588790224
65585,88,49,Neutral,65.0,1,67.81542013245024,-2.8154201324502424,-0.16881200564521356,0.16881200564521356
65585,103,50,Neutral,66.0,0,68.63332845322755,-2.6333284532275485,-0.1578938264269185,0.1578938264269185
65585,21,51,Neutral,69.0,1,67.48050778264805,1.519492217351953,0.09110843735788669,0.09110843735788669
65585,33,52,Neutral,72.0,0,68.15420944255877,3.8457905574412337,0.23059280205120586,0.23059280205120586
65585,96,53,Neutral,66.0,1,61.67112003656419,4.32887996343581,0.25955874237107057,0.25955874237107057
65585,53,54,Neutral,66.0,0,64.92745696766224,1.0725430323377623,0.06430945717226333,0.06430945717226333
65585,9,55,Neutral,70.0,0,72.96659904407773,-2.966599044077725,-0.17787666174713795,0.17787666174713795
65585,14,56,Neutral,68.0,1,71.39446948345929,-3.3944694834592894,-0.2035316843122567,0.2035316843122567
65585,24,57,Neutral,66.0,0,70.32256694464627,-4.322566944646269,-0.259180215077309,0.259180215077309
65585,77,58,Neutral,69.0,0,67.94538157147788,1.0546184285221187,0.06323470165508897,0.06323470165508897
65585,10,59,Neutral,73.0,1,67.92109745389227,5.078902546107727,0.304529940452921,0.304529940452921
65585,19,60,Neutral,83.0,0,71.54882651227324,11.451173487726763,0.6866099809310127,0.6866099809310127
65585,126,61,Neutral,73.0,0,69.45639158563155,3.5436084143684496,0.21247402359454615,0.21247402359454615
65585,89,62,Neutral,78.0,1,63.69599528101929,14.304004718980707,0.8576651482804611,0.8576651482804611
65585,25,63,Neutral,73.0,0,71.36824295725924,1.6317570427407588,0.09783981294153733,0.09783981294153733
65585,43,64,Neutral,73.0,0,71.40009412539337,1.599905874606634,0.09593002352400372,0.09593002352400372
65909,44,1,Neutral,58.0,0,62.02227617110528,-4.022276171105283,-0.24117484274444545,0.24117484274444545
65909,117,2,Neutral,60.0,1,62.836671054842355,-2.8366710548423555,-0.17008620653248976,0.17008620653248976
65909,104,3,Neutral,57.0,0,62.713006951222845,-5.7130069512228445,-0.3425507087148812,0.3425507087148812
65909,25,4,Neutral,63.0,0,64.0775887160943,-1.0775887160942972,-0.06461199532100166,0.06461199532100166
65909,74,5,Neutral,62.0,0,59.59087748730907,2.409122512690928,0.14445048485834805,0.14445048485834805
65909,85,6,Neutral,59.0,1,62.144893453925505,-3.144893453925505,-0.18856715748339567,0.18856715748339567
65909,42,7,Neutral,58.0,1,62.1140449628506,-4.114044962850599,-0.24667728041320022,0.24667728041320022
65909,43,8,Neutral,61.0,1,63.97801840642974,-2.97801840642974,-0.17856136433898714,0.17856136433898714
65909,71,9,Neutral,57.0,1,59.35776419937337,-2.3577641993733707,-0.14137105107233375,0.14137105107233375
65909,55,10,Neutral,59.0,1,66.97324045656438,-7.973240456564383,-0.47807383965560946,0.47807383965560946
65909,47,11,Neutral,56.0,1,64.99554244029687,-8.995542440296873,-0.53937085400166,0.53937085400166
65909,62,12,Neutral,60.0,0,56.755462434760545,3.2445375652394546,0.19454179767572938,0.19454179767572938
65909,19,13,Neutral,59.0,1,63.7324863599135,-4.732486359913501,-0.28375889796963844,0.28375889796963844
65909,98,14,Neutral,60.0,0,57.085924284631645,2.914075715368355,0.17472737388050788,0.17472737388050788
65909,78,15,Neutral,60.0,1,62.130326087701455,-2.130326087701455,-0.12773390919465535,0.12773390919465535
65909,45,16,Neutral,60.0,0,60.06444304721141,-0.06444304721141236,-0.003863991709180538,0.003863991709180538
65909,107,17,Neutral,62.0,1,61.01888118561881,0.9811188143811904,0.058827680076223896,0.058827680076223896
65909,109,18,Neutral,60.0,1,59.542817544995664,0.45718245500433596,0.027412564926115355,0.027412564926115355
65909,56,19,Neutral,61.0,0,68.45274936412976,-7.452749364129758,-0.4468653019948771,0.4468653019948771
65909,61,20,Neutral,61.0,1,58.168784934673596,2.831215065326404,0.16975906653574427,0.16975906653574427
65909,86,21,Neutral,63.0,1,61.09562294845886,1.9043770515411396,0.1141860519749834,0.1141860519749834
65909,53,22,Neutral,61.0,0,57.6517850099021,3.348214990097901,0.20075827450942077,0.20075827450942077
65909,108,23,Neutral,61.0,0,59.37069198241251,1.6293080175874906,0.09769296990264814,0.09769296990264814
65909,24,24,Neutral,59.0,0,61.89292656255925,-2.8929265625592535,-0.173459275076265,0.173459275076265
65909,93,25,Neutral,57.0,0,59.72379155759178,-2.723791557591781,-0.16331797535183504,0.16331797535183504
65909,40,26,Neutral,58.0,1,66.0924616959521,-8.092461695952096,-0.4852223203759744,0.4852223203759744
65909,70,27,Neutral,59.0,1,57.943979436622065,1.0560205633779347,0.06331877336945488,0.06331877336945488
65909,87,28,Neutral,60.0,0,59.2644103108213,0.7355896891787026,0.04410580478947067,0.04410580478947067
65909,95,29,Neutral,62.0,1,58.47114978183029,3.5288502181697083,0.21158912521959317,0.21158912521959317
65909,84,30,Neutral,59.0,1,61.88051879850888,-2.8805187985088807,-0.17271530812413088,0.17271530812413088
65909,128,31,Neutral,61.0,0,59.92884076422931,1.0711592357706934,0.06422648501787706,0.06422648501787706
65909,30,32,Neutral,60.0,1,62.41168167153465,-2.4116816715346516,-0.14460393149041348,0.14460393149041348
65909,46,33,Neutral,61.0,0,57.737523432898044,3.262476567101956,0.19561741649679912,0.19561741649679912
65909,14,34,Neutral,61.0,0,62.197765686683454,-1.1977656866834536,-0.07181778148545073,0.07181778148545073
65909,38,35,Neutral,59.0,1,58.026274975200025,0.9737250247999754,0.05838434999055127,0.05838434999055127
65909,89,36,Neutral,61.0,0,56.157480367661734,4.842519632338266,0.2903564701016403,0.2903564701016403
65909,65,37,Neutral,62.0,1,57.742635720002895,4.257364279997105,0.25527067686453137,0.25527067686453137
65909,34,38,Neutral,60.0,1,64.89853075635382,-4.898530756353821,-0.29371488544950514,0.29371488544950514
65909,97,39,Neutral,60.0,1,59.6503546135249,0.34964538647510324,0.020964664660577496,0.020964664660577496
65909,122,40,Neutral,59.0,0,57.31277780745195,1.6872221925480488,0.10116549178941577,0.10116549178941577
65909,118,41,Neutral,61.0,0,61.1866336903311,-0.18663369033109944,-0.011190517259795653,0.011190517259795653
65909,88,42,Neutral,63.0,0,59.44456919303425,3.5554308069657523,0.21318289179608838,0.21318289179608838
65909,126,43,Neutral,60.0,1,60.08445915179077,-0.08445915179076735,-0.00506415317719724,0.00506415317719724
65909,77,44,Neutral,61.0,1,58.39822050057218,2.6017794994278205,0.15600215771802664,0.15600215771802664
65909,21,45,Neutral,62.0,0,57.86807410037273,4.131925899627269,0.24774941766379877,0.24774941766379877
65909,127,46,Neutral,66.0,0,58.12082109307776,7.879178906922242,0.4724339287001644,0.4724339287001644
65909,9,47,Neutral,63.0,0,63.44177968033486,-0.4417796803348608,-0.026489017760104122,0.026489017760104122
65909,92,48,Neutral,62.0,1,62.35129134551193,-0.35129134551193175,-0.02106335602213108,0.02106335602213108
65909,39,49,Neutral,61.0,1,62.48090218668164,-1.4809021866816394,-0.08879458714410121,0.08879458714410121
65909,103,50,Neutral,61.0,0,58.758051815354825,2.2419481846451745,0.1344267469144008,0.1344267469144008
65909,10,51,Neutral,60.0,0,59.59405367374251,0.4059463262574923,0.024340457301551464,0.024340457301551464
65909,96,52,Neutral,60.0,1,53.03742614155079,6.962573858449211,0.4174744806114713,0.4174744806114713
65909,33,53,Neutral,59.0,1,57.94994098265954,1.050059017340459,0.06296132030881461,0.06296132030881461
65909,12,54,Neutral,59.0,1,63.08683224594517,-4.086832245945168,-0.24504561156672391,0.24504561156672391
65909,11,55,Neutral,61.0,1,66.66515803553494,-5.665158035534944,-0.3396816976809246,0.3396816976809246
65909,52,56,Neutral,63.0,1,63.19766599382407,-0.19766599382406724,-0.01185201188294938,0.01185201188294938
65909,94,57,Neutral,62.0,1,66.63646248408578,-4.636462484085783,-0.2780013263441927,0.2780013263441927
65909,41,58,Neutral,63.0,1,66.11111856689828,-3.111118566898284,-0.1865420222810898,0.1865420222810898
65909,54,59,Neutral,63.0,1,61.1581439135144,1.841856086485599,0.11043730791215155,0.11043730791215155
65909,1,60,Neutral,60.0,1,62.283096305813984,-2.2830963058139844,-0.13689397970249403,0.13689397970249403
65909,119,61,Neutral,63.0,1,55.86268599693391,7.137314003066088,0.4279518633436312,0.4279518633436312
65909,37,62,Neutral,59.0,1,59.481944794992074,-0.4819447949920743,-0.028897309682188687,0.028897309682188687
65909,59,63,Neutral,60.0,0,57.10383091065058,2.8961690893494207,0.17365369630828553,0.17365369630828553
65909,4,64,Neutral,63.0,1,60.48324061305645,2.516759386943548,0.15090436945430455,0.15090436945430455
65973,125,1,Standard,63.0,1,57.940922318457964,5.0590776815420355,0.3033412456963531,0.3033412456963531
65973,116,2,Standard,80.0,1,65.80929679247383,14.19070320752617,0.8508716132158991,0.8508716132158991
65973,90,3,Standard,64.0,1,63.86356332429953,0.13643667570047313,0.008180714701545347,0.008180714701545347
65973,105,4,Standard,81.0,1,60.11459500849198,20.885404991508018,1.2522845399491487,1.2522845399491487
65973,123,5,Standard,100.0,1,60.865148619908865,39.134851380091135,2.3465175502424933,2.3465175502424933
65973,64,6,Standard,45.0,1,61.982788707889405,-16.982788707889405,-1.0182844791738601,1.0182844791738601
65973,51,7,Standard,41.0,1,61.38037788748975,-20.38037788748975,-1.2220032198179607,1.2220032198179607
65973,17,8,Standard,74.0,1,68.3365932461761,5.663406753823907,0.3395766911937284,0.3395766911937284
65973,15,9,Standard,72.0,1,65.64640264961633,6.353597350383666,0.38096037583099046,0.38096037583099046
65973,69,10,Standard,70.0,1,60.85262125997923,9.14737874002077,0.5484749269571345,0.5484749269571345
65973,50,11,Standard,41.0,1,56.861504296296005,-15.861504296296005,-0.9510524990377159,0.9510524990377159
65973,81,12,Standard,30.0,1,61.16830669526,-31.16830669526,-1.8688451876675525,1.8688451876675525
65973,115,13,Standard,77.0,1,67.744356802643,9.255643197357003,0.5549664413042719,0.5549664413042719
65973,6,14,Standard,83.0,1,63.543387022560495,19.456612977439505,1.166614467918067,1.166614467918067
65973,31,15,Standard,69.0,1,60.47343649993093,8.526563500069066,0.5112509742747496,0.5112509742747496
65973,66,16,Standard,63.0,1,60.162323489913646,2.8376765100863537,0.17014649341982482,0.17014649341982482
65973,102,17,Standard,55.0,1,59.72479858685295,-4.724798586852948,-0.28329794069568165,0.28329794069568165
65973,32,18,Standard,54.0,1,62.22847541796284,-8.22847541796284,-0.4933776748622413,0.4933776748622413
65973,63,19,Standard,55.0,1,59.18318446703511,-4.183184467035112,-0.2508228707058098,0.2508228707058098
65973,124,20,Standard,40.0,1,61.43523611430363,-21.435236114303628,-1.2852522997287548,1.2852522997287548
65973,26,21,Standard,67.0,1,69.50973302426483,-2.5097330242648326,-0.1504830702092955,0.1504830702092955
65973,36,22,Standard,65.0,1,58.47488987038095,6.525110129619051,0.3912442464060411,0.3912442464060411
65973,113,23,Standard,55.0,1,66.19437295173991,-11.194372951739908,-0.6712122741976383,0.6712122741976383
65973,75,24,Standard,63.0,1,56.992383464723005,6.007616535276995,0.36021543810757767,0.36021543810757767
65973,57,25,Standard,44.0,1,64.02730069770959,-20.02730069770959,-1.2008327849448919,1.2008327849448919
65973,58,26,Standard,56.0,1,62.64143264586134,-6.641432645861343,-0.39821892028942685,0.39821892028942685
65973,82,27,Standard,55.0,1,58.51842221575901,-3.51842221575901,-0.2109638643636615,0.2109638643636615
65973,23,28,Standard,78.0,1,62.71209984666639,15.28790015333361,0.9166593139127612,0.9166593139127612
65973,112,29,Standard,61.0,1,61.06026754578501,-0.0602675457850097,-0.00361362951199328,0.00361362951199328
65973,114,30,Standard,61.0,1,60.107554216506614,0.8924457834933861,0.053510863584689206,0.053510863584689206
65973,28,31,Standard,58.0,1,62.04973261994262,-4.049732619942617,-0.242821125706872,0.242821125706872
65973,60,32,Standard,57.0,1,62.454505911383094,-5.4545059113830945,-0.32705104012412506,0.32705104012412506
65973,106,33,Standard,55.0,1,59.76344595593872,-4.763445955938721,-0.2856152289089339,0.2856152289089339
65973,20,34,Standard,58.0,1,59.48018551254632,-1.4801855125463206,-0.08875161551198749,0.08875161551198749
65973,22,35,Standard,67.0,1,68.44537565440336,-1.4453756544033638,-0.08666442365681531,0.08666442365681531
65973,76,36,Standard,56.0,1,57.75627057232812,-1.7562705723281198,-0.10530561828168528,0.10530561828168528
65973,79,37,Standard,44.0,1,60.89100973653853,-16.89100973653853,-1.012781431138073,1.012781431138073
65973,29,38,Standard,75.0,1,63.73573089972285,11.264269100277147,0.6754032327282852,0.6754032327282852
65973,121,39,Standard,60.0,1,62.27454308812126,-2.2745430881212627,-0.13638113054837087,0.13638113054837087
65973,91,40,Standard,61.0,0,58.46233567259891,2.537664327401089,0.15215782533673441,0.15215782533673441
65973,83,41,Standard,60.0,1,61.63198673440134,-1.6319867344013375,-0.09785358520573881,0.09785358520573881
65973,72,42,Standard,58.0,1,59.55162220277339,-1.5516222027733875,-0.09303494460198437,0.09303494460198437
65973,49,43,Standard,61.0,1,63.48781692355426,-2.487816923554263,-0.14916898536837553,0.14916898536837553
65973,99,44,Standard,56.0,1,58.91352054794604,-2.9135205479460424,-0.17469408615731896,0.17469408615731896
65973,27,45,Standard,70.0,1,62.523555988629866,7.476444011370134,0.44828602811585666,0.44828602811585666
65973,18,46,Standard,62.0,1,62.33991402460704,-0.33991402460704023,-0.02038117422670844,0.02038117422670844
65973,5,47,Standard,63.0,1,58.29693481454255,4.703065185457447,0.2819948104676989,0.2819948104676989
65973,110,48,Standard,60.0,1,56.685342588228096,3.314657411771904,0.19874616909164863,0.19874616909164863
65973,111,49,Standard,62.0,1,61.16020399986289,0.8397960001371132,0.05035399352372842,0.05035399352372842
65973,16,50,Standard,63.0,1,60.18003691888647,2.819963081113528,0.16908439990230975,0.16908439990230975
65973,68,51,Standard,60.0,1,57.279290756869926,2.7207092431300737,0.16313316041771106,0.16313316041771106
65973,100,52,Standard,60.0,1,58.78138125517048,1.21861874482952,0.07306812651527407,0.07306812651527407
65973,7,53,Standard,68.0,1,66.10293227906106,1.897067720938935,0.11374778603212811,0.11374778603212811
65973,120,54,Standard,43.0,1,58.24406242498908,-15.244062424989082,-0.9140308128377443,0.9140308128377443
65973,13,55,Standard,58.0,1,59.09149086784838,-1.0914908678483783,-0.06544556544907633,0.06544556544907633
65973,73,56,Standard,62.0,1,57.26236244856969,4.737637551430311,0.28406776234174136,0.28406776234174136
65973,2,57,Standard,59.0,1,59.240870719204786,-0.24087071920478564,-0.014442558231895983,0.014442558231895983
65973,80,58,Standard,61.0,1,63.31382763032482,-2.3138276303248233,-0.13873662352925878,0.13873662352925878
65973,35,59,Standard,59.0,1,65.02263686714245,-6.022636867142452,-0.36111605408259306,0.36111605408259306
65973,48,60,Standard,65.0,1,66.90646203647029,-1.9064620364702876,-0.11431106723774036,0.11431106723774036
65973,67,61,Standard,71.0,1,61.223608465213296,9.776391534786704,0.5861904033214121,0.5861904033214121
65973,8,62,Standard,62.0,1,64.37227039653914,-2.372270396539136,-0.14224083963767536,0.14224083963767536
65973,3,63,Standard,59.0,1,62.19899356854626,-3.198993568546257,-0.19181098910536282,0.19181098910536282
65973,101,64,Standard,63.0,1,63.19693217668198,-0.19693217668198315,-0.011808012359715082,0.011808012359715082
65995,44,1,Neutral,100.0,0,90.73257471918029,9.267425280819708,0.5556728925784864,0.5556728925784864
65995,84,2,Neutral,100.0,0,91.81741780603845,8.18258219396155,0.4906259266951071,0.4906259266951071
65995,89,3,Neutral,0.0,1,86.31341517152246,-86.31341517152246,-5.175334423893562,5.175334423893562
65995,62,4,Neutral,97.0,0,85.81621825696541,11.183781743034586,0.6705772275262215,0.6705772275262215
65995,45,5,Neutral,97.0,0,89.25662034721498,7.743379652785023,0.4642914336629932,0.4642914336629932
65995,30,6,Neutral,94.0,1,92.26096636053175,1.7390336394682464,0.10427209537201043,0.10427209537201043
65995,55,7,Neutral,90.0,1,95.81496048243811,-5.81496048243811,-0.3486638212442294,0.3486638212442294
65995,4,8,Neutral,99.0,0,91.64674008004056,7.3532599199594415,0.44089993561231094,0.44089993561231094
65995,56,9,Neutral,100.0,1,97.60111950486709,2.3988804951329143,0.14383637561550583,0.14383637561550583
65995,74,10,Neutral,97.0,0,88.08214023905292,8.917859760947081,0.5347130167027843,0.5347130167027843
65995,127,11,Neutral,99.0,0,88.36437021547096,10.635629784529044,0.6377101500882478,0.6377101500882478
65995,24,12,Neutral,99.0,0,91.12891102182908,7.871088978170917,0.4719488582546215,0.4719488582546215
65995,94,13,Neutral,97.0,1,97.27427603987509,-0.2742760398750903,-0.01644553431229641,0.01644553431229641
65995,33,14,Neutral,97.0,1,88.36871874211768,8.631281257882321,0.5175298292560631,0.5175298292560631
65995,87,15,Neutral,95.0,0,88.54420192935734,6.455798070642658,0.38708830976399494,0.38708830976399494
65995,71,16,Neutral,84.0,1,87.76141263258475,-3.761412632584751,-0.2255335192240963,0.2255335192240963
65995,104,17,Neutral,94.0,0,90.81000526957058,3.1899947304294187,0.19127142064328112,0.19127142064328112
65995,52,18,Neutral,91.0,1,93.57263659401596,-2.572636594015961,-0.1542547551701081,0.1542547551701081
65995,119,19,Neutral,91.0,0,86.41288523419074,4.587114765809261,0.2750424474187143,0.2750424474187143
65995,47,20,Neutral,93.0,0,93.31157655497577,-0.3115765549757725,-0.018682065440695245,0.018682065440695245
65995,65,21,Neutral,87.0,1,87.15384881633764,-0.1538488163376428,-0.00922474303311056,0.00922474303311056
65995,93,22,Neutral,91.0,0,88.56551158346551,2.434488416534492,0.1459714191776992,0.1459714191776992
65995,128,23,Neutral,82.0,1,88.98959658643419,-6.989596586434189,-0.4190947577617874,0.4190947577617874
65995,92,24,Neutral,92.0,1,92.11296171597655,-0.11296171597655302,-0.0067731609983661635,0.0067731609983661635
65995,103,25,Neutral,88.0,0,88.56352934508567,-0.5635293450856693,-0.03378910233942741,0.03378910233942741
65995,118,26,Neutral,94.0,0,90.55403962739962,3.445960372600382,0.20661906731707966,0.20661906731707966
65995,9,27,Neutral,93.0,0,93.02822141373456,-0.028221413734556222,-0.0016921500985814272,0.0016921500985814272
65995,19,28,Neutral,93.0,0,91.785677518995,1.2143224810049986,0.07281052342980944,0.07281052342980944
65995,61,29,Neutral,94.0,0,86.48481904935251,7.5151809506474905,0.4506086869391692,0.4506086869391692
65995,34,30,Neutral,88.0,1,93.9592865785587,-5.959286578558704,-0.35731758395347646,0.35731758395347646
65995,78,31,Neutral,83.0,0,90.13971008751673,-7.1397100875167325,-0.4280955320690007,0.4280955320690007
65995,96,32,Neutral,86.0,0,82.62386787495048,3.376132125049523,0.20243218011545547,0.20243218011545547
65995,39,33,Neutral,85.0,1,91.8921152830164,-6.892115283016395,-0.4132497990811283,0.4132497990811283
65995,95,34,Neutral,88.0,1,86.96241253357414,1.0375874664258617,0.062213528709566764,0.062213528709566764
65995,70,35,Neutral,87.0,1,86.30382071056721,0.6961792894327914,0.04174276541651681,0.04174276541651681
65995,97,36,Neutral,84.0,1,88.49207463939862,-4.4920746393986235,-0.26934386120373566,0.26934386120373566
65995,38,37,Neutral,84.0,0,86.64895920474257,-2.6489592047425674,-0.15883104303717832,0.15883104303717832
65995,59,38,Neutral,85.0,0,86.90930844038144,-1.9093084403814373,-0.114481737024313,0.114481737024313
65995,85,39,Neutral,80.0,1,89.40955574621478,-9.409555746214778,-0.5641950057260358,0.5641950057260358
65995,37,40,Neutral,87.0,1,89.15600084692424,-2.1560008469242433,-0.129273362418315,0.129273362418315
65995,108,41,Neutral,92.0,0,87.29246166369532,4.70753833630468,0.2822630196622598,0.2822630196622598
65995,43,42,Neutral,92.0,1,91.1988735394528,0.801126460547195,0.048035375971658176,0.048035375971658176
65995,88,43,Neutral,91.0,0,88.11106058184302,2.88893941815698,0.17322020672707367,0.17322020672707367
65995,126,44,Neutral,90.0,1,88.75095054059955,1.249049459400453,0.07489274583255709,0.07489274583255709
65995,21,45,Neutral,91.0,0,86.57837264844774,4.42162735155226,0.265119856474729,0.265119856474729
65995,54,46,Neutral,86.0,1,90.43793553205046,-4.43793553205046,-0.2660976915859418,0.2660976915859418
65995,40,47,Neutral,89.0,1,93.8828098994362,-4.882809899436197,-0.29277226613804347,0.29277226613804347
65995,122,48,Neutral,89.0,0,85.67261908139709,3.3273809186029126,0.19950906791524758,0.19950906791524758
65995,77,49,Neutral,90.0,1,86.88948325231601,3.110516747683988,0.18650593732615528,0.18650593732615528
65995,46,50,Neutral,91.0,1,85.70310027344709,5.296899726552908,0.3176010060575863,0.3176010060575863
65995,11,51,Neutral,93.0,1,95.5506852206749,-2.550685220674893,-0.15293855538959875,0.15293855538959875
65995,53,52,Neutral,95.0,0,85.0478687799901,9.952131220009903,0.5967277183004621,0.5967277183004621
65995,41,53,Neutral,94.0,1,95.04045291130447,-1.0404529113044703,-0.06238534018858845,0.06238534018858845
65995,42,54,Neutral,90.0,1,88.76540702541261,1.234592974587386,0.07402593800954507,0.07402593800954507
65995,98,55,Neutral,92.0,0,84.00012930279108,7.9998706972089195,0.4796705833466146,0.4796705833466146
65995,86,56,Neutral,92.0,1,88.27267092221568,3.7273290777843187,0.22348987636629944,0.22348987636629944
65995,25,57,Neutral,88.0,0,90.46610782305892,-2.4661078230589197,-0.14786731221731264,0.14786731221731264
65995,12,58,Neutral,90.0,1,91.62190215695524,-1.6219021569552439,-0.09724891603926597,0.09724891603926597
65995,117,59,Neutral,91.0,0,89.04996152474203,1.9500384752579691,0.11692390144526672,0.11692390144526672
65995,10,60,Neutral,89.0,0,87.91008778842142,1.0899122115785786,0.06535090954743747,0.06535090954743747
65995,109,61,Neutral,96.0,0,86.36940824462262,9.630591755377381,0.5774482788686409,0.5774482788686409
65995,107,62,Neutral,89.0,0,87.75785756671328,1.2421424332867161,0.07447860198316683,0.07447860198316683
65995,14,63,Neutral,93.0,1,89.63765661603767,3.362343383962326,0.20160541006738222,0.20160541006738222
65995,1,64,Neutral,93.0,1,90.81816621682405,2.1818337831759465,0.13082229990373379,0.13082229990373379
66020,12,1,Neutral,61.0,1,77.51534537172326,-16.515345371723257,-0.9902566739471417,0.9902566739471417
66020,14,2,Neutral,65.0,1,75.70632846787062,-10.70632846787062,-0.6419492284388669,0.6419492284388669
66020,98,3,Neutral,71.0,0,69.6745367212279,1.325463278772105,0.07947450255101646,0.07947450255101646
66020,86,4,Neutral,30.0,0,73.9470783406525,-43.947078340652496,-2.635057678044073,2.635057678044073
66020,54,5,Neutral,8.0,1,75.63046419855871,-67.63046419855871,-4.055108568872635,4.055108568872635
66020,43,6,Neutral,96.0,1,76.17236640962989,19.827633590370112,1.1888607867117114,1.1888607867117114
66020,84,7,Neutral,100.0,1,74.99481714629997,25.005182853700035,1.499305563814643,1.499305563814643
66020,93,8,Neutral,99.0,0,72.57524694978544,26.424753050214562,1.5844226975829627,1.5844226975829627
66020,97,9,Neutral,100.0,1,73.07130307617959,26.92869692382041,1.6146390674438913,1.6146390674438913
66020,104,10,Neutral,93.0,0,74.51309052102688,18.486909478973118,1.1084712478101586,1.1084712478101586
66020,55,11,Neutral,100.0,1,79.03616698196585,20.96383301803415,1.256987068109715,1.256987068109715
66020,40,12,Neutral,100.0,1,78.81249561034704,21.187504389652958,1.2703983570371427,1.2703983570371427
66020,95,13,Neutral,92.0,1,71.27879801475771,20.72120198524229,1.2424389618412137,1.2424389618412137
66020,78,14,Neutral,0.0,1,74.28086693163537,-74.28086693163537,-4.453865333726068,4.453865333726068
66020,38,15,Neutral,76.0,0,71.00915184519236,4.990848154807637,0.2992502174624129,0.2992502174624129
66020,42,16,Neutral,97.0,1,73.82651421412217,23.17348578587783,1.389477388548873,1.389477388548873
66020,4,17,Neutral,100.0,1,74.64891078323713,25.351089216762873,1.5200460374089908,1.5200460374089908
66020,126,18,Neutral,100.0,1,73.28637181811429,26.71362818188571,1.6017435904033146,1.6017435904033146
66020,107,19,Neutral,74.0,1,73.03800055175401,0.9619994482459902,0.05768128685883243,0.05768128685883243
66020,92,20,Neutral,88.0,1,75.68462548963416,12.315374510365842,0.7384272945286755,0.7384272945286755
66020,118,21,Neutral,83.0,0,74.16951056032345,8.830489439676555,0.5294743104089893,0.5294743104089893
66020,71,22,Neutral,93.0,1,70.89500481358002,22.104995186419984,1.3254109144093429,1.3254109144093429
66020,21,23,Neutral,100.0,0,70.93856528889755,29.06143471110245,1.74251758164386,1.74251758164386
66020,30,24,Neutral,100.0,1,74.86887263033218,25.131127369667823,1.5068571708005727,1.5068571708005727
66020,62,25,Neutral,26.0,0,68.29270304896717,-42.29270304896717,-2.5358616795995244,2.5358616795995244
66020,85,26,Neutral,91.0,0,73.3754839532685,17.6245160467315,1.0567623169568199,1.0567623169568199
66020,37,27,Neutral,68.0,1,73.12192905397794,-5.1219290539779365,-0.3071098009169997,0.3071098009169997
66020,53,28,Neutral,88.0,0,69.49567573897237,18.504324261027634,1.1095154345205587,1.1095154345205587
66020,45,29,Neutral,66.0,0,71.60168366141804,-5.601683661418036,-0.3358757874090447,0.3358757874090447
66020,1,30,Neutral,100.0,1,75.70404476846866,24.295955231531337,1.4567804230808206,1.4567804230808206
66020,109,31,Neutral,95.0,1,71.08005815920231,23.91994184079769,1.4342347383684073,1.4342347383684073
66020,119,32,Neutral,29.0,1,69.23982730032237,-40.239827300322375,-2.4127716766280862,2.4127716766280862
66020,52,33,Neutral,96.0,1,76.31196434161512,19.688035658384877,1.1804905237407484,1.1804905237407484
66020,61,34,Neutral,18.0,0,69.662218389614,-51.662218389614,-3.097655870934533,3.097655870934533
66020,34,35,Neutral,76.0,1,77.1366859188202,-1.1366859188202056,-0.0681554513065565,0.0681554513065565
66020,33,36,Neutral,24.0,0,70.8013963748532,-46.8013963748532,-2.8062019937890126,2.8062019937890126
66020,88,37,Neutral,83.0,0,71.7703386740331,11.229661325966902,0.6733281577776968,0.6733281577776968
66020,94,38,Neutral,74.0,1,79.5755321948119,-5.575532194811899,-0.3343077509098158,0.3343077509098158
66020,19,39,Neutral,100.0,0,74.7002339036591,25.299766096340903,1.5169687137816772,1.5169687137816772
66020,74,40,Neutral,77.0,0,70.16436059765857,6.835639402341428,0.4098635170206162,0.4098635170206162
66020,41,41,Neutral,74.0,1,78.96257395909194,-4.962573959091941,-0.29755490256721895,0.29755490256721895
66020,96,42,Neutral,65.0,0,65.58223141888081,-0.5822314188808093,-0.03491047479488923,0.03491047479488923
66020,10,43,Neutral,61.0,0,72.05124463254005,-11.051244632540048,-0.662630329943468,0.662630329943468
66020,44,44,Neutral,64.0,0,72.2453020073249,-8.245302007324895,-0.49438659366112225,0.49438659366112225
66020,59,45,Neutral,70.0,0,69.99909346211048,0.0009065378895201093,5.435582333144849e-05,5.435582333144849e-05
66020,128,46,Neutral,80.0,0,71.37846705990347,8.621532940096529,0.5169453221488931,0.5169453221488931
66020,25,47,Neutral,82.0,0,74.30061455231392,7.699385447686083,0.4616535502743227,0.4616535502743227
66020,47,48,Neutral,92.0,0,75.4814112321139,16.5185887678861,0.9904511473065671,0.9904511473065671
66020,9,49,Neutral,74.0,0,75.46089904647006,-1.460899046470061,-0.08759520301688033,0.08759520301688033
66020,122,50,Neutral,100.0,0,68.98143989945729,31.018560100542715,1.859866412989698,1.859866412989698
66020,11,51,Neutral,62.0,1,78.94712035726755,-16.94712035726755,-1.016145812288186,1.016145812288186
66020,89,52,Neutral,11.0,0,67.56329950406966,-56.56329950406966,-3.3915236753254505,3.3915236753254505
66020,103,53,Neutral,42.0,0,70.7333640222238,-28.733364022223796,-1.722846531364478,1.722846531364478
66020,70,54,Neutral,65.0,1,68.86791982110142,-3.867919821101424,-0.2319196680982556,0.2319196680982556
66020,108,55,Neutral,63.0,1,70.0755965705607,-7.075596570560705,-0.42425129892540375,0.42425129892540375
66020,24,56,Neutral,81.0,0,72.59783115070745,8.40216884929255,0.5037922968833779,0.5037922968833779
66020,87,57,Neutral,72.0,1,70.1007363767682,1.8992636232318034,0.1138794518769473,0.1138794518769473
66020,127,58,Neutral,37.0,1,69.70186886655063,-32.701868866550626,-1.9607972565376057,1.9607972565376057
66020,39,59,Neutral,65.0,1,74.14956427868698,-9.14956427868698,-0.5486059714010546,0.5486059714010546
66020,77,60,Neutral,39.0,0,69.80403963698012,-30.80403963698012,-1.8470038106062925,1.8470038106062925
66020,56,61,Neutral,73.0,1,78.71958235961561,-5.719582359615615,-0.34294496883468567,0.34294496883468567
66020,46,62,Neutral,78.0,1,68.57384949884494,9.426150501155064,0.5651900237811999,0.5651900237811999
66020,117,63,Neutral,90.0,0,72.27116802426976,17.728831975730245,1.0630170783659798,1.0630170783659798
66020,65,64,Neutral,87.0,0,68.66657610448225,18.333423895517754,1.0992682841451313,1.0992682841451313
66022,93,1,Neutral,63.0,0,53.7897630245657,9.210236975434299,0.5522438936804924,0.5522438936804924
66022,33,2,Neutral,46.0,1,53.19870574982177,-7.1987057498217695,-0.43163289971203644,0.43163289971203644
66022,14,3,Neutral,85.0,1,56.570387268521,28.429612731478997,1.7046336671397253,1.7046336671397253
66022,85,4,Neutral,15.0,1,55.24710741704226,-40.24710741704226,-2.413208190912633,2.413208190912633
66022,11,5,Neutral,87.0,1,61.87011564343092,25.12988435656908,1.5067826399936697,1.5067826399936697
66022,45,6,Neutral,65.0,0,53.517114284458046,11.482885715541954,0.6885114395159172,0.6885114395159172
66022,86,7,Neutral,53.0,1,54.72352282277042,-1.7235228227704198,-0.10334207002844772,0.10334207002844772
66022,89,8,Neutral,43.0,0,50.39868047170057,-7.3986804717005725,-0.4436233424490233,0.4436233424490233
66022,47,9,Neutral,58.0,0,58.097756403413634,-0.09775640341363356,-0.005861453619199669,0.005861453619199669
66022,70,10,Neutral,44.0,1,51.70330078873233,-7.703300788732328,-0.4618883133092188,0.4618883133092188
66022,62,11,Neutral,31.0,1,49.813869238611076,-18.813869238611076,-1.1280756870032977,1.1280756870032977
66022,98,12,Neutral,35.0,0,50.18813824774841,-15.188138247748412,-0.9106776108004201,0.9106776108004201
66022,119,13,Neutral,28.0,1,50.98002928629743,-22.98002928629743,-1.3778777770653647,1.3778777770653647
66022,96,14,Neutral,44.0,0,47.71669783825197,-3.7166978382519673,-0.22285242945481876,0.22285242945481876
66022,19,15,Neutral,54.0,0,56.65947168596532,-2.659471685965322,-0.15946136922511261,0.15946136922511261
66022,30,16,Neutral,54.0,1,56.12719586437869,-2.1271958643786917,-0.12754622165518562,0.12754622165518562
66022,54,17,Neutral,37.0,1,56.01264424728053,-19.012644247280527,-1.1399941951857449,1.1399941951857449
66022,10,18,Neutral,47.0,0,54.05428957411252,-7.0542895741125164,-0.4229737358493864,0.4229737358493864
66022,41,19,Neutral,69.0,1,60.8341974228657,8.1658025771343,0.48961982435964463,0.48961982435964463
66022,61,20,Neutral,41.0,1,51.18338457925789,-10.18338457925789,-0.6105936216293805,0.6105936216293805
66022,84,21,Neutral,68.0,1,55.2893828764893,12.710617123510701,0.7621259594179443,0.7621259594179443
66022,126,22,Neutral,43.0,1,54.01900914096598,-11.019009140965977,-0.6606974965723994,0.6606974965723994
66022,108,23,Neutral,53.0,0,52.3852916269968,0.6147083730031966,0.03685778621014021,0.03685778621014021
66022,52,24,Neutral,56.0,1,57.61409473492784,-1.6140947349278392,-0.09678078463813906,0.09678078463813906
66022,9,25,Neutral,62.0,0,57.42013682877629,4.579863171223707,0.27460764331541054,0.27460764331541054
66022,43,26,Neutral,55.0,1,56.20408918422183,-1.2040891842218286,-0.07219693708281326,0.07219693708281326
66022,12,27,Neutral,55.0,1,57.284225190717784,-2.284225190717784,-0.13696166740656227,0.13696166740656227
66022,46,28,Neutral,53.0,0,50.97115887381351,2.0288411261864923,0.12164889200709321,0.12164889200709321
66022,21,29,Neutral,53.0,0,51.583588293216756,1.4164117067832436,0.08492775138087327,0.08492775138087327
66022,42,30,Neutral,54.0,1,54.121079944311504,-0.1210799443115036,-0.00725992828105804,0.00725992828105804
66022,55,31,Neutral,54.0,1,59.06788975655778,-5.067889756557783,-0.3038696158817328,0.3038696158817328
66022,94,32,Neutral,67.0,1,60.74624111032593,6.253758889674067,0.3749740824893107,0.3749740824893107
66022,97,33,Neutral,47.0,0,52.9277972137066,-5.927797213706597,-0.35542948818549186,0.35542948818549186
66022,37,34,Neutral,57.0,1,53.72314489903091,3.2768551009690867,0.19647955039730353,0.19647955039730353
66022,24,35,Neutral,56.0,0,54.425647455214985,1.5743525447850146,0.09439785118198563,0.09439785118198563
66022,56,36,Neutral,59.0,1,60.72262730118807,-1.7226273011880693,-0.1032883747406032,0.1032883747406032
66022,95,37,Neutral,53.0,1,51.13529215228472,1.8647078477152803,0.11180749476321691,0.11180749476321691
66022,78,38,Neutral,45.0,1,54.137361069162374,-9.137361069162374,-0.5478742694957461,0.5478742694957461
66022,4,39,Neutral,54.0,1,54.593019239296595,-0.593019239296595,-0.03555731026357797,0.03555731026357797
66022,40,40,Neutral,62.0,1,58.49376111080912,3.5062388891908824,0.21023335463628864,0.21023335463628864
66022,104,41,Neutral,64.0,0,54.062934543690254,9.937065456309746,0.5958243782420861,0.5958243782420861
66022,127,42,Neutral,58.0,0,51.310649374726985,6.689350625273015,0.40109207236989824,0.40109207236989824
66022,1,43,Neutral,60.0,1,56.04241765792425,3.957582342075753,0.23729581420960333,0.23729581420960333
66022,122,44,Neutral,45.0,1,50.1521488149713,-5.152148814971298,-0.3089217715016415,0.3089217715016415
66022,87,45,Neutral,43.0,1,51.53428824787962,-8.534288247879623,-0.5117141485470273,0.5117141485470273
66022,128,46,Neutral,54.0,0,52.28633301982009,1.7136669801799087,0.10275111575634777,0.10275111575634777
66022,103,47,Neutral,55.0,0,51.90407293773782,3.0959270622621773,0.18563114282234347,0.18563114282234347
66022,25,48,Neutral,62.0,0,55.1646733529643,6.8353266470357,0.40984476427752553,0.40984476427752553
66022,107,49,Neutral,57.0,1,52.63165173368361,4.368348266316389,0.26192525360393754,0.26192525360393754
66022,88,50,Neutral,54.0,0,52.108711563488676,1.8912884365113243,0.11340126133971211,0.11340126133971211
66022,53,51,Neutral,55.0,0,49.39597703576561,5.604022964234389,0.33601605151943037,0.33601605151943037
66022,117,52,Neutral,56.0,0,53.66091273611495,2.339087263885048,0.14025118590452093,0.14025118590452093
66022,59,53,Neutral,46.0,1,50.55650214789721,-4.556502147897213,-0.27320692121492673,0.27320692121492673
66022,34,54,Neutral,54.0,1,57.21221585267837,-3.2122158526783693,-0.19260379451220994,0.19260379451220994
66022,77,55,Neutral,43.0,0,50.93094139322791,-7.930941393227911,-0.4755375966144938,0.4755375966144938
66022,74,56,Neutral,71.0,0,50.371312009315446,20.628687990684554,1.2368918419667994,1.2368918419667994
66022,65,57,Neutral,59.0,1,49.88109217926251,9.11890782073749,0.546767816557739,0.546767816557739
66022,39,58,Neutral,61.0,1,55.10123739786983,5.898762602130169,0.3536885789134249,0.3536885789134249
66022,38,59,Neutral,53.0,0,49.98950279739469,3.0104972026053076,0.18050878620336375,0.18050878620336375
66022,118,60,Neutral,53.0,0,53.368897308856944,-0.36889730885694405,-0.022119005922951046,0.022119005922951046
66022,109,61,Neutral,48.0,0,50.673709341131904,-2.6737093411319037,-0.16031505606802934,0.16031505606802934
66022,71,62,Neutral,45.0,0,50.05058440284727,-5.050584402847271,-0.3028319904720825,0.3028319904720825
66022,92,63,Neutral,56.0,1,54.708783601102716,1.2912163988972836,0.07742106675572437,0.07742106675572437
66022,44,64,Neutral,57.0,1,52.27702478191683,4.722975218083171,0.2831886118834347,0.2831886118834347
66036,123,1,Standard,100.0,1,95.32882333898065,4.671176661019345,0.2800827811739475,0.2800827811739475
66036,80,2,Standard,100.0,1,99.27596988636272,0.7240301136372835,0.04341269504394362,0.04341269504394362
66036,2,3,Standard,100.0,1,95.89490340158827,4.105096598411734,0.24614073834235325,0.24614073834235325
66036,114,4,Standard,100.0,0,94.75548169455752,5.244518305442483,0.3144602269410777,0.3144602269410777
66036,121,5,Standard,100.0,1,97.27292784030203,2.7270721596979683,0.16351467957188598,0.16351467957188598
66036,106,6,Standard,100.0,1,94.30308210645038,5.6969178935496245,0.34158601216268525,0.34158601216268525
66036,50,7,Standard,100.0,0,90.56468658134044,9.435313418659561,0.5657394304092436,0.5657394304092436
66036,16,8,Standard,100.0,0,96.30838369007515,3.6916163099248536,0.22134854623229508,0.22134854623229508
66036,64,9,Standard,100.0,0,95.37932087807019,4.620679121929811,0.27705495923163836,0.27705495923163836
66036,112,10,Standard,100.0,1,95.42055721982294,4.579442780177061,0.27458243675567845,0.27458243675567845
66036,116,11,Standard,100.0,0,98.92397369620653,1.0760263037934692,0.06451831340436423,0.06451831340436423
66036,31,12,Standard,100.0,0,94.13281162570914,5.867188374290862,0.3517953947783759,0.3517953947783759
66036,6,13,Standard,100.0,1,97.87564026383359,2.1243597361664115,0.12737616799738025,0.12737616799738025
66036,23,14,Standard,100.0,0,96.83434141352248,3.1656585864775195,0.1898122305128847,0.1898122305128847
66036,99,15,Standard,100.0,1,93.69286950379562,6.30713049620438,0.37817423291767605,0.37817423291767605
66036,82,16,Standard,100.0,1,93.28874704969444,6.711252950305564,0.4024053312240289,0.4024053312240289
66036,110,17,Standard,37.0,0,92.33181060748821,-55.33181060748821,-3.3176838571876153,3.3176838571876153
66036,17,18,Standard,100.0,1,101.42647530149324,-1.426475301493241,-0.08553116242685337,0.08553116242685337
66036,13,19,Standard,100.0,0,94.19650224941228,5.803497750587724,0.347976518226277,0.347976518226277
66036,8,20,Standard,100.0,0,99.72111242284976,0.27888757715024326,0.016722041128296453,0.016722041128296453
66036,91,21,Standard,100.0,0,93.5831177806642,6.416882219335804,0.3847549234126004,0.3847549234126004
66036,67,22,Standard,100.0,1,97.22053375860325,2.7794662413967473,0.1666562178146393,0.1666562178146393
66036,105,23,Standard,97.0,0,93.57070506444039,3.4292949355596107,0.20561981117786954,0.20561981117786954
66036,27,24,Standard,100.0,0,96.95244767034958,3.047552329650415,0.18273060391498136,0.18273060391498136
66036,26,25,Standard,100.0,1,102.86245803517937,-2.8624580351793725,-0.17163238851082102,0.17163238851082102
66036,90,26,Standard,100.0,1,96.21284151149948,3.7871584885005234,0.227077235390682,0.227077235390682
66036,72,27,Standard,99.0,1,94.49717567377373,4.502824326226275,0.26998841019041014,0.26998841019041014
66036,115,28,Standard,100.0,1,100.61520306162896,-0.6152030616289608,-0.03688744763726528,0.03688744763726528
66036,69,29,Standard,100.0,1,94.30873131592763,5.691268684072369,0.3412472867372421,0.3412472867372421
66036,58,30,Standard,99.0,1,96.75465009080325,2.2453499091967473,0.13463071361108836,0.13463071361108836
66036,75,31,Standard,100.0,0,90.97417943186623,9.025820568133767,0.541186324250102,0.541186324250102
66036,66,32,Standard,100.0,0,92.81825179197722,7.181748208022782,0.43061612903227,0.43061612903227
66036,101,33,Standard,100.0,1,98.08290776191473,1.9170922380852744,0.1149484519159117,0.1149484519159117
66036,32,34,Standard,100.0,0,94.88440372002643,5.115596279973573,0.30673008910466565,0.30673008910466565
66036,18,35,Standard,100.0,0,96.33073411366443,3.669265886335566,0.22000841948188926,0.22000841948188926
66036,35,36,Standard,100.0,1,99.38704438058919,0.6129556194108119,0.036752691469244536,0.036752691469244536
66036,20,37,Standard,100.0,0,92.85770537187643,7.142294628123565,0.4282505005863037,0.4282505005863037
66036,3,38,Standard,100.0,0,96.65101540052544,3.348984599474562,0.20080442012759694,0.20080442012759694
66036,7,39,Standard,100.0,1,100.24418615676781,-0.2441861567678103,-0.014641351178694506,0.014641351178694506
66036,29,40,Standard,100.0,1,97.00495943151373,2.9950405684862744,0.17958200963595766,0.17958200963595766
66036,36,41,Standard,100.0,0,91.93099992632936,8.069000073670637,0.4838155663830715,0.4838155663830715
66036,68,42,Standard,33.0,1,91.03039804058938,-58.030398040589375,-3.4794905984764584,3.4794905984764584
66036,49,43,Standard,100.0,0,96.99675826068307,3.003241739316934,0.18007375013344346,0.18007375013344346
66036,111,44,Standard,100.0,0,94.90719344417356,5.092806555826442,0.3053636219841687,0.3053636219841687
66036,125,45,Standard,99.0,0,89.370250161067,9.629749838932995,0.577397797733721,0.577397797733721
66036,63,46,Standard,34.0,0,91.50933250397561,-57.509332503975614,-3.448247617262207,3.448247617262207
66036,22,47,Standard,100.0,1,101.44764339118802,-1.4476433911880235,-0.08680039668282358,0.08680039668282358
66036,113,48,Standard,99.0,1,98.62714761806353,0.3728523819364682,0.022356151282299883,0.022356151282299883
66036,124,49,Standard,99.0,1,93.67376983271166,5.326230167288344,0.3193596531845065,0.3193596531845065
66036,83,50,Standard,98.0,0,94.59456515132857,3.405434848671433,0.20418916533001277,0.20418916533001277
66036,28,51,Standard,98.0,0,95.46203551662478,2.5379644833752195,0.15217582262652268,0.15217582262652268
66036,51,52,Standard,100.0,0,92.76589857083256,7.234101429167438,0.4337552172846955,0.4337552172846955
66036,81,53,Standard,100.0,0,92.90016681332389,7.099833186676108,0.42570452138742165,0.42570452138742165
66036,76,54,Standard,100.0,1,90.32458455585923,9.675415444140768,0.5801358979253317,0.5801358979253317
66036,48,55,Standard,98.0,1,100.65345148078094,-2.6534514807809444,-0.1591003989742229,0.1591003989742229
66036,100,56,Standard,100.0,0,91.96299546842887,8.037004531571128,0.4818971203325976,0.4818971203325976
66036,15,57,Standard,100.0,1,96.90050185516044,3.0994981448395578,0.18584526419103867,0.18584526419103867
66036,60,58,Standard,100.0,1,94.8244611075898,5.175538892410202,0.31032423568066336,0.31032423568066336
66036,57,59,Standard,100.0,1,96.04679861978646,3.9532013802135424,0.23703313264741271,0.23703313264741271
66036,102,60,Standard,100.0,0,91.3500320755337,8.649967924466296,0.5186502778983475,0.5186502778983475
66036,5,61,Standard,98.0,0,91.04047743513861,6.959522564861388,0.4172915256824943,0.4172915256824943
66036,79,62,Standard,100.0,1,94.08427683688953,5.915723163110471,0.3547055306226751,0.3547055306226751
66036,73,63,Standard,34.0,0,90.31255518402939,-56.31255518402939,-3.3764890980407793,3.3764890980407793
66036,120,64,Standard,99.0,0,91.33394448030623,7.666055519693771,0.459655094723216,0.459655094723216
66050,33,1,Neutral,61.0,1,61.15986072457376,-0.1598607245737611,-0.009585215800708077,0.009585215800708077
66050,19,2,Neutral,63.0,0,65.14631257191212,-2.1463125719121194,-0.1286924554633677,0.1286924554633677
66050,41,3,Neutral,64.0,1,69.4524597866112,-5.4524597866112,-0.3269283549083157,0.3269283549083157
66050,89,4,Neutral,72.0,0,58.49125692425126,13.50874307574874,0.809981425535373,0.809981425535373
66050,127,5,Neutral,64.0,0,60.84886208306338,3.1511379169366194,0.18894157418693971,0.18894157418693971
66050,54,6,Neutral,56.0,1,64.41187081469485,-8.41187081469485,-0.5043740247112731,0.5043740247112731
66050,4,7,Neutral,66.0,1,63.912196151301835,2.087803848698165,0.12518428458696906,0.12518428458696906
66050,30,8,Neutral,16.0,1,64.3950009539943,-48.3950009539943,-2.9017541929473243,2.9017541929473243
66050,39,9,Neutral,71.0,1,65.16513601740104,5.834863982598961,0.34985723097472987,0.34985723097472987
66050,61,10,Neutral,63.0,1,59.53880398740598,3.461196012594023,0.2075325931226853,0.2075325931226853
66050,77,11,Neutral,62.0,0,60.77580421642795,1.2241957835720498,0.07340252459847176,0.07340252459847176
66050,104,12,Neutral,62.0,0,63.25068997789678,-1.2506899778967835,-0.07499111098043383,0.07499111098043383
66050,109,13,Neutral,61.0,0,60.69380080139688,0.3061991986031174,0.018359640270869185,0.018359640270869185
66050,119,14,Neutral,60.0,1,58.85356994251694,1.1464300574830588,0.0687397078343841,0.0687397078343841
66050,56,15,Neutral,52.0,1,69.55992546126473,-17.559925461264726,-1.05288947888453,1.05288947888453
66050,65,16,Neutral,32.0,1,59.59453352466385,-27.594533524663852,-1.6545624915626749,1.6545624915626749
66050,93,17,Neutral,65.0,0,61.00619629179171,3.99380370820829,0.23946763979029267,0.23946763979029267
66050,53,18,Neutral,65.0,0,58.758961107037074,6.241038892962926,0.374211394131769,0.374211394131769
66050,71,19,Neutral,68.0,1,59.85164006678107,8.148359933218927,0.48857396705786177,0.48857396705786177
66050,74,20,Neutral,62.0,0,59.865717558385604,2.1342824416143955,0.12797113135250945,0.12797113135250945
66050,45,21,Neutral,42.0,0,60.777354710950284,-18.777354710950284,-1.1258862835183403,1.1258862835183403
66050,40,22,Neutral,64.0,1,67.19963779308708,-3.199637793087078,-0.19184961667485712,0.19184961667485712
66050,12,23,Neutral,65.0,1,65.37680164326846,-0.37680164326846466,-0.022592948170475576,0.022592948170475576
66050,85,24,Neutral,64.0,1,62.28831204720333,1.711687952796673,0.10263245368600872,0.10263245368600872
66050,86,25,Neutral,35.0,0,61.852341771463955,-26.852341771463955,-1.6100608283874627,1.6100608283874627
66050,92,26,Neutral,64.0,1,64.24699630943913,-0.2469963094391261,-0.014809847348465521,0.014809847348465521
66050,1,27,Neutral,72.0,1,64.66068002166975,7.339319978330252,0.4400640996111836,0.4400640996111836
66050,24,28,Neutral,61.0,0,62.64964538556437,-1.6496453855643693,-0.09891239425717024,0.09891239425717024
66050,118,29,Neutral,61.0,0,62.64426706159594,-1.64426706159594,-0.09858991107050277,0.09858991107050277
66050,87,30,Neutral,41.0,1,60.108743452358866,-19.108743452358866,-1.1457562835373922,1.1457562835373922
66050,43,31,Neutral,26.0,1,63.902401203376414,-37.902401203376414,-2.2726200939477756,2.2726200939477756
66050,11,32,Neutral,75.0,1,68.60467015872837,6.395329841271632,0.38346264730591845,0.38346264730591845
66050,62,33,Neutral,64.0,1,56.76745955023967,7.232540449760329,0.4336616212840675,0.4336616212840675
66050,9,34,Neutral,67.0,0,64.94322021086595,2.0567797891340547,0.12332408842728751,0.12332408842728751
66050,14,35,Neutral,13.0,0,63.08590598748727,-50.08590598748727,-3.003140507113912,3.003140507113912
66050,103,36,Neutral,74.0,0,60.30329950515215,13.696700494847853,0.8212513132968153,0.8212513132968153
66050,88,37,Neutral,64.0,1,60.59555244943546,3.404447550564541,0.2041299671408426,0.2041299671408426
66050,44,38,Neutral,74.0,1,61.33335873832466,12.666641261675338,0.7594891758875432,0.7594891758875432
66050,97,39,Neutral,82.0,0,60.582302073594946,21.417697926405054,1.2842007136296087,1.2842007136296087
66050,42,40,Neutral,74.0,1,61.60035616713493,12.399643832865067,0.7434800655810289,0.7434800655810289
66050,96,41,Neutral,68.0,1,54.45125235354941,13.548747646450593,0.812380091275281,0.812380091275281
66050,52,42,Neutral,76.0,1,64.74291368362138,11.257086316378619,0.6749725544994656,0.6749725544994656
66050,70,43,Neutral,64.0,1,58.17501234843236,5.824987651567639,0.3492650482199797,0.3492650482199797
66050,59,44,Neutral,67.0,1,58.86811439677906,8.131885603220937,0.4875861696571941,0.4875861696571941
66050,38,45,Neutral,69.0,0,58.52015084260773,10.479849157392273,0.628369576081362,0.628369576081362
66050,37,46,Neutral,68.0,1,61.11480680332187,6.885193196678131,0.41283475222380733,0.41283475222380733
66050,78,47,Neutral,73.0,1,61.66044445125202,11.339555548747981,0.6799173925219802,0.6799173925219802
66050,95,48,Neutral,63.0,0,58.5707612158419,4.429238784158102,0.26557623639089706,0.26557623639089706
66050,107,49,Neutral,30.0,1,60.54899954916936,-30.54899954916936,-1.831711659979453,1.831711659979453
66050,117,50,Neutral,64.0,0,61.66587487013317,2.334125129866827,0.13995365738071683,0.13995365738071683
66050,46,51,Neutral,70.0,0,57.88094202617589,12.119057973824113,0.7266561958237412,0.7266561958237412
66050,128,52,Neutral,80.0,0,59.94083787970843,20.059162120291568,1.2027431892169862,1.2027431892169862
66050,98,53,Neutral,65.0,0,56.30939253331857,8.690607466681428,0.5210870163981426,0.5210870163981426
66050,34,54,Neutral,66.0,1,65.12956366816412,0.8704363318358759,0.052191181440404,0.052191181440404
66050,21,55,Neutral,24.0,0,58.36194996778043,-34.36194996778043,-2.0603353741358577,2.0603353741358577
66050,25,56,Neutral,78.0,0,62.73156389432019,15.268436105679811,0.9154922536631949,0.9154922536631949
66050,10,57,Neutral,73.0,1,60.26315817821514,12.736841821784857,0.7636983868727583,0.7636983868727583
66050,84,58,Neutral,72.0,1,61.585865799124385,10.414134200875615,0.624429320954746,0.624429320954746
66050,47,59,Neutral,73.0,0,63.824746255587684,9.175253744412316,0.5501463064235486,0.5501463064235486
66050,108,60,Neutral,79.0,1,58.6817745496319,20.318225450368097,1.2182765726134053,1.2182765726134053
66050,55,61,Neutral,14.0,1,65.67102279405651,-51.67102279405651,-3.098183781193937,3.098183781193937
66050,122,62,Neutral,76.0,1,57.28096776366485,18.719032236335153,1.1223892800691948,1.1223892800691948
66050,126,63,Neutral,76.0,1,60.14026342653614,15.859736573463863,0.9509465067443175,0.9509465067443175
66050,94,64,Neutral,77.0,1,67.26175982929217,9.738240170707826,0.5839028554652238,0.5839028554652238
66057,15,1,Standard,100.0,1,79.63807086081167,20.361929139188334,1.2208970367064207,1.2208970367064207
66057,36,2,Standard,100.0,0,72.9922439927711,27.007756007228906,1.6193794336438891,1.6193794336438891
66057,63,3,Standard,100.0,0,73.52530995236032,26.474690047639683,1.5874169095636441,1.5874169095636441
66057,112,4,Standard,100.0,1,75.79665746450632,24.203342535493675,1.4512273850861956,1.4512273850861956
66057,48,5,Standard,100.0,1,82.9570667331786,17.042933266821393,1.0218907344197228,1.0218907344197228
66057,5,6,Standard,100.0,1,73.7342392815236,26.2657607184764,1.5748895504360856,1.5748895504360856
66057,111,7,Standard,26.0,1,76.64131562611018,-50.641315626110185,-3.036442753542411,3.036442753542411
66057,123,8,Standard,15.0,0,74.37493807917564,-59.374938079175635,-3.560108939578717,3.560108939578717
66057,75,9,Standard,100.0,0,71.29070179078198,28.70929820921802,1.7214035502213931,1.7214035502213931
66057,8,10,Standard,100.0,0,80.29145361544875,19.708546384551255,1.1817203426162612,1.1817203426162612
66057,67,11,Standard,56.0,1,77.05517736559045,-21.055177365590453,-1.2624640561931642,1.2624640561931642
66057,100,12,Standard,75.0,0,74.1748785628853,0.8251214371147029,0.049474109776635855,0.049474109776635855
66057,7,13,Standard,100.0,1,81.49642958677588,18.503570413224125,1.109470233963031,1.109470233963031
66057,26,14,Standard,100.0,1,83.45759407619393,16.542405923806072,0.9918792190224982,0.9918792190224982
66057,29,15,Standard,100.0,1,78.38450649991168,21.61549350008832,1.2960604950939683,1.2960604950939683
66057,22,16,Standard,100.0,1,82.91892261752726,17.081077382472742,1.0241778476617038,1.0241778476617038
66057,73,17,Standard,81.0,1,72.61205259701828,8.387947402981723,0.5029395819200814,0.5029395819200814
66057,124,18,Standard,71.0,1,75.16406136990156,-4.16406136990156,-0.24967625377853309,0.24967625377853309
66057,50,19,Standard,71.0,0,70.15225795923159,0.8477420407684093,0.05083043646751744,0.05083043646751744
66057,72,20,Standard,76.0,1,74.15659064369598,1.8434093563040221,0.11053044164744524,0.11053044164744524
66057,66,21,Standard,100.0,1,73.58449863064793,26.41550136935207,1.5838679687224329,1.5838679687224329
66057,83,22,Standard,100.0,1,76.10553369752523,23.89446630247477,1.4327072303884734,1.4327072303884734
66057,69,23,Standard,80.0,1,73.92433912658365,6.0756608734163535,0.36429536247187116,0.36429536247187116
66057,23,24,Standard,33.0,1,76.52853942079679,-43.52853942079679,-2.609962171449136,2.609962171449136
66057,31,25,Standard,40.0,1,73.67657584433405,-33.67657584433405,-2.0192404842248375,2.0192404842248375
66057,20,26,Standard,72.0,1,73.47185372374166,-1.4718537237416598,-0.08825204318794395,0.08825204318794395
66057,16,27,Standard,100.0,0,74.82881251907531,25.171187480924686,1.5092591667406088,1.5092591667406088
66057,115,28,Standard,100.0,1,80.72846035071494,19.27153964928506,1.1555175096498898,1.1555175096498898
66057,32,29,Standard,100.0,1,75.38780760309973,24.61219239690027,1.4757419377514662,1.4757419377514662
66057,113,30,Standard,100.0,1,79.52893377394172,20.471066226058284,1.2274408737389273,1.2274408737389273
66057,110,31,Standard,100.0,1,71.07127523281954,28.928724767180455,1.7345603210047387,1.7345603210047387
66057,79,32,Standard,100.0,1,74.75125646993516,25.248743530064843,1.5139094113184488,1.5139094113184488
66057,120,33,Standard,100.0,1,72.80522370664545,27.19477629335455,1.630593131107129,1.630593131107129
66057,99,34,Standard,100.0,1,72.99280307767384,27.00719692232616,1.619345911029388,1.619345911029388
66057,80,35,Standard,67.0,1,77.96260323051366,-10.962603230513665,-0.6573154099118866,0.6573154099118866
66057,3,36,Standard,100.0,1,77.02299780580005,22.977002194199954,1.377696273252716,1.377696273252716
66057,102,37,Standard,100.0,0,72.48986633859373,27.51013366140627,1.6495018933135979,1.6495018933135979
66057,105,38,Standard,100.0,0,72.26636253050549,27.73363746949451,1.6629031351665793,1.6629031351665793
66057,35,39,Standard,100.0,1,79.5399909895326,20.460009010467402,1.2267778853915634,1.2267778853915634
66057,125,40,Standard,82.0,1,69.8736540441403,12.126345955859705,0.727093181710982,0.727093181710982
66057,28,41,Standard,60.0,1,75.25287196434573,-15.25287196434573,-0.9145590309855317,0.9145590309855317
66057,106,42,Standard,65.0,0,73.01039245960807,-8.01039245960807,-0.4803014660319555,0.4803014660319555
66057,27,43,Standard,32.0,1,76.25238124422779,-44.25238124422779,-2.653363576651468,2.653363576651468
66057,60,44,Standard,27.0,1,75.57003093725373,-48.57003093725373,-2.912248954344217,2.912248954344217
66057,101,45,Standard,89.0,1,77.6704791398059,11.329520860194094,0.6793157146831091,0.6793157146831091
66057,49,46,Standard,27.0,1,76.99760638282103,-49.99760638282103,-2.997846081180964,2.997846081180964
66057,114,47,Standard,9.0,1,73.00404344604611,-64.00404344604611,-3.8376691347046705,3.8376691347046705
66057,121,48,Standard,9.0,1,75.52148959179063,-66.52148959179063,-3.9886146820738624,3.9886146820738624
66057,58,49,Standard,34.0,1,75.27507891980342,-41.27507891980342,-2.4748451484406058,2.4748451484406058
66057,6,50,Standard,27.0,1,75.60754022604155,-48.60754022604155,-2.9144980034994794,2.9144980034994794
66057,17,51,Standard,100.0,1,80.0940963347935,19.905903665206495,1.1935538441218079,1.1935538441218079
66057,90,52,Standard,100.0,1,75.35822345731953,24.641776542680475,1.4775157969801103,1.4775157969801103
66057,57,53,Standard,68.0,1,76.44191117532051,-8.441911175320513,-0.5061752384871759,0.5061752384871759
66057,18,54,Standard,73.0,1,75.63066768754263,-2.6306676875426263,-0.15773428746978502,0.15773428746978502
66057,64,55,Standard,90.0,1,73.4774488409094,16.522551159090597,0.9906887314591675,0.9906887314591675
66057,68,56,Standard,88.0,1,70.70146589760422,17.298534102395777,1.0372165073658557,1.0372165073658557
66057,82,57,Standard,63.0,1,70.84541837483745,-7.84541837483745,-0.4704096542172213,0.4704096542172213
66057,81,58,Standard,100.0,1,72.79438830607869,27.205611693921313,1.6312428194717754,1.6312428194717754
66057,13,59,Standard,77.0,1,72.5574731678489,4.442526832151103,0.26637298498516676,0.26637298498516676
66057,91,60,Standard,72.0,1,71.22740342433968,0.7725965756603159,0.046324730006933316,0.046324730006933316
66057,51,61,Standard,5.0,1,72.65600222417858,-67.65600222417858,-4.056639823577899,4.056639823577899
66057,116,62,Standard,15.0,1,76.82207817356525,-61.822078173565245,-3.7068389507295585,3.7068389507295585
66057,76,63,Standard,72.0,1,70.21468820920525,1.7853117907947507,0.10704692370151479,0.10704692370151479
66057,2,64,Standard,65.0,1,72.5754315414066,-7.575431541406601,-0.4542212998313356,0.4542212998313356
66073,106,1,Standard,100.0,1,86.36233958530663,13.637660414693372,0.817711282368764,0.817711282368764
66073,116,2,Standard,100.0,1,91.2915459880825,8.708454011917496,0.5221570915391187,0.5221570915391187
66073,50,3,Standard,1.0,1,82.69421076603456,-81.69421076603456,-4.898367888353098,4.898367888353098
66073,60,4,Standard,100.0,1,89.1633555664463,10.836644433553701,0.6497629466406362,0.6497629466406362
66073,100,5,Standard,100.0,1,86.03738227353188,13.962617726468125,0.8371956552044557,0.8371956552044557
66073,73,6,Standard,100.0,1,84.64978494472982,15.350215055270183,0.9203957024738328,0.9203957024738328
66073,123,7,Standard,100.0,1,87.45755908057816,12.542440919421836,0.7520421491948027,0.7520421491948027
66073,27,8,Standard,100.0,0,89.62667007708919,10.373329922910813,0.6219827049336593,0.6219827049336593
66073,102,9,Standard,100.0,1,85.5575050565915,14.442494943408505,0.8659689933366396,0.8659689933366396
66073,69,10,Standard,100.0,0,87.53264603918099,12.467353960819011,0.7475399507721076,0.7475399507721076
66073,90,11,Standard,100.0,1,88.71017058301807,11.28982941698193,0.6769358240023648,0.6769358240023648
66073,36,12,Standard,100.0,0,85.59298624224506,14.407013757754939,0.8638415488235409,0.8638415488235409
66073,63,13,Standard,100.0,0,84.9282766182412,15.071723381758801,0.9036973996453902,0.9036973996453902
66073,6,14,Standard,100.0,1,90.22341180176227,9.776588198237732,0.5862021952210376,0.5862021952210376
66073,29,15,Standard,100.0,1,89.94036009569464,10.059639904305357,0.6031739166532454,0.6031739166532454
66073,22,16,Standard,100.0,1,94.75996087607048,5.24003912392952,0.3141916561490538,0.3141916561490538
66073,121,17,Standard,100.0,1,88.72054978758709,11.279450212412911,0.6763134890548721,0.6763134890548721
66073,75,18,Standard,100.0,0,83.93525119952218,16.064748800477815,0.9632389972416052,0.9632389972416052
66073,112,19,Standard,100.0,1,86.98058833405602,13.019411665943977,0.7806412159651405,0.7806412159651405
66073,111,20,Standard,100.0,0,87.91286081419236,12.087139185807644,0.7247423519321244,0.7247423519321244
66073,13,21,Standard,100.0,1,86.06318347850899,13.93681652149101,0.8356486203196624,0.8356486203196624
66073,26,22,Standard,100.0,1,94.94817506060728,5.051824939392716,0.3029063727853647,0.3029063727853647
66073,115,23,Standard,100.0,1,92.78853440558932,7.211465594410683,0.4323979773400426,0.4323979773400426
66073,20,24,Standard,100.0,0,85.40050630081734,14.59949369918266,0.8753826060833,0.8753826060833
66073,8,25,Standard,100.0,0,91.47538448499846,8.524615515001543,0.5111341734952051,0.5111341734952051
66073,79,26,Standard,100.0,1,88.05291326766887,11.94708673233113,0.7163448359470671,0.7163448359470671
66073,58,27,Standard,100.0,1,89.27765026579688,10.72234973420312,0.6429098602363713,0.6429098602363713
66073,91,28,Standard,100.0,0,85.66804636299547,14.331953637004531,0.8593409595928955,0.8593409595928955
66073,82,29,Standard,100.0,0,85.1108326764283,14.889167323571698,0.8927513763609617,0.8927513763609617
66073,31,30,Standard,100.0,0,85.2985783065461,14.701421693453895,0.881494187422795,0.881494187422795
66073,18,31,Standard,100.0,0,88.47927060920924,11.520729390790763,0.6907805384138418,0.6907805384138418
66073,125,32,Standard,100.0,0,81.77996491405312,18.220035085946876,1.092469514703668,1.092469514703668
66073,72,33,Standard,100.0,1,86.62591141537123,13.374088584628765,0.8019075702506502,0.8019075702506502
66073,32,34,Standard,86.0,1,86.72462540255151,-0.72462540255151,-0.04344838844344399,0.04344838844344399
66073,76,35,Standard,27.0,1,82.99714226444277,-55.99714226444277,-3.3575770049758304,3.3575770049758304
66073,51,36,Standard,86.0,1,85.30703480161739,0.6929651983826091,0.041550049185552225,0.041550049185552225
66073,105,37,Standard,93.0,0,85.34898353190803,7.651016468091967,0.4587533563167023,0.4587533563167023
66073,64,38,Standard,100.0,0,86.0632088069786,13.936791193021406,0.8356471016298922,0.8356471016298922
66073,15,39,Standard,100.0,1,89.52925240447773,10.470747595522269,0.6278238483244031,0.6278238483244031
66073,17,40,Standard,100.0,1,92.4170133452653,7.582986654734697,0.4546743028553222,0.4546743028553222
66073,23,41,Standard,100.0,0,87.62485597181404,12.375144028185957,0.742011062387464,0.742011062387464
66073,81,42,Standard,32.0,1,85.33634111288166,-53.336341112881655,-3.1980359212700704,3.1980359212700704
66073,99,43,Standard,100.0,0,84.43957690282096,15.56042309717904,0.9329997329516942,0.9329997329516942
66073,16,44,Standard,100.0,0,87.12290465368562,12.877095346314377,0.772107959036339,0.772107959036339
66073,3,45,Standard,60.0,1,88.18458696818688,-28.184586968186878,-1.6899419733284384,1.6899419733284384
66073,83,46,Standard,93.0,1,86.61001547091858,6.389984529081417,0.3831421434986076,0.3831421434986076
66073,48,47,Standard,99.0,1,92.95820430254,6.041795697460003,0.36226481356415124,0.36226481356415124
66073,120,48,Standard,100.0,1,83.98915457619516,16.010845423804838,0.9600069619860728,0.9600069619860728
66073,110,49,Standard,32.0,1,83.32156020816363,-51.32156020816363,-3.077230077218254,3.077230077218254
66073,28,50,Standard,88.0,0,87.89742137308593,0.10257862691406672,0.006150593137453074,0.006150593137453074
66073,113,51,Standard,99.0,1,90.45002168789402,8.549978312105978,0.5126549215351242,0.5126549215351242
66073,68,52,Standard,48.0,1,82.43254813045212,-34.43254813045212,-2.064568425288015,2.064568425288015
66073,66,53,Standard,98.0,1,83.73852312991139,14.261476870088615,0.8551151873050089,0.8551151873050089
66073,124,54,Standard,52.0,1,85.42804189486036,-33.42804189486036,-2.0043384402996676,2.0043384402996676
66073,7,55,Standard,100.0,1,91.49756715613728,8.50243284386272,0.5098041051468433,0.5098041051468433
66073,49,56,Standard,100.0,0,88.40057304870192,11.599426951298085,0.6954992277758677,0.6954992277758677
66073,80,57,Standard,53.0,1,88.83988398519973,-35.839883985199734,-2.1489519904682517,2.1489519904682517
66073,101,58,Standard,71.0,1,88.94202432788805,-17.94202432788805,-1.0758000474657492,1.0758000474657492
66073,57,59,Standard,62.0,1,88.02010647826633,-26.020106478266328,-1.5601601732794965,1.5601601732794965
66073,67,60,Standard,58.0,0,87.94744040368128,-29.947440403681284,-1.7956422987165979,1.7956422987165979
66073,35,61,Standard,82.0,1,90.13208708145842,-8.132087081458423,-0.4875982502504142,0.4875982502504142
66073,114,62,Standard,77.0,0,84.18797431559582,-7.187974315595824,-0.43098944514756443,0.43098944514756443
66073,5,63,Standard,36.0,1,82.79308479913122,-46.79308479913122,-2.805703633437203,2.805703633437203
66073,2,64,Standard,63.0,0,85.61424538354291,-22.614245383542908,-1.3559454503248491,1.3559454503248491
66085,34,1,Neutral,100.0,1,91.4283984779595,8.571601522040496,0.5139514447060218,0.5139514447060218
66085,107,2,Neutral,83.0,0,86.87017606612761,-3.8701760661276126,-0.23205495208081575,0.23205495208081575
66085,9,3,Neutral,78.0,1,90.27829751680417,-12.278297516804173,-0.7362041657052723,0.7362041657052723
66085,88,4,Neutral,80.0,1,84.82046849031306,-4.820468490313061,-0.28903428821157806,0.28903428821157806
66085,97,5,Neutral,91.0,1,86.33398552009213,4.666014479907872,0.279773257868034,0.279773257868034
66085,59,6,Neutral,90.0,1,84.50984181758093,5.490158182419066,0.32918874288117367,0.32918874288117367
66085,10,7,Neutral,87.0,0,85.23279592661873,1.767204073381265,0.10596118873109425,0.10596118873109425
66085,71,8,Neutral,88.0,1,84.59575885015488,3.40424114984512,0.20411759139662938,0.20411759139662938
66085,89,9,Neutral,77.0,1,81.05150091301198,-4.051500913011978,-0.2429271521915756,0.2429271521915756
66085,128,10,Neutral,71.0,1,84.56001835398216,-13.560018353982159,-0.8130558805550103,0.8130558805550103
66085,39,11,Neutral,96.0,1,89.05457706755355,6.945422932446448,0.4164461146550627,0.4164461146550627
66085,127,12,Neutral,71.0,1,83.32149175329164,-12.321491753291639,-0.7387940831423607,0.7387940831423607
66085,11,13,Neutral,100.0,1,93.4140615534718,6.585938446528203,0.39489149963801967,0.39489149963801967
66085,44,14,Neutral,85.0,0,85.16401034580618,-0.1640103458061759,-0.009834026226845883,0.009834026226845883
66085,4,15,Neutral,93.0,1,87.82397890861719,5.1760210913828075,0.31035314823078236,0.31035314823078236
66085,103,16,Neutral,39.0,1,85.15649805916179,-46.15649805916179,-2.7675340248936062,2.7675340248936062
66085,30,17,Neutral,89.0,1,88.26297655204344,0.7370234479565596,0.04419177266762561,0.04419177266762561
66085,43,18,Neutral,100.0,1,88.44894964252244,11.551050357477564,0.6925985772708154,0.6925985772708154
66085,96,19,Neutral,100.0,0,78.19428964249843,21.805710357501567,1.3074658583068517,1.3074658583068517
66085,40,20,Neutral,100.0,1,91.26430748030451,8.73569251969549,0.5237903068009505,0.5237903068009505
66085,14,21,Neutral,98.0,1,87.96144624865977,10.038553751340231,0.6019095953065458,0.6019095953065458
66085,56,22,Neutral,56.0,1,93.23033071508607,-37.23033071508607,-2.2323228872340786,2.2323228872340786
66085,119,23,Neutral,69.0,1,82.43636087780582,-13.436360877805825,-0.8056414039993622,0.8056414039993622
66085,21,24,Neutral,83.0,1,83.69702727371865,-0.6970272737186463,-0.04179361037794933,0.04179361037794933
66085,86,25,Neutral,98.0,1,85.82939714014894,12.170602859851058,0.7297468164706106,0.7297468164706106
66085,126,26,Neutral,91.0,1,86.02336835083203,4.97663164916797,0.2983977987407318,0.2983977987407318
66085,85,27,Neutral,88.0,1,86.13394593808962,1.8660540619103756,0.11188821348639529,0.11188821348639529
66085,84,28,Neutral,86.0,1,87.16232060855664,-1.1623206085566409,-0.0696925019721473,0.0696925019721473
66085,55,29,Neutral,89.0,1,91.04990725926098,-2.0499072592609764,-0.12291201296531327,0.12291201296531327
66085,42,30,Neutral,100.0,1,86.01548312848223,13.98451687151777,0.8385087233874727,0.8385087233874727
66085,46,31,Neutral,100.0,1,83.0193252429458,16.980674757054203,1.0181577271214,1.0181577271214
66085,94,32,Neutral,100.0,1,92.64064429449665,7.359355705503347,0.44126543764584025,0.44126543764584025
66085,87,33,Neutral,96.0,1,82.75660175965206,13.243398240347943,0.7940714043860164,0.7940714043860164
66085,118,34,Neutral,100.0,0,86.40228663394974,13.597713366050257,0.8153160656395356,0.8153160656395356
66085,37,35,Neutral,97.0,1,85.85892558669568,11.141074413304324,0.6680165049170376,0.6680165049170376
66085,117,36,Neutral,94.0,1,86.25623046854543,7.743769531454575,0.4643148107069401,0.4643148107069401
66085,93,37,Neutral,93.0,1,82.90933289155892,10.090667108441082,0.605034301360787,0.605034301360787
66085,109,38,Neutral,100.0,1,83.57567718842601,16.424322811573987,0.984798980169699,0.984798980169699
66085,19,39,Neutral,96.0,1,87.50250304774643,8.49749695225357,0.5095081501124297,0.5095081501124297
66085,52,40,Neutral,100.0,1,88.80758337083884,11.192416629161158,0.6710949735026546,0.6710949735026546
66085,95,41,Neutral,100.0,1,82.85446669939053,17.145533300609472,1.0280426111088898,1.0280426111088898
66085,77,42,Neutral,99.0,1,83.68002231061993,15.319977689380067,0.9185826763032428,0.9185826763032428
66085,122,43,Neutral,100.0,1,82.09035915840826,17.909640841591738,1.073858340361912,1.073858340361912
66085,45,44,Neutral,95.0,1,82.54906983291878,12.450930167081225,0.7465551835150921,0.7465551835150921
66085,38,45,Neutral,55.0,0,81.29943062769962,-26.29943062769962,-1.5769083911910948,1.5769083911910948
66085,41,46,Neutral,100.0,1,91.54580730684813,8.454192693151867,0.5069116357422719,0.5069116357422719
66085,53,47,Neutral,92.0,0,80.26783327340817,11.732166726591828,0.7034582770978351,0.7034582770978351
66085,25,48,Neutral,59.0,1,87.05907653713504,-28.05907653713504,-1.6824163939837966,1.6824163939837966
66085,78,49,Neutral,70.0,1,85.54988550140452,-15.549885501404518,-0.9323679009004587,0.9323679009004587
66085,54,50,Neutral,62.0,1,85.26363559207245,-23.263635592072447,-1.394882752180693,1.394882752180693
66085,74,51,Neutral,62.0,0,81.28697540622426,-19.286975406224258,-1.1564430344259344,1.1564430344259344
66085,92,52,Neutral,92.0,1,87.37025019996227,4.629749800037729,0.2775988352046453,0.2775988352046453
66085,65,53,Neutral,86.0,1,82.23590866325844,3.764091336741558,0.22569413376827352,0.22569413376827352
66085,98,54,Neutral,58.0,1,80.24264074273731,-22.242640742737308,-1.333664113341275,1.333664113341275
66085,33,55,Neutral,82.0,1,83.05651415564238,-1.0565141556423754,-0.06334836905898299,0.06334836905898299
66085,62,56,Neutral,56.0,1,79.73695025580128,-23.736950255801275,-1.4232626009870648,1.4232626009870648
66085,104,57,Neutral,60.0,1,84.05864759600814,-24.058647596008143,-1.4425515066054917,1.4425515066054917
66085,24,58,Neutral,57.0,1,85.31248597626232,-28.312485976262323,-1.6976107712546857,1.6976107712546857
66085,70,59,Neutral,100.0,1,81.73633783161786,18.26366216838214,1.0950853854937717,1.0950853854937717
66085,1,60,Neutral,99.0,1,87.47728379732926,11.522716202670736,0.6908996672409863,0.6908996672409863
66085,12,61,Neutral,98.0,1,87.68918495983655,10.310815040163448,0.6182343255647607,0.6182343255647607
66085,47,62,Neutral,96.0,0,87.67038014647396,8.32961985352604,0.4994422741845517,0.4994422741845517
66085,61,63,Neutral,73.0,1,81.19407991498058,-8.194079914980577,-0.4913153276563348,0.4913153276563348
66085,108,64,Neutral,89.0,0,81.28582569765885,7.714174302341149,0.46254028692394117,0.46254028692394117
66087,44,1,Neutral,0.0,1,64.4459959170051,-64.4459959170051,-3.864168512954664,3.864168512954664
66087,65,2,Neutral,0.0,0,63.18256628657424,-63.18256628657424,-3.7884135350576327,3.7884135350576327
66087,54,3,Neutral,0.0,1,66.03506457832331,-66.03506457832331,-3.9594487394236073,3.9594487394236073
66087,56,4,Neutral,100.0,1,72.73135208261616,27.268647917383845,1.6350224583215371,1.6350224583215371
66087,87,5,Neutral,1.0,1,62.69569471984448,-61.69569471984448,-3.699261025127242,3.699261025127242
66087,118,6,Neutral,100.0,0,66.34137959414218,33.65862040585782,2.018163879867826,2.018163879867826
66087,117,7,Neutral,100.0,0,66.23913058800409,33.76086941199591,2.0242947090121,2.0242947090121
66087,98,8,Neutral,0.0,1,60.97026256972195,-60.97026256972195,-3.6557642642672117,3.6557642642672117
66087,38,9,Neutral,0.0,1,61.5889808620219,-61.5889808620219,-3.6928624844044795,3.6928624844044795
66087,42,10,Neutral,0.0,0,65.60411881454478,-65.60411881454478,-3.9336093210471925,3.9336093210471925
66087,103,11,Neutral,100.0,0,64.08802635623084,35.91197364376916,2.1532744714042646,2.1532744714042646
66087,21,12,Neutral,0.0,1,62.93520568565134,-62.93520568565134,-3.773581844867558,3.773581844867558
66087,95,13,Neutral,0.0,0,62.79355965958295,-62.79355965958295,-3.7650887786012923,3.7650887786012923
66087,10,14,Neutral,0.0,0,63.63863831249296,-63.63863831249296,-3.8157595188866997,3.8157595188866997
66087,46,15,Neutral,2.0,0,62.4327322919434,-60.4327322919434,-3.6235340605967368,3.6235340605967368
66087,84,16,Neutral,1.0,1,66.40049902048933,-65.40049902048933,-3.921400320540526,3.921400320540526
66087,59,17,Neutral,0.0,1,62.74045556639024,-62.74045556639024,-3.761904668217017,3.761904668217017
66087,128,18,Neutral,0.0,1,62.922053580590166,-62.922053580590166,-3.77279324738321,3.77279324738321
66087,62,19,Neutral,0.0,1,60.07030764938979,-60.07030764938979,-3.601803154399274,3.601803154399274
66087,74,20,Neutral,96.0,0,61.35748984421537,34.64251015578463,2.07715770466312,2.07715770466312
66087,94,21,Neutral,99.0,1,71.83501554716311,27.16498445283689,1.6288068185452196,1.6288068185452196
66087,40,22,Neutral,98.0,1,69.88918566250993,28.11081433749007,1.6855185817336593,1.6855185817336593
66087,96,23,Neutral,2.0,1,56.73155350617138,-54.73155350617138,-3.2816925662224947,3.2816925662224947
66087,4,24,Neutral,99.0,1,66.14220697595897,32.85779302404103,1.9701464365946466,1.9701464365946466
66087,127,25,Neutral,28.0,1,61.46449118356847,-33.46449118356847,-2.006523932070589,2.006523932070589
66087,47,26,Neutral,98.0,0,67.95993038079627,30.040069619203734,1.8011963272160953,1.8011963272160953
66087,109,27,Neutral,0.0,0,62.77004844109247,-62.77004844109247,-3.7636790508300106,3.7636790508300106
66087,61,28,Neutral,0.0,1,61.43982299003663,-61.43982299003663,-3.683919009419206,3.683919009419206
66087,41,29,Neutral,99.0,1,71.00302151511197,27.996978484888032,1.6786930076850153,1.6786930076850153
66087,45,30,Neutral,32.0,1,61.87486256338393,-29.874862563383928,-1.7912905465057007,1.7912905465057007
66087,107,31,Neutral,99.0,0,64.3122609481447,34.6877390518553,2.0798696198656885,2.0798696198656885
66087,86,32,Neutral,97.0,0,64.2352395260232,32.76476047397681,1.9645682242399023,1.9645682242399023
66087,14,33,Neutral,99.0,0,66.14825283820284,32.851747161797164,1.9697839279518057,1.9697839279518057
66087,12,34,Neutral,96.0,0,67.58447076076274,28.41552923923726,1.7037892238737224,1.7037892238737224
66087,71,35,Neutral,72.0,0,62.12545805070445,9.874541949295548,0.5920754817639419,0.5920754817639419
66087,70,36,Neutral,71.0,1,61.45639499547913,9.54360500452087,0.5722325713771028,0.5722325713771028
66087,122,37,Neutral,31.0,1,61.065694614743556,-30.065694614743556,-1.8027327966196733,1.8027327966196733
66087,1,38,Neutral,72.0,1,67.15353380192427,4.846466198075731,0.29059310536252847,0.29059310536252847
66087,126,39,Neutral,76.0,0,64.16636778110886,11.83363221889114,0.7095421269152757,0.7095421269152757
66087,89,40,Neutral,76.0,1,58.40597147649662,17.594028523503383,1.054934291404266,1.054934291404266
66087,11,41,Neutral,75.0,1,70.89995359475512,4.100046405244882,0.24583792981031008,0.24583792981031008
66087,9,42,Neutral,100.0,0,67.28231080615892,32.71768919384108,1.9617458400719365,1.9617458400719365
66087,39,43,Neutral,78.0,1,66.36524047177194,11.63475952822806,0.6976177617408045,0.6976177617408045
66087,88,44,Neutral,89.0,1,61.780674620401584,27.219325379598416,1.6320650892130681,1.6320650892130681
66087,77,45,Neutral,88.0,0,62.2610933335591,25.738906666440897,1.5432994910409297,1.5432994910409297
66087,37,46,Neutral,100.0,1,64.08953933550498,35.91046066449502,2.153183753481627,2.153183753481627
66087,92,47,Neutral,85.0,0,66.30177849703132,18.69822150296868,1.1211414728243538,1.1211414728243538
66087,34,48,Neutral,77.0,0,68.08195449318437,8.91804550681563,0.5347241539864347,0.5347241539864347
66087,24,49,Neutral,87.0,0,64.41924291039629,22.580757089603708,1.3539374991845008,1.3539374991845008
66087,19,50,Neutral,100.0,0,65.73311679655575,34.26688320344425,2.0546351907164033,2.0546351907164033
66087,33,51,Neutral,97.0,0,61.94423529344517,35.05576470655483,2.1019363615866307,2.1019363615866307
66087,43,52,Neutral,99.0,0,65.67199872820834,33.32800127179166,1.9983400253449781,1.9983400253449781
66087,30,53,Neutral,98.0,0,65.39841131919688,32.60158868080312,1.9547844774545144,1.9547844774545144
66087,104,54,Neutral,99.0,0,62.90256157454472,36.09743842545528,2.164394901144794,2.164394901144794
66087,55,55,Neutral,100.0,1,68.62341361907679,31.376586380923214,1.8813335943059473,1.8813335943059473
66087,119,56,Neutral,97.0,1,59.70321712275799,37.29678287724201,2.2363073450575164,2.2363073450575164
66087,108,57,Neutral,100.0,1,60.30496831326036,39.69503168673964,2.3801058449336963,2.3801058449336963
66087,53,58,Neutral,97.0,1,58.498447022217476,38.501552977782524,2.3085451097411944,2.3085451097411944
66087,52,59,Neutral,100.0,0,66.68773984551827,33.312260154481734,1.9973961912246072,1.9973961912246072
66087,85,60,Neutral,100.0,0,63.40080218304176,36.59919781695824,2.1944802899131197,2.1944802899131197
66087,97,61,Neutral,96.0,1,62.59327710192091,33.40672289807909,2.0030601576861744,2.0030601576861744
66087,93,62,Neutral,97.0,0,60.52664641064094,36.47335358935906,2.186934696196916,2.186934696196916
66087,25,63,Neutral,98.0,0,65.1144616488794,32.8855383511206,1.9718100406364025,1.9718100406364025
66087,78,64,Neutral,100.0,1,63.60527061314889,36.39472938685111,2.182220405365277,2.182220405365277
66089,82,1,Standard,38.0,1,61.17145780411849,-23.17145780411849,-1.389355791184323,1.389355791184323
66089,28,2,Standard,60.0,1,64.8341896861008,-4.8341896861008,-0.2898570082575425,0.2898570082575425
66089,83,3,Standard,57.0,0,64.81070823395561,-7.810708233955609,-0.46832844138828833,0.46832844138828833
66089,18,4,Standard,57.0,0,65.69386416122626,-8.693864161226259,-0.5212822871257865,0.5212822871257865
66089,112,5,Standard,36.0,0,63.62568881561202,-27.625688815612023,-1.6564305563288537,1.6564305563288537
66089,125,6,Standard,41.0,0,59.235935969564196,-18.235935969564196,-1.093422928378605,1.093422928378605
66089,64,7,Standard,63.0,1,63.45303099606057,-0.4530309960605692,-0.027163644311187052,0.027163644311187052
66089,116,8,Standard,60.0,1,67.06050328431382,-7.060503284313825,-0.4233463086208499,0.4233463086208499
66089,15,9,Standard,64.0,1,67.16045209705374,-3.160452097053735,-0.18950005048977933,0.18950005048977933
66089,36,10,Standard,63.0,1,60.51462522901315,2.4853747709868514,0.14902255440830509,0.14902255440830509
66089,16,11,Standard,65.0,1,63.402565577706994,1.5974344222930057,0.09578183575724332,0.09578183575724332
66089,69,12,Standard,62.0,1,62.279056388884165,-0.2790563888841646,-0.016732163044756186,0.016732163044756186
66089,31,13,Standard,68.0,1,62.07510026590081,5.924899734099192,0.3552557559107935,0.3552557559107935
66089,67,14,Standard,60.0,1,64.79659439816368,-4.796594398163677,-0.2876028026111719,0.2876028026111719
66089,106,15,Standard,67.0,1,62.06602427016832,4.93397572983168,0.29584015868807906,0.29584015868807906
66089,115,16,Standard,0.0,0,69.1269847722817,-69.1269847722817,-4.144839631255726,4.144839631255726
66089,80,17,Standard,68.0,1,66.62397060767782,1.376029392322181,0.08250643620371892,0.08250643620371892
66089,90,18,Standard,69.0,1,64.72050538274343,4.279494617256574,0.2565976072843706,0.2565976072843706
66089,5,19,Standard,69.0,1,61.03758472143449,7.9624152785655085,0.4774247642340076,0.4774247642340076
66089,123,20,Standard,69.0,1,61.72209067835276,7.277909321647243,0.43638192940746834,0.43638192940746834
66089,81,21,Standard,75.0,1,62.2880917093013,12.711908290698702,0.7622033775340249,0.7622033775340249
66089,75,22,Standard,66.0,0,58.59404723069288,7.40595276930712,0.4440593879011604,0.4440593879011604
66089,26,23,Standard,59.0,1,70.93616815316976,-11.93616815316976,-0.7156901602111858,0.7156901602111858
66089,58,24,Standard,71.0,1,64.2430964118312,6.756903588168797,0.4051425339767736,0.4051425339767736
66089,50,25,Standard,64.0,1,57.76225351400612,6.237746485993881,0.374013982094596,0.374013982094596
66089,27,26,Standard,70.0,1,64.86994146212571,5.130058537874291,0.3075972430808126,0.3075972430808126
66089,3,27,Standard,72.0,1,65.29010074956808,6.709899250431917,0.4023241636611213,0.4023241636611213
66089,73,28,Standard,70.0,1,60.003012355461635,9.996987644538365,0.599417300186819,0.599417300186819
66089,35,29,Standard,72.0,1,67.85090109256687,4.149098907433128,0.2487791076405288,0.2487791076405288
66089,51,30,Standard,74.0,1,61.886862671803755,12.113137328196245,0.7263011951431554,0.7263011951431554
66089,100,31,Standard,37.0,1,61.2153810471988,-24.215381047198797,-1.4519492117444985,1.4519492117444985
66089,79,32,Standard,64.0,1,62.62409498030709,1.3759050196929081,0.08249897884673234,0.08249897884673234
66089,99,33,Standard,66.0,1,60.90944874731202,5.09055125268798,0.3052283944770008,0.3052283944770008
66089,72,34,Standard,64.0,1,61.416128924340654,2.5838710756593457,0.1549283723531157,0.1549283723531157
66089,111,35,Standard,65.0,1,63.287553677027574,1.7124463229724256,0.10267792540403571,0.10267792540403571
66089,114,36,Standard,62.0,1,61.35876070834662,0.6412392916533776,0.03844857457501889,0.03844857457501889
66089,32,37,Standard,43.0,1,62.9101888393418,-19.9101888393418,-1.1938107822718134,1.1938107822718134
66089,63,38,Standard,37.0,1,59.86489788841407,-22.86489788841407,-1.3709745223910748,1.3709745223910748
66089,121,39,Standard,37.0,0,63.788592535558664,-26.788592535558664,-1.6062384374599117,1.6062384374599117
66089,29,40,Standard,69.0,0,65.1621660286278,3.8378339713722056,0.23011572680516348,0.23011572680516348
66089,17,41,Standard,73.0,1,68.40500643782778,4.59499356217222,0.275514858410158,0.275514858410158
66089,91,42,Standard,31.0,1,59.88877080150383,-28.88877080150383,-1.7321646895316196,1.7321646895316196
66089,120,43,Standard,68.0,1,60.23999062435505,7.760009375644948,0.4652885483873469,0.4652885483873469
66089,110,44,Standard,64.0,1,58.37462067273043,5.62537932726957,0.3372965746057374,0.3372965746057374
66089,20,45,Standard,61.0,1,60.51235620805516,0.48764379194484064,0.02923902035430964,0.02923902035430964
66089,13,46,Standard,64.0,1,60.99980474868188,3.000195251318118,0.179891083346584,0.179891083346584
66089,105,47,Standard,30.0,0,59.74493660748133,-29.74493660748133,-1.7835002132092626,1.7835002132092626
66089,8,48,Standard,68.0,1,66.49962007370381,1.5003799262961905,0.08996246836078699,0.08996246836078699
66089,68,49,Standard,64.0,1,58.88095452283979,5.119045477160213,0.30693690225067943,0.30693690225067943
66089,101,50,Standard,77.0,1,65.32428185384667,11.67571814615333,0.7000736319538243,0.7000736319538243
66089,113,51,Standard,79.0,1,66.48182193972276,12.518178060277236,0.7505873532062117,0.7505873532062117
66089,7,52,Standard,75.0,1,67.66078888576469,7.339211114235312,0.4400575721426904,0.4400575721426904
66089,49,53,Standard,79.0,1,64.56379477832932,14.436205221670676,0.8655918629292537,0.8655918629292537
66089,60,54,Standard,66.0,1,63.00479785496334,2.9952021450366573,0.17959169773231706,0.17959169773231706
66089,6,55,Standard,70.0,1,63.261342940082315,6.738657059917685,0.4040484759373962,0.4040484759373962
66089,76,56,Standard,67.0,1,58.39417683444084,8.605823165559158,0.5160033673346468,0.5160033673346468
66089,66,57,Standard,68.0,1,59.88027940743545,8.119720592564548,0.4868567581480801,0.4868567581480801
66089,23,58,Standard,72.0,1,62.91193451611677,9.088065483883227,0.5449185164539487,0.5449185164539487
66089,48,59,Standard,78.0,1,68.46431864317391,9.535681356826089,0.5717574711091303,0.5717574711091303
66089,124,60,Standard,79.0,1,61.196999191091685,17.803000808908315,1.067464226179141,1.067464226179141
66089,102,61,Standard,75.0,1,59.31133302657606,15.688666973423942,0.9406892091016631,0.9406892091016631
66089,2,62,Standard,78.0,1,60.53588437031102,17.464115629688983,1.04714474130792,1.04714474130792
66089,22,63,Standard,78.0,1,68.7328246423862,9.267175357613795,0.555657907235034,0.555657907235034
66089,57,64,Standard,81.0,1,63.83287093376388,17.16712906623612,1.029337488724795,1.029337488724795
66121,12,1,Neutral,89.0,1,75.75269520287144,13.247304797128564,0.7943056407181724,0.7943056407181724
66121,86,2,Neutral,86.0,1,72.27204249033318,13.727957509666822,0.8231254774051326,0.8231254774051326
66121,47,3,Neutral,89.0,1,75.6900832302426,13.309916769757393,0.7980598415761727,0.7980598415761727
66121,97,4,Neutral,72.0,0,71.81287336641921,0.18712663358078885,0.011220074034534247,0.011220074034534247
66121,78,5,Neutral,87.0,1,72.91248119617966,14.087518803820345,0.8446846978279899,0.8446846978279899
66121,54,6,Neutral,72.0,1,72.62623128684758,-0.6262312868475846,-0.03754869772793746,0.03754869772793746
66121,94,7,Neutral,97.0,1,79.17090396321335,17.829096036786652,1.0690288906159462,1.0690288906159462
66121,103,8,Neutral,75.0,1,70.9420360203525,4.0579639796474964,0.24331467632297796,0.24331467632297796
66121,55,9,Neutral,100.0,1,77.3611311316465,22.638868868353498,1.357421869353377,1.357421869353377
66121,126,10,Neutral,66.0,0,72.15936358615261,-6.159363586152608,-0.3693141597206694,0.3693141597206694
66121,96,11,Neutral,67.0,1,63.97982760368916,3.0201723963108407,0.18108890880588827,0.18108890880588827
66121,98,12,Neutral,61.0,1,67.51762211897999,-6.517622118979986,-0.39079526684533406,0.39079526684533406
66121,33,13,Neutral,59.0,0,70.33149553188503,-11.331495531885025,-0.6794341155870435,0.6794341155870435
66121,87,14,Neutral,66.0,1,69.02401847277135,-3.0240184727713455,-0.1813195187506277,0.1813195187506277
66121,41,15,Neutral,98.0,1,78.3389099311622,19.661090068837794,1.1788748717951267,1.1788748717951267
66121,24,16,Neutral,63.0,1,72.58746735250499,-9.587467352504987,-0.5748625486405896,0.5748625486405896
66121,56,17,Neutral,95.0,1,78.88444719847809,16.115552801521915,0.9662851945789781,0.9662851945789781
66121,88,18,Neutral,78.0,1,69.64224894764664,8.357751052353365,0.5011290150160567,0.5011290150160567
66121,4,19,Neutral,64.0,1,73.08383095861309,-9.083830958613092,-0.5446646151993659,0.5446646151993659
66121,39,20,Neutral,87.0,1,74.09539332121828,12.904606678781718,0.7737575328098072,0.7737575328098072
66121,85,21,Neutral,96.0,1,71.83186958074785,24.16813041925215,1.4491160739190871,1.4491160739190871
66121,34,22,Neutral,91.0,1,75.94352882042942,15.056471179570579,0.9027828807740417,0.9027828807740417
66121,92,23,Neutral,71.0,1,74.0757385057439,-3.0757385057438995,-0.18442064117193216,0.18442064117193216
66121,118,24,Neutral,69.0,1,72.27543891367293,-3.2754389136729287,-0.19639463610153707,0.19639463610153707
66121,65,25,Neutral,60.0,0,68.89758980977382,-8.89758980977382,-0.533497634645787,0.533497634645787
66121,46,26,Neutral,61.0,1,68.6734417263378,-7.673441726337799,-0.4600979701375518,0.4600979701375518
66121,44,27,Neutral,81.0,1,70.02959796240599,10.970402037594013,0.6577830247625797,0.6577830247625797
66121,21,28,Neutral,71.0,1,68.95687932371457,2.043120676285426,0.12250509086144123,0.12250509086144123
66121,9,29,Neutral,67.0,1,74.57439206294292,-7.57439206294292,-0.4541589729188238,0.4541589729188238
66121,128,30,Neutral,79.0,1,69.11895585571831,9.881044144281688,0.5924653520231103,0.5924653520231103
66121,107,31,Neutral,72.0,1,71.03484913446766,0.9651508655323369,0.0578702451839511,0.0578702451839511
66121,95,32,Neutral,95.0,1,68.68381181984748,26.316188180152523,1.57791317055126,1.57791317055126
66121,93,33,Neutral,68.0,1,68.51964221568468,-0.5196422156846836,-0.03115763918733874,0.03115763918733874
66121,43,34,Neutral,93.0,1,73.18311578132351,19.816884218676492,1.1882162566204078,1.1882162566204078
66121,11,35,Neutral,98.0,1,77.88538473667549,20.11461526332451,1.2060681481411717,1.2060681481411717
66121,119,36,Neutral,67.0,1,67.30194849440564,-0.30194849440563587,-0.01810476893116725,0.01810476893116725
66121,14,37,Neutral,67.0,0,72.69561238746087,-5.695612387460869,-0.3415077342890973,0.3415077342890973
66121,53,38,Neutral,70.0,1,66.09717839386512,3.9028216061348786,0.23401237187066484,0.23401237187066484
66121,127,39,Neutral,62.0,1,67.57377914016416,-5.573779140164163,-0.3342026381177039,0.3342026381177039
66121,1,40,Neutral,53.0,0,73.78850766971478,-20.788507669714775,-1.2464745966852526,1.2464745966852526
66121,61,41,Neutral,54.0,1,67.59291810589856,-13.592918105898562,-0.8150285428380653,0.8150285428380653
66121,38,42,Neutral,57.0,1,66.86593279255915,-9.86593279255915,-0.5915592785163929,0.5915592785163929
66121,30,43,Neutral,42.0,0,72.55907109818219,-30.559071098182187,-1.8323155479637765,1.8323155479637765
66121,62,44,Neutral,65.0,1,65.6977168540569,-0.6977168540569068,-0.04183495747162588,0.04183495747162588
66121,19,45,Neutral,85.0,1,72.67474077920988,12.325259220790116,0.7390199797100845,0.7390199797100845
66121,84,46,Neutral,62.0,0,71.80887242882528,-9.808872428825282,-0.5881379509732185,0.5881379509732185
66121,109,47,Neutral,59.0,0,68.61649344209076,-9.616493442090757,-0.5766029469358689,0.5766029469358689
66121,77,48,Neutral,44.0,0,68.85226004208336,-24.85226004208336,-1.4901363438320292,1.4901363438320292
66121,37,49,Neutral,47.0,0,70.68070604402922,-23.680706044029222,-1.4198902097457933,1.4198902097457933
66121,108,50,Neutral,46.0,1,67.33420661444697,-21.33420661444697,-1.2791945919275065,1.2791945919275065
66121,10,51,Neutral,66.0,1,68.74036160596528,-2.7403616059652762,-0.16431151200639235,0.16431151200639235
66121,122,52,Neutral,70.0,1,67.131175412073,2.8688245879269942,0.1720141256895762,0.1720141256895762
66121,42,53,Neutral,80.0,1,70.44299915241969,9.557000847580312,0.5730357833411391,0.5730357833411391
66121,59,54,Neutral,70.0,1,67.84217885986254,2.1578211401374574,0.12938250682083002,0.12938250682083002
66121,45,55,Neutral,57.0,1,67.50227176805106,-10.50227176805106,-0.6297140311534429,0.6297140311534429
66121,71,56,Neutral,45.0,1,67.9280958924365,-22.928095892436502,-1.374763861569564,1.374763861569564
66121,89,57,Neutral,73.0,0,64.3838379552936,8.6161620447064,0.5166232843782357,0.5166232843782357
66121,25,58,Neutral,52.0,1,72.05608563153353,-20.056085631533534,-1.202558723590843,1.202558723590843
66121,70,59,Neutral,73.0,0,67.1714185186787,5.828581481321294,0.3494805335046338,0.3494805335046338
66121,74,60,Neutral,60.0,1,66.32779165988899,-6.327791659888987,-0.37941307199549684,0.37941307199549684
66121,104,61,Neutral,55.0,1,69.31849964600406,-14.318499646004057,-0.8585342610904072,0.8585342610904072
66121,40,62,Neutral,96.0,1,74.85948747818354,21.14051252181646,1.267580734414124,1.267580734414124
66121,117,63,Neutral,41.0,1,70.50851785541795,-29.50851785541795,-1.7693245940013316,1.7693245940013316
66121,52,64,Neutral,78.0,1,73.19129223551006,4.808707764489938,0.28832911753699136,0.28832911753699136
66151,71,1,Neutral,81.0,1,62.40160279690561,18.598397203094393,1.1151560285634146,1.1151560285634146
66151,77,2,Neutral,78.0,1,62.93150251315637,15.068497486843633,0.9035039756571358,0.9035039756571358
66151,109,3,Neutral,27.0,0,62.60812159463129,-35.60812159463129,-2.135055565727217,2.135055565727217
66151,128,4,Neutral,23.0,1,62.32205514146665,-39.32205514146665,-2.3577422488435595,2.3577422488435595
66151,93,5,Neutral,22.0,1,61.81035581996548,-39.81035581996548,-2.38702065597904,2.38702065597904
66151,41,6,Neutral,70.0,1,70.79728750938457,-0.7972875093845744,-0.04780519325829809,0.04780519325829809
66151,98,7,Neutral,33.0,1,59.80077106013739,-26.800771060137393,-1.6069686592609989,1.6069686592609989
66151,88,8,Neutral,32.0,1,62.14443368513522,-30.14443368513522,-1.807453974905732,1.807453974905732
66151,117,9,Neutral,30.0,1,64.93821760062083,-34.93821760062083,-2.0948882615599964,2.0948882615599964
66151,52,10,Neutral,67.0,1,67.62099198071294,-0.6209919807129438,-0.03723455002167373,0.03723455002167373
66151,70,11,Neutral,89.0,1,61.33827530828419,27.66172469171581,1.658591259965994,1.658591259965994
66151,43,12,Neutral,74.0,1,66.21098643000693,7.789013569993074,0.4670276338487304,0.4670276338487304
66151,107,13,Neutral,72.0,1,63.88749114608611,8.112508853913887,0.4864243437983441,0.4864243437983441
66151,38,14,Neutral,21.0,0,60.15664639683994,-39.15664639683994,-2.3478243749142464,2.3478243749142464
66151,40,15,Neutral,69.0,1,68.98253710852276,0.017462891477237008,0.001047071341381475,0.001047071341381475
66151,9,16,Neutral,76.0,0,67.20799827823022,8.792001721769779,0.5271665948472285,0.5271665948472285
66151,55,17,Neutral,72.0,1,69.07478700234287,2.925212997657127,0.17539516301042657,0.17539516301042657
66151,96,18,Neutral,6.0,1,55.73729063365175,-49.73729063365175,-2.9822376029961974,2.9822376029961974
66151,94,19,Neutral,75.0,1,70.70933119684477,4.290668803155228,0.25726760914706326,0.25726760914706326
66151,53,20,Neutral,24.0,1,58.94982040548357,-34.94982040548357,-2.09558396332664,2.09558396332664
66151,118,21,Neutral,18.0,1,64.47097353629788,-46.470973536297876,-2.786389909104172,2.786389909104172
66151,56,22,Neutral,78.0,1,70.72952454697317,7.270475453026833,0.43593619619094043,0.43593619619094043
66151,34,23,Neutral,75.0,1,67.96383480598944,7.0361651940105645,0.4218870017876306,0.4218870017876306
66151,59,24,Neutral,79.0,1,61.220506782675805,17.779493217324195,1.0660547158764102,1.0660547158764102
66151,127,25,Neutral,81.0,1,60.25119251471767,20.748807485282327,1.2440941818827578,1.2440941818827578
66151,85,26,Neutral,78.0,1,63.67694692924292,14.323053070757076,0.8588072834916652,0.8588072834916652
66151,30,27,Neutral,73.0,0,65.32409879126818,7.6759012087318155,0.4602454401904216,0.4602454401904216
66151,54,28,Neutral,74.0,1,63.726586927816676,10.273413072183324,0.6159917113428087,0.6159917113428087
66151,92,29,Neutral,76.0,0,65.87700869497273,10.12299130502727,0.606972453465935,0.606972453465935
66151,65,30,Neutral,69.0,1,60.742667158268894,8.257332841731106,0.4951079599901789,0.4951079599901789
66151,119,31,Neutral,64.0,1,59.58509743556305,4.41490256443695,0.2647166396377859,0.2647166396377859
66151,95,32,Neutral,50.0,1,60.7479249646737,-10.7479249646737,-0.6444433457367467,0.6444433457367467
66151,74,33,Neutral,60.0,1,59.57469810490355,0.4253018950964531,0.02550101318393955,0.02550101318393955
66151,104,34,Neutral,62.0,1,62.56540609101861,-0.565406091018609,-0.03390163163527723,0.03390163163527723
66151,62,35,Neutral,65.0,1,58.156094432279275,6.843905567720725,0.410359154577722,0.410359154577722
66151,86,36,Neutral,70.0,1,62.84671222010746,7.153287779892537,0.42890964768022866,0.42890964768022866
66151,37,37,Neutral,66.0,0,63.270505100050286,2.7294948999497137,0.16365994657354607,0.16365994657354607
66151,1,38,Neutral,66.0,1,65.94023513307349,0.05976486692651406,0.003583488992175286,0.003583488992175286
66151,11,39,Neutral,76.0,1,69.7742692444368,6.225730755563205,0.3732935213967714,0.3732935213967714
66151,84,40,Neutral,68.0,1,64.13582852924893,3.8641714707510744,0.23169491779075788,0.23169491779075788
66151,42,41,Neutral,70.0,1,63.03279820844075,6.967201791559248,0.41775197051832125,0.41775197051832125
66151,39,42,Neutral,75.0,1,65.19574896218738,9.80425103781262,0.5878608533291666,0.5878608533291666
66151,46,43,Neutral,67.0,1,59.99283316363807,7.007166836361932,0.4201482662935349,0.4201482662935349
66151,47,44,Neutral,41.0,1,65.95810284515325,-24.95810284515325,-1.4964826562929654,1.4964826562929654
66151,87,45,Neutral,63.0,1,59.73010968034435,3.2698903196556515,0.19606194355815015,0.19606194355815015
66151,89,46,Neutral,63.0,1,56.929829852048414,6.070170147951586,0.36396613971485836,0.36396613971485836
66151,4,47,Neutral,68.0,1,63.92134364398481,4.078656356015188,0.2445553869067854,0.2445553869067854
66151,61,48,Neutral,75.0,1,59.35038113586117,15.64961886413883,0.9383478925893967,0.9383478925893967
66151,45,49,Neutral,76.0,1,59.829227868474696,16.170772131525304,0.9695961341225354,0.9695961341225354
66151,25,50,Neutral,70.0,1,64.47065605048967,5.529343949510334,0.3315383133268699,0.3315383133268699
66151,14,51,Neutral,68.0,1,64.14642530255985,3.853574697440152,0.23105953746674646,0.23105953746674646
66151,97,52,Neutral,80.0,1,61.774242866466224,18.225757133533776,1.0928126074870181,1.0928126074870181
66151,12,53,Neutral,72.0,1,65.5388360658535,6.461163934146498,0.38741004582379696,0.38741004582379696
66151,10,54,Neutral,67.0,1,60.67305327299282,6.326946727007183,0.3793624099956166,0.3793624099956166
66151,78,55,Neutral,72.0,1,62.786236377694216,9.213763622305784,0.552455350693503,0.552455350693503
66151,122,56,Neutral,70.0,1,59.02005991983431,10.97994008016569,0.6583549238116402,0.6583549238116402
66151,108,57,Neutral,69.0,0,59.09166964440958,9.908330355590422,0.5941014275787248,0.5941014275787248
66151,126,58,Neutral,83.0,1,62.12073308619962,20.87926691380038,1.251916502086277,1.251916502086277
66151,44,59,Neutral,84.0,1,60.69188201071274,23.30811798928726,1.3975499074671065,1.3975499074671065
66151,21,60,Neutral,73.0,1,59.61916337202133,13.380836627978667,0.802312181526583,0.802312181526583
66151,19,61,Neutral,72.0,1,64.03793937577638,7.962060624223625,0.4774034992334224,0.4774034992334224
66151,33,62,Neutral,75.0,1,60.249057872665816,14.750942127334184,0.8844634223399572,0.8844634223399572
66151,24,63,Neutral,72.0,1,62.59264401181824,9.407355988181763,0.5640631086918392,0.5640631086918392
66151,103,64,Neutral,5.0,0,60.552948246269644,-55.552948246269644,-3.330943224021031,3.330943224021031
66157,79,1,Standard,58.0,1,42.797299983818405,15.202700016181595,0.9115507314073994,0.9115507314073994
66157,83,2,Standard,56.0,1,43.47957535097307,12.520424649026928,0.7507220582004412,0.7507220582004412
66157,23,3,Standard,58.0,0,43.98441285521224,14.015587144787759,0.8403716905113481,0.8403716905113481
66157,22,4,Standard,59.0,1,50.075593172800005,8.924406827199995,0.5351055774337771,0.5351055774337771
66157,6,5,Standard,55.0,1,44.26688396965207,10.73311603034793,0.6435554051142485,0.6435554051142485
66157,67,6,Standard,58.0,0,43.962234738551615,14.037765261448385,0.8417014857741445,0.8417014857741445
66157,90,7,Standard,60.0,1,43.827444092423214,16.172555907576786,0.9697030889636272,0.9697030889636272
66157,73,8,Standard,54.0,0,39.50421549853755,14.495784501462452,0.869164224155425,0.869164224155425
66157,66,9,Standard,53.0,0,40.60808300996589,12.391916990034112,0.7430167656917638,0.7430167656917638
66157,91,10,Standard,61.0,0,40.10578296428138,20.89421703571862,1.2528129082874582,1.2528129082874582
66157,15,11,Standard,56.0,1,45.6978977362725,10.302102263727498,0.6177119093015755,0.6177119093015755
66157,111,12,Standard,58.0,0,43.05326447385697,14.94673552614303,0.8962031538152199,0.8962031538152199
66157,51,13,Standard,58.0,0,41.25664433708097,16.74335566291903,1.0039281235900797,1.0039281235900797
66157,69,14,Standard,58.0,1,41.00662513660976,16.993374863390237,1.0189192228561865,1.0189192228561865
66157,16,15,Standard,57.0,0,42.04252000690012,14.95747999309988,0.8968473898195267,0.8968473898195267
66157,113,16,Standard,59.0,1,46.77321864774695,12.226781352253049,0.7331152671921201,0.7331152671921201
66157,17,17,Standard,55.0,1,48.2145243939234,6.785475606076602,0.4068557062286712,0.4068557062286712
66157,80,18,Standard,56.0,1,45.24324802786416,10.756751972135838,0.6449726112685065,0.6449726112685065
66157,20,19,Standard,56.0,1,40.314426928429825,15.685573071570175,0.940503699389921,0.940503699389921
66157,3,20,Standard,56.0,1,44.22181082218293,11.778189177817069,0.7062177737024433,0.7062177737024433
66157,106,21,Standard,58.0,1,40.42824127232216,17.57175872767784,1.053598999077807,1.053598999077807
66157,101,22,Standard,56.0,1,45.30902844700722,10.690971552992778,0.641028431016425,0.641028431016425
66157,8,23,Standard,59.0,0,46.25788363481225,12.742116365187748,0.7640146473982983,0.7640146473982983
66157,102,24,Standard,59.0,0,39.59528249887931,19.404717501120693,1.1635028259502063,1.1635028259502063
66157,2,25,Standard,59.0,0,40.97193232941974,18.028067670580263,1.0809591883999479,1.0809591883999479
66157,36,26,Standard,60.0,0,38.62889374701149,21.37110625298851,1.2814070865807858,1.2814070865807858
66157,75,27,Standard,58.0,0,37.19019450061978,20.809805499380218,1.2477516101228827,1.2477516101228827
66157,116,28,Standard,56.0,0,44.84744467844174,11.15255532155826,0.6687048977883668,0.6687048977883668
66157,28,29,Standard,60.0,0,42.46657945217054,17.533420547829458,1.0513002497869295,1.0513002497869295
66157,13,30,Standard,58.0,1,40.45886543064762,17.54113456935238,1.0517627809132313,1.0517627809132313
66157,121,31,Standard,57.0,1,42.802134389141145,14.197865610858855,0.8513010694302291,0.8513010694302291
66157,120,32,Standard,59.0,1,39.48001550998965,19.51998449001035,1.1704142106330362,1.1704142106330362
66157,31,33,Standard,54.0,0,39.957103214282135,14.042896785717865,0.8420091709021875,0.8420091709021875
66157,5,34,Standard,27.0,1,39.005537290192215,-12.005537290192215,-0.7198495192410038,0.7198495192410038
66157,49,35,Standard,16.0,0,44.015408224574145,-28.015408224574145,-1.6797980510439345,1.6797980510439345
66157,7,36,Standard,22.0,1,47.11984956773044,-25.11984956773044,-1.5061809561417459,1.5061809561417459
66157,114,37,Standard,26.0,1,39.97803812853299,-13.978038128532987,-0.8381202593054285,0.8381202593054285
66157,115,38,Standard,21.0,1,46.92137340213055,-25.92137340213055,-1.5542401585669865,1.5542401585669865
66157,81,39,Standard,18.0,0,40.25770897621509,-22.257708976215092,-1.3345676014870038,1.3345676014870038
66157,58,40,Standard,25.0,1,42.357364929829544,-17.357364929829544,-1.0407439915442893,1.0407439915442893
66157,27,41,Standard,21.0,0,42.87591865258479,-21.875918652584787,-1.3116755330794814,1.3116755330794814
66157,63,42,Standard,23.0,1,38.35275383080174,-15.352753830801738,-0.9205479269267396,0.9205479269267396
66157,100,43,Standard,32.0,1,39.3147550937552,-7.314755093755203,-0.4385911942405922,0.4385911942405922
66157,29,44,Standard,29.0,1,43.61199734931407,-14.611997349314073,-0.8761323223449129,0.8761323223449129
66157,60,45,Standard,22.0,1,42.06214686781205,-20.062146867812046,-1.2029221540576043,1.2029221540576043
66157,125,46,Standard,26.0,0,36.108709556666064,-10.108709556666064,-0.6061161228042382,0.6061161228042382
66157,99,47,Standard,26.0,1,38.959233097037334,-12.959233097037334,-0.7770329214882703,0.7770329214882703
66157,50,48,Standard,25.0,0,35.512834984588764,-10.512834984588764,-0.6303473994203107,0.6303473994203107
66157,48,49,Standard,20.0,1,47.66053636954226,-27.660536369542257,-1.6585200084155918,1.6585200084155918
66157,26,50,Standard,24.0,1,48.51152098668746,-24.511520986687458,-1.4697057009307946,1.4697057009307946
66157,68,51,Standard,29.0,1,37.41840016205856,-8.41840016205856,-0.504765523021354,0.504765523021354
66157,105,52,Standard,30.0,0,38.341083877408224,-8.341083877408224,-0.500129654672462,0.500129654672462
66157,124,53,Standard,21.0,1,40.166733885407915,-19.166733885407915,-1.1492333778432873,1.1492333778432873
66157,112,54,Standard,19.0,1,40.23728414527257,-21.237284145272568,-1.2733831408318659,1.2733831408318659
66157,64,55,Standard,25.0,1,40.108433484987366,-15.108433484987366,-0.9058985298007193,0.9058985298007193
66157,110,56,Standard,16.0,1,36.6641178277937,-20.664117827793703,-1.2390162076318532,1.2390162076318532
66157,123,57,Standard,21.0,1,38.91640885176017,-17.916408851760167,-1.0742641488441316,1.0742641488441316
66157,57,58,Standard,21.0,1,42.758798468813886,-21.758798468813886,-1.3046530312169637,1.3046530312169637
66157,72,59,Standard,26.0,1,39.136133008942856,-13.136133008942856,-0.787639803417911,0.787639803417911
66157,32,60,Standard,22.0,1,40.52768413396966,-18.527684133969657,-1.1109160876442288,1.1109160876442288
66157,82,61,Standard,24.0,1,37.358211314402524,-13.358211314402524,-0.8009555724297316,0.8009555724297316
66157,18,62,Standard,1.0,1,41.816133503237296,-40.816133503237296,-2.4473268767058722,2.4473268767058722
66157,35,63,Standard,59.0,1,44.98651763526615,14.013482364733846,0.8402454883370268,0.8402454883370268
66157,76,64,Standard,14.0,1,36.66877951806219,-22.668779518062188,-1.359215305689673,1.359215305689673
66201,9,1,Neutral,72.0,0,73.06268862309672,-1.0626886230967187,-0.06371858884349936,0.06371858884349936
66201,38,2,Neutral,72.0,1,66.65942000878579,5.340579991214213,0.3202200656429034,0.3202200656429034
66201,40,3,Neutral,70.0,0,74.72481828644126,-4.724818286441263,-0.2832991218789003,0.2832991218789003
66201,126,4,Neutral,89.0,0,69.53180415564378,19.468195844356217,1.167308974209613,1.167308974209613
66201,54,5,Neutral,74.0,1,70.71123929169109,3.2887607083089136,0.1971934081375021,0.1971934081375021
66201,65,6,Neutral,8.0,1,66.83952344972603,-58.83952344972603,-3.5280055897420746,3.5280055897420746
66201,41,7,Neutral,50.0,1,75.970075616842,-25.970075616841996,-1.5571603332329425,1.5571603332329425
66201,55,8,Neutral,76.0,0,74.68564670246265,1.3143532975373518,0.07880835038661918,0.07880835038661918
66201,74,9,Neutral,6.0,1,66.60315762804419,-60.60315762804419,-3.633752728307582,3.633752728307582
66201,70,10,Neutral,66.0,0,66.42756693661792,-0.42756693661792156,-0.02563682460252737,0.02563682460252737
66201,89,11,Neutral,69.0,0,64.44016812711764,4.559831872882356,0.27340657083258424,0.27340657083258424
66201,77,12,Neutral,63.0,0,67.53891538956155,-4.538915389561552,-0.27215242284247365,0.27215242284247365
66201,11,13,Neutral,76.0,1,76.12985065208254,-0.12985065208253843,-0.007785818095047505,0.007785818095047505
66201,33,14,Neutral,64.0,0,67.39728598651256,-3.397285986512557,-0.20370056124960895,0.20370056124960895
66201,59,15,Neutral,77.0,1,66.8123541719449,10.187645828055096,0.6108491252210891,0.6108491252210891
66201,96,16,Neutral,69.0,1,61.80199265293527,7.198007347064731,0.4315910236279647,0.4315910236279647
66201,128,17,Neutral,76.0,0,67.72964977175663,8.270350228243373,0.49588847977835077,0.49588847977835077
66201,103,18,Neutral,17.0,1,67.7656605283894,-50.765660528389404,-3.043898448024231,3.043898448024231
66201,39,19,Neutral,6.0,1,71.41990889203444,-65.41990889203444,-3.9225641324018814,3.9225641324018814
66201,34,20,Neutral,73.0,1,73.3118515505118,-0.311851550511804,-0.018698554115847452,0.018698554115847452
66201,44,21,Neutral,73.0,1,68.33364176358066,4.666358236419342,0.2797938694369738,0.2797938694369738
66201,56,22,Neutral,77.0,1,75.94611981369682,1.053880186303175,0.06319043680516642,0.06319043680516642
66201,71,23,Neutral,73.0,0,66.48332976211599,6.516670237884014,0.39073819225277334,0.39073819225277334
66201,52,24,Neutral,85.0,1,72.22428701770933,12.77571298229067,0.7660290935730164,0.7660290935730164
66201,98,25,Neutral,76.0,0,64.20982514921818,11.790174850781824,0.7069364321608621,0.7069364321608621
66201,108,26,Neutral,67.0,1,66.42677928241386,0.573220717586139,0.034370195019131786,0.034370195019131786
66201,119,27,Neutral,66.0,1,64.95790902850096,1.0420909714990358,0.062483557937202595,0.062483557937202595
66201,88,28,Neutral,68.0,1,67.24537820056157,0.754621799438425,0.04524696616271426,0.04524696616271426
66201,25,29,Neutral,94.0,0,70.58818935095356,23.411810649046444,1.4037672977822777,1.4037672977822777
66201,97,30,Neutral,81.0,0,67.7834848393909,13.216515160609106,0.7924595005154975,0.7924595005154975
66201,45,31,Neutral,59.0,1,66.59484443601795,-7.594844436017951,-0.4553852929551146,0.4553852929551146
66201,46,32,Neutral,98.0,0,65.52019638463418,32.479803615365824,1.9474822702573913,1.9474822702573913
66201,87,33,Neutral,67.0,1,66.23288329229018,0.7671167077098175,0.04599615826421815,0.04599615826421815
66201,61,34,Neutral,80.0,0,65.16126432146142,14.838735678538583,0.8897275054125721,0.8897275054125721
66201,118,35,Neutral,76.0,0,69.0552562624436,6.944743737556394,0.41640539027070084,0.41640539027070084
66201,85,36,Neutral,68.0,0,68.45547060330426,-0.4554706033042635,-0.02730992265417674,0.02730992265417674
66201,127,37,Neutral,62.0,0,65.70259430427392,-3.702594304273916,-0.2220067844904744,0.2220067844904744
66201,37,38,Neutral,5.0,0,68.27218240985158,-63.27218240985158,-3.793786899172718,3.793786899172718
66201,92,39,Neutral,82.0,1,70.48442157137792,11.515578428622078,0.6904716877934046,0.6904716877934046
66201,12,40,Neutral,83.0,1,71.32492440303824,11.675075596961761,0.7000351048379229,0.7000351048379229
66201,30,41,Neutral,91.0,1,69.75628303060843,21.24371696939157,1.2737688516282673,1.2737688516282673
66201,84,42,Neutral,76.0,1,69.09369867978398,6.906301320216016,0.4141003909214806,0.4141003909214806
66201,1,43,Neutral,91.0,1,70.76668380580983,20.233316194190166,1.2131854312707577,1.2131854312707577
66201,109,44,Neutral,43.0,0,66.02862333143936,-23.028623331439363,-1.3807914659064275,1.3807914659064275
66201,104,45,Neutral,89.0,0,68.06061503984107,20.939384960158932,1.25552116764375,1.25552116764375
66201,93,46,Neutral,91.0,0,65.99134999080093,25.008650009199073,1.4995134537373336,1.4995134537373336
66201,95,47,Neutral,84.0,0,65.30741284240388,18.692587157596122,1.1208036386475373,1.1208036386475373
66201,62,48,Neutral,74.0,0,62.78418431769122,11.21581568230878,0.6724979758633044,0.6724979758633044
66201,4,49,Neutral,75.0,1,68.87921379451984,6.120786205480158,0.3670010679981251,0.3670010679981251
66201,42,50,Neutral,56.0,0,67.85512904176832,-11.855129041768322,-0.710831071944499,0.710831071944499
66201,14,51,Neutral,92.0,1,69.19190977162737,22.808090228372635,1.3675683469087463,1.3675683469087463
66201,53,52,Neutral,74.0,0,63.525079009715114,10.474920990284886,0.6280740842064678,0.6280740842064678
66201,19,53,Neutral,93.0,0,69.58597960577924,23.414020394220756,1.4038997936433897,1.4038997936433897
66201,122,54,Neutral,67.0,0,64.30525719423977,2.694742805760228,0.1615762182330114,0.1615762182330114
66201,107,55,Neutral,89.0,1,67.0930749259718,21.906925074028194,1.3135346716611136,1.3135346716611136
66201,21,56,Neutral,52.0,1,64.99197496495925,-12.991974964959255,-0.7789961170798497,0.7789961170798497
66201,10,57,Neutral,65.0,1,66.51871949594515,-1.5187194959451489,-0.09106210514303034,0.09106210514303034
66201,117,58,Neutral,54.0,0,67.98924975244834,-13.989249752448345,-0.8387925059438172,0.8387925059438172
66201,24,59,Neutral,86.0,0,67.96545560475617,18.034544395243827,1.0813475314638714,1.0813475314638714
66201,86,60,Neutral,12.0,1,67.01193566444152,-55.01193566444152,-3.2985042221239262,3.2985042221239262
66201,43,61,Neutral,82.0,0,69.28103089268514,12.718969107314862,0.7626267426299581,0.7626267426299581
66201,78,62,Neutral,92.0,1,67.67716921870357,24.32283078129643,1.4583918754556797,1.4583918754556797
66201,94,63,Neutral,61.0,1,73.99841145585415,-12.998411455854153,-0.7793820477353712,0.7793820477353712
66201,47,64,Neutral,66.0,0,70.27954261570157,-4.279542615701573,-0.25660048526115087,0.25660048526115087
66206,50,1,Standard,100.0,0,75.08245044829077,24.91754955170923,1.4940510892515497,1.4940510892515497
66206,23,2,Standard,100.0,0,81.6339605469209,18.366039453079097,1.101223906193758,1.101223906193758
66206,110,3,Standard,100.0,1,76.43953931454105,23.56046068545895,1.4126803230522185,1.4126803230522185
66206,73,4,Standard,100.0,0,77.32320928974627,22.676790710253727,1.359695655107465,1.359695655107465
66206,125,5,Standard,0.0,0,75.54856824072544,-75.54856824072544,-4.529876440587164,4.529876440587164
66206,102,6,Standard,100.0,1,77.98955189811394,22.010448101886055,1.3197418908827585,1.3197418908827585
66206,28,7,Standard,100.0,1,80.88397900166466,19.116020998335344,1.146192643680699,1.146192643680699
66206,57,8,Standard,100.0,1,82.554896964568,17.445103035432,1.046004750110142,1.046004750110142
66206,106,9,Standard,100.0,0,78.59769233766076,21.40230766233924,1.2832779165967914,1.2832779165967914
66206,80,10,Standard,100.0,1,83.19944583443647,16.800554165563526,1.007357733913608,1.007357733913608
66206,49,11,Standard,100.0,1,82.67252057940618,17.327479420593818,1.038952062625524,1.038952062625524
66206,76,12,Standard,100.0,0,76.59051695405016,23.40948304594984,1.4036277351846553,1.4036277351846553
66206,13,13,Standard,100.0,0,78.71426611636262,21.285733883637377,1.2762881770685823,1.2762881770685823
66206,66,14,Standard,97.0,0,78.03281236777853,18.967187632221467,1.1372686259999893,1.1372686259999893
66206,75,15,Standard,100.0,1,75.16952245745154,24.830477542548465,1.488830269689819,1.488830269689819
66206,100,16,Standard,100.0,0,78.14131354808734,21.85868645191266,1.3106422939107998,1.3106422939107998
66206,63,17,Standard,100.0,1,77.05367334490002,22.94632665509998,1.3758569743075857,1.3758569743075857
66206,105,18,Standard,100.0,0,77.28416933809713,22.71583066190287,1.3620364824895754,1.3620364824895754
66206,124,19,Standard,100.0,1,79.2619178329023,20.7380821670977,1.2434510940348513,1.2434510940348513
66206,2,20,Standard,100.0,0,78.64461017138785,21.355389828612147,1.2804647330435763,1.2804647330435763
66206,60,21,Standard,100.0,1,80.7192592226441,19.280740777355902,1.1560692073755452,1.1560692073755452
66206,3,22,Standard,100.0,1,81.77796165779428,18.22203834220572,1.09258962953235,1.09258962953235
66206,58,23,Standard,100.0,1,80.55572868299247,19.444271317007534,1.1658744645251453,1.1658744645251453
66206,111,24,Standard,100.0,0,80.03825754085116,19.961742459148837,1.1969019265943208,1.1969019265943208
66206,64,25,Standard,100.0,0,78.93332724116337,21.06667275883663,1.2631533175816159,1.2631533175816159
66206,101,26,Standard,65.0,0,82.64447878813131,-17.64447878813131,-1.0579592787796885,1.0579592787796885
66206,16,27,Standard,100.0,0,78.97047614134227,21.029523858657726,1.2609258772523968,1.2609258772523968
66206,6,28,Standard,100.0,1,80.71296135216565,19.28703864783435,1.1564468263797238,1.1564468263797238
66206,51,29,Standard,100.0,0,78.19949494296502,21.800505057034982,1.307153749573373,1.307153749573373
66206,29,30,Standard,0.0,0,81.86906273318515,-81.86906273318515,-4.908851975941125,4.908851975941125
66206,116,31,Standard,63.0,1,82.32176373308548,-19.321763733085476,-1.1585289352699313,1.1585289352699313
66206,114,32,Standard,64.0,1,77.80281445730658,-13.802814457306582,-0.8276138844183157,0.8276138844183157
66206,27,33,Standard,82.0,0,80.83211645915709,1.167883540842908,0.07002605423516106,0.07002605423516106
66206,7,34,Standard,82.0,1,84.71814286445192,-2.71814286445192,-0.16297928088587466,0.16297928088587466
66206,22,35,Standard,68.0,1,86.22825021373579,-18.22825021373579,-1.0929620920574683,1.0929620920574683
66206,115,36,Standard,79.0,1,84.51966669885205,-5.519666698852049,-0.33095806738988615,0.33095806738988615
66206,35,37,Standard,80.0,1,83.76926893033203,-3.769268930332032,-0.2260045812032228,0.2260045812032228
66206,17,38,Standard,63.0,1,84.8052530275215,-21.805253027521502,-1.3074384368963536,1.3074384368963536
66206,18,39,Standard,81.0,0,80.4294386988031,0.5705613011969035,0.03421073696548709,0.03421073696548709
66206,81,40,Standard,66.0,0,77.72458079513788,-11.724580795137882,-0.7030034262254315,0.7030034262254315
66206,90,41,Standard,85.0,1,79.98176583151508,5.018234168484923,0.3008922771472908,0.3008922771472908
66206,31,42,Standard,69.0,0,77.07351775907506,-8.07351775907506,-0.48408644586042004,0.48408644586042004
66206,91,43,Standard,72.0,0,76.11378875413263,-4.113788754132628,-0.246661918191752,0.246661918191752
66206,123,44,Standard,70.0,1,76.93954396785817,-6.939543967858171,-0.41609361316094273,0.41609361316094273
66206,120,45,Standard,68.0,0,76.42120141771763,-8.421201417717626,-0.5049334857281208,0.5049334857281208
66206,15,46,Standard,79.0,1,81.80841231609811,-2.8084123160981136,-0.16839181843408974,0.16839181843408974
66206,99,47,Standard,63.0,1,76.56497362947977,-13.564973629479766,-0.8133529978433448,0.8133529978433448
66206,36,48,Standard,71.0,0,75.11877828879129,-4.11877828879129,-0.2469610896522587,0.2469610896522587
66206,113,49,Standard,66.0,1,82.83826137015025,-16.83826137015025,-1.0096186500590145,1.0096186500590145
66206,48,50,Standard,56.0,1,85.12740818846505,-29.127408188465054,-1.7464733376266368,1.7464733376266368
66206,8,51,Standard,80.0,0,82.63702370780014,-2.6370237078001395,-0.15811539312262363,0.15811539312262363
66206,112,52,Standard,61.0,0,77.83557744199406,-16.83557744199406,-1.0094577222849208,1.0094577222849208
66206,5,53,Standard,65.0,1,75.81696641827757,-10.816966418277573,-0.6485830569369316,0.6485830569369316
66206,26,54,Standard,58.0,1,85.84697132781153,-27.84697132781153,-1.6696986097422888,1.6696986097422888
66206,83,55,Standard,69.0,1,78.80156106400649,-9.801561064006492,-0.5876995630591598,0.5876995630591598
66206,67,56,Standard,65.0,1,79.22551882087689,-14.225518820876886,-0.8529591501521316,0.8529591501521316
66206,79,57,Standard,58.0,1,77.79774111054627,-19.79774111054627,-1.187068439837932,1.187068439837932
66206,121,58,Standard,62.0,1,79.22508162139525,-17.225081621395248,-1.032812311880287,1.032812311880287
66206,32,59,Standard,61.0,0,78.21525644737967,-17.215256447379673,-1.0322231964895625,1.0322231964895625
66206,20,60,Standard,67.0,1,76.12407393095667,-9.12407393095667,-0.5470775754521335,0.5470775754521335
66206,68,61,Standard,67.0,0,74.62409372354001,-7.624093723540014,-0.45713907415223765,0.45713907415223765
66206,82,62,Standard,64.0,1,74.76804620077324,-10.768046200773242,-0.6456498108688504,0.6456498108688504
66206,69,63,Standard,61.0,1,76.31371637820126,-15.313716378201264,-0.9182072493870678,0.9182072493870678
66206,72,64,Standard,58.0,1,76.37073925824866,-18.370739258248662,-1.1015057055343507,1.1015057055343507
66275,87,1,Neutral,100.0,1,77.97793607073092,22.02206392926908,1.32043837347701,1.32043837347701
66275,12,2,Neutral,78.0,1,82.91454929836134,-4.914549298361337,-0.2946753538970499,0.2946753538970499
66275,118,3,Neutral,77.0,0,80.36302589131861,-3.363025891318614,-0.2016463330665306,0.2016463330665306
66275,41,4,Neutral,100.0,1,86.0264499378469,13.973550062153095,0.8378511557786312,0.8378511557786312
66275,96,5,Neutral,26.0,0,72.62709508678509,-46.62709508678509,-2.795750924804252,2.795750924804252
66275,52,6,Neutral,68.0,0,82.93776872770776,-14.937768727707763,-0.8956655064457821,0.8956655064457821
66275,34,7,Neutral,88.0,1,83.80629746417907,4.1937025358209326,0.2514535319228635,0.2514535319228635
66275,54,8,Neutral,100.0,1,80.92304149581364,19.076958504186365,1.1438504646549865,1.1438504646549865
66275,47,9,Neutral,100.0,0,82.59487690769997,17.40512309230003,1.0436075610342028,1.0436075610342028
66275,89,10,Neutral,32.0,1,74.82719896830511,-42.82719896830511,-2.5679099437689272,2.5679099437689272
66275,88,11,Neutral,93.0,0,78.3333235900088,14.666676409991197,0.8794108674520221,0.8794108674520221
66275,45,12,Neutral,24.0,0,77.77040414399764,-53.77040414399764,-3.2240622503477696,3.2240622503477696
66275,9,13,Neutral,100.0,0,82.44294324425744,17.557056755742565,1.052717471897999,1.052717471897999
66275,78,14,Neutral,100.0,1,79.68585339583834,20.314146604161664,1.2180320058431071,1.2180320058431071
66275,86,15,Neutral,100.0,0,78.90821067462825,21.09178932537175,1.264659301687805,1.264659301687805
66275,40,16,Neutral,100.0,1,84.08027805918644,15.91972194081356,0.9545432168960114,0.9545432168960114
66275,61,17,Neutral,100.0,1,75.81192656134294,24.188073438657057,1.4503118532152428,1.4503118532152428
66275,38,18,Neutral,37.0,0,76.30172914244729,-39.301729142447286,-2.3565235061693657,2.3565235061693657
66275,4,19,Neutral,100.0,0,80.09936910486239,19.90063089513761,1.1932376899250061,1.1932376899250061
66275,14,20,Neutral,100.0,1,80.45587224123612,19.544127758763878,1.1718618360066486,1.1718618360066486
66275,94,21,Neutral,89.0,1,85.7632649882422,3.2367350117578013,0.1940739581915933,0.1940739581915933
66275,107,22,Neutral,100.0,1,78.44465171411305,21.55534828588695,1.2924542005582897,1.2924542005582897
66275,84,23,Neutral,71.0,1,79.83197523819794,-8.831975238197941,-0.529563398579344,0.529563398579344
66275,59,24,Neutral,84.0,1,76.32403027090433,7.675969729095669,0.46024954865718876,0.46024954865718876
66275,95,25,Neutral,77.0,0,76.19612318946723,0.8038768105327705,0.0482002863848288,0.0482002863848288
66275,46,26,Neutral,91.0,0,75.68897987258708,15.311020127412917,0.9180455827505125,0.9180455827505125
66275,44,27,Neutral,92.0,1,78.41402248990451,13.58597751009549,0.8146123861570835,0.8146123861570835
66275,71,28,Neutral,71.0,0,76.17023449814033,-5.170234498140331,-0.310006185303347,0.310006185303347
66275,109,29,Neutral,81.0,0,76.61068356363909,4.3893164363609145,0.26318250071925375,0.26318250071925375
66275,98,30,Neutral,69.0,1,73.89672988524254,-4.896729885242536,-0.2936069055921827,0.2936069055921827
66275,74,31,Neutral,71.0,0,75.9826238061083,-4.982623806108293,-0.2987570872247409,0.2987570872247409
66275,42,32,Neutral,36.0,1,78.56861075176673,-42.56861075176673,-2.55240504808145,2.55240504808145
66275,117,33,Neutral,85.0,0,78.99036926645974,6.009630733540263,0.3603362090165693,0.3603362090165693
66275,77,34,Neutral,87.0,1,76.48109841805993,10.51890158194007,0.6307111513358817,0.6307111513358817
66275,103,35,Neutral,71.0,0,76.92687935321896,-5.926879353218965,-0.35537445346153224,0.35537445346153224
66275,93,36,Neutral,77.0,0,76.77264526538451,0.2273547346154885,0.013632142606714196,0.013632142606714196
66275,62,37,Neutral,41.0,1,73.17200360197532,-32.17200360197532,-1.9290266454647769,1.9290266454647769
66275,25,38,Neutral,91.0,0,80.09986544991298,10.900134550087017,0.6535698008245301,0.6535698008245301
66275,65,39,Neutral,61.0,0,75.29982772629583,-14.299827726295831,-0.857414696667726,0.857414696667726
66275,85,40,Neutral,67.0,0,78.20519480944554,-11.205194809445544,-0.671861150535148,0.671861150535148
66275,126,41,Neutral,70.0,1,77.81687979514865,-7.816879795148651,-0.46869848691398147,0.46869848691398147
66275,19,42,Neutral,73.0,0,79.97379889006335,-6.97379889006335,-0.41814753117269055,0.41814753117269055
66275,53,43,Neutral,40.0,0,74.26256712503248,-34.262567125032476,-2.0543763995524076,2.0543763995524076
66275,10,44,Neutral,86.0,1,77.43143624832743,8.56856375167257,0.5137693006264976,0.5137693006264976
66275,122,45,Neutral,100.0,1,74.60546215999143,25.394537840008567,1.5226512078232002,1.5226512078232002
66275,92,46,Neutral,100.0,1,80.08371198886982,19.916288011130177,1.194176487343857,1.194176487343857
66275,55,47,Neutral,95.0,1,82.90212033428574,12.09787966571426,0.7253863488737283,0.7253863488737283
66275,24,48,Neutral,100.0,0,78.35327488904028,21.64672511095972,1.2979331359868724,1.2979331359868724
66275,21,49,Neutral,55.0,1,75.20456561217843,-20.204565612178428,-1.2114615523523227,1.2114615523523227
66275,128,50,Neutral,71.0,0,76.62723719789217,-5.627237197892171,-0.33740797214190466,0.33740797214190466
66275,33,51,Neutral,79.0,0,75.68236162601744,3.317638373982561,0.1989249069658769,0.1989249069658769
66275,70,52,Neutral,42.0,0,74.49360677979163,-32.493606779791634,-1.9483099051258483,1.9483099051258483
66275,1,53,Neutral,69.0,1,80.23455274550302,-11.234552745503024,-0.6736214462758602,0.6736214462758602
66275,104,54,Neutral,79.0,0,78.00957428836621,0.9904257116337902,0.0593857197000217,0.0593857197000217
66275,11,55,Neutral,100.0,1,84.21490280610693,15.785097193893066,0.9464711450673038,0.9464711450673038
66275,97,56,Neutral,60.0,0,76.55043923082434,-16.550439230824338,-0.992360894440702,0.992360894440702
66275,127,57,Neutral,41.0,1,75.16967480087048,-34.16967480087048,-2.048806595113599,2.048806595113599
66275,39,58,Neutral,74.0,1,79.63638252385752,-5.63638252385752,-0.33795632398491937,0.33795632398491937
66275,37,59,Neutral,100.0,1,77.25817259761618,22.74182740238382,1.363595241642515,1.363595241642515
66275,108,60,Neutral,57.0,1,75.28055954928317,-18.28055954928317,-1.0960985489386075,1.0960985489386075
66275,119,61,Neutral,100.0,1,73.37440614580456,26.625593854195444,1.596465070422679,1.596465070422679
66275,30,62,Neutral,100.0,1,78.74227321837303,21.25772678162697,1.2746088770564126,1.2746088770564126
66275,56,63,Neutral,100.0,1,84.07497912698744,15.925020873012556,0.954860939768694,0.954860939768694
66275,43,64,Neutral,96.0,0,79.07456225809264,16.92543774190736,1.0148457271803188,1.0148457271803188
66305,62,1,Neutral,100.0,0,91.2541957558594,8.7458042441406,0.5243966036958388,0.5243966036958388
66305,71,2,Neutral,100.0,1,93.6812688834073,6.318731116592701,0.37886980370368767,0.37886980370368767
66305,24,3,Neutral,100.0,0,96.82973147632046,3.170268523679539,0.1900886413888324,0.1900886413888324
66305,89,4,Neutral,100.0,0,91.57616403335149,8.423835966648511,0.5050914527341342,0.5050914527341342
66305,104,5,Neutral,100.0,0,96.64224720186066,3.3577527981393445,0.20133015949609728,0.20133015949609728
66305,47,6,Neutral,100.0,0,99.23143280579833,0.7685671942016654,0.04608312913262528,0.04608312913262528
66305,42,7,Neutral,100.0,1,96.13089953202088,3.8691004679791234,0.2319904594395144,0.2319904594395144
66305,54,8,Neutral,50.0,1,97.40916360526262,-47.40916360526262,-2.842643590532714,2.842643590532714
66305,40,9,Neutral,100.0,1,100.85403797264834,-0.8540379726483422,-0.051207939233732354,0.051207939233732354
66305,9,10,Neutral,100.0,0,99.07949914235579,0.920500857644214,0.05519303999642236,0.05519303999642236
66305,86,11,Neutral,100.0,1,95.55054911029148,4.449450889708515,0.26678815003637796,0.26678815003637796
66305,65,12,Neutral,100.0,1,92.85466927082902,7.145330729170979,0.4284325445737172,0.4284325445737172
66305,44,13,Neutral,100.0,0,95.51344482908075,4.486555170919246,0.26901291502154423,0.26901291502154423
66305,128,14,Neutral,100.0,0,94.69041704092555,5.309582959074447,0.3183614900419649,0.3183614900419649
66305,25,15,Neutral,100.0,0,97.61256453333601,2.3874354666639874,0.14315013408862415,0.14315013408862415
66305,56,16,Neutral,100.0,1,102.60102541109873,-2.601025411098732,-0.15595694273863517,0.15595694273863517
66305,1,17,Neutral,100.0,1,98.18365872343232,1.8163412765676838,0.10890744521554892,0.10890744521554892
66305,98,18,Neutral,50.0,1,90.92755021673699,-40.92755021673699,-2.4540073996770255,2.4540073996770255
66305,77,19,Neutral,100.0,1,93.5102540513983,6.489745948601694,0.3891238174665972,0.3891238174665972
66305,126,20,Neutral,100.0,1,95.10887838408442,4.89112161591558,0.2932706349296376,0.2932706349296376
66305,59,21,Neutral,100.0,0,92.9605861690027,7.0394138309973044,0.422081789385767,0.422081789385767
66305,19,22,Neutral,100.0,0,97.35507649568768,2.6449235043123167,0.15858906327864722,0.15858906327864722
66305,55,23,Neutral,100.0,1,100.42060195527364,-0.4206019552736393,-0.025219205769566013,0.025219205769566013
66305,109,24,Neutral,100.0,1,93.29682915856854,6.703170841431458,0.40192072965669784,0.40192072965669784
66305,122,25,Neutral,100.0,0,91.98673976561574,8.013260234384262,0.4804734172111517,0.4804734172111517
66305,118,26,Neutral,100.0,0,95.8605956484949,4.139404351505107,0.24819782408317043,0.24819782408317043
66305,33,27,Neutral,100.0,1,93.10578169275192,6.894218307248082,0.41337589597671404,0.41337589597671404
66305,87,28,Neutral,100.0,0,93.28126487999158,6.718735120008418,0.4028539605634154,0.4028539605634154
66305,43,29,Neutral,100.0,1,97.07492263100912,2.925077368990884,0.17538703074380405,0.17538703074380405
66305,103,30,Neutral,100.0,0,93.65104956984977,6.348950430150225,0.38068174746016975,0.38068174746016975
66305,93,31,Neutral,100.0,0,93.47780317116467,6.522196828835334,0.39106956549690125,0.39106956549690125
66305,11,32,Neutral,100.0,1,101.6895772678286,-1.6895772678285965,-0.10130670161347449,0.10130670161347449
66305,21,33,Neutral,100.0,0,92.41061458073781,7.589385419262186,0.4550579714456994,0.4550579714456994
66305,74,34,Neutral,100.0,0,92.33732443775857,7.662675562241432,0.4594524331772718,0.4594524331772718
66305,127,35,Neutral,100.0,0,92.61955441417662,7.380445585823381,0.44252998248396497,0.44252998248396497
66305,85,36,Neutral,100.0,1,94.84753324510876,5.152466754891236,0.30894083511312204,0.30894083511312204
66305,12,37,Neutral,100.0,1,97.84840852264144,2.151591477358565,0.12900897753613214,0.12900897753613214
66305,108,38,Neutral,100.0,0,92.73043916258928,7.269560837410722,0.43588135602880246,0.43588135602880246
66305,97,39,Neutral,100.0,1,93.66720918269519,6.3327908173048115,0.3797128204345218,0.3797128204345218
66305,30,40,Neutral,100.0,1,96.07807896657505,3.921921033424951,0.23515756955904893,0.23515756955904893
66305,92,41,Neutral,100.0,1,96.67479602954586,3.3252039704541403,0.1993785385569667,0.1993785385569667
66305,53,42,Neutral,100.0,0,90.7924963937477,9.207503606252303,0.552080001432773,0.552080001432773
66305,4,43,Neutral,100.0,1,95.42004552681765,4.5799544731823545,0.27461311776186387,0.27461311776186387
66305,88,44,Neutral,100.0,0,93.37380944367206,6.626190556327941,0.3973050077707584,0.3973050077707584
66305,39,45,Neutral,100.0,1,96.67298539291687,3.327014607083129,0.19948710395269972,0.19948710395269972
66305,37,46,Neutral,100.0,1,94.1997139124221,5.800286087577902,0.34778394758010756,0.34778394758010756
66305,119,47,Neutral,100.0,0,90.49284079583147,9.50715920416853,0.5700472887672676,0.5700472887672676
66305,84,48,Neutral,100.0,1,95.10884450088697,4.891155499113026,0.2932726665591101,0.2932726665591101
66305,52,49,Neutral,100.0,1,97.52117067785798,2.478829322142019,0.1486300906567645,0.1486300906567645
66305,107,50,Neutral,100.0,1,93.59009949900337,6.409900500996628,0.38433630103290584,0.38433630103290584
66305,34,51,Neutral,100.0,1,98.34589225506306,1.6541077449369368,0.09917995639715438,0.09917995639715438
66305,61,52,Neutral,100.0,0,90.7838104073244,9.216189592675605,0.5526008113723712,0.5526008113723712
66305,95,53,Neutral,100.0,0,91.43663252861097,8.563367471389029,0.5134577327413181,0.5134577327413181
66305,38,54,Neutral,100.0,0,91.21079351831185,8.789206481688154,0.5269989928332341,0.5269989928332341
66305,14,55,Neutral,100.0,1,95.29466991126283,4.7053300887371705,0.2821306135973405,0.2821306135973405
66305,70,56,Neutral,100.0,1,90.69042638707157,9.309573612928432,0.5582000978065323,0.5582000978065323
66305,96,57,Neutral,50.0,1,86.8352449143899,-36.835244914389904,-2.2086336247866227,2.2086336247866227
66305,94,58,Neutral,100.0,1,100.60950989398981,-0.6095098939898094,-0.036546086489576406,0.036546086489576406
66305,45,59,Neutral,100.0,0,92.19758976793362,7.802410232066379,0.46783089492066765,0.46783089492066765
66305,46,60,Neutral,50.0,0,90.57158470188001,-40.57158470188001,-2.4326637814330088,2.4326637814330088
66305,78,61,Neutral,49.0,1,94.13205133062499,-45.13205133062499,-2.7061084120951118,2.7061084120951118
66305,117,62,Neutral,100.0,0,94.2250960680386,5.774903931961404,0.346262038807831,0.346262038807831
66305,10,63,Neutral,49.0,0,93.08522233171797,-44.08522233171797,-2.6433407630198493,2.6433407630198493
66305,41,64,Neutral,100.0,1,99.86513018047116,0.13486981952884491,0.00808676633133889,0.00808676633133889
66312,94,1,Neutral,82.0,1,73.37188283324535,8.628117166754649,0.5173401110100542,0.5173401110100542
66312,108,2,Neutral,73.0,1,63.37508617366079,9.62491382633921,0.5771078314242979,0.5771078314242979
66312,103,3,Neutral,40.0,1,65.09920773111827,-25.09920773111827,-1.5049432759111692,1.5049432759111692
66312,85,4,Neutral,70.0,1,66.51472720270843,3.4852727972915716,0.20897623212612734,0.20897623212612734
66312,86,5,Neutral,67.0,1,66.07875692696905,0.9212430730309507,0.055237543076659526,0.055237543076659526
66312,24,6,Neutral,50.0,0,66.96367485960192,-16.963674859601923,-1.0171384168054705,1.0171384168054705
66312,61,7,Neutral,50.0,1,63.02049743538511,-13.02049743538511,-0.7807063184750335,0.7807063184750335
66312,117,8,Neutral,50.0,0,66.85604752949541,-16.856047529495413,-1.0106851044745297,1.0106851044745297
66312,89,9,Neutral,34.0,1,60.424717514507414,-26.424717514507414,-1.584420566869352,1.584420566869352
66312,98,10,Neutral,93.0,1,61.543372351947035,31.456627648052965,1.886132852037616,1.886132852037616
66312,107,11,Neutral,85.0,1,65.84912823422694,19.15087176577306,1.1482822884486776,1.1482822884486776
66312,122,12,Neutral,82.0,1,62.82159769715697,19.178402302843033,1.1499330137261257,1.1499330137261257
66312,41,13,Neutral,82.0,1,72.36466016412928,9.635339835870724,0.577732972787608,0.577732972787608
66312,52,14,Neutral,50.0,1,69.31978611325636,-19.319786113256356,-1.1584103575962443,1.1584103575962443
66312,93,15,Neutral,64.0,1,63.246306996911485,0.7536930030885145,0.04519127572672669,0.04519127572672669
66312,11,16,Neutral,86.0,1,72.65585667716853,13.34414332283147,0.8001120585807194,0.8001120585807194
66312,21,17,Neutral,74.0,1,63.376893990077726,10.623106009922274,0.6369592271672777,0.6369592271672777
66312,127,18,Neutral,23.0,1,62.43186539918967,-39.43186539918967,-2.364326449060423,2.364326449060423
66312,53,19,Neutral,32.0,1,60.86765033435816,-28.86765033435816,-1.7308983107137905,1.7308983107137905
66312,46,20,Neutral,26.0,0,62.87442059636979,-36.87442059636979,-2.2109825905311378,2.2109825905311378
66312,14,21,Neutral,24.0,1,67.33466285015521,-43.33466285015521,-2.598337372592158,2.598337372592158
66312,37,22,Neutral,57.0,1,65.80163525865214,-8.80163525865214,-0.5277442197152986,0.5277442197152986
66312,4,23,Neutral,26.0,1,66.84673823598276,-40.846738235982755,-2.449161930116711,2.449161930116711
66312,42,24,Neutral,76.0,1,65.65154268557507,10.348457314424934,0.6204913485013689,0.6204913485013689
66312,25,25,Neutral,75.0,1,67.43985780175385,7.5601421982461545,0.4533045539950164,0.4533045539950164
66312,62,26,Neutral,77.0,1,60.42438163528372,16.575618364716277,0.9938706300725945,0.9938706300725945
66312,56,27,Neutral,76.0,1,72.38451152025034,3.615488479749658,0.21678393736658075,0.21678393736658075
66312,88,28,Neutral,81.0,1,63.14231326941889,17.857686730581108,1.0707431826701235,1.0707431826701235
66312,126,29,Neutral,67.0,0,65.26516347452875,1.734836525471252,0.10402043728958504,0.10402043728958504
66312,39,30,Neutral,60.0,1,67.59545764299054,-7.595457642990539,-0.45542206071766805,0.45542206071766805
66312,19,31,Neutral,62.0,1,67.22617692337175,-5.226176923371753,-0.31336048148640183,0.31336048148640183
66312,40,32,Neutral,43.0,1,70.11183817060515,-27.111838170605154,-1.6256201785149382,1.6256201785149382
66312,128,33,Neutral,58.0,0,62.92567029235421,-4.925670292354212,-0.29534216638413396,0.29534216638413396
66312,97,34,Neutral,72.0,1,64.43679450286679,7.563205497133211,0.4534882287592388,0.4534882287592388
66312,47,35,Neutral,100.0,0,68.22639004815773,31.773609951842275,1.9051390450529881,1.9051390450529881
66312,10,36,Neutral,79.0,1,63.33560490939338,15.664395090606618,0.9392338720555321,0.9392338720555321
66312,65,37,Neutral,61.0,1,62.31003981301362,-1.310039813013617,-0.07854971475161095,0.07854971475161095
66312,96,38,Neutral,50.0,0,56.73517021793543,-6.735170217935433,-0.40383940561726617,0.40383940561726617
66312,77,39,Neutral,62.0,1,63.18466038991407,-1.1846603899140717,-0.07103199061654418,0.07103199061654418
66312,95,40,Neutral,60.0,1,62.27149046015219,-2.2714904601521866,-0.13619809561017146,0.13619809561017146
66312,45,41,Neutral,58.0,1,62.05370791221293,-4.0537079122129285,-0.24305948340469566,0.24305948340469566
66312,12,42,Neutral,76.0,1,67.89473758739044,8.105262412609562,0.4859898486847112,0.4859898486847112
66312,92,43,Neutral,75.0,1,67.13773123485382,7.862268765146183,0.4714200001159154,0.4714200001159154
66312,109,44,Neutral,72.0,1,62.68605083432405,9.31394916567595,0.558462455039331,0.558462455039331
66312,54,45,Neutral,64.0,1,64.85588798989906,-0.8558879898990597,-0.051318865883354645,0.051318865883354645
66312,87,46,Neutral,64.0,1,61.560325290686464,2.439674709313536,0.14628238821418604,0.14628238821418604
66312,30,47,Neutral,70.0,1,66.32197837555185,3.6780216244481494,0.22053341171827107,0.22053341171827107
66312,9,48,Neutral,80.0,0,67.68019195131907,12.319808048680926,0.7386931285640466,0.7386931285640466
66312,44,49,Neutral,72.0,1,63.00397637298342,8.996023627016577,0.5393997058573056,0.5393997058573056
66312,104,50,Neutral,79.0,1,63.73851431236723,15.26148568763277,0.9150755080425075,0.9150755080425075
66312,71,51,Neutral,64.0,1,62.08526760320226,1.9147323967977385,0.1148069563230651,0.1148069563230651
66312,118,52,Neutral,50.0,1,64.98697436865298,-14.98697436865298,-0.898615866444022,0.898615866444022
66312,119,53,Neutral,70.0,1,60.49536270131425,9.50463729868575,0.5698960758389772,0.5698960758389772
66312,55,54,Neutral,80.0,1,69.32794487910057,10.67205512089943,0.6398942056819807,0.6398942056819807
66312,74,55,Neutral,76.0,1,60.484963370654754,15.515036629345246,0.9302783697789777,0.9302783697789777
66312,33,56,Neutral,50.0,0,62.38592359787156,-12.38592359787156,-0.7426574031440868,0.7426574031440868
66312,34,57,Neutral,73.0,0,68.34841416054583,4.651585839454171,0.27890811958701894,0.27890811958701894
66312,1,58,Neutral,77.0,0,66.93811471735715,10.061885282642848,0.6033085490714111,0.6033085490714111
66312,70,59,Neutral,76.0,1,61.1095544331133,14.890445566886697,0.8928280195643047,0.8928280195643047
66312,84,60,Neutral,74.0,1,65.1337081135326,8.866291886467394,0.5316210176730691,0.5316210176730691
66312,59,61,Neutral,30.0,1,61.47366465943351,-31.47366465943351,-1.887154387696966,1.887154387696966
66312,78,62,Neutral,77.0,1,64.35360903243892,12.646390967561075,0.7582749724637156,0.7582749724637156
66312,43,63,Neutral,78.0,1,65.85084407703734,12.149155922962663,0.7284608625949006,0.7284608625949006
66312,38,64,Neutral,78.0,1,59.840311203136594,18.159688796863406,1.0888511637598746,1.0888511637598746
66314,22,1,Standard,57.0,1,62.6931185195599,-5.693118519559903,-0.34135820248838167,0.34135820248838167
66314,18,2,Standard,58.0,0,57.006716171575256,0.9932838284247438,0.05955709178843155,0.05955709178843155
66314,69,3,Standard,55.0,0,54.67806325897483,0.3219367410251692,0.01930326004170641,0.01930326004170641
66314,2,4,Standard,47.0,0,55.081442044447144,-8.081442044447144,-0.484561584363391,0.484561584363391
66314,91,5,Standard,52.0,0,53.51437813104904,-1.5143781310490425,-0.09080179780669272,0.09080179780669272
66314,73,6,Standard,47.0,0,52.03990906432984,-5.039909064329841,-0.3021918993946274,0.3021918993946274
66314,90,7,Standard,53.0,1,56.27552333968303,-3.2755233396830334,-0.19639969826754566,0.19639969826754566
66314,28,8,Standard,54.0,0,56.57608916719795,-2.5760891671979493,-0.15446177074010087,0.15446177074010087
66314,68,9,Standard,48.0,1,51.7063800985002,-3.7063800985001976,-0.22223377992498616,0.22223377992498616
66314,26,10,Standard,53.0,1,62.74991122629799,-9.74991122629799,-0.58460264953129,0.58460264953129
66314,57,11,Standard,51.0,1,57.37988806669081,-6.37988806669081,-0.38253676171333334,0.38253676171333334
66314,99,12,Standard,51.0,1,53.05463678371946,-2.0546367837194595,-0.1231955942682891,0.1231955942682891
66314,48,13,Standard,50.0,1,61.72369797208786,-11.723697972087862,-0.7029504923389448,0.7029504923389448
66314,67,14,Standard,51.0,1,56.80133683485823,-5.801336834858233,-0.34784695016852213,0.34784695016852213
66314,13,15,Standard,52.0,1,53.60207668860231,-1.6020766886023097,-0.09606018507974062,0.09606018507974062
66314,27,16,Standard,54.0,0,56.533250746604566,-2.5332507466045655,-0.15189318795002588,0.15189318795002588
66314,101,17,Standard,52.0,1,58.01416811229957,-6.014168112299572,-0.3606082693033814,0.3606082693033814
66314,105,18,Standard,51.0,1,53.020086662896674,-2.0200866628966736,-0.12112397620881925,0.12112397620881925
66314,115,19,Standard,52.0,1,60.23981329715019,-8.239813297150192,-0.4940574917404826,0.4940574917404826
66314,64,20,Standard,52.0,0,54.12778792826673,-2.127787928266727,-0.12758172168278625,0.12758172168278625
66314,116,21,Standard,52.0,0,57.716247905669306,-5.716247905669306,-0.3427450356695001,0.3427450356695001
66314,106,22,Standard,53.0,0,52.832513360315744,0.16748663968425603,0.010042464084843356,0.010042464084843356
66314,113,23,Standard,53.0,1,58.952672401844495,-5.952672401844495,-0.3569209992931808,0.3569209992931808
66314,124,24,Standard,54.0,1,53.99929461649262,0.0007053835073804748,4.229464841054508e-05,4.229464841054508e-05
66314,82,25,Standard,52.0,1,52.124828418423434,-0.12482841842343362,-0.007484686009274382,0.007484686009274382
66314,121,26,Standard,53.0,1,55.58332329783624,-2.5833232978362375,-0.15489552770875836,0.15489552770875836
66314,120,27,Standard,54.0,1,52.185155175282006,1.8148448247179942,0.10881771827384458,0.10881771827384458
66314,31,28,Standard,53.0,0,52.66224287957451,0.33775712042549344,0.020251846700534013,0.020251846700534013
66314,112,29,Standard,54.0,1,53.818566995889604,0.18143300411039576,0.010878685195540166,0.010878685195540166
66314,76,30,Standard,53.0,0,50.60630218037396,2.3936978196260412,0.1435256234699061,0.1435256234699061
66314,50,31,Standard,53.0,0,48.743660561075934,4.256339438924066,0.2552092276069185,0.2552092276069185
66314,81,32,Standard,54.0,0,53.05046296003992,0.9495370399600773,0.05693404344969919,0.05693404344969919
66314,79,33,Standard,53.0,1,54.58503025773542,-1.5850302577354185,-0.09503808462994809,0.09503808462994809
66314,123,34,Standard,54.0,1,53.11353288532003,0.8864671146799665,0.05315238384596421,0.05315238384596421
66314,114,35,Standard,53.0,0,52.62780555942938,0.3721944405706168,0.022316701254829326,0.022316701254829326
66314,23,36,Standard,56.0,0,55.10092971179044,0.8990702882095576,0.053908067509834776,0.053908067509834776
66314,35,37,Standard,55.0,1,58.573583023448066,-3.573583023448066,-0.21427129492142177,0.21427129492142177
66314,5,38,Standard,53.0,0,51.2783879003871,1.7216120996128979,0.10322750346527787,0.10322750346527787
66314,111,39,Standard,54.0,0,54.356575042629835,-0.3565750426298351,-0.02138016540251966,0.02138016540251966
66314,51,40,Standard,55.0,0,52.52193028415249,2.4780697158475107,0.14858454482131397,0.14858454482131397
66314,66,41,Standard,53.0,0,51.65433316070623,1.34566683929377,0.08068590383835061,0.08068590383835061
66314,3,42,Standard,53.0,1,55.706132565585605,-2.706132565585605,-0.16225914586351955,0.16225914586351955
66314,75,43,Standard,54.0,0,49.67883932279653,4.321160677203473,0.2590958955738871,0.2590958955738871
66314,83,44,Standard,56.0,1,54.087753909051074,1.9122460909489263,0.11465787794142401,0.11465787794142401
66314,7,45,Standard,53.0,1,59.21168900329555,-6.211689003295547,-0.37245158085093405,0.37245158085093405
66314,110,46,Standard,53.0,1,50.291748790892534,2.708251209107466,0.16238617928849594,0.16238617928849594
66314,72,47,Standard,56.0,1,52.85137829057416,3.1486217094258393,0.1887907029078654,0.1887907029078654
66314,32,48,Standard,55.0,0,53.501449292424276,1.498550707575724,0.08985278878671327,0.08985278878671327
66314,17,49,Standard,55.0,1,59.29879916636509,-4.298799166365093,-0.25775510403433144,0.25775510403433144
66314,63,50,Standard,62.0,0,50.564449669035795,11.435550330964205,0.685673219700531,0.685673219700531
66314,29,51,Standard,61.0,1,55.753426481710264,5.246573518289736,0.3145834570759957,0.3145834570759957
66314,60,52,Standard,60.0,1,54.31764986531232,5.682350134687681,0.3407125323708432,0.3407125323708432
66314,102,53,Standard,57.0,1,50.88702799252245,6.112972007477552,0.36653253031093425,0.36653253031093425
66314,80,54,Standard,54.0,1,56.228343406643674,-2.228343406643674,-0.13361100725468883,0.13361100725468883
66314,58,55,Standard,61.0,1,54.889816911272526,6.110183088727474,0.36636530732266487,0.36636530732266487
66314,15,56,Standard,54.0,1,56.174654816551794,-2.1746548165517936,-0.1303918505578919,0.1303918505578919
66314,20,57,Standard,57.0,0,51.21190798867687,5.78809201132313,0.347052793303759,0.347052793303759
66314,49,58,Standard,56.0,0,55.56999667381467,0.43000332618532866,0.025782910014316027,0.025782910014316027
66314,16,59,Standard,55.0,0,53.30456436962231,1.6954356303776876,0.10165796781360932,0.10165796781360932
66314,8,60,Standard,60.0,0,57.19917185432553,2.8008281456744726,0.16793707315269696,0.16793707315269696
66314,6,61,Standard,53.0,1,55.00324242117947,-2.003242421179472,-0.12011399897839471,0.12011399897839471
66314,36,62,Standard,54.0,1,50.241395383863555,3.758604616136445,0.22536515114181274,0.22536515114181274
66314,100,63,Standard,55.0,0,50.88669115569034,4.113308844309657,0.246633142898569,0.246633142898569
66314,125,64,Standard,54.0,0,47.768259937133664,6.231740062866336,0.3736538382129679,0.3736538382129679
66373,128,1,Neutral,78.0,0,76.51425157561043,1.4857484243895698,0.08908516654924215,0.08908516654924215
66373,118,2,Neutral,93.0,0,78.58457977382338,14.415420226176622,0.8643455989218907,0.8643455989218907
66373,34,3,Neutral,92.0,1,82.14026051363184,9.859739486368156,0.5911879291651447,0.5911879291651447
66373,46,4,Neutral,79.0,0,74.83048409968276,4.169515900317236,0.2500033062879295,0.2500033062879295
66373,61,5,Neutral,86.0,1,74.51535919577626,11.484640804223744,0.688616674268288,0.688616674268288
66373,95,6,Neutral,89.0,0,75.18719362791353,13.81280637208647,0.8282129975505931,0.8282129975505931
66373,30,7,Neutral,55.0,0,79.32941370125444,-24.32941370125444,-1.4587865859673739,1.4587865859673739
66373,96,8,Neutral,79.0,1,70.23613718265919,8.763862817340808,0.5254793919894513,0.5254793919894513
66373,74,9,Neutral,89.0,0,74.68684488363824,14.313155116361756,0.8582138042045065,0.8582138042045065
66373,108,10,Neutral,88.0,1,75.21138108626765,12.78861891373235,0.766802930538334,0.766802930538334
66373,84,11,Neutral,71.0,1,78.53540787263128,-7.535407872631282,-0.4518214889749142,0.4518214889749142
66373,39,12,Neutral,93.0,1,79.81024626249214,13.189753737507857,0.7908548911516687,0.7908548911516687
66373,45,13,Neutral,73.0,0,75.46706055840421,-2.4670605584042136,-0.14792443803048502,0.14792443803048502
66373,85,14,Neutral,77.0,0,77.50291536275546,-0.5029153627554592,-0.030154700564229073,0.030154700564229073
66373,4,15,Neutral,76.0,0,78.45234446516585,-2.452344465165851,-0.1470420641402806,0.1470420641402806
66373,11,16,Neutral,83.0,1,84.0821164298779,-1.0821164298778996,-0.06488347609788031,0.06488347609788031
66373,119,17,Neutral,100.0,1,73.47966787675736,26.52033212324264,1.5901535989250433,1.5901535989250433
66373,87,18,Neutral,72.0,1,74.97367793687775,-2.973677936877749,-0.17830111068729648,0.17830111068729648
66373,109,19,Neutral,100.0,0,75.20748956868927,24.79251043131073,1.4865537695956683,1.4865537695956683
66373,14,20,Neutral,91.0,1,78.63361896447466,12.366381035525336,0.7414856351698904,0.7414856351698904
66373,59,21,Neutral,68.0,1,74.63319847194157,-6.633198471941569,-0.39772520093358105,0.39772520093358105
66373,126,22,Neutral,80.0,0,76.82696254444564,3.173037455554365,0.1902546659682182,0.1902546659682182
66373,92,23,Neutral,87.0,1,79.26902337523173,7.7309766247682745,0.46354775068245024,0.46354775068245024
66373,40,24,Neutral,97.0,1,81.8885551974444,15.111444802555596,0.9060790877758749,0.9060790877758749
66373,43,25,Neutral,95.0,0,78.9417758818636,16.058224118136394,0.9628477786452906,0.9628477786452906
66373,52,26,Neutral,83.0,1,80.22035995477093,2.7796400452290726,0.16666663905628118,0.16666663905628118
66373,10,27,Neutral,100.0,1,75.91662152952622,24.083378470473775,1.4440343646954032,1.4440343646954032
66373,88,28,Neutral,87.0,1,75.32906545615563,11.670934543844368,0.6997868081541798,0.6997868081541798
66373,9,29,Neutral,100.0,0,79.91977541923622,20.080224580763783,1.204006089966738,1.204006089966738
66373,103,30,Neutral,90.0,0,75.32366187278865,14.676338127211352,0.879990182007286,0.879990182007286
66373,98,31,Neutral,91.0,1,72.03066944921484,18.96933055078516,1.1373971149514257,1.1373971149514257
66373,104,32,Neutral,88.0,0,76.71379536589616,11.28620463410384,0.6767184827748065,0.6767184827748065
66373,54,33,Neutral,90.0,1,77.5683260878306,12.431673912169401,0.7454005824751218,0.7454005824751218
66373,1,34,Neutral,95.0,1,79.2446354948,15.755364505200006,0.9446883792364962,0.9446883792364962
66373,78,35,Neutral,94.0,1,76.94364977448595,17.056350225514052,1.0226952124727355,1.0226952124727355
66373,71,36,Neutral,42.0,0,73.99752394724901,-31.997523947249007,-1.9185648816522836,1.9185648816522836
66373,70,37,Neutral,70.0,0,73.32846089202367,-3.3284608920236707,-0.19957382289696432,0.19957382289696432
66373,97,38,Neutral,71.0,0,75.51671482085509,-4.516714820855086,-0.2708212813596778,0.2708212813596778
66373,89,39,Neutral,85.0,1,71.29725492325714,13.702745076742858,0.8216137451702048,0.8216137451702048
66373,21,40,Neutral,96.0,0,73.77657676881306,22.223423231186942,1.3325118353452006,1.3325118353452006
66373,12,41,Neutral,88.0,1,79.36480449936606,8.635195500633941,0.5177645264374419,0.5177645264374419
66373,122,42,Neutral,73.0,1,72.91463036102864,0.08536963897135763,0.005118745799199958,0.005118745799199958
66373,47,43,Neutral,95.0,0,79.28318021588655,15.716819784113454,0.9423772457759304,0.9423772457759304
66373,93,44,Neutral,33.0,0,74.16265156492744,-41.162651564927444,-2.4681040276227044,2.4681040276227044
66373,55,45,Neutral,82.0,1,81.14846906520606,0.8515309347939422,0.05105761776534765,0.05105761776534765
66373,24,46,Neutral,91.0,0,76.61863593081128,14.38136406918872,0.8623035988312355,0.8623035988312355
66373,127,47,Neutral,36.0,1,73.34820996720563,-37.348209967205634,-2.239390902676926,2.239390902676926
66373,56,48,Neutral,88.0,1,82.8908209283688,5.109179071631203,0.3063453146269837,0.3063453146269837
66373,25,49,Neutral,90.0,0,77.79573342122293,12.204266578777066,0.7317652860566863,0.7317652860566863
66373,41,50,Neutral,95.0,1,82.170055023988,12.829944976012001,0.7692808326384286,0.7692808326384286
66373,62,51,Neutral,24.0,1,70.73645009548657,-46.736450095486575,-2.802307828384458,2.802307828384458
66373,107,52,Neutral,56.0,1,75.30818365936456,-19.30818365936456,-1.1577146768737456,1.1577146768737456
66373,117,53,Neutral,85.0,0,76.29197280437357,8.708027195626428,0.5221314997230673,0.5221314997230673
66373,53,54,Neutral,27.0,0,71.5211519467767,-44.5211519467767,-2.6694790120825798,2.6694790120825798
66373,38,55,Neutral,78.0,0,72.42132782326945,5.578672176730549,0.3344960235726655,0.3344960235726655
66373,44,56,Neutral,58.0,1,74.88407844485653,-16.884078444856527,-1.0123658323302558,1.0123658323302558
66373,94,57,Neutral,88.0,1,82.34494166704562,5.655058332954383,0.3390761216145345,0.3390761216145345
66373,77,58,Neutral,56.0,0,73.60747331890884,-17.607473318908845,-1.0557404385407898,1.0557404385407898
66373,37,59,Neutral,27.0,1,75.43591932085471,-48.43591932085471,-2.9042076497148654,2.9042076497148654
66373,33,60,Neutral,55.0,0,73.46584391585986,-18.465843915859864,-1.1072081610266953,1.1072081610266953
66373,19,61,Neutral,96.0,0,77.31920958724344,18.680790412756565,1.1200963082802158,1.1200963082802158
66373,42,62,Neutral,17.0,0,75.41313038616757,-58.413130386167566,-3.5024391503240726,3.5024391503240726
66373,65,63,Neutral,29.0,1,72.42620262714475,-43.42620262714475,-2.6038260785837823,2.6038260785837823
66373,86,64,Neutral,57.0,0,74.92039428297063,-17.920394282970634,-1.0745031144706982,1.0745031144706982
66420,18,1,Standard,100.0,0,72.62550169774889,27.374498302251112,1.6413692253854673,1.6413692253854673
66420,116,2,Standard,100.0,0,74.12356229863514,25.876437701364864,1.551545823293932,1.551545823293932
66420,99,3,Standard,100.0,1,69.02387958402295,30.97612041597705,1.8573217383289238,1.8573217383289238
66420,102,4,Standard,100.0,0,68.6085571634753,31.391442836524703,1.882224384294255,1.882224384294255
66420,69,5,Standard,90.0,1,69.99431650969359,20.00568349030641,1.199536621684525,1.199536621684525
66420,35,6,Standard,99.0,1,75.52559563845941,23.474404361540593,1.4075204037664,1.4075204037664
66420,17,7,Standard,100.0,1,76.71367822245433,23.286321777545666,1.396243011143834,1.396243011143834
66420,79,8,Standard,61.0,1,71.08407680864251,-10.084076808642507,-0.6046391483553872,0.6046391483553872
66420,66,9,Standard,30.0,1,68.65015293498381,-38.65015293498381,-2.3174551322720447,2.3174551322720447
66420,22,10,Standard,65.0,1,77.87383245307119,-12.873832453071188,-0.7719123166360307,0.7719123166360307
66420,76,11,Standard,74.0,1,67.0326288841905,6.967371115809499,0.41776212316515354,0.41776212316515354
66420,2,12,Standard,58.0,0,70.13485233956852,-12.134852339568525,-0.7276032227091701,0.7276032227091701
66420,26,13,Standard,65.0,1,78.1934681154067,-13.193468115406702,-0.7910776044780391,0.7910776044780391
66420,32,14,Standard,63.0,0,70.58488338523432,-7.5848833852343205,-0.45478803042163435,0.45478803042163435
66420,28,15,Standard,59.0,0,71.67330662158554,-12.673306621585539,-0.7598888294816265,0.7598888294816265
66420,36,16,Standard,59.0,0,67.66039227936157,-8.660392279361574,-0.5192753200500131,0.5192753200500131
66420,81,17,Standard,80.0,0,69.28254871594083,10.717451284059166,0.6426161501844245,0.6426161501844245
66420,15,18,Standard,70.0,1,73.43331754642676,-3.433317546426764,-0.2058610060889194,0.2058610060889194
66420,51,19,Standard,71.0,0,69.03587130650146,1.9641286934985374,0.11776874800076075,0.11776874800076075
66420,114,20,Standard,67.0,0,68.85989131533029,-1.8598913153302874,-0.11151869648306177,0.11151869648306177
66420,13,21,Standard,67.0,0,68.91421209991233,-1.9142120999123335,-0.11477575943001747,0.11477575943001747
66420,29,22,Standard,63.0,1,72.61782477818912,-9.617824778189117,-0.5766827735714611,0.5766827735714611
66420,120,23,Standard,61.0,0,67.93536217925433,-6.9353621792543265,-0.4158428739859035,0.4158428739859035
66420,115,24,Standard,63.0,1,75.59575586772641,-12.59575586772641,-0.7552389024077356,0.7552389024077356
66420,75,25,Standard,61.0,0,65.87123575883999,-4.871235758839987,-0.2920782830748601,0.2920782830748601
66420,90,26,Standard,63.0,1,71.03717799138268,-8.037177991382677,-0.48190752094682526,0.48190752094682526
66420,31,27,Standard,67.0,0,68.28102840574813,-1.2810284057481311,-0.07681019680520251,0.07681019680520251
66420,101,28,Standard,68.0,1,73.10726772727841,-5.107267727278412,-0.3062307108170747,0.3062307108170747
66420,3,29,Standard,69.0,1,71.86961631380474,-2.869616313804741,-0.1720615974085581,0.1720615974085581
66420,60,30,Standard,70.0,1,70.85638573607687,-0.8563857360768736,-0.05134871064066476,0.05134871064066476
66420,100,31,Standard,70.0,0,67.88251092996792,2.1174890700320788,0.12696420428479363,0.12696420428479363
66420,72,32,Standard,74.0,0,68.91235324881893,5.087646751181069,0.30505424117066826,0.30505424117066826
66420,113,33,Standard,68.0,1,74.08957917608956,-6.089579176089558,-0.3651299010056977,0.3651299010056977
66420,49,34,Standard,63.0,0,72.19634686311169,-9.196346863111685,-0.5514110454342248,0.5514110454342248
66420,83,35,Standard,66.0,1,70.07600902020526,-4.076009020205262,-0.24439665320216386,0.24439665320216386
66420,58,36,Standard,65.0,1,71.12602050658222,-6.126020506582222,-0.36731491560367635,0.36731491560367635
66420,50,37,Standard,68.0,0,64.05579597238592,3.9442040276140773,0.23649365325664376,0.23649365325664376
66420,82,38,Standard,70.0,0,66.95920291721364,3.040797082786355,0.18232556071783762,0.18232556071783762
66420,63,39,Standard,68.0,1,66.62130678787176,1.3786932121282405,0.08266615828532065,0.08266615828532065
66420,68,40,Standard,67.0,0,65.94234883900504,1.0576511609949648,0.06341654366347192,0.06341654366347192
66420,5,41,Standard,67.0,0,66.74095710034649,0.25904289965350813,0.015532158392503556,0.015532158392503556
66420,6,42,Standard,67.0,1,71.23944601648917,-4.239446016489168,-0.25419630151088857,0.25419630151088857
66420,91,43,Standard,68.0,0,67.25357364818339,0.7464263518166092,0.044755568827640514,0.044755568827640514
66420,48,44,Standard,71.0,1,75.94065440174202,-4.940654401742023,-0.2962406104669225,0.2962406104669225
66420,23,45,Standard,69.0,0,70.28164364530176,-1.281643645301756,-0.07684708644089226,0.07684708644089226
66420,125,46,Standard,60.0,0,64.15077948168397,-4.150779481683969,-0.24887987452311597,0.24887987452311597
66420,67,47,Standard,68.0,1,70.75956814832377,-2.7595681483237655,-0.165463132292003,0.165463132292003
66420,16,48,Standard,71.0,0,69.19031069080215,1.80968930919785,0.10850859463540091,0.10850859463540091
66420,80,49,Standard,68.0,1,72.02235756988223,-4.022357569882232,-0.24117972339818355,0.24117972339818355
66420,106,50,Standard,73.0,0,67.19990357861928,5.800096421380715,0.3477725752343673,0.3477725752343673
66420,57,51,Standard,67.0,1,71.20258006294885,-4.202580062948854,-0.25198582660327773,0.25198582660327773
66420,73,52,Standard,71.0,0,65.61877041584117,5.381229584158831,0.32265740678234833,0.32265740678234833
66420,112,53,Standard,68.0,1,68.3421735404074,-0.34217354040740133,-0.020516654324207795,0.020516654324207795
66420,7,54,Standard,64.0,1,74.39240293680682,-10.392402936806818,-0.623126318880428,0.623126318880428
66420,64,55,Standard,66.0,0,68.16951572085594,-2.169515720855941,-0.13008371144869807,0.13008371144869807
66420,121,56,Standard,69.0,1,69.84408688675663,-0.844086886756628,-0.05061127419309911,0.05061127419309911
66420,111,57,Standard,68.0,0,69.14302454274502,-1.1430245427450245,-0.0685355138789045,0.0685355138789045
66420,110,58,Standard,68.0,1,65.16993044894896,2.8300695510510394,0.16969038173801526,0.16969038173801526
66420,20,59,Standard,67.0,1,66.6992720370518,0.30072796294820137,0.018031586118801953,0.018031586118801953
66420,8,60,Standard,71.0,0,72.77415022123293,-1.7741502212329294,-0.10637767831175488,0.10637767831175488
66420,124,61,Standard,66.0,1,67.95340809054936,-1.9534080905493596,-0.11712594287739123,0.11712594287739123
66420,123,62,Standard,67.0,1,67.29079999511674,-0.2907999951167426,-0.01743630723225398,0.01743630723225398
66420,27,63,Standard,67.0,0,70.04929262799897,-3.049292627998966,-0.18283495184204696,0.18283495184204696
66420,105,64,Standard,67.0,1,66.40882490590116,0.5911750940988441,0.035446735701030394,0.035446735701030394
66520,43,1,Neutral,100.0,1,101.24118249113118,-1.241182491131184,-0.07442104405115128,0.07442104405115128
66520,59,2,Neutral,100.0,1,96.73258159572863,3.2674184042713676,0.19591372802576953,0.19591372802576953
66520,39,3,Neutral,100.0,1,101.45254548276618,-1.4525454827661832,-0.08709432507440805,0.08709432507440805
66520,88,4,Neutral,100.0,1,96.86797963139583,3.1320203686041737,0.18779528996462339,0.18779528996462339
66520,93,5,Neutral,100.0,1,96.35867312916116,3.6413268708388387,0.21833320192292033,0.21833320192292033
66520,84,6,Neutral,100.0,1,100.17358925349656,-0.17358925349655863,-0.010408375539925695,0.010408375539925695
66520,89,7,Neutral,100.0,1,93.18662637262722,6.813373627372783,0.4085284657839005,0.4085284657839005
66520,9,8,Neutral,100.0,1,102.10677286155575,-2.106772861555754,-0.12632166265310252,0.12632166265310252
66520,95,9,Neutral,100.0,1,96.30380693699277,3.696193063007229,0.22162296739532994,0.22162296739532994
66520,4,10,Neutral,100.0,1,100.09052584603114,-0.09052584603114155,-0.00542791090221661,0.00542791090221661
66520,11,11,Neutral,100.0,1,105.54918701308702,-5.549187013087021,-0.3327280992923523,0.3327280992923523
66520,30,12,Neutral,99.0,1,100.52952348945738,-1.5295234894573753,-0.09170991034721829,0.09170991034721829
66520,96,13,Neutral,100.0,0,90.5046437391786,9.495356260821396,0.5693395867387208,0.5693395867387208
66520,71,14,Neutral,100.0,1,96.38042703564024,3.6195729643597616,0.21702884221439064,0.21702884221439064
66520,92,15,Neutral,99.0,1,101.03862623389568,-2.038626233895684,-0.12223560503041932,0.12223560503041932
66520,24,16,Neutral,100.0,0,99.19989780652692,0.8001021934730801,0.04797396113090145,0.04797396113090145
66520,117,17,Neutral,100.0,1,99.13607763568663,0.8639223643133676,0.051800605302403095,0.051800605302403095
66520,74,18,Neutral,100.0,1,94.78012280309272,5.219877196907277,0.3129827511976868,0.3129827511976868
66520,33,19,Neutral,100.0,1,96.68108303030954,3.318916969690463,0.1990015712986251,0.1990015712986251
66520,38,20,Neutral,99.0,1,94.4421207504382,4.557879249561793,0.2732894919443521,0.2732894919443521
66520,14,21,Neutral,100.0,1,100.00895738974253,-0.008957389742533906,-0.000537083226178051,0.000537083226178051
66520,19,22,Neutral,100.0,1,100.29473589635518,-0.29473589635517783,-0.017672303051998118,0.017672303051998118
66520,62,23,Neutral,100.0,1,93.23009765266974,6.769902347330259,0.4059219368728649,0.4059219368728649
66520,85,24,Neutral,100.0,1,98.31287855697107,1.6871214430289285,0.10115945086920124,0.10115945086920124
66520,52,25,Neutral,100.0,1,101.5122019009151,-1.5122019009151018,-0.09067131150043178,0.09067131150043178
66520,44,26,Neutral,100.0,1,96.68583557569414,3.314164424305858,0.19871660966570648,0.19871660966570648
66520,86,27,Neutral,100.0,1,97.78929396269925,2.2107060373007528,0.13255347425676545,0.13255347425676545
66520,127,28,Neutral,100.0,1,94.66808834611466,5.331911653885342,0.31970031393933707,0.31970031393933707
66520,97,29,Neutral,100.0,1,97.33012483878528,2.669875161214719,0.16008515943755336,0.16008515943755336
66520,98,30,Neutral,99.0,1,93.34152370620968,5.658476293790315,0.33928106183545576,0.33928106183545576
66520,78,31,Neutral,100.0,1,98.3859255092795,1.6140744907204976,0.09677957079967686,0.09677957079967686
66520,34,32,Neutral,100.0,1,102.117887681789,-2.117887681789,-0.12698810496284307,0.12698810496284307
66520,103,33,Neutral,100.0,1,96.45928749271857,3.5407125072814267,0.21230038560784287,0.21230038560784287
66520,119,34,Neutral,99.0,1,94.00199326696001,4.998006733039986,0.29967944432452226,0.29967944432452226
66520,104,35,Neutral,100.0,1,97.06991624094806,2.9300837590519393,0.17568721285073297,0.17568721285073297
66520,47,36,Neutral,99.0,1,100.85687742847881,-1.8568774284788105,-0.11133798445421698,0.11133798445421698
66520,45,37,Neutral,98.0,1,94.90323108886518,3.0967689111348164,0.1856816199056755,0.1856816199056755
66520,1,38,Neutral,100.0,0,100.48855244226917,-0.4885524422691674,-0.029293502838792795,0.029293502838792795
66520,12,39,Neutral,99.0,1,100.70045360477646,-1.700453604776456,-0.10195884451501842,0.10195884451501842
66520,70,40,Neutral,98.0,1,94.61618499875908,3.3838150012409187,0.2028928437741559,0.2028928437741559
66520,53,41,Neutral,100.0,1,92.57818737008834,7.421812629911656,0.445010341844782,0.445010341844782
66520,41,42,Neutral,99.0,1,103.76854708499582,-4.7685470849958165,-0.28592109154636347,0.28592109154636347
66520,10,43,Neutral,99.0,1,95.70324933411706,3.2967506658829393,0.1976724843320442,0.1976724843320442
66520,37,44,Neutral,0.0,0,97.51217229438231,-97.51217229438231,-5.846809572079818,5.846809572079818
66520,54,45,Neutral,100.0,1,97.53018252948638,2.469817470513618,0.14808974190723578,0.14808974190723578
66520,40,46,Neutral,100.0,1,102.1728324804652,-2.1728324804652033,-0.13028258366511408,0.13028258366511408
66520,94,47,Neutral,99.0,1,104.03104804658591,-5.031048046585909,-0.3016605946134439,0.3016605946134439
66520,122,48,Neutral,100.0,1,93.91883450315986,6.081165496840143,0.3646254185476167,0.3646254185476167
66520,107,49,Neutral,99.0,0,96.85875072169736,2.141249278302638,0.12838886143150882,0.12838886143150882
66520,21,50,Neutral,99.0,1,94.60555227387935,4.394447726120646,0.26349017178614104,0.26349017178614104
66520,108,51,Neutral,100.0,1,93.90282990920265,6.0971700907973485,0.3655850506729656,0.3655850506729656
66520,55,52,Neutral,99.0,1,102.08985373722037,-3.0898537372203663,-0.18526698751584889,0.18526698751584889
66520,61,53,Neutral,99.0,1,93.67966264872567,5.320337351274333,0.31900632116178,0.31900632116178
66520,42,54,Neutral,98.0,1,97.01162244717537,0.9883775528246304,0.05926291252376084,0.05926291252376084
66520,126,55,Neutral,100.0,1,96.80047187319401,3.199528126805987,0.19184304110744918,0.19184304110744918
66520,77,56,Neutral,100.0,1,95.11423322197543,4.885766778024575,0.2929495599632883,0.2929495599632883
66520,46,57,Neutral,100.0,1,93.92785024310646,6.072149756893538,0.3640848366553371,0.3640848366553371
66520,118,58,Neutral,100.0,1,97.3984259526429,2.6015740473571043,0.15598983885459244,0.15598983885459244
66520,25,59,Neutral,100.0,1,98.62470892628923,1.3752910737107698,0.0824621667733199,0.0824621667733199
66520,128,60,Neutral,100.0,1,94.41717153175324,5.58282846824676,0.33474523394763256,0.33474523394763256
66520,87,61,Neutral,100.0,1,93.57751244128028,6.422487558719723,0.3850910183963704,0.3850910183963704
66520,65,62,Neutral,100.0,1,93.88915537094509,6.11084462905491,0.36640497314312354,0.36640497314312354
66520,109,63,Neutral,100.0,1,94.52800934785293,5.4719906521470705,0.32809942154419564,0.32809942154419564
66520,56,64,Neutral,100.0,1,103.437941166987,-3.4379411669870024,-0.20613823741618034,0.20613823741618034
67013,114,1,Standard,90.0,0,74.98693305518859,15.013066944811413,0.9001803718842535,0.9001803718842535
67013,5,2,Standard,66.0,1,73.72512971467877,-7.725129714678772,-0.4631971711694107,0.4631971711694107
67013,60,3,Standard,72.0,0,77.33388475006504,-5.333884750065039,-0.3198186203759454,0.3198186203759454
67013,20,4,Standard,71.0,0,74.40337151049451,-3.403371510494509,-0.20406544800201745,0.20406544800201745
67013,32,5,Standard,77.0,1,76.25484122157958,0.7451587784204179,0.04467956539041023,0.04467956539041023
67013,36,6,Standard,70.0,0,73.56428038347991,-3.564280383479911,-0.21371351056351395,0.21371351056351395
67013,111,7,Standard,71.0,1,76.62808821985658,-5.628088219856579,-0.33745899924191153,0.33745899924191153
67013,29,8,Standard,72.0,1,78.50681841086556,-6.506818410865563,-0.390147478753539,0.390147478753539
67013,64,9,Standard,76.0,0,75.47935076090255,0.5206492390974518,0.03121802010174711,0.03121802010174711
67013,22,10,Standard,76.0,1,83.16853816687104,-7.168538166871045,-0.4298240577119801,0.4298240577119801
67013,121,11,Standard,69.0,1,77.110114767537,-8.110114767536999,-0.48628079487706155,0.48628079487706155
67013,50,12,Standard,73.0,0,70.44568066784163,2.5543193321583715,0.15315645595839605,0.15315645595839605
67013,63,13,Standard,76.0,1,73.05499864259369,2.945001357406312,0.17658166894578822,0.17658166894578822
67013,8,14,Standard,73.0,0,80.08398526127952,-7.083985261279523,-0.42475428307638674,0.42475428307638674
67013,125,15,Standard,75.0,0,70.78449482188637,4.215505178113631,0.2527608138206428,0.2527608138206428
67013,101,16,Standard,69.0,1,78.92765935227307,-9.927659352273068,-0.5952603902001461,0.5952603902001461
67013,17,17,Standard,76.0,1,81.57031234359184,-5.570312343591837,-0.33399476971618436,0.33399476971618436
67013,16,18,Standard,75.0,0,75.97034198024517,-0.9703419802451663,-0.05818150334258494,0.05818150334258494
67013,28,19,Standard,77.0,0,76.96389449597662,0.036105504023382196,0.002164878512719165,0.002164878512719165
67013,35,20,Standard,75.0,1,80.18798881168128,-5.187988811681279,-0.31107073025106424,0.31107073025106424
67013,123,21,Standard,75.0,1,74.55271003648834,0.4472899635116647,0.026819413193463405,0.026819413193463405
67013,113,22,Standard,74.0,1,79.86616364181798,-5.866163641817977,-0.3517339520324057,0.3517339520324057
67013,15,23,Standard,73.0,1,78.48997515304475,-5.489975153044753,-0.32917776847795277,0.32917776847795277
67013,51,24,Standard,77.0,0,74.09252891311947,2.907471086880534,0.17433136172988073,0.17433136172988073
67013,99,25,Standard,77.0,1,73.35482779396565,3.6451722060343457,0.21856376742156466,0.21856376742156466
67013,75,26,Standard,77.0,1,71.29324511102976,5.706754888970238,0.3421758363623976,0.3421758363623976
67013,18,27,Standard,79.0,0,76.78122127062666,2.2187787293733408,0.1330375111946358,0.1330375111946358
67013,26,28,Standard,78.0,1,82.83106644021304,-4.831066440213036,-0.2896697390836243,0.2896697390836243
67013,91,29,Standard,78.0,0,73.33269038936668,4.667309610633325,0.2798509136369959,0.2798509136369959
67013,76,30,Standard,74.0,1,71.4759862610812,2.5240137389187964,0.15133933889012097,0.15133933889012097
67013,27,31,Standard,78.0,0,76.74582743831832,1.2541725616816848,0.07519992597993624,0.07519992597993624
67013,79,32,Standard,75.0,1,75.49852149770891,-0.4985214977089072,-0.02989124532978869,0.02989124532978869
67013,67,33,Standard,73.0,1,76.83868488950704,-3.838684889507036,-0.23016674767957043,0.23016674767957043
67013,106,34,Standard,75.0,1,73.17651152982818,1.8234884701718244,0.10933598945771841,0.10933598945771841
67013,48,35,Standard,75.0,1,81.62962454893798,-6.629624548937983,-0.3975109092535213,0.3975109092535213
67013,110,36,Standard,75.0,1,71.59950446426213,3.4004955357378748,0.20389300515369915,0.20389300515369915
67013,82,37,Standard,77.0,1,72.46882658793588,4.5311734120641205,0.27168821548175404,0.27168821548175404
67013,105,38,Standard,78.0,0,73.01362755827924,4.986372441720761,0.2989818546364959,0.2989818546364959
67013,2,39,Standard,79.0,1,74.4178755508362,4.5821244491638,0.2747432290704418,0.2747432290704418
67013,66,40,Standard,76.0,1,72.56782440067971,3.4321755993202885,0.20579253517789517,0.20579253517789517
67013,72,41,Standard,76.0,1,73.98390532687881,2.016094673121188,0.12088461733205778,0.12088461733205778
67013,7,42,Standard,77.0,1,80.21279456180147,-3.2127945618014735,-0.19263849379088258,0.19263849379088258
67013,23,43,Standard,78.0,0,75.66396367763406,2.336036322365942,0.140068252085511,0.140068252085511
67013,73,44,Standard,77.0,1,71.2449210929202,5.755078907079806,0.34507333443875476,0.34507333443875476
67013,49,45,Standard,79.0,0,77.00917382498298,1.9908261750170198,0.11936952344058427,0.11936952344058427
67013,69,46,Standard,73.0,1,73.66403949123402,-0.6640394912340213,-0.03981566980033076,0.03981566980033076
67013,100,47,Standard,77.0,0,72.45728978465733,4.542710215342666,0.2723799598071349,0.2723799598071349
67013,80,48,Standard,73.0,1,77.36087044294831,-4.360870442948311,-0.26147688486988035,0.26147688486988035
67013,13,49,Standard,78.0,1,72.98231735425762,5.017682645742383,0.3008592079583431,0.3008592079583431
67013,115,50,Standard,77.0,1,79.75147544060418,-2.7514754406041817,-0.16497789522010123,0.16497789522010123
67013,81,51,Standard,78.0,1,73.08781101468873,4.912188985311275,0.29453383001742034,0.29453383001742034
67013,68,52,Standard,80.0,1,70.6923563307594,9.307643669240605,0.5580843787843626,0.5580843787843626
67013,116,53,Standard,80.0,0,77.18410288985706,2.8158971101429415,0.16884060512847524,0.16884060512847524
67013,124,54,Standard,75.0,1,73.55476391921285,1.4452360807871543,0.08665605485181321,0.08665605485181321
67013,112,55,Standard,71.0,1,73.54926493567478,-2.5492649356747847,-0.1528533953963556,0.1528533953963556
67013,6,56,Standard,71.0,1,76.0919622982179,-5.091962298217894,-0.3053130004735325,0.3053130004735325
67013,57,57,Standard,68.0,1,76.23444282115129,-8.23444282115129,-0.49373547911643595,0.49373547911643595
67013,31,58,Standard,77.0,1,72.21771218229473,4.782287817705267,0.2867449830220909,0.2867449830220909
67013,58,59,Standard,76.0,1,75.58427235491483,0.4157276450851697,0.02492694314432992,0.02492694314432992
67013,90,60,Standard,73.0,1,74.82342797927988,-1.8234279792798844,-0.1093323624364174,0.1093323624364174
67013,3,61,Standard,76.0,1,75.74348062023442,0.25651937976557804,0.015380848664816016,0.015380848664816016
67013,120,62,Standard,75.0,1,71.52158868167106,3.478411318328938,0.2085648192744452,0.2085648192744452
67013,102,63,Standard,75.0,0,71.31864048056735,3.6813595194326467,0.22073355120739083,0.22073355120739083
67013,83,64,Standard,75.0,1,74.08129480443364,0.9187051955663605,0.055085372471661266,0.055085372471661266
67024,64,1,Standard,100.0,0,92.54975834274404,7.450241657255958,0.44671494041222837,0.44671494041222837
67024,105,2,Standard,100.0,1,91.90001723594648,8.099982764053522,0.4856732820552499,0.4856732820552499
67024,63,3,Standard,100.0,0,90.25104516466901,9.748954835330991,0.5845453045278005,0.5845453045278005
67024,121,4,Standard,100.0,1,94.1747398118136,5.825260188186405,0.34928138945896403,0.34928138945896403
67024,35,5,Standard,100.0,1,97.50800957583435,2.4919904241656496,0.14941922759711052,0.14941922759711052
67024,80,6,Standard,100.0,1,95.95874606154314,4.041253938456862,0.24231274572821795,0.24231274572821795
67024,32,7,Standard,100.0,0,92.83014027820667,7.16985972179333,0.42990329787028897,0.42990329787028897
67024,100,8,Standard,100.0,1,90.82868237120002,9.171317628799983,0.5499102977499901,0.5499102977499901
67024,8,9,Standard,100.0,0,97.06099598702367,2.9390040129763264,0.17622206942097773,0.17622206942097773
67024,75,10,Standard,100.0,0,89.3034916033723,10.696508396627706,0.6413604190093299,0.6413604190093299
67024,116,11,Standard,100.0,0,95.78197850845187,4.218021491548129,0.2529116914508812,0.2529116914508812
67024,15,12,Standard,100.0,1,95.63476728013289,4.365232719867109,0.2617384460867497,0.2617384460867497
67024,68,13,Standard,100.0,0,89.06374891730206,10.936251082697936,0.6557353406090645,0.6557353406090645
67024,36,14,Standard,100.0,0,90.52315505343284,9.476844946567155,0.5682296521856608,0.5682296521856608
67024,3,15,Standard,100.0,1,94.42152332164072,5.57847667835928,0.3344843015309802,0.3344843015309802
67024,20,16,Standard,93.0,0,90.63566052871269,2.364339471287309,0.1417653030088959,0.1417653030088959
67024,50,17,Standard,5.0,0,86.94659517922207,-81.94659517922207,-4.913500805281803,4.913500805281803
67024,29,18,Standard,97.0,1,94.73166019336279,2.268339806637215,0.1360091830806256,0.1360091830806256
67024,17,19,Standard,100.0,1,98.20264833277099,1.7973516672290089,0.1077688321886928,0.1077688321886928
67024,76,20,Standard,100.0,1,88.5769712289031,11.423028771096895,0.6849224295748785,0.6849224295748785
67024,101,21,Standard,100.0,1,95.4285738636535,4.571426136346503,0.27410176045874435,0.27410176045874435
67024,115,22,Standard,100.0,1,97.69802620777035,2.3019737922296457,0.13802586986220342,0.13802586986220342
67024,31,23,Standard,100.0,0,90.47091306432453,9.529086935675465,0.5713620709883189,0.5713620709883189
67024,110,24,Standard,100.0,1,89.43452231953974,10.565477680460262,0.6335038445171584,0.6335038445171584
67024,67,25,Standard,100.0,1,94.49847410771972,5.501525892280284,0.3298703484004164,0.3298703484004164
67024,22,26,Standard,100.0,1,99.18757392632291,0.8124260736770879,0.048712898425052054,0.048712898425052054
67024,57,27,Standard,99.0,1,94.30663252855129,4.69336747144871,0.2814133375524776,0.2814133375524776
67024,90,28,Standard,100.0,1,92.88817045095892,7.111829549041076,0.42642382078005425,0.42642382078005425
67024,114,29,Standard,99.0,0,90.518307525147,8.481692474853006,0.5085605169342007,0.5085605169342007
67024,2,30,Standard,95.0,0,92.12147192831512,2.878528071684883,0.17259594455775676,0.17259594455775676
67024,106,31,Standard,95.0,0,89.97084638278645,5.029153617213552,0.30154700502224413,0.30154700502224413
67024,124,32,Standard,86.0,1,91.27649635248298,-5.2764963524829795,-0.3163776239914516,0.3163776239914516
67024,91,33,Standard,81.0,1,90.46679369638456,-9.466793696384556,-0.5676269813149764,0.5676269813149764
67024,13,34,Standard,96.0,0,90.35937505096273,5.640624949037274,0.3382106989164401,0.3382106989164401
67024,5,35,Standard,98.0,0,88.94240683405262,9.057593165947381,0.5430914026075574,0.5430914026075574
67024,79,36,Standard,98.0,0,92.63262480472679,5.367375195273212,0.3218267005059338,0.3218267005059338
67024,72,37,Standard,76.0,1,91.46846590802656,-15.468465908026559,-0.9274859990135851,0.9274859990135851
67024,23,38,Standard,91.0,0,92.6409744033782,-1.6409744033781948,-0.09839248396851,0.09839248396851
67024,82,39,Standard,96.0,0,89.69054421348622,6.30945578651378,0.37831365684105894,0.37831365684105894
67024,123,40,Standard,90.0,0,91.0297059545127,-1.029705954512707,-0.06174095489429807,0.06174095489429807
67024,66,41,Standard,93.0,0,89.18693061657304,3.8130693834269636,0.2286308472620257,0.2286308472620257
67024,28,42,Standard,100.0,0,93.26566177693606,6.7343382230639435,0.4037895193777938,0.4037895193777938
67024,69,43,Standard,71.0,1,91.10479291311553,-20.10479291311553,-1.2054792020653033,1.2054792020653033
67024,102,44,Standard,73.0,1,88.90895143603878,-15.908951436038777,-0.9538974196695562,0.9538974196695562
67024,112,45,Standard,93.0,1,90.70728683604872,2.2927131639512766,0.13747060451647836,0.13747060451647836
67024,60,46,Standard,74.0,1,92.20815183102995,-18.20815183102995,-1.0917569972100982,1.0917569972100982
67024,81,47,Standard,96.0,0,89.98298995946527,6.017010040534728,0.36077867072935227,0.36077867072935227
67024,58,48,Standard,80.0,1,93.37548305092622,-13.37548305092622,-0.8019911821598514,0.8019911821598514
67024,27,49,Standard,85.0,0,92.71527350093906,-7.7152735009390625,-0.462606194643282,0.462606194643282
67024,18,50,Standard,100.0,0,92.53163153691625,7.468368463083749,0.447801819920001,0.447801819920001
67024,73,51,Standard,79.0,1,87.60118435321611,-8.601184353216112,-0.515725225111248,0.515725225111248
67024,26,52,Standard,86.0,1,98.49964492553502,-12.499644925535023,-0.7494761103012307,0.7494761103012307
67024,16,53,Standard,89.0,0,91.74642335000978,-2.7464233500097777,-0.16467497291869662,0.16467497291869662
67024,113,54,Standard,96.0,1,95.18428485301011,0.8157151469898878,0.04891011057688983,0.04891011057688983
67024,48,55,Standard,91.0,1,97.47343167132492,-6.473431671324917,-0.3881456167938088,0.3881456167938088
67024,99,56,Standard,94.0,1,88.7547807861254,5.245219213874606,0.31450225326490644,0.31450225326490644
67024,6,57,Standard,91.0,1,93.35748708303446,-2.3574870830344565,-0.14135443523428176,0.14135443523428176
67024,83,58,Standard,83.0,1,91.00705113519061,-8.007051135190608,-0.4801011209147483,0.4801011209147483
67024,7,59,Standard,92.0,1,96.1880231619871,-4.188023161987104,-0.25111299784887325,0.25111299784887325
67024,49,60,Standard,100.0,0,93.11004136540244,6.889958634597562,0.413120486890433,0.413120486890433
67024,51,61,Standard,91.0,0,89.13457739542838,1.86542260457162,0.11185035143568177,0.11185035143568177
67024,125,62,Standard,82.0,1,85.38847171153294,-3.3884717115329437,-0.20317205915485337,0.20317205915485337
67024,111,63,Standard,91.0,0,90.89483760865909,0.10516239134091165,0.006305515115165457,0.006305515115165457
67024,120,64,Standard,94.0,0,88.1539246708502,5.846075329149798,0.35052946098239957,0.35052946098239957
67026,39,1,Neutral,92.0,1,83.275764103284,8.724235896715996,0.5231033700696264,0.5231033700696264
67026,70,2,Neutral,71.0,0,77.78831362265309,-6.788313622653092,-0.40702587311240185,0.40702587311240185
67026,118,3,Neutral,95.0,0,81.5624363251218,13.437563674878206,0.8057135234616878,0.8057135234616878
67026,87,4,Neutral,77.0,1,79.1599988918395,-2.159998891839507,-0.12951308435999834,0.12951308435999834
67026,117,5,Neutral,95.0,0,81.41638015971745,13.583619840282552,0.8144710207654023,0.8144710207654023
67026,38,6,Neutral,70.0,1,78.1408993525494,-8.140899352549397,-0.4881266321924237,0.4881266321924237
67026,55,7,Neutral,78.0,1,85.79678020618623,-7.796780206186227,-0.4674933197397174,0.4674933197397174
67026,108,8,Neutral,93.0,0,78.87201613003461,14.12798386996539,0.8471109747789068,0.8471109747789068
67026,62,9,Neutral,39.0,1,75.59801449523304,-36.598014495233045,-2.1944093381885614,2.1944093381885614
67026,74,10,Neutral,89.0,0,78.21605844960649,10.783941550393507,0.6466028927264749,0.6466028927264749
67026,42,11,Neutral,34.0,0,80.63093459760879,-46.630934597608785,-2.7959811410747735,2.7959811410747735
67026,84,12,Neutral,18.0,0,81.41820286967628,-63.41820286967628,-3.802542255577302,3.802542255577302
67026,41,13,Neutral,77.0,1,86.77455900570193,-9.774559005701931,-0.586080525258583,0.586080525258583
67026,37,14,Neutral,93.0,1,80.33384364414647,12.66615635585353,0.7594601010353089,0.7594601010353089
67026,10,15,Neutral,87.0,1,80.01532816595551,6.984671834044491,0.41879947063265566,0.41879947063265566
67026,126,16,Neutral,41.0,0,80.01640765635427,-39.016407656354275,-2.339415689198861,2.339415689198861
67026,33,17,Neutral,77.0,0,78.27615392061915,-1.2761539206191514,-0.07651792369056983,0.07651792369056983
67026,54,18,Neutral,95.0,1,81.7984542020586,13.201545797941407,0.7915619406429801,0.7915619406429801
67026,25,19,Neutral,91.0,0,82.13161190977459,8.868388090225409,0.5317467056144719,0.5317467056144719
67026,97,20,Neutral,84.0,1,79.23184584395852,4.768154156041476,0.28589753160797493,0.28589753160797493
67026,93,21,Neutral,96.0,0,78.74323695328532,17.25676304671468,1.0347119235539517,1.0347119235539517
67026,104,22,Neutral,92.0,0,80.724887683793,11.275112316207,0.6760533897004772,0.6760533897004772
67026,30,23,Neutral,97.0,1,81.55510130930591,15.444898690694089,0.9260729135633832,0.9260729135633832
67026,109,24,Neutral,93.0,0,77.97209286122138,15.027907138778616,0.9010701868283512,0.9010701868283512
67026,95,25,Neutral,96.0,0,77.33849669071836,18.661503309281642,1.1189398575668172,1.1189398575668172
67026,12,26,Neutral,87.0,0,83.00555097722285,3.9944490227771468,0.2395063327176413,0.2395063327176413
67026,71,27,Neutral,87.0,1,77.31839053695634,9.681609463043657,0.580507290010637,0.580507290010637
67026,92,28,Neutral,98.0,1,81.97658973521179,16.02341026478821,0.9607603472384438,0.9607603472384438
67026,78,29,Neutral,74.0,1,80.228156440648,-6.228156440647993,-0.37343896497000834,0.37343896497000834
67026,122,30,Neutral,100.0,1,76.4619799827881,23.538020017211906,1.411334785250901,1.411334785250901
67026,24,31,Neutral,99.0,0,80.29740703036944,18.702592969630558,1.1214035850563073,1.1214035850563073
67026,11,32,Neutral,100.0,1,86.36484097048144,13.635159029518562,0.8175612998338719,0.8175612998338719
67026,88,33,Neutral,89.0,1,78.68305038505895,10.316949614941052,0.6186021533926759,0.6186021533926759
67026,98,34,Neutral,93.0,0,74.92091168198078,18.079088318019217,1.0840183758101023,1.0840183758101023
67026,9,35,Neutral,95.0,0,82.67859617420348,12.321403825796523,0.738788811028039,0.738788811028039
67026,53,36,Neutral,86.0,0,75.88270153880342,10.117298461196583,0.6066311117337343,0.6066311117337343
67026,40,37,Neutral,87.0,1,84.30270121584665,2.6972987841533467,0.16172947416591996,0.16172947416591996
67026,86,38,Neutral,99.0,0,79.043019512756,19.956980487243996,1.196616399749209,1.196616399749209
67026,52,39,Neutral,82.0,0,82.63450597317316,-0.6345059731731624,-0.038044846199210246,0.038044846199210246
67026,127,40,Neutral,88.0,0,77.22788080730376,10.772119192696238,0.6458940266175314,0.6458940266175314
67026,45,41,Neutral,99.0,0,77.81348082418415,21.186519175815846,1.270339283820355,1.270339283820355
67026,21,42,Neutral,56.0,1,76.71062616084524,-20.710626160845237,-1.2418048376097215,1.2418048376097215
67026,19,43,Neutral,100.0,0,81.1294021646003,18.870597835399707,1.1314771218694302,1.1314771218694302
67026,14,44,Neutral,95.0,1,80.50884929839629,14.491150701603715,0.868886382479543,0.868886382479543
67026,46,45,Neutral,100.0,0,75.96099272607842,24.039007273921584,1.4413738769775952,1.4413738769775952
67026,4,46,Neutral,100.0,0,80.02092468422384,19.979075315776157,1.1979412010731434,1.1979412010731434
67026,128,47,Neutral,85.0,0,78.07214297459815,6.927857025401849,0.4153928665216854,0.4153928665216854
67026,34,48,Neutral,94.0,1,83.1525774355146,10.847422564485399,0.650409201129874,0.650409201129874
67026,103,49,Neutral,50.0,0,77.51298955729486,-27.51298955729486,-1.6496731322371636,1.6496731322371636
67026,47,50,Neutral,86.0,0,81.99819381158757,4.001806188412431,0.23994746683913223,0.23994746683913223
67026,85,51,Neutral,88.0,0,78.8656895587681,9.134310441231904,0.5476913544794456,0.5476913544794456
67026,43,52,Neutral,93.0,0,80.74262167053857,12.257378329461432,0.7349498555825685,0.7349498555825685
67026,1,53,Neutral,90.0,1,81.33890162505278,8.661098374947215,0.5193176573944881,0.5193176573944881
67026,56,54,Neutral,84.0,1,85.61161706163469,-1.6116170616346892,-0.09663222386274026,0.09663222386274026
67026,107,55,Neutral,82.0,1,78.1033643378771,3.896635662122904,0.23364146395413957,0.23364146395413957
67026,77,56,Neutral,7.0,0,76.62168979375255,-69.62168979375255,-4.174502041463958,4.174502041463958
67026,119,57,Neutral,52.0,1,74.74904521667266,-22.749045216672656,-1.3640280202862525,1.3640280202862525
67026,59,58,Neutral,78.0,1,76.03399728965556,1.9660027103444406,0.1178811136611194,0.1178811136611194
67026,44,59,Neutral,95.0,1,78.3256776922923,16.674322307707698,0.9997888979678273,0.9997888979678273
67026,96,60,Neutral,0.0,1,71.53118562604952,-71.53118562604952,-4.288995014468556,4.288995014468556
67026,65,61,Neutral,0.0,0,75.44041910198845,-75.44041910198845,-4.523391840719255,4.523391840719255
67026,89,62,Neutral,74.0,1,73.86271098536825,0.13728901463174736,0.00823182076661162,0.00823182076661162
67026,61,63,Neutral,73.0,1,74.99620766889934,-1.9962076688993449,-0.1196921966946297,0.1196921966946297
67026,94,64,Neutral,84.0,1,85.02193064104527,-1.021930641045273,-0.061274748715749706,0.061274748715749706
67038,111,1,Standard,100.0,0,76.09580618655299,23.90419381344701,1.4332904899234298,1.4332904899234298
67038,22,2,Standard,100.0,1,82.72387045209993,17.27612954790007,1.035873134937558,1.035873134937558
67038,120,3,Standard,100.0,0,73.31108608947787,26.688913910522132,1.6002617278319495,1.6002617278319495
67038,58,4,Standard,100.0,1,76.43804869162935,23.561951308370652,1.4127697004920134,1.4127697004920134
67038,28,5,Standard,64.0,0,76.02157730277555,-12.021577302775555,-0.7208112750598099,0.7208112750598099
67038,125,6,Standard,60.0,0,70.55474506403766,-10.554745064037661,-0.6328603190684207,0.6328603190684207
67038,105,7,Standard,38.0,0,72.81603207260414,-34.816032072604145,-2.0875620427098935,2.0875620427098935
67038,36,8,Standard,65.0,1,71.92104864201909,-6.9210486420190875,-0.4149846372699306,0.4149846372699306
67038,76,9,Standard,74.0,0,71.7719224144273,2.2280775855727057,0.1335950686785539,0.1335950686785539
67038,115,10,Standard,100.0,1,80.70863682235255,19.291363177647455,1.1567061242879857,1.1567061242879857
67038,26,11,Standard,91.0,1,82.78066315883804,8.219336841161962,0.49282972769772465,0.49282972769772465
67038,18,12,Standard,80.0,0,76.66221598156986,3.337784018430142,0.20013283561745324,0.20013283561745324
67038,75,13,Standard,30.0,1,70.30712075856245,-40.30712075856245,-2.416806578389772,2.416806578389772
67038,68,14,Standard,100.0,0,71.73301419163144,28.26698580836856,1.6948825906500185,1.6948825906500185
67038,60,15,Standard,79.0,1,76.03208616081993,2.9679138391800706,0.177955496588049,0.177955496588049
67038,83,16,Standard,20.0,1,75.56002425796804,-55.56002425796804,-3.3313675002109346,3.3313675002109346
67038,6,17,Standard,81.0,1,76.24482408667266,4.755175913327335,0.2851193588737984,0.2851193588737984
67038,7,18,Standard,64.0,1,80.4690413952901,-16.469041395290105,-0.9874802971496134,0.9874802971496134
67038,99,19,Standard,68.0,1,72.84155807151275,-4.84155807151275,-0.2902988151145091,0.2902988151145091
67038,23,20,Standard,84.0,1,75.89541566270712,8.104584337292877,0.4859491914297357,0.4859491914297357
67038,63,21,Standard,77.0,1,71.92842869041351,5.0715713095864885,0.30409036103571596,0.30409036103571596
67038,57,22,Standard,77.0,1,76.99158071741917,0.008419282580831577,0.0005048184326674758,0.0005048184326674758
67038,27,23,Standard,0.0,1,76.32017203439787,-76.32017203439787,-4.576141643592563,4.576141643592563
67038,32,24,Standard,73.0,0,74.7984910042763,-1.7984910042763005,-0.10783714660111118,0.10783714660111118
67038,29,25,Standard,70.0,1,77.13808251209474,-7.138082512094741,-0.42799794298516963,0.42799794298516963
67038,73,26,Standard,86.0,0,71.40943576846757,14.590564231532426,0.8748471970599696,0.8748471970599696
67038,3,27,Standard,21.0,0,76.60890984404155,-55.60890984404155,-3.334298669785626,3.334298669785626
67038,8,28,Standard,79.0,0,78.69457235350195,0.3054276464980461,0.01831337816710156,0.01831337816710156
67038,72,29,Standard,80.0,1,72.95397381514529,7.0460261848547106,0.42247826474794786,0.42247826474794786
67038,69,30,Standard,78.0,1,72.80933661656542,5.190663383434583,0.3112310970171867,0.3112310970171867
67038,114,31,Standard,28.0,0,72.89660559915126,-44.89660559915126,-2.6919911349993857,2.6919911349993857
67038,121,32,Standard,75.0,1,75.41405174489577,-0.41405174489577234,-0.02482645651749489,0.02482645651749489
67038,5,33,Standard,100.0,0,71.74309358618069,28.25690641381931,1.6942782322489625,1.6942782322489625
67038,66,34,Standard,100.0,0,72.2066531650323,27.793346834967707,1.6664832963031557,1.6664832963031557
67038,90,35,Standard,15.0,1,75.29459276969091,-60.29459276969091,-3.6152512435700572,3.6152512435700572
67038,100,36,Standard,89.0,0,72.31515434534109,16.684845654658915,1.0004198756625806,1.0004198756625806
67038,35,37,Standard,85.0,1,78.81925291291047,6.180747087089529,0.3705963099899211,0.3705963099899211
67038,31,38,Standard,84.0,0,72.29873037871842,11.701269621281583,0.7016056930888139,0.7016056930888139
67038,101,39,Standard,98.0,1,77.1249697002487,20.8750302997513,1.2516624755889434,1.2516624755889434
67038,123,40,Standard,85.0,1,72.16475658750156,12.835243412498443,0.7695985257882895,0.7695985257882895
67038,15,41,Standard,94.0,1,77.07743209500771,16.92256790499229,1.0146736523557045,1.0146736523557045
67038,79,42,Standard,82.0,1,73.50483248211822,8.495167517881782,0.5093684777119278,0.5093684777119278
67038,81,43,Standard,85.0,0,72.64314329991761,12.356856700082389,0.740914557997418,0.740914557997418
67038,20,44,Standard,83.0,0,71.87497246179484,11.12502753820516,0.6670543376232098,0.6670543376232098
67038,113,45,Standard,83.0,1,78.06347398979364,4.936526010206364,0.29599307296898725,0.29599307296898725
67038,67,46,Standard,99.0,1,74.71357439611766,24.286425603882336,1.4562090285887737,1.4562090285887737
67038,80,47,Standard,99.0,1,76.62856492416425,22.37143507583575,1.3413865947697088,1.3413865947697088
67038,116,48,Standard,97.0,0,76.62702600813792,20.372973991862082,1.2215592837758444,1.2215592837758444
67038,106,49,Standard,18.0,1,71.89538994958984,-53.89538994958984,-3.231556373258953,3.231556373258953
67038,110,50,Standard,19.0,1,69.4305868116065,-50.4305868116065,-3.0238074976480647,3.0238074976480647
67038,112,51,Standard,23.0,1,72.92936858383874,-49.92936858383874,-2.99375455694476,2.99375455694476
67038,50,52,Standard,96.0,0,67.89826930829128,28.101730691708724,1.6849739282216505,1.6849739282216505
67038,16,53,Standard,96.0,0,72.88147398299863,23.118526017001372,1.3861820122365078,1.3861820122365078
67038,2,54,Standard,76.0,1,72.20515073891434,3.794849261085659,0.22753837251550896,0.22753837251550896
67038,49,55,Standard,100.0,0,75.79498955427033,24.20501044572967,1.4513273926370862,1.4513273926370862
67038,13,56,Standard,73.0,0,71.88054225049301,1.1194577495069922,0.0671224538573169,0.0671224538573169
67038,51,57,Standard,81.0,0,72.02287846608891,8.977121533911088,0.5382663402855914,0.5382663402855914
67038,124,58,Standard,91.0,1,72.6034226040976,18.396577395902398,1.1030549548947537,1.1030549548947537
67038,91,59,Standard,93.0,0,70.4628581884513,22.537141811548693,1.3513223361825824,1.3513223361825824
67038,102,60,Standard,76.0,0,70.67394928031575,5.326050719684247,0.31934889354348284,0.31934889354348284
67038,64,61,Standard,88.0,0,72.4062534901574,15.593746509842603,0.934997797845044,0.934997797845044
67038,48,62,Standard,100.0,1,79.65170625984868,20.34829374015132,1.2200794610157875,1.2200794610157875
67038,82,63,Standard,25.0,1,69.77422302408544,-44.774223024085444,-2.684653101249195,2.684653101249195
67038,17,64,Standard,86.0,1,78.71625086917786,7.2837491308221445,0.4367320831511451,0.4367320831511451
67058,26,1,Standard,99.0,1,107.83131439367943,-8.831314393679435,-0.529523774479444,0.529523774479444
67058,68,2,Standard,96.0,1,96.87127974500531,-0.8712797450053102,-0.05224175231864656,0.05224175231864656
67058,69,3,Standard,95.0,1,98.60470955893278,-3.6047095589327824,-0.2161376355159919,0.2161376355159919
67058,121,4,Standard,93.0,1,101.25323184652936,-8.25323184652936,-0.4948620651707277,0.4948620651707277
67058,3,5,Standard,100.0,1,102.18524699007773,-2.1852469900777294,-0.1310269550797521,0.1310269550797521
67058,80,6,Standard,99.0,1,103.0372380962589,-4.037238096258903,-0.2420719566651654,0.2420719566651654
67058,99,7,Standard,98.0,1,97.97982362488662,0.020176375113379663,0.0012097712559068622,0.0012097712559068622
67058,111,8,Standard,97.0,0,100.4017357138684,-3.401735713868405,-0.20396736597649753,0.20396736597649753
67058,90,9,Standard,100.0,1,101.04615855279204,-1.0461585527920363,-0.0627274492656342,0.0627274492656342
67058,100,10,Standard,100.0,0,98.06672012844221,1.9332798715577866,0.11591905905253332,0.11591905905253332
67058,106,11,Standard,99.0,0,98.17264164388578,0.8273583561142175,0.0496082349746557,0.0496082349746557
67058,57,12,Standard,100.0,1,102.04223195226056,-2.0422319522605648,-0.12245180315373017,0.12245180315373017
67058,22,13,Standard,100.0,1,106.85457134235041,-6.854571342350411,-0.4109986722064569,0.4109986722064569
67058,18,14,Standard,100.0,0,101.18718130521644,-1.1871813052164413,-0.07118314417382315,0.07118314417382315
67058,66,15,Standard,97.0,1,97.65156883326978,-0.6515688332697778,-0.03906793174220042,0.03906793174220042
67058,48,16,Standard,99.0,1,106.2794152282745,-7.279415228274502,-0.4364722232556695,0.4364722232556695
67058,115,17,Standard,100.0,1,105.01456634966797,-5.014566349667973,-0.3006723554937883,0.3006723554937883
67058,16,18,Standard,100.0,0,99.02730419949586,0.9726958005041411,0.05832263791581116,0.05832263791581116
67058,114,19,Standard,100.0,0,98.03487115252511,1.9651288474748867,0.11782871702519002,0.11782871702519002
67058,27,20,Standard,100.0,0,101.06417315437562,-1.0641731543756237,-0.06380760103025847,0.06380760103025847
67058,29,21,Standard,100.0,1,101.92589079133874,-1.9258907913387446,-0.11547601133923723,0.11547601133923723
67058,50,22,Standard,100.0,0,93.82506372845735,6.174936271542649,0.37024789469815095,0.37024789469815095
67058,7,23,Standard,100.0,1,104.86258524113799,-4.862585241137992,-0.29155959983241553,0.29155959983241553
67058,23,24,Standard,100.0,0,100.33276666782123,-0.33276666782123243,-0.019952620200200118,0.019952620200200118
67058,31,25,Standard,100.0,0,97.48080309135851,2.51919690864149,0.15105052274840466,0.15105052274840466
67058,17,26,Standard,100.0,1,104.99350256347381,-4.993502563473811,-0.2994093752540243,0.2994093752540243
67058,73,27,Standard,100.0,0,95.9782082513804,4.021791748619606,0.24114579687294505,0.24114579687294505
67058,2,28,Standard,100.0,1,97.95671652201548,2.0432834779845166,0.12251485241746238,0.12251485241746238
67058,120,29,Standard,100.0,0,96.78467959073484,3.2153204092651606,0.19278994307952846,0.19278994307952846
67058,8,30,Standard,100.0,0,103.21953767714854,-3.219537677148537,-0.1930428095847901,0.1930428095847901
67058,35,31,Standard,100.0,1,103.69467551068693,-3.6946755106869347,-0.2215319752737962,0.2215319752737962
67058,15,32,Standard,100.0,1,102.08427617058287,-2.084276170582868,-0.12497276574079394,0.12497276574079394
67058,123,33,Standard,100.0,1,97.08398634454424,2.9160136554557567,0.17484357236513326,0.17484357236513326
67058,63,34,Standard,100.0,1,95.97151526213152,4.028484737868482,0.2415471071164295,0.2415471071164295
67058,67,35,Standard,100.0,1,99.8080327902253,0.1919672097747025,0.011510313976472106,0.011510313976472106
67058,49,36,Standard,100.0,0,101.23990522250782,-1.239905222507815,-0.07434445929011566,0.07434445929011566
67058,105,37,Standard,100.0,0,96.11439693679618,3.885603063203817,0.23297995161729718,0.23297995161729718
67058,64,38,Standard,100.0,0,98.02639779545983,1.973602204540171,0.11833677775269992,0.11833677775269992
67058,5,39,Standard,100.0,0,96.09283027276233,3.9071697272376724,0.23427308430775043,0.23427308430775043
67058,72,40,Standard,100.0,1,97.08467470539577,2.91532529460423,0.17480229839162767,0.17480229839162767
67058,36,41,Standard,100.0,0,95.08799202841243,4.91200797158757,0.2945229764721908,0.2945229764721908
67058,110,42,Standard,100.0,1,94.39362372791543,5.6063762720845745,0.33615715536873214,0.33615715536873214
67058,6,43,Standard,100.0,1,99.71841758792964,0.28158241207036383,0.016883622869687354,0.016883622869687354
67058,83,44,Standard,100.0,1,98.94600344069254,1.053996559307464,0.06319741450630259,0.06319741450630259
67058,32,45,Standard,100.0,0,98.49112030186444,1.5088796981355586,0.0904721129126577,0.0904721129126577
67058,28,46,Standard,100.0,0,98.83806341503902,1.1619365849609835,0.06966947599721346,0.06966947599721346
67058,58,47,Standard,100.0,1,99.16692048536035,0.8330795146396497,0.04995127445006497,0.04995127445006497
67058,116,48,Standard,100.0,0,101.23960565031697,-1.2396056503169746,-0.07432649700385208,0.07432649700385208
67058,75,49,Standard,100.0,0,93.34264266715708,6.6573573328429205,0.39917376120913456,0.39917376120913456
67058,113,50,Standard,100.0,1,102.45701783564151,-2.4570178356415084,-0.14732227846212403,0.14732227846212403
67058,102,51,Standard,100.0,0,95.68079335589091,4.319206644109087,0.2589787321559097,0.2589787321559097
67058,51,52,Standard,100.0,0,96.85449390459914,3.1455060954008616,0.18860389133885275,0.18860389133885275
67058,91,53,Standard,100.0,0,95.33828078622777,4.66171921377223,0.27951571460378705,0.27951571460378705
67058,82,54,Standard,100.0,0,94.7810670996606,5.2189329003393965,0.31292613137185327,0.31292613137185327
67058,124,55,Standard,100.0,1,97.34742372407537,2.6525762759246305,0.15904792187304648,0.15904792187304648
67058,101,56,Standard,100.0,1,100.99282763490177,-0.9928276349017722,-0.059529738519664456,0.059529738519664456
67058,79,57,Standard,100.0,1,97.46030473530377,2.5396952646962347,0.15227959991459641,0.15227959991459641
67058,76,58,Standard,100.0,1,94.23795125256088,5.762048747439124,0.3454912446172472,0.3454912446172472
67058,125,59,Standard,100.0,0,92.8455452651063,7.154454734893704,0.428979618059418,0.428979618059418
67058,60,60,Standard,100.0,1,98.67334363601847,1.3266563639815274,0.07954603969205869,0.07954603969205869
67058,13,61,Standard,100.0,1,96.27408609634088,3.7259139036591193,0.22340502282005298,0.22340502282005298
67058,81,62,Standard,100.0,0,96.42338691603821,3.5766130839617887,0.21445297671969135,0.21445297671969135
67058,20,63,Standard,100.0,1,95.65521607791545,4.344783922084545,0.2605123404242517,0.2605123404242517
67058,112,64,Standard,100.0,1,96.97245515555674,3.0275448444432556,0.18153095926272902,0.18153095926272902
67100,76,1,Standard,85.0,1,78.60445009597981,6.395549904020186,0.3834758422225574,0.3834758422225574
67100,120,2,Standard,88.0,0,80.06511138637495,7.9348886136250485,0.4757742711286398,0.4757742711286398
67100,116,3,Standard,97.0,0,85.32757862359998,11.672421376400024,0.6998759583250144,0.6998759583250144
67100,113,4,Standard,100.0,1,86.56978565734003,13.430214342659966,0.8052728590302537,0.8052728590302537
67100,60,5,Standard,100.0,1,83.19938820196379,16.800611798036215,1.0073611895446852,1.0073611895446852
67100,110,6,Standard,100.0,1,79.4181940273502,20.581805972649803,1.234080805915049,1.234080805915049
67100,82,7,Standard,77.0,0,80.28751615102395,-3.287516151023951,-0.19711878474151465,0.19711878474151465
67100,64,8,Standard,100.0,0,81.43825106889864,18.561748931101363,1.1129586057961096,1.1129586057961096
67100,57,9,Standard,97.0,1,84.29030423636173,12.709695763638265,0.7620707148715996,0.7620707148715996
67100,67,10,Standard,99.0,1,84.35072433773146,14.649275662268536,0.8783675222372416,0.8783675222372416
67100,75,11,Standard,88.0,0,78.45482728512432,9.545172714875676,0.572326570963955,0.572326570963955
67100,115,12,Standard,99.0,1,87.33124064145092,11.668759358549082,0.6996563844962274,0.6996563844962274
67100,63,13,Standard,76.0,1,79.00811641302491,-3.008116413024908,-0.18036603455523345,0.18036603455523345
67100,50,14,Standard,83.0,0,76.273159498039,6.726840501960993,0.40333995757969154,0.40333995757969154
67100,121,15,Standard,92.0,1,82.88800390090327,9.111996099096729,0.5463533911655248,0.5463533911655248
67100,49,16,Standard,100.0,0,84.23269921413498,15.767300785865018,0.945404076142894,0.945404076142894
67100,17,17,Standard,100.0,1,87.48540549232169,12.51459450767831,0.7503724841376179,0.7503724841376179
67100,31,18,Standard,77.0,0,79.88509170167394,-2.885091701673943,-0.17298949844692424,0.17298949844692424
67100,26,19,Standard,100.0,1,89.14042402233899,10.85957597766101,0.6511379172564523,0.6511379172564523
67100,111,20,Standard,84.0,0,81.97368829812538,2.0263117018746186,0.12149722825137389,0.12149722825137389
67100,80,21,Standard,81.0,1,84.49678151356787,-3.4967815135678677,-0.20966629236069434,0.20966629236069434
67100,16,22,Standard,81.0,0,82.29958812828129,-1.299588128281286,-0.07792303390859916,0.07792303390859916
67100,3,23,Standard,78.0,1,83.2662088885291,-5.266208888529107,-0.3157607897921647,0.3157607897921647
67100,29,24,Standard,84.0,1,83.66396007878362,0.3360399212163827,0.02014888379306554,0.02014888379306554
67100,28,25,Standard,96.0,0,83.20552632548028,12.794473674519722,0.7671539807775852,0.7671539807775852
67100,15,26,Standard,100.0,1,84.21660989142386,15.783390108576143,0.9463687885867076,0.9463687885867076
67100,22,27,Standard,100.0,1,88.33890960807493,11.661090391925072,0.6991965548522947,0.6991965548522947
67100,20,28,Standard,100.0,0,79.30511745853612,20.694882541463883,1.2408608534656682,1.2408608534656682
67100,6,29,Standard,83.0,1,83.77923038350725,-0.7792303835072545,-0.04672249174586499,0.04672249174586499
67100,91,30,Standard,80.0,0,79.79335801520149,0.20664198479850882,0.012390210435124291,0.012390210435124291
67100,18,31,Standard,100.0,0,82.55911040399295,17.440889596007054,1.0457521131584517,1.0457521131584517
67100,72,32,Standard,81.0,1,80.88264454537598,0.11735545462401831,0.00703660865394359,0.00703660865394359
67100,123,33,Standard,76.0,1,80.53149891039457,-4.531498910394575,-0.2717077322939572,0.2717077322939572
67100,112,34,Standard,82.0,1,80.38430842899554,1.6156915710044615,0.09687653059721432,0.09687653059721432
67100,13,35,Standard,76.0,1,79.51071073271476,-3.510710732714756,-0.2105014854440128,0.2105014854440128
67100,73,36,Standard,68.0,0,77.45343458322787,-9.453434583227875,-0.5668259716682711,0.5668259716682711
67100,100,37,Standard,25.0,0,78.75341759349747,-53.753417593497474,-3.2230437403123133,3.2230437403123133
67100,105,38,Standard,82.0,0,79.51810234338029,2.481897656619708,0.148814067353954,0.148814067353954
67100,69,39,Standard,89.0,0,80.4751643911987,8.524835608801297,0.5111473702736675,0.5111473702736675
67100,125,40,Standard,42.0,0,75.54737205640835,-33.54737205640835,-2.0114934519701113,2.0114934519701113
67100,5,41,Standard,75.0,0,77.87470671947345,-2.8747067194734512,-0.17236681707385004,0.17236681707385004
67100,90,42,Standard,72.0,1,81.47001306224989,-9.47001306224989,-0.5678200138227605,0.5678200138227605
67100,79,43,Standard,64.0,1,81.52111753088138,-17.521117530881384,-1.050562563449266,1.050562563449266
67100,81,44,Standard,63.0,0,79.30955427828222,-16.30955427828222,-0.9779174827808595,0.9779174827808595
67100,124,45,Standard,58.0,1,79.90214612304018,-21.902146123040183,-1.313248126753706,1.313248126753706
67100,66,46,Standard,74.0,0,78.16303766126012,-4.16303766126012,-0.24961487242128338,0.24961487242128338
67100,51,47,Standard,66.0,0,78.94302046617389,-12.943020466173891,-0.776060815513287,0.776060815513287
67100,99,48,Standard,65.0,0,78.3003809012735,-13.300380901273499,-0.7974880728849636,0.7974880728849636
67100,106,49,Standard,64.0,1,78.37746035701247,-14.377460357012467,-0.8620695330609658,0.8620695330609658
67100,58,50,Standard,69.0,1,82.483011573412,-13.483011573412,-0.8084385700064011,0.8084385700064011
67100,114,51,Standard,72.0,0,78.74969286230811,-6.749692862308109,-0.40471018035371376,0.40471018035371376
67100,36,52,Standard,69.0,0,78.0536258423342,-9.053625842334199,-0.5428535227087581,0.5428535227087581
67100,35,53,Standard,69.0,1,84.60040877207337,-15.600408772073365,-0.9353972657029124,0.9353972657029124
67100,7,54,Standard,70.0,1,85.60220179933651,-15.602201799336513,-0.9355047752447316,0.9355047752447316
67100,23,55,Standard,88.0,0,81.09139553687048,6.908604463129521,0.4142384868916113,0.4142384868916113
67100,2,56,Standard,73.0,1,80.17762862841128,-7.177628628411284,-0.4303691198954749,0.4303691198954749
67100,32,57,Standard,79.0,0,79.83492515591323,-0.8349251559132256,-0.050061938717007884,0.050061938717007884
67100,83,58,Standard,72.0,1,80.20219397620885,-8.202193976208846,-0.49180184508017666,0.49180184508017666
67100,27,59,Standard,70.0,0,81.47234474929498,-11.472344749294976,-0.6878794053718542,0.6878794053718542
67100,101,60,Standard,100.0,1,82.91523749328863,17.08476250671137,1.0243988069446912,1.0243988069446912
67100,68,61,Standard,91.0,0,76.1561481135411,14.843851886458907,0.8900342721755049,0.8900342721755049
67100,102,62,Standard,72.0,0,77.31556541026481,-5.31556541026481,-0.3187201965712248,0.3187201965712248
67100,48,63,Standard,72.0,1,86.31811723821329,-14.31811723821329,-0.8585113319987986,0.8585113319987986
67100,8,64,Standard,99.0,0,83.84674506839906,15.15325493160094,0.9085860144185736,0.9085860144185736
67105,35,1,Standard,80.0,1,77.14402221512904,2.8559777848709587,0.17124383404996535,0.17124383404996535
67105,113,2,Standard,67.0,1,76.69489340687582,-9.69489340687582,-0.5813037925202764,0.5813037925202764
67105,100,3,Standard,72.0,1,70.50850216976094,1.4914978302390551,0.08942989972832731,0.08942989972832731
67105,3,4,Standard,87.0,1,74.36418607579905,12.635813924200946,0.7576407751434506,0.7576407751434506
67105,31,5,Standard,77.0,1,70.49207820313828,6.507921796861723,0.39021363754840793,0.39021363754840793
67105,48,6,Standard,75.0,1,78.85261874739192,-3.852618747391915,-0.23100221890065414,0.23100221890065414
67105,6,7,Standard,70.0,0,73.43060724796914,-3.430607247969135,-0.20569849715703534,0.20569849715703534
67105,124,8,Standard,69.0,0,71.54149213604344,-2.541492136043445,-0.15238733994689665,0.15238733994689665
67105,102,9,Standard,79.0,0,69.65582597152782,9.344174028472182,0.5602747315270119,0.5602747315270119
67105,121,10,Standard,76.0,1,73.12552081738704,2.8744791826129585,0.1723531740110136,0.1723531740110136
67105,36,11,Standard,76.0,0,68.53733873285452,7.462661267145478,0.44745961763841424,0.44745961763841424
67105,75,12,Standard,69.0,0,67.09863948646282,1.9013605135371847,0.11400518098358736,0.11400518098358736
67105,105,13,Standard,71.0,0,69.30090068564088,1.6990993143591169,0.10187764154323384,0.10187764154323384
67105,16,14,Standard,76.0,0,71.33766476301588,4.66233523698412,0.27955265122746337,0.27955265122746337
67105,60,15,Standard,74.0,1,72.77979772945406,1.2202022705459399,0.07316307438791962,0.07316307438791962
67105,66,16,Standard,72.0,1,69.74289360045864,2.2571063995413567,0.13533563032726417,0.13533563032726417
67105,67,17,Standard,70.0,1,72.73169358347259,-2.731693583472591,-0.16379177918033824,0.16379177918033824
67105,18,18,Standard,68.0,0,73.14708459460658,-5.147084594606582,-0.30861812190173155,0.30861812190173155
67105,26,19,Standard,73.0,1,79.1779174533423,-6.177917453342303,-0.37042664573888984,0.37042664573888984
67105,82,20,Standard,70.0,0,68.40564244116764,1.5943575588323569,0.09559734766400924,0.09559734766400924
67105,22,21,Standard,75.0,1,78.63924599467563,-3.6392459946756333,-0.21820843302091483,0.21820843302091483
67105,17,22,Standard,77.0,1,77.30386312699383,-0.3038631269938321,-0.01821956990298733,0.01821956990298733
67105,115,23,Standard,76.0,1,76.88685532052565,-0.8868553205256546,-0.05317566058774015,0.05317566058774015
67105,123,24,Standard,79.0,1,69.61338270439542,9.38661729560458,0.5628196209977426,0.5628196209977426
67105,27,25,Standard,67.0,1,72.98026928449953,-5.980269284499528,-0.35857570263811184,0.35857570263811184
67105,28,26,Standard,70.0,1,71.84933852681878,-1.8493385268187836,-0.11088595347847639,0.11088595347847639
67105,63,27,Standard,68.0,1,68.41329730345025,-0.41329730345024984,-0.02478122036531547,0.02478122036531547
67105,101,28,Standard,68.0,1,74.3545600208114,-6.354560020811405,-0.3810180973496402,0.3810180973496402
67105,15,29,Standard,78.0,1,74.35082957483665,3.649170425163348,0.21880349980906752,0.21880349980906752
67105,8,30,Standard,59.0,0,75.35466960360361,-16.35466960360361,-0.9806225883049193,0.9806225883049193
67105,57,31,Standard,70.0,1,73.34502785265721,-3.3450278526572106,-0.20056717441127603,0.20056717441127603
67105,23,32,Standard,68.0,1,72.11744132014645,-4.117441320146455,-0.24688092529035116,0.24688092529035116
67105,99,33,Standard,72.0,1,68.97596941041962,3.024030589580377,0.18132024527197743,0.18132024527197743
67105,72,34,Standard,72.0,0,69.48264958744825,2.5173504125517496,0.1509398072268623,0.1509398072268623
67105,20,35,Standard,66.0,1,69.0169484638251,-3.016948463825102,-0.18089560248449438,0.18089560248449438
67105,64,36,Standard,65.0,1,70.24914404044739,-5.249144040447391,-0.31473758505000127,0.31473758505000127
67105,125,37,Standard,62.0,1,65.94443469541854,-3.9444346954185363,-0.2365074840502293,0.2365074840502293
67105,5,38,Standard,68.0,1,68.27176935848365,-0.27176935848365247,-0.0162952342173568,0.0162952342173568
67105,81,39,Standard,69.0,1,69.56608350561667,-0.5660835056166746,-0.033942249273701694,0.033942249273701694
67105,29,40,Standard,70.0,1,73.22868669173539,-3.2286866917353905,-0.1935913825967831,0.1935913825967831
67105,7,41,Standard,67.0,1,76.20918830080088,-9.209188300800875,-0.5521810153675554,0.5521810153675554
67105,2,42,Standard,70.0,1,69.4785482187433,0.521451781256701,0.031266140362718534,0.031266140362718534
67105,69,43,Standard,63.0,1,68.98755511473851,-5.987555114738512,-0.3590125595040756,0.3590125595040756
67105,111,44,Standard,71.0,1,70.95980990673907,0.04019009326093226,0.002409789633968976,0.002409789633968976
67105,58,45,Standard,73.0,1,71.3896667303479,1.6103332696521022,0.09655524796244251,0.09655524796244251
67105,91,46,Standard,66.0,1,67.7800628275465,-1.7800628275465016,-0.10673219695672741,0.10673219695672741
67105,13,47,Standard,68.0,1,69.02251825252324,-1.0225182525232412,-0.061309981777768634,0.061309981777768634
67105,32,48,Standard,67.0,0,70.49483075052082,-3.494830750520819,-0.2095493250140752,0.2095493250140752
67105,68,49,Standard,70.0,0,66.94747518594738,3.0525248140526173,0.1830287530456565,0.1830287530456565
67105,83,50,Standard,79.0,1,70.81829241155023,8.181707588449768,0.4905734855305041,0.4905734855305041
67105,50,51,Standard,65.0,1,64.68978803619166,0.31021196380834226,0.018600244838077346,0.018600244838077346
67105,80,52,Standard,68.0,1,73.15724069646723,-5.157240696467227,-0.3092270796572266,0.3092270796572266
67105,112,53,Standard,73.0,1,69.58946583394041,3.410534166059591,0.20449491934014954,0.20449491934014954
67105,120,54,Standard,75.0,1,67.82463253553408,7.175367464465921,0.430233540975544,0.430233540975544
67105,79,55,Standard,76.0,1,69.68305098029133,6.316949019708673,0.3787629495451273,0.3787629495451273
67105,76,56,Standard,82.0,0,66.46069749754844,15.539302502451562,0.9317333464840865,0.9317333464840865
67105,73,57,Standard,70.0,0,66.79912539984845,3.2008746001515505,0.19192377536923574,0.19192377536923574
67105,106,58,Standard,64.0,1,68.24883708482787,-4.248837084827869,-0.25475938801550474,0.25475938801550474
67105,114,59,Standard,76.0,1,68.41771670833083,7.582283291669171,0.45463212935218505,0.45463212935218505
67105,90,60,Standard,70.0,0,70.9471253566692,-0.9471253566692042,-0.05678943942111358,0.05678943942111358
67105,49,61,Standard,68.0,0,72.27985816730705,-4.279858167307054,-0.25661940566979324,0.25661940566979324
67105,110,62,Standard,61.0,1,65.65261246904583,-4.652612469045835,-0.2789696760838366,0.2789696760838366
67105,116,63,Standard,67.0,1,72.71763018777855,-5.717630187778553,-0.34282791701731036,0.34282791701731036
67105,51,64,Standard,68.0,0,68.46393991985941,-0.4639399198594134,-0.027817741113539247,0.027817741113539247
67144,108,1,Neutral,100.0,0,85.17317078031341,14.826829219686587,0.8890135966158809,0.8890135966158809
67144,85,2,Neutral,100.0,1,87.59612653459992,12.403873465400082,0.7437336734682314,0.7437336734682314
67144,86,3,Neutral,100.0,1,87.16015625886055,12.839843741139447,0.7698743605369169,0.7698743605369169
67144,56,4,Neutral,100.0,1,94.38586119673273,5.6141388032672666,0.3366225951241456,0.3366225951241456
67144,11,5,Neutral,100.0,1,94.13152044245611,5.868479557543893,0.35187281385771235,0.35187281385771235
67144,84,6,Neutral,100.0,1,88.3219689296121,11.678031070387902,0.7002123144099321,0.7002123144099321
67144,97,7,Neutral,100.0,1,86.44226201875799,13.557737981242013,0.812919149879739,0.812919149879739
67144,92,8,Neutral,100.0,1,89.49365602487488,10.50634397512512,0.6299581998427449,0.6299581998427449
67144,62,9,Neutral,100.0,0,82.14387604531804,17.856123954681962,1.0706494789522065,1.0706494789522065
67144,55,10,Neutral,100.0,1,92.24924490017388,7.750755099826122,0.46473366393377497,0.46473366393377497
67144,21,11,Neutral,22.0,1,84.61450964818349,-62.614509648183486,-3.7543529771531308,3.7543529771531308
67144,89,12,Neutral,100.0,0,82.04757348409511,17.95242651590489,1.0764237604959934,1.0764237604959934
67144,9,13,Neutral,100.0,0,90.18821522814561,9.811784771854391,0.5883125744555914,0.5883125744555914
67144,74,14,Neutral,100.0,0,84.03533434795672,15.96466565204328,0.9572380324748236,0.9572380324748236
67144,128,15,Neutral,100.0,0,85.46847660653279,14.53152339346721,0.8713071206877483,0.8713071206877483
67144,53,16,Neutral,27.0,0,82.75334925954324,-55.75334925954324,-3.3429592271013977,3.3429592271013977
67144,95,17,Neutral,50.0,1,84.2728401366346,-34.2728401366346,-2.054992367191689,2.054992367191689
67144,122,18,Neutral,23.0,0,83.5335274440679,-60.5335274440679,-3.6295777169567,3.6295777169567
67144,4,19,Neutral,100.0,1,87.84464108875056,12.155358911249436,0.7288327924825982,0.7288327924825982
67144,98,20,Neutral,19.0,1,82.08007346179305,-63.08007346179305,-3.7822680865982234,3.7822680865982234
67144,78,21,Neutral,71.0,1,87.12447526486287,-16.124475264862866,-0.9668201836253806,0.9668201836253806
67144,94,22,Neutral,100.0,1,93.44571750201345,6.554282497986549,0.39299341554665257,0.39299341554665257
67144,12,23,Neutral,100.0,1,89.72085862680791,10.27914137319209,0.6163351790800333,0.6163351790800333
67144,45,24,Neutral,79.0,1,84.55270706712528,-5.552707067125283,-0.3329391610004539,0.3329391610004539
67144,127,25,Neutral,78.0,1,83.87949273171242,-5.879492731712418,-0.35253316149055064,0.35253316149055064
67144,93,26,Neutral,76.0,1,84.51870569236931,-8.51870569236931,-0.5107798217591868,0.5107798217591868
67144,59,27,Neutral,100.0,1,83.93788077699381,16.062119223006192,0.9630813283232552,0.9630813283232552
67144,54,28,Neutral,76.0,1,87.35488714481141,-11.354887144811414,-0.6808366718335755,0.6808366718335755
67144,117,29,Neutral,72.0,0,86.91086988741283,-14.91086988741283,-0.8940526575755974,0.8940526575755974
67144,87,30,Neutral,77.0,1,84.01551728633258,-7.015517286332582,-0.4206489575372103,0.4206489575372103
67144,47,31,Neutral,100.0,0,89.376391387731,10.623608612268995,0.6369893630994656,0.6369893630994656
67144,19,32,Neutral,100.0,0,88.15714246661386,11.842857533386137,0.7100952748538937,0.7100952748538937
67144,39,33,Neutral,100.0,1,88.45782117855087,11.542178821449127,0.6920666418154805,0.6920666418154805
67144,25,34,Neutral,74.0,0,88.02036607086609,-14.020366070866089,-0.8406582339251764,0.8406582339251764
67144,52,35,Neutral,100.0,1,89.39362078202447,10.60637921797553,0.6359562922006649,0.6359562922006649
67144,103,36,Neutral,100.0,0,84.6283441778409,15.371655822159099,0.9216812863976571,0.9216812863976571
67144,14,37,Neutral,100.0,1,87.45642251759834,12.543577482401659,0.7521102972747127,0.7521102972747127
67144,44,38,Neutral,78.0,1,85.24013257229838,-7.2401325722983785,-0.43411684337258644,0.43411684337258644
67144,37,39,Neutral,100.0,1,85.87958776682905,14.120412233170953,0.8466569810113146,0.8466569810113146
67144,107,40,Neutral,100.0,1,85.40139483120902,14.598605168790982,0.8753293299857944,0.8753293299857944
67144,70,41,Neutral,100.0,1,82.72075751560838,17.279242484391617,1.036059785962223,1.036059785962223
67144,34,42,Neutral,100.0,1,89.99930656289837,10.000693437101631,0.5996394987382536,0.5996394987382536
67144,30,43,Neutral,100.0,1,87.31988122831967,12.680118771680327,0.7602972845846511,0.7602972845846511
67144,24,44,Neutral,50.0,0,86.27377550999338,-36.273775509993385,-2.1749680360625305,2.1749680360625305
67144,96,45,Neutral,50.0,0,78.18279755045819,-28.18279755045819,-1.6898346802135547,1.6898346802135547
67144,10,46,Neutral,100.0,1,84.65181076411743,15.348189235882572,0.9202742347646423,0.9202742347646423
67144,1,47,Neutral,100.0,1,88.24266768498862,11.757332315011382,0.7049672005460204,0.7049672005460204
67144,38,48,Neutral,50.0,1,82.29550319878273,-32.295503198782725,-1.9364316556062968,1.9364316556062968
67144,41,49,Neutral,100.0,1,91.78138744390387,8.218612556096133,0.49278629971580035,0.49278629971580035
67144,42,50,Neutral,100.0,1,85.50634155801202,14.493658441987975,0.869036746071472,0.869036746071472
67144,104,51,Neutral,50.0,1,85.44898460048736,-35.448984600487364,-2.1255137446525745,2.1255137446525745
67144,119,52,Neutral,100.0,1,81.51394256308882,18.48605743691118,1.108420159545316,1.108420159545316
67144,71,53,Neutral,100.0,1,82.82032750037267,17.17967249962733,1.0300895903823917,1.0300895903823917
67144,61,54,Neutral,100.0,1,81.93633365238044,18.06366634761956,1.0830936776721012,1.0830936776721012
67144,40,55,Neutral,100.0,1,90.09805852084081,9.901941479159191,0.5937183518765428,0.5937183518765428
67144,77,56,Neutral,100.0,0,83.26261289809096,16.737387101909036,1.0035702499131463,1.0035702499131463
67144,65,57,Neutral,100.0,0,82.2565708433918,17.7434291566082,1.0638923222957835,1.0638923222957835
67144,118,58,Neutral,50.0,1,85.69890411556392,-35.69890411556392,-2.1404988668031484,2.1404988668031484
67144,88,59,Neutral,100.0,1,83.53856877955202,16.461431220447977,0.987023992648696,0.987023992648696
67144,46,60,Neutral,50.0,0,81.94480844142333,-31.944808441423334,-1.9154040708857252,1.9154040708857252
67144,33,61,Neutral,100.0,0,82.98956201724327,17.010437982756727,1.0199423239449446,1.0199423239449446
67144,126,62,Neutral,100.0,0,84.64220143444592,15.357798565554077,0.9208504081733837,0.9208504081733837
67144,43,63,Neutral,100.0,1,86.84462909039635,13.155370909603647,0.7887933039408063,0.7887933039408063
67144,109,64,Neutral,100.0,1,82.80369266235839,17.196307337641613,1.031087011810337,1.031087011810337
67179,23,1,Standard,66.0,0,75.98105951711236,-9.981059517112357,-0.5984622529787788,0.5984622529787788
67179,123,2,Standard,29.0,1,73.86224121284324,-44.862241212843244,-2.6899306535427963,2.6899306535427963
67179,68,3,Standard,72.0,0,71.31610228510132,0.6838977148986771,0.041006364761535116,0.041006364761535116
67179,32,4,Standard,71.0,1,74.77584353114229,-3.7758435311422858,-0.22639879290054757,0.22639879290054757
67179,99,5,Standard,77.0,0,72.7081661295868,4.2918338704132,0.25733746633756316,0.25733746633756316
67179,31,6,Standard,0.0,1,72.97287961443537,-72.97287961443537,-4.375438686196603,4.375438686196603
67179,36,7,Standard,61.0,1,71.99766837451014,-10.997668374510141,-0.6594179086537464,0.6594179086537464
67179,17,8,Standard,100.0,1,80.4417719272844,19.558228072715593,1.1727072878988836,1.1727072878988836
67179,81,9,Standard,65.0,1,73.40490685416701,-8.40490685416701,-0.5039564670862533,0.5039564670862533
67179,49,10,Standard,69.0,0,77.01961954959762,-8.019619549597621,-0.4808547204288577,0.4808547204288577
67179,101,11,Standard,100.0,1,77.6238902989007,22.376109701099296,1.3416668843283732,1.3416668843283732
67179,76,12,Standard,82.0,1,70.74171027816989,11.25828972183011,0.6750447104400761,0.6750447104400761
67179,79,13,Standard,83.0,1,74.80805267406382,8.191947325936184,0.49118745806072744,0.49118745806072744
67179,22,14,Standard,87.0,1,81.47050468010256,5.5294953198974355,0.3315473894638014,0.3315473894638014
67179,113,15,Standard,80.0,1,78.65000890697807,1.3499910930219272,0.08094518519261645,0.08094518519261645
67179,80,16,Standard,77.0,1,77.23989468976427,-0.2398946897642702,-0.014384035709618359,0.014384035709618359
67179,5,17,Standard,76.0,1,71.54521747598173,4.45478252401827,0.2671078337208209,0.2671078337208209
67179,114,18,Standard,81.0,0,72.71940649795907,8.28059350204093,0.4965026643450547,0.4965026643450547
67179,125,19,Standard,8.0,1,69.08646133511792,-61.08646133511792,-3.662731518075587,3.662731518075587
67179,120,20,Standard,72.0,1,71.83868452114935,0.16131547885065345,0.009672442564618947,0.009672442564618947
67179,28,21,Standard,83.0,0,75.35347532774063,7.646524672259375,0.45848402917269665,0.45848402917269665
67179,7,22,Standard,71.0,1,79.56613289742262,-8.56613289742262,-0.5136235471111925,0.5136235471111925
67179,72,23,Standard,22.0,1,73.24962934396748,-51.249629343967484,-3.07291711755984,3.07291711755984
67179,121,24,Standard,72.0,1,75.01781684737242,-3.0178168473724156,-0.1809476705814017,0.1809476705814017
67179,112,25,Standard,77.0,1,73.34067486395826,3.659325136041744,0.21941237416155623,0.21941237416155623
67179,111,26,Standard,71.0,0,74.2729473440946,-3.2729473440946037,-0.19624524210776903,0.19624524210776903
67179,63,27,Standard,35.0,0,70.91889356316288,-35.91889356316288,-2.1536893883320416,2.1536893883320416
67179,82,28,Standard,85.0,0,71.34028617162845,13.659713828371551,0.8190336004666662,0.8190336004666662
67179,58,29,Standard,81.0,1,75.37568228319832,5.624317716801684,0.33723292066285615,0.33723292066285615
67179,116,30,Standard,92.0,0,76.6688627032769,15.3311372967231,0.9192518040387722,0.9192518040387722
67179,48,31,Standard,80.0,1,80.28204833629938,-0.28204833629938264,-0.01691155958956543,0.01691155958956543
67179,73,32,Standard,78.0,0,70.24780215441147,7.752197845588526,0.4648201706696544,0.4648201706696544
67179,64,33,Standard,78.0,0,72.9051740888094,5.094825911190597,0.305484702111857,0.305484702111857
67179,8,34,Standard,97.0,0,77.68503722625131,19.31496277374869,1.1581211511624292,1.1581211511624292
67179,13,35,Standard,80.0,1,72.07281273428137,7.927187265718629,0.47531249990974794,0.47531249990974794
67179,91,36,Standard,68.0,0,71.50323542479951,-3.503235424799513,-0.21005326753598444,0.21005326753598444
67179,35,37,Standard,100.0,1,77.92046225445178,22.079537745548222,1.323884491548817,1.323884491548817
67179,105,38,Standard,72.0,0,71.4908227085757,0.5091772914242938,0.030530164504977853,0.030530164504977853
67179,69,39,Standard,73.0,1,72.44788475639412,0.5521152436058827,0.03310471518838297,0.03310471518838297
67179,3,40,Standard,100.0,1,75.1406261151218,24.859373884878195,1.4905628883666084,1.4905628883666084
67179,51,41,Standard,100.0,0,71.82500235588996,28.174997644110036,1.6893669994509926,1.6893669994509926
67179,6,42,Standard,78.0,1,75.18245767824163,2.817542321758367,0.16893925167479693,0.16893925167479693
67179,15,43,Standard,100.0,1,76.09102711801654,23.90897288198346,1.4335770418790175,1.4335770418790175
67179,100,44,Standard,100.0,0,71.0659064127525,28.934093587247503,1.7348822343394559,1.7348822343394559
67179,57,45,Standard,100.0,0,75.23732388264257,24.76267611735743,1.4847649103353906,1.4847649103353906
67179,18,46,Standard,100.0,0,74.42608039486468,25.573919605135316,1.5334069011558578,1.5334069011558578
67179,90,47,Standard,67.0,1,73.87011620003739,-6.870116200037387,-0.41193073864064983,0.41193073864064983
67179,2,48,Standard,19.0,1,72.50080626773656,-53.500806267736564,-3.2078972177528957,3.2078972177528957
67179,124,49,Standard,66.0,1,72.25099486584048,-6.250994865840482,-0.37480835219505704,0.37480835219505704
67179,16,50,Standard,44.0,0,73.04570803402216,-29.045708034022155,-1.741574613356655,1.741574613356655
67179,75,51,Standard,42.0,0,68.67526127967038,-26.67526127967038,-1.599443118925288,1.599443118925288
67179,60,52,Standard,67.0,1,73.66452909631604,-6.664529096316045,-0.39960377865553875,0.39960377865553875
67179,115,53,Standard,68.0,1,78.09724911310194,-10.097249113101938,-0.6054289569914542,0.6054289569914542
67179,106,54,Standard,87.0,1,70.77756349479996,16.222436505200037,0.9726939192239175,0.9726939192239175
67179,66,55,Standard,78.0,0,70.38791216198268,7.612087838017317,0.45641920375304806,0.45641920375304806
67179,20,56,Standard,100.0,0,70.60259437894682,29.39740562105318,1.7626623275357887,1.7626623275357887
67179,110,57,Standard,53.0,1,69.15674926996768,-16.156749269967676,-0.968755326259743,0.968755326259743
67179,27,58,Standard,82.0,0,74.04022928842646,7.95977071157354,0.4772661965471349,0.4772661965471349
67179,29,59,Standard,86.0,1,74.7498484385841,11.250151561415905,0.6745567480340571,0.6745567480340571
67179,50,60,Standard,77.0,0,66.82013217335887,10.179867826641129,0.6103827578738256,0.6103827578738256
67179,102,61,Standard,73.0,0,69.8834499493963,3.1165500506037063,0.1868676929145322,0.1868676929145322
67179,26,62,Standard,90.0,1,79.81881817545755,10.181181824542449,0.6104615449147289,0.6104615449147289
67179,83,63,Standard,88.0,1,72.60229711399634,15.397702886003657,0.9232430629290135,0.9232430629290135
67179,67,64,Standard,82.0,1,73.95785810255025,8.042141897449753,0.48220515572231015,0.48220515572231015
67180,48,1,Standard,100.0,1,73.81075989824689,26.189240101753114,1.570301390170632,1.570301390170632
67180,120,2,Standard,74.0,0,64.84171017190204,9.158289828097963,0.5491291535291665,0.5491291535291665
67180,64,3,Standard,72.0,0,66.43388565075689,5.566114349243108,0.33374305884805205,0.33374305884805205
67180,115,4,Standard,16.0,1,72.45829670110788,-56.458296701107884,-3.38522772909631,3.38522772909631
67180,58,5,Standard,88.0,1,67.88105845552104,20.118941544478957,1.2063275510594962,1.2063275510594962
67180,2,6,Standard,68.0,0,65.79471130685151,2.205288693148489,0.13222865142798995,0.13222865142798995
67180,111,7,Standard,40.0,0,67.31978015411352,-27.319780154113516,-1.6380883366023566,1.6380883366023566
67180,31,8,Standard,70.0,0,65.09976207986337,4.900237920136632,0.29381724663489966,0.29381724663489966
67180,106,9,Standard,45.0,1,65.13449324339712,-20.134493243397117,-1.2072600276924883,1.2072600276924883
67180,72,10,Standard,76.0,1,65.27312676436165,10.726873235638351,0.6431810884417176,0.6431810884417176
67180,23,11,Standard,100.0,0,67.77649701926117,32.22350298073883,1.9321145375055944,1.9321145375055944
67180,32,12,Standard,22.0,0,66.81099383862905,-44.810993838629045,-2.6868578716423483,2.6868578716423483
67180,20,13,Standard,24.0,1,64.71981132220603,-40.71981132220603,-2.4415514187624576,2.4415514187624576
67180,15,14,Standard,67.0,1,69.74704231835395,-2.747042318353948,-0.16471208613189206,0.16471208613189206
67180,83,15,Standard,26.0,1,67.09064834039219,-41.09064834039219,-2.4637867292534055,2.4637867292534055
67180,29,16,Standard,79.0,1,69.01916386864879,9.98083613135121,0.5984488588149959,0.5984488588149959
67180,50,17,Standard,15.0,0,60.918336805767396,-45.918336805767396,-2.753253925668239,2.753253925668239
67180,13,18,Standard,22.0,0,65.03203122576782,-43.032031225767824,-2.580191643329349,2.580191643329349
67180,123,19,Standard,35.0,1,64.57152385525039,-29.57152385525039,-1.7731024206485182,1.7731024206485182
67180,124,20,Standard,35.0,1,65.75491157937242,-30.75491157937242,-1.8440581024888358,1.8440581024888358
67180,75,21,Standard,83.0,0,61.44348040759051,21.556519592409487,1.2925244318537954,1.2925244318537954
67180,28,22,Standard,70.0,0,66.7636725184075,3.2363274815924967,0.19404952276763185,0.19404952276763185
67180,81,23,Standard,95.0,0,65.00610340840021,29.993896591599793,1.7984278020831341,1.7984278020831341
67180,51,24,Standard,100.0,0,64.95533164503256,35.04466835496744,2.101271026653055,2.101271026653055
67180,66,25,Standard,33.0,0,64.08773452158633,-31.087734521586327,-1.864014096889918,1.864014096889918
67180,5,26,Standard,42.0,0,63.53656062420226,-21.53656062420226,-1.2913276962707694,1.2913276962707694
67180,7,27,Standard,78.0,1,71.56159388505193,6.438406114948066,0.38604549171738906,0.38604549171738906
67180,110,28,Standard,76.0,1,61.88116123862157,14.118838761378427,0.8465626359698549,0.8465626359698549
67180,49,29,Standard,100.0,0,68.42079261835033,31.579207381649667,1.8934827073723175,1.8934827073723175
67180,68,30,Standard,33.0,0,62.518916566529626,-29.518916566529626,-1.7699480985570653,1.7699480985570653
67180,91,31,Standard,24.0,0,63.1762755710638,-39.1762755710638,-2.3490013361186137,2.3490013361186137
67180,79,32,Standard,82.0,1,65.42972099793849,16.57027900206151,0.9935504829981918,0.9935504829981918
67180,69,33,Standard,79.0,1,64.16473206192464,14.835267938075361,0.8895195804155507,0.8895195804155507
67180,67,34,Standard,100.0,1,66.7260772304704,33.273922769529605,1.9950974895955438,1.9950974895955438
67180,125,35,Standard,83.0,1,60.771154368474804,22.228845631525196,1.3328369613418367,1.3328369613418367
67180,18,36,Standard,100.0,0,67.09766108233818,32.90233891766182,1.9728173991123579,1.9728173991123579
67180,101,37,Standard,82.0,1,68.6994009419391,13.300599058060897,0.7975011535205678,0.7975011535205678
67180,57,38,Standard,88.0,1,67.77748309231735,20.222516907682646,1.2125379082975931,1.2125379082975931
67180,76,39,Standard,71.0,0,61.9445245595982,9.0554754404018,0.5429644242242478,0.5429644242242478
67180,27,40,Standard,100.0,0,67.06226725002983,32.937732749970166,1.9749396059370432,1.9749396059370432
67180,73,41,Standard,67.0,0,62.239145302632,4.7608546973680035,0.28545985758391346,0.28545985758391346
67180,6,42,Standard,100.0,1,66.63646202817475,33.36353797182525,2.000470798488758,2.000470798488758
67180,82,43,Standard,0.0,1,62.137183132568055,-62.137183132568055,-3.7257325785419457,3.7257325785419457
67180,113,44,Standard,19.0,1,69.59409807221778,-50.594098072217776,-3.033611598830414,3.033611598830414
67180,100,45,Standard,90.0,0,63.407706835102914,26.592293164897086,1.5944683680175815,1.5944683680175815
67180,60,46,Standard,82.0,1,66.16088114672462,15.83911885327538,0.9497102725294898,0.9497102725294898
67180,105,47,Standard,100.0,0,62.55056262511272,37.44943737488728,2.245460476990204,2.245460476990204
67180,112,48,Standard,0.0,1,64.54760698479537,-64.54760698479537,-3.870261091448268,3.870261091448268
67180,121,49,Standard,100.0,1,66.15614696052772,33.84385303947228,2.0292703900582567,2.0292703900582567
67180,114,50,Standard,71.0,0,63.55108649625075,7.448913503749253,0.44663530460416995,0.44663530460416995
67180,16,51,Standard,100.0,0,64.45590522468903,35.54409477531097,2.131216530955827,2.131216530955827
67180,17,52,Standard,100.0,1,70.7287537035306,29.2712462964694,1.7550978406699158,1.7550978406699158
67180,99,53,Standard,40.0,1,62.83893157961873,-22.83893157961873,-1.3694175879156758,1.3694175879156758
67180,26,54,Standard,97.0,1,72.3837722335479,24.6162277664521,1.4759838976705961,1.4759838976705961
67180,80,55,Standard,100.0,1,67.76492457319232,32.23507542680768,1.93280841896527,1.93280841896527
67180,36,56,Standard,81.0,0,61.305121920397795,19.694878079602205,1.1809007938939853,1.1809007938939853
67180,102,57,Standard,100.0,0,62.29218768127238,37.70781231872762,2.260952584891058,2.260952584891058
67180,90,58,Standard,35.0,1,65.77384502972545,-30.77384502972545,-1.8451933482345917,1.8451933482345917
67180,22,59,Standard,83.0,1,71.71367929708252,11.286320702917479,0.6767254422367346,0.6767254422367346
67180,3,60,Standard,0.0,1,66.65009051141377,-66.65009051141377,-3.996325566470539,3.996325566470539
67180,8,61,Standard,85.0,0,68.73575302087417,16.26424697912583,0.9752008665455761,0.9752008665455761
67180,35,62,Standard,82.0,1,69.21089085441255,12.789109145587446,0.7668323247384167,0.7668323247384167
67180,63,63,Standard,10.0,1,61.57534492438961,-51.57534492438961,-3.092446956025938,3.092446956025938
67180,116,64,Standard,69.0,0,67.4129283830361,1.5870716169638968,0.09516048410476532,0.09516048410476532
67186,116,1,Standard,83.0,0,87.42240956407613,-4.422409564076133,-0.26516675777499105,0.26516675777499105
67186,64,2,Standard,74.0,1,83.76534757899176,-9.765347578991765,-0.5855282100286554,0.5855282100286554
67186,67,3,Standard,87.0,1,86.55051720943469,0.4494827905653125,0.02695089464757846,0.02695089464757846
67186,99,4,Standard,84.0,1,82.23511253093147,1.7648874690685261,0.10582228561826489,0.10582228561826489
67186,23,5,Standard,79.0,0,85.28897012212583,-6.288970122125832,-0.37708534066456895,0.37708534066456895
67186,105,6,Standard,80.0,0,82.81307419673936,-2.8130741967393647,-0.16867134382785157,0.16867134382785157
67186,72,7,Standard,6.0,0,83.8709662838714,-77.8709662838714,-4.6691269442868695,4.6691269442868695
67186,5,8,Standard,70.0,1,81.42262115145627,-11.42262115145627,-0.6848979887859953,0.6848979887859953
67186,106,9,Standard,74.0,1,82.23202490385893,-8.232024903858928,-0.49359050129841747,0.49359050129841747
67186,22,10,Standard,76.0,1,91.14788487009662,-15.147884870096618,-0.9082640266475357,0.9082640266475357
67186,75,11,Standard,70.0,0,80.34797004196389,-10.34797004196389,-0.6204621317459382,0.6204621317459382
67186,80,12,Standard,66.0,1,86.89826256890765,-20.898262568907654,-1.253055477616161,1.253055477616161
67186,8,13,Standard,73.0,0,88.08812681292068,-15.088126812920677,-0.9046809459665887,0.9046809459665887
67186,35,14,Standard,99.0,1,88.41116615965359,10.58883384034641,0.6349042750067704,0.6349042750067704
67186,2,15,Standard,93.0,0,83.86686491516645,9.133135084833555,0.5476208803542284,0.5476208803542284
67186,121,16,Standard,72.0,1,84.85141336358073,-12.851413363580733,-0.7705680726924706,0.7705680726924706
67186,26,17,Standard,81.0,1,91.29229189536719,-10.292291895367185,-0.6171236816548614,0.6171236816548614
67186,50,18,Standard,82.0,0,78.1621844154698,3.8378155845302047,0.23011462433394084,0.23011462433394084
67186,76,19,Standard,75.0,0,79.91819940538467,-4.918199405384669,-0.29489421355509043,0.29489421355509043
67186,49,20,Standard,81.0,0,86.0646871990137,-5.064687199013704,-0.3036775911973957,0.3036775911973957
67186,28,21,Standard,37.0,0,85.27389771938478,-48.27389771938478,-2.8944928681848405,2.8944928681848405
67186,125,22,Standard,43.0,0,78.43817909939764,-35.438179099397644,-2.1248658490543533,2.1248658490543533
67186,57,23,Standard,67.0,1,85.68422062857816,-18.68422062857816,-1.120301983307529,1.120301983307529
67186,112,24,Standard,10.0,0,82.88663357615361,-72.88663357615361,-4.370267391677007,4.370267391677007
67186,114,25,Standard,81.0,0,81.89589562517385,-0.8958956251738499,-0.05371771537441862,0.05371771537441862
67186,27,26,Standard,100.0,0,84.92519762702437,15.074802372975626,0.903882015318442,0.903882015318442
67186,6,27,Standard,81.0,1,85.75998745887928,-4.75998745887928,-0.28540785814448105,0.28540785814448105
67186,66,28,Standard,100.0,0,81.05384470424941,18.946155295750586,1.136007531479093,1.136007531479093
67186,115,29,Standard,100.0,1,88.65077248842067,11.349227511579329,0.6804973214019605,0.6804973214019605
67186,58,30,Standard,97.0,1,85.25229751557623,11.747702484423769,0.7043897979066126,0.7043897979066126
67186,17,31,Standard,100.0,1,88.93635881709014,11.063641182909862,0.6633736245256479,0.6633736245256479
67186,32,32,Standard,100.0,1,83.03238231376616,16.967617686233837,1.0173748278703674,1.0173748278703674
67186,100,33,Standard,96.0,0,81.03092440675951,14.96907559324049,0.8975426595925294,0.8975426595925294
67186,69,34,Standard,100.0,1,82.58734294436944,17.41265705563056,1.0440592959087338,1.0440592959087338
67186,101,35,Standard,99.0,1,86.0746700294402,12.925329970559801,0.7750000970751925,0.7750000970751925
67186,81,36,Standard,100.0,0,81.72426510690781,18.275734893092192,1.0958092635567351,1.0958092635567351
67186,20,37,Standard,98.0,1,80.91806964708371,17.081930352916288,1.0242289915921146,1.0242289915921146
67186,68,38,Standard,98.0,0,79.26599095286154,18.734009047138457,1.123287286530374,1.123287286530374
67186,124,39,Standard,99.0,1,82.17220570058126,16.82779429941874,1.0089910466746916,1.0089910466746916
67186,15,40,Standard,98.0,1,85.70558783789369,12.294412162106312,0.7371703964863769,0.7371703964863769
67186,13,41,Standard,91.0,1,81.31212133161307,9.68787866838693,0.5808831902592718,0.5808831902592718
67186,113,42,Standard,99.0,1,86.96936715971889,12.030632840281115,0.7213542432054482,0.7213542432054482
67186,48,43,Standard,100.0,1,89.25851397803368,10.741486021966324,0.6440572680710588,0.6440572680710588
67186,91,44,Standard,98.0,0,81.07320054231378,16.926799457686215,1.0149273753752357,1.0149273753752357
67186,18,45,Standard,94.0,0,83.95302679620934,10.046973203790657,0.6024144239245588,0.6024144239245588
67186,123,46,Standard,93.0,1,81.8551485967731,11.144851403226895,0.6682429724473298,0.6682429724473298
67186,31,47,Standard,85.0,0,80.67893763744888,4.3210623625511175,0.2590900006477775,0.2590900006477775
67186,83,48,Standard,86.0,1,82.74254374506828,3.257456254931725,0.19531639962309927,0.19531639962309927
67186,120,49,Standard,52.0,0,80.07042845535767,-28.07042845535767,-1.6830970526396738,1.6830970526396738
67186,29,50,Standard,98.0,1,84.62725211405863,13.372747885941365,0.8018271822361661,0.8018271822361661
67186,36,51,Standard,88.0,0,79.99057575843999,8.009424241560012,0.48024341187914515,0.48024341187914515
67186,79,52,Standard,88.0,1,83.01999585432485,4.980004145675153,0.298600012929956,0.298600012929956
67186,63,53,Standard,94.0,1,79.26304666431923,14.736953335680766,0.8836246573015359,0.8836246573015359
67186,102,54,Standard,90.0,0,79.67323930633836,10.32676069366164,0.6191904236324445,0.6191904236324445
67186,73,55,Standard,91.0,0,78.72337673336652,12.276623266633479,0.7361037780132155,0.7361037780132155
67186,60,56,Standard,87.0,1,82.97243970132955,4.027560298670451,0.24149167793436255,0.24149167793436255
67186,3,57,Standard,68.0,1,83.87904364967424,-15.879043649674244,-0.9521041550187805,0.9521041550187805
67186,16,58,Standard,87.0,0,82.61567315153643,4.384326848463573,0.2628833260665669,0.2628833260665669
67186,51,59,Standard,90.0,0,80.51961273117617,9.480387268823833,0.5684420490915076,0.5684420490915076
67186,111,60,Standard,94.0,0,82.28565548197176,11.714344518028241,0.70238966117868,0.70238966117868
67186,110,61,Standard,91.0,1,78.9019430245469,12.098056975453105,0.7253969803287961,0.7253969803287961
67186,82,62,Standard,91.0,0,79.77126514822066,11.228734851779336,0.6732726065780806,0.6732726065780806
67186,90,63,Standard,91.0,1,82.65234089385608,8.347659106143922,0.5005239040200659,0.5005239040200659
67186,7,64,Standard,90.0,1,87.22838376116991,2.7716162388300916,0.166185533293234,0.166185533293234
67194,52,1,Neutral,42.0,1,52.746174151777716,-10.746174151777716,-0.6443383673596035,0.6443383673596035
67194,84,2,Neutral,56.0,1,50.36030752137833,5.639692478621669,0.3381547881842375,0.3381547881842375
67194,126,3,Neutral,35.0,1,49.08993378585501,-14.08993378585501,-0.8448294996485672,0.8448294996485672
67194,74,4,Neutral,57.0,1,46.33651589532036,10.66348410467964,0.639380289331876,0.639380289331876
67194,65,5,Neutral,54.0,1,46.39765307993726,7.602346920062743,0.45583514033821915,0.45583514033821915
67194,11,6,Neutral,57.0,1,55.950823237891186,1.0491767621088144,0.06290842046859954,0.06290842046859954
67194,34,7,Neutral,54.0,1,53.39566709191786,0.6043329080821422,0.03623567549116186,0.03623567549116186
67194,97,8,Neutral,59.0,0,48.26156481419304,10.738435185806964,0.6438743405693973,0.6438743405693973
67194,21,9,Neutral,55.0,0,46.56523392141724,8.434766078582761,0.5057468199726791,0.5057468199726791
67194,88,10,Neutral,50.0,1,47.54822953829878,2.451770461701223,0.14700764701191163,0.14700764701191163
67194,128,11,Neutral,50.0,0,47.50681519829904,2.493184801700963,0.1494908422257444,0.1494908422257444
67194,38,12,Neutral,50.0,1,45.73567088706845,4.264329112931549,0.2556882867988696,0.2556882867988696
67194,119,13,Neutral,50.0,1,45.08553172917323,4.914468270826767,0.2946704955029276,0.2946704955029276
67194,25,14,Neutral,50.0,0,50.759619210892055,-0.7596192108920548,-0.04554660991420914,0.04554660991420914
67194,98,15,Neutral,50.0,1,44.162219212825505,5.837780787174495,0.35003212197049843,0.35003212197049843
67194,14,16,Neutral,50.0,1,50.23948281689056,-0.23948281689055761,-0.01435933989776389,0.01435933989776389
67194,44,17,Neutral,50.0,1,48.02319287159059,1.976807128409412,0.11852894432140167,0.11852894432140167
67194,10,18,Neutral,50.0,1,47.741521178273274,2.258478821726726,0.13541792047608917,0.13541792047608917
67194,96,19,Neutral,50.0,1,41.184893646081555,8.815106353918445,0.528551943786009,0.528551943786009
67194,86,20,Neutral,50.0,0,48.27854450603586,1.721455493964143,0.10321811342314635,0.10321811342314635
67194,54,21,Neutral,50.0,1,49.52464721437635,0.4753527856236488,0.02850205417133622,0.02850205417133622
67194,108,22,Neutral,50.0,1,46.1163303904238,3.883669609576202,0.2328640221398676,0.2328640221398676
67194,85,23,Neutral,50.0,1,48.5392861447103,1.460713855289697,0.08758409899221817,0.08758409899221817
67194,55,24,Neutral,47.0,1,53.4990546251479,-6.499054625147899,-0.3896819637764695,0.3896819637764695
67194,107,25,Neutral,50.0,1,47.921612174903814,2.0783878250961862,0.12461970176995646,0.12461970176995646
67194,117,26,Neutral,50.0,0,48.90540131991284,1.0945986800871594,0.06563190922461111,0.06563190922461111
67194,77,27,Neutral,50.0,1,46.39613047151305,3.6038695284869533,0.21608726746515325,0.21608726746515325
67194,94,28,Neutral,50.0,1,55.04598450111734,-5.0459845011173385,-0.30255618132095413,0.30255618132095413
67194,45,29,Neutral,50.0,0,46.196781225495414,3.803218774504586,0.22804020679957865,0.22804020679957865
67194,95,30,Neutral,50.0,0,45.566457020874836,4.433542979125164,0.2658343150260191,0.2658343150260191
67194,12,31,Neutral,50.0,0,51.23351130737934,-1.233511307379338,-0.07396108146869469,0.07396108146869469
67194,53,32,Neutral,50.0,1,43.9155446659848,6.084455334015203,0.3648226765004768,0.3648226765004768
67194,104,33,Neutral,50.0,1,48.10062342198086,1.8993765780191367,0.11388622462250565,0.11388622462250565
67194,122,34,Neutral,50.0,0,44.69572285050944,5.304277149490559,0.3180433548027144,0.3180433548027144
67194,4,35,Neutral,50.0,1,49.00683649519213,0.9931635048078675,0.05954987720938622,0.05954987720938622
67194,89,36,Neutral,50.0,1,42.859311616406785,7.140688383593215,0.4281541904982995,0.4281541904982995
67194,59,37,Neutral,50.0,1,45.36291913903276,4.637080860967238,0.27803840409340674,0.27803840409340674
67194,9,38,Neutral,50.0,1,50.95614620119106,-0.9561462011910606,-0.057330327382663714,0.057330327382663714
67194,71,39,Neutral,50.0,0,45.296737684801236,4.703262315198764,0.28200663032599305,0.28200663032599305
67194,87,40,Neutral,0.0,0,45.44055564837155,-45.44055564837155,-2.7246062668304476,2.7246062668304476
67194,56,41,Neutral,50.0,1,54.6281062585834,-4.628106258583401,-0.27750028880083566,0.27750028880083566
67194,39,42,Neutral,50.0,1,49.926666699856064,0.07333330014393624,0.0043970494261922,0.0043970494261922
67194,24,43,Neutral,0.0,0,48.18069262396091,-48.18069262396091,-2.888904310046214,2.888904310046214
67194,1,44,Neutral,50.0,1,50.2371991174886,-0.23719911748860056,-0.014222409756542077,0.014222409756542077
67194,42,45,Neutral,50.0,1,47.588487309044496,2.4115126909555045,0.14459379945002912,0.14459379945002912
67194,127,46,Neutral,8.0,1,44.82265234182281,-36.82265234182281,-2.207878576754259,2.207878576754259
67194,19,47,Neutral,50.0,0,49.36314503232165,0.636854967678353,0.03818569142124314,0.03818569142124314
67194,37,48,Neutral,50.0,0,47.34843328813423,2.651566711865769,0.1589873886220267,0.1589873886220267
67194,33,49,Neutral,50.0,1,45.37835788313936,4.621642116860642,0.2771127002074259,0.2771127002074259
67194,92,50,Neutral,50.0,1,49.51686529039436,0.4831347096056433,0.028968656714962907,0.028968656714962907
67194,43,51,Neutral,50.0,0,49.23342495629247,0.7665750437075332,0.04596368020328595,0.04596368020328595
67194,47,52,Neutral,50.0,0,50.31955099784138,-0.3195509978413824,-0.019160211376547172,0.019160211376547172
67194,93,53,Neutral,0.0,0,45.19902234688229,-45.19902234688229,-2.7101239803025656,2.7101239803025656
67194,118,54,Neutral,50.0,0,47.73724270733014,2.2627572926698605,0.13567445670408607,0.13567445670408607
67194,61,55,Neutral,52.0,1,43.75563644781552,8.244363552184481,0.4943303240860647,0.4943303240860647
67194,30,56,Neutral,50.0,1,48.613498112559924,1.386501887440076,0.08313436483312138,0.08313436483312138
67194,103,57,Neutral,50.0,1,45.571503787951286,4.428496212048714,0.26553171192164393,0.26553171192164393
67194,62,58,Neutral,50.0,0,41.86043519597388,8.139564804026122,0.48804661294050167,0.48804661294050167
67194,41,59,Neutral,50.0,1,53.20642580594283,-3.2064258059428283,-0.1922566245140486,0.1922566245140486
67194,46,60,Neutral,50.0,0,43.80791839612462,6.19208160387538,0.37127592525926767,0.37127592525926767
67194,70,61,Neutral,50.0,1,43.707724284985,6.292275715015002,0.37728354332677044,0.37728354332677044
67194,78,62,Neutral,50.0,1,47.191491689648565,2.808508310351435,0.16839757422955584,0.16839757422955584
67194,40,63,Neutral,50.0,1,51.610711201412215,-1.6107112014122151,-0.09657790867218397,0.09657790867218397
67194,109,64,Neutral,50.0,0,44.66680261705968,5.33319738294032,0.3197774059860925,0.3197774059860925
67212,94,1,Neutral,100.0,1,104.67841751598553,-4.6784175159855295,-0.28051694133190724,0.28051694133190724
67212,103,2,Neutral,100.0,0,96.4495495731247,3.550450426875301,0.21288426924158782,0.21288426924158782
67212,127,3,Neutral,100.0,0,95.59328305451646,4.406716945483538,0.26422583162762564,0.26422583162762564
67212,34,4,Neutral,100.0,1,101.97672828439642,-1.9767282843964153,-0.11852421685077884,0.11852421685077884
67212,46,5,Neutral,100.0,1,94.55287800534323,5.447121994656769,0.3266083020127784,0.3266083020127784
67212,71,6,Neutral,100.0,0,95.07793979016273,4.922060209837269,0.2951257065871731,0.2951257065871731
67212,98,7,Neutral,100.0,0,92.98132851248593,7.018671487514069,0.42083808278410273,0.42083808278410273
67212,108,8,Neutral,100.0,0,95.61655348439666,4.383446515603339,0.26283054149134183,0.26283054149134183
67212,4,9,Neutral,100.0,0,98.48138848568996,1.518611514310038,0.09105563058664502,0.09105563058664502
67212,96,10,Neutral,100.0,1,90.46608094372326,9.533919056276744,0.5716518039346807,0.5716518039346807
67212,70,11,Neutral,100.0,0,94.23364809787245,5.766351902127553,0.3457492608774787,0.3457492608774787
67212,53,12,Neutral,100.0,0,93.67861071555508,6.321389284444919,0.37902918689531245,0.37902918689531245
67212,95,13,Neutral,100.0,1,94.76081844308068,5.23918155691932,0.3141402366094624,0.3141402366094624
67212,14,14,Neutral,100.0,1,98.66266298499878,1.337337015001225,0.08018644930604499,0.08018644930604499
67212,77,15,Neutral,100.0,0,95.2573822322836,4.742617767716396,0.2843663750745662,0.2843663750745662
67212,126,16,Neutral,100.0,0,96.85600656496973,3.143993435030268,0.18851319253760573,0.18851319253760573
67212,52,17,Neutral,100.0,1,100.49489931819784,-0.49489931819783806,-0.029674060199575664,0.029674060199575664
67212,65,18,Neutral,100.0,1,94.16372585905198,5.836274140948021,0.34994178377608215,0.34994178377608215
67212,88,19,Neutral,100.0,0,96.04088796914826,3.959112030851742,0.23738753403049662,0.23738753403049662
67212,21,20,Neutral,100.0,0,94.5520071950192,5.4479928049807995,0.32666051561871307,0.32666051561871307
67212,44,21,Neutral,100.0,1,96.73488709877125,3.265112901228747,0.19577549054278784,0.19577549054278784
67212,11,22,Neutral,100.0,1,103.6995484043113,-3.699548404311301,-0.22182415296214325,0.22182415296214325
67212,37,23,Neutral,100.0,1,96.77917811936584,3.220821880634162,0.1931198101587244,0.1931198101587244
67212,78,24,Neutral,100.0,1,97.324815767296,2.675184232703998,0.16040349025997275,0.16040349025997275
67212,38,25,Neutral,100.0,0,94.05310068085299,5.946899319147008,0.35657484645521326,0.35657484645521326
67212,118,26,Neutral,100.0,0,97.43249519231524,2.567504807684756,0.15394705432889846,0.15394705432889846
67212,87,27,Neutral,100.0,1,94.89697158307817,5.1030284169218305,0.30597652264970365,0.30597652264970365
67212,109,28,Neutral,58.0,0,94.69350006532397,-36.693500065323974,-2.2001346331139757,2.2001346331139757
67212,54,29,Neutral,100.0,1,98.06111280449207,1.938887195507931,0.11625527303048144,0.11625527303048144
67212,42,30,Neutral,100.0,1,96.69523441271785,3.304765587282148,0.19815305735235275,0.19815305735235275
67212,74,31,Neutral,100.0,0,94.04064545937764,5.959354540622357,0.3573216589446797,0.3573216589446797
67212,59,32,Neutral,98.0,1,94.05060696089447,3.94939303910553,0.23680478530656127,0.23680478530656127
67212,24,33,Neutral,100.0,0,97.0874162421538,2.912583757846207,0.17463791641774828,0.17463791641774828
67212,97,34,Neutral,54.0,1,95.45814452284671,-41.45814452284671,-2.485821723928646,2.485821723928646
67212,9,35,Neutral,100.0,0,99.55621970452032,0.4437802954796837,0.026608974228138543,0.026608974228138543
67212,93,36,Neutral,98.0,0,94.83066691865386,3.1693330813461387,0.1900325524610569,0.1900325524610569
67212,39,37,Neutral,100.0,1,98.5953422108671,1.404657789132898,0.0842229889229105,0.0842229889229105
67212,128,38,Neutral,94.0,0,95.2109447623563,-1.2109447623563057,-0.07260799612206625,0.07260799612206625
67212,47,39,Neutral,94.0,0,99.35769609383297,-5.3576960938329705,-0.3212463435964488,0.3212463435964488
67212,55,40,Neutral,100.0,1,101.24777979156804,-1.2477797915680355,-0.07481661681336624,0.07481661681336624
67212,10,41,Neutral,52.0,1,95.62087937939549,-43.62087937939549,-2.6154988561636396,2.6154988561636396
67212,30,42,Neutral,100.0,1,97.56236419186294,2.4376358081370597,0.14616013612365567,0.14616013612365567
67212,107,43,Neutral,100.0,1,95.46864915768737,4.531350842312634,0.27169885416255635,0.27169885416255635
67212,45,44,Neutral,100.0,0,94.4265967007475,5.573403299252504,0.3341801027748009,0.3341801027748009
67212,62,45,Neutral,99.0,1,90.89858029196547,8.101419708034527,0.48575944091752327,0.48575944091752327
67212,84,46,Neutral,96.0,1,96.76835836323981,-0.7683583632398125,-0.0460706076715812,0.0460706076715812
67212,119,47,Neutral,98.0,1,92.06474033965182,5.93525966034818,0.3558769349342262,0.3558769349342262
67212,92,48,Neutral,97.0,1,97.94004545850257,-0.940045458502567,-0.056364930199382,0.056364930199382
67212,25,49,Neutral,99.0,0,97.69502066210441,1.3049793378955883,0.07824628971591346,0.07824628971591346
67212,19,50,Neutral,99.0,0,97.7003755800535,1.2996244199464968,0.07792520994929797,0.07792520994929797
67212,86,51,Neutral,100.0,1,95.37016228346248,4.629837716537523,0.27760410665968976,0.27760410665968976
67212,40,52,Neutral,100.0,1,100.54222966802065,-0.5422296680206529,-0.03251197813210297,0.03251197813210297
67212,85,53,Neutral,98.0,0,95.67471108140315,2.325288918596854,0.1394238399905532,0.1394238399905532
67212,117,54,Neutral,100.0,0,96.14745288598883,3.8525471140111733,0.2309979237780418,0.2309979237780418
67212,56,55,Neutral,100.0,1,102.46444574353598,-2.4644457435359755,-0.147767654274764,0.147767654274764
67212,12,56,Neutral,100.0,0,98.58797204040334,1.4120279595966565,0.08466490281121228,0.08466490281121228
67212,61,57,Neutral,99.0,0,92.13667415481359,6.863325845186409,0.4115235903759116,0.4115235903759116
67212,104,58,Neutral,98.0,0,95.89236730457063,2.1076326954293734,0.12637321811335314,0.12637321811335314
67212,43,59,Neutral,96.0,0,97.33260739684245,-1.332607396842448,-0.07990286238481904,0.07990286238481904
67212,41,60,Neutral,93.0,1,101.61225836135647,-8.612258361356467,-0.5163892203363861,0.5163892203363861
67212,33,61,Neutral,95.0,0,93.18823782152032,1.8117621784796825,0.1086328834464644,0.1086328834464644
67212,1,62,Neutral,96.0,1,97.78423610027215,-1.7842361002721532,-0.10698242552148111,0.10698242552148111
67212,89,63,Neutral,95.0,1,90.56344118046405,4.436558819535946,0.2660151441898736,0.2660151441898736
67212,122,64,Neutral,95.0,1,91.85016009805297,3.1498399019470327,0.1888637454781001,0.1888637454781001
67245,70,1,Neutral,75.0,1,72.92970104324566,2.0702989567543426,0.12413469490634556,0.12413469490634556
67245,128,2,Neutral,75.0,0,74.49462683398175,0.505373166018245,0.030302069936739427,0.030302069936739427
67245,52,3,Neutral,92.0,1,79.25210703553186,12.747892964468136,0.7643610110898452,0.7643610110898452
67245,21,4,Neutral,80.0,0,73.37781692003503,6.6221830799649695,0.39706472032143186,0.39706472032143186
67245,46,5,Neutral,77.0,0,72.81085935805409,4.189140641945912,0.25118000171481153,0.25118000171481153
67245,56,6,Neutral,78.0,1,82.75490403518819,-4.75490403518819,-0.2851030571171152,0.2851030571171152
67245,55,7,Neutral,92.0,1,80.8373235349605,11.162676465039496,0.6693117594467025,0.6693117594467025
67245,40,8,Neutral,81.0,1,80.61365216334171,0.3863478366582882,0.023165335940897144,0.023165335940897144
67245,38,9,Neutral,68.0,1,72.46063956715376,-4.460639567153763,-0.26745902080919076,0.26745902080919076
67245,103,10,Neutral,89.0,0,74.22398747575089,14.776012524249111,0.8859666381253211,0.8859666381253211
67245,107,11,Neutral,76.0,1,75.12845960691772,0.8715403930822845,0.0522573807231374,0.0522573807231374
67245,94,12,Neutral,82.0,1,82.34044625166372,-0.340446251663721,-0.02041308645034475,0.02041308645034475
67245,65,13,Neutral,82.0,1,72.640743008094,9.359256991905994,0.561179102877841,0.561179102877841
67245,74,14,Neutral,86.0,0,72.49199150494464,13.508008495055364,0.809937380229762,0.809937380229762
67245,109,15,Neutral,64.0,1,73.40690062339176,-9.406900623391763,-0.5640358051137287,0.5640358051137287
67245,122,16,Neutral,64.0,0,72.07779891958829,-8.07779891958829,-0.48434314335448053,0.48434314335448053
67245,78,17,Neutral,60.0,1,75.75636105891572,-15.756361058915715,-0.9447481323900462,0.9447481323900462
67245,47,18,Neutral,87.0,0,78.40254161517996,8.597458384820044,0.5155018168210744,0.5155018168210744
67245,108,19,Neutral,67.0,1,72.84129907050911,-5.841299070509109,-0.35024307750757755,0.35024307750757755
67245,98,20,Neutral,63.0,1,70.53673061878096,-7.536730618780965,-0.4519008005589701,0.4519008005589701
67245,97,21,Neutral,60.0,1,74.28561894601863,-14.28561894601863,-0.8565627411571717,0.8565627411571717
67245,10,22,Neutral,69.0,1,74.15983974349496,-5.159839743494956,-0.30938291797650985,0.30938291797650985
67245,118,23,Neutral,85.0,0,75.68881184687002,9.311188153129976,0.5582969053012562,0.5582969053012562
67245,42,24,Neutral,70.0,1,75.10198485592201,-5.101984855922012,-0.3059139509491742,0.3059139509491742
67245,89,25,Neutral,62.0,1,69.93473757062198,-7.9347375706219765,-0.47576521462158655,0.47576521462158655
67245,53,26,Neutral,68.0,0,70.77193482386882,-2.7719348238688184,-0.1662046355859029,0.1662046355859029
67245,41,27,Neutral,64.0,1,81.20180210474894,-17.201802104748936,-1.0314164769033969,1.0314164769033969
67245,4,28,Neutral,64.0,0,75.90703381234238,-11.907033812342377,-0.7139432711939714,0.7139432711939714
67245,77,29,Neutral,60.0,1,72.90206335526719,-12.902063355267188,-0.7736050356607871,0.7736050356607871
67245,12,30,Neutral,75.0,1,77.87086566893218,-2.8708656689321828,-0.17213650848218284,0.17213650848218284
67245,37,31,Neutral,85.0,1,74.68670219794683,10.313297802053171,0.6183831914513518,0.6183831914513518
67245,117,32,Neutral,93.0,0,75.23610556660205,17.76389443339795,1.0651194160361253,1.0651194160361253
67245,86,33,Neutral,79.0,0,74.30259863786145,4.6974013621385495,0.28165520879935,0.28165520879935
67245,92,34,Neutral,78.0,1,76.81132704094071,1.1886729590592893,0.07127258342803507,0.07127258342803507
67245,87,35,Neutral,93.0,1,72.25313864698934,20.746861353010658,1.2439774921964672,1.2439774921964672
67245,61,36,Neutral,71.0,1,71.18151967616058,-0.18151967616057618,-0.01088388203364461,0.01088388203364461
67245,39,37,Neutral,63.0,1,76.73924969847386,-13.739249698473856,-0.8238025546976718,0.8238025546976718
67245,88,38,Neutral,78.0,1,72.91517628113085,5.084823718869146,0.3048849727403249,0.3048849727403249
67245,19,39,Neutral,69.0,0,76.30714950873814,-7.307149508738135,-0.4381351649446309,0.4381351649446309
67245,45,40,Neutral,71.0,1,72.30844967585347,-1.308449675853467,-0.07845437045817424,0.07845437045817424
67245,96,41,Neutral,60.0,0,66.81468334451104,-6.814683344511039,-0.40860699615114077,0.40860699615114077
67245,34,42,Neutral,81.0,0,78.45596371988628,2.5440362801137155,0.15253988629626833,0.15253988629626833
67245,1,43,Neutral,62.0,1,76.87455347904145,-14.874553479041452,-0.8918751332820323,0.8918751332820323
67245,85,44,Neutral,62.0,0,74.212883002406,-12.212883002406002,-0.7322819250256005,0.7322819250256005
67245,9,45,Neutral,70.0,0,77.24304328861405,-7.243043288614047,-0.4342913693175596,0.4342913693175596
67245,127,46,Neutral,84.0,0,71.41619954410943,12.583800455890568,0.7545220584003133,0.7545220584003133
67245,24,47,Neutral,72.0,0,74.5990111891826,-2.5990111891826047,-0.155836170411423,0.155836170411423
67245,62,48,Neutral,86.0,1,68.89205399092283,17.107946009077168,1.025788884925289,1.025788884925289
67245,14,49,Neutral,66.0,1,75.38739376339144,-9.387393763391444,-0.5628661778447682,0.5628661778447682
67245,11,50,Neutral,78.0,1,80.61685543246351,-2.6168554324635096,-0.15690610752764625,0.15690610752764625
67245,54,51,Neutral,72.0,1,74.80397963867595,-2.803979638675955,-0.1681260360176794,0.1681260360176794
67245,30,52,Neutral,70.0,1,75.38227395191146,-5.382273951911458,-0.32272002685560847,0.32272002685560847
67245,33,53,Neutral,82.0,0,71.79667644836105,10.203323551638945,0.6117891582668277,0.6117891582668277
67245,43,54,Neutral,74.0,1,75.69555068078037,-1.6955506807803715,-0.1016648662118283,0.1016648662118283
67245,95,55,Neutral,64.0,0,71.06482524150563,-7.0648252415056305,-0.42360545227527363,0.42360545227527363
67245,119,56,Neutral,66.0,1,69.7953710830118,-3.7953710830118013,-0.22756966084968203,0.22756966084968203
67245,25,57,Neutral,82.0,0,75.46945856473062,6.5305414352693845,0.39156990636333744,0.39156990636333744
67245,71,58,Neutral,72.0,1,71.05794886102942,0.9420511389705837,0.05648519038314173,0.05648519038314173
67245,104,59,Neutral,75.0,0,73.5551844833454,1.4448155166546002,0.08663083791388604,0.08663083791388604
67245,84,60,Neutral,77.0,1,74.41303948622338,2.586960513776617,0.15511361442014587,0.15511361442014587
67245,93,61,Neutral,87.0,0,71.44211227503904,15.557887724960963,0.9328477125607558,0.9328477125607558
67245,59,62,Neutral,82.0,1,70.86128735966354,11.138712640336465,0.6678748935010405,0.6678748935010405
67245,44,63,Neutral,78.0,1,72.60161074763045,5.3983892523695545,0.3236862969197281,0.3236862969197281
67245,126,64,Neutral,70.0,0,73.01124427290137,-3.011244272901365,-0.18055358038295416,0.18055358038295416
67311,79,1,Standard,100.0,0,91.65197866184018,8.348021338159825,0.5005456233764094,0.5005456233764094
67311,31,2,Standard,100.0,1,90.2268407621092,9.773159237890795,0.5859965954717239,0.5859965954717239
67311,8,3,Standard,99.0,0,96.14080398496417,2.8591960150358346,0.1714367984613862,0.1714367984613862
67311,22,4,Standard,100.0,1,98.98730878337383,1.0126912166261661,0.06072075474901644,0.06072075474901644
67311,113,5,Standard,100.0,1,96.16681301024934,3.833186989750658,0.22983709475352465,0.22983709475352465
67311,67,6,Standard,80.0,1,92.81691341657339,-12.816913416573385,-0.7684994630445403,0.7684994630445403
67311,32,7,Standard,100.0,1,91.89426536160865,8.105734638391354,0.486018163244383,0.486018163244383
67311,18,8,Standard,85.0,0,93.18849726844115,-8.188497268441154,-0.4909805933308016,0.4909805933308016
67311,36,9,Standard,78.0,0,88.22829413255921,-10.228294132559213,-0.6132863891059095,0.6132863891059095
67311,105,10,Standard,76.0,0,89.0356632446118,-13.035663244611797,-0.7816156572423746,0.7816156572423746
67311,49,11,Standard,100.0,0,94.07355721179098,5.926442788209016,0.35534827711432404,0.35534827711432404
67311,60,12,Standard,76.0,1,92.514560288425,-16.514560288425002,-0.9902096005158447,0.9902096005158447
67311,125,13,Standard,100.0,1,86.59914759898038,13.40085240101962,0.803512323115626,0.803512323115626
67311,106,14,Standard,100.0,1,89.77969317371438,10.220306826285622,0.6128074718827902,0.6128074718827902
67311,72,15,Standard,83.0,1,89.91832669467892,-6.918326694678925,-0.4148214298734723,0.4148214298734723
67311,27,16,Standard,82.0,0,92.97787479906788,-10.977874799067877,-0.6582310899865124,0.6582310899865124
67311,114,17,Standard,82.0,0,89.86095847868489,-7.860958478684893,-0.4713414356121844,0.4713414356121844
67311,15,18,Standard,100.0,1,94.43604940793745,5.563950592062554,0.3336133204174823,0.3336133204174823
67311,57,19,Standard,80.0,1,93.47405484502423,-13.474054845024227,-0.807901526434917,0.807901526434917
67311,69,20,Standard,80.0,1,89.5984608590341,-9.598460859034105,-0.5755217170058592,0.5755217170058592
67311,73,21,Standard,100.0,1,87.9795242146051,12.020475785394893,0.7207452283067377,0.7207452283067377
67311,91,22,Standard,80.0,1,88.43477573110833,-8.434775731108331,-0.5057473987361049,0.5057473987361049
67311,3,23,Standard,100.0,1,93.13519113091284,6.864808869087156,0.4116125121805898,0.4116125121805898
67311,66,24,Standard,100.0,1,88.995777407501,11.004222592499005,0.6598108982013395,0.6598108982013395
67311,83,25,Standard,100.0,1,91.51681247437828,8.483187525621716,0.5086501598673808,0.5086501598673808
67311,124,26,Standard,73.0,1,90.35630435042346,-17.356304350423457,-1.040680399423659,1.040680399423659
67311,7,27,Standard,100.0,1,96.42582961170037,3.5741703882996347,0.2143065131957731,0.2143065131957731
67311,29,28,Standard,100.0,1,93.35771368410241,6.642286315897593,0.39827010616727065,0.39827010616727065
67311,116,29,Standard,48.0,1,93.81041468400272,-45.81041468400272,-2.74678293769078,2.74678293769078
67311,75,30,Standard,78.0,1,85.91345170084283,-7.913451700842828,-0.4744889182962514,0.4744889182962514
67311,82,31,Standard,77.0,1,87.5271047704113,-10.527104770411299,-0.6312030128106765,0.6312030128106765
67311,48,32,Standard,100.0,1,97.31697368764206,2.6830263123579385,0.16087369972517931,0.16087369972517931
67311,51,33,Standard,100.0,1,89.42530293828489,10.574697061715113,0.6340566366999311,0.6340566366999311
67311,50,34,Standard,100.0,1,85.03785082488984,14.962149175110156,0.8971273530018569,0.8971273530018569
67311,102,35,Standard,76.0,1,88.12018091177796,-12.120180911777965,-0.7267235269499273,0.7267235269499273
67311,63,36,Standard,75.0,1,87.62237395122636,-12.622373951226365,-0.7568349171588798,0.7568349171588798
67311,112,37,Standard,82.0,1,89.89372146337237,-7.893721463372373,-0.4733058973606352,0.4733058973606352
67311,6,38,Standard,83.0,1,91.67592639188811,-8.675926391888112,-0.5202067422066208,0.5202067422066208
67311,58,39,Standard,77.0,1,91.25585076711752,-14.255850767117522,-0.85477784734087,0.85477784734087
67311,80,40,Standard,90.0,1,93.28626768883427,-3.286267688834272,-0.19704392720825245,0.19704392720825245
67311,23,41,Standard,100.0,1,91.32651796792258,8.673482032077416,0.520060178900702,0.520060178900702
67311,17,42,Standard,100.0,1,96.03106102284137,3.968938977158629,0.23797675568743978,0.23797675568743978
67311,120,43,Standard,100.0,1,87.90985236863489,12.090147631365113,0.7249227377021121,0.7249227377021121
67311,13,44,Standard,100.0,1,88.75728081149417,11.24271918850583,0.6741111045000099,0.6741111045000099
67311,123,45,Standard,100.0,1,88.29677344097675,11.70322655902325,0.7017230306688382,0.7017230306688382
67311,76,46,Standard,100.0,1,86.50211017138301,13.49788982861699,0.8093306670944013,0.8093306670944013
67311,35,47,Standard,100.0,1,94.7322339700545,5.267766029945506,0.3158541556676679,0.3158541556676679
67311,101,48,Standard,100.0,1,93.08175791665896,6.918242083341042,0.4148163565952487,0.4148163565952487
67311,26,49,Standard,100.0,1,97.4670437565275,2.5329562434724977,0.15187552960347214,0.15187552960347214
67311,81,50,Standard,100.0,1,88.68754583486034,11.312454165139656,0.6782923991968455,0.6782923991968455
67311,5,51,Standard,100.0,1,87.30561736919483,12.694382630805165,0.7611525426114555,0.7611525426114555
67311,20,52,Standard,100.0,1,87.87556783747134,12.124432162528663,0.7269784310608464,0.7269784310608464
67311,121,53,Standard,100.0,1,90.84515405011122,9.15484594988878,0.5489226593079349,0.5489226593079349
67311,100,54,Standard,77.0,1,87.87767812835523,-10.877678128355228,-0.6522233184475432,0.6522233184475432
67311,16,55,Standard,77.0,1,89.14491231427253,-12.144912314272531,-0.7282064167003438,0.7282064167003438
67311,2,56,Standard,78.0,1,88.46858907018824,-10.468589070188244,-0.6276944235942632,0.6276944235942632
67311,68,57,Standard,100.0,1,86.20035899298975,13.799641007010251,0.8274236049985004,0.8274236049985004
67311,28,58,Standard,78.0,1,90.05085051147152,-12.050850511471523,-0.7225664905655458,0.7225664905655458
67311,110,59,Standard,100.0,1,85.38737502801675,14.612624971983251,0.876169954469636,0.876169954469636
67311,64,60,Standard,100.0,1,88.80111329923,11.198886700770004,0.6714829176508008,0.6714829176508008
67311,111,61,Standard,100.0,1,89.81842928038532,10.181570719614683,0.6104848629823852,0.6104848629823852
67311,99,62,Standard,79.0,1,87.30890287287106,-8.308902872871059,-0.49820008833279505,0.49820008833279505
67311,90,63,Standard,100.0,1,90.41904496004271,9.580955039957288,0.5744720717345341,0.5744720717345341
67311,115,64,Standard,100.0,1,94.69410287178229,5.305897128217708,0.31814048839030246,0.31814048839030246
67323,124,1,Standard,62.0,1,65.19621189204766,-3.196211892047657,-0.19164420036098592,0.19164420036098592
67323,64,2,Standard,67.0,0,65.12468171834126,1.8753182816587355,0.11244369417591411,0.11244369417591411
67323,99,3,Standard,61.0,1,63.6382538295472,-2.638253829547203,-0.15818915096676067,0.15818915096676067
67323,7,4,Standard,66.0,1,71.21614745649345,-5.216147456493445,-0.31275911673811263,0.31275911673811263
67323,32,5,Standard,57.0,1,65.57450975330397,-8.574509753303971,-0.5141258216477822,0.5141258216477822
67323,22,6,Standard,87.0,1,72.68244764651106,14.317552353488935,0.8584774616282,0.8584774616282
67323,13,7,Standard,76.0,0,64.16089888601452,11.839101113985478,0.7098700407278175,0.7098700407278175
67323,105,8,Standard,53.0,0,64.08479401755639,-11.08479401755639,-0.6646419440920972,0.6646419440920972
67323,116,9,Standard,68.0,0,68.43128642929575,-0.4312864292957528,-0.025859844609982145,0.025859844609982145
67323,27,10,Standard,84.0,0,66.9854463146336,17.014553685366394,1.020189100617516,1.020189100617516
67323,90,11,Standard,71.0,1,66.28964731504975,4.7103526849502515,0.2824317674217746,0.2824317674217746
67323,66,12,Standard,58.0,0,63.11409339185866,-5.11409339185866,-0.30663997624583694,0.30663997624583694
67323,23,13,Standard,66.0,0,66.29784698734547,-0.29784698734546566,-0.01785884342079138,0.01785884342079138
67323,8,14,Standard,72.0,0,69.40365379300394,2.59634620699606,0.1556763786337291,0.1556763786337291
67323,101,15,Standard,58.0,0,68.31014735411436,-10.310147354114363,-0.61819429124811,0.61819429124811
67323,113,16,Standard,66.0,1,69.46768743999047,-3.4676874399904705,-0.20792181775941504,0.20792181775941504
67323,57,17,Standard,56.0,1,67.30639772352505,-11.306397723525052,-0.6779292562171351,0.6779292562171351
67323,111,18,Standard,58.0,0,65.48489031050306,-7.4848903105030615,-0.4487924664553694,0.4487924664553694
67323,68,19,Standard,47.0,1,61.457661118269485,-14.457661118269485,-0.8668783540273369,0.8668783540273369
67323,76,20,Standard,58.0,0,61.23372638546793,-3.233726385467932,-0.1938935615849285,0.1938935615849285
67323,67,21,Standard,58.0,1,67.12132248199197,-9.121322481991967,-0.546912599144403,0.546912599144403
67323,28,22,Standard,51.0,0,66.58942469946804,-15.58942469946804,-0.9347386629937516,0.9347386629937516
67323,120,23,Standard,43.0,0,62.568748735629256,-19.568748735629256,-1.1733381046593032,1.1733381046593032
67323,69,24,Standard,54.0,0,64.38474867638128,-10.384748676381278,-0.6226673710170973,0.6226673710170973
67323,102,25,Standard,54.0,1,62.302981064408634,-8.302981064408634,-0.497845017928891,0.497845017928891
67323,3,26,Standard,66.0,1,66.596399726277,-0.5963997262769993,-0.03576000355991486,0.03576000355991486
67323,36,27,Standard,60.0,0,62.4012817201791,-2.4012817201790995,-0.14398035256991484,0.14398035256991484
67323,20,28,Standard,65.0,0,62.67166821982931,2.328331780170693,0.1396062893377252,0.1396062893377252
67323,51,29,Standard,71.0,0,63.19316164851268,7.806838351487322,0.468096404040273,0.468096404040273
67323,5,30,Standard,62.0,0,61.818197786948616,0.1818022130513839,0.010900822886860895,0.010900822886860895
67323,79,31,Standard,59.0,1,65.29928033826525,-6.299280338265248,-0.3777035390801694,0.3777035390801694
67323,123,32,Standard,64.0,1,63.82778296584988,0.17221703415012257,0.010326097553280969,0.010326097553280969
67323,80,33,Standard,61.0,1,67.33764636366624,-6.337646363666238,-0.3800039579845905,0.3800039579845905
67323,50,34,Standard,57.0,0,58.820604006559535,-1.8206040065595346,-0.10916303761938034,0.10916303761938034
67323,75,35,Standard,45.0,0,60.65593235892378,-15.655932358923778,-0.9387264484237439,0.9387264484237439
67323,112,36,Standard,73.0,1,63.7202818043083,9.2797181956917,0.5564099731977689,0.5564099731977689
67323,91,37,Standard,65.0,0,62.73918479652692,2.2608152034730793,0.13555800943972512,0.13555800943972512
67323,125,38,Standard,58.0,0,59.0965986904874,-1.0965986904873972,-0.06575182943228597,0.06575182943228597
67323,60,39,Standard,68.0,1,65.07649554820502,2.923504451794983,0.17529271895584267,0.17529271895584267
67323,72,40,Standard,58.0,1,63.78466416743518,-5.7846641674351815,-0.34684726049709413,0.34684726049709413
67323,49,41,Standard,69.0,0,66.5040709937723,2.4959290062276978,0.14965538415848098,0.14965538415848098
67323,110,42,Standard,68.0,1,61.09361318995482,6.906386810045177,0.41410551687385855,0.41410551687385855
67323,73,43,Standard,22.0,1,60.60839678391082,-38.60839678391082,-2.3149514421373434,2.3149514421373434
67323,16,44,Standard,76.0,0,64.5883075206132,11.4116924793868,0.6842427078814434,0.6842427078814434
67323,48,45,Standard,75.0,1,70.53023379885072,4.469766201149284,0.2680062518855818,0.2680062518855818
67323,100,46,Standard,59.0,0,61.82076547564797,-2.820765475647967,-0.16913251131172827,0.16913251131172827
67323,2,47,Standard,72.0,0,63.82436995799646,8.17563004200354,0.4902090771094786,0.4902090771094786
67323,114,48,Standard,73.0,0,62.247665101399974,10.752334898600026,0.6447077644578765,0.6447077644578765
67323,58,49,Standard,65.0,1,65.77929562886727,-0.7792956288672741,-0.0467264038440833,0.0467264038440833
67323,31,50,Standard,70.0,0,61.90685029899968,8.093149701000321,0.48526357301558803,0.48526357301558803
67323,63,51,Standard,37.0,1,60.7099951222012,-23.7099951222012,-1.4216463767820104,1.4216463767820104
67323,29,52,Standard,77.0,1,65.89897193487566,11.10102806512434,0.6656153342082289,0.6656153342082289
67323,83,53,Standard,71.0,1,63.8828420880866,7.117157911913402,0.4267433083097893,0.4267433083097893
67323,26,54,Standard,84.0,1,71.03076114186602,12.969238858133977,0.7776328648428208,0.7776328648428208
67323,115,55,Standard,82.0,1,68.8711204868481,13.128879513151901,0.7872048853187267,0.7872048853187267
67323,81,56,Standard,71.0,0,62.20745606093263,8.792543939067372,0.5271991060836323,0.5271991060836323
67323,18,57,Standard,77.0,0,64.78667502436403,12.21332497563597,0.7323084256485565,0.7323084256485565
67323,6,58,Standard,82.0,1,65.76129966097552,16.238700339024476,0.973669095317794,0.973669095317794
67323,121,59,Standard,60.0,1,64.32703965448216,-4.327039654482164,-0.2594483978289217,0.2594483978289217
67323,106,60,Standard,68.0,1,61.35719392063049,6.642806079369507,0.3983012710769563,0.3983012710769563
67323,15,61,Standard,66.0,1,66.14497163265227,-0.14497163265227186,-0.008692468945440299,0.008692468945440299
67323,35,62,Standard,75.0,1,67.66775665422385,7.332243345776149,0.43963978619490046,0.43963978619490046
67323,17,63,Standard,71.0,1,68.89386385992015,2.1061361400798546,0.12628348496582056,0.12628348496582056
67323,82,64,Standard,72.0,0,61.04298496903768,10.957015030962317,0.6569803426289132,0.6569803426289132
67339,100,1,Standard,65.0,1,64.26506773467143,0.7349322653285668,0.044066385792134795,0.044066385792134795
67339,91,2,Standard,33.0,1,64.85948932799216,-31.859489327992165,-1.9102883545874076,1.9102883545874076
67339,51,3,Standard,82.0,0,64.80512788147772,17.194872118522284,1.031000956370411,1.031000956370411
67339,73,4,Standard,75.0,1,62.78985608733689,12.210143912663113,0.7321176897742397,0.7321176897742397
67339,29,5,Standard,73.0,1,68.4308885124316,4.5691114875684065,0.27396297459936547,0.27396297459936547
67339,80,6,Standard,73.0,1,69.12650593185228,3.8734940681477212,0.23225389879192773,0.23225389879192773
67339,116,7,Standard,31.0,1,69.12496701582594,-38.124967015825945,-2.2859650937773264,2.2859650937773264
67339,101,8,Standard,72.0,1,69.18483911527437,2.8151608847256284,0.16879646120555902,0.16879646120555902
67339,99,9,Standard,77.0,1,63.98147714194752,13.018522858052478,0.7805879232288032,0.7805879232288032
67339,112,10,Standard,77.0,1,65.42730959152674,11.572690408473264,0.6938961102282393,0.6938961102282393
67339,67,11,Standard,86.0,0,68.14644803180136,17.853551968198644,1.0704952631775388,1.0704952631775388
67339,15,12,Standard,78.0,1,68.76450252874066,9.235497471259336,0.5537585077569734,0.5537585077569734
67339,121,13,Standard,92.0,1,66.94823524872663,25.051764751273367,1.50209860470594,1.50209860470594
67339,111,14,Standard,90.0,1,66.22816059386437,23.771839406135626,1.4253545471855433,1.4253545471855433
67339,16,15,Standard,81.0,0,66.44576909648103,14.55423090351897,0.8726686582681841,0.8726686582681841
67339,106,16,Standard,88.0,1,63.75768902038773,24.24231097961227,1.453563924891645,1.453563924891645
67339,90,17,Standard,84.0,1,66.49978445149527,17.500215548504727,1.0493092849327508,1.0493092849327508
67339,26,18,Standard,94.0,1,73.17586052174683,20.824139478253173,1.248611072515202,1.248611072515202
67339,102,19,Standard,22.0,1,63.171890288003766,-41.171890288003766,-2.46865797953707,2.46865797953707
67339,6,20,Standard,95.0,1,68.01302567023947,26.98697432976053,1.6181333685846555,1.6181333685846555
67339,76,21,Standard,87.0,1,61.662899318244655,25.337100681755345,1.5192072877590037,1.5192072877590037
67339,27,22,Standard,41.0,0,67.06582667143654,-26.06582667143654,-1.562901546553983,1.562901546553983
67339,113,23,Standard,91.0,1,69.72907897142319,21.270921028576808,1.2754000013596412,1.2754000013596412
67339,31,24,Standard,32.0,1,63.61387808621812,-31.613878086218122,-1.895561555608101,1.895561555608101
67339,50,25,Standard,23.0,1,59.782910086252016,-36.782910086252016,-2.205495639375058,2.205495639375058
67339,8,26,Standard,84.0,0,69.48403414980685,14.515965850193155,0.8703742936283922,0.8703742936283922
67339,5,27,Standard,25.0,0,62.42259935679026,-37.42259935679026,-2.243851275006357,2.243851275006357
67339,114,28,Standard,83.0,0,63.729874554722386,19.270125445277614,1.155432714271702,1.155432714271702
67339,49,29,Standard,82.0,0,67.63582317296483,14.364176827035166,0.8612730553659779,0.8612730553659779
67339,79,30,Standard,84.0,0,65.93014145467853,18.069858545321466,1.0834649605585742,1.0834649605585742
67339,68,31,Standard,34.0,1,61.404955299117645,-27.404955299117645,-1.6431954205837287,1.6431954205837287
67339,64,32,Standard,64.0,1,64.37850858665061,-0.3785085866506108,-0.022695296140692062,0.022695296140692062
67339,20,33,Standard,82.0,0,63.05869869149585,18.94130130850415,1.1357164874132348,1.1357164874132348
67339,75,34,Standard,76.0,0,61.28679347533705,14.71320652466295,0.8822008034513091,0.8822008034513091
67339,18,35,Standard,41.0,0,66.35649879621892,-25.356498796218915,-1.5203703946681955,1.5203703946681955
67339,23,36,Standard,77.0,0,65.89634859221982,11.103651407780177,0.6657726292883209,0.6657726292883209
67339,3,37,Standard,10.0,0,66.58750106639137,-56.58750106639137,-3.3929747959692884,3.3929747959692884
67339,124,38,Standard,91.0,0,64.18141326719471,26.818586732805286,1.6080368832892076,1.6080368832892076
67339,48,39,Standard,90.0,1,71.36111840074449,18.638881599255512,1.1175834645380753,1.1175834645380753
67339,22,40,Standard,83.0,1,71.76104587775548,11.238954122244522,0.6738853519099673,0.6738853519099673
67339,105,41,Standard,92.0,0,63.22621171891771,28.77378828108229,1.7252703615189797,1.7252703615189797
67339,110,42,Standard,25.0,0,61.680667147101886,-36.680667147101886,-2.199365174006121,2.199365174006121
67339,115,43,Standard,84.0,1,69.96484804433926,14.035151955660737,0.8415447925025817,0.8415447925025817
67339,123,44,Standard,17.0,0,63.88915101180211,-46.88915101180211,-2.811463743570961,2.811463743570961
67339,66,45,Standard,87.0,1,62.14143722811588,24.858562771884117,1.490514254200163,1.490514254200163
67339,63,46,Standard,12.0,0,61.535097186530095,-49.535097186530095,-2.9701141259550563,2.9701141259550563
67339,120,47,Standard,96.0,1,62.08541855953601,33.91458144046399,2.033511250272998,2.033511250272998
67339,58,48,Standard,0.0,0,66.41015674528057,-66.41015674528057,-3.981939187749967,3.981939187749967
67339,17,49,Standard,98.0,1,70.0752057359438,27.924794264056203,1.6743648568154137,1.6743648568154137
67339,60,50,Standard,16.0,0,65.20068306427416,-49.20068306427416,-2.950062724729557,2.950062724729557
67339,7,51,Standard,89.0,1,69.72525261727682,19.274747382723177,1.155709844679757,1.155709844679757
67339,57,52,Standard,26.0,1,66.37921341720458,-40.37921341720458,-2.4211292392095207,2.4211292392095207
67339,28,53,Standard,82.0,0,65.81845671936183,16.181543280638166,0.9702419699833679,0.9702419699833679
67339,72,54,Standard,29.0,0,63.75841789485494,-34.75841789485494,-2.084107508593531,2.084107508593531
67339,2,55,Standard,18.0,0,64.06096664101364,-46.060966641013636,-2.7618059809282154,2.7618059809282154
67339,81,56,Standard,81.0,1,62.775497707229,18.224502292771,1.0927373674958394,1.0927373674958394
67339,32,57,Standard,94.0,1,63.76951756350275,30.230482436497248,1.8126134401426477,1.8126134401426477
67339,36,58,Standard,94.0,0,61.63031374007291,32.36968625992709,1.940879656525358,1.940879656525358
67339,35,59,Standard,21.0,1,68.27215822406549,-47.27215822406549,-2.834428776367858,2.834428776367858
67339,82,60,Standard,78.0,0,61.80526756324967,16.19473243675033,0.9710327890410281,0.9710327890410281
67339,83,61,Standard,84.0,1,64.00536490599968,19.994635094000316,1.1988741621396428,1.1988741621396428
67339,13,62,Standard,40.0,1,62.31954677266801,-22.319546772668012,-1.3382753829024947,1.3382753829024947
67339,69,63,Standard,73.0,0,63.263323422145206,9.736676577854794,0.5838091027629217,0.5838091027629217
67339,125,64,Standard,76.0,0,58.43059264160825,17.56940735839175,1.0534580114644052,1.0534580114644052
67424,30,1,Neutral,100.0,1,102.84989148484422,-2.849891484844221,-0.17087890076607287,0.17087890076607287
67424,43,2,Neutral,100.0,1,103.03586457532322,-3.0358645753232167,-0.18202980859611514,0.18202980859611514
67424,25,3,Neutral,100.0,1,102.9163990886566,-2.916399088656604,-0.17486668285970114,0.17486668285970114
67424,44,4,Neutral,100.0,1,99.48808232300955,0.5119176769904499,0.030694477453632303,0.030694477453632303
67424,47,5,Neutral,100.0,1,104.05338860919032,-4.053388609190321,-0.2430403380618626,0.2430403380618626
67424,108,6,Neutral,100.0,0,97.71264131964145,2.287358680358551,0.13714955079378022,0.13714955079378022
67424,42,7,Neutral,100.0,1,100.90904817614665,-0.9090481761466549,-0.054506339595535414,0.054506339595535414
67424,77,8,Neutral,100.0,1,99.05546611021293,0.944533889787067,0.05663405560578368,0.05663405560578368
67424,70,9,Neutral,100.0,1,97.81269617947059,2.187303820529408,0.13115028220589503,0.13115028220589503
67424,87,10,Neutral,100.0,1,97.65016680731647,2.3498331926835334,0.14089550956054814,0.14089550956054814
67424,97,11,Neutral,100.0,1,99.95714294903577,0.04285705096422987,0.002569699863236536,0.002569699863236536
67424,10,12,Neutral,100.0,1,98.8997605148286,1.1002394851714001,0.06597013072439688,0.06597013072439688
67424,21,13,Neutral,100.0,1,98.06490641018827,1.9350935898117285,0.11602780922185771,0.11602780922185771
67424,71,14,Neutral,100.0,1,98.21891627909851,1.781083720901492,0.10679340950998703,0.10679340950998703
67424,33,15,Neutral,100.0,1,98.69480091083275,1.305199089167246,0.07825946595646245,0.07825946595646245
67424,11,16,Neutral,100.0,1,107.16864046021414,-7.168640460214135,-0.42983019119955884,0.42983019119955884
67424,126,17,Neutral,100.0,1,100.30363316876917,-0.3036331687691671,-0.01820578165565867,0.01820578165565867
67424,103,18,Neutral,100.0,1,98.95488412517037,1.0451158748296336,0.06266493051184448,0.06266493051184448
67424,93,19,Neutral,100.0,1,97.58386214289216,2.4161378571078416,0.14487112345067085,0.14487112345067085
67424,39,20,Neutral,100.0,1,102.54631301869847,-2.54631301869847,-0.15267639906833824,0.15267639906833824
67424,52,21,Neutral,100.0,1,103.52591978143832,-3.5259197814383185,-0.21141341684259446,0.21141341684259446
67424,88,22,Neutral,100.0,1,97.91794000806189,2.0820599919381095,0.12483988413013211,0.12483988413013211
67424,92,23,Neutral,100.0,1,102.52665820322409,-2.5266582032240876,-0.15149790041992178,0.15149790041992178
67424,89,24,Neutral,100.0,1,94.2803939085595,5.719606091440497,0.34294639178997033,0.34294639178997033
67424,37,25,Neutral,100.0,1,100.18299756389904,-0.1829975638990362,-0.01097249587510023,0.01097249587510023
67424,65,26,Neutral,100.0,1,97.30470234798779,2.695297652012215,0.16160948669889438,0.16160948669889438
67424,54,27,Neutral,100.0,1,100.15720063973686,-0.15720063973685683,-0.009425717667080176,0.009425717667080176
67424,53,28,Neutral,100.0,1,94.98616968400765,5.013830315992351,0.300628223067664,0.300628223067664
67424,84,29,Neutral,100.0,1,101.00451383383145,-1.004513833831453,-0.060230440577219,0.060230440577219
67424,24,30,Neutral,100.0,1,100.4250868202579,-0.4250868202579028,-0.02548811734134717,0.02548811734134717
67424,118,31,Neutral,100.0,1,100.41970849628949,-0.4197084962894877,-0.025165634154680563,0.025165634154680563
67424,9,32,Neutral,100.0,1,102.89389028262443,-2.893890282624426,-0.1735170595309569,0.1735170595309569
67424,95,33,Neutral,100.0,1,97.09092435806141,2.9090756419385855,0.17442757051747723,0.17442757051747723
67424,61,34,Neutral,100.0,1,96.35048791824238,3.6495120817576208,0.218823985467409,0.218823985467409
67424,85,35,Neutral,100.0,1,99.66948904850076,0.33051095149923526,0.01981736791863332,0.01981736791863332
67424,122,36,Neutral,100.0,1,96.28300965781294,3.71699034218706,0.22286996792993763,0.22286996792993763
67424,45,37,Neutral,100.0,1,96.74172033232347,3.2582796676765327,0.1953657712800405,0.1953657712800405
67424,104,38,Neutral,100.0,1,98.77698400660762,1.22301599339238,0.07333178462464865,0.07333178462464865
67424,14,39,Neutral,100.0,1,101.0589177664086,-1.058917766408598,-0.06349248906066932,0.06349248906066932
67424,78,40,Neutral,100.0,1,99.83015031934167,0.16984968065833073,0.010184151530229418,0.010184151530229418
67424,40,41,Neutral,100.0,1,104.23035752025464,-4.230357520254643,-0.25365135716671566,0.25365135716671566
67424,38,42,Neutral,100.0,1,95.31685249003934,4.683147509960662,0.2808005507870038,0.2808005507870038
67424,4,43,Neutral,100.0,1,100.48337883370368,-0.4833788337036822,-0.028983294345113122,0.028983294345113122
67424,128,44,Neutral,100.0,1,96.95657532347124,3.0434246765287583,0.1824831106921961,0.1824831106921961
67424,96,45,Neutral,100.0,0,90.9413038861174,9.058696113882604,0.5431575351363837,0.5431575351363837
67424,117,46,Neutral,100.0,1,99.70415926042412,0.29584073957587975,0.01773854922174753,0.01773854922174753
67424,41,47,Neutral,100.0,1,105.38800053212293,-5.3880005321229305,-0.3230633914141852,0.3230633914141852
67424,74,48,Neutral,100.0,1,95.30439726856399,4.695602731436011,0.2815473632764702,0.2815473632764702
67424,59,49,Neutral,100.0,1,96.5121343536739,3.4878656463260995,0.20913169881502716,0.20913169881502716
67424,1,50,Neutral,100.0,1,101.80135577453264,-1.801355774532638,-0.1080089176299218,0.1080089176299218
67424,86,51,Neutral,100.0,1,98.57641138376789,1.4235886162321094,0.08535807737891277,0.08535807737891277
67424,46,52,Neutral,100.0,1,95.98537528289592,4.014624717104084,0.24071606315373467,0.24071606315373467
67424,62,53,Neutral,100.0,1,93.75437211814099,6.245627881859008,0.3744865489516491,0.3744865489516491
67424,12,54,Neutral,100.0,1,101.88183545924122,-1.8818354592412163,-0.1128344627884434,0.1128344627884434
67424,107,55,Neutral,100.0,1,98.43439700955824,1.5656029904417608,0.09387322972312682,0.09387322972312682
67424,56,56,Neutral,100.0,1,105.62688768457517,-5.626887684575166,-0.33738701539610205,0.33738701539610205
67424,19,57,Neutral,100.0,1,100.59997456549526,-0.5999745654952591,-0.035974350176015954,0.035974350176015954
67424,109,58,Neutral,100.0,1,96.58553438764235,3.4144656123576453,0.2047306480425949,0.2047306480425949
67424,98,59,Neutral,100.0,1,93.90960533094717,6.090394669052827,0.36517879779418494,0.36517879779418494
67424,127,60,Neutral,100.0,1,95.10474849305345,4.8952515069465505,0.2935182623369999,0.2935182623369999
67424,34,61,Neutral,100.0,1,102.6859693065265,-2.685969306526502,-0.1610501610434995,0.1610501610434995
67424,94,62,Neutral,100.0,1,105.21242990105067,-5.212429901050669,-0.3125362128868689,0.3125362128868689
67424,119,63,Neutral,100.0,1,94.5700748916975,5.429925108302498,0.32557718028325144,0.32557718028325144
67424,55,64,Neutral,100.0,1,103.40265706948382,-3.4026570694838227,-0.2040226102675923,0.2040226102675923
67454,43,1,Neutral,95.0,0,74.9027584352065,20.097241564793507,1.2050264247902978,1.2050264247902978
67454,117,2,Neutral,70.0,0,73.45476096875545,-3.4547609687554512,-0.2071467492323602,0.2071467492323602
67454,30,3,Neutral,78.0,1,74.30017920416853,3.699820795831471,0.22184048550104593,0.22184048550104593
67454,78,4,Neutral,82.0,1,73.23029475354313,8.769705246456866,0.5258297028242549,0.5258297028242549
67454,52,5,Neutral,99.0,1,76.04992103031509,22.95007896968491,1.3760819623097642,1.3760819623097642
67454,1,6,Neutral,82.0,1,75.26677282010371,6.733227179896289,0.4037229014605145,0.4037229014605145
67454,71,7,Neutral,89.0,1,70.06346843181895,18.936531568181053,1.1354304947753802,1.1354304947753802
67454,118,8,Neutral,55.0,1,73.25035986002992,-18.250359860029917,-1.0942877818513286,1.0942877818513286
67454,104,9,Neutral,55.0,0,73.06825390953854,-18.06825390953854,-1.0833687469307312,1.0833687469307312
67454,87,10,Neutral,57.0,1,70.6710290915266,-13.671029091526606,-0.8197120612923141,0.8197120612923141
67454,93,11,Neutral,82.0,0,70.95518170123216,11.044818298767836,0.6622450083069106,0.6622450083069106
67454,65,12,Neutral,33.0,0,69.45590461557184,-36.45590461557184,-2.185888459357334,2.185888459357334
67454,77,13,Neutral,60.0,1,70.37433235173853,-10.37433235173853,-0.6220428103577035,0.6220428103577035
67454,24,14,Neutral,86.0,0,72.9490880691347,13.050911930865297,0.7825299652990083,0.7825299652990083
67454,41,15,Neutral,30.0,0,78.61291632925943,-48.612916329259434,-2.914820353530406,2.914820353530406
67454,108,16,Neutral,99.0,1,70.29543201118925,28.70456798881075,1.7211199271894728,1.7211199271894728
67454,44,17,Neutral,100.0,1,71.93945153675864,28.06054846324136,1.682504650367029,1.682504650367029
67454,54,18,Neutral,100.0,1,73.5723273573431,26.4276726426569,1.584597755738645,1.584597755738645
67454,42,19,Neutral,88.0,1,72.20644896556888,15.793551034431118,0.9469780355878995,0.9469780355878995
67454,21,20,Neutral,71.0,1,69.58134299594167,1.418657004058332,0.08506237893855417,0.08506237893855417
67454,88,21,Neutral,31.0,1,70.98260945153827,-39.982609451538266,-2.397348947906173,2.397348947906173
67454,98,22,Neutral,60.0,0,67.35355692441489,-7.353556924414889,-0.44091774393769434,0.44091774393769434
67454,109,23,Neutral,65.0,1,69.9418716625776,-4.941871662577597,-0.2963135971734812,0.2963135971734812
67454,38,24,Neutral,91.0,0,69.12624364104168,21.873756358958317,1.3115458824033102,1.3115458824033102
67454,34,25,Neutral,70.0,1,76.08611374072795,-6.086113740727953,-0.36492211422209,0.36492211422209
67454,126,26,Neutral,67.0,1,71.44727077322986,-4.44727077322986,-0.2666574307056962,0.2666574307056962
67454,92,27,Neutral,54.0,1,73.88933160401595,-19.88933160401595,-1.1925601867791589,1.1925601867791589
67454,70,28,Neutral,57.0,0,68.51826219126893,-11.518262191268931,-0.6906326056435931,0.6906326056435931
67454,47,29,Neutral,59.0,0,74.82510348741776,-15.825103487417763,-0.9488699141073113,0.9488699141073113
67454,59,30,Neutral,56.0,1,69.1675570803494,-13.167557080349397,-0.7895239842044779,0.7895239842044779
67454,103,31,Neutral,60.0,0,70.20847775532637,-10.20847775532637,-0.6120982032480543,0.6120982032480543
67454,94,32,Neutral,56.0,1,78.34973137965473,-22.349731379654727,-1.3400852456602088,1.3400852456602088
67454,12,33,Neutral,96.0,1,74.62487250444919,21.375127495550814,1.2816481994485616,1.2816481994485616
67454,84,34,Neutral,60.0,1,72.32338007535706,-12.323380075357065,-0.738907306540707,0.738907306540707
67454,128,35,Neutral,77.0,0,70.37170204107747,6.628297958922531,0.3974313671920732,0.3974313671920732
67454,33,36,Neutral,67.0,1,69.31275260409863,-2.312752604098634,-0.1386721651802996,0.1386721651802996
67454,89,37,Neutral,73.0,0,66.7317631223086,6.268236877691393,0.37584217963997824,0.37584217963997824
67454,37,38,Neutral,85.0,1,71.15140653129478,13.848593468705218,0.8303587844215465,0.8303587844215465
67454,19,39,Neutral,75.0,0,73.21159013290452,1.7884098670954813,0.10723268371222876,0.10723268371222876
67454,127,40,Neutral,79.0,0,69.00175396258827,9.998246037411732,0.5994927531618099,0.5994927531618099
67454,85,41,Neutral,36.0,0,71.22973279352041,-35.22973279352041,-2.1123674519025766,2.1123674519025766
67454,86,42,Neutral,68.0,1,70.79376251778105,-2.7937625177810474,-0.16751341957357951,0.16751341957357951
67454,119,43,Neutral,65.0,1,67.26930477763922,-2.2693047776392206,-0.1360670425412299,0.1360670425412299
67454,39,44,Neutral,65.0,1,73.31802789692591,-8.318027896925912,-0.49874722287747847,0.49874722287747847
67454,4,45,Neutral,58.0,0,71.933666553028,-13.933666553028004,-0.8354597488656899,0.8354597488656899
67454,25,46,Neutral,69.0,0,72.85577794082559,-3.8557779408255897,-0.23119164348194945,0.23119164348194945
67454,14,47,Neutral,78.0,1,72.24636253013551,5.753637469864486,0.34498690616308636,0.34498690616308636
67454,61,48,Neutral,46.0,1,67.56027438913215,-21.560274389132147,-1.2927495686844364,1.2927495686844364
67454,107,49,Neutral,63.0,1,70.23514200301241,-7.235142003012413,-0.43381760987604184,0.43381760987604184
67454,46,50,Neutral,87.0,0,67.61089163928517,19.38910836071483,1.1625669051375571,1.1625669051375571
67454,9,51,Neutral,60.0,0,73.88464095718302,-13.884640957183024,-0.8325201843342179,0.8325201843342179
67454,74,52,Neutral,94.0,0,68.15003091570918,25.84996908429082,1.5499587705186022,1.5499587705186022
67454,53,53,Neutral,100.0,0,66.91185298656194,33.08814701343806,1.9839584138943354,1.9839584138943354
67454,11,54,Neutral,66.0,1,77.32705510871426,-11.327055108714262,-0.6791678687371576,0.6791678687371576
67454,122,55,Neutral,40.0,1,67.27376033237155,-27.273760332371552,-1.635328997661019,1.635328997661019
67454,55,56,Neutral,56.0,1,75.57620104423074,-19.576201044230743,-1.1737849435332617,1.1737849435332617
67454,96,57,Neutral,69.0,1,63.43648025913272,5.563519740867278,0.3335874866694137,0.3335874866694137
67454,97,58,Neutral,89.0,1,69.43610850137956,19.563891498620436,1.1730468657383684,1.1730468657383684
67454,40,59,Neutral,100.0,1,75.26491535407948,24.735084645920523,1.483110531445973,1.483110531445973
67454,62,60,Neutral,100.0,0,65.27080870389442,34.72919129610558,2.0823550878105013,2.0823550878105013
67454,95,61,Neutral,79.0,0,67.68741059922392,11.312589400776076,0.6783005078974815,0.6783005078974815
67454,45,62,Neutral,80.0,0,68.66740363487774,11.332596365122257,0.6795001213190179,0.6795001213190179
67454,56,63,Neutral,84.0,1,77.14332427032855,6.856675729671451,0.4111248508325968,0.4111248508325968
67454,10,64,Neutral,65.0,1,69.64265051719455,-4.642650517194554,-0.2783723595225274,0.2783723595225274
68007,3,1,Standard,100.0,0,95.16118569072712,4.838814309272877,0.2901342997012008,0.2901342997012008
68007,113,2,Standard,82.0,0,97.36047154400518,-15.36047154400518,-0.9210106794054376,0.9210106794054376
68007,50,3,Standard,80.0,1,87.45810981810024,-7.45810981810024,-0.4471867137001839,0.4471867137001839
68007,68,4,Standard,100.0,0,89.58437549005728,10.415624509942717,0.6245186795764839,0.6245186795764839
68007,16,5,Standard,80.0,1,92.39750733354134,-12.397507333541341,-0.743351961525886,0.743351961525886
68007,15,6,Standard,87.0,1,96.0239723750894,-9.0239723750894,-0.5410755069795132,0.5410755069795132
68007,13,7,Standard,67.0,1,91.44038276030196,-24.440382760301958,-1.4654402676706693,1.4654402676706693
68007,57,8,Standard,99.0,1,95.01817065290994,3.9818293470900556,0.23874965958783884,0.23874965958783884
68007,27,9,Standard,100.0,0,94.34676196988863,5.653238030111368,0.3389669766346186,0.3389669766346186
68007,106,10,Standard,79.0,0,91.01715886673645,-12.017158866736452,-0.720546346553766,0.720546346553766
68007,111,11,Standard,100.0,0,93.07102429965414,6.928975700345859,0.4154599420386879,0.4154599420386879
68007,120,12,Standard,93.0,0,90.33011136184527,2.669888638154731,0.1600859675120738,0.1600859675120738
68007,35,13,Standard,90.0,1,97.28391444106359,-7.283914441063587,-0.436741995118844,0.436741995118844
68007,112,14,Standard,53.0,0,91.96352318245289,-38.96352318245289,-2.3362447471416212,2.3362447471416212
68007,99,15,Standard,10.0,1,90.43007641434119,-80.43007641434119,-4.822570655515721,4.822570655515721
68007,102,16,Standard,5.0,0,90.01475399379355,-85.01475399379355,-5.097466969747314,5.097466969747314
68007,79,17,Standard,100.0,1,92.01330116953756,7.986698830462444,0.47888080095572544,0.47888080095572544
68007,18,18,Standard,100.0,0,93.81266273173594,6.187337268264059,0.37099145588264787,0.37099145588264787
68007,91,19,Standard,89.0,0,89.62843426486417,-0.6284342648641683,-0.037680787831679156,0.037680787831679156
68007,6,20,Standard,100.0,1,93.52669231463744,6.473307685362556,0.38813818262128985,0.38813818262128985
68007,23,21,Standard,98.0,0,93.26489820920439,4.7351017907956106,0.28391571866142307,0.28391571866142307
68007,125,22,Standard,98.0,0,87.2671202215414,10.732879778458596,0.6435412395000951,0.6435412395000951
68007,115,23,Standard,99.0,1,97.55243345765501,1.4475665423449868,0.08679578884217663,0.08679578884217663
68007,124,24,Standard,89.0,1,91.50615572491306,-2.5061557249130573,-0.1502685760841004,0.1502685760841004
68007,123,25,Standard,98.0,1,90.23515368225856,7.764846317741444,0.46557857042955936,0.46557857042955936
68007,80,26,Standard,99.0,1,94.96180497451867,4.038195025481329,0.24212933394233843,0.24212933394233843
68007,116,27,Standard,96.0,0,94.96026605849234,1.039733941507663,0.06234223090908929,0.06234223090908929
68007,66,28,Standard,90.0,1,89.88278582639319,0.1172141736068113,0.0070281374735327445,0.0070281374735327445
68007,101,29,Standard,84.0,0,94.97633099867453,-10.976330998674527,-0.6581385240359768,0.6581385240359768
68007,82,30,Standard,89.0,1,88.63314898563466,0.36685101436533785,0.021996310530783,0.021996310530783
68007,49,31,Standard,95.0,0,94.25965108242343,0.7403489175765685,0.04439116713447464,0.04439116713447464
68007,121,32,Standard,100.0,1,92.82734145065926,7.172658549340738,0.43007111498798567,0.43007111498798567
68007,36,33,Standard,97.0,1,88.23915936612673,8.760840633873272,0.5252981824972329,0.5252981824972329
68007,48,34,Standard,100.0,1,98.29159642506671,1.7084035749332855,0.10243552307234124,0.10243552307234124
68007,60,35,Standard,100.0,1,92.56923268125875,7.430767318741246,0.44554726312478166,0.44554726312478166
68007,76,36,Standard,100.0,0,88.00241882000248,11.997581179997525,0.7193724725282877,0.7193724725282877
68007,17,37,Standard,100.0,1,97.31233387512967,2.687666124870333,0.16115190191852422,0.16115190191852422
68007,75,38,Standard,100.0,1,86.6252314826701,13.374768517329898,0.8019483388740108,0.8019483388740108
68007,31,39,Standard,85.0,0,89.66821292521568,-4.668212925215684,-0.2799050761915003,0.2799050761915003
68007,7,40,Standard,100.0,1,96.91857359719647,3.0814264028035296,0.18476168629676903,0.18476168629676903
68007,5,41,Standard,98.0,0,88.80592601781431,9.194073982185685,0.5512747639665716,0.5512747639665716
68007,90,42,Standard,100.0,1,92.40123236059077,7.598767639409232,0.45562052741458403,0.45562052741458403
68007,8,43,Standard,100.0,0,95.45075467027193,4.549245329728066,0.2727718039066371,0.2727718039066371
68007,32,44,Standard,100.0,0,91.33563752471511,8.66436247528489,0.5195133721719307,0.5195133721719307
68007,2,45,Standard,100.0,1,90.01270487807396,9.987295121926039,0.5988361385466469,0.5988361385466469
68007,26,46,Standard,93.0,1,98.66070229028335,-5.6607022902833535,-0.33941453212225875,0.33941453212225875
68007,73,47,Standard,99.0,0,87.90277512964015,11.097224870359852,0.665387295441065,0.665387295441065
68007,114,48,Standard,100.0,0,89.56517359738876,10.434826402611236,0.6256700210676509,0.6256700210676509
68007,64,49,Standard,96.0,0,90.3452291071157,5.654770892884301,0.3390588867677086,0.3390588867677086
68007,83,50,Standard,100.0,0,91.48387054867959,8.51612945132041,0.5106253508816514,0.5106253508816514
68007,20,51,Standard,97.0,1,88.98161205269471,8.018387947305285,0.480780873811534,0.480780873811534
68007,29,52,Standard,100.0,0,93.36857891766994,6.631421082330064,0.3976186290221023,0.3976186290221023
68007,110,53,Standard,100.0,1,86.7124550395713,13.287544960428704,0.7967184325412798,0.7967184325412798
68007,67,54,Standard,100.0,1,91.77640682775129,8.223593172248712,0.493084936424537,0.493084936424537
68007,69,55,Standard,100.0,1,89.12744734067307,10.872552659326928,0.6519159963905021,0.6519159963905021
68007,100,56,Standard,99.0,0,88.85230086577991,10.14769913422009,0.6084539297660811,0.6084539297660811
68007,72,57,Standard,100.0,1,89.14066306145423,10.859336938545766,0.6511235845208131,0.6511235845208131
68007,28,58,Standard,100.0,0,91.11308756742865,8.88691243257135,0.5328574213292009,0.5328574213292009
68007,51,59,Standard,100.0,0,89.34855385331994,10.651446146680058,0.6386584958736422,0.6386584958736422
68007,58,60,Standard,99.0,1,91.39813747848376,7.601862521516239,0.4558060959021066,0.4558060959021066
68007,63,61,Standard,100.0,1,87.58943202552766,12.410567974472343,0.74413507484001,0.74413507484001
68007,105,62,Standard,95.0,1,87.81992801872478,7.180071981275219,0.4305156228250753,0.4305156228250753
68007,22,63,Standard,95.0,1,97.46492344262316,-2.46492344262316,-0.14779629701268898,0.14779629701268898
68007,81,64,Standard,99.0,0,89.13648266109018,9.863517338909816,0.5914144484178981,0.5914144484178981
68016,55,1,Neutral,50.0,1,70.92191654711459,-20.92191654711459,-1.2544737652303533,1.2544737652303533
68016,71,2,Neutral,63.0,0,63.2188259713911,-0.21882597139109805,-0.013120759737426593,0.013120759737426593
68016,59,3,Neutral,66.0,1,63.2866721237787,2.7133278762212996,0.16269057519289457,0.16269057519289457
68016,9,4,Neutral,100.0,0,68.87989918593699,31.120100814063008,1.8659547730559056,1.8659547730559056
68016,107,5,Neutral,73.0,0,65.09897875396769,7.901021246032315,0.47374359081085804,0.47374359081085804
68016,118,6,Neutral,59.0,0,66.27429592180337,-7.274295921803372,-0.4361652707042747,0.4361652707042747
68016,61,7,Neutral,100.0,1,62.29268966228872,37.70731033771128,2.2609224862137105,2.2609224862137105
68016,119,8,Neutral,95.0,1,61.73887709519839,33.26112290480161,1.994330012368321,1.994330012368321
68016,1,9,Neutral,82.0,1,68.07167308554598,13.928326914454018,0.8351395852472282,0.8351395852472282
68016,4,10,Neutral,29.0,0,66.40323887058716,-37.40323887058716,-2.2426904242798376,2.2426904242798376
68016,33,11,Neutral,65.0,0,63.34425332899546,1.6557466710045432,0.09927822606333599,0.09927822606333599
68016,65,12,Neutral,57.0,0,62.39222635881282,-5.39222635881282,-0.3233167711037055,0.3233167711037055
68016,127,13,Neutral,81.0,0,63.12086900601756,17.879130993982443,1.0720289762441053,1.0720289762441053
68016,70,14,Neutral,50.0,0,62.067884164237185,-12.067884164237185,-0.7235878248430458,0.7235878248430458
68016,92,15,Neutral,51.0,0,67.35133925845173,-16.35133925845173,-0.9804229015021932,0.9804229015021932
68016,45,16,Neutral,58.0,0,63.61885470436549,-5.618854704365489,-0.33690535957327333,0.33690535957327333
68016,39,17,Neutral,61.0,1,67.43714294035522,-6.437142940355216,-0.3859697520314923,0.3859697520314923
68016,84,18,Neutral,58.0,0,65.96061636685778,-7.960616366857778,-0.47731690186211484,0.47731690186211484
68016,21,19,Neutral,62.0,0,62.561471898448886,-0.561471898448886,-0.03366573826695375,0.03366573826695375
68016,24,20,Neutral,66.0,0,65.62256685677826,0.3774331432217366,0.02263081277634664,0.02263081277634664
68016,86,21,Neutral,66.0,0,64.65003460561294,1.3499653943870555,0.08094364430781385,0.08094364430781385
68016,85,22,Neutral,60.0,0,64.99839056281984,-4.998390562819836,-0.2997024586783006,0.2997024586783006
68016,34,23,Neutral,62.0,1,69.11004980250141,-7.110049802501408,-0.4263171075476529,0.4263171075476529
68016,14,24,Neutral,61.0,1,66.19024893649987,-5.19024893649987,-0.31120624686517,0.31120624686517
68016,108,25,Neutral,33.0,1,62.83748932103411,-29.837489321034113,-1.7890496546665684,1.7890496546665684
68016,41,26,Neutral,99.0,1,71.06735932057185,27.932640679428147,1.67483532624937,1.67483532624937
68016,44,27,Neutral,91.0,1,64.43770168733728,26.56229831266272,1.5926698829153567,1.5926698829153567
68016,77,28,Neutral,64.0,0,62.653546705986,1.3464532940139975,0.08073305949982384,0.08073305949982384
68016,62,29,Neutral,76.0,0,59.56515238438864,16.43484761561136,0.9854300452310353,0.9854300452310353
68016,95,30,Neutral,20.0,1,61.98175427971814,-41.98175427971814,-2.5172172560604498,2.5172172560604498
68016,40,31,Neutral,67.0,1,69.42783755677502,-2.4278375567750174,-0.145572635009638,0.145572635009638
68016,96,32,Neutral,16.0,1,57.46798098402955,-41.46798098402955,-2.486411516095573,2.486411516095573
68016,37,33,Neutral,97.0,1,64.30676407086693,32.69323592913307,1.96027962740536,1.96027962740536
68016,103,34,Neutral,79.0,0,63.01337802076864,15.986621979231359,0.9585545292869695,0.9585545292869695
68016,19,35,Neutral,100.0,0,66.32314051321045,33.67685948678955,2.019257491367483,2.019257491367483
68016,30,36,Neutral,93.0,1,65.79086469162378,27.20913530837622,1.6314540946617186,1.6314540946617186
68016,25,37,Neutral,100.0,0,66.18636411746266,33.81363588253734,2.0274585756124166,2.0274585756124166
68016,78,38,Neutral,75.0,1,64.67717308173216,10.322826918267836,0.6189545552779022,0.6189545552779022
68016,11,39,Neutral,88.0,1,70.92048424094875,17.079515759051247,1.0240842130461072,1.0240842130461072
68016,128,40,Neutral,78.0,0,63.08898798798728,14.91101201201272,0.8940611793370504,0.8940611793370504
68016,46,41,Neutral,0.0,0,60.94147781592226,-60.94147781592226,-3.654038336415477,3.654038336415477
68016,12,42,Neutral,56.0,1,67.16692981429406,-11.166929814294065,-0.6695667893834774,0.6695667893834774
68016,94,43,Neutral,84.0,1,70.80417437096713,13.195825629032868,0.791218960504794,0.791218960504794
68016,104,44,Neutral,78.0,0,64.47132507846133,13.528674921538666,0.8111765348638981,0.8111765348638981
68016,117,45,Neutral,77.0,0,64.50737486354838,12.492625136451622,0.7490552052076296,0.7490552052076296
68016,74,46,Neutral,73.0,0,61.34919561454757,11.650804385452432,0.6985798080432795,0.6985798080432795
68016,10,47,Neutral,62.0,1,63.32369396796152,-1.3236939679615176,-0.0793684150427606,0.0793684150427606
68016,122,48,Neutral,70.0,0,60.516732190476155,9.483267809523845,0.5686147657128414,0.5686147657128414
68016,89,49,Neutral,67.0,0,59.142398954354775,7.857601045645225,0.4711401246253398,0.4711401246253398
68016,54,50,Neutral,56.0,1,65.1068200040646,-9.106820004064602,-0.5460430335838224,0.5460430335838224
68016,126,51,Neutral,43.0,0,63.288413534814985,-20.288413534814985,-1.2164890563565451,1.2164890563565451
68016,52,52,Neutral,54.0,0,66.92730628804308,-12.927306288043084,-0.775118596660494,0.775118596660494
68016,56,53,Neutral,58.0,1,70.51771760623187,-12.51771760623187,-0.7505597444774078,0.7505597444774078
68016,87,54,Neutral,50.0,1,61.679835827053296,-11.679835827053296,-0.7003205272442709,0.7003205272442709
68016,93,55,Neutral,58.0,0,61.96398843675886,-3.9639884367588607,-0.2376799223145871,0.2376799223145871
68016,47,56,Neutral,58.0,0,66.57863193047044,-8.578631930470436,-0.514372986533433,0.514372986533433
68016,38,57,Neutral,57.0,0,60.61692912849695,-3.616929128496949,-0.21687031836587012,0.21687031836587012
68016,88,58,Neutral,50.0,0,62.298066301928586,-12.298066301928586,-0.7373894979502033,0.7373894979502033
68016,53,59,Neutral,80.0,0,59.585331774205514,20.414668225794486,1.2240592613716728,1.2240592613716728
68016,42,60,Neutral,7.0,1,63.34667717889429,-56.34667717889429,-3.3785350457568475,3.3785350457568475
68016,98,61,Neutral,9.0,0,58.58139945627275,-49.58139945627275,-2.9728904004197774,2.9728904004197774
68016,43,62,Neutral,73.0,0,65.16684346320719,7.8331565367928135,0.4696744369580443,0.4696744369580443
68016,97,63,Neutral,75.0,1,62.153394448289376,12.846605551710624,0.7702797972925745,0.7702797972925745
68016,109,64,Neutral,59.0,0,61.08209987590298,-2.0820998759029834,-0.12484227556437165,0.12484227556437165
68027,108,1,Neutral,74.0,1,77.78694149280619,-3.786941492806193,-0.22706422437397653,0.22706422437397653
68027,10,2,Neutral,100.0,1,79.1930964843245,20.8069035156755,1.2475776077834462,1.2475776077834462
68027,117,3,Neutral,82.0,0,80.6636267408277,1.336373259172305,0.08012866270696621,0.08012866270696621
68027,97,4,Neutral,78.0,0,79.18745420904945,-1.1874542090494487,-0.07119950743089704,0.07119950743089704
68027,33,5,Neutral,75.0,1,78.05653364864513,-3.0565336486451287,-0.18326912193414377,0.18326912193414377
68027,1,6,Neutral,82.0,1,82.65253192739698,-0.6525319273969785,-0.03912567866578173,0.03912567866578173
68027,94,7,Neutral,82.0,1,86.71659560349973,-4.7165956034997265,-0.28280609151971997,0.28280609151971997
68027,47,8,Neutral,86.0,0,82.99772676334715,3.0022732366528544,0.18001567891511566,0.18001567891511566
68027,59,9,Neutral,77.0,1,77.34018035627878,-0.3401803562787791,-0.020397143418359402,0.020397143418359402
68027,9,10,Neutral,81.0,0,82.93340741843708,-1.9334074184370849,-0.11592670673689132,0.11592670673689132
68027,118,11,Neutral,93.0,0,80.37161131356969,12.628388686430313,0.7571955594308806,0.7571955594308806
68027,84,12,Neutral,74.0,1,80.67289668650747,-6.672896686507471,-0.40010549762328745,0.40010549762328745
68027,44,13,Neutral,94.0,1,78.949082266447,15.050917733553007,0.9024498973057261,0.9024498973057261
68027,107,14,Neutral,78.0,1,79.15415168462387,-1.1541516846238693,-0.06920269499195277,0.06920269499195277
68027,42,15,Neutral,77.0,0,79.65336284482298,-2.653362844822979,-0.1590950843806161,0.1590950843806161
68027,11,16,Neutral,97.0,1,86.26341240302033,10.736587596979675,0.6437635595275388,0.6437635595275388
68027,92,17,Neutral,87.0,1,81.71316230397154,5.286837696028456,0.3169976887998462,0.3169976887998462
68027,127,18,Neutral,79.0,1,76.79991355906883,2.200086440931173,0.13191672546690325,0.13191672546690325
68027,24,19,Neutral,79.0,0,79.982725204142,-0.9827252041419996,-0.05892399887221621,0.05892399887221621
68027,71,20,Neutral,79.0,1,76.87973446865115,2.120265531348849,0.12713068032795258,0.12713068032795258
68027,41,21,Neutral,78.0,1,85.6217586158512,-7.621758615851206,-0.4569990615808272,0.4569990615808272
68027,93,22,Neutral,91.0,1,77.30770504192702,13.692294958072978,0.8209871582279719,0.8209871582279719
68027,56,23,Neutral,83.0,1,86.16729588316709,-3.1672958831670854,-0.18991040248189786,0.18991040248189786
68027,52,24,Neutral,92.0,1,82.48927024644581,9.510729753554187,0.570261378165898,0.570261378165898
68027,54,25,Neutral,83.0,1,80.10007933510288,2.899920664897124,0.17387863999794587,0.17387863999794587
68027,103,26,Neutral,92.0,0,77.68018648299602,14.319813517003979,0.8586130405223291,0.8586130405223291
68027,53,27,Neutral,85.0,0,74.88524122010745,10.114758779892554,0.6064788329708984,0.6064788329708984
68027,77,28,Neutral,83.0,0,77.10298407003829,5.897015929961711,0.3535838488134432,0.3535838488134432
68027,37,29,Neutral,74.0,1,78.93143007198415,-4.931430071984153,-0.2956875215729379,0.2956875215729379
68027,55,30,Neutral,78.0,1,83.98687242734196,-5.9868724273419645,-0.3589716257097507,0.3589716257097507
68027,70,31,Neutral,83.0,0,75.77259982076349,7.227400179236511,0.4333534117324332,0.4333534117324332
68027,30,32,Neutral,86.0,1,80.415530692741,5.584469307258999,0.3348436183135765,0.3348436183135765
68027,46,33,Neutral,75.0,1,75.74137245410441,-0.7413724541044076,-0.04445253817182858,0.04445253817182858
68027,88,34,Neutral,83.0,1,77.24751847370064,5.752481526299363,0.3449175960273123,0.3449175960273123
68027,89,35,Neutral,80.0,1,73.6537795334645,6.346220466535499,0.3805180594095557,0.3805180594095557
68027,104,36,Neutral,82.0,0,78.71986270197365,3.2801372980263466,0.1966763502502891,0.1966763502502891
68027,38,37,Neutral,82.0,0,75.39115266320408,6.608847336795918,0.3962651119343249,0.3962651119343249
68027,85,38,Neutral,75.0,1,78.63283951350827,-3.632839513508273,-0.21782430174241565,0.21782430174241565
68027,34,39,Neutral,65.0,0,82.74449875318984,-17.744498753189845,-1.0639564550843847,1.0639564550843847
68027,19,40,Neutral,96.0,0,80.42045590497676,15.579544095023238,0.9341462240060178,0.9341462240060178
68027,61,41,Neutral,80.0,0,75.11959743533427,4.880402564665729,0.29262792284583705,0.29262792284583705
68027,86,42,Neutral,86.0,0,78.0654477599702,7.934552240029802,0.4757541022378213,0.4757541022378213
68027,40,43,Neutral,85.0,1,83.23751514452837,1.7624848554716266,0.10567822540664379,0.10567822540664379
68027,119,44,Neutral,55.0,0,74.47817054971145,-19.47817054971145,-1.1679070554683668,1.1679070554683668
68027,109,45,Neutral,60.0,0,76.24979940090961,-16.24979940090961,-0.9743345927602588,0.9743345927602588
68027,74,46,Neutral,67.0,0,75.24727596393002,-8.247275963930022,-0.49450495168866043,0.49450495168866043
68027,96,47,Neutral,72.0,0,70.70895394441848,1.2910460555815177,0.07741085300593575,0.07741085300593575
68027,62,48,Neutral,68.0,1,73.0491675464277,-5.049167546427697,-0.30274703605581516,0.30274703605581516
68027,128,49,Neutral,72.0,0,76.59280390397362,-4.592803903973618,-0.2753835669599325,0.2753835669599325
68027,65,50,Neutral,67.0,0,75.17699167074822,-8.176991670748222,-0.49029072008584457,0.49029072008584457
68027,12,51,Neutral,74.0,0,81.10802887984613,-7.108028879846131,-0.4261959334455149,0.4261959334455149
68027,4,52,Neutral,72.0,0,79.01277554545763,-7.012775545457629,-0.4204845633245223,0.4204845633245223
68027,98,53,Neutral,77.0,0,73.2482079185001,3.7517920814999,0.2249566729817444,0.2249566729817444
68027,126,54,Neutral,74.0,0,77.60642942106855,-3.6064294210685546,-0.21624075809198923,0.21624075809198923
68027,43,55,Neutral,77.0,0,79.80885707701901,-2.808857077019013,-0.16841848620641411,0.16841848620641411
68027,21,56,Neutral,79.0,0,75.25695819369572,3.7430418063042765,0.22443200830072743,0.22443200830072743
68027,14,57,Neutral,39.0,0,79.19405004476644,-40.19405004476644,-2.4100268819048187,2.4100268819048187
68027,78,58,Neutral,74.0,1,78.11738108450497,-4.11738108450497,-0.2468773135738144,0.2468773135738144
68027,45,59,Neutral,70.0,0,75.63322720529987,-5.633227205299875,-0.337767131740385,0.337767131740385
68027,95,60,Neutral,73.0,1,75.00290300067931,-2.0029030006793107,-0.12009364739579113,0.12009364739579113
68027,25,61,Neutral,81.0,0,79.45134348317055,1.5486565168294533,0.09285712268953195,0.09285712268953195
68027,122,62,Neutral,82.0,0,74.21978314884637,7.780216851153625,0.4665001844164881,0.4665001844164881
68027,87,63,Neutral,76.0,1,75.18365174303963,0.8163482569603673,0.04894807171905784,0.04894807171905784
68027,39,64,Neutral,80.0,1,79.71356995379038,0.28643004620961676,0.01717428600455998,0.01717428600455998
68051,31,1,Standard,72.0,1,62.96402071174077,9.035979288259227,0.541795438996211,0.541795438996211
68051,32,2,Standard,69.0,1,64.80667394830515,4.193326051694854,0.25143095801295773,0.25143095801295773
68051,66,3,Standard,27.0,1,62.609100542457234,-35.609100542457234,-2.135114263235278,2.135114263235278
68051,17,4,Standard,100.0,1,70.38910586532359,29.610894134676414,1.775463054415435,1.775463054415435
68051,35,5,Standard,60.0,1,69.26550744960164,-9.265507449601643,-0.5555578998174845,0.5555578998174845
68051,20,6,Standard,59.0,0,62.58406995408343,-3.584069954083432,-0.2149000891014498,0.2149000891014498
68051,7,7,Standard,92.0,1,69.99534558739037,22.004654412609625,1.319394502478603,1.319394502478603
68051,81,8,Standard,36.0,1,63.220819314407485,-27.220819314407485,-1.6321546652335401,1.6321546652335401
68051,82,9,Standard,73.0,1,61.18423506463377,11.815764935366232,0.7084708083108135,0.7084708083108135
68051,83,10,Standard,76.0,0,64.86729265373712,11.132707346262876,0.6675148173172528,0.6675148173172528
68051,124,11,Standard,97.0,1,63.7067845297823,33.2932154702177,1.9962542759166801,1.9962542759166801
68051,64,12,Standard,69.0,1,63.59722973437455,5.402770265625449,0.32394898156347335,0.32394898156347335
68051,110,13,Standard,13.0,1,60.095877144628844,-47.095877144628844,-2.823858999504358,2.823858999504358
68051,36,14,Standard,75.0,1,60.702631126593374,14.297368873406626,0.8572672643598337,0.8572672643598337
68051,16,15,Standard,58.0,1,63.5905714752872,-5.590571475287199,-0.3352095030395368,0.3352095030395368
68051,121,16,Standard,61.0,1,65.1593917333272,-4.1593917333271975,-0.24939626334063478,0.24939626334063478
68051,100,17,Standard,26.0,1,62.19191581157122,-36.19191581157122,-2.1700597455687305,2.1700597455687305
68051,114,18,Standard,81.0,0,62.51052410978398,18.48947589021602,1.1086251292945706,1.1086251292945706
68051,116,19,Standard,100.0,0,66.94185906703039,33.05814093296961,1.9821592555495298,1.9821592555495298
68051,26,20,Standard,100.0,1,71.43082416561361,28.569175834386385,1.7130018417664237,1.7130018417664237
68051,106,21,Standard,65.0,1,62.16641584921608,2.8335841507839206,0.16990111640710048,0.16990111640710048
68051,72,22,Standard,62.0,1,62.30504937018062,-0.30504937018061895,-0.018290696797775202,0.018290696797775202
68051,6,23,Standard,37.0,1,65.02640657124695,-28.02640657124695,-1.680457509623213,1.680457509623213
68051,50,24,Standard,4.0,0,58.169295207917514,-54.169295207917514,-3.2479796755867745,3.2479796755867745
68051,111,25,Standard,65.0,1,64.08885980433506,0.9111401956649416,0.05463177665079422,0.05463177665079422
68051,51,26,Standard,36.0,1,62.42532584351386,-26.42532584351386,-1.58445704215007,1.58445704215007
68051,3,27,Standard,67.0,0,65.65333528421324,1.3466647157867584,0.08074573630535119,0.08074573630535119
68051,22,28,Standard,81.0,1,70.62930975134954,10.370690248650462,0.6218244306139569,0.6218244306139569
68051,15,29,Standard,69.0,0,66.6475434463742,2.3524565536257995,0.14105280573709067,0.14105280573709067
68051,28,30,Standard,59.0,1,63.97082376129139,-4.970823761291392,-0.29804955899146407,0.29804955899146407
68051,63,31,Standard,64.0,1,60.534782537922865,3.4652174620771348,0.20777371839738956,0.20777371839738956
68051,18,32,Standard,40.0,1,64.83049823641687,-24.830498236416872,-1.488831510489865,1.488831510489865
68051,80,33,Standard,66.0,1,66.28629059406322,-0.28629059406321744,-0.017165924482862433,0.017165924482862433
68051,5,34,Standard,62.0,1,60.743711867086134,1.2562881329138662,0.07532677519106235,0.07532677519106235
68051,29,35,Standard,65.0,0,65.74443635960411,-0.7444363596041086,-0.04463624930841898,0.04463624930841898
68051,123,36,Standard,43.0,1,61.38441066473818,-18.384410664738184,-1.1023254402243483,1.1023254402243483
68051,68,37,Standard,76.0,1,59.76987496867976,16.23012503132024,0.9731549216511743,0.9731549216511743
68051,112,38,Standard,89.0,1,62.54328709447147,26.456712905528533,1.5863390038611973,1.5863390038611973
68051,120,39,Standard,5.0,0,60.778453796065136,-55.778453796065136,-3.3444644898904956,3.3444644898904956
68051,105,40,Standard,69.0,0,60.41482125699012,8.585178743009877,0.5147655320518186,0.5147655320518186
68051,79,41,Standard,39.0,1,62.59306508155615,-23.593065081556148,-1.4146352758617764,1.4146352758617764
68051,60,42,Standard,74.0,1,63.89371830080331,10.106281699196693,0.6059705489752735,0.6059705489752735
68051,99,43,Standard,25.0,1,60.83461168929483,-35.83461168929483,-2.1486358647022237,2.1486358647022237
68051,58,44,Standard,65.0,1,63.73018776115168,1.269812238848317,0.07613767777041063,0.07613767777041063
68051,48,45,Standard,61.0,1,69.44085340754636,-8.440853407546356,-0.5061118149514116,0.5061118149514116
68051,90,46,Standard,88.0,1,63.857139457934025,24.142860542065975,1.4476008973381433,1.4476008973381433
68051,76,47,Standard,68.0,1,59.151675802482096,8.848324197517904,0.5305436787802293,0.5305436787802293
68051,49,48,Standard,76.0,0,65.14606510930565,10.853934890694347,0.6507996788550552,0.6507996788550552
68051,8,49,Standard,40.0,1,66.81904744908272,-26.819047449082717,-1.6080645077413915,1.6080645077413915
68051,2,50,Standard,64.0,1,61.42480481615098,2.5751951838490186,0.1544081676844123,0.1544081676844123
68051,27,51,Standard,62.0,1,64.13799701511502,-2.137997015115019,-0.12819385640712183,0.12819385640712183
68051,75,52,Standard,58.0,1,57.64306698735102,0.35693301264898025,0.021401629210423937,0.021401629210423937
68051,13,53,Standard,84.0,1,61.05638916846339,22.94361083153661,1.3756941340915103,1.3756941340915103
68051,102,54,Standard,11.0,1,59.98121767608484,-48.98121767608484,-2.9369036256938825,2.9369036256938825
68051,23,55,Standard,64.0,1,63.406590528560635,0.5934094714393652,0.035580708501705555,0.035580708501705555
68051,67,56,Standard,53.0,1,63.31992824362702,-10.319928243627018,-0.618780751349249,0.618780751349249
68051,125,57,Standard,69.0,1,57.36500538163141,11.634994618368587,0.6976318576967411,0.6976318576967411
68051,115,58,Standard,100.0,1,67.65031861774501,32.349681382254985,1.939680168220365,1.939680168220365
68051,69,59,Standard,43.0,1,60.583354438016315,-17.583354438016315,-1.054294275458251,1.054294275458251
68051,57,60,Standard,70.0,1,64.37133410547398,5.628665894526023,0.3374936364949578,0.3374936364949578
68051,91,61,Standard,73.0,1,59.41966931009054,13.58033068990946,0.8142738039930454,0.8142738039930454
68051,113,62,Standard,100.0,1,66.36317772243933,33.63682227756067,2.0168568686282815,2.0168568686282815
68051,101,63,Standard,97.0,1,65.11802331803077,31.881976681969235,1.9116366916553886,1.9116366916553886
68051,73,64,Standard,90.0,1,58.78918915652236,31.21081084347764,1.8713937275554933,1.8713937275554933
68124,59,1,Neutral,100.0,1,94.38621366914838,5.6137863308516245,0.3366014609514041,0.3366014609514041
68124,78,2,Neutral,100.0,1,97.26615804215379,2.7338419578462094,0.16392059526100314,0.16392059526100314
68124,88,3,Neutral,72.0,1,95.30111644969361,-23.30111644969361,-1.3971300966091156,1.3971300966091156
68124,25,4,Neutral,100.0,0,98.64392760008559,1.3560723999144102,0.0813098190892174,0.0813098190892174
68124,94,5,Neutral,100.0,1,103.4997859607719,-3.499785960771902,-0.20984643839024156,0.20984643839024156
68124,93,6,Neutral,100.0,1,94.70419562892647,5.29580437107353,0.3175353287708335,0.3175353287708335
68124,52,7,Neutral,100.0,1,99.9295679927115,0.07043200728850252,0.004223088509935041,0.004223088509935041
68124,77,8,Neutral,100.0,0,94.67470329410267,5.32529670589733,0.3193036830336245,0.3193036830336245
68124,44,9,Neutral,100.0,0,95.81988694225164,4.180113057748358,0.25063870964370816,0.25063870964370816
68124,42,10,Neutral,100.0,1,96.56797467989387,3.432025320106135,0.20578352446746667,0.20578352446746667
68124,97,11,Neutral,100.0,1,95.57638013292554,4.423619867074464,0.26523932729107563,0.26523932729107563
68124,40,12,Neutral,100.0,1,101.29111312052135,-1.291113120521345,-0.07741487420578093,0.07741487420578093
68124,128,13,Neutral,100.0,1,94.86543767629774,5.134562323702255,0.30786728914244726,0.30786728914244726
68124,34,14,Neutral,100.0,1,100.5352537735854,-0.5352537735853957,-0.03209370495247625,0.03209370495247625
68124,117,15,Neutral,100.0,1,96.83351686837258,3.166483131627416,0.18986167006859958,0.18986167006859958
68124,47,16,Neutral,100.0,0,99.342845527957,0.657154472043004,0.03940284548145019,0.03940284548145019
68124,12,17,Neutral,100.0,1,99.2930483336378,0.7069516663622011,0.04238867489697408,0.04238867489697408
68124,61,18,Neutral,100.0,0,92.82273813719735,7.177261862802652,0.4303471287058541,0.4303471287058541
68124,85,19,Neutral,100.0,1,96.16075157830642,3.8392484216935827,0.2302005369522833,0.2302005369522833
68124,56,20,Neutral,100.0,1,102.99429339970548,-2.9942933997054837,-0.1795372095512431,0.1795372095512431
68124,89,21,Neutral,100.0,0,90.96265580193149,9.03734419806851,0.5418772787045281,0.5418772787045281
68124,107,22,Neutral,100.0,1,95.4992704492337,4.5007295507662946,0.2698628078894605,0.2698628078894605
68124,41,23,Neutral,100.0,1,102.22972033605843,-2.229720336058435,-0.1336935676560508,0.1336935676560508
68124,62,24,Neutral,100.0,0,90.79611540755701,9.20388459244299,0.5518630061173789,0.5518630061173789
68124,53,25,Neutral,28.0,0,91.66843157737961,-63.66843157737961,-3.8175459168534776,3.8175459168534776
68124,24,26,Neutral,100.0,0,96.37165112801809,3.6283488719819132,0.21755504381037172,0.21755504381037172
68124,9,27,Neutral,100.0,0,98.88426174965082,1.1157382503491817,0.06689943346132392,0.06689943346132392
68124,92,28,Neutral,100.0,1,97.92685959078268,2.0731404092173165,0.12430506780511527,0.12430506780511527
68124,95,29,Neutral,100.0,1,93.05650097667227,6.943499023327732,0.41633075746440185,0.41633075746440185
68124,39,30,Neutral,100.0,1,97.89858940758205,2.101410592417949,0.1260001421107405,0.1260001421107405
68124,1,31,Neutral,100.0,1,98.25292898448083,1.7470710155191682,0.10475401476856604,0.10475401476856604
68124,45,32,Neutral,74.0,1,93.5115965442279,-19.5115965442279,-1.1699112711482826,1.1699112711482826
68124,37,33,Neutral,100.0,1,95.45177747365892,4.548222526341078,0.2727104768282561,0.2727104768282561
68124,33,34,Neutral,100.0,1,93.48170206866406,6.518297931335937,0.3908357884136545,0.3908357884136545
68124,54,35,Neutral,100.0,1,96.35758378118027,3.642416218819733,0.21839851900131327,0.21839851900131327
68124,103,36,Neutral,100.0,0,93.93769092907338,6.0623090709266165,0.3634947911712356,0.3634947911712356
68124,84,37,Neutral,100.0,1,96.27329374359132,3.7267062564086757,0.22345253212613822,0.22345253212613822
68124,70,38,Neutral,100.0,1,92.16152574463956,7.838474255360438,0.469993286257483,0.469993286257483
68124,30,39,Neutral,100.0,1,96.80445661661707,3.195543383382926,0.19160411672047215,0.19160411672047215
68124,118,40,Neutral,100.0,0,95.79677973358862,4.203220266411378,0.25202421306975353,0.25202421306975353
68124,119,41,Neutral,100.0,0,91.30516806624988,8.694831933750123,0.5213403145650588,0.5213403145650588
68124,11,42,Neutral,100.0,1,101.82000230083796,-1.820002300837956,-0.10912695946944558,0.10912695946944558
68124,126,43,Neutral,100.0,1,94.78388421173685,5.216115788263153,0.31275721791761,0.31275721791761
68124,74,44,Neutral,100.0,1,92.0304663212022,7.969533678797802,0.477851582031589,0.477851582031589
68124,127,45,Neutral,84.0,1,92.31269629762023,-8.312696297620235,-0.4984275412918727,0.4984275412918727
68124,55,46,Neutral,100.0,1,99.98153391782195,0.018466082178051124,0.001107222447178134,0.001107222447178134
68124,46,47,Neutral,100.0,1,91.82364826311684,8.176351736883163,0.49025234978437665,0.49025234978437665
68124,87,48,Neutral,100.0,0,92.53633517077286,7.463664829227142,0.4475197910121294,0.4475197910121294
68124,43,49,Neutral,100.0,1,96.76727607135612,3.2327239286438783,0.19383345448222977,0.19383345448222977
68124,38,50,Neutral,81.0,1,91.51723563148275,-10.517235631482748,-0.6306112612929128,0.6306112612929128
68124,65,51,Neutral,100.0,1,91.82876055022169,8.171239449778312,0.48994581811272414,0.48994581811272414
68124,98,52,Neutral,100.0,0,89.98759111650605,10.012408883493947,0.6003419544675854,0.6003419544675854
68124,71,53,Neutral,100.0,1,92.12967425160515,7.870325748394848,0.4719030951559701,0.4719030951559701
68124,10,54,Neutral,75.0,1,93.61070024122003,-18.61070024122003,-1.1158937161708804,1.1158937161708804
68124,122,55,Neutral,78.0,1,91.22200930244973,-13.222009302449734,-0.7927889281176965,0.7927889281176965
68124,4,56,Neutral,100.0,1,95.5331229471324,4.466877052867602,0.2678330191554412,0.2678330191554412
68124,19,57,Neutral,79.0,1,96.3713102361905,-17.371310236190496,-1.0415801492136174,1.0415801492136174
68124,21,58,Neutral,81.0,1,91.86491991390297,-10.864919913902966,-0.6514583385621918,0.6514583385621918
68124,104,59,Neutral,79.0,1,94.40787407758997,-15.407874077589966,-0.9238529254613213,0.9238529254613213
68124,96,60,Neutral,100.0,0,86.83503691269716,13.164963087302837,0.7893684489208546,0.7893684489208546
68124,109,61,Neutral,100.0,1,92.24446089138958,7.755539108610421,0.4650205121055961,0.4650205121055961
68124,14,62,Neutral,100.0,1,95.67059028717497,4.329409712825026,0.25959050603428097,0.25959050603428097
68124,108,63,Neutral,100.0,0,91.76647365703938,8.233526342960616,0.49368052727471445,0.49368052727471445
68124,86,64,Neutral,100.0,1,93.79726629485276,6.202733705147239,0.3719146230363108,0.3719146230363108
68138,69,1,Standard,59.0,0,78.9963115393293,-19.996311539329298,-1.198974681452934,1.198974681452934
68138,3,2,Standard,100.0,1,81.68905289805696,18.310947101943043,1.0979205802766794,1.0979205802766794
68138,82,3,Standard,93.0,0,77.31921988410258,15.68078011589742,0.9402163147645286,0.9402163147645286
68138,15,4,Standard,83.0,1,82.68326106021794,0.3167389397820557,0.018991600960107265,0.018991600960107265
68138,72,5,Standard,97.0,1,78.92191294157797,18.078087058422028,1.0839583404928774,1.0839583404928774
68138,111,6,Standard,100.0,0,80.03284526023755,19.96715473976245,1.1972264458143718,1.1972264458143718
68138,60,7,Standard,100.0,1,80.51960599411484,19.48039400588516,1.168040373438151,1.168040373438151
68138,22,8,Standard,100.0,1,86.61710236651827,13.382897633481733,0.8024357589879388,0.8024357589879388
68138,50,9,Standard,100.0,0,73.93805202675506,26.06194797324494,1.562668980617031,1.562668980617031
68138,73,10,Standard,70.0,1,76.09531438908688,-6.09531438908688,-0.3654737831843188,0.3654737831843188
68138,106,11,Standard,67.0,0,77.54502607406631,-10.545026074066314,-0.6322775704509058,0.6322775704509058
68138,115,12,Standard,64.0,1,84.77709737383582,-20.777097373835815,-1.2457904377172422,1.2457904377172422
68138,110,13,Standard,54.0,1,75.96801900850024,-21.968019008500235,-1.317197851266925,1.317197851266925
68138,13,14,Standard,58.0,1,77.87651780969054,-19.87651780969054,-1.1917918743361717,1.1917918743361717
68138,75,15,Standard,54.0,1,75.13607374407306,-21.13607374407306,-1.2673145862237205,1.2673145862237205
68138,116,16,Standard,100.0,0,82.16591766382247,17.83408233617753,1.0693278680904694,1.0693278680904694
68138,79,17,Standard,100.0,1,79.51657876781715,20.48342123218285,1.2281816773368015,1.2281816773368015
68138,20,18,Standard,98.0,0,77.15102116188199,20.848978838118015,1.2501004353670895,1.2501004353670895
68138,91,19,Standard,0.0,1,77.13171186314376,-77.13171186314376,-4.624801402955844,4.624801402955844
68138,63,20,Standard,100.0,1,76.1092984088448,23.890701591155207,1.4324814990806642,1.4324814990806642
68138,29,21,Standard,64.0,1,81.29827522151928,-17.298275221519276,-1.0372009849223378,1.0372009849223378
68138,121,22,Standard,72.0,1,79.98918589672316,-7.989185896723157,-0.479029924931506,0.479029924931506
68138,64,23,Standard,100.0,0,78.22700041229002,21.772999587709975,1.3055045273526997,1.3055045273526997
68138,123,24,Standard,100.0,1,77.78223843980436,22.21776156019564,1.3321723627299669,1.3321723627299669
68138,125,25,Standard,65.0,0,73.70737311033878,-8.707373110338779,-0.5220922809052438,0.5220922809052438
68138,124,26,Standard,66.0,0,78.14231425978215,-12.142314259782154,-0.7280506378933937,0.7280506378933937
68138,35,27,Standard,66.0,1,83.2422885779324,-17.2422885779324,-1.0338440374158855,1.0338440374158855
68138,51,28,Standard,97.0,0,77.27825015716928,19.721749842830718,1.1825120192288985,1.1825120192288985
68138,102,29,Standard,100.0,0,76.16903377673405,23.830966223265946,1.428899778844628,1.428899778844628
68138,32,30,Standard,100.0,0,78.52061212103847,21.479387878961532,1.2878996303558148,1.2878996303558148
68138,28,31,Standard,97.0,0,79.79915846589657,17.200841534103432,1.0313588812872534,1.0313588812872534
68138,68,32,Standard,69.0,0,74.92944939719881,-5.929449397198809,-0.3555285527640958,0.3555285527640958
68138,36,33,Standard,93.0,0,75.74243696440632,17.257563035593677,1.03475989072077,1.03475989072077
68138,5,34,Standard,62.0,1,75.68425049927403,-13.684250499274029,-0.8205048141513175,0.8205048141513175
68138,101,35,Standard,54.0,1,81.45627320732936,-27.45627320732936,-1.6462724316879993,1.6462724316879993
68138,120,36,Standard,69.0,0,76.0215247037079,-7.021524703707897,-0.42100916103372804,0.42100916103372804
68138,49,37,Standard,64.0,0,80.72058098022758,-16.72058098022758,-1.0025625583521376,1.0025625583521376
68138,7,38,Standard,63.0,1,83.74897307998117,-20.74897307998117,-1.2441041109064632,1.2441041109064632
68138,81,39,Standard,61.0,1,76.97444680699827,-15.974446806998273,-0.95782450849183,0.95782450849183
68138,66,40,Standard,72.0,0,75.92877428179446,-3.9287742817944604,-0.23556848890607898,0.23556848890607898
68138,112,41,Standard,60.0,1,77.52351504651679,-17.523515046516792,-1.0507063179881762,1.0507063179881762
68138,90,42,Standard,100.0,1,78.97290672718684,21.02709327281316,1.2607801398306229,1.2607801398306229
68138,48,43,Standard,100.0,1,84.64011715592284,15.359882844077163,0.9209753810801801,0.9209753810801801
68138,99,44,Standard,59.0,0,75.88344164902196,-16.88344164902196,-1.0123276501844436,1.0123276501844436
68138,8,45,Standard,78.0,0,82.08691320514103,-4.08691320514103,-0.2450504658632715,0.2450504658632715
68138,67,46,Standard,74.0,1,79.63014170016075,-5.630141700160749,-0.33758212549390654,0.33758212549390654
68138,6,47,Standard,84.0,1,79.84717661272873,4.152823387271269,0.2490024266770786,0.2490024266770786
68138,80,48,Standard,69.0,0,80.72182032406306,-11.72182032406306,-0.7028379089538545,0.7028379089538545
68138,2,49,Standard,86.0,0,77.34075383928861,8.65924616071139,0.5192065990140957,0.5192065990140957
68138,17,50,Standard,64.0,1,83.48562596892086,-19.485625968920857,-1.1683540808537294,1.1683540808537294
68138,23,51,Standard,78.0,0,78.67445628461893,-0.6744562846189268,-0.040440258565406936,0.040440258565406936
68138,18,52,Standard,68.0,1,79.04699217008555,-11.046992170085545,-0.6623753531790408,0.6623753531790408
68138,26,53,Standard,100.0,1,85.09683733967192,14.903162660328078,0.8935905338423954,0.8935905338423954
68138,57,54,Standard,93.0,0,79.72681418006474,13.273185819935264,0.7958574614634288,0.7958574614634288
68138,100,55,Standard,72.0,1,75.46778239164222,-3.467782391642217,-0.20792751104070756,0.20792751104070756
68138,31,56,Standard,82.0,1,75.66627638194196,6.333723618058045,0.37976875097369983,0.37976875097369983
68138,58,57,Standard,86.0,1,79.03283655456204,6.967163445437961,0.4177496712928634,0.4177496712928634
68138,16,58,Standard,76.0,1,77.57900549071054,-1.5790054907105429,-0.0946768408520508,0.0946768408520508
68138,114,59,Standard,85.0,0,75.80706769886174,9.192932301138256,0.5512063090083924,0.5512063090083924
68138,83,60,Standard,100.0,1,77.61747332261334,22.382526677386664,1.3420516448920854,1.3420516448920854
68138,27,61,Standard,100.0,0,78.79256254144603,21.20743745855397,1.271593539703154,1.271593539703154
68138,76,62,Standard,0.0,0,73.43510704567647,-73.43510704567647,-4.4031537468487185,4.4031537468487185
68138,113,63,Standard,100.0,1,81.43101999301713,18.56898000698287,1.1133921796021857,1.1133921796021857
68138,105,64,Standard,93.0,0,75.2355912984719,17.764408701528097,1.0651502514462614,1.0651502514462614
68193,32,1,Standard,100.0,1,69.30130669864437,30.698693301355632,1.840687266230137,1.840687266230137
68193,123,2,Standard,100.0,0,67.32467967086312,32.67532032913688,1.9592054117553277,1.9592054117553277
68193,58,3,Standard,100.0,1,69.97710688214026,30.022893117859738,1.800166427767545,1.800166427767545
68193,80,4,Standard,100.0,1,72.00752380385698,27.992476196143016,1.6784230513881628,1.6784230513881628
68193,79,5,Standard,100.0,0,68.62094840621354,31.379051593786457,1.88148140795656,1.88148140795656
68193,13,6,Standard,100.0,1,67.56615124504938,32.43384875495062,1.9447268263836965,1.9447268263836965
68193,31,7,Standard,100.0,1,67.15200334721635,32.84799665278365,1.9695590482113134,1.9695590482113134
68193,35,8,Standard,100.0,1,73.58491156287593,26.41508843712407,1.5838432093919155,1.5838432093919155
68193,120,9,Standard,100.0,1,66.54349416512514,33.45650583487486,2.0060451322235586,2.0060451322235586
68193,76,10,Standard,55.0,1,65.22336628640574,-10.223366286405735,-0.6129909164753449,0.6129909164753449
68193,66,11,Standard,53.0,0,66.70946885940036,-13.70946885940036,-0.8220169017800667,0.8220169017800667
68193,16,12,Standard,99.0,0,68.1728185441589,30.8271814558411,1.84839138925261,1.84839138925261
68193,125,13,Standard,55.0,1,63.74334598041869,-8.743345980418688,-0.524249206714295,0.524249206714295
68193,27,14,Standard,50.0,0,70.20968749903865,-20.20968749903865,-1.211768659623311,1.211768659623311
68193,113,15,Standard,46.0,1,72.8729397990253,-26.872939799025303,-1.6112958818364627,1.6112958818364627
68193,64,16,Standard,46.0,0,67.8728266883826,-21.872826688382602,-1.3114901395489251,1.3114901395489251
68193,17,17,Standard,55.0,1,74.27043838593553,-19.270438385935535,-1.1554514781284715,1.1554514781284715
68193,106,18,Standard,46.0,1,66.74866291808776,-20.74866291808776,-1.2440855136638358,1.2440855136638358
68193,121,19,Standard,92.0,1,69.47879584660149,22.521204153398514,1.3503667175143028,1.3503667175143028
68193,18,20,Standard,47.0,1,69.80700973868466,-22.807009738684656,-1.3675035609717543,1.3675035609717543
68193,8,21,Standard,96.0,0,72.49647349961026,23.50352650038974,1.4092665611555368,1.4092665611555368
68193,72,22,Standard,60.0,1,66.7558749612536,-6.755874961253596,-0.40508085772085206,0.40508085772085206
68193,68,23,Standard,56.0,0,64.83400078948002,-8.834000789480015,-0.5296848502129823,0.5296848502129823
68193,63,24,Standard,55.0,1,65.29225824385948,-10.292258243859479,-0.6171216639174575,0.6171216639174575
68193,81,25,Standard,47.0,1,66.9269231979545,-19.926923197954494,-1.1948141709341429,1.1948141709341429
68193,73,26,Standard,44.0,0,64.90468679971225,-20.904686799712252,-1.2534406731592178,1.2534406731592178
68193,57,27,Standard,94.0,1,70.26779595233268,23.732204047667324,1.4229780193343775,1.4229780193343775
68193,20,28,Standard,92.0,1,66.07113804129926,25.928861958700736,1.5546891708616102,1.5546891708616102
68193,69,29,Standard,85.0,1,66.34839480707632,18.651605192923682,1.1183463685684125,1.1183463685684125
68193,91,30,Standard,83.0,1,65.22851683841677,17.771483161583234,1.0655744345999583,1.0655744345999583
68193,5,31,Standard,47.0,0,65.32595893595783,-18.32595893595783,-1.0988206867223358,1.0988206867223358
68193,23,32,Standard,45.0,1,68.864980782757,-23.864980782757,-1.430939284758023,1.430939284758023
68193,101,33,Standard,44.0,1,70.88306368709078,-26.883063687090782,-1.6119029080594989,1.6119029080594989
68193,111,34,Standard,46.0,0,68.14542096201194,-22.14542096201194,-1.3278348355068674,1.3278348355068674
68193,99,35,Standard,46.0,0,65.6358945544977,-19.635894554497696,-1.177364153994969,1.177364153994969
68193,115,36,Standard,91.0,1,73.06490171267515,17.93509828732485,1.0753847635139233,1.0753847635139233
68193,116,37,Standard,55.0,0,70.60415579131117,-15.604155791311172,-0.9356219361971788,0.9356219361971788
68193,6,38,Standard,97.0,1,68.82012477332643,28.179875226673573,1.6896594582871574,1.6896594582871574
68193,90,39,Standard,67.0,0,68.61461516387064,-1.6146151638706385,-0.0968119894493206,0.0968119894493206
68193,49,40,Standard,54.0,1,69.94734797450852,-15.947347974508517,-0.9561996681312341,0.9561996681312341
68193,28,41,Standard,54.0,1,67.93977060043582,-13.939770600435821,-0.8358257462788612,0.8358257462788612
68193,22,42,Standard,94.0,1,74.46683511269525,19.53316488730475,1.1712045045138049,1.1712045045138049
68193,114,43,Standard,66.0,1,65.86617071920112,0.1338292807988779,0.008024375845481144,0.008024375845481144
68193,60,44,Standard,56.0,1,68.25692957334383,-12.256929573343825,-0.7349229482590804,0.7349229482590804
68193,83,45,Standard,94.0,1,67.78486767049193,26.215132329508066,1.5718538827622552,1.5718538827622552
68193,67,46,Standard,66.0,1,68.20882542736234,-2.208825427362342,-0.13244071327595114,0.13244071327595114
68193,15,47,Standard,60.0,0,70.30984017065498,-10.30984017065498,-0.6181758725917674,0.6181758725917674
68193,48,48,Standard,56.0,1,73.76025752082063,-17.76025752082063,-1.0649013475143236,1.0649013475143236
68193,36,49,Standard,55.0,1,63.62020614334817,-8.62020614334817,-0.516865767691783,0.516865767691783
68193,124,50,Standard,56.0,1,66.44913090947216,-10.44913090947216,-0.6265277163242579,0.6265277163242579
68193,7,51,Standard,56.0,1,72.51865617074907,-16.51865617074907,-0.9904551887682136,0.9904551887682136
68193,2,52,Standard,58.0,1,65.78801608869149,-7.788016088691492,-0.46696782507732437,0.46696782507732437
68193,100,53,Standard,54.0,0,65.06568366905978,-11.06568366905978,-0.6634960915704403,0.6634960915704403
68193,75,54,Standard,53.0,1,62.00627825989153,-9.00627825989153,-0.540014571511928,0.540014571511928
68193,102,55,Standard,55.0,1,64.3882361078916,-9.3882361078916,-0.5629166846458231,0.5629166846458231
68193,26,56,Standard,91.0,1,74.30459202310219,16.695407976897812,1.0010531903074777,1.0010531903074777
68193,110,57,Standard,57.0,1,62.61918772798754,-5.619187727987537,-0.3369253276003955,0.3369253276003955
68193,50,58,Standard,55.0,1,61.13067738393855,-6.130677383938547,-0.36759414100151455,0.36759414100151455
68193,3,59,Standard,55.0,1,68.70233177876673,-13.702331778766734,-0.8215889639095061,0.8215889639095061
68193,105,60,Standard,54.0,1,63.98950366273843,-9.989503662738429,-0.5989685621944683,0.5989685621944683
68193,29,61,Standard,77.0,1,69.05627580975501,7.943724190244993,0.47630405046531965,0.47630405046531965
68193,82,62,Standard,55.0,1,63.31328121459636,-8.313281214596358,-0.4984626127921214,0.4984626127921214
68193,112,63,Standard,54.0,1,65.8989337038886,-11.898933703888602,-0.7134575903755865,0.7134575903755865
68193,51,64,Standard,55.0,0,65.21147938246995,-10.211479382469946,-0.6122781801873628,0.6122781801873628
68200,12,1,Neutral,87.0,1,90.23623705768225,-3.2362370576822457,-0.1940441009687778,0.1940441009687778
68200,103,2,Neutral,100.0,0,85.66940851991004,14.330591480089964,0.859259284947573,0.859259284947573
68200,96,3,Neutral,73.0,1,79.57431916665718,-6.574319166657176,-0.3941948100333054,0.3941948100333054
68200,43,4,Neutral,100.0,0,88.98087241412134,11.019127585878664,0.6607045985047323,0.6607045985047323
68200,14,5,Neutral,100.0,1,88.409872541135,11.590127458864998,0.694941632143508,0.694941632143508
68200,40,6,Neutral,95.0,0,91.79623025190344,3.203769748096562,0.19209736783794187,0.19209736783794187
68200,11,7,Neutral,100.0,1,93.59552705094083,6.404472949059169,0.3840108661474529,0.3840108661474529
68200,107,8,Neutral,90.0,1,86.35484485474568,3.6451551452543214,0.21856274446074236,0.21856274446074236
68200,127,9,Neutral,88.0,1,84.13202820698933,3.8679717930106676,0.23192278432312574,0.23192278432312574
68200,87,10,Neutral,89.0,1,84.44328139867444,4.5567186013255565,0.27321989971747646,0.27321989971747646
68200,19,11,Neutral,97.0,0,88.62871373822196,8.371286261778039,0.5019405833583697,0.5019405833583697
68200,39,12,Neutral,84.0,1,88.92939245015897,-4.929392450158971,-0.2955653461920451,0.2955653461920451
68200,89,13,Neutral,87.0,1,81.55538725184604,5.444612748153958,0.32645784811429435,0.32645784811429435
68200,117,14,Neutral,88.0,0,87.11959820342352,0.8804017965764785,0.052788708633826356,0.052788708633826356
68200,33,15,Neutral,82.0,0,84.55631227050719,-2.556312270507192,-0.15327595212733866,0.15327595212733866
68200,65,16,Neutral,68.0,1,83.60428530032458,-15.604285300324577,-0.9356297015306898,0.9356297015306898
68200,109,17,Neutral,77.0,0,84.41425007488857,-7.414250074888571,-0.44455689261831144,0.44455689261831144
68200,9,18,Neutral,100.0,0,89.52080035883162,10.479199641168378,0.6283306312236511,0.6283306312236511
68200,119,19,Neutral,100.0,1,82.51119974589172,17.488800254108284,1.0486248262546716,1.0486248262546716
68200,21,20,Neutral,100.0,1,83.77186614180454,16.228133858195463,0.9730355313246982,0.9730355313246982
68200,38,21,Neutral,100.0,1,83.02991742598823,16.97008257401177,1.0175226220289326,1.0175226220289326
68200,37,22,Neutral,100.0,1,86.1759304013722,13.824069598627801,0.8288883382717038,0.8288883382717038
68200,41,23,Neutral,100.0,1,92.47199451184314,7.5280054881568645,0.45137764354123255,0.45137764354123255
68200,92,24,Neutral,97.0,0,88.34436240363232,8.655637596367683,0.5189902302464863,0.5189902302464863
68200,78,25,Neutral,100.0,1,86.5008675548151,13.499132445184898,0.8094051741253977,0.8094051741253977
68200,93,26,Neutral,56.0,0,84.07032661938649,-28.070326619386492,-1.6830909465760198,1.6830909465760198
68200,85,27,Neutral,100.0,0,86.05256847996125,13.947431520038748,0.8362850934250831,0.8362850934250831
68200,94,28,Neutral,100.0,1,92.73449547343324,7.265504526566758,0.4356381404741513,0.4356381404741513
68200,25,29,Neutral,100.0,0,87.79102279421443,12.208977205785573,0.7320477342724915,0.7320477342724915
68200,47,30,Neutral,100.0,0,88.97181947401441,11.02818052598559,0.6612474109108886,0.6612474109108886
68200,59,31,Neutral,100.0,1,83.31427306694606,16.685726933053942,1.0004727169318752,1.0004727169318752
68200,30,32,Neutral,100.0,1,87.35338090726542,12.646619092734582,0.7582886508016781,0.7582886508016781
68200,62,33,Neutral,52.0,1,80.64412514994561,-28.64412514994561,-1.717495787140849,1.717495787140849
68200,122,34,Neutral,95.0,1,82.38423382282532,12.615766177174677,0.7564387164008974,0.7564387164008974
68200,1,35,Neutral,100.0,1,88.3199745232006,11.6800254767994,0.7003318986036076,0.7003318986036076
68200,88,36,Neutral,89.0,1,84.0977543696926,4.902245630307405,0.29393762851921457,0.29393762851921457
68200,44,37,Neutral,100.0,1,84.83556065858178,15.164439341418216,0.9092566293053007,0.9092566293053007
68200,4,38,Neutral,50.0,0,86.5639259897093,-36.563925989709304,-2.1923653984864244,2.1923653984864244
68200,61,39,Neutral,100.0,0,82.14506196839113,17.854938031608867,1.0705783712513692,1.0705783712513692
68200,24,40,Neutral,100.0,0,86.0006250740755,13.9993749259245,0.83939960923981,0.83939960923981
68200,46,41,Neutral,50.0,0,82.32876539449894,-32.328765394498944,-1.9384260499442145,1.9384260499442145
68200,104,42,Neutral,50.0,1,85.39486996090065,-35.39486996090065,-2.1222690421166686,2.1222690421166686
68200,52,43,Neutral,81.0,0,88.59478443491177,-7.594784434911773,-0.45538169530126604,0.45538169530126604
68200,97,44,Neutral,96.0,0,84.3730180529245,11.626981947075507,0.6971514195923281,0.6971514195923281
68200,74,45,Neutral,93.0,0,82.22893333772066,10.771066662279338,0.645830917112619,0.645830917112619
68200,98,46,Neutral,70.0,1,80.49270824788815,-10.492708247888146,-0.6291406044733102,0.6291406044733102
68200,77,47,Neutral,75.0,0,83.20849825850425,-8.20849825850425,-0.49217984853556657,0.49217984853556657
68200,53,48,Neutral,62.0,0,80.90314109004093,-18.903141090040933,-1.1334284086500028,1.1334284086500028
68200,108,49,Neutral,71.0,0,82.62204806255136,-11.622048062551357,-0.6968555849023137,0.6968555849023137
68200,34,50,Neutral,68.0,0,89.20047021578569,-21.200470215785685,-1.2711757852756798,1.2711757852756798
68200,118,51,Neutral,99.0,0,85.55717515744473,13.442824842555268,0.8060289819814888,0.8060289819814888
68200,95,52,Neutral,77.0,1,82.29121048933358,-5.291210489333579,-0.31725988057705257,0.31725988057705257
68200,128,53,Neutral,77.0,0,83.35542548143309,-6.3554254814330875,-0.38106999018853455,0.38106999018853455
68200,84,54,Neutral,83.0,0,85.77084621185006,-2.7708462118500563,-0.16613936263564635,0.16613936263564635
68200,126,55,Neutral,87.0,0,84.50047247632673,2.4995275236732653,0.14987115051616728,0.14987115051616728
68200,71,56,Neutral,77.0,0,82.24052694959116,-5.240526949591157,-0.31422090607427705,0.31422090607427705
68200,70,57,Neutral,85.0,1,81.57146389436582,3.42853610563418,0.20557431189334743,0.20557431189334743
68200,54,58,Neutral,80.0,1,85.59229329384158,-5.592293293841578,-0.33531274292198693,0.33531274292198693
68200,42,59,Neutral,79.0,0,84.66369805163309,-5.663698051633091,-0.33959415734978865,0.33959415734978865
68200,55,60,Neutral,85.0,1,89.61050786387938,-4.610507863879377,-0.2764450927141554,0.2764450927141554
68200,56,61,Neutral,79.0,1,91.44047404557459,-12.44047404557459,-0.7459282366440158,0.7459282366440158
68200,86,62,Neutral,92.0,0,84.12715478916994,7.872845210830064,0.47205416159963676,0.47205416159963676
68200,10,63,Neutral,50.0,1,83.45870998360863,-33.45870998360863,-2.006177292523259,2.006177292523259
68200,45,64,Neutral,84.0,0,82.35204162349311,1.6479583765068924,0.09881124154491536,0.09881124154491536
68255,4,1,Neutral,100.0,0,71.06018920278623,28.939810797213767,1.7352250370600784,1.7352250370600784
68255,127,2,Neutral,100.0,0,67.86543365674909,32.13456634325091,1.9267819152171366,1.9267819152171366
68255,44,3,Neutral,98.0,1,69.75175940852985,28.24824059147015,1.6937586313430566,1.6937586313430566
68255,98,4,Neutral,50.0,1,65.34109343325103,-15.341093433251032,-0.9198487719145028,0.9198487719145028
68255,65,5,Neutral,100.0,1,66.9615623724794,33.038437627520594,1.9809778494523185,1.9809778494523185
68255,11,6,Neutral,100.0,1,76.62880639553744,23.37119360446256,1.4013319082357738,1.4013319082357738
68255,107,7,Neutral,100.0,1,69.27405033423818,30.725949665761817,1.8423215521716816,1.8423215521716816
68255,122,8,Neutral,39.0,1,66.53170445992848,-27.531704459928477,-1.6507952739071128,1.6507952739071128
68255,38,9,Neutral,96.0,0,66.98235867207913,29.01764132792087,1.7398917394955913,1.7398917394955913
68255,25,10,Neutral,100.0,0,71.63184331645392,28.368156683546076,1.700948775286105,1.700948775286105
68255,117,11,Neutral,100.0,0,70.25950417740329,29.740495822596714,1.7832339446710894,1.7832339446710894
68255,43,12,Neutral,83.0,0,71.61988732532184,11.38011267467816,0.6823491893584688,0.6823491893584688
68255,88,13,Neutral,72.0,1,68.53207436771207,3.4679256322879297,0.2079360997200361,0.2079360997200361
68255,126,14,Neutral,66.0,0,69.1719643264686,-3.171964326468597,-0.19019032137140415,0.19019032137140415
68255,109,15,Neutral,64.0,0,67.4913365787514,-3.491336578751401,-0.209339815201431,0.209339815201431
68255,39,16,Neutral,37.0,1,71.74363599842441,-34.74363599842441,-2.0832211891576087,2.0832211891576087
68255,42,17,Neutral,59.0,0,69.4930709261453,-10.493070926145293,-0.629162350586186,0.629162350586186
68255,52,18,Neutral,69.0,1,72.67943560189799,-3.6794356018979926,-0.22061819351211204,0.22061819351211204
68255,34,19,Neutral,58.0,1,73.5479643383693,-15.547964338369297,-0.9322527083643932,0.9322527083643932
68255,37,20,Neutral,71.0,1,69.13894304013093,1.8610569598690745,0.1115885882871993,0.1115885882871993
68255,46,21,Neutral,92.0,0,66.08030690004989,25.91969309995011,1.554139407997684,1.554139407997684
68255,45,22,Neutral,100.0,0,67.61869764757104,32.38130235242896,1.9415761550160802,1.9415761550160802
68255,61,23,Neutral,50.0,1,65.85446101283193,-15.854461012831933,-0.9506301852259358,0.9506301852259358
68255,96,24,Neutral,29.0,1,62.081124156962375,-33.081124156962375,-1.9835373248805308,1.9835373248805308
68255,128,25,Neutral,86.0,0,68.00878127578373,17.991218724216267,1.078749733239092,1.078749733239092
68255,41,26,Neutral,69.0,1,75.33004521937481,-6.33004521937481,-0.37954819495361514,0.37954819495361514
68255,108,27,Neutral,70.0,1,67.01256090130461,2.98743909869539,0.17912622708810255,0.17912622708810255
68255,85,28,Neutral,50.0,0,68.99823350602539,-18.998233506025386,-1.1391301301369534,1.1391301301369534
68255,9,29,Neutral,91.0,0,72.0474061030841,18.9525938969159,1.1363935886659897,1.1363935886659897
68255,56,30,Neutral,75.0,1,75.78796816815822,-0.7879681681582156,-0.04724640749642155,0.04724640749642155
68255,71,31,Neutral,23.0,1,66.21110425147327,-43.21110425147327,-2.5909288247105113,2.5909288247105113
68255,87,32,Neutral,23.0,1,66.9062792297134,-43.906279229713405,-2.632611371836773,2.632611371836773
68255,93,33,Neutral,59.0,0,67.19043183941895,-8.190431839418949,-0.4910965898043156,0.4910965898043156
68255,104,34,Neutral,70.0,0,69.17208256992663,0.82791743007337,0.049641756932981125,0.049641756932981125
68255,24,35,Neutral,100.0,0,69.22814536658774,30.77185463341226,1.845074004485577,1.845074004485577
68255,12,36,Neutral,66.0,1,71.69245866869443,-5.692458668694428,-0.3413186379677108,0.3413186379677108
68255,40,37,Neutral,53.0,1,73.42768049998057,-20.427680499980568,-1.2248394746258298,1.2248394746258298
68255,92,38,Neutral,65.0,1,70.60646049413131,-5.606460494131312,-0.3361622053051397,0.3361622053051397
68255,118,39,Neutral,71.0,0,69.0913455648206,1.9086544351794004,0.11444252300840618,0.11444252300840618
68255,47,40,Neutral,100.0,0,71.54223237753314,28.45776762246686,1.706321828548249,1.706321828548249
68255,54,41,Neutral,0.0,0,69.76377033626366,-69.76377033626366,-4.183021161245767,4.183021161245767
68255,86,42,Neutral,38.0,0,67.99277015982499,-29.992770159824985,-1.7983602614681702,1.7983602614681702
68255,62,43,Neutral,50.0,1,63.214538053464324,-13.214538053464324,-0.7923409535822569,0.7923409535822569
68255,59,44,Neutral,68.0,1,65.75326449266606,2.2467355073339377,0.13471379378724446,0.13471379378724446
68255,53,45,Neutral,66.0,0,64.46131790273576,1.5386820972642425,0.09225905856668834,0.09225905856668834
68255,77,46,Neutral,60.0,1,66.12770373799675,-6.127703737996754,-0.36741584180924586,0.36741584180924586
68255,95,47,Neutral,67.0,0,65.49971847099513,1.5002815290048659,0.08995656847966192,0.08995656847966192
68255,89,48,Neutral,50.0,1,63.44889201242396,-13.448892012423961,-0.8063927682250832,0.8063927682250832
68255,94,49,Neutral,59.0,1,74.8040173141727,-15.804017314172697,-0.9476055915446306,0.9476055915446306
68255,14,50,Neutral,74.0,1,69.31394869438076,4.6860513056192445,0.28097466177081726,0.28097466177081726
68255,70,51,Neutral,35.0,0,64.7097051701895,-29.709705170189494,-1.7813877435559955,1.7813877435559955
68255,55,52,Neutral,67.0,1,72.95043732333961,-5.950437323339614,-0.3567869844508364,0.3567869844508364
68255,103,53,Neutral,89.0,0,66.44372789351316,22.556272106486844,1.352469384688726,1.352469384688726
68255,10,54,Neutral,39.0,1,67.27972975190083,-28.27972975190083,-1.6956467148539751,1.6956467148539751
68255,1,55,Neutral,100.0,1,70.31922965810219,29.680770341897812,1.779652817268931,1.779652817268931
68255,19,56,Neutral,54.0,0,69.66587606742249,-15.665876067422488,-0.9393226711174267,0.9393226711174267
68255,119,57,Neutral,42.0,1,63.855012189955886,-21.855012189955886,-1.3104219859279733,1.3104219859279733
68255,97,58,Neutral,66.0,0,66.6351161434235,-0.6351161434235024,-0.03808143188052925,0.03808143188052925
68255,74,59,Neutral,65.0,0,65.04238844288948,-0.042388442889475186,-0.0025416022205262687,0.0025416022205262687
68255,30,60,Neutral,83.0,1,69.00217876803714,13.99782123196286,0.8393064500729773,0.8393064500729773
68255,33,61,Neutral,72.0,1,65.41658126448672,6.583418735513277,0.3947404182895653,0.3947404182895653
68255,78,62,Neutral,50.0,1,67.88848715814551,-17.88848715814551,-1.0725899699016093,1.0725899699016093
68255,21,63,Neutral,100.0,0,64.89664278953755,35.10335721046245,2.104789998223565,2.104789998223565
68255,84,64,Neutral,85.0,1,68.20817293941398,16.791827060586016,1.0068344585140505,1.0068344585140505
68293,114,1,Standard,89.0,0,79.62968166765457,9.370318332345434,0.5618423385502667,0.5618423385502667
68293,16,2,Standard,91.0,0,81.14289434331474,9.857105656685263,0.5910300052850913,0.5910300052850913
68293,18,3,Standard,92.0,0,82.47534170548224,9.524658294517764,0.571096530585486,0.571096530585486
68293,68,4,Standard,92.0,1,77.45686089885527,14.543139101144732,0.8720035961044827,0.8720035961044827
68293,91,5,Standard,87.0,0,78.8557000265661,8.144299973433903,0.48833053271346344,0.48833053271346344
68293,112,6,Standard,90.0,1,80.33856435218622,9.661435647813775,0.5792976722448123,0.5792976722448123
68293,36,7,Standard,86.0,0,77.9921110390235,8.007888960976501,0.4801513567746357,0.4801513567746357
68293,66,8,Standard,90.0,1,78.63141442051587,11.368585579484133,0.6816580271278169,0.6816580271278169
68293,81,9,Standard,50.0,0,79.57046031633652,-29.570460316336522,-1.773038651076417,1.773038651076417
68293,111,10,Standard,87.0,0,81.13941535452383,5.860584645476166,0.35139943657196226,0.35139943657196226
68293,69,11,Standard,82.0,1,79.66892788036203,2.331072119637966,0.13977059952230023,0.13977059952230023
68293,26,12,Standard,88.0,1,88.17472960093876,-0.1747296009387611,-0.0104767505354128,0.0104767505354128
68293,28,13,Standard,88.0,0,81.69837526638385,6.301624733616151,0.37784410853786765,0.37784410853786765
68293,106,14,Standard,86.0,1,78.71441563846953,7.285584361530468,0.4368421232027605,0.4368421232027605
68293,32,15,Standard,87.0,0,80.4785305522339,6.521469447766094,0.3910259518792562,0.3910259518792562
68293,48,16,Standard,99.0,1,87.1047091874624,11.895290812537596,0.7132391633677582,0.7132391633677582
68293,110,17,Standard,52.0,1,76.90347830513038,-24.903478305130378,-1.4932073802329469,1.4932073802329469
68293,79,18,Standard,85.0,1,80.58345954224599,4.41654045775401,0.2648148473804595,0.2648148473804595
68293,76,19,Standard,89.0,1,76.61962593632644,12.380374063673557,0.742324654227659,0.742324654227659
68293,50,20,Standard,89.0,0,74.73797200617771,14.262027993822286,0.8551482325694678,0.8551482325694678
68293,99,21,Standard,88.0,1,78.17280504349657,9.827194956503433,0.5892365659224365,0.5892365659224365
68293,120,22,Standard,93.0,0,77.9166236647864,15.0833763352136,0.9043961083111846,0.9043961083111846
68293,3,23,Standard,95.0,1,82.06991359566797,12.93008640433203,0.7752852918550245,0.7752852918550245
68293,123,24,Standard,91.0,1,78.89292637349945,12.10707362650055,0.7259376168504926,0.7259376168504926
68293,15,25,Standard,95.0,1,83.06412175782896,11.935878242171043,0.7156727772079928,0.7156727772079928
68293,90,26,Standard,75.0,1,80.9746323176485,-5.974632317648499,-0.35823771127799126,0.35823771127799126
68293,17,27,Standard,72.0,1,85.77498936339548,-13.774989363395477,-0.8259454975739295,0.8259454975739295
68293,125,28,Standard,71.0,0,74.87676267474201,-3.876762674742011,-0.23244988376357992,0.23244988376357992
68293,5,29,Standard,69.0,0,77.20409733780713,-8.204097337807127,-0.4919159702457853,0.4919159702457853
68293,113,30,Standard,65.0,1,84.15845498015409,-19.15845498015409,-1.148736976405954,1.148736976405954
68293,22,31,Standard,89.0,1,86.89133643474612,2.1086635652538774,0.12643502885365007,0.12643502885365007
68293,27,32,Standard,85.0,0,81.34476889151804,3.6552311084819564,0.21916689712046786,0.21916689712046786
68293,23,33,Standard,84.0,0,80.74478388276238,3.255216117237623,0.1951820814328213,0.1951820814328213
68293,72,34,Standard,86.0,1,78.76219325655228,7.23780674344772,0.4339773871583818,0.4339773871583818
68293,83,35,Standard,86.0,1,80.0134633464711,5.986536653528901,0.35895149278174715,0.35895149278174715
68293,8,36,Standard,95.0,0,83.76297636988838,11.237023630111622,0.673769600003145,0.673769600003145
68293,6,37,Standard,89.0,1,81.39593613908616,7.60406386091384,0.4559380877545948,0.4559380877545948
68293,116,38,Standard,89.0,0,82.48395889131655,6.516041108683453,0.3907004697967418,0.3907004697967418
68293,102,39,Standard,87.0,0,77.01276091542293,9.98723908457707,0.5988327785588563,0.5988327785588563
68293,101,40,Standard,88.0,1,82.51903614234944,5.480963857650565,0.3286374530801118,0.3286374530801118
68293,31,41,Standard,63.0,0,77.60518250228668,-14.60518250228668,-0.8757237055343702,0.8757237055343702
68293,57,42,Standard,77.0,1,81.53429882261078,-4.534298822610779,-0.2718756144481694,0.2718756144481694
68293,20,43,Standard,63.0,1,77.33764091157737,-14.337640911577367,-0.8596819673935535,0.8596819673935535
68293,29,44,Standard,88.0,1,81.5915216005978,6.408478399402199,0.38425103211704503,0.38425103211704503
68293,67,45,Standard,68.0,1,80.78463679312206,-12.784636793122061,-0.7665641634146654,0.7665641634146654
68293,64,46,Standard,65.0,0,78.50123448051787,-13.501234480517866,-0.8095312117268219,0.8095312117268219
68293,60,47,Standard,82.0,1,80.04911835481673,1.950881645183273,0.1169744577386418,0.1169744577386418
68293,124,48,Standard,68.0,1,78.46035548727622,-10.460355487276217,-0.627200739675119,0.627200739675119
68293,49,49,Standard,86.0,0,81.476693800384,4.523306199616002,0.2712164990594352,0.2712164990594352
68293,58,50,Standard,66.0,1,80.45017460312077,-14.450174603120772,-0.8664294641359204,0.8664294641359204
68293,80,51,Standard,76.0,1,81.87219757761561,-5.872197577615609,-0.3520957455680107,0.3520957455680107
68293,115,52,Standard,87.0,1,84.3066097345377,2.6933902654622983,0.16149512019802265,0.16149512019802265
68293,7,53,Standard,87.0,1,84.37366442233888,2.6263355776611235,0.15747453506219836,0.15747453506219836
68293,63,54,Standard,61.0,1,75.90165372514407,-14.901653725144072,-0.8935000584025614,0.8935000584025614
68293,51,55,Standard,77.0,0,77.39626789918287,-0.39626789918287386,-0.023760140826888994,0.023760140826888994
68293,75,56,Standard,58.0,0,74.45066814785257,-16.450668147852568,-0.9863786410541705,0.9863786410541705
68293,13,57,Standard,50.0,1,77.27460869259373,-27.27460869259373,-1.6353798651635154,1.6353798651635154
68293,35,58,Standard,79.0,1,83.18507768288106,-4.185077682881058,-0.2509363875342184,0.2509363875342184
68293,73,59,Standard,54.0,0,75.24957462724335,-21.249574627243348,-1.2741200755748976,1.2741200755748976
68293,121,60,Standard,76.0,1,79.60631257595752,-3.606312575957517,-0.2162337520834306,0.2162337520834306
68293,100,61,Standard,50.0,1,76.50575047824672,-26.505750478246725,-1.5892792865234961,1.5892792865234961
68293,82,62,Standard,83.0,0,75.84528542108986,7.154714578910145,0.4289951982526064,0.4289951982526064
68293,105,63,Standard,86.0,0,76.39008639143321,9.609913608566785,0.5762084214861177,0.5762084214861177
68293,2,64,Standard,79.0,0,77.79433438399018,1.2056656160098242,0.07229145960498576,0.07229145960498576
68411,54,1,Neutral,100.0,1,96.31046513106244,3.6895348689375567,0.22122374346355453,0.22122374346355453
68411,43,2,Neutral,100.0,1,98.0501429257267,1.9498570742732966,0.11691302467995002,0.11691302467995002
68411,19,3,Neutral,58.0,1,97.97983951627538,-39.979839516275376,-2.3971828631638474,2.3971828631638474
68411,61,4,Neutral,100.0,1,92.6789810466329,7.321018953367101,0.4389667739602855,0.4389667739602855
68411,21,5,Neutral,100.0,1,93.42964203472164,6.570357965278362,0.39395729722240563,0.39395729722240563
68411,74,6,Neutral,100.0,1,92.1585763081493,7.841423691850693,0.47017013385607204,0.47017013385607204
68411,1,7,Neutral,100.0,1,98.69934197338418,1.300658026615821,0.07798718479024117,0.07798718479024117
68411,52,8,Neutral,100.0,1,99.10969120230286,0.8903087976971449,0.05338273036075546,0.05338273036075546
68411,59,9,Neutral,100.0,1,93.27869907472675,6.721300925273255,0.4030078057135086,0.4030078057135086
68411,84,10,Neutral,100.0,1,96.85112821029338,3.148871789706618,0.18880569766949404,0.18880569766949404
68411,88,11,Neutral,100.0,1,93.41409711039395,6.5859028896060465,0.39488936765236154,0.39488936765236154
68411,44,12,Neutral,100.0,1,94.15190339928319,5.848096600716815,0.350650656005213,0.350650656005213
68411,108,13,Neutral,100.0,0,92.4202695551813,7.5797304448186935,0.454479061185922,0.454479061185922
68411,9,14,Neutral,100.0,1,98.69669749982012,1.303302500179882,0.0781457468751959,0.0781457468751959
68411,42,15,Neutral,100.0,1,95.57286925242026,4.427130747579739,0.265449838956047,0.265449838956047
68411,70,16,Neutral,0.0,0,92.52032441501046,-92.52032441501046,-5.5474994113404374,5.5474994113404374
68411,34,17,Neutral,100.0,1,99.62776266464428,0.37223733535572023,0.0223192732172237,0.0223192732172237
68411,62,18,Neutral,100.0,1,90.30190104286268,9.698098957137319,0.5814959966473277,0.5814959966473277
68411,47,19,Neutral,100.0,1,98.45436672986654,1.5456332701334645,0.0926758494463567,0.0926758494463567
68411,119,20,Neutral,100.0,1,91.46806109054904,8.531938909450957,0.5115732827034144,0.5115732827034144
68411,86,21,Neutral,100.0,0,94.9049045121584,5.095095487841604,0.3055008658717901,0.3055008658717901
68411,77,22,Neutral,100.0,1,93.45644423088913,6.543555769110867,0.39235024311400385,0.39235024311400385
68411,96,23,Neutral,100.0,1,86.91933974037804,13.080660259621965,0.7843136689047774,0.7843136689047774
68411,118,24,Neutral,100.0,1,95.7406369615566,4.2593630384433965,0.25539052200530793,0.25539052200530793
68411,109,25,Neutral,100.0,1,93.04544899383157,6.95455100616843,0.41699343205715295,0.41699343205715295
68411,14,26,Neutral,100.0,1,96.64268918727313,3.3573108127268654,0.2013036581426806,0.2013036581426806
68411,4,27,Neutral,100.0,1,96.19857173236693,3.801428267633071,0.2279328483799175,0.2279328483799175
68411,127,28,Neutral,100.0,1,91.52085593997643,8.479144060023572,0.5084077145109978,0.5084077145109978
68411,92,29,Neutral,100.0,1,97.27809359803018,2.721906401969818,0.16320494181278025,0.16320494181278025
68411,126,30,Neutral,100.0,1,94.7484184487116,5.251581551288396,0.3148837376931217,0.3148837376931217
68411,97,31,Neutral,67.0,1,94.09527811411458,-27.095278114114578,-1.6246272409716027,1.6246272409716027
68411,10,32,Neutral,100.0,1,93.03789567990741,6.9621043200925925,0.4174463271892539,0.4174463271892539
68411,71,33,Neutral,0.0,0,92.40085860344357,-92.40085860344357,-5.54033626612307,5.54033626612307
68411,25,34,Neutral,100.0,1,96.57265550180684,3.4273444981931647,0.2055028633589916,0.2055028633589916
68411,41,35,Neutral,100.0,1,100.92796479372123,-0.9279647937212303,-0.055640576051395524,0.055640576051395524
68411,117,36,Neutral,100.0,1,95.15650920348996,4.843490796510039,0.29041470090341587,0.29041470090341587
68411,95,37,Neutral,100.0,1,91.92997407139998,8.070025928600018,0.48387707643129974,0.48387707643129974
68411,122,38,Neutral,100.0,1,91.20967368968395,8.790326310316047,0.5270661375248823,0.5270661375248823
68411,98,39,Neutral,100.0,1,89.80002686667534,10.199973133324661,0.6115882678814583,0.6115882678814583
68411,103,40,Neutral,100.0,1,93.00540497171671,6.994595028283285,0.41939446329558017,0.41939446329558017
68411,40,41,Neutral,100.0,1,99.24463587065813,0.7553641293418707,0.04529147610934948,0.04529147610934948
68411,24,42,Neutral,49.0,1,94.91367925946659,-45.91367925946659,-2.752974660160629,2.752974660160629
68411,45,43,Neutral,100.0,1,91.49315572712955,8.506844272870453,0.5100686135127434,0.5100686135127434
68411,39,44,Neutral,100.0,1,96.50921954671236,3.490780453287641,0.20930647003427616,0.20930647003427616
68411,128,45,Neutral,100.0,1,91.9270465146085,8.072953485391494,0.4840526121277002,0.4840526121277002
68411,104,46,Neutral,100.0,0,93.44080508288124,6.559194917118759,0.3932879631762302,0.3932879631762302
68411,55,47,Neutral,100.0,1,99.16165712741329,0.8383428725867077,0.05026686429799941,0.05026686429799941
68411,56,48,Neutral,100.0,1,100.99162330910852,-0.9916233091085189,-0.05945752739555332,0.05945752739555332
68411,89,49,Neutral,100.0,1,88.19949327730714,11.800506722692859,0.7075559290520254,0.7075559290520254
68411,38,50,Neutral,100.0,1,89.98067356631297,10.019326433687027,0.6007567293385845,0.6007567293385845
68411,53,51,Neutral,100.0,1,88.99288337128777,11.007116628712225,0.6599844240108387,0.6599844240108387
68411,94,52,Neutral,100.0,1,100.66477984411651,-0.6647798441165094,-0.039860061205200505,0.039860061205200505
68411,107,53,Neutral,100.0,1,93.5362896784942,6.4637103215058005,0.38756272668031244,0.38756272668031244
68411,37,54,Neutral,100.0,1,93.92686829558174,6.073131704418259,0.36414371402471296,0.36414371402471296
68411,93,55,Neutral,100.0,1,91.02108275971123,8.978917240288766,0.5383740104665607,0.5383740104665607
68411,85,56,Neutral,100.0,1,93.76381705431335,6.23618294568665,0.3739202325429293,0.3739202325429293
68411,87,57,Neutral,100.0,1,90.60550867220698,9.39449132779302,0.5632917463302729,0.5632917463302729
68411,65,58,Neutral,100.0,1,90.9171516018718,9.082848398128206,0.544605701077026,0.544605701077026
68411,33,59,Neutral,100.0,1,91.78156425352194,8.218435746478065,0.49277569824787043,0.49277569824787043
68411,11,60,Neutral,100.0,1,100.25540380290333,-0.25540380290333076,-0.01531395890815172,0.01531395890815172
68411,30,61,Neutral,100.0,1,95.23574027927367,4.764259720726329,0.28566402207636793,0.28566402207636793
68411,12,62,Neutral,100.0,1,96.54565653551484,3.454343464485163,0.20712171576313818,0.20712171576313818
68411,78,63,Neutral,100.0,1,93.83686400662177,6.1631359933782335,0.3695403524734057,0.3695403524734057
68411,46,64,Neutral,100.0,1,90.47396772210459,9.52603227789541,0.5711789143430753,0.5711789143430753
68426,29,1,Standard,99.0,1,73.19994626481754,25.80005373518246,1.5469658565664917,1.5469658565664917
68426,79,2,Standard,100.0,1,71.00909090627741,28.990909093722593,1.7382888802923144,1.7382888802923144
68426,111,3,Standard,99.0,0,71.17078228515915,27.82921771484085,1.6686341068006192,1.6686341068006192
68426,125,4,Standard,98.0,0,65.6528513129033,32.347148687096706,1.9395283083453756,1.9395283083453756
68426,113,5,Standard,96.0,1,74.97835077758161,21.02164922241839,1.2604537157011004,1.2604537157011004
68426,72,6,Standard,100.0,1,69.71351053177851,30.28648946822149,1.8159716101175765,1.8159716101175765
68426,81,7,Standard,98.0,0,69.38279145064067,28.617208549359333,1.7158818733672885,1.7158818733672885
68426,31,8,Standard,100.0,0,68.77553557384408,31.22446442615592,1.8722123935334756,1.8722123935334756
68426,68,9,Standard,100.0,0,66.96254191829577,33.03745808170423,1.9809191160888762,1.9809191160888762
68426,28,10,Standard,99.0,0,71.55451355995422,27.445486440045784,1.645625659364899,1.645625659364899
68426,105,11,Standard,100.0,0,68.39277548904906,31.607224510950942,1.8951626086187625,1.8951626086187625
68426,57,12,Standard,99.0,1,72.57323041636948,26.426769583630517,1.5845436085072238,1.5845436085072238
68426,116,13,Standard,100.0,0,73.30385468874407,26.696145311255933,1.6006953211161017,1.6006953211161017
68426,112,14,Standard,99.0,0,69.71282389382802,29.287176106171984,1.7560529887469098,1.7560529887469098
68426,32,15,Standard,100.0,0,70.20324736800558,29.796752631994423,1.7866070912633754,1.7866070912633754
68426,102,16,Standard,55.0,1,67.745042394318,-12.745042394318006,-0.7641900914964498,0.7641900914964498
68426,120,17,Standard,22.0,0,67.86037627688924,-45.86037627688924,-2.749778624410212,2.749778624410212
68426,106,18,Standard,66.0,1,68.26390381717627,-2.2639038171762706,-0.13574320207505847,0.13574320207505847
68426,99,19,Standard,64.0,1,67.9851361778007,-3.9851361778006975,-0.2389479364695584,0.2389479364695584
68426,82,20,Standard,55.0,1,67.40990292604334,-12.409902926043344,-0.744095198674511,0.744095198674511
68426,48,21,Standard,84.0,1,76.6103902069029,7.389609793097094,0.44307946644630264,0.44307946644630264
68426,35,22,Standard,57.0,1,74.48685223223715,-17.486852232237155,-1.0485080232683905,1.0485080232683905
68426,76,23,Standard,45.0,0,66.16911411503318,-21.16911411503318,-1.2692956799953936,1.2692956799953936
68426,110,24,Standard,52.0,1,66.3215450060384,-14.321545006038406,-0.8587168602447518,0.8587168602447518
68426,75,25,Standard,56.0,0,65.53340690087748,-9.53340690087748,-0.5716210952034491,0.5716210952034491
68426,60,26,Standard,57.0,1,70.69378551517931,-13.693785515179314,-0.8210765317220907,0.8210765317220907
68426,26,27,Standard,77.0,1,77.24233902771692,-0.24233902771692328,-0.014530597704933413,0.014530597704933413
68426,13,28,Standard,45.0,1,68.26973312708618,-23.269733127086184,-1.3952483591120695,1.3952483591120695
68426,50,29,Standard,11.0,0,64.06842438855328,-53.06842438855328,-3.1819716901954678,3.1819716901954678
68426,63,30,Standard,75.0,0,66.67774236330536,8.322257636694644,0.49900083719439237,0.49900083719439237
68426,16,31,Standard,58.0,0,69.59720354036563,-11.597203540365626,-0.6953659125187394,0.6953659125187394
68426,8,32,Standard,100.0,0,73.66292182272498,26.337078177275018,1.579165730434428,1.579165730434428
68426,100,33,Standard,59.0,0,67.45706775347296,-8.457067753472955,-0.5070840237612251,0.5070840237612251
68426,20,34,Standard,57.0,0,67.45662216074514,-10.456622160745141,-0.6269768901927005,0.6269768901927005
68426,90,35,Standard,59.0,1,70.30508470002408,-11.305084700024082,-0.6778505276010741,0.6778505276010741
68426,6,36,Standard,44.0,1,71.16446011412407,-27.16446011412407,-1.6287753793050406,1.6287753793050406
68426,27,37,Standard,90.0,0,70.85044991095855,19.149550089041455,1.148203040986707,1.148203040986707
68426,114,38,Standard,38.0,1,67.73353359057558,-29.733533590575576,-1.7828164906869721,1.7828164906869721
68426,67,39,Standard,82.0,1,70.77219656449113,11.227803435508875,0.6732167590522017,0.6732167590522017
68426,3,40,Standard,76.0,1,71.04990870391367,4.9500912960863275,0.29680644468930467,0.29680644468930467
68426,124,41,Standard,64.0,1,68.49172241791155,-4.4917224179115465,-0.2693227420766187,0.2693227420766187
68426,73,42,Standard,35.0,0,65.719013150541,-30.719013150541002,-1.8419056401615634,1.8419056401615634
68426,83,43,Standard,12.0,0,69.38772288811288,-57.387722888112876,-3.440955929985088,3.440955929985088
68426,58,44,Standard,61.0,1,70.43773437448984,-9.437734374489835,-0.5658845904173633,0.5658845904173633
68426,15,45,Standard,65.0,1,71.91269538827596,-6.912695388275964,-0.4144837779126407,0.4144837779126407
68426,115,46,Standard,59.0,1,74.29416950590678,-15.29416950590678,-0.9170352229892701,0.9170352229892701
68426,66,47,Standard,44.0,0,66.64765202490442,-22.647652024904417,-1.3579485055936196,1.3579485055936196
68426,123,48,Standard,60.0,1,67.56627136688151,-7.566271366881509,-0.45367205767176655,0.45367205767176655
68426,49,49,Standard,56.0,0,71.20141061615567,-15.20141061615567,-0.9114734192499894,0.9114734192499894
68426,101,50,Standard,67.0,1,71.80568136545877,-4.805681365458767,-0.28814765528045416,0.28814765528045416
68426,2,51,Standard,62.0,0,68.08854427022291,-6.088544270222911,-0.36506784826515326,0.36506784826515326
68426,91,52,Standard,33.0,0,66.52148035682478,-33.52148035682478,-2.0099409910475345,2.0099409910475345
68426,5,53,Standard,42.0,0,65.87744233118919,-23.877442331189187,-1.4316864766105055,1.4316864766105055
68426,51,54,Standard,59.0,1,67.16479187422077,-8.164791874220768,-0.4895592228231356,0.4895592228231356
68426,36,55,Standard,56.0,0,65.61408421001595,-9.614084210015946,-0.5764584898816886,0.5764584898816886
68426,22,56,Standard,61.0,1,75.52087426886195,-14.520874268861945,-0.8706686013910151,0.8706686013910151
68426,17,57,Standard,69.0,1,74.18549140118013,-5.18549140118013,-0.31092098603677837,0.31092098603677837
68426,18,58,Standard,76.0,0,69.79066476161104,6.2093352383889595,0.37231044959662546,0.37231044959662546
68426,7,59,Standard,74.0,1,73.83553828251314,0.16446171748685856,0.009861090378952083,0.009861090378952083
68426,121,60,Standard,76.0,1,69.33102939172919,6.668970608270811,0.39987009078868696,0.39987009078868696
68426,64,61,Standard,100.0,0,67.56884390729603,32.43115609270397,1.9445653749153555,1.9445653749153555
68426,69,62,Standard,76.0,0,67.15947957355577,8.840520426444229,0.5300757662895288,0.5300757662895288
68426,23,63,Standard,70.0,0,69.15528592054703,0.8447140794529702,0.05064888053674041,0.05064888053674041
68426,80,64,Standard,100.0,1,71.02742132292623,28.97257867707377,1.7371897923220558,1.7371897923220558
68542,4,1,Neutral,100.0,1,72.95054021480371,27.04945978519629,1.6218799834980702,1.6218799834980702
68542,87,2,Neutral,35.0,1,68.62788477336453,-33.62788477336453,-2.0163209777353295,2.0163209777353295
68542,46,3,Neutral,87.0,1,68.75918677885956,18.240813221140442,1.0937153673688405,1.0937153673688405
68542,34,4,Neutral,100.0,1,75.81023807662001,24.18976192337999,1.4504130944080915,1.4504130944080915
68542,33,5,Neutral,61.0,1,69.76013319541326,-8.76013319541326,-0.52525576463429,0.52525576463429
68542,93,6,Neutral,79.0,0,68.78061590527139,10.21938409472861,0.6127521450905236,0.6127521450905236
68542,12,7,Neutral,100.0,1,74.5680326366724,25.4319673633276,1.5248954742575427,1.5248954742575427
68542,42,8,Neutral,100.0,1,71.4925017087986,28.5074982912014,1.7093036691035517,1.7093036691035517
68542,119,9,Neutral,100.0,1,67.56292218399231,32.43707781600769,1.944920440213161,1.944920440213161
68542,97,10,Neutral,57.0,0,70.62821080022017,-13.628210800220174,-0.8171446854500987,0.8171446854500987
68542,37,11,Neutral,57.0,1,71.4235584855445,-14.423558485544504,-0.8648335672611516,0.8648335672611516
68542,52,12,Neutral,100.0,1,74.5474449067526,25.452555093247398,1.5261299102620967,1.5261299102620967
68542,78,13,Neutral,100.0,0,71.64020431144816,28.35979568855184,1.7004474517650083,1.7004474517650083
68542,104,14,Neutral,40.0,1,70.45561652091541,-30.455616520915413,-1.8261124330253382,1.8261124330253382
68542,127,15,Neutral,83.0,0,67.70333135195214,15.296668648047856,0.9171850710323259,0.9171850710323259
68542,59,16,Neutral,39.0,1,68.58503130137781,-29.58503130137781,-1.7739123243093016,1.7739123243093016
68542,55,17,Neutral,99.0,1,76.088854246915,22.911145753084995,1.3737475347390091,1.3737475347390091
68542,70,18,Neutral,100.0,1,68.04569243799267,31.95430756200733,1.9159736361804987,1.9159736361804987
68542,103,19,Neutral,42.0,1,69.5383376578223,-27.538337657822296,-1.6511929990733822,1.6511929990733822
68542,86,20,Neutral,100.0,1,70.56169401293931,29.438305987060687,1.7651147049759335,1.7651147049759335
68542,62,21,Neutral,77.0,1,65.78346190657868,11.21653809342132,0.6725412914833794,0.6725412914833794
68542,88,22,Neutral,80.0,1,68.54520069998007,11.454799300019928,0.6868273838820848,0.6868273838820848
68542,118,23,Neutral,59.0,1,71.39742646233753,-12.397426462337535,-0.7433471125053238,0.7433471125053238
68542,77,24,Neutral,24.0,0,68.98181225387135,-44.981812253871354,-2.6971001082967745,2.6971001082967745
68542,41,25,Neutral,100.0,1,76.97901872789825,23.02098127210175,1.3803332496177916,1.3803332496177916
68542,85,26,Neutral,100.0,1,70.69101417381506,29.308985826184937,1.7573606950233236,1.7573606950233236
68542,25,27,Neutral,76.0,1,72.49228795818517,3.507712041814827,0.21032168456126263,0.21032168456126263
68542,1,28,Neutral,24.0,0,73.39237397030796,-49.39237397030796,-2.961556471591185,2.961556471591185
68542,65,29,Neutral,78.0,1,67.80054156210726,10.199458437892744,0.6115574068503968,0.6115574068503968
68542,117,30,Neutral,81.0,1,71.03233450060203,9.967665499397967,0.5976591504620521,0.5976591504620521
68542,14,31,Neutral,70.0,0,72.03663573245665,-2.036635732456645,-0.12211625497808046,0.12211625497808046
68542,39,32,Neutral,100.0,1,72.64788779942185,27.352112200578148,1.6400269593845838,1.6400269593845838
68542,107,33,Neutral,29.0,0,70.02541520533356,-41.02541520533356,-2.4598753640412125,2.4598753640412125
68542,96,34,Neutral,99.0,0,62.05044332996414,36.94955667003586,2.2154877338828114,2.2154877338828114
68542,21,35,Neutral,76.0,1,67.72840959824931,8.271590401750686,0.49596284032394194,0.49596284032394194
68542,95,36,Neutral,91.0,1,67.5867635721809,23.4132364278191,1.4038527871809805,1.4038527871809805
68542,98,37,Neutral,40.0,1,65.5006235267225,-25.500623526722507,-1.5290120835369232,1.5290120835369232
68542,108,38,Neutral,39.0,0,66.93807291504015,-27.938072915040152,-1.675161041966975,1.675161041966975
68542,54,39,Neutral,45.0,1,70.25877542046022,-25.258775420460225,-1.5145109213803178,1.5145109213803178
68542,61,40,Neutral,38.0,1,66.71490565456318,-28.714905654563182,-1.7217397714781613,1.7217397714781613
68542,74,41,Neutral,40.0,1,66.23830807534581,-26.238308075345813,-1.5732434956630441,1.5732434956630441
68542,38,42,Neutral,42.0,0,65.94411318195752,-23.94411318195752,-1.4356840469576635,1.4356840469576635
68542,30,43,Neutral,31.0,0,71.63725148758057,-40.63725148758057,-2.436601148247509,2.436601148247509
68542,9,44,Neutral,99.0,0,72.9954650633478,26.004534936652206,1.5592265068825812,1.5592265068825812
68542,56,45,Neutral,100.0,1,76.73602712842191,23.26397287157809,1.3949029753897104,1.3949029753897104
68542,10,46,Neutral,37.0,1,68.03757779169483,-31.03757779169483,-1.8610067097962482,1.8610067097962482
68542,45,47,Neutral,40.0,1,66.93090943157931,-26.93090943157931,-1.6147717289490005,1.6147717289490005
68542,128,48,Neutral,37.0,1,67.40860737832449,-30.40860737832449,-1.8232937746116367,1.8232937746116367
68542,94,49,Neutral,100.0,1,76.40918366342989,23.590816336570114,1.4145004415800642,1.4145004415800642
68542,40,50,Neutral,100.0,1,74.46335377877672,25.53664622122328,1.5311719968078878,1.5311719968078878
68542,19,51,Neutral,36.0,1,71.49007821301085,-35.49007821301085,-2.1279777091136296,2.1279777091136296
68542,24,52,Neutral,29.0,1,70.08859000831895,-41.088590008318945,-2.4636633120903455,2.4636633120903455
68542,71,53,Neutral,100.0,1,67.13769775963357,32.86230224036643,1.9704168082677784,1.9704168082677784
68542,122,54,Neutral,39.0,1,66.1217414829389,-27.1217414829389,-1.6262139790629708,1.6262139790629708
68542,126,55,Neutral,100.0,1,69.26622180857046,30.733778191429536,1.842790948942693,1.842790948942693
68542,89,56,Neutral,100.0,0,63.50582550395821,36.49417449604179,2.188183113431684,2.188183113431684
68542,84,57,Neutral,100.0,1,70.40517406629507,29.594825933704925,1.7744996084267375,1.7744996084267375
68542,109,58,Neutral,85.0,1,67.21279507956055,17.78720492043945,1.0665171079914704,1.0665171079914704
68542,44,59,Neutral,29.0,1,67.70594925528486,-38.705949255284864,-2.320800668033859,2.320800668033859
68542,43,60,Neutral,83.0,1,71.12231002979982,11.87768997020018,0.7121838205214887,0.7121838205214887
68542,92,61,Neutral,81.0,1,71.48924684302538,9.510753156974616,0.5702627814301198,0.5702627814301198
68542,11,62,Neutral,100.0,1,75.78077182588555,24.21922817411445,1.4521798846743101,1.4521798846743101
68542,47,63,Neutral,31.0,0,72.13983406366694,-41.13983406366694,-2.466735894992266,2.466735894992266
68542,53,64,Neutral,35.0,0,64.0363726423414,-29.036372642341405,-1.741014865212871,1.741014865212871
68549,33,1,Neutral,70.0,1,66.58110648233476,3.4188935176652393,0.20499614432400828,0.20499614432400828
68549,70,2,Neutral,81.0,1,65.39235163610896,15.607648363891045,0.9358313501227504,0.9358313501227504
68549,104,3,Neutral,90.0,0,67.58323992270053,22.41676007729947,1.3441042724316585,1.3441042724316585
68549,24,4,Neutral,70.0,0,68.83707830295471,1.1629216970452916,0.06972854311292406,0.06972854311292406
68549,97,5,Neutral,81.0,1,67.49299124640788,13.507008753592118,0.8098774359395327,0.8098774359395327
68549,117,6,Neutral,81.0,0,68.7294509728482,12.270549027151802,0.7357395678770967,0.7357395678770967
68549,4,7,Neutral,91.0,1,69.33344190906283,21.666558090937173,1.2991223173418416,1.2991223173418416
68549,128,8,Neutral,57.0,0,65.80663839883037,-8.806638398830373,-0.5280442069599294,0.5280442069599294
68549,118,9,Neutral,66.0,0,68.65647134192135,-2.656471341921346,-0.1592814692201892,0.1592814692201892
68549,122,10,Neutral,46.0,1,64.69500114050973,-18.69500114050973,-1.1209483805610239,1.1209483805610239
68549,119,11,Neutral,44.0,1,64.12105251531639,-20.121052515316393,-1.20645412443191,1.20645412443191
68549,107,12,Neutral,55.0,1,67.59111019978101,-12.591110199781014,-0.7549603491238456,0.7549603491238456
68549,103,13,Neutral,59.0,0,66.44692526327624,-7.446925263276242,-0.4465160901188839,0.4465160901188839
68549,52,14,Neutral,71.0,1,71.10557523807667,-0.10557523807666769,-0.006330269319585528,0.006330269319585528
68549,84,15,Neutral,77.0,1,68.89081940533343,8.109180594666569,0.4862247820660217,0.4862247820660217
68549,93,16,Neutral,65.0,1,64.98828896246557,0.011711037534425373,0.0007021913751295743,0.0007021913751295743
68549,65,17,Neutral,80.0,1,64.97197212315861,15.028027876841392,0.9010774262574864,0.9010774262574864
68549,12,18,Neutral,75.0,1,70.73189853460036,4.2681014653996385,0.25591447626835556,0.25591447626835556
68549,38,19,Neutral,54.0,1,63.59742249493743,-9.597422494937433,-0.5754594569105616,0.5754594569105616
68549,62,20,Neutral,62.0,1,62.47301371570143,-0.4730137157014269,-0.02836180402523421,0.02836180402523421
68549,59,21,Neutral,58.0,1,65.01174015490318,-7.01174015490318,-0.42042248152219797,0.42042248152219797
68549,54,22,Neutral,75.0,1,67.64924177784275,7.350758222157253,0.4407499343323464,0.4407499343323464
68549,71,23,Neutral,56.0,1,65.09765718747713,-9.097657187477125,-0.5454936330067423,0.5454936330067423
68549,89,24,Neutral,58.0,1,61.553399250334216,-3.553399250334216,-0.21306108008294522,0.21306108008294522
68549,45,25,Neutral,67.0,1,64.54041158529297,2.459588414707028,0.14747640984831337,0.14747640984831337
68549,21,26,Neutral,66.0,1,64.76841868150194,1.2315813184980584,0.07384535973673484,0.07384535973673484
68549,40,27,Neutral,64.0,1,72.11666309175664,-8.116663091756635,-0.4866734310354774,0.4866734310354774
68549,34,28,Neutral,70.0,1,71.40461090408692,-1.4046109040869226,-0.08422017770530406,0.08422017770530406
68549,86,29,Neutral,71.0,1,66.81317422939976,4.186825770600237,0.25104120251032697,0.25104120251032697
68549,94,30,Neutral,75.0,1,73.88726433934487,1.112735660655133,0.06671939880768916,0.06671939880768916
68549,42,31,Neutral,65.0,1,67.13068169553175,-2.1306816955317487,-0.1277552313662073,0.1277552313662073
68549,44,32,Neutral,73.0,1,65.53448720532973,7.465512794670275,0.44763059463579563,0.44763059463579563
68549,56,33,Neutral,83.0,1,73.90745768947325,9.092542310526753,0.5451869460484909,0.5451869460484909
68549,9,34,Neutral,78.0,0,70.07928130586666,7.920718694133342,0.4749246457027022,0.4749246457027022
68549,30,35,Neutral,81.0,1,68.63345341156698,12.366546588433025,0.741495561687807,0.741495561687807
68549,53,36,Neutral,72.0,1,61.9087177516525,10.091282248347497,0.6050711850216508,0.6050711850216508
68549,77,37,Neutral,70.0,1,65.05806383326686,4.941936166733143,0.29631746482923343,0.29631746482923343
68549,92,38,Neutral,74.0,1,69.1425561560053,4.857443843994702,0.2912513227289119,0.2912513227289119
68549,108,39,Neutral,71.0,0,63.54001040563044,7.45998959436956,0.4472994246943729,0.4472994246943729
68549,25,40,Neutral,34.0,0,68.56853953758068,-34.568539537580676,-2.0727224417785863,2.0727224417785863
68549,74,41,Neutral,62.0,1,62.884052725202345,-0.8840527252023449,-0.05300761755498394,0.05300761755498394
68549,43,42,Neutral,72.0,1,68.55658354644856,3.4434164535514356,0.2064665344599398,0.2064665344599398
68549,85,43,Neutral,71.0,1,66.59203711614562,4.407962883854381,0.2643005378332353,0.2643005378332353
68549,1,44,Neutral,44.0,0,69.33720407190474,-25.337204071904736,-1.5192134870108602,1.5192134870108602
68549,127,45,Neutral,65.0,1,63.03486122382168,1.9651387761783212,0.11782931234818317,0.11782931234818317
68549,39,46,Neutral,63.0,1,68.68033221955112,-5.6803322195511186,-0.3405915385989018,0.3405915385989018
68549,46,47,Neutral,83.0,1,63.4774164210018,19.5225835789982,1.1705700514682396,1.1705700514682396
68549,10,48,Neutral,67.0,1,64.59570812301888,2.4042918769811195,0.14416084094576992,0.14416084094576992
68549,14,49,Neutral,74.0,1,67.89385151552096,6.106148484479036,0.36612339329096727,0.36612339329096727
68549,61,50,Neutral,67.0,1,62.92257871175737,4.077421288242633,0.24448133249998846,0.24448133249998846
68549,98,51,Neutral,66.0,1,61.533067946851766,4.466932053148234,0.26783631696083,0.26783631696083
68549,37,52,Neutral,44.0,0,66.27320960548545,-22.273209605485448,-1.335497015994534,1.335497015994534
68549,41,53,Neutral,66.0,1,72.39816291830023,-6.39816291830023,-0.3836325180153847,0.3836325180153847
68549,109,54,Neutral,65.0,1,64.03376836648202,0.9662316335179781,0.05793504780761297,0.05793504780761297
68549,96,55,Neutral,33.0,0,57.776237635229776,-24.776237635229776,-1.4855780561267549,1.4855780561267549
68549,11,56,Neutral,72.0,1,72.68935943133948,-0.6893594313394829,-0.041333848143503917,0.041333848143503917
68549,95,57,Neutral,73.0,1,63.31255787744653,9.68744212255347,0.5808570150618819,0.5808570150618819
68549,88,58,Neutral,69.0,1,63.613887616252185,5.386112383747815,0.3229501784302738,0.3229501784302738
68549,87,59,Neutral,51.0,1,62.776621345045726,-11.776621345045726,-0.7061237667755211,0.7061237667755211
68549,78,60,Neutral,60.0,1,66.22701247579171,-6.22701247579171,-0.3733703730751252,0.3733703730751252
68549,19,61,Neutral,60.0,1,67.69775127020505,-7.697751270205046,-0.46155556533240427,0.46155556533240427
68549,55,62,Neutral,65.0,1,70.76327672979102,-5.763276729791016,-0.3455648741836947,0.3455648741836947
68549,47,63,Neutral,60.0,1,68.78557871352348,-8.785578713523478,-0.526781472608513,0.526781472608513
68549,126,64,Neutral,71.0,1,65.51770202503089,5.482297974969114,0.32871744647708817,0.32871744647708817
68786,56,1,Neutral,55.0,1,79.96387410859715,-24.963874108597153,-1.4968287000488663,1.4968287000488663
68786,93,2,Neutral,58.0,1,70.25617651479726,-12.25617651479726,-0.734877795025235,0.734877795025235
68786,9,3,Neutral,89.0,0,76.09189056572433,12.908109434275673,0.7739675573007895,0.7739675573007895
68786,74,4,Neutral,61.0,1,69.1595049406574,-8.1595049406574,-0.48924221938615,0.48924221938615
68786,128,5,Neutral,63.0,1,70.59264719923348,-7.5926471992334825,-0.4552535470944566,0.4552535470944566
68786,41,6,Neutral,56.0,1,79.11168672641764,-23.111686726417645,-1.3857719297954105,1.3857719297954105
68786,126,7,Neutral,58.0,1,72.66929742581064,-14.66929742581064,-0.8795680230154879,0.8795680230154879
68786,70,8,Neutral,49.0,1,69.78409600311596,-20.784096003115963,-1.2462100740734405,1.2462100740734405
68786,71,9,Neutral,78.0,1,70.36554473980881,7.634455260191189,0.4577603497350506,0.4577603497350506
68786,39,10,Neutral,88.0,1,74.91197727573994,13.088022724260057,0.7847551207533747,0.7847551207533747
68786,117,11,Neutral,87.0,0,73.16500249912144,13.834997500878558,0.8295435730180859,0.8295435730180859
68786,47,12,Neutral,81.0,0,75.67433115870583,5.325668841294174,0.31932599619462976,0.31932599619462976
68786,127,13,Neutral,70.0,1,69.09127764294557,0.9087223570544296,0.05448680355052312,0.05448680355052312
68786,89,14,Neutral,74.0,1,66.64605816560098,7.3539418343990235,0.44094082306029697,0.44094082306029697
68786,87,15,Neutral,74.0,1,69.35872367536443,4.6412763246355695,0.2782899632224687,0.2782899632224687
68786,104,16,Neutral,75.0,1,71.6683341748439,3.3316658251560938,0.19976599002108453,0.19976599002108453
68786,30,17,Neutral,40.0,1,74.0765696009636,-34.076569600963595,-2.043224026689397,2.043224026689397
68786,46,18,Neutral,33.0,0,69.40241136232699,-36.40241136232699,-2.182681015017262,2.182681015017262
68786,62,19,Neutral,67.0,1,67.17140819757208,-0.17140819757207737,-0.01027759988026753,0.01027759988026753
68786,14,20,Neutral,65.0,0,73.81884645684616,-8.81884645684616,-0.5287761995797606,0.5287761995797606
68786,88,21,Neutral,70.0,1,69.88933983170726,0.11066016829273906,0.006635160677875951,0.006635160677875951
68786,65,22,Neutral,79.0,1,69.40752364943185,9.592476350568148,0.5751628871227824,0.5751628871227824
68786,97,23,Neutral,72.0,0,71.35904970222009,0.6409502977799093,0.038431246562465084,0.038431246562465084
68786,98,24,Neutral,82.0,1,67.3704485696445,14.629551430355505,0.8771848613935996,0.8771848613935996
68786,55,25,Neutral,100.0,1,77.03872894524608,22.961271054753922,1.3767530374029895,1.3767530374029895
68786,25,26,Neutral,71.0,1,73.83642708991235,-2.8364270899123483,-0.17007157844602164,0.17007157844602164
68786,24,27,Neutral,38.0,1,72.48410096243573,-34.48410096243573,-2.0676595223727934,2.0676595223727934
68786,37,28,Neutral,69.0,1,71.97916875047946,-2.9791687504794595,-0.17863033872898207,0.17863033872898207
68786,19,29,Neutral,76.0,0,73.75416768932894,2.2458323106710623,0.1346596383031678,0.1346596383031678
68786,96,30,Neutral,69.0,0,63.526003939490025,5.473996060509975,0.32821966541258946,0.32821966541258946
68786,53,31,Neutral,72.0,1,66.78234087058809,5.2176591294119135,0.31284975633193557,0.31284975633193557
68786,10,32,Neutral,79.0,1,69.95120999388304,9.04879000611696,0.5425635669748359,0.5425635669748359
68786,108,33,Neutral,75.0,1,68.45744068383226,6.54255931616774,0.3922904960027569,0.3922904960027569
68786,122,34,Neutral,77.0,1,68.29821664072455,8.701783359275453,0.5217571205939349,0.5217571205939349
68786,43,35,Neutral,100.0,1,73.51782098391661,26.482179016083393,1.5878659465541185,1.5878659465541185
68786,11,36,Neutral,99.0,1,78.22008993926858,20.779910060731424,1.245959085838575,1.245959085838575
68786,77,37,Neutral,90.0,0,69.71265115587127,20.28734884412873,1.216425217724411,1.216425217724411
68786,85,38,Neutral,89.0,1,71.46566023508119,17.534339764918812,1.0513553658524462,1.0513553658524462
68786,61,39,Neutral,81.0,1,68.05904478629034,12.940955213709657,0.7759369834050227,0.7759369834050227
68786,21,40,Neutral,62.0,1,68.8097057743791,-6.809705774379097,-0.40830854208116807,0.40830854208116807
68786,40,41,Neutral,87.0,1,76.15795018463378,10.842049815366224,0.6500870522100085,0.6500870522100085
68786,1,42,Neutral,70.0,1,74.07940571304162,-4.0794057130416235,-0.24460031819825376,0.24460031819825376
68786,119,43,Neutral,69.0,1,67.37381074140131,1.6261892585986857,0.09750596976225843,0.09750596976225843
68786,54,44,Neutral,77.0,1,71.34007159659001,5.659928403409992,0.33936813002627003,0.33936813002627003
68786,4,45,Neutral,65.0,0,72.32335717955036,-7.3233571795503565,-0.4391069735159745,0.4391069735159745
68786,92,46,Neutral,70.0,0,73.44668620447985,-3.446686204479846,-0.20666258804562787,0.20666258804562787
68786,12,47,Neutral,84.0,1,74.116078238484,9.883921761516007,0.592637893354049,0.592637893354049
68786,103,48,Neutral,73.0,1,69.56826201156247,3.4317379884375327,0.20576629612037098,0.20576629612037098
68786,95,49,Neutral,0.0,0,68.31760247418082,-68.31760247418082,-4.096309236981238,4.096309236981238
68786,94,50,Neutral,78.0,1,77.66570847662462,0.33429152337538426,0.020044050222117162,0.020044050222117162
68786,78,51,Neutral,68.0,1,71.27586423179223,-3.2758642317922266,-0.19642013808752073,0.19642013808752073
68786,52,52,Neutral,70.0,1,74.0954905085642,-4.095490508564197,-0.24556475919278328,0.24556475919278328
68786,38,53,Neutral,78.0,1,66.7625664024899,11.237433597510105,0.673794181563101,0.673794181563101
68786,59,54,Neutral,76.0,0,68.22069122172186,7.779308778278136,0.46644573655571714,0.46644573655571714
68786,84,55,Neutral,76.0,0,71.7931203572885,4.206879642711499,0.2522436285117026,0.2522436285117026
68786,86,56,Neutral,76.0,1,70.28496825181587,5.715031748184131,0.34267211511960194,0.34267211511960194
68786,109,57,Neutral,72.0,0,68.55693421128773,3.443065788712275,0.20644550866910819,0.20644550866910819
68786,42,58,Neutral,77.0,1,70.60247571794784,6.39752428205216,0.38359422551876166,0.38359422551876166
68786,34,59,Neutral,70.0,1,74.70117628943808,-4.701176289438081,-0.2818815526551937,0.2818815526551937
68786,44,60,Neutral,69.0,1,68.9624740684796,0.037525931520406175,0.002250047050047747,0.002250047050047747
68786,33,61,Neutral,78.0,1,68.60726424896514,9.392735751034863,0.5631864823129445,0.5631864823129445
68786,118,62,Neutral,66.0,1,70.98927922341537,-4.989279223415366,-0.2991561446624083,0.2991561446624083
68786,45,63,Neutral,72.0,1,67.5303268557805,4.469673144219499,0.26800067221142404,0.26800067221142404
68786,107,64,Neutral,72.0,1,69.96772524054126,2.032274759458744,0.12185477194403693,0.12185477194403693
68800,33,1,Neutral,100.0,1,95.44845497112706,4.551545028872937,0.2729096933891167,0.2729096933891167
68800,88,2,Neutral,91.0,0,96.41739727030696,-5.417397270306964,-0.3248260137223361,0.3248260137223361
68800,103,3,Neutral,93.0,0,96.03753000749117,-3.0375300074911706,-0.18212966756256135,0.18212966756256135
68800,96,4,Neutral,91.0,1,90.36071149295336,0.6392885070466434,0.038331605935685485,0.038331605935685485
68800,117,5,Neutral,94.0,0,97.925791283667,-3.925791283666996,-0.23538962895870233,0.23538962895870233
68800,43,6,Neutral,94.0,1,99.28617443158556,-5.2861744315855645,-0.31695791960178327,0.31695791960178327
68800,56,7,Neutral,100.0,1,104.19897698194792,-4.198976981947922,-0.25176978661576077,0.25176978661576077
68800,93,8,Neutral,95.0,0,95.68905497174111,-0.6890549717411147,-0.04131559280930137,0.04131559280930137
68800,55,9,Neutral,99.0,1,102.23758932245397,-3.237589322453971,-0.19412518248327262,0.19412518248327262
68800,30,10,Neutral,100.0,1,98.59598088201513,1.4040191179848733,0.08418469433369338,0.08418469433369338
68800,98,11,Neutral,100.0,0,92.4378874690537,7.562112530946294,0.4534226947339652,0.4534226947339652
68800,62,12,Neutral,100.0,0,91.9760041413839,8.023995858616104,0.481117123007506,0.481117123007506
68800,92,13,Neutral,100.0,1,99.10508362645348,0.894916373546522,0.05365899965048981,0.05365899965048981
68800,39,14,Neutral,100.0,1,99.23469446762317,0.7653055323768285,0.04588756056790526,0.04588756056790526
68800,47,15,Neutral,100.0,0,100.04085550985528,-0.04085550985527675,-0.0024496878745854274,0.0024496878745854274
68800,108,16,Neutral,100.0,1,94.8978838038995,5.102116196100496,0.30592182607896246,0.30592182607896246
68800,74,17,Neutral,5.0,1,94.28573328273762,-89.28573328273762,-5.353553999716921,5.353553999716921
68800,128,18,Neutral,91.0,0,95.7188755413137,-4.718875541313693,-0.28294279611690815,0.28294279611690815
68800,109,19,Neutral,98.0,1,94.71955209235279,3.280447907647215,0.19669497433856178,0.19669497433856178
68800,14,20,Neutral,99.0,1,98.03160762303408,0.9683923769659231,0.058064605535402214,0.058064605535402214
68800,85,21,Neutral,92.0,1,96.70832777155535,-4.708327771555346,-0.28231035403571836,0.28231035403571836
68800,24,22,Neutral,92.0,0,97.20108258771508,-5.201082587715078,-0.3118558303390611,0.3118558303390611
68800,11,23,Neutral,100.0,1,103.28752883867777,-3.2875288386777726,-0.19711954549059926,0.19711954549059926
68800,84,24,Neutral,98.0,1,97.36390346072966,0.6360965392703406,0.03814021621162195,0.03814021621162195
68800,70,25,Neutral,100.0,1,93.25213546177787,6.747864538222132,0.4046005544217379,0.4046005544217379
68800,107,26,Neutral,96.0,1,95.84515845884606,0.15484154115394233,0.009284266606648215,0.009284266606648215
68800,87,27,Neutral,100.0,0,94.52875917671088,5.471240823289122,0.3280544619618079,0.3280544619618079
68800,40,28,Neutral,100.0,1,101.22538908404297,-1.2253890840429733,-0.07347407464654883,0.07347407464654883
68800,59,29,Neutral,100.0,0,93.81381603232589,6.186183967674111,0.37092230421911565,0.37092230421911565
68800,52,30,Neutral,100.0,1,99.5571938413695,0.44280615863050343,0.026550565185243794,0.026550565185243794
68800,71,31,Neutral,100.0,1,93.61454840213958,6.385451597860424,0.382870349885268,0.382870349885268
68800,12,32,Neutral,100.0,1,99.27113145642568,0.7288685435743218,0.04370280629676557,0.04370280629676557
68800,65,33,Neutral,100.0,1,93.13840606369118,6.861593936308822,0.4114197454797803,0.4114197454797803
68800,95,34,Neutral,100.0,1,93.47265569212247,6.527344307877527,0.3913782072697982,0.3913782072697982
68800,41,35,Neutral,100.0,1,102.33922493664502,-2.3392249366450244,-0.1402594407345786,0.1402594407345786
68800,21,36,Neutral,100.0,0,93.48288024039218,6.517119759607823,0.3907651454818501,0.3907651454818501
68800,19,37,Neutral,100.0,0,97.90165624414723,2.098343755852767,0.1258162552280734,0.1258162552280734
68800,4,38,Neutral,100.0,1,96.84276846060189,3.1572315393981114,0.1893069465224973,0.1893069465224973
68800,78,39,Neutral,100.0,0,96.29949597193519,3.700504028064813,0.22188145196367173,0.22188145196367173
68800,119,40,Neutral,98.0,1,92.00317804814819,5.996821951851814,0.359568197130252,0.359568197130252
68800,89,41,Neutral,100.0,0,91.15898627795391,8.841013722046085,0.5301053441912301,0.5301053441912301
68800,53,42,Neutral,100.0,0,91.99618353120077,8.00381646879923,0.4799071709906045,0.4799071709906045
68800,97,43,Neutral,100.0,1,94.69566768308331,5.304332316916685,0.3180466626301123,0.3180466626301123
68800,37,44,Neutral,100.0,1,95.49101536840763,4.508984631592369,0.27035778081906026,0.27035778081906026
68800,46,45,Neutral,96.0,1,92.4323792283266,3.567620771673404,0.21391379954492662,0.21391379954492662
68800,38,46,Neutral,100.0,0,92.7649379298948,7.235062070105201,0.43381281711554825,0.43381281711554825
68800,10,47,Neutral,99.0,0,94.98982401743079,4.0101759825692085,0.2404493179561851,0.2404493179561851
68800,25,48,Neutral,100.0,0,97.37061541500336,2.629384584996643,0.15765735290796265,0.15765735290796265
68800,86,49,Neutral,100.0,1,95.08956419562764,4.910435804372355,0.29442870965291534,0.29442870965291534
68800,45,50,Neutral,100.0,1,93.79554133878281,6.204458661217188,0.3720180510435421,0.3720180510435421
68800,127,51,Neutral,100.0,1,93.12232700336995,6.877672996630054,0.41238384259283006,0.41238384259283006
68800,1,52,Neutral,100.0,1,97.8540952865672,2.145904713432799,0.12866800035376613,0.12866800035376613
68800,126,53,Neutral,100.0,1,94.86692926575178,5.133070734248221,0.30777785374897526,0.30777785374897526
68800,118,54,Neutral,96.0,0,95.8376823264934,0.16231767350660675,0.00973253394777289,0.00973253394777289
68800,9,55,Neutral,100.0,0,98.31186411282835,1.6881358871716543,0.10122027672903465,0.10122027672903465
68800,54,56,Neutral,100.0,1,96.51010709793647,3.4898929020635308,0.2092532526474542,0.2092532526474542
68800,77,57,Neutral,100.0,1,93.0492691367345,6.950730863265505,0.41676437708313285,0.41676437708313285
68800,61,58,Neutral,100.0,1,91.72465458918006,8.275345410819938,0.4961879898868403,0.4961879898868403
68800,94,59,Neutral,100.0,1,101.76938987217667,-1.7693898721766743,-0.10609224877230694,0.10609224877230694
68800,34,60,Neutral,100.0,1,99.15531495912003,0.8446850408799662,0.05064713938994197,0.05064713938994197
68800,104,61,Neutral,59.0,0,95.39273342040462,-36.392733420404625,-2.182100727632228,2.182100727632228
68800,44,62,Neutral,100.0,1,94.57058116248837,5.4294188375116335,0.32554682439191557,0.32554682439191557
68800,42,63,Neutral,100.0,1,94.88138575056485,5.118614249435154,0.30691104592596324,0.30691104592596324
68800,122,64,Neutral,100.0,0,91.48194769168568,8.518052308314324,0.510740644987128,0.510740644987128
68832,108,1,Neutral,88.0,1,75.13183682852132,12.868163171478685,0.7715723876907314,0.7715723876907314
68832,77,2,Neutral,71.0,1,76.51846877835901,-5.518468778359008,-0.33088624032624364,0.33088624032624364
68832,11,3,Neutral,66.0,1,84.93829324322385,-18.938293243223853,-1.1355361244445874,1.1355361244445874
68832,34,4,Neutral,81.0,1,82.38313709725051,-1.3831370972505113,-0.08293261271309892,0.08293261271309892
68832,96,5,Neutral,65.0,1,69.89374996931544,-4.8937499693154365,-0.293428230452899,0.293428230452899
68832,118,6,Neutral,84.0,0,78.71504719049403,5.284952809505967,0.31688467139593984,0.31688467139593984
68832,41,7,Neutral,84.0,1,84.34044661532097,-0.3404466153209711,-0.02041310825515784,0.02041310825515784
68832,89,8,Neutral,81.0,1,72.18146816936795,8.818531830632054,0.5287573346573927,0.5287573346573927
68832,85,9,Neutral,76.0,1,78.00863490197153,-2.008634901971533,-0.12043733100526305,0.12043733100526305
68832,47,10,Neutral,88.0,0,81.03451252540785,6.965487474592152,0.4176491804294846,0.4176491804294846
68832,42,11,Neutral,88.0,1,77.9339792516304,10.066020748369596,0.6035565107363728,0.6035565107363728
68832,19,12,Neutral,86.0,0,79.77145644502448,6.228543554975516,0.37346217626458206,0.37346217626458206
68832,10,13,Neutral,86.0,1,76.05611306811105,9.943886931888954,0.5962333924992173,0.5962333924992173
68832,107,14,Neutral,72.0,0,77.43065025202252,-5.430650252022517,-0.3256206597499024,0.3256206597499024
68832,52,15,Neutral,89.0,1,80.98892244958441,8.011077550415592,0.4803425439343026,0.4803425439343026
68832,54,16,Neutral,85.0,1,77.83923910421413,7.16076089578587,0.42935773415507916,0.42935773415507916
68832,14,17,Neutral,86.0,1,79.22283498281443,6.777165017185567,0.4063574050470399,0.4063574050470399
68832,38,18,Neutral,81.0,0,73.56838402497765,7.431615975022353,0.44559814837890976,0.44559814837890976
68832,97,19,Neutral,77.0,1,76.80684538745459,0.19315461254541333,0.011581510399670918,0.011581510399670918
68832,71,20,Neutral,72.0,1,75.1562330360498,-3.156233036049798,-0.1892470764693818,0.1892470764693818
68832,25,21,Neutral,87.0,0,79.3280299344131,7.671970065586905,0.46000972966497566,0.46000972966497566
68832,117,22,Neutral,88.0,0,77.95569079536243,10.044309204637571,0.6022546910893467,0.6022546910893467
68832,109,23,Neutral,80.0,1,75.31894467450925,4.681055325490746,0.2806751038412796,0.2806751038412796
68832,56,24,Neutral,91.0,1,84.22887649364333,6.771123506356673,0.4059951573141357,0.4059951573141357
68832,30,25,Neutral,78.0,1,78.99867937500329,-0.9986793750032916,-0.05988060763922009,0.05988060763922009
68832,61,26,Neutral,92.0,1,73.90110490492096,18.098895095079044,1.0852059860435799,1.0852059860435799
68832,4,27,Neutral,77.0,1,78.38445309451214,-1.3844530945121392,-0.08301151963523053,0.08301151963523053
68832,45,28,Neutral,88.0,0,74.33614447826825,13.663855521731747,0.8192819355392345,0.8192819355392345
68832,122,29,Neutral,84.0,1,73.78981948522527,10.210180514774734,0.6122003003504712,0.6122003003504712
68832,12,30,Neutral,87.0,1,80.13336699417953,6.866633005820475,0.41172188703977103,0.41172188703977103
68832,33,31,Neutral,74.0,1,75.19404607512172,-1.1940460751217188,-0.07159475434974183,0.07159475434974183
68832,92,32,Neutral,82.0,1,79.33255348237668,2.6674465176233184,0.15993953847287518,0.15993953847287518
68832,59,33,Neutral,81.0,1,74.41320861448234,6.586791385517657,0.3949426416824496,0.3949426416824496
68832,43,34,Neutral,83.0,1,78.83419519135242,4.165804808647579,0.24978079000317774,0.24978079000317774
68832,24,35,Neutral,70.0,1,77.40621073647544,-7.406210736475444,-0.4440748555589261,0.4440748555589261
68832,126,36,Neutral,72.0,1,76.67145685525942,-4.671456855259422,-0.2800995815623131,0.2800995815623131
68832,95,37,Neutral,67.0,1,74.11585543354519,-7.1158554335451925,-0.42666521197769564,0.42666521197769564
68832,127,38,Neutral,72.0,1,73.26866570945928,-1.2686657094592846,-0.0760689321066772,0.0760689321066772
68832,55,39,Neutral,87.0,1,81.69799576368837,5.302004236311632,0.31790707140118235,0.31790707140118235
68832,65,40,Neutral,75.0,1,73.89156183080921,1.1084381691907907,0.06646172211319616,0.06646172211319616
68832,39,41,Neutral,90.0,1,78.82652238665626,11.173477613343735,0.6699593940528112,0.6699593940528112
68832,119,42,Neutral,72.0,1,72.69018494883711,-0.6901849488371141,-0.041383346000986754,0.041383346000986754
68832,84,43,Neutral,84.0,1,77.59137331665286,6.408626683347137,0.3842599231915463,0.3842599231915463
68832,103,44,Neutral,64.0,1,75.01605769679696,-11.016057696796963,-0.6605205285938095,0.6605205285938095
68832,46,45,Neutral,64.0,1,73.49218511030826,-9.492185110308256,-0.5691494452134273,0.5691494452134273
68832,88,46,Neutral,60.0,0,74.06672789822098,-14.066727898220975,-0.8434380794519413,0.8434380794519413
68832,9,47,Neutral,93.0,0,79.4369426061796,13.5630573938204,0.8132381007517108,0.8132381007517108
68832,44,48,Neutral,63.0,1,74.76072702784396,-11.760727027843956,-0.7051707468214949,0.7051707468214949
68832,40,49,Neutral,86.0,1,81.08005995867346,4.919940041326541,0.29499858172418136,0.29499858172418136
68832,86,50,Neutral,85.0,1,75.82037825558282,9.179621744417176,0.550408210795468,0.550408210795468
68832,78,51,Neutral,69.0,1,76.54843127996179,-7.54843127996179,-0.45260236977009566,0.45260236977009566
68832,62,52,Neutral,76.0,0,70.99833898995593,5.001661010044074,0.2998985540137417,0.2998985540137417
68832,98,53,Neutral,60.0,1,71.37260799909328,-11.372607999093276,-0.6818992105710762,0.6818992105710762
68832,128,54,Neutral,65.0,0,73.7186634433576,-8.718663443357599,-0.5227692469251077,0.5227692469251077
68832,104,55,Neutral,63.0,1,75.23242201163035,-12.232422011630348,-0.7334534799553479,0.7334534799553479
68832,70,56,Neutral,68.0,1,72.9539194065063,-4.9539194065063015,-0.29703597739399007,0.29703597739399007
68832,53,57,Neutral,61.0,1,70.91592177783556,-9.915921777835564,-0.5945566076778266,0.5945566076778266
68832,74,58,Neutral,56.0,1,72.06648538845033,-16.06648538845033,-0.9633431226952954,0.9633431226952954
68832,21,59,Neutral,86.0,0,73.24993679649019,12.75006320350981,0.7644911381714597,0.7644911381714597
68832,1,60,Neutral,65.0,1,78.563443894419,-13.563443894418995,-0.8132612752472256,0.8132612752472256
68832,93,61,Neutral,62.0,1,72.94412116625904,-10.944121166259038,-0.6562072291827207,0.6562072291827207
68832,87,62,Neutral,59.0,1,72.572354238021,-13.572354238021006,-0.8137955375966016,0.8137955375966016
68832,37,63,Neutral,57.0,0,75.71848522433085,-18.71848522433085,-1.1223564813431737,1.1223564813431737
68832,94,64,Neutral,80.0,1,82.32497529506689,-2.324975295066892,-0.139405035188918,0.139405035188918
68850,31,1,Standard,100.0,1,96.72613008999095,3.2738699100090543,0.1963005589681421,0.1963005589681421
68850,81,2,Standard,100.0,0,97.24577164825506,2.754228351744942,0.16514295919960412,0.16514295919960412
68850,111,3,Standard,100.0,0,98.81472668644238,1.185273313557616,0.0710687413907471,0.0710687413907471
68850,90,4,Standard,100.0,1,99.45914952536602,0.5408504746339844,0.03242928198345623,0.03242928198345623
68850,67,5,Standard,100.0,1,99.31620274445511,0.6837972555448886,0.04100034123957354,0.04100034123957354
68850,36,6,Standard,100.0,1,94.81519777897343,5.1848022210265725,0.3108796629380934,0.3108796629380934
68850,116,7,Standard,100.0,0,101.22965435647538,-1.229654356475379,-0.07372981949458719,0.07372981949458719
68850,105,8,Standard,100.0,1,95.57875973175977,4.421240268240226,0.26509664703983754,0.26509664703983754
68850,17,9,Standard,100.0,1,103.93217944724259,-3.9321794472425893,-0.23577266191820848,0.23577266191820848
68850,83,10,Standard,100.0,0,98.6294020319873,1.370597968012703,0.08218076913164496,0.08218076913164496
68850,28,11,Standard,100.0,1,98.56526916560003,1.4347308343999714,0.08602616246311523,0.08602616246311523
68850,91,12,Standard,100.0,1,95.32832949238617,4.671670507613825,0.2801123921130519,0.2801123921130519
68850,123,13,Standard,100.0,1,96.15408470611173,3.845915293888268,0.2306002812226298,0.2306002812226298
68850,64,14,Standard,100.0,1,97.27172479409225,2.7282752059077495,0.16358681397243824,0.16358681397243824
68850,29,15,Standard,100.0,0,100.38268892317895,-0.38268892317894654,-0.022945948249585717,0.022945948249585717
68850,113,16,Standard,100.0,1,102.14041642693627,-2.1404164269362695,-0.12833892383678167,0.12833892383678167
68850,35,17,Standard,100.0,0,102.50193091665702,-2.5019309166570167,-0.15001525745966196,0.15001525745966196
68850,101,18,Standard,100.0,0,100.85145486326147,-0.8514548632614662,-0.05105305653208028,0.05105305653208028
68850,110,19,Standard,100.0,1,93.59514356728161,6.40485643271839,0.3840338597479102,0.3840338597479102
68850,82,20,Standard,100.0,1,94.46446569095536,5.535534309044635,0.3319094859971956,0.3319094859971956
68850,75,21,Standard,100.0,1,92.76319830285445,7.236801697145552,0.43391712479111383,0.43391712479111383
68850,68,22,Standard,100.0,0,94.18909173592344,5.810908264076559,0.34842085107397264,0.34842085107397264
68850,57,23,Standard,100.0,1,99.7543083765748,0.245691623425202,0.01473161864639394,0.01473161864639394
68850,20,24,Standard,100.0,1,95.55765046554139,4.442349534458614,0.2663623542523961,0.2663623542523961
68850,58,25,Standard,100.0,1,98.3246331654603,1.6753668345397017,0.10045464698868281,0.10045464698868281
68850,106,26,Standard,100.0,0,95.70948943113508,4.290510568864917,0.2572581214519227,0.2572581214519227
68850,32,27,Standard,100.0,1,97.47360434489946,2.5263956551005435,0.15148215808903376,0.15148215808903376
68850,100,28,Standard,100.0,0,95.47214643789282,4.5278535621071825,0.2714891579687341,0.2714891579687341
68850,72,29,Standard,100.0,1,95.76050863356716,4.239491366432844,0.25419902068408035,0.25419902068408035
68850,50,30,Standard,100.0,0,91.66856163057028,8.33143836942972,0.4995513120199566,0.4995513120199566
68850,73,31,Standard,100.0,1,93.99693479055827,6.003065209441729,0.3599425415569917,0.3599425415569917
68850,124,32,Standard,100.0,1,96.54894356344155,3.4510564365584457,0.20692462625222455,0.20692462625222455
68850,7,33,Standard,100.0,1,102.61846882471846,-2.6184688247184624,-0.15700284619173116,0.15700284619173116
68850,2,34,Standard,100.0,1,95.88782874266089,4.112171257339114,0.24656493342038852,0.24656493342038852
68850,23,35,Standard,100.0,1,98.0448430921355,1.955156907864506,0.11723080159992227,0.11723080159992227
68850,76,36,Standard,100.0,0,93.39566393266084,6.604336067339162,0.39599461715586415,0.39599461715586415
68850,6,37,Standard,100.0,1,98.17521571976985,1.8247842802301477,0.10941368595933802,0.10941368595933802
68850,69,38,Standard,100.0,1,95.2654141608574,4.734585839142596,0.28388478230760594,0.28388478230760594
68850,115,39,Standard,100.0,1,102.24476402205363,-2.24476402205363,-0.1345955839398285,0.1345955839398285
68850,27,40,Standard,100.0,0,98.38198514529375,1.6180148547062458,0.09701583420482181,0.09701583420482181
68850,66,41,Standard,100.0,1,94.70653786859052,5.293462131409484,0.31739488856767095,0.31739488856767095
68850,102,42,Standard,100.0,1,94.26901296552983,5.730987034470175,0.34362879076724195,0.34362879076724195
68850,63,43,Standard,100.0,1,93.77120600497823,6.228793995021775,0.3734771925976741,0.3734771925976741
68850,120,44,Standard,100.0,1,94.32152737798414,5.67847262201586,0.34048003751741074,0.34048003751741074
68850,3,45,Standard,100.0,0,98.62691579567121,1.3730842043287907,0.08232984334411836,0.08232984334411836
68850,8,46,Standard,100.0,0,100.71257830513161,-0.7125783051316148,-0.04272604698746887,0.04272604698746887
68850,18,47,Standard,100.0,0,97.93550022567354,2.064499774326464,0.12378697713397149,0.12378697713397149
68850,99,48,Standard,100.0,1,94.37768527121383,5.622314728786165,0.33711282191798825,0.33711282191798825
68850,125,49,Standard,24.0,0,91.47757203401144,-67.47757203401144,-4.0459411864819295,4.0459411864819295
68850,48,50,Standard,100.0,1,102.98392698946535,-2.9839269894653455,-0.17891564174904948,0.17891564174904948
68850,60,51,Standard,100.0,0,97.26156324565738,2.738436754342615,0.1641960983033909,0.1641960983033909
68850,49,52,Standard,100.0,0,98.73294585049089,1.2670541495091072,0.07597230330720557,0.07597230330720557
68850,22,53,Standard,100.0,1,103.29624014794386,-3.2962401479438626,-0.19764187378258477,0.19764187378258477
68850,13,54,Standard,100.0,1,94.77469138744732,5.225308612552681,0.31330841775026474,0.31330841775026474
68850,121,55,Standard,100.0,1,97.21302190019426,2.7869780998057365,0.1671066272826716,0.1671066272826716
68850,26,56,Standard,100.0,1,103.61587581027938,-3.615875810279377,-0.2168071616245932,0.2168071616245932
68850,51,57,Standard,100.0,1,94.82941328451078,5.170586715489222,0.3100273041823391,0.3100273041823391
68850,16,58,Standard,29.0,0,95.46897300508931,-66.46897300508931,-3.985465798456633,3.985465798456633
68850,15,59,Standard,100.0,1,99.09543804663736,0.904561953362645,0.05423734661036383,0.05423734661036383
68850,5,60,Standard,100.0,1,93.36683510441424,6.6331648955857645,0.3977231877022696,0.3977231877022696
68850,114,61,Standard,100.0,0,94.3889256395861,5.611074360413895,0.33643885176794086,0.33643885176794086
68850,112,62,Standard,100.0,1,95.25402465033203,4.745975349667972,0.2845676949901379,0.2845676949901379
68850,80,63,Standard,100.0,1,98.73418519432637,1.265814805673628,0.07589799250856494,0.07589799250856494
68850,79,64,Standard,100.0,1,95.34760979668293,4.6523902033170685,0.2789563490769623,0.2789563490769623
68881,64,1,Standard,100.0,1,96.93277809398869,3.067221906011312,0.18390998762308355,0.18390998762308355
68881,17,2,Standard,100.0,1,103.3303897915416,-3.330389791541606,-0.19968947931092457,0.19968947931092457
68881,29,3,Standard,100.0,1,99.77178733360094,0.22821266639905957,0.013683584018041097,0.013683584018041097
68881,63,4,Standard,100.0,1,94.59025775664742,5.409742243352582,0.32436701989809547,0.32436701989809547
68881,51,5,Standard,100.0,0,95.97079806558212,4.029201934417884,0.241590110072383,0.241590110072383
68881,123,6,Standard,0.0,1,96.9021691208093,-96.9021691208093,-5.810233908649015,5.810233908649015
68881,112,7,Standard,76.0,0,96.75497863941027,-20.754978639410268,-1.244464203000912,1.244464203000912
68881,125,8,Standard,100.0,1,92.13707806315423,7.8629219368457655,0.47145916415518835,0.47145916415518835
68881,60,9,Standard,74.0,1,98.21203647512526,-24.21203647512526,-1.4517486718985084,1.4517486718985084
68881,58,10,Standard,100.0,1,99.42317485428775,0.5768251457122489,0.03458631577999424,0.03458631577999424
68881,3,11,Standard,100.0,1,98.97977170995033,1.0202282900496726,0.061172676104075466,0.061172676104075466
68881,83,12,Standard,100.0,1,97.40520021268202,2.5947997873179816,0.15558365563142593,0.15558365563142593
68881,105,13,Standard,100.0,0,95.80115823526255,4.198841764737452,0.25176167901994084,0.25176167901994084
68881,100,14,Standard,81.0,0,94.94885916684726,-13.948859166847257,-0.8363706948308269,0.8363706948308269
68881,23,15,Standard,100.0,0,98.03155881774623,1.9684411822537697,0.11802732392969666,0.11802732392969666
68881,48,16,Standard,100.0,1,103.5649306339527,-3.5649306339526987,-0.2137524994466358,0.2137524994466358
68881,18,17,Standard,100.0,0,98.36028754394663,1.639712456053374,0.0983168178693491,0.0983168178693491
68881,81,18,Standard,100.0,0,95.63641732943071,4.363582670569286,0.2616395094739975,0.2616395094739975
68881,27,19,Standard,100.0,0,98.41250803017074,1.5874919698292587,0.09518568837515558,0.09518568837515558
68881,121,20,Standard,75.0,0,97.85684501479851,-22.85684501479851,-1.3704916737637662,1.3704916737637662
68881,6,21,Standard,100.0,1,99.31756456786354,0.6824354321364581,0.04091868659120968,0.04091868659120968
68881,36,22,Standard,100.0,0,94.55571753054762,5.444282469452375,0.3264380446720324,0.3264380446720324
68881,72,23,Standard,100.0,1,96.46478588899848,3.5352141110015225,0.21197070291034967,0.21197070291034967
68881,90,24,Standard,100.0,1,97.4464188392685,2.553581160731497,0.15311219535315124,0.15311219535315124
68881,75,25,Standard,100.0,0,93.02940396562344,6.970596034376555,0.4179554886117782,0.4179554886117782
68881,16,26,Standard,100.0,0,97.31223640144276,2.6877635985572397,0.16115774642052044,0.16115774642052044
68881,8,27,Standard,100.0,0,100.65548687147611,-0.6554868714761142,-0.03930285649825472,0.03930285649825472
68881,99,28,Standard,100.0,1,94.36440099682459,5.635599003175415,0.3379093442477618,0.3379093442477618
68881,106,29,Standard,100.0,1,94.44148045256355,5.558519547436447,0.3332876761111443,0.3332876761111443
68881,116,30,Standard,100.0,0,99.33266223363806,0.6673377663619391,0.04001343369108939,0.04001343369108939
68881,110,31,Standard,100.0,1,93.51089195592075,6.489108044079245,0.3890855688440902,0.3890855688440902
68881,124,32,Standard,100.0,1,95.65951610372763,4.340483896272374,0.26025451177078995,0.26025451177078995
68881,35,33,Standard,100.0,1,100.66442886762445,-0.6644288676244514,-0.039839016727725995,0.039839016727725995
68881,114,34,Standard,100.0,0,94.68229148006048,5.317708519939515,0.3188486969816377,0.3188486969816377
68881,57,35,Standard,100.0,1,98.33919500566607,1.6608049943339296,0.09958152207823397,0.09958152207823397
68881,115,36,Standard,100.0,1,101.46774572928771,-1.4677457292877136,-0.0880057286947864,0.0880057286947864
68881,20,37,Standard,100.0,1,94.09872993536642,5.901270064633579,0.35383892584367593,0.35383892584367593
68881,15,38,Standard,100.0,1,98.87880089045545,1.1211991095445484,0.06722686544303447,0.06722686544303447
68881,73,39,Standard,100.0,0,92.50989001565557,7.4901099843444285,0.4491054370134112,0.4491054370134112
68881,120,40,Standard,100.0,0,93.58831624448447,6.411683755515526,0.3844432246030123,0.3844432246030123
68881,101,41,Standard,100.0,0,98.93545042957348,1.0645495704265215,0.06383017085839059,0.06383017085839059
68881,111,42,Standard,100.0,0,96.19780770449465,3.8021922955053498,0.22797865933225164,0.22797865933225164
68881,113,43,Standard,100.0,1,100.04918335618333,-0.04918335618333458,-0.002949023808551729,0.002949023808551729
68881,50,44,Standard,100.0,0,90.1468216302784,9.853178369721604,0.5907945259754713,0.5907945259754713
68881,69,45,Standard,100.0,1,95.40019834582773,4.599801654172268,0.27580315060658706,0.27580315060658706
68881,66,46,Standard,100.0,0,93.35091457148653,6.649085428513473,0.3986777795457712,0.3986777795457712
68881,22,47,Standard,100.0,1,102.65064333297664,-2.6506433329766423,-0.1589320230158611,0.1589320230158611
68881,7,48,Standard,100.0,1,101.05292166516033,-1.0529216651603264,-0.06313296407677586,0.06313296407677586
68881,49,49,Standard,100.0,0,97.97493986857566,2.0250601314243397,0.12142218434745253,0.12142218434745253
68881,102,50,Standard,100.0,0,93.02912823168603,6.97087176831397,0.41797202156132374,0.41797202156132374
68881,80,51,Standard,100.0,1,98.37044364580726,1.6295563541927436,0.09770786011385488,0.09770786011385488
68881,13,52,Standard,100.0,0,93.95386593541518,6.04613406458482,0.36252494115474576,0.36252494115474576
68881,28,53,Standard,100.0,0,97.16680277625213,2.8331972237478737,0.1698779163424847,0.1698779163424847
68881,31,54,Standard,100.0,0,93.49591087831593,6.504089121684075,0.38998383114180163,0.38998383114180163
68881,5,55,Standard,100.0,0,92.44928339997259,7.550716600027414,0.45273939708597394,0.45273939708597394
68881,82,56,Standard,100.0,0,93.3288422572049,6.671157742795103,0.4000012309199257,0.4000012309199257
68881,91,57,Standard,100.0,0,93.79844162523959,6.20155837476041,0.371844150470739,0.371844150470739
68881,26,58,Standard,100.0,1,102.61982172118229,-2.6198217211822907,-0.15708396558235313,0.15708396558235313
68881,2,59,Standard,100.0,0,95.23408406083898,4.765915939161019,0.2857633285892837,0.2857633285892837
68881,67,60,Standard,100.0,1,97.34824328464619,2.6517567153538124,0.15899878119165653,0.15899878119165653
68881,32,61,Standard,100.0,0,94.8475734290747,5.1524265709253,0.3089384256908812,0.3089384256908812
68881,68,62,Standard,100.0,1,91.30021786450126,8.699782135498737,0.5216371276324587,0.5216371276324587
68881,76,63,Standard,100.0,1,91.07628313169971,8.92371686830029,0.535064207641635,0.535064207641635
68881,79,64,Standard,100.0,1,95.78904409651688,4.210955903483125,0.25248804025986765,0.25248804025986765
68882,74,1,Neutral,100.0,0,80.6337687424109,19.366231257589106,1.161195198791675,1.161195198791675
68882,9,2,Neutral,100.0,0,87.47854004894535,12.521459951054652,0.7507841346947215,0.7507841346947215
68882,24,3,Neutral,78.0,1,84.87831510878013,-6.878315108780129,-0.4124223435038145,0.4124223435038145
68882,86,4,Neutral,100.0,1,83.9057828576148,16.094217142385205,0.9650059128941177,0.9650059128941177
68882,89,5,Neutral,100.0,1,78.38316492295186,21.616835077048137,1.2961409357694835,1.2961409357694835
68882,78,6,Neutral,85.0,1,84.59002872272754,0.4099712772724615,0.02458179252737773,0.02458179252737773
68882,104,7,Neutral,100.0,0,83.4054409321948,16.594559067805207,0.9950063106908864,0.9950063106908864
68882,128,8,Neutral,80.0,1,81.80406804538957,-1.8040680453895703,-0.10817154482645794,0.10817154482645794
68882,59,9,Neutral,86.0,1,81.53485571265718,4.465144287342824,0.26772912289492246,0.26772912289492246
68882,70,10,Neutral,100.0,1,81.03932400853827,18.960675991461727,1.1368781893742002,1.1368781893742002
68882,30,11,Neutral,73.0,0,85.68225488051579,-12.682254880515785,-0.7604253652261986,0.7604253652261986
68882,55,12,Neutral,100.0,1,88.95106433966191,11.048935660338088,0.6624918844504138,0.6624918844504138
68882,47,13,Neutral,68.0,1,86.97336632339437,-18.973366323394373,-1.1376390990377925,1.1376390990377925
68882,1,14,Neutral,76.0,1,86.64884849645095,-10.648848496450952,-0.638502741306114,0.638502741306114
68882,54,15,Neutral,94.0,1,83.95332153926557,10.046678460734427,0.6023967511922022,0.6023967511922022
68882,10,16,Neutral,86.0,1,81.99496686609757,4.00503313390243,0.24014095381963502,0.24014095381963502
68882,97,17,Neutral,100.0,1,82.96473498177228,17.03526501822772,1.0214309478287396,1.0214309478287396
68882,46,18,Neutral,85.0,0,80.74525368628177,4.254746313718229,0.2551137041508838,0.2551137041508838
68882,122,19,Neutral,100.0,0,80.29816635367283,19.701833646327174,1.1813178482283304,1.1813178482283304
68882,127,20,Neutral,78.0,1,80.12746985203671,-2.127469852036711,-0.1275626498981818,0.1275626498981818
68882,39,21,Neutral,100.0,1,85.77294084776617,14.227059152233835,0.8530515080999661,0.8530515080999661
68882,108,22,Neutral,100.0,0,80.28216175971562,19.71783824028438,1.1822774803536793,1.1822774803536793
68882,21,23,Neutral,100.0,0,80.89726980585985,19.10273019414015,1.145395729825119,1.145395729825119
68882,107,24,Neutral,23.0,0,83.0628539351454,-60.0628539351454,-3.601356231243259,3.601356231243259
68882,37,25,Neutral,79.0,0,83.45343255223295,-4.453432552232954,-0.26702688969331434,0.26702688969331434
68882,42,26,Neutral,100.0,1,83.34714713842212,16.652852861577884,0.9985015944426829,0.9985015944426829
68882,25,27,Neutral,100.0,0,85.1354622546009,14.864537745399105,0.8912745919757151,0.8912745919757151
68882,85,28,Neutral,100.0,1,83.24657415169831,16.75342584830169,1.0045319298114221,1.0045319298114221
68882,71,29,Neutral,26.0,1,80.83224387843892,-54.832243878438916,-3.287729940004024,3.287729940004024
68882,11,30,Neutral,100.0,1,89.82577521882075,10.174224781179248,0.6100444020414624,0.6100444020414624
68882,103,31,Neutral,33.0,1,81.65582604304323,-48.655826043043234,-2.9173932110453524,2.9173932110453524
68882,52,32,Neutral,100.0,1,86.31447601784366,13.68552398215634,0.8205811719201066,0.8205811719201066
68882,77,33,Neutral,23.0,0,81.23072211689097,-58.23072211689097,-3.4915019884319842,3.4915019884319842
68882,98,34,Neutral,100.0,0,78.27521930093694,21.72478069906306,1.3026133328170606,1.3026133328170606
68882,40,35,Neutral,100.0,1,87.76363546418597,12.236364535814033,0.733689872885512,0.733689872885512
68882,56,36,Neutral,100.0,1,89.77346585823375,10.226534141766251,0.6131808604239722,0.6131808604239722
68882,43,37,Neutral,100.0,1,84.77304898933892,15.226951010661082,0.9130048159931378,0.9130048159931378
68882,92,38,Neutral,74.0,0,85.1399858025645,-11.139985802564496,-0.6679512320434656,0.6679512320434656
68882,62,39,Neutral,34.0,1,77.63810733620218,-43.63810733620218,-2.616531840871032,2.616531840871032
68882,14,40,Neutral,100.0,1,84.28554559547628,15.714454404523721,0.9422354181076358,0.9422354181076358
68882,88,41,Neutral,84.0,1,80.35603897033737,3.643961029662634,0.21849114553819382,0.21849114553819382
68882,19,42,Neutral,33.0,0,84.52751694282269,-51.527516942822686,-3.0895792001975217,3.0895792001975217
68882,44,43,Neutral,96.0,1,81.05003809996035,14.949961900039654,0.8963966065231027,0.8963966065231027
68882,61,44,Neutral,100.0,0,79.18285131391396,20.817148686086043,1.2481919060706703,1.2481919060706703
68882,119,45,Neutral,26.0,1,78.62903874682364,-52.62903874682364,-3.1556262184922668,3.1556262184922668
68882,95,46,Neutral,100.0,1,79.79186627593431,20.20813372406569,1.211675495599056,1.211675495599056
68882,84,47,Neutral,68.0,1,83.48641995537315,-15.486419955373151,-0.9285625199587519,0.9285625199587519
68882,38,48,Neutral,100.0,1,78.32444452277585,21.67555547722415,1.299661798752507,1.299661798752507
68882,34,49,Neutral,100.0,1,86.4820902060552,13.517909793944796,0.8105310600520921,0.8105310600520921
68882,53,50,Neutral,83.0,1,77.29284716848443,5.707152831515572,0.34219969691465946,0.34219969691465946
68882,41,51,Neutral,100.0,1,88.4832068833919,11.516793116608099,0.6905445202324392,0.6905445202324392
68882,94,52,Neutral,100.0,1,88.92093648204693,11.079063517953074,0.6642983445276006,0.6642983445276006
68882,118,53,Neutral,76.0,1,82.72638598076625,-6.726385980766253,-0.4033127045833775,0.4033127045833775
68882,93,54,Neutral,29.0,1,79.32104655690787,-50.32104655690787,-3.0172394867563934,3.0172394867563934
68882,12,55,Neutral,100.0,1,85.10846328830891,14.891536711691089,0.8928934443798608,0.8928934443798608
68882,126,56,Neutral,100.0,1,81.86558894571996,18.134411054280037,1.0873355155713507,1.0873355155713507
68882,4,57,Neutral,59.0,0,83.14051359231033,-24.140513592310327,-1.4474601747188678,1.4474601747188678
68882,96,58,Neutral,100.0,1,73.64224580399026,26.357754196009736,1.5804054602179642,1.5804054602179642
68882,45,59,Neutral,80.0,1,79.04839781680022,0.9516021831997818,0.05705786900888342,0.05705786900888342
68882,33,60,Neutral,21.0,0,79.99391373218616,-58.99391373218616,-3.5372627989712857,3.5372627989712857
68882,65,61,Neutral,85.0,0,79.04188676200351,5.958113237996486,0.3572472306973745,0.3572472306973745
68882,109,62,Neutral,100.0,1,79.68074073891135,20.319259261088646,1.2183385596892176,1.2183385596892176
68882,87,63,Neutral,86.0,1,78.59882235453999,7.40117764546001,0.44377307246832537,0.44377307246832537
68882,117,64,Neutral,100.0,0,82.18606538196582,17.81393461803418,1.0681198151005262,1.0681198151005262
68896,101,1,Standard,81.0,1,85.99579832577575,-4.995798325775752,-0.2995470286842205,0.2995470286842205
68896,116,2,Standard,75.0,1,85.84831190779484,-10.848311907794837,-0.6504625259697595,0.6504625259697595
68896,23,3,Standard,68.0,0,83.84629394364326,-15.84629394364326,-0.9501404894558118,0.9501404894558118
68896,82,4,Standard,68.0,1,79.5650019942034,-11.5650019942034,-0.6934351145075056,0.6934351145075056
68896,80,5,Standard,91.0,1,85.67462218675622,5.325377813243776,0.3193085462132503,0.3193085462132503
68896,6,6,Standard,100.0,1,83.9328594120114,16.067140587988604,0.9633824083233545,0.9633824083233545
68896,105,7,Standard,100.0,1,80.0221886460143,19.9778113539857,1.1978654141870417,1.1978654141870417
68896,114,8,Standard,100.0,0,81.11032683568479,18.889673164315212,1.1326208746242867,1.1326208746242867
68896,67,9,Standard,100.0,1,83.54059586237847,16.459404137621533,0.9869024491839757,0.9869024491839757
68896,63,10,Standard,100.0,1,79.61646401575223,20.38353598424777,1.2221925786428118,1.2221925786428118
68896,48,11,Standard,94.0,1,89.09202795583677,4.90797204416323,0.29428098310314127,0.29428098310314127
68896,75,12,Standard,75.0,0,77.55708449123884,-2.5570844912388395,-0.15332225432181673,0.15332225432181673
68896,2,13,Standard,83.0,0,81.20740084224009,1.7925991577599092,0.10748387270926038,0.10748387270926038
68896,58,14,Standard,86.0,1,83.20613367237716,2.793866327622837,0.16751964399010483,0.16751964399010483
68896,121,15,Standard,73.0,1,83.3649300258319,-10.364930025831896,-0.6214790488516552,0.6214790488516552
68896,28,16,Standard,96.0,0,82.74585512425715,13.254144875742853,0.7947157704094183,0.7947157704094183
68896,76,17,Standard,61.0,1,78.62762171370758,-17.627621713707583,-1.0569485321028496,1.0569485321028496
68896,35,18,Standard,84.0,1,86.85774551237907,-2.8577455123790685,-0.17134982662373394,0.17134982662373394
68896,115,19,Standard,100.0,1,87.5205289623666,12.479471037633402,0.7482664881780237,0.7482664881780237
68896,73,20,Standard,61.0,1,78.87843529747512,-17.87843529747512,-1.071987262426204,1.071987262426204
68896,125,21,Standard,67.0,0,77.1037942484543,-10.103794248454307,-0.6058214019460518,0.6058214019460518
68896,79,22,Standard,66.0,0,81.58713224085305,-15.587132240853052,-0.934601207651938,0.934601207651938
68896,17,23,Standard,95.0,1,87.7185009725036,7.281499027496395,0.43659716742366605,0.43659716742366605
68896,50,24,Standard,87.0,1,76.33102634115598,10.668973658844024,0.6397094418579614,0.6397094418579614
68896,106,25,Standard,59.0,0,80.1529183453896,-21.152918345389594,-1.2683245850156464,1.2683245850156464
68896,27,26,Standard,61.0,0,83.39490713000933,-22.39490713000933,-1.342793974256694,1.342793974256694
68896,113,27,Standard,93.0,1,86.05815942999598,6.941840570004018,0.4162313169480049,0.4162313169480049
68896,81,28,Standard,80.0,0,80.50640726232128,-0.5064072623212752,-0.030364074136017816,0.030364074136017816
68896,83,29,Standard,56.0,0,82.19668776091714,-26.196687760917143,-1.5707479502652872,1.5707479502652872
68896,112,30,Standard,100.0,1,81.0554755018398,18.944524498160206,1.1359097491947154,1.1359097491947154
68896,69,31,Standard,68.0,1,79.97168603070934,-11.971686030709336,-0.717819804762139,0.717819804762139
68896,57,32,Standard,63.0,1,83.75966569816698,-20.759665698166984,-1.2447452380692412,1.2447452380692412
68896,15,33,Standard,63.0,0,84.63404594254773,-21.63404594254773,-1.297172895685657,1.297172895685657
68896,49,34,Standard,63.0,0,83.92109647227139,-20.921096472271387,-1.254424593713298,1.254424593713298
68896,72,35,Standard,62.0,1,79.89728743295805,-17.897287432958052,-1.0731176325492586,1.0731176325492586
68896,36,36,Standard,61.0,1,77.9006047559747,-16.900604755974697,-1.0133567465080795,1.0133567465080795
68896,91,37,Standard,90.0,0,78.63277226571861,11.367227734281386,0.6815766110118384,0.6815766110118384
68896,102,38,Standard,58.0,0,78.84386335758305,-20.843863357583047,-1.2497937122180311,1.2497937122180311
68896,123,39,Standard,68.0,1,79.41472032017793,-11.414720320177935,-0.6844242565856081,0.6844242565856081
68896,29,40,Standard,65.0,1,83.6871316965114,-18.6871316965114,-1.1204765303354185,1.1204765303354185
68896,16,41,Standard,65.0,0,80.6133164676036,-15.613316467603596,-0.9361712084426127,0.9361712084426127
68896,124,42,Standard,64.0,1,80.5104937257675,-16.510493725767503,-0.989965770264586,0.989965770264586
68896,111,43,Standard,85.0,0,81.46206207078131,3.5379379292186854,0.21213402248420385,0.21213402248420385
68896,26,44,Standard,100.0,1,88.54118347646246,11.458816523537536,0.6870682557687762,0.6870682557687762
68896,100,45,Standard,76.0,1,79.12704648535514,-3.1270464853551374,-0.18749705695938298,0.18749705695938298
68896,60,46,Standard,100.0,1,81.88022079697684,18.119779203023157,1.086458192812837,1.086458192812837
68896,64,47,Standard,97.0,0,80.22571029329482,16.774289706705176,1.0057829224224344,1.0057829224224344
68896,31,48,Standard,100.0,1,79.06681535946623,20.933184640533767,1.2551493977684474,1.2551493977684474
68896,22,49,Standard,100.0,1,87.87109053999708,12.128909460002916,0.7272468888863011,0.7272468888863011
68896,99,50,Standard,76.0,1,78.68969270766966,-2.689692707669664,-0.16127341540172271,0.16127341540172271
68896,18,51,Standard,83.0,1,82.15989334359689,0.8401066564031083,0.050372620408833224,0.050372620408833224
68896,66,52,Standard,89.0,1,78.62428087165024,10.375719128349758,0.6221259611949177,0.6221259611949177
68896,20,53,Standard,70.0,1,78.68686460180889,-8.686864601808892,-0.5208625949987539,0.5208625949987539
68896,5,54,Standard,93.0,1,78.02929981499992,14.970700185000084,0.8976400697765836,0.8976400697765836
68896,3,55,Standard,100.0,1,82.58846595799716,17.41153404200284,1.0439919602451584,1.0439919602451584
68896,7,56,Standard,100.0,1,86.01052591658338,13.989474083416624,0.8388059567820232,0.8388059567820232
68896,32,57,Standard,100.0,1,80.55901132190074,19.44098867809926,1.1656776381788647,1.1656776381788647
68896,120,58,Standard,74.0,1,78.10784890324516,-4.107848903245156,-0.24630576596779422,0.24630576596779422
68896,51,59,Standard,74.0,0,79.1414207209666,-5.141420720966593,-0.30827851721614047,0.30827851721614047
68896,90,60,Standard,100.0,1,81.40557036144521,18.594429638554786,1.1149181342187169,1.1149181342187169
68896,110,61,Standard,99.0,0,76.15486463308808,22.84513536691192,1.369789565711632,1.369789565711632
68896,8,62,Standard,100.0,0,84.41128551186016,15.588714488139843,0.9346960788702089,0.9346960788702089
68896,13,63,Standard,94.0,0,78.78004870903952,15.21995129096048,0.9125851142555557,0.9125851142555557
68896,68,64,Standard,72.0,1,76.7488128017299,-4.748812801729898,-0.28473782802569264,0.28473782802569264
68906,34,1,Neutral,73.0,1,68.99423155189172,4.0057684481082845,0.24018504310650166,0.24018504310650166
68906,38,2,Neutral,55.0,0,61.94674713367297,-6.946747133672972,-0.4165255134852234,0.4165255134852234
68906,126,3,Neutral,31.0,1,64.31158142512737,-33.31158142512737,-1.9973554947536687,1.9973554947536687
68906,70,4,Neutral,25.0,0,61.42638000243268,-36.42638000243268,-2.184118169693466,2.184118169693466
68906,9,5,Neutral,76.0,0,67.75651627220391,8.24348372779609,0.4942775699987056,0.4942775699987056
68906,59,6,Neutral,41.0,0,62.07567489151316,-21.07567489151316,-1.2636930835848115,1.2636930835848115
68906,108,7,Neutral,55.0,0,62.54644243335949,-7.546442433359488,-0.4524831189414234,0.4524831189414234
68906,1,8,Neutral,70.0,1,67.03590449034537,2.9640955096546264,0.17772655034376553,0.17772655034376553
68906,94,9,Neutral,71.0,1,71.21404203155225,-0.21404203155225332,-0.012833915699560536,0.012833915699560536
68906,93,10,Neutral,78.0,0,62.85573484927253,15.14426515072747,0.9080469890269207,0.9080469890269207
68906,97,11,Neutral,70.0,1,63.3517909756667,6.648209024333298,0.39862523053338544,0.39862523053338544
68906,39,12,Neutral,74.0,1,66.57660298221954,7.423397017780459,0.44510534141190516,0.44510534141190516
68906,4,13,Neutral,39.0,1,65.19224163832162,-26.19224163832162,-1.570481361679078,1.570481361679078
68906,128,14,Neutral,80.0,0,63.14839837444251,16.851601625557493,1.010418528998985,1.010418528998985
68906,40,15,Neutral,84.0,1,69.0491763505679,14.950823649432095,0.8964482768374636,0.8964482768374636
68906,14,16,Neutral,73.0,1,65.4611304561629,7.5388695438370945,0.45202905006052346,0.45202905006052346
68906,45,17,Neutral,69.0,0,62.49547179063241,6.504528209367592,0.39001015874799244,0.39001015874799244
68906,88,18,Neutral,25.0,1,62.9707769181111,-37.9707769181111,-2.2767198875838117,2.2767198875838117
68906,92,19,Neutral,70.0,1,66.09653486691995,3.903465133080047,0.23405095761246889,0.23405095761246889
68906,25,20,Neutral,70.0,0,65.85151007052178,4.148489929478217,0.2487425934489957,0.2487425934489957
68906,118,21,Neutral,67.0,0,64.53761277834302,2.462387221656982,0.147644225730991,0.147644225730991
68906,47,22,Neutral,75.0,0,66.98849959105554,8.011500408944457,0.4803678984437554,0.4803678984437554
68906,54,23,Neutral,75.0,1,65.21003754978607,9.789962450213935,0.587004112588213,0.587004112588213
68906,11,24,Neutral,73.0,1,70.49801587547542,2.501984124524583,0.15001844779233608,0.15001844779233608
68906,104,25,Neutral,73.0,0,64.22408535005293,8.775914649947069,0.5262020173662162,0.5262020173662162
68906,96,26,Neutral,17.0,0,56.651248185160114,-39.651248185160114,-2.377480595284232,2.377480595284232
68906,95,27,Neutral,34.0,0,61.033600003050005,-27.033600003050005,-1.6209290342587888,1.6209290342587888
68906,122,28,Neutral,26.0,0,60.31329962133399,-34.31329962133399,-2.057418309480285,2.057418309480285
68906,19,29,Neutral,96.0,0,65.506407714341,30.493592285659005,1.8283894519819006,1.8283894519819006
68906,119,30,Neutral,73.0,1,59.69554383687439,13.304456163125607,0.797732424738122,0.797732424738122
68906,85,31,Neutral,60.0,0,63.52455037495689,-3.5245503749568883,-0.21133130751475052,0.21133130751475052
68906,56,32,Neutral,74.0,1,70.35809219635594,3.6419078036440595,0.21836803453311024,0.21836803453311024
68906,44,33,Neutral,70.0,0,63.09528297727303,6.90471702272697,0.4140053967735089,0.4140053967735089
68906,61,34,Neutral,64.0,1,60.030320607633556,3.9696793923664444,0.23802115082932318,0.23802115082932318
68906,117,35,Neutral,61.0,0,63.86587070174387,-2.865870701743873,-0.17183701128832823,0.17183701128832823
68906,37,36,Neutral,67.0,1,63.0957668386014,3.9042331613986008,0.23409700843072972,0.23409700843072972
68906,55,37,Neutral,79.0,1,68.26528305906332,10.734716940936678,0.6436513953802235,0.6436513953802235
68906,10,38,Neutral,70.0,1,62.638382646890776,7.361617353109224,0.441401045565955,0.441401045565955
68906,78,39,Neutral,70.0,1,63.55379016799908,6.446209832000918,0.38651340096901227,0.38651340096901227
68906,84,40,Neutral,67.0,1,63.91728310853381,3.082716891466191,0.1848390637286114,0.1848390637286114
68906,30,41,Neutral,65.0,1,64.49225314082578,0.5077468591742189,0.030444396084736935,0.030444396084736935
68906,86,42,Neutral,71.0,0,62.650508506555184,8.349491493444816,0.500633773581563,0.500633773581563
68906,42,43,Neutral,73.0,0,63.01182313195341,9.988176868046587,0.5988890078606665,0.5988890078606665
68906,12,44,Neutral,8.0,1,65.99973974129475,-57.999739741294746,-3.4776523332264713,3.4776523332264713
68906,33,45,Neutral,75.0,0,60.77523415947666,14.22476584052334,0.8529140016067233,0.8529140016067233
68906,98,46,Neutral,63.0,1,58.15893109079941,4.841068909200587,0.2902694850439983,0.2902694850439983
68906,109,47,Neutral,72.0,0,60.74724582896212,11.252754171037878,0.6747127999657504,0.6747127999657504
68906,53,48,Neutral,59.0,0,58.987634771667246,0.012365228332754441,0.0007414165193514643,0.0007414165193514643
68906,127,49,Neutral,65.0,0,60.46423551796629,4.535764482033713,0.27196349508236906,0.27196349508236906
68906,41,50,Neutral,91.0,1,68.9364117437154,22.063588256284604,1.322928163489436,1.322928163489436
68906,87,51,Neutral,73.0,1,60.73168155038516,12.268318449614839,0.7356058229118527,0.7356058229118527
68906,43,52,Neutral,67.0,0,64.52533930140268,2.4746606985973187,0.1483801408559338,0.1483801408559338
68906,107,53,Neutral,0.0,0,61.91665935472162,-61.91665935472162,-3.7125100186825337,3.7125100186825337
68906,71,54,Neutral,80.0,0,59.86127793508008,20.138722064919918,1.207513586951567,1.207513586951567
68906,74,55,Neutral,78.0,0,59.87535542668462,18.12464457331538,1.0867499194037533,1.0867499194037533
68906,21,56,Neutral,81.0,0,59.861031251131394,21.138968748868606,1.2674881701092147,1.2674881701092147
68906,52,57,Neutral,54.0,0,65.62869473724507,-11.62869473724507,-0.6972541181347022,0.6972541181347022
68906,46,58,Neutral,69.0,0,59.117180353929434,9.882819646070566,0.592571810741137,0.592571810741137
68906,24,59,Neutral,100.0,0,62.834511890928304,37.165488109071696,2.2284349380621653,2.2284349380621653
68906,103,60,Neutral,79.0,0,60.794816125379725,18.205183874620275,1.091579039160992,1.091579039160992
68906,65,61,Neutral,69.0,1,59.166099800300515,9.833900199699485,0.5896386109100452,0.5896386109100452
68906,77,62,Neutral,54.0,1,60.084527536467206,-6.084527536467206,-0.3648270057444836,0.3648270057444836
68906,89,63,Neutral,0.0,0,57.44952297016066,-57.44952297016066,-3.4446614500526898,3.4446614500526898
68906,62,64,Neutral,68.0,1,56.952326055603606,11.047673944396394,0.6624162322249371,0.6624162322249371
68939,102,1,Standard,100.0,0,92.54608885499208,7.453911145007922,0.44693496213472717,0.44693496213472717
68939,79,2,Standard,100.0,1,95.32414077561414,4.67585922438586,0.280363546699615,0.280363546699615
68939,69,3,Standard,100.0,1,94.05915183960029,5.94084816039971,0.356212020235128,0.356212020235128
68939,80,4,Standard,100.0,1,97.79978995058083,2.2002100494191694,0.1319241370061378,0.1319241370061378
68939,51,5,Standard,100.0,0,93.43626943909612,6.563730560903878,0.39355991943435065,0.39355991943435065
68939,2,6,Standard,100.0,1,94.37491630654014,5.625083693459857,0.3372788484639872,0.3372788484639872
68939,114,7,Standard,67.0,0,93.2354945995094,-26.235494599509394,-1.5730748002369845,1.5730748002369845
68939,50,8,Standard,78.0,0,89.13231380482478,-11.132313804824776,-0.6674912206544654,0.6674912206544654
68939,27,9,Standard,100.0,0,96.22098944209367,3.7790105579063322,0.22658868716670297,0.22658868716670297
68939,17,10,Standard,99.0,1,100.38836695837368,-1.3883669583736804,-0.083246194098439,0.083246194098439
68939,29,11,Standard,64.0,1,96.88680143298508,-32.88680143298508,-1.9718857747623255,1.9718857747623255
68939,106,12,Standard,92.0,1,92.65167353360354,-0.6516735336035424,-0.039074209552439405,0.039074209552439405
68939,36,13,Standard,84.0,1,91.76903476853448,-7.769034768534482,-0.4658297090680771,0.4658297090680771
68939,83,14,Standard,86.0,1,94.78305726766355,-8.783057267663551,-0.5266302872391132,0.5266302872391132
68939,125,15,Standard,79.0,0,89.2958993218046,-10.295899321804598,-0.617339982193846,0.617339982193846
68939,57,16,Standard,100.0,1,96.5419408509851,3.4580591490149004,0.2073445074348252,0.2073445074348252
68939,31,17,Standard,99.0,0,92.52521021212854,6.474789787871458,0.3882270491795046,0.3882270491795046
68939,68,18,Standard,100.0,0,90.69320424572956,9.30679575427044,0.5580335379790844,0.5580335379790844
68939,81,19,Standard,80.0,0,93.00104461112642,-13.001044611126417,-0.7795399311779035,0.7795399311779035
68939,72,20,Standard,84.0,1,93.41526017138793,-9.415260171387928,-0.564537041873122,0.564537041873122
68939,91,21,Standard,86.0,1,92.19455216341477,-6.1945521634147696,-0.3714240594954704,0.3714240594954704
68939,90,22,Standard,71.0,1,94.99950453131498,-23.999504531314983,-1.439005300745918,1.439005300745918
68939,3,23,Standard,85.0,1,95.91955717226952,-10.91955717226952,-0.6547343772114526,0.6547343772114526
68939,115,24,Standard,93.0,1,99.40186608144447,-6.401866081444467,-0.3838545589074011,0.3838545589074011
68939,101,25,Standard,91.0,1,97.04479941879517,-6.044799418795165,-0.3624449160707518,0.3624449160707518
68939,16,26,Standard,92.0,0,94.13128920603351,-2.1312892060335145,-0.12779165756955493,0.12779165756955493
68939,13,27,Standard,88.0,0,92.45747935803298,-4.457479358032984,-0.2672695353275079,0.2672695353275079
68939,48,28,Standard,100.0,1,100.44767916371983,-0.4476791637198261,-0.026842749557006444,0.026842749557006444
68939,116,29,Standard,100.0,0,96.74687921216488,3.2531207878351154,0.19505644591759294,0.19505644591759294
68939,20,30,Standard,100.0,0,91.77578986949064,8.224210130509363,0.4931219291135426,0.4931219291135426
68939,63,31,Standard,91.0,1,90.7778742757197,0.22212572428030342,0.013318612234444705,0.013318612234444705
68939,75,32,Standard,94.0,1,89.54180665535057,4.45819334464943,0.26731234581654895,0.26731234581654895
68939,64,33,Standard,79.0,0,92.93938343843115,-13.93938343843115,-0.8358025321255755,0.8358025321255755
68939,26,34,Standard,90.0,1,101.07962798453384,-11.079627984533843,-0.6643321898263966,0.6643321898263966
68939,60,35,Standard,91.0,1,94.44346015346377,-3.443460153463775,-0.2064691546975958,0.2064691546975958
68939,111,36,Standard,89.0,0,93.86908510105401,-4.8690851010540115,-0.29194933008126517,0.29194933008126517
68939,121,37,Standard,100.0,1,94.48253312653313,5.517466873466873,0.33082616631726797,0.33082616631726797
68939,58,38,Standard,100.0,1,95.01562719942396,4.98437280057604,0.29886195656930503,0.29886195656930503
68939,82,39,Standard,86.0,0,90.89261676932162,-4.89261676932162,-0.29336028401693076,0.29336028401693076
68939,15,40,Standard,94.0,0,96.256657945437,-2.2566579454369986,-0.13530874111242766,0.13530874111242766
68939,49,41,Standard,100.0,0,95.69580696196613,4.304193038033873,0.25807851945787863,0.25807851945787863
68939,73,42,Standard,99.0,0,89.84393991137088,9.156060088629118,0.5489954588143126,0.5489954588143126
68939,66,43,Standard,100.0,0,90.94780742279923,9.05219257720077,0.5427675844294204,0.5427675844294204
68939,32,44,Standard,100.0,0,93.05776651011467,6.942233489885325,0.41625487634237623,0.41625487634237623
68939,105,45,Standard,100.0,0,91.21838194333382,8.781618056666176,0.5265439924470098,0.5265439924470098
68939,110,46,Standard,100.0,1,89.672837371518,10.327162628482,0.6192145235606866,0.6192145235606866
68939,23,47,Standard,100.0,0,94.00013954048734,5.999860459512661,0.3597503854177065,0.3597503854177065
68939,22,48,Standard,100.0,1,100.01527061467237,-0.01527061467237445,-0.0009156228800691493,0.0009156228800691493
68939,113,49,Standard,100.0,1,97.19477484154788,2.8052251584521173,0.16820071712443904,0.16820071712443904
68939,35,50,Standard,100.0,0,97.38517853361249,2.614821466387511,0.1567841513447142,0.1567841513447142
68939,124,51,Standard,100.0,1,92.19758989692977,7.80241010307023,0.4678308871860854,0.4678308871860854
68939,6,52,Standard,100.0,1,94.77859543520104,5.221404564798959,0.31307433185883976,0.31307433185883976
68939,120,53,Standard,100.0,0,90.42725761498538,9.572742385014621,0.5739796426520806,0.5739796426520806
68939,100,54,Standard,100.0,0,90.6620441697119,9.337955830288095,0.5599018896570345,0.5599018896570345
68939,18,55,Standard,100.0,0,94.06602531109033,5.933974688909672,0.35579988831399667,0.35579988831399667
68939,99,56,Standard,99.0,0,90.50821035663061,8.491789643369387,0.5091659410586296,0.5091659410586296
68939,8,57,Standard,100.0,0,96.7116819127497,3.2883180872503033,0.19716686867087557,0.19716686867087557
68939,67,58,Standard,100.0,1,94.2549104077694,5.745089592230599,0.34447437719778035,0.34447437719778035
68939,123,59,Standard,100.0,1,91.39944248428965,8.60055751571035,0.51568764006476,0.51568764006476
68939,28,60,Standard,100.0,0,93.67920546597927,6.3207945340207345,0.378993525783563,0.378993525783563
68939,7,61,Standard,100.0,1,97.89186303566125,2.1081369643387546,0.12640345397229155,0.12640345397229155
68939,112,62,Standard,100.0,1,91.75401932072936,8.245980679270644,0.4944272866898523,0.4944272866898523
68939,76,63,Standard,100.0,0,88.5417545052137,11.458245494786297,0.6870340170036034,0.6870340170036034
68939,5,64,Standard,100.0,0,89.52049034009048,10.479509659909525,0.6283492198828986,0.6283492198828986
68987,18,1,Standard,100.0,0,97.21607058659056,2.783929413409439,0.1669238286803563,0.1669238286803563
68987,60,2,Standard,100.0,1,96.6735550843731,3.326444915626894,0.19945294537145727,0.19945294537145727
68987,112,3,Standard,100.0,1,95.10408808171009,4.895911918289912,0.2935578604638083,0.2935578604638083
68987,91,4,Standard,100.0,0,92.94422780118632,7.055772198813685,0.4230626337181409,0.4230626337181409
68987,110,5,Standard,100.0,0,91.47388483167914,8.526115168320857,0.5112240923963624,0.5112240923963624
68987,90,6,Standard,100.0,1,96.63697624150382,3.3630237584961833,0.20164620518294119,0.20164620518294119
68987,31,7,Standard,100.0,1,93.7287281690638,6.2712718309362,0.37602415480538615,0.37602415480538615
68987,57,8,Standard,100.0,1,97.67685680023857,2.3231431997614322,0.13929518313540631,0.13929518313540631
68987,36,9,Standard,89.0,1,91.94921733584498,-2.9492173358449776,-0.17683445813621315,0.17683445813621315
68987,63,10,Standard,100.0,1,92.4822832954342,7.5177167045657995,0.4507607302167741,0.4507607302167741
68987,114,11,Standard,100.0,0,93.84472463756806,6.1552753624319365,0.36906903067656743,0.36906903067656743
68987,20,12,Standard,100.0,1,93.34877741140646,6.651222588593541,0.3988059232197269,0.3988059232197269
68987,106,13,Standard,98.0,1,93.54442353626638,4.455576463733621,0.26715543818104515,0.26715543818104515
68987,69,14,Standard,95.0,1,93.58222701791729,1.4177729820827096,0.08500937316473761,0.08500937316473761
68987,15,15,Standard,100.0,1,98.28839408902192,1.7116059109780792,0.1026275344756273,0.1026275344756273
68987,66,16,Standard,100.0,1,93.06715788491664,6.932842115083361,0.41569177146228653,0.41569177146228653
68987,2,17,Standard,100.0,1,93.89799148485713,6.10200851514287,0.36587516159052136,0.36587516159052136
68987,75,18,Standard,99.0,0,90.1600608153234,8.839939184676595,0.5300409151540169,0.5300409151540169
68987,102,19,Standard,100.0,0,92.54201866332346,7.457981336676539,0.4471790099807379,0.4471790099807379
68987,17,20,Standard,100.0,1,100.71574172998427,-0.7157417299842734,-0.0429157252837665,0.0429157252837665
68987,82,21,Standard,91.0,1,91.6860995663594,-0.6860995663594025,-0.041138387317221824,0.041138387317221824
68987,50,22,Standard,100.0,1,89.28445993937042,10.715540060629579,0.6425015536250457,0.6425015536250457
68987,68,23,Standard,100.0,1,91.41072561132746,8.589274388672536,0.5150111061140187,0.5150111061140187
68987,23,24,Standard,1.0,0,95.79216287873432,-94.79216287873432,-5.683718373172395,5.683718373172395
68987,101,25,Standard,90.0,1,97.8102457830681,-7.810245783068098,-0.46830071292924474,0.46830071292924474
68987,100,26,Standard,99.0,1,92.82520179109555,6.174798208904448,0.37023961649107606,0.37023961649107606
68987,113,27,Standard,100.0,1,98.92397870967795,1.0760212903220463,0.06451801279766033,0.06451801279766033
68987,105,28,Standard,95.0,1,91.96805758110536,3.031942418894644,0.18179463691231199,0.18179463691231199
68987,73,29,Standard,100.0,1,91.34999014376099,8.65000985623901,0.5186527921187193,0.5186527921187193
68987,79,30,Standard,98.0,1,94.10249424640514,3.8975057535948565,0.2336936344578531,0.2336936344578531
68987,8,31,Standard,100.0,0,98.63512672879537,1.3648732712046296,0.08183751750154436,0.08183751750154436
68987,123,32,Standard,100.0,1,92.58718971472355,7.41281028527645,0.4444705631325882,0.4444705631325882
68987,22,33,Standard,100.0,1,101.43782436793882,-1.4378243679388163,-0.08621165009077122,0.08621165009077122
68987,81,34,Standard,100.0,1,93.10938358640584,6.890616413594159,0.4131599271822769,0.4131599271822769
68987,29,35,Standard,100.0,1,96.77198677252454,3.228013227475458,0.19355100181981158,0.19355100181981158
68987,72,36,Standard,87.0,1,92.71929955337379,-5.719299553373787,-0.3429280118312383,0.3429280118312383
68987,58,37,Standard,100.0,1,95.06438828893576,4.93561171106424,0.2959382517825637,0.2959382517825637
68987,48,38,Standard,100.0,1,100.77505393533042,-0.7750539353304191,-0.04647207278171868,0.04647207278171868
68987,124,39,Standard,100.0,0,93.50773448324817,6.492265516751829,0.3892748902489083,0.3892748902489083
68987,125,40,Standard,100.0,1,89.13727750207784,10.862722497922164,0.6513265819569588,0.6513265819569588
68987,76,41,Standard,92.0,1,90.44206917099994,1.5579308290000569,0.09341320851858967,0.09341320851858967
68987,116,42,Standard,100.0,0,96.96184481682747,3.0381551831725346,0.182167152966404,0.182167152966404
68987,13,43,Standard,100.0,1,92.52201117404617,7.47798882595383,0.44837865487703443,0.44837865487703443
68987,3,44,Standard,67.0,0,95.93616398960769,-28.936163989607692,-1.7350063752344107,1.7350063752344107
68987,115,45,Standard,100.0,1,99.2473621011265,0.7526378988735019,0.04512801189741465,0.04512801189741465
68987,111,46,Standard,100.0,1,94.19645987266459,5.80354012733541,0.3479790591272556,0.3479790591272556
68987,83,47,Standard,96.0,1,94.27397817380691,1.7260218261930902,0.10349190975397675,0.10349190975397675
68987,35,48,Standard,100.0,1,98.40935001407402,1.5906499859259782,0.09537504236357192,0.09537504236357192
68987,80,49,Standard,100.0,1,96.6129264587239,3.387073541276095,0.20308822515701708,0.20308822515701708
68987,27,50,Standard,89.0,1,95.20935458730169,-6.209354587301689,-0.37231160975340893,0.37231160975340893
68987,16,51,Standard,84.0,1,93.04106415462323,-9.041064154623228,-0.5421003265259445,0.5421003265259445
68987,121,52,Standard,91.0,1,94.60988441266322,-3.60988441266322,-0.2164479186695032,0.2164479186695032
68987,67,53,Standard,81.0,1,94.47890013434615,-13.478900134346148,-0.80819204897503,0.80819204897503
68987,7,54,Standard,85.0,1,98.9639595147978,-13.963959514797807,-0.8372761085536643,0.8372761085536643
68987,99,55,Standard,100.0,0,91.33647619102047,8.663523808979534,0.5194630859146712,0.5194630859146712
68987,6,56,Standard,100.0,1,94.60832072838167,5.3916792716183295,0.3232839678692964,0.3232839678692964
68987,49,57,Standard,58.0,1,95.77935108882998,-37.77935108882998,-2.265242034669149,2.265242034669149
68987,51,58,Standard,91.0,1,92.0510471599148,-1.051047159914802,-0.06302056913207747,0.06302056913207747
68987,32,59,Standard,100.0,1,93.33721628305024,6.662783716949761,0.3994991260717065,0.3994991260717065
68987,26,60,Standard,100.0,1,100.7060882078847,-0.7060882078847044,-0.04233690210622874,0.04233690210622874
68987,120,61,Standard,100.0,1,90.84224670512845,9.157753294871554,0.5490969831084888,0.5490969831084888
68987,28,62,Standard,98.0,1,93.59654507769235,4.403454922307645,0.2640302413963715,0.2640302413963715
68987,64,63,Standard,99.0,1,92.39061502471705,6.60938497528295,0.3962973486261997,0.3962973486261997
68987,5,64,Standard,100.0,1,90.45704750201955,9.542952497980451,0.5721934472206349,0.5721934472206349
69019,41,1,Neutral,100.0,1,73.37772158321492,26.62227841678508,1.596266277485034,1.596266277485034
69019,95,2,Neutral,100.0,1,64.42353802015992,35.576461979840076,2.1331572618082886,2.1331572618082886
69019,103,3,Neutral,100.0,0,65.45349706305433,34.54650293694567,2.0714011317872565,2.0714011317872565
69019,47,4,Neutral,100.0,0,69.93870131734703,30.061298682652975,1.8024692174457027,1.8024692174457027
69019,4,5,Neutral,100.0,0,68.02758105641239,31.972418943587613,1.9170595908535983,1.9170595908535983
69019,37,6,Neutral,100.0,0,66.89486376054933,33.10513623945067,1.9849770843529615,1.9849770843529615
69019,107,7,Neutral,100.0,0,66.41667082492928,33.583329175070716,2.0136494333274424,2.0136494333274424
69019,78,8,Neutral,100.0,1,67.07348496475161,32.926515035248386,1.974266994095168,1.974266994095168
69019,10,9,Neutral,100.0,1,64.9297244740698,35.0702755259302,2.102806427298699,2.102806427298699
69019,43,10,Neutral,100.0,1,68.65999902603858,31.340000973961423,1.879139940912842,1.879139940912842
69019,42,11,Neutral,99.0,1,66.70841126392696,32.29158873607304,1.936196945236278,1.936196945236278
69019,96,12,Neutral,99.0,1,58.28548262334563,40.71451737665437,2.4412339948881123,2.4412339948881123
69019,77,13,Neutral,100.0,0,64.71596048447357,35.28403951552643,2.115623671660398,2.115623671660398
69019,52,14,Neutral,100.0,1,69.80716162114719,30.192838378852812,1.8103563102747688,1.8103563102747688
69019,89,15,Neutral,52.0,0,60.573200823398125,-8.573200823398125,-0.5140473384828336,0.5140473384828336
69019,34,16,Neutral,99.0,1,70.63188319835228,28.368116801647716,1.700946383975773,1.700946383975773
69019,74,17,Neutral,100.0,1,62.560961687259756,37.439038312740244,2.2448369513864628,2.2448369513864628
69019,70,18,Neutral,50.0,1,63.29796191666631,-13.29796191666631,-0.79734303107097,0.79734303107097
69019,88,19,Neutral,49.0,1,63.947903967303105,-14.947903967303105,-0.8962732133041883,0.8962732133041883
69019,98,20,Neutral,99.0,1,61.45959009122076,37.54040990877924,2.2509151712036615,2.2509151712036615
69019,118,21,Neutral,75.0,1,66.6992856378423,8.300714362157706,0.49770910693331016,0.49770910693331016
69019,126,22,Neutral,50.0,1,65.96412754302983,-15.964127543029832,-0.9572057675702828,0.9572057675702828
69019,12,23,Neutral,50.0,1,69.21444912133973,-19.214449121339726,-1.1520943734668687,1.1520943734668687
69019,117,24,Neutral,50.0,0,66.50942231317171,-16.50942231317171,-0.989901528588154,0.989901528588154
69019,86,25,Neutral,50.0,1,65.68998924953522,-15.689989249535216,-0.9407684925023138,0.9407684925023138
69019,14,26,Neutral,50.0,1,67.50794100746147,-17.50794100746147,-1.0497725018452058,1.0497725018452058
69019,56,27,Neutral,50.0,1,72.87188702814119,-22.871887028141188,-1.371393589755647,1.371393589755647
69019,30,28,Neutral,50.0,1,67.54662835524772,-17.54662835524772,-1.0520921871730247,1.0520921871730247
69019,39,29,Neutral,50.0,1,68.12664031014762,-18.12664031014762,-1.08686958336918,1.08686958336918
69019,53,30,Neutral,50.0,0,60.79709784691769,-10.797097846917687,-0.6473917415300732,0.6473917415300732
69019,24,31,Neutral,50.0,0,66.22278520988215,-16.222785209882147,-0.9727148274841401,0.9727148274841401
69019,46,32,Neutral,50.0,0,62.74104863881242,-12.741048638812423,-0.7639506267468789,0.7639506267468789
69019,87,33,Neutral,50.0,1,62.54114462563561,-12.54114462563561,-0.7519644236889588,0.7519644236889588
69019,61,34,Neutral,50.0,1,62.19199346713284,-12.19199346713284,-0.7310293928348224,0.7310293928348224
69019,104,35,Neutral,50.0,0,64.80694796584883,-14.806947965848835,-0.887821520770287,0.887821520770287
69019,40,36,Neutral,50.0,1,70.42398504143107,-20.423985041431067,-1.2246178956997114,1.2246178956997114
69019,62,37,Neutral,50.0,1,60.29679221529121,-10.296792215291212,-0.6173935199016167,0.6173935199016167
69019,19,38,Neutral,50.0,0,67.27381614044417,-17.27381614044417,-1.0357344235075998,1.0357344235075998
69019,128,39,Neutral,50.0,0,63.07415360124491,-13.074153601244909,-0.7839235310216178,0.7839235310216178
69019,109,40,Neutral,50.0,1,63.34865497927983,-13.348654979279829,-0.8003825765631161,0.8003825765631161
69019,85,41,Neutral,50.0,1,65.38123781774861,-15.381237817748612,-0.9222558208605267,0.9222558208605267
69019,21,42,Neutral,50.0,0,62.63600434035794,-12.636004340357943,-0.7576521924566252,0.7576521924566252
69019,93,43,Neutral,50.0,0,62.43103280194506,-12.431032801945058,-0.7453621416393958,0.7453621416393958
69019,25,44,Neutral,50.0,1,66.96181110763146,-16.961811107631462,-1.0170266666249086,1.0170266666249086
69019,119,45,Neutral,50.0,1,61.200109307380174,-11.200109307380174,-0.6715562248888927,0.6715562248888927
69019,65,46,Neutral,100.0,1,62.30808933325493,37.69191066674507,2.259999125145102,2.259999125145102
69019,94,47,Neutral,50.0,0,71.84412901488943,-21.844129014889432,-1.3097694330142606,1.3097694330142606
69019,45,48,Neutral,50.0,0,62.1583840618374,-12.158384061837403,-0.7290141798827405,0.7290141798827405
69019,59,49,Neutral,50.0,1,62.35363990256437,-12.353639902564368,-0.7407216794872046,0.7407216794872046
69019,55,50,Neutral,50.0,1,69.99054902405635,-19.99054902405635,-1.1986291622355443,1.1986291622355443
69019,127,51,Neutral,50.0,0,61.39755540789207,-11.397555407892071,-0.6833950520145734,0.6833950520145734
69019,33,52,Neutral,50.0,0,62.95346618857393,-12.953466188573927,-0.7766871388560943,0.7766871388560943
69019,122,53,Neutral,50.0,0,61.379793499177424,-11.379793499177424,-0.6823300516618207,0.6823300516618207
69019,44,54,Neutral,48.0,1,63.19626684114036,-15.196266841140357,-0.9111649995697738,0.9111649995697738
69019,54,55,Neutral,100.0,1,64.82914266172483,35.17085733827517,2.1088372918498477,2.1088372918498477
69019,92,56,Neutral,50.0,1,66.96055211803021,-16.960552118030208,-1.0169511778702376,1.0169511778702376
69019,9,57,Neutral,50.0,1,67.64021684985903,-17.64021684985903,-1.057703733847198,1.057703733847198
69019,97,58,Neutral,50.0,1,63.7777366341146,-13.777736634114603,-0.8261102233549242,0.8261102233549242
69019,38,59,Neutral,50.0,0,60.47067326395588,-10.47067326395588,-0.6278193914191404,0.6278193914191404
69019,84,60,Neutral,50.0,1,65.52602206717003,-15.526022067170032,-0.9309370543464135,0.9309370543464135
69019,108,61,Neutral,50.0,0,61.20179004144111,-11.201790041441107,-0.6716570013536597,0.6716570013536597
69019,1,62,Neutral,50.0,1,67.15520003392966,-17.15520003392966,-1.0286222264284683,1.0286222264284683
69019,71,63,Neutral,50.0,1,61.95189564564488,-11.951895645644882,-0.7166331773892951,0.7166331773892951
69019,11,64,Neutral,50.0,1,71.04048854028012,-21.040488540280123,-1.261583317282254,1.261583317282254
69283,107,1,Neutral,85.0,1,87.276167344844,-2.276167344843998,-0.13647852064368463,0.13647852064368463
69283,46,2,Neutral,100.0,1,84.65191698111676,15.348083018883244,0.9202678660154516,0.9202678660154516
69283,4,3,Neutral,98.0,1,88.71184893926218,9.288151060737817,0.5569156060322303,0.5569156060322303
69283,89,4,Neutral,89.0,0,83.11568107514667,5.884318924853332,0.3528225390276218,0.3528225390276218
69283,78,5,Neutral,97.0,1,88.12476929132924,8.875230708670756,0.5321569875934598,0.5321569875934598
69283,53,6,Neutral,95.0,0,83.90907116912729,11.090928830872713,0.6650097862227443,0.6650097862227443
69283,42,7,Neutral,100.0,1,87.67041657381606,12.329583426183945,0.7392792581662341,0.7392792581662341
69283,93,8,Neutral,99.0,0,86.02488487608322,12.97511512391678,0.7779852045171258,0.7779852045171258
69283,19,9,Neutral,100.0,0,89.46408660794388,10.535913392056116,0.6317311759326534,0.6317311759326534
69283,14,10,Neutral,97.0,1,88.80550912003852,8.194490879961478,0.49133996903112503,0.49133996903112503
69283,59,11,Neutral,61.0,0,84.9381748034602,-23.9381748034602,-1.435327983017913,1.435327983017913
69283,109,12,Neutral,93.0,1,85.36203211155852,7.63796788844148,0.4579709661944497,0.4579709661944497
69283,127,13,Neutral,70.0,0,85.12282895982892,-15.122828959828922,-0.9067616794785271,0.9067616794785271
69283,62,14,Neutral,83.0,1,82.22421972719353,0.7757802728064718,0.0465156238257332,0.0465156238257332
69283,33,15,Neutral,80.0,1,85.17098464574188,-5.170984645741882,-0.3100511639975348,0.3100511639975348
69283,39,16,Neutral,95.0,1,89.48291005343282,5.517089946567182,0.3308035658587485,0.3308035658587485
69283,30,17,Neutral,95.0,1,88.62516067149362,6.374839328506383,0.38223404042173376,0.38223404042173376
69283,128,18,Neutral,90.0,0,86.0547054456558,3.9452945543442013,0.2365590410125954,0.2365590410125954
69283,24,19,Neutral,99.0,0,87.66833396985588,11.33166603014412,0.6794443386272019,0.6794443386272019
69283,25,20,Neutral,100.0,0,88.93304577880001,11.066954221199993,0.6635722736125427,0.6635722736125427
69283,12,21,Neutral,94.0,1,90.08884011269635,3.911159887303654,0.23451233347551054,0.23451233347551054
69283,71,22,Neutral,97.0,1,84.34464273987778,12.655357260122216,0.7588125895010459,0.7588125895010459
69283,119,23,Neutral,44.0,0,83.08372966001625,-39.083729660016246,-2.343452302538107,2.343452302538107
69283,21,24,Neutral,92.0,0,84.34439605592908,7.6556039440709185,0.45902842042238584,0.45902842042238584
69283,70,25,Neutral,92.0,1,83.58796536611997,8.412034633880026,0.5043838472755483,0.5043838472755483
69283,118,26,Neutral,85.0,0,87.40011269029006,-2.400112690290058,-0.1439102577808801,0.1439102577808801
69283,40,27,Neutral,92.0,1,91.60502614765132,0.3949738523486843,0.023682550047821764,0.023682550047821764
69283,9,28,Neutral,97.0,0,89.83048731735876,7.1695126826412405,0.42988248947490015,0.42988248947490015
69283,108,29,Neutral,83.0,1,84.66422063778056,-1.6642206377805593,-0.09978632334897457,0.09978632334897457
69283,86,30,Neutral,80.0,1,86.25773012602819,-6.257730126028193,-0.3752121969952433,0.3752121969952433
69283,56,31,Neutral,99.0,1,93.4834350639004,5.5165649360995985,0.3307720863402937,0.3307720863402937
69283,74,32,Neutral,99.0,0,83.96445579808622,15.03554420191378,0.9015281035457272,0.9015281035457272
69283,34,33,Neutral,93.0,1,90.67393816365045,2.3260618363495524,0.13947018397826855,0.13947018397826855
69283,103,34,Neutral,96.0,0,85.01533797458,10.984662025419993,0.6586380506671096,0.6586380506671096
69283,85,35,Neutral,99.0,1,86.43085744617017,12.569142553829835,0.7536431736410181,0.7536431736410181
69283,45,36,Neutral,93.0,0,84.74467147285219,8.25532852714781,0.494987781704583,0.494987781704583
69283,97,37,Neutral,97.0,1,85.29434054302283,11.705659456977173,0.7018689067242085,0.7018689067242085
69283,10,38,Neutral,68.0,1,85.719918355169,-17.719918355169,-1.0624826195308097,1.0624826195308097
69283,1,39,Neutral,90.0,1,88.75941826137034,1.2405817386296576,0.07438502305609263,0.07438502305609263
69283,98,40,Neutral,43.0,0,81.50330975467503,-38.50330975467503,-2.3086504457183286,2.3086504457183286
69283,94,41,Neutral,90.0,1,92.89374864331099,-2.8937486433109854,-0.17350856686717842,0.17350856686717842
69283,52,42,Neutral,80.0,1,89.36733783451679,-9.367337834516789,-0.5616636285202872,0.5616636285202872
69283,77,43,Neutral,85.0,1,83.99839927080387,1.0016007291961273,0.0600557714290959,0.0600557714290959
69283,95,44,Neutral,74.0,1,83.37041400380224,-9.370414003802239,-0.5618480749909207,0.5618480749909207
69283,84,45,Neutral,80.0,1,86.77978302048085,-6.779783020480849,-0.4065143799801834,0.4065143799801834
69283,55,46,Neutral,84.0,1,90.95255433394543,-6.952554333945429,-0.41687371200589096,0.41687371200589096
69283,43,47,Neutral,66.0,1,87.82591080601208,-21.825910806012075,-1.308677072998644,1.308677072998644
69283,65,48,Neutral,87.0,1,82.81712857903977,4.182871420960225,0.25080410052826085,0.25080410052826085
69283,117,49,Neutral,84.0,0,86.33410618029481,-2.3341061802948104,-0.1399525211683195,0.1399525211683195
69283,11,50,Neutral,100.0,1,92.44056544283157,7.55943455716843,0.4532621239831575,0.4532621239831575
69283,126,51,Neutral,82.0,1,85.29037348862636,-3.290373488626358,-0.19729011010994127,0.19729011010994127
69283,87,52,Neutral,54.0,0,83.76941009939713,-29.769410099397135,-1.784967638695012,1.784967638695012
69283,38,53,Neutral,100.0,0,82.79411771937325,17.205882280626753,1.0316611234005149,1.0316611234005149
69283,41,54,Neutral,65.0,1,91.84271881492867,-26.842718814928674,-1.609483837914803,1.609483837914803
69283,92,55,Neutral,96.0,1,87.60101284161375,8.398987158386248,0.5036015233583024,0.5036015233583024
69283,54,56,Neutral,59.0,0,86.84593700227856,-27.84593700227856,-1.6696365917984308,1.6696365917984308
69283,122,57,Neutral,71.0,0,82.12442771089142,-11.124427710891425,-0.6670183721022186,0.6670183721022186
69283,96,58,Neutral,93.0,0,78.33095479691883,14.669045203081168,0.8795528997930812,0.8795528997930812
69283,44,59,Neutral,94.0,0,85.03783254462915,8.962167455370846,0.5373696968461779,0.5373696968461779
69283,47,60,Neutral,91.0,0,88.40536324721687,2.5946367527831313,0.15557388011462106,0.15557388011462106
69283,88,61,Neutral,57.0,0,84.16860477794125,-27.168604777941255,-1.6290238924855922,1.6290238924855922
69283,61,62,Neutral,94.0,0,81.88525585645723,12.114744143542765,0.7263975394571783,0.7263975394571783
69283,37,63,Neutral,100.0,1,84.9945092466913,15.005490753308706,0.8997261050173007,0.8997261050173007
69283,104,64,Neutral,99.0,0,85.59714184694802,13.40285815305198,0.8036325875903689,0.8036325875903689
