model,id,domain,response_type,sequence,task,choices,truth,prediction,score_response,task_enc,truth_enc_response,prediction_enc_response
mReasoner,63873,conditional,single-choice,1,All B are C/No A are C,Yes/No,No,Yes,0,,,
mReasoner,63873,conditional,single-choice,2,All B are C/All A are B,Yes/No,Yes,Yes,1,,,
mReasoner,63873,conditional,single-choice,3,All B are C/All A are C,Yes/No,Yes,Yes,1,,,
mReasoner,63873,conditional,single-choice,4,All B are C/All A are B,Yes/No,Yes,Yes,1,,,
mReasoner,63873,conditional,single-choice,5,All B are C/No A are B,Yes/No,Yes,Yes,1,,,
mReasoner,63873,conditional,single-choice,6,All B are C/No A are C,Yes/No,Yes,Yes,1,,,
mReasoner,63873,conditional,single-choice,7,All B are C/All A are B,Yes/No,Yes,Yes,1,,,
mReasoner,63873,conditional,single-choice,8,All B are C/No A are B,Yes/No,No,Yes,0,,,
mReasoner,63873,conditional,single-choice,9,All B are C/All A are C,Yes/No,No,Yes,0,,,
mReasoner,63873,conditional,single-choice,10,All B are C/No A are C,Yes/No,Yes,Yes,1,,,
mReasoner,63873,conditional,single-choice,11,All B are C/No A are B,Yes/No,No,Yes,0,,,
mReasoner,63873,conditional,single-choice,12,All B are C/All A are C,Yes/No,No,Yes,0,,,
mReasoner,63873,conditional,single-choice,13,All B are C/No A are B,Yes/No,Yes,Yes,1,,,
mReasoner,63873,conditional,single-choice,14,All B are C/No A are B,Yes/No,No,Yes,0,,,
mReasoner,63873,conditional,single-choice,15,All B are C/No A are B,Yes/No,No,Yes,0,,,
mReasoner,63873,conditional,single-choice,16,All B are C/No A are C,Yes/No,Yes,Yes,1,,,
mReasoner,63873,conditional,single-choice,17,All B are C/All A are B,Yes/No,Yes,Yes,1,,,
mReasoner,63873,conditional,single-choice,18,All B are C/All A are B,Yes/No,Yes,Yes,1,,,
mReasoner,63873,conditional,single-choice,19,All B are C/All A are C,Yes/No,No,Yes,0,,,
mReasoner,63873,conditional,single-choice,20,All B are C/All A are B,Yes/No,No,Yes,0,,,
mReasoner,63873,conditional,single-choice,21,All B are C/All A are B,Yes/No,Yes,Yes,1,,,
mReasoner,63873,conditional,single-choice,22,All B are C/All A are C,Yes/No,Yes,Yes,1,,,
mReasoner,63873,conditional,single-choice,23,All B are C/No A are C,Yes/No,Yes,Yes,1,,,
mReasoner,63873,conditional,single-choice,24,All B are C/No A are B,Yes/No,No,Yes,0,,,
mReasoner,63873,conditional,single-choice,25,All B are C/All A are B,Yes/No,Yes,Yes,1,,,
mReasoner,63873,conditional,single-choice,26,All B are C/All A are B,Yes/No,Yes,Yes,1,,,
mReasoner,63873,conditional,single-choice,27,All B are C/No A are B,Yes/No,Yes,Yes,1,,,
mReasoner,63873,conditional,single-choice,28,All B are C/No A are B,Yes/No,No,Yes,0,,,
mReasoner,63873,conditional,single-choice,29,All B are C/No A are C,Yes/No,Yes,Yes,1,,,
mReasoner,63873,conditional,single-choice,30,All B are C/No A are C,Yes/No,No,Yes,0,,,
mReasoner,63873,conditional,single-choice,31,All B are C/No A are C,Yes/No,Yes,Yes,1,,,
mReasoner,63873,conditional,single-choice,32,All B are C/All A are C,Yes/No,Yes,Yes,1,,,
mReasoner,63873,conditional,single-choice,33,All B are C/All A are C,Yes/No,Yes,Yes,1,,,
mReasoner,63873,conditional,single-choice,34,All B are C/No A are C,Yes/No,No,Yes,0,,,
mReasoner,63873,conditional,single-choice,35,All B are C/No A are C,Yes/No,No,Yes,0,,,
mReasoner,63873,conditional,single-choice,36,All B are C/No A are B,Yes/No,No,Yes,0,,,
mReasoner,63873,conditional,single-choice,37,All B are C/No A are B,Yes/No,Yes,Yes,1,,,
mReasoner,63873,conditional,single-choice,38,All B are C/No A are C,Yes/No,Yes,Yes,1,,,
mReasoner,63873,conditional,single-choice,39,All B are C/All A are C,Yes/No,Yes,Yes,1,,,
mReasoner,63873,conditional,single-choice,40,All B are C/No A are C,Yes/No,Yes,Yes,1,,,
mReasoner,63873,conditional,single-choice,41,All B are C/No A are B,Yes/No,Yes,Yes,1,,,
mReasoner,63873,conditional,single-choice,42,All B are C/All A are B,Yes/No,Yes,Yes,1,,,
mReasoner,63873,conditional,single-choice,43,All B are C/All A are C,Yes/No,Yes,Yes,1,,,
mReasoner,63873,conditional,single-choice,44,All B are C/No A are C,Yes/No,No,Yes,0,,,
mReasoner,63873,conditional,single-choice,45,All B are C/No A are B,Yes/No,Yes,Yes,1,,,
mReasoner,63873,conditional,single-choice,46,All B are C/All A are B,Yes/No,Yes,Yes,1,,,
mReasoner,63873,conditional,single-choice,47,All B are C/All A are B,Yes/No,Yes,Yes,1,,,
mReasoner,63873,conditional,single-choice,48,All B are C/All A are C,Yes/No,No,Yes,0,,,
mReasoner,63873,conditional,single-choice,49,All B are C/All A are B,Yes/No,No,Yes,0,,,
mReasoner,63873,conditional,single-choice,50,All B are C/All A are C,Yes/No,Yes,Yes,1,,,
mReasoner,63873,conditional,single-choice,51,All B are C/All A are B,Yes/No,No,Yes,0,,,
mReasoner,63873,conditional,single-choice,52,All B are C/All A are B,Yes/No,No,Yes,0,,,
mReasoner,63873,conditional,single-choice,53,All B are C/No A are C,Yes/No,No,Yes,0,,,
mReasoner,63873,conditional,single-choice,54,All B are C/All A are C,Yes/No,No,Yes,0,,,
mReasoner,63873,conditional,single-choice,55,All B are C/No A are B,Yes/No,Yes,Yes,1,,,
mReasoner,63873,conditional,single-choice,56,All B are C/All A are C,Yes/No,Yes,Yes,1,,,
mReasoner,63873,conditional,single-choice,57,All B are C/No A are C,Yes/No,No,Yes,0,,,
mReasoner,63873,conditional,single-choice,58,All B are C/No A are B,Yes/No,No,Yes,0,,,
mReasoner,63873,conditional,single-choice,59,All B are C/All A are C,Yes/No,Yes,Yes,1,,,
mReasoner,63873,conditional,single-choice,60,All B are C/All A are C,Yes/No,Yes,Yes,1,,,
mReasoner,63873,conditional,single-choice,61,All B are C/All A are B,Yes/No,Yes,Yes,1,,,
mReasoner,63873,conditional,single-choice,62,All B are C/No A are B,Yes/No,Yes,Yes,1,,,
mReasoner,63873,conditional,single-choice,63,All B are C/No A are C,Yes/No,Yes,Yes,1,,,
mReasoner,63873,conditional,single-choice,64,All B are C/All A are C,Yes/No,No,Yes,0,,,
mReasoner,63884,conditional,single-choice,1,All B are C/No A are B,Yes/No,No,Yes,0,,,
mReasoner,63884,conditional,single-choice,2,All B are C/All A are B,Yes/No,Yes,Yes,1,,,
mReasoner,63884,conditional,single-choice,3,All B are C/No A are C,Yes/No,Yes,Yes,1,,,
mReasoner,63884,conditional,single-choice,4,All B are C/No A are B,Yes/No,No,Yes,0,,,
mReasoner,63884,conditional,single-choice,5,All B are C/No A are C,Yes/No,Yes,Yes,1,,,
mReasoner,63884,conditional,single-choice,6,All B are C/All A are C,Yes/No,No,Yes,0,,,
mReasoner,63884,conditional,single-choice,7,All B are C/All A are C,Yes/No,Yes,Yes,1,,,
mReasoner,63884,conditional,single-choice,8,All B are C/No A are B,Yes/No,No,Yes,0,,,
mReasoner,63884,conditional,single-choice,9,All B are C/All A are C,Yes/No,Yes,Yes,1,,,
mReasoner,63884,conditional,single-choice,10,All B are C/No A are C,Yes/No,No,Yes,0,,,
mReasoner,63884,conditional,single-choice,11,All B are C/No A are C,Yes/No,No,Yes,0,,,
mReasoner,63884,conditional,single-choice,12,All B are C/No A are B,Yes/No,No,Yes,0,,,
mReasoner,63884,conditional,single-choice,13,All B are C/No A are B,Yes/No,Yes,Yes,1,,,
mReasoner,63884,conditional,single-choice,14,All B are C/All A are B,Yes/No,No,Yes,0,,,
mReasoner,63884,conditional,single-choice,15,All B are C/No A are C,Yes/No,No,Yes,0,,,
mReasoner,63884,conditional,single-choice,16,All B are C/All A are B,Yes/No,Yes,Yes,1,,,
mReasoner,63884,conditional,single-choice,17,All B are C/All A are C,Yes/No,No,Yes,0,,,
mReasoner,63884,conditional,single-choice,18,All B are C/All A are C,Yes/No,No,Yes,0,,,
mReasoner,63884,conditional,single-choice,19,All B are C/All A are C,Yes/No,Yes,Yes,1,,,
mReasoner,63884,conditional,single-choice,20,All B are C/No A are B,Yes/No,No,Yes,0,,,
mReasoner,63884,conditional,single-choice,21,All B are C/No A are C,Yes/No,No,Yes,0,,,
mReasoner,63884,conditional,single-choice,22,All B are C/All A are B,Yes/No,No,Yes,0,,,
mReasoner,63884,conditional,single-choice,23,All B are C/No A are C,Yes/No,No,Yes,0,,,
mReasoner,63884,conditional,single-choice,24,All B are C/All A are B,Yes/No,Yes,Yes,1,,,
mReasoner,63884,conditional,single-choice,25,All B are C/All A are C,Yes/No,Yes,Yes,1,,,
mReasoner,63884,conditional,single-choice,26,All B are C/All A are B,Yes/No,Yes,Yes,1,,,
mReasoner,63884,conditional,single-choice,27,All B are C/No A are B,Yes/No,No,Yes,0,,,
mReasoner,63884,conditional,single-choice,28,All B are C/All A are C,Yes/No,Yes,Yes,1,,,
mReasoner,63884,conditional,single-choice,29,All B are C/No A are C,Yes/No,No,Yes,0,,,
mReasoner,63884,conditional,single-choice,30,All B are C/All A are B,Yes/No,Yes,Yes,1,,,
mReasoner,63884,conditional,single-choice,31,All B are C/All A are C,Yes/No,Yes,Yes,1,,,
mReasoner,63884,conditional,single-choice,32,All B are C/No A are C,Yes/No,No,Yes,0,,,
mReasoner,63884,conditional,single-choice,33,All B are C/No A are C,Yes/No,No,Yes,0,,,
mReasoner,63884,conditional,single-choice,34,All B are C/All A are B,Yes/No,No,Yes,0,,,
mReasoner,63884,conditional,single-choice,35,All B are C/All A are C,Yes/No,Yes,Yes,1,,,
mReasoner,63884,conditional,single-choice,36,All B are C/No A are B,Yes/No,Yes,Yes,1,,,
mReasoner,63884,conditional,single-choice,37,All B are C/No A are B,Yes/No,No,Yes,0,,,
mReasoner,63884,conditional,single-choice,38,All B are C/No A are B,Yes/No,Yes,Yes,1,,,
mReasoner,63884,conditional,single-choice,39,All B are C/No A are B,Yes/No,No,Yes,0,,,
mReasoner,63884,conditional,single-choice,40,All B are C/No A are B,Yes/No,Yes,Yes,1,,,
mReasoner,63884,conditional,single-choice,41,All B are C/All A are B,Yes/No,Yes,Yes,1,,,
mReasoner,63884,conditional,single-choice,42,All B are C/All A are B,Yes/No,Yes,Yes,1,,,
mReasoner,63884,conditional,single-choice,43,All B are C/No A are C,Yes/No,Yes,Yes,1,,,
mReasoner,63884,conditional,single-choice,44,All B are C/All A are C,Yes/No,Yes,Yes,1,,,
mReasoner,63884,conditional,single-choice,45,All B are C/No A are B,Yes/No,Yes,Yes,1,,,
mReasoner,63884,conditional,single-choice,46,All B are C/No A are C,Yes/No,No,Yes,0,,,
mReasoner,63884,conditional,single-choice,47,All B are C/All A are B,Yes/No,Yes,Yes,1,,,
mReasoner,63884,conditional,single-choice,48,All B are C/All A are B,Yes/No,No,Yes,0,,,
mReasoner,63884,conditional,single-choice,49,All B are C/All A are C,Yes/No,Yes,Yes,1,,,
mReasoner,63884,conditional,single-choice,50,All B are C/No A are B,Yes/No,No,Yes,0,,,
mReasoner,63884,conditional,single-choice,51,All B are C/All A are B,Yes/No,Yes,Yes,1,,,
mReasoner,63884,conditional,single-choice,52,All B are C/All A are B,Yes/No,Yes,Yes,1,,,
mReasoner,63884,conditional,single-choice,53,All B are C/No A are B,Yes/No,No,Yes,0,,,
mReasoner,63884,conditional,single-choice,54,All B are C/No A are B,Yes/No,No,Yes,0,,,
mReasoner,63884,conditional,single-choice,55,All B are C/No A are C,Yes/No,No,Yes,0,,,
mReasoner,63884,conditional,single-choice,56,All B are C/All A are C,Yes/No,No,Yes,0,,,
mReasoner,63884,conditional,single-choice,57,All B are C/No A are C,Yes/No,Yes,Yes,1,,,
mReasoner,63884,conditional,single-choice,58,All B are C/All A are C,Yes/No,No,Yes,0,,,
mReasoner,63884,conditional,single-choice,59,All B are C/No A are C,Yes/No,Yes,Yes,1,,,
mReasoner,63884,conditional,single-choice,60,All B are C/All A are B,Yes/No,Yes,Yes,1,,,
mReasoner,63884,conditional,single-choice,61,All B are C/All A are C,Yes/No,Yes,Yes,1,,,
mReasoner,63884,conditional,single-choice,62,All B are C/All A are B,Yes/No,Yes,Yes,1,,,
mReasoner,63884,conditional,single-choice,63,All B are C/No A are C,Yes/No,Yes,Yes,1,,,
mReasoner,63884,conditional,single-choice,64,All B are C/All A are C,Yes/No,No,Yes,0,,,
mReasoner,63885,conditional,single-choice,1,All B are C/No A are C,Yes/No,Yes,Yes,1,,,
mReasoner,63885,conditional,single-choice,2,All B are C/All A are B,Yes/No,Yes,Yes,1,,,
mReasoner,63885,conditional,single-choice,3,All B are C/No A are C,Yes/No,Yes,Yes,1,,,
mReasoner,63885,conditional,single-choice,4,All B are C/All A are C,Yes/No,Yes,Yes,1,,,
mReasoner,63885,conditional,single-choice,5,All B are C/No A are C,Yes/No,Yes,Yes,1,,,
mReasoner,63885,conditional,single-choice,6,All B are C/All A are B,Yes/No,No,Yes,0,,,
mReasoner,63885,conditional,single-choice,7,All B are C/No A are B,Yes/No,No,Yes,0,,,
mReasoner,63885,conditional,single-choice,8,All B are C/All A are C,Yes/No,No,Yes,0,,,
mReasoner,63885,conditional,single-choice,9,All B are C/No A are C,Yes/No,No,Yes,0,,,
mReasoner,63885,conditional,single-choice,10,All B are C/No A are C,Yes/No,No,Yes,0,,,
mReasoner,63885,conditional,single-choice,11,All B are C/No A are B,Yes/No,Yes,Yes,1,,,
mReasoner,63885,conditional,single-choice,12,All B are C/All A are B,Yes/No,No,Yes,0,,,
mReasoner,63885,conditional,single-choice,13,All B are C/No A are B,Yes/No,Yes,Yes,1,,,
mReasoner,63885,conditional,single-choice,14,All B are C/No A are C,Yes/No,No,Yes,0,,,
mReasoner,63885,conditional,single-choice,15,All B are C/No A are C,Yes/No,No,Yes,0,,,
mReasoner,63885,conditional,single-choice,16,All B are C/No A are C,Yes/No,No,Yes,0,,,
mReasoner,63885,conditional,single-choice,17,All B are C/All A are B,Yes/No,No,Yes,0,,,
mReasoner,63885,conditional,single-choice,18,All B are C/All A are B,Yes/No,No,Yes,0,,,
mReasoner,63885,conditional,single-choice,19,All B are C/No A are B,Yes/No,Yes,Yes,1,,,
mReasoner,63885,conditional,single-choice,20,All B are C/All A are C,Yes/No,No,Yes,0,,,
mReasoner,63885,conditional,single-choice,21,All B are C/All A are B,Yes/No,Yes,Yes,1,,,
mReasoner,63885,conditional,single-choice,22,All B are C/All A are C,Yes/No,No,Yes,0,,,
mReasoner,63885,conditional,single-choice,23,All B are C/No A are C,Yes/No,No,Yes,0,,,
mReasoner,63885,conditional,single-choice,24,All B are C/No A are C,Yes/No,No,Yes,0,,,
mReasoner,63885,conditional,single-choice,25,All B are C/All A are C,Yes/No,Yes,Yes,1,,,
mReasoner,63885,conditional,single-choice,26,All B are C/No A are B,Yes/No,Yes,Yes,1,,,
mReasoner,63885,conditional,single-choice,27,All B are C/No A are C,Yes/No,Yes,Yes,1,,,
mReasoner,63885,conditional,single-choice,28,All B are C/All A are C,Yes/No,No,Yes,0,,,
mReasoner,63885,conditional,single-choice,29,All B are C/All A are B,Yes/No,Yes,Yes,1,,,
mReasoner,63885,conditional,single-choice,30,All B are C/No A are C,Yes/No,Yes,Yes,1,,,
mReasoner,63885,conditional,single-choice,31,All B are C/All A are B,Yes/No,No,Yes,0,,,
mReasoner,63885,conditional,single-choice,32,All B are C/No A are C,Yes/No,No,Yes,0,,,
mReasoner,63885,conditional,single-choice,33,All B are C/All A are C,Yes/No,No,Yes,0,,,
mReasoner,63885,conditional,single-choice,34,All B are C/No A are C,Yes/No,No,Yes,0,,,
mReasoner,63885,conditional,single-choice,35,All B are C/No A are B,Yes/No,No,Yes,0,,,
mReasoner,63885,conditional,single-choice,36,All B are C/All A are B,Yes/No,Yes,Yes,1,,,
mReasoner,63885,conditional,single-choice,37,All B are C/No A are B,Yes/No,Yes,Yes,1,,,
mReasoner,63885,conditional,single-choice,38,All B are C/All A are B,Yes/No,Yes,Yes,1,,,
mReasoner,63885,conditional,single-choice,39,All B are C/All A are B,Yes/No,Yes,Yes,1,,,
mReasoner,63885,conditional,single-choice,40,All B are C/No A are B,Yes/No,No,Yes,0,,,
mReasoner,63885,conditional,single-choice,41,All B are C/No A are B,Yes/No,No,Yes,0,,,
mReasoner,63885,conditional,single-choice,42,All B are C/No A are B,Yes/No,No,Yes,0,,,
mReasoner,63885,conditional,single-choice,43,All B are C/All A are C,Yes/No,No,Yes,0,,,
mReasoner,63885,conditional,single-choice,44,All B are C/All A are C,Yes/No,No,Yes,0,,,
mReasoner,63885,conditional,single-choice,45,All B are C/No A are B,Yes/No,No,Yes,0,,,
mReasoner,63885,conditional,single-choice,46,All B are C/No A are B,Yes/No,No,Yes,0,,,
mReasoner,63885,conditional,single-choice,47,All B are C/All A are B,Yes/No,Yes,Yes,1,,,
mReasoner,63885,conditional,single-choice,48,All B are C/No A are C,Yes/No,No,Yes,0,,,
mReasoner,63885,conditional,single-choice,49,All B are C/All A are C,Yes/No,Yes,Yes,1,,,
mReasoner,63885,conditional,single-choice,50,All B are C/All A are C,Yes/No,Yes,Yes,1,,,
mReasoner,63885,conditional,single-choice,51,All B are C/All A are B,Yes/No,Yes,Yes,1,,,
mReasoner,63885,conditional,single-choice,52,All B are C/All A are B,Yes/No,No,Yes,0,,,
mReasoner,63885,conditional,single-choice,53,All B are C/All A are C,Yes/No,Yes,Yes,1,,,
mReasoner,63885,conditional,single-choice,54,All B are C/All A are C,Yes/No,No,Yes,0,,,
mReasoner,63885,conditional,single-choice,55,All B are C/All A are C,Yes/No,Yes,Yes,1,,,
mReasoner,63885,conditional,single-choice,56,All B are C/No A are C,Yes/No,No,Yes,0,,,
mReasoner,63885,conditional,single-choice,57,All B are C/All A are B,Yes/No,No,Yes,0,,,
mReasoner,63885,conditional,single-choice,58,All B are C/No A are B,Yes/No,No,Yes,0,,,
mReasoner,63885,conditional,single-choice,59,All B are C/No A are B,Yes/No,Yes,Yes,1,,,
mReasoner,63885,conditional,single-choice,60,All B are C/All A are C,Yes/No,Yes,Yes,1,,,
mReasoner,63885,conditional,single-choice,61,All B are C/No A are B,Yes/No,Yes,Yes,1,,,
mReasoner,63885,conditional,single-choice,62,All B are C/No A are B,Yes/No,No,Yes,0,,,
mReasoner,63885,conditional,single-choice,63,All B are C/All A are B,Yes/No,Yes,Yes,1,,,
mReasoner,63885,conditional,single-choice,64,All B are C/All A are C,Yes/No,Yes,Yes,1,,,
mReasoner,63954,conditional,single-choice,1,All B are C/No A are C,Yes/No,Yes,Yes,1,,,
mReasoner,63954,conditional,single-choice,2,All B are C/No A are C,Yes/No,Yes,Yes,1,,,
mReasoner,63954,conditional,single-choice,3,All B are C/All A are B,Yes/No,Yes,Yes,1,,,
mReasoner,63954,conditional,single-choice,4,All B are C/No A are C,Yes/No,Yes,Yes,1,,,
mReasoner,63954,conditional,single-choice,5,All B are C/No A are C,Yes/No,Yes,Yes,1,,,
mReasoner,63954,conditional,single-choice,6,All B are C/All A are C,Yes/No,Yes,Yes,1,,,
mReasoner,63954,conditional,single-choice,7,All B are C/All A are C,Yes/No,No,Yes,0,,,
mReasoner,63954,conditional,single-choice,8,All B are C/All A are C,Yes/No,No,Yes,0,,,
mReasoner,63954,conditional,single-choice,9,All B are C/All A are B,Yes/No,Yes,Yes,1,,,
mReasoner,63954,conditional,single-choice,10,All B are C/No A are B,Yes/No,No,Yes,0,,,
mReasoner,63954,conditional,single-choice,11,All B are C/No A are C,Yes/No,Yes,Yes,1,,,
mReasoner,63954,conditional,single-choice,12,All B are C/All A are C,Yes/No,Yes,Yes,1,,,
mReasoner,63954,conditional,single-choice,13,All B are C/No A are B,Yes/No,No,Yes,0,,,
mReasoner,63954,conditional,single-choice,14,All B are C/All A are C,Yes/No,Yes,Yes,1,,,
mReasoner,63954,conditional,single-choice,15,All B are C/All A are B,Yes/No,Yes,Yes,1,,,
mReasoner,63954,conditional,single-choice,16,All B are C/All A are B,Yes/No,Yes,Yes,1,,,
mReasoner,63954,conditional,single-choice,17,All B are C/No A are B,Yes/No,Yes,Yes,1,,,
mReasoner,63954,conditional,single-choice,18,All B are C/No A are C,Yes/No,Yes,Yes,1,,,
mReasoner,63954,conditional,single-choice,19,All B are C/No A are B,Yes/No,Yes,Yes,1,,,
mReasoner,63954,conditional,single-choice,20,All B are C/All A are C,Yes/No,No,Yes,0,,,
mReasoner,63954,conditional,single-choice,21,All B are C/No A are C,Yes/No,Yes,Yes,1,,,
mReasoner,63954,conditional,single-choice,22,All B are C/No A are B,Yes/No,Yes,Yes,1,,,
mReasoner,63954,conditional,single-choice,23,All B are C/All A are B,Yes/No,Yes,Yes,1,,,
mReasoner,63954,conditional,single-choice,24,All B are C/All A are B,Yes/No,Yes,Yes,1,,,
mReasoner,63954,conditional,single-choice,25,All B are C/No A are B,Yes/No,No,Yes,0,,,
mReasoner,63954,conditional,single-choice,26,All B are C/No A are C,Yes/No,Yes,Yes,1,,,
mReasoner,63954,conditional,single-choice,27,All B are C/All A are C,Yes/No,Yes,Yes,1,,,
mReasoner,63954,conditional,single-choice,28,All B are C/All A are B,Yes/No,Yes,Yes,1,,,
mReasoner,63954,conditional,single-choice,29,All B are C/All A are B,Yes/No,Yes,Yes,1,,,
mReasoner,63954,conditional,single-choice,30,All B are C/No A are B,Yes/No,Yes,Yes,1,,,
mReasoner,63954,conditional,single-choice,31,All B are C/All A are C,Yes/No,No,Yes,0,,,
mReasoner,63954,conditional,single-choice,32,All B are C/All A are C,Yes/No,Yes,Yes,1,,,
mReasoner,63954,conditional,single-choice,33,All B are C/No A are B,Yes/No,Yes,Yes,1,,,
mReasoner,63954,conditional,single-choice,34,All B are C/All A are C,Yes/No,No,Yes,0,,,
mReasoner,63954,conditional,single-choice,35,All B are C/No A are C,Yes/No,Yes,Yes,1,,,
mReasoner,63954,conditional,single-choice,36,All B are C/No A are B,Yes/No,No,Yes,0,,,
mReasoner,63954,conditional,single-choice,37,All B are C/All A are B,Yes/No,Yes,Yes,1,,,
mReasoner,63954,conditional,single-choice,38,All B are C/All A are C,Yes/No,Yes,Yes,1,,,
mReasoner,63954,conditional,single-choice,39,All B are C/All A are C,Yes/No,Yes,Yes,1,,,
mReasoner,63954,conditional,single-choice,40,All B are C/No A are B,Yes/No,No,Yes,0,,,
mReasoner,63954,conditional,single-choice,41,All B are C/All A are B,Yes/No,Yes,Yes,1,,,
mReasoner,63954,conditional,single-choice,42,All B are C/All A are B,Yes/No,Yes,Yes,1,,,
mReasoner,63954,conditional,single-choice,43,All B are C/All A are B,Yes/No,Yes,Yes,1,,,
mReasoner,63954,conditional,single-choice,44,All B are C/No A are C,Yes/No,Yes,Yes,1,,,
mReasoner,63954,conditional,single-choice,45,All B are C/No A are B,Yes/No,No,Yes,0,,,
mReasoner,63954,conditional,single-choice,46,All B are C/No A are C,Yes/No,Yes,Yes,1,,,
mReasoner,63954,conditional,single-choice,47,All B are C/All A are B,Yes/No,Yes,Yes,1,,,
mReasoner,63954,conditional,single-choice,48,All B are C/All A are C,Yes/No,No,Yes,0,,,
mReasoner,63954,conditional,single-choice,49,All B are C/All A are C,Yes/No,No,Yes,0,,,
mReasoner,63954,conditional,single-choice,50,All B are C/All A are B,Yes/No,Yes,Yes,1,,,
mReasoner,63954,conditional,single-choice,51,All B are C/No A are C,Yes/No,Yes,Yes,1,,,
mReasoner,63954,conditional,single-choice,52,All B are C/No A are B,Yes/No,No,Yes,0,,,
mReasoner,63954,conditional,single-choice,53,All B are C/All A are B,Yes/No,Yes,Yes,1,,,
mReasoner,63954,conditional,single-choice,54,All B are C/No A are C,Yes/No,Yes,Yes,1,,,
mReasoner,63954,conditional,single-choice,55,All B are C/No A are C,Yes/No,Yes,Yes,1,,,
mReasoner,63954,conditional,single-choice,56,All B are C/No A are C,Yes/No,Yes,Yes,1,,,
mReasoner,63954,conditional,single-choice,57,All B are C/No A are C,Yes/No,Yes,Yes,1,,,
mReasoner,63954,conditional,single-choice,58,All B are C/All A are C,Yes/No,No,Yes,0,,,
mReasoner,63954,conditional,single-choice,59,All B are C/No A are B,Yes/No,No,Yes,0,,,
mReasoner,63954,conditional,single-choice,60,All B are C/No A are B,Yes/No,No,Yes,0,,,
mReasoner,63954,conditional,single-choice,61,All B are C/All A are C,Yes/No,Yes,Yes,1,,,
mReasoner,63954,conditional,single-choice,62,All B are C/No A are B,Yes/No,Yes,Yes,1,,,
mReasoner,63954,conditional,single-choice,63,All B are C/All A are B,Yes/No,Yes,Yes,1,,,
mReasoner,63954,conditional,single-choice,64,All B are C/No A are B,Yes/No,Yes,Yes,1,,,
mReasoner,63969,conditional,single-choice,1,All B are C/No A are B,Yes/No,Yes,Yes,1,,,
mReasoner,63969,conditional,single-choice,2,All B are C/No A are B,Yes/No,Yes,Yes,1,,,
mReasoner,63969,conditional,single-choice,3,All B are C/No A are C,Yes/No,Yes,Yes,1,,,
mReasoner,63969,conditional,single-choice,4,All B are C/All A are C,Yes/No,Yes,Yes,1,,,
mReasoner,63969,conditional,single-choice,5,All B are C/No A are B,Yes/No,No,Yes,0,,,
mReasoner,63969,conditional,single-choice,6,All B are C/All A are C,Yes/No,Yes,Yes,1,,,
mReasoner,63969,conditional,single-choice,7,All B are C/All A are C,Yes/No,Yes,Yes,1,,,
mReasoner,63969,conditional,single-choice,8,All B are C/All A are C,Yes/No,Yes,Yes,1,,,
mReasoner,63969,conditional,single-choice,9,All B are C/No A are B,Yes/No,No,Yes,0,,,
mReasoner,63969,conditional,single-choice,10,All B are C/No A are B,Yes/No,Yes,Yes,1,,,
mReasoner,63969,conditional,single-choice,11,All B are C/No A are C,Yes/No,Yes,Yes,1,,,
mReasoner,63969,conditional,single-choice,12,All B are C/No A are C,Yes/No,Yes,Yes,1,,,
mReasoner,63969,conditional,single-choice,13,All B are C/All A are C,Yes/No,Yes,Yes,1,,,
mReasoner,63969,conditional,single-choice,14,All B are C/No A are C,Yes/No,Yes,Yes,1,,,
mReasoner,63969,conditional,single-choice,15,All B are C/All A are C,Yes/No,Yes,Yes,1,,,
mReasoner,63969,conditional,single-choice,16,All B are C/All A are B,Yes/No,Yes,Yes,1,,,
mReasoner,63969,conditional,single-choice,17,All B are C/No A are B,Yes/No,Yes,Yes,1,,,
mReasoner,63969,conditional,single-choice,18,All B are C/All A are B,Yes/No,Yes,Yes,1,,,
mReasoner,63969,conditional,single-choice,19,All B are C/All A are C,Yes/No,Yes,Yes,1,,,
mReasoner,63969,conditional,single-choice,20,All B are C/No A are C,Yes/No,No,Yes,0,,,
mReasoner,63969,conditional,single-choice,21,All B are C/All A are B,Yes/No,Yes,Yes,1,,,
mReasoner,63969,conditional,single-choice,22,All B are C/All A are C,Yes/No,Yes,Yes,1,,,
mReasoner,63969,conditional,single-choice,23,All B are C/No A are C,Yes/No,Yes,Yes,1,,,
mReasoner,63969,conditional,single-choice,24,All B are C/No A are B,Yes/No,Yes,Yes,1,,,
mReasoner,63969,conditional,single-choice,25,All B are C/No A are C,Yes/No,No,Yes,0,,,
mReasoner,63969,conditional,single-choice,26,All B are C/All A are C,Yes/No,No,Yes,0,,,
mReasoner,63969,conditional,single-choice,27,All B are C/No A are B,Yes/No,Yes,Yes,1,,,
mReasoner,63969,conditional,single-choice,28,All B are C/No A are B,Yes/No,Yes,Yes,1,,,
mReasoner,63969,conditional,single-choice,29,All B are C/All A are B,Yes/No,Yes,Yes,1,,,
mReasoner,63969,conditional,single-choice,30,All B are C/No A are C,Yes/No,No,Yes,0,,,
mReasoner,63969,conditional,single-choice,31,All B are C/No A are C,Yes/No,Yes,Yes,1,,,
mReasoner,63969,conditional,single-choice,32,All B are C/No A are C,Yes/No,Yes,Yes,1,,,
mReasoner,63969,conditional,single-choice,33,All B are C/All A are B,Yes/No,Yes,Yes,1,,,
mReasoner,63969,conditional,single-choice,34,All B are C/No A are B,Yes/No,Yes,Yes,1,,,
mReasoner,63969,conditional,single-choice,35,All B are C/All A are C,Yes/No,Yes,Yes,1,,,
mReasoner,63969,conditional,single-choice,36,All B are C/All A are B,Yes/No,No,Yes,0,,,
mReasoner,63969,conditional,single-choice,37,All B are C/All A are B,Yes/No,Yes,Yes,1,,,
mReasoner,63969,conditional,single-choice,38,All B are C/All A are B,Yes/No,Yes,Yes,1,,,
mReasoner,63969,conditional,single-choice,39,All B are C/No A are B,Yes/No,No,Yes,0,,,
mReasoner,63969,conditional,single-choice,40,All B are C/All A are B,Yes/No,Yes,Yes,1,,,
mReasoner,63969,conditional,single-choice,41,All B are C/All A are B,Yes/No,Yes,Yes,1,,,
mReasoner,63969,conditional,single-choice,42,All B are C/All A are B,Yes/No,No,Yes,0,,,
mReasoner,63969,conditional,single-choice,43,All B are C/All A are B,Yes/No,Yes,Yes,1,,,
mReasoner,63969,conditional,single-choice,44,All B are C/All A are C,Yes/No,Yes,Yes,1,,,
mReasoner,63969,conditional,single-choice,45,All B are C/All A are B,Yes/No,No,Yes,0,,,
mReasoner,63969,conditional,single-choice,46,All B are C/No A are C,Yes/No,No,Yes,0,,,
mReasoner,63969,conditional,single-choice,47,All B are C/No A are B,Yes/No,Yes,Yes,1,,,
mReasoner,63969,conditional,single-choice,48,All B are C/No A are C,Yes/No,Yes,Yes,1,,,
mReasoner,63969,conditional,single-choice,49,All B are C/All A are B,Yes/No,No,Yes,0,,,
mReasoner,63969,conditional,single-choice,50,All B are C/All A are B,Yes/No,Yes,Yes,1,,,
mReasoner,63969,conditional,single-choice,51,All B are C/All A are B,Yes/No,Yes,Yes,1,,,
mReasoner,63969,conditional,single-choice,52,All B are C/No A are B,Yes/No,No,Yes,0,,,
mReasoner,63969,conditional,single-choice,53,All B are C/All A are C,Yes/No,Yes,Yes,1,,,
mReasoner,63969,conditional,single-choice,54,All B are C/No A are C,Yes/No,Yes,Yes,1,,,
mReasoner,63969,conditional,single-choice,55,All B are C/No A are B,Yes/No,No,Yes,0,,,
mReasoner,63969,conditional,single-choice,56,All B are C/No A are C,Yes/No,Yes,Yes,1,,,
mReasoner,63969,conditional,single-choice,57,All B are C/No A are B,Yes/No,No,Yes,0,,,
mReasoner,63969,conditional,single-choice,58,All B are C/All A are C,Yes/No,No,Yes,0,,,
mReasoner,63969,conditional,single-choice,59,All B are C/No A are C,Yes/No,Yes,Yes,1,,,
mReasoner,63969,conditional,single-choice,60,All B are C/All A are C,Yes/No,Yes,Yes,1,,,
mReasoner,63969,conditional,single-choice,61,All B are C/No A are B,Yes/No,Yes,Yes,1,,,
mReasoner,63969,conditional,single-choice,62,All B are C/All A are C,Yes/No,Yes,Yes,1,,,
mReasoner,63969,conditional,single-choice,63,All B are C/No A are C,Yes/No,Yes,Yes,1,,,
mReasoner,63969,conditional,single-choice,64,All B are C/All A are C,Yes/No,Yes,Yes,1,,,
mReasoner,63977,conditional,single-choice,1,All B are C/No A are C,Yes/No,No,Yes,0,,,
mReasoner,63977,conditional,single-choice,2,All B are C/No A are B,Yes/No,No,Yes,0,,,
mReasoner,63977,conditional,single-choice,3,All B are C/All A are B,Yes/No,Yes,Yes,1,,,
mReasoner,63977,conditional,single-choice,4,All B are C/All A are B,Yes/No,No,Yes,0,,,
mReasoner,63977,conditional,single-choice,5,All B are C/No A are C,Yes/No,Yes,Yes,1,,,
mReasoner,63977,conditional,single-choice,6,All B are C/No A are B,Yes/No,No,Yes,0,,,
mReasoner,63977,conditional,single-choice,7,All B are C/No A are C,Yes/No,Yes,Yes,1,,,
mReasoner,63977,conditional,single-choice,8,All B are C/All A are B,Yes/No,Yes,Yes,1,,,
mReasoner,63977,conditional,single-choice,9,All B are C/No A are C,Yes/No,No,Yes,0,,,
mReasoner,63977,conditional,single-choice,10,All B are C/No A are C,Yes/No,Yes,Yes,1,,,
mReasoner,63977,conditional,single-choice,11,All B are C/No A are C,Yes/No,No,Yes,0,,,
mReasoner,63977,conditional,single-choice,12,All B are C/No A are C,Yes/No,No,Yes,0,,,
mReasoner,63977,conditional,single-choice,13,All B are C/No A are B,Yes/No,Yes,Yes,1,,,
mReasoner,63977,conditional,single-choice,14,All B are C/All A are C,Yes/No,Yes,Yes,1,,,
mReasoner,63977,conditional,single-choice,15,All B are C/No A are B,Yes/No,No,Yes,0,,,
mReasoner,63977,conditional,single-choice,16,All B are C/All A are B,Yes/No,Yes,Yes,1,,,
mReasoner,63977,conditional,single-choice,17,All B are C/All A are C,Yes/No,Yes,Yes,1,,,
mReasoner,63977,conditional,single-choice,18,All B are C/No A are B,Yes/No,Yes,Yes,1,,,
mReasoner,63977,conditional,single-choice,19,All B are C/All A are B,Yes/No,Yes,Yes,1,,,
mReasoner,63977,conditional,single-choice,20,All B are C/All A are C,Yes/No,No,Yes,0,,,
mReasoner,63977,conditional,single-choice,21,All B are C/No A are B,Yes/No,Yes,Yes,1,,,
mReasoner,63977,conditional,single-choice,22,All B are C/No A are B,Yes/No,No,Yes,0,,,
mReasoner,63977,conditional,single-choice,23,All B are C/All A are B,Yes/No,Yes,Yes,1,,,
mReasoner,63977,conditional,single-choice,24,All B are C/No A are B,Yes/No,Yes,Yes,1,,,
mReasoner,63977,conditional,single-choice,25,All B are C/No A are B,Yes/No,Yes,Yes,1,,,
mReasoner,63977,conditional,single-choice,26,All B are C/All A are C,Yes/No,Yes,Yes,1,,,
mReasoner,63977,conditional,single-choice,27,All B are C/No A are C,Yes/No,Yes,Yes,1,,,
mReasoner,63977,conditional,single-choice,28,All B are C/No A are C,Yes/No,Yes,Yes,1,,,
mReasoner,63977,conditional,single-choice,29,All B are C/All A are C,Yes/No,Yes,Yes,1,,,
mReasoner,63977,conditional,single-choice,30,All B are C/All A are B,Yes/No,Yes,Yes,1,,,
mReasoner,63977,conditional,single-choice,31,All B are C/All A are B,Yes/No,Yes,Yes,1,,,
mReasoner,63977,conditional,single-choice,32,All B are C/All A are C,Yes/No,Yes,Yes,1,,,
mReasoner,63977,conditional,single-choice,33,All B are C/All A are B,Yes/No,Yes,Yes,1,,,
mReasoner,63977,conditional,single-choice,34,All B are C/All A are C,Yes/No,Yes,Yes,1,,,
mReasoner,63977,conditional,single-choice,35,All B are C/All A are B,Yes/No,Yes,Yes,1,,,
mReasoner,63977,conditional,single-choice,36,All B are C/All A are C,Yes/No,Yes,Yes,1,,,
mReasoner,63977,conditional,single-choice,37,All B are C/All A are B,Yes/No,Yes,Yes,1,,,
mReasoner,63977,conditional,single-choice,38,All B are C/All A are C,Yes/No,No,Yes,0,,,
mReasoner,63977,conditional,single-choice,39,All B are C/All A are B,Yes/No,Yes,Yes,1,,,
mReasoner,63977,conditional,single-choice,40,All B are C/No A are B,Yes/No,Yes,Yes,1,,,
mReasoner,63977,conditional,single-choice,41,All B are C/No A are C,Yes/No,Yes,Yes,1,,,
mReasoner,63977,conditional,single-choice,42,All B are C/All A are C,Yes/No,No,Yes,0,,,
mReasoner,63977,conditional,single-choice,43,All B are C/All A are B,Yes/No,Yes,Yes,1,,,
mReasoner,63977,conditional,single-choice,44,All B are C/All A are C,Yes/No,Yes,Yes,1,,,
mReasoner,63977,conditional,single-choice,45,All B are C/All A are C,Yes/No,Yes,Yes,1,,,
mReasoner,63977,conditional,single-choice,46,All B are C/No A are B,Yes/No,No,Yes,0,,,
mReasoner,63977,conditional,single-choice,47,All B are C/No A are C,Yes/No,Yes,Yes,1,,,
mReasoner,63977,conditional,single-choice,48,All B are C/All A are B,Yes/No,Yes,Yes,1,,,
mReasoner,63977,conditional,single-choice,49,All B are C/All A are C,Yes/No,No,Yes,0,,,
mReasoner,63977,conditional,single-choice,50,All B are C/No A are C,Yes/No,Yes,Yes,1,,,
mReasoner,63977,conditional,single-choice,51,All B are C/No A are C,Yes/No,Yes,Yes,1,,,
mReasoner,63977,conditional,single-choice,52,All B are C/No A are B,Yes/No,No,Yes,0,,,
mReasoner,63977,conditional,single-choice,53,All B are C/All A are C,Yes/No,No,Yes,0,,,
mReasoner,63977,conditional,single-choice,54,All B are C/No A are B,Yes/No,Yes,Yes,1,,,
mReasoner,63977,conditional,single-choice,55,All B are C/All A are C,Yes/No,No,Yes,0,,,
mReasoner,63977,conditional,single-choice,56,All B are C/All A are C,Yes/No,No,Yes,0,,,
mReasoner,63977,conditional,single-choice,57,All B are C/No A are C,Yes/No,Yes,Yes,1,,,
mReasoner,63977,conditional,single-choice,58,All B are C/All A are B,Yes/No,Yes,Yes,1,,,
mReasoner,63977,conditional,single-choice,59,All B are C/No A are B,Yes/No,Yes,Yes,1,,,
mReasoner,63977,conditional,single-choice,60,All B are C/No A are B,Yes/No,No,Yes,0,,,
mReasoner,63977,conditional,single-choice,61,All B are C/No A are C,Yes/No,Yes,Yes,1,,,
mReasoner,63977,conditional,single-choice,62,All B are C/All A are B,Yes/No,Yes,Yes,1,,,
mReasoner,63977,conditional,single-choice,63,All B are C/No A are B,Yes/No,Yes,Yes,1,,,
mReasoner,63977,conditional,single-choice,64,All B are C/No A are C,Yes/No,Yes,Yes,1,,,
mReasoner,63978,conditional,single-choice,1,All B are C/All A are B,Yes/No,Yes,Yes,1,,,
mReasoner,63978,conditional,single-choice,2,All B are C/No A are B,Yes/No,Yes,Yes,1,,,
mReasoner,63978,conditional,single-choice,3,All B are C/No A are C,Yes/No,Yes,Yes,1,,,
mReasoner,63978,conditional,single-choice,4,All B are C/No A are C,Yes/No,Yes,Yes,1,,,
mReasoner,63978,conditional,single-choice,5,All B are C/All A are C,Yes/No,No,Yes,0,,,
mReasoner,63978,conditional,single-choice,6,All B are C/No A are C,Yes/No,Yes,Yes,1,,,
mReasoner,63978,conditional,single-choice,7,All B are C/No A are B,Yes/No,Yes,Yes,1,,,
mReasoner,63978,conditional,single-choice,8,All B are C/No A are B,Yes/No,Yes,Yes,1,,,
mReasoner,63978,conditional,single-choice,9,All B are C/All A are C,Yes/No,Yes,Yes,1,,,
mReasoner,63978,conditional,single-choice,10,All B are C/All A are B,Yes/No,Yes,Yes,1,,,
mReasoner,63978,conditional,single-choice,11,All B are C/All A are B,Yes/No,Yes,Yes,1,,,
mReasoner,63978,conditional,single-choice,12,All B are C/All A are C,Yes/No,No,Yes,0,,,
mReasoner,63978,conditional,single-choice,13,All B are C/No A are C,Yes/No,Yes,Yes,1,,,
mReasoner,63978,conditional,single-choice,14,All B are C/All A are B,Yes/No,Yes,Yes,1,,,
mReasoner,63978,conditional,single-choice,15,All B are C/No A are B,Yes/No,Yes,Yes,1,,,
mReasoner,63978,conditional,single-choice,16,All B are C/All A are B,Yes/No,Yes,Yes,1,,,
mReasoner,63978,conditional,single-choice,17,All B are C/All A are B,Yes/No,Yes,Yes,1,,,
mReasoner,63978,conditional,single-choice,18,All B are C/All A are C,Yes/No,Yes,Yes,1,,,
mReasoner,63978,conditional,single-choice,19,All B are C/All A are C,Yes/No,Yes,Yes,1,,,
mReasoner,63978,conditional,single-choice,20,All B are C/All A are B,Yes/No,Yes,Yes,1,,,
mReasoner,63978,conditional,single-choice,21,All B are C/No A are C,Yes/No,Yes,Yes,1,,,
mReasoner,63978,conditional,single-choice,22,All B are C/All A are B,Yes/No,Yes,Yes,1,,,
mReasoner,63978,conditional,single-choice,23,All B are C/All A are C,Yes/No,Yes,Yes,1,,,
mReasoner,63978,conditional,single-choice,24,All B are C/No A are B,Yes/No,No,Yes,0,,,
mReasoner,63978,conditional,single-choice,25,All B are C/No A are B,Yes/No,Yes,Yes,1,,,
mReasoner,63978,conditional,single-choice,26,All B are C/All A are C,Yes/No,Yes,Yes,1,,,
mReasoner,63978,conditional,single-choice,27,All B are C/No A are C,Yes/No,Yes,Yes,1,,,
mReasoner,63978,conditional,single-choice,28,All B are C/No A are C,Yes/No,No,Yes,0,,,
mReasoner,63978,conditional,single-choice,29,All B are C/No A are C,Yes/No,No,Yes,0,,,
mReasoner,63978,conditional,single-choice,30,All B are C/No A are C,Yes/No,Yes,Yes,1,,,
mReasoner,63978,conditional,single-choice,31,All B are C/No A are B,Yes/No,No,Yes,0,,,
mReasoner,63978,conditional,single-choice,32,All B are C/All A are B,Yes/No,Yes,Yes,1,,,
mReasoner,63978,conditional,single-choice,33,All B are C/No A are B,Yes/No,No,Yes,0,,,
mReasoner,63978,conditional,single-choice,34,All B are C/All A are B,Yes/No,Yes,Yes,1,,,
mReasoner,63978,conditional,single-choice,35,All B are C/All A are B,Yes/No,No,Yes,0,,,
mReasoner,63978,conditional,single-choice,36,All B are C/No A are C,Yes/No,No,Yes,0,,,
mReasoner,63978,conditional,single-choice,37,All B are C/No A are B,Yes/No,No,Yes,0,,,
mReasoner,63978,conditional,single-choice,38,All B are C/All A are B,Yes/No,No,Yes,0,,,
mReasoner,63978,conditional,single-choice,39,All B are C/All A are C,Yes/No,Yes,Yes,1,,,
mReasoner,63978,conditional,single-choice,40,All B are C/All A are C,Yes/No,Yes,Yes,1,,,
mReasoner,63978,conditional,single-choice,41,All B are C/No A are B,Yes/No,Yes,Yes,1,,,
mReasoner,63978,conditional,single-choice,42,All B are C/No A are C,Yes/No,Yes,Yes,1,,,
mReasoner,63978,conditional,single-choice,43,All B are C/All A are B,Yes/No,Yes,Yes,1,,,
mReasoner,63978,conditional,single-choice,44,All B are C/All A are C,Yes/No,Yes,Yes,1,,,
mReasoner,63978,conditional,single-choice,45,All B are C/No A are B,Yes/No,Yes,Yes,1,,,
mReasoner,63978,conditional,single-choice,46,All B are C/No A are B,Yes/No,Yes,Yes,1,,,
mReasoner,63978,conditional,single-choice,47,All B are C/All A are B,Yes/No,Yes,Yes,1,,,
mReasoner,63978,conditional,single-choice,48,All B are C/All A are C,Yes/No,Yes,Yes,1,,,
mReasoner,63978,conditional,single-choice,49,All B are C/No A are C,Yes/No,No,Yes,0,,,
mReasoner,63978,conditional,single-choice,50,All B are C/No A are B,Yes/No,Yes,Yes,1,,,
mReasoner,63978,conditional,single-choice,51,All B are C/All A are C,Yes/No,Yes,Yes,1,,,
mReasoner,63978,conditional,single-choice,52,All B are C/All A are B,Yes/No,No,Yes,0,,,
mReasoner,63978,conditional,single-choice,53,All B are C/No A are C,Yes/No,No,Yes,0,,,
mReasoner,63978,conditional,single-choice,54,All B are C/No A are B,Yes/No,Yes,Yes,1,,,
mReasoner,63978,conditional,single-choice,55,All B are C/All A are C,Yes/No,Yes,Yes,1,,,
mReasoner,63978,conditional,single-choice,56,All B are C/No A are C,Yes/No,Yes,Yes,1,,,
mReasoner,63978,conditional,single-choice,57,All B are C/No A are B,Yes/No,No,Yes,0,,,
mReasoner,63978,conditional,single-choice,58,All B are C/No A are B,Yes/No,Yes,Yes,1,,,
mReasoner,63978,conditional,single-choice,59,All B are C/All A are C,Yes/No,Yes,Yes,1,,,
mReasoner,63978,conditional,single-choice,60,All B are C/All A are C,Yes/No,Yes,Yes,1,,,
mReasoner,63978,conditional,single-choice,61,All B are C/All A are B,Yes/No,No,Yes,0,,,
mReasoner,63978,conditional,single-choice,62,All B are C/No A are C,Yes/No,Yes,Yes,1,,,
mReasoner,63978,conditional,single-choice,63,All B are C/All A are C,Yes/No,Yes,Yes,1,,,
mReasoner,63978,conditional,single-choice,64,All B are C/No A are C,Yes/No,Yes,Yes,1,,,
mReasoner,64012,conditional,single-choice,1,All B are C/No A are B,Yes/No,Yes,Yes,1,,,
mReasoner,64012,conditional,single-choice,2,All B are C/No A are C,Yes/No,No,Yes,0,,,
mReasoner,64012,conditional,single-choice,3,All B are C/All A are C,Yes/No,No,Yes,0,,,
mReasoner,64012,conditional,single-choice,4,All B are C/All A are C,Yes/No,No,Yes,0,,,
mReasoner,64012,conditional,single-choice,5,All B are C/No A are C,Yes/No,Yes,Yes,1,,,
mReasoner,64012,conditional,single-choice,6,All B are C/No A are C,Yes/No,Yes,Yes,1,,,
mReasoner,64012,conditional,single-choice,7,All B are C/No A are C,Yes/No,Yes,Yes,1,,,
mReasoner,64012,conditional,single-choice,8,All B are C/All A are C,Yes/No,No,Yes,0,,,
mReasoner,64012,conditional,single-choice,9,All B are C/No A are B,Yes/No,No,Yes,0,,,
mReasoner,64012,conditional,single-choice,10,All B are C/All A are B,Yes/No,No,Yes,0,,,
mReasoner,64012,conditional,single-choice,11,All B are C/All A are C,Yes/No,No,Yes,0,,,
mReasoner,64012,conditional,single-choice,12,All B are C/All A are C,Yes/No,No,Yes,0,,,
mReasoner,64012,conditional,single-choice,13,All B are C/All A are B,Yes/No,Yes,Yes,1,,,
mReasoner,64012,conditional,single-choice,14,All B are C/No A are C,Yes/No,Yes,Yes,1,,,
mReasoner,64012,conditional,single-choice,15,All B are C/No A are C,Yes/No,Yes,Yes,1,,,
mReasoner,64012,conditional,single-choice,16,All B are C/No A are C,Yes/No,Yes,Yes,1,,,
mReasoner,64012,conditional,single-choice,17,All B are C/No A are B,Yes/No,No,Yes,0,,,
mReasoner,64012,conditional,single-choice,18,All B are C/No A are C,Yes/No,Yes,Yes,1,,,
mReasoner,64012,conditional,single-choice,19,All B are C/No A are B,Yes/No,No,Yes,0,,,
mReasoner,64012,conditional,single-choice,20,All B are C/All A are B,Yes/No,Yes,Yes,1,,,
mReasoner,64012,conditional,single-choice,21,All B are C/All A are B,Yes/No,Yes,Yes,1,,,
mReasoner,64012,conditional,single-choice,22,All B are C/No A are B,Yes/No,No,Yes,0,,,
mReasoner,64012,conditional,single-choice,23,All B are C/All A are B,Yes/No,Yes,Yes,1,,,
mReasoner,64012,conditional,single-choice,24,All B are C/No A are B,Yes/No,No,Yes,0,,,
mReasoner,64012,conditional,single-choice,25,All B are C/All A are B,Yes/No,Yes,Yes,1,,,
mReasoner,64012,conditional,single-choice,26,All B are C/No A are C,Yes/No,Yes,Yes,1,,,
mReasoner,64012,conditional,single-choice,27,All B are C/All A are B,Yes/No,Yes,Yes,1,,,
mReasoner,64012,conditional,single-choice,28,All B are C/No A are C,Yes/No,Yes,Yes,1,,,
mReasoner,64012,conditional,single-choice,29,All B are C/All A are B,Yes/No,Yes,Yes,1,,,
mReasoner,64012,conditional,single-choice,30,All B are C/All A are C,Yes/No,No,Yes,0,,,
mReasoner,64012,conditional,single-choice,31,All B are C/All A are C,Yes/No,No,Yes,0,,,
mReasoner,64012,conditional,single-choice,32,All B are C/No A are C,Yes/No,Yes,Yes,1,,,
mReasoner,64012,conditional,single-choice,33,All B are C/All A are C,Yes/No,No,Yes,0,,,
mReasoner,64012,conditional,single-choice,34,All B are C/All A are C,Yes/No,No,Yes,0,,,
mReasoner,64012,conditional,single-choice,35,All B are C/All A are C,Yes/No,No,Yes,0,,,
mReasoner,64012,conditional,single-choice,36,All B are C/No A are C,Yes/No,Yes,Yes,1,,,
mReasoner,64012,conditional,single-choice,37,All B are C/All A are B,Yes/No,Yes,Yes,1,,,
mReasoner,64012,conditional,single-choice,38,All B are C/All A are C,Yes/No,No,Yes,0,,,
mReasoner,64012,conditional,single-choice,39,All B are C/No A are B,Yes/No,No,Yes,0,,,
mReasoner,64012,conditional,single-choice,40,All B are C/All A are B,Yes/No,Yes,Yes,1,,,
mReasoner,64012,conditional,single-choice,41,All B are C/All A are B,Yes/No,Yes,Yes,1,,,
mReasoner,64012,conditional,single-choice,42,All B are C/No A are B,Yes/No,No,Yes,0,,,
mReasoner,64012,conditional,single-choice,43,All B are C/All A are C,Yes/No,No,Yes,0,,,
mReasoner,64012,conditional,single-choice,44,All B are C/All A are C,Yes/No,No,Yes,0,,,
mReasoner,64012,conditional,single-choice,45,All B are C/All A are B,Yes/No,Yes,Yes,1,,,
mReasoner,64012,conditional,single-choice,46,All B are C/No A are B,Yes/No,No,Yes,0,,,
mReasoner,64012,conditional,single-choice,47,All B are C/All A are B,Yes/No,Yes,Yes,1,,,
mReasoner,64012,conditional,single-choice,48,All B are C/No A are C,Yes/No,Yes,Yes,1,,,
mReasoner,64012,conditional,single-choice,49,All B are C/All A are B,Yes/No,Yes,Yes,1,,,
mReasoner,64012,conditional,single-choice,50,All B are C/No A are B,Yes/No,No,Yes,0,,,
mReasoner,64012,conditional,single-choice,51,All B are C/All A are C,Yes/No,No,Yes,0,,,
mReasoner,64012,conditional,single-choice,52,All B are C/No A are B,Yes/No,No,Yes,0,,,
mReasoner,64012,conditional,single-choice,53,All B are C/All A are B,Yes/No,Yes,Yes,1,,,
mReasoner,64012,conditional,single-choice,54,All B are C/No A are B,Yes/No,No,Yes,0,,,
mReasoner,64012,conditional,single-choice,55,All B are C/No A are B,Yes/No,No,Yes,0,,,
mReasoner,64012,conditional,single-choice,56,All B are C/All A are C,Yes/No,No,Yes,0,,,
mReasoner,64012,conditional,single-choice,57,All B are C/No A are C,Yes/No,No,Yes,0,,,
mReasoner,64012,conditional,single-choice,58,All B are C/All A are C,Yes/No,No,Yes,0,,,
mReasoner,64012,conditional,single-choice,59,All B are C/No A are B,Yes/No,No,Yes,0,,,
mReasoner,64012,conditional,single-choice,60,All B are C/No A are B,Yes/No,No,Yes,0,,,
mReasoner,64012,conditional,single-choice,61,All B are C/All A are B,Yes/No,No,Yes,0,,,
mReasoner,64012,conditional,single-choice,62,All B are C/No A are C,Yes/No,Yes,Yes,1,,,
mReasoner,64012,conditional,single-choice,63,All B are C/No A are C,Yes/No,Yes,Yes,1,,,
mReasoner,64012,conditional,single-choice,64,All B are C/No A are B,Yes/No,No,Yes,0,,,
mReasoner,64037,conditional,single-choice,1,All B are C/No A are C,Yes/No,Yes,Yes,1,,,
mReasoner,64037,conditional,single-choice,2,All B are C/No A are B,Yes/No,Yes,Yes,1,,,
mReasoner,64037,conditional,single-choice,3,All B are C/No A are B,Yes/No,No,Yes,0,,,
mReasoner,64037,conditional,single-choice,4,All B are C/All A are C,Yes/No,No,Yes,0,,,
mReasoner,64037,conditional,single-choice,5,All B are C/All A are C,Yes/No,No,Yes,0,,,
mReasoner,64037,conditional,single-choice,6,All B are C/No A are C,Yes/No,Yes,Yes,1,,,
mReasoner,64037,conditional,single-choice,7,All B are C/No A are B,Yes/No,No,Yes,0,,,
mReasoner,64037,conditional,single-choice,8,All B are C/All A are C,Yes/No,Yes,Yes,1,,,
mReasoner,64037,conditional,single-choice,9,All B are C/All A are B,Yes/No,Yes,Yes,1,,,
mReasoner,64037,conditional,single-choice,10,All B are C/All A are C,Yes/No,No,Yes,0,,,
mReasoner,64037,conditional,single-choice,11,All B are C/No A are C,Yes/No,Yes,Yes,1,,,
mReasoner,64037,conditional,single-choice,12,All B are C/No A are B,Yes/No,No,Yes,0,,,
mReasoner,64037,conditional,single-choice,13,All B are C/No A are B,Yes/No,Yes,Yes,1,,,
mReasoner,64037,conditional,single-choice,14,All B are C/No A are B,Yes/No,No,Yes,0,,,
mReasoner,64037,conditional,single-choice,15,All B are C/No A are C,Yes/No,Yes,Yes,1,,,
mReasoner,64037,conditional,single-choice,16,All B are C/No A are C,Yes/No,Yes,Yes,1,,,
mReasoner,64037,conditional,single-choice,17,All B are C/No A are C,Yes/No,Yes,Yes,1,,,
mReasoner,64037,conditional,single-choice,18,All B are C/All A are C,Yes/No,Yes,Yes,1,,,
mReasoner,64037,conditional,single-choice,19,All B are C/No A are C,Yes/No,Yes,Yes,1,,,
mReasoner,64037,conditional,single-choice,20,All B are C/All A are B,Yes/No,Yes,Yes,1,,,
mReasoner,64037,conditional,single-choice,21,All B are C/No A are C,Yes/No,Yes,Yes,1,,,
mReasoner,64037,conditional,single-choice,22,All B are C/All A are C,Yes/No,Yes,Yes,1,,,
mReasoner,64037,conditional,single-choice,23,All B are C/No A are B,Yes/No,Yes,Yes,1,,,
mReasoner,64037,conditional,single-choice,24,All B are C/No A are C,Yes/No,Yes,Yes,1,,,
mReasoner,64037,conditional,single-choice,25,All B are C/All A are B,Yes/No,Yes,Yes,1,,,
mReasoner,64037,conditional,single-choice,26,All B are C/No A are B,Yes/No,Yes,Yes,1,,,
mReasoner,64037,conditional,single-choice,27,All B are C/All A are C,Yes/No,Yes,Yes,1,,,
mReasoner,64037,conditional,single-choice,28,All B are C/No A are B,Yes/No,Yes,Yes,1,,,
mReasoner,64037,conditional,single-choice,29,All B are C/All A are B,Yes/No,Yes,Yes,1,,,
mReasoner,64037,conditional,single-choice,30,All B are C/No A are B,Yes/No,No,Yes,0,,,
mReasoner,64037,conditional,single-choice,31,All B are C/No A are B,Yes/No,No,Yes,0,,,
mReasoner,64037,conditional,single-choice,32,All B are C/All A are B,Yes/No,Yes,Yes,1,,,
mReasoner,64037,conditional,single-choice,33,All B are C/All A are B,Yes/No,No,Yes,0,,,
mReasoner,64037,conditional,single-choice,34,All B are C/No A are C,Yes/No,Yes,Yes,1,,,
mReasoner,64037,conditional,single-choice,35,All B are C/All A are B,Yes/No,Yes,Yes,1,,,
mReasoner,64037,conditional,single-choice,36,All B are C/All A are B,Yes/No,Yes,Yes,1,,,
mReasoner,64037,conditional,single-choice,37,All B are C/All A are C,Yes/No,Yes,Yes,1,,,
mReasoner,64037,conditional,single-choice,38,All B are C/All A are B,Yes/No,Yes,Yes,1,,,
mReasoner,64037,conditional,single-choice,39,All B are C/All A are B,Yes/No,Yes,Yes,1,,,
mReasoner,64037,conditional,single-choice,40,All B are C/No A are C,Yes/No,Yes,Yes,1,,,
mReasoner,64037,conditional,single-choice,41,All B are C/All A are C,Yes/No,No,Yes,0,,,
mReasoner,64037,conditional,single-choice,42,All B are C/All A are C,Yes/No,No,Yes,0,,,
mReasoner,64037,conditional,single-choice,43,All B are C/All A are B,Yes/No,Yes,Yes,1,,,
mReasoner,64037,conditional,single-choice,44,All B are C/All A are C,Yes/No,No,Yes,0,,,
mReasoner,64037,conditional,single-choice,45,All B are C/No A are B,Yes/No,Yes,Yes,1,,,
mReasoner,64037,conditional,single-choice,46,All B are C/No A are B,Yes/No,Yes,Yes,1,,,
mReasoner,64037,conditional,single-choice,47,All B are C/No A are C,Yes/No,Yes,Yes,1,,,
mReasoner,64037,conditional,single-choice,48,All B are C/All A are B,Yes/No,Yes,Yes,1,,,
mReasoner,64037,conditional,single-choice,49,All B are C/All A are C,Yes/No,Yes,Yes,1,,,
mReasoner,64037,conditional,single-choice,50,All B are C/No A are B,Yes/No,Yes,Yes,1,,,
mReasoner,64037,conditional,single-choice,51,All B are C/All A are C,Yes/No,Yes,Yes,1,,,
mReasoner,64037,conditional,single-choice,52,All B are C/All A are C,Yes/No,Yes,Yes,1,,,
mReasoner,64037,conditional,single-choice,53,All B are C/All A are B,Yes/No,Yes,Yes,1,,,
mReasoner,64037,conditional,single-choice,54,All B are C/All A are B,Yes/No,Yes,Yes,1,,,
mReasoner,64037,conditional,single-choice,55,All B are C/No A are C,Yes/No,Yes,Yes,1,,,
mReasoner,64037,conditional,single-choice,56,All B are C/No A are C,Yes/No,Yes,Yes,1,,,
mReasoner,64037,conditional,single-choice,57,All B are C/All A are C,Yes/No,No,Yes,0,,,
mReasoner,64037,conditional,single-choice,58,All B are C/No A are C,Yes/No,Yes,Yes,1,,,
mReasoner,64037,conditional,single-choice,59,All B are C/All A are B,Yes/No,Yes,Yes,1,,,
mReasoner,64037,conditional,single-choice,60,All B are C/No A are B,Yes/No,Yes,Yes,1,,,
mReasoner,64037,conditional,single-choice,61,All B are C/No A are C,Yes/No,Yes,Yes,1,,,
mReasoner,64037,conditional,single-choice,62,All B are C/No A are B,Yes/No,Yes,Yes,1,,,
mReasoner,64037,conditional,single-choice,63,All B are C/All A are B,Yes/No,Yes,Yes,1,,,
mReasoner,64037,conditional,single-choice,64,All B are C/All A are C,Yes/No,Yes,Yes,1,,,
mReasoner,64038,conditional,single-choice,1,All B are C/All A are C,Yes/No,Yes,Yes,1,,,
mReasoner,64038,conditional,single-choice,2,All B are C/No A are B,Yes/No,Yes,Yes,1,,,
mReasoner,64038,conditional,single-choice,3,All B are C/No A are C,Yes/No,Yes,Yes,1,,,
mReasoner,64038,conditional,single-choice,4,All B are C/All A are B,Yes/No,Yes,Yes,1,,,
mReasoner,64038,conditional,single-choice,5,All B are C/No A are B,Yes/No,Yes,Yes,1,,,
mReasoner,64038,conditional,single-choice,6,All B are C/All A are C,Yes/No,No,Yes,0,,,
mReasoner,64038,conditional,single-choice,7,All B are C/All A are C,Yes/No,Yes,Yes,1,,,
mReasoner,64038,conditional,single-choice,8,All B are C/No A are C,Yes/No,Yes,Yes,1,,,
mReasoner,64038,conditional,single-choice,9,All B are C/All A are B,Yes/No,Yes,Yes,1,,,
mReasoner,64038,conditional,single-choice,10,All B are C/All A are C,Yes/No,Yes,Yes,1,,,
mReasoner,64038,conditional,single-choice,11,All B are C/No A are B,Yes/No,Yes,Yes,1,,,
mReasoner,64038,conditional,single-choice,12,All B are C/All A are B,Yes/No,Yes,Yes,1,,,
mReasoner,64038,conditional,single-choice,13,All B are C/All A are C,Yes/No,Yes,Yes,1,,,
mReasoner,64038,conditional,single-choice,14,All B are C/All A are B,Yes/No,Yes,Yes,1,,,
mReasoner,64038,conditional,single-choice,15,All B are C/No A are B,Yes/No,Yes,Yes,1,,,
mReasoner,64038,conditional,single-choice,16,All B are C/No A are B,Yes/No,Yes,Yes,1,,,
mReasoner,64038,conditional,single-choice,17,All B are C/No A are B,Yes/No,No,Yes,0,,,
mReasoner,64038,conditional,single-choice,18,All B are C/No A are C,Yes/No,Yes,Yes,1,,,
mReasoner,64038,conditional,single-choice,19,All B are C/No A are B,Yes/No,Yes,Yes,1,,,
mReasoner,64038,conditional,single-choice,20,All B are C/No A are B,Yes/No,Yes,Yes,1,,,
mReasoner,64038,conditional,single-choice,21,All B are C/All A are C,Yes/No,Yes,Yes,1,,,
mReasoner,64038,conditional,single-choice,22,All B are C/All A are C,Yes/No,Yes,Yes,1,,,
mReasoner,64038,conditional,single-choice,23,All B are C/No A are B,Yes/No,Yes,Yes,1,,,
mReasoner,64038,conditional,single-choice,24,All B are C/All A are B,Yes/No,Yes,Yes,1,,,
mReasoner,64038,conditional,single-choice,25,All B are C/All A are B,Yes/No,Yes,Yes,1,,,
mReasoner,64038,conditional,single-choice,26,All B are C/All A are C,Yes/No,Yes,Yes,1,,,
mReasoner,64038,conditional,single-choice,27,All B are C/All A are B,Yes/No,Yes,Yes,1,,,
mReasoner,64038,conditional,single-choice,28,All B are C/All A are B,Yes/No,Yes,Yes,1,,,
mReasoner,64038,conditional,single-choice,29,All B are C/All A are C,Yes/No,Yes,Yes,1,,,
mReasoner,64038,conditional,single-choice,30,All B are C/No A are C,Yes/No,Yes,Yes,1,,,
mReasoner,64038,conditional,single-choice,31,All B are C/All A are C,Yes/No,No,Yes,0,,,
mReasoner,64038,conditional,single-choice,32,All B are C/All A are B,Yes/No,Yes,Yes,1,,,
mReasoner,64038,conditional,single-choice,33,All B are C/All A are B,Yes/No,Yes,Yes,1,,,
mReasoner,64038,conditional,single-choice,34,All B are C/No A are B,Yes/No,Yes,Yes,1,,,
mReasoner,64038,conditional,single-choice,35,All B are C/No A are B,Yes/No,Yes,Yes,1,,,
mReasoner,64038,conditional,single-choice,36,All B are C/No A are B,Yes/No,Yes,Yes,1,,,
mReasoner,64038,conditional,single-choice,37,All B are C/No A are B,Yes/No,Yes,Yes,1,,,
mReasoner,64038,conditional,single-choice,38,All B are C/No A are C,Yes/No,Yes,Yes,1,,,
mReasoner,64038,conditional,single-choice,39,All B are C/No A are C,Yes/No,Yes,Yes,1,,,
mReasoner,64038,conditional,single-choice,40,All B are C/All A are C,Yes/No,Yes,Yes,1,,,
mReasoner,64038,conditional,single-choice,41,All B are C/No A are C,Yes/No,Yes,Yes,1,,,
mReasoner,64038,conditional,single-choice,42,All B are C/All A are C,Yes/No,Yes,Yes,1,,,
mReasoner,64038,conditional,single-choice,43,All B are C/All A are C,Yes/No,Yes,Yes,1,,,
mReasoner,64038,conditional,single-choice,44,All B are C/No A are C,Yes/No,Yes,Yes,1,,,
mReasoner,64038,conditional,single-choice,45,All B are C/All A are C,Yes/No,Yes,Yes,1,,,
mReasoner,64038,conditional,single-choice,46,All B are C/All A are B,Yes/No,Yes,Yes,1,,,
mReasoner,64038,conditional,single-choice,47,All B are C/All A are C,Yes/No,Yes,Yes,1,,,
mReasoner,64038,conditional,single-choice,48,All B are C/All A are B,Yes/No,Yes,Yes,1,,,
mReasoner,64038,conditional,single-choice,49,All B are C/No A are C,Yes/No,Yes,Yes,1,,,
mReasoner,64038,conditional,single-choice,50,All B are C/All A are B,Yes/No,Yes,Yes,1,,,
mReasoner,64038,conditional,single-choice,51,All B are C/All A are C,Yes/No,Yes,Yes,1,,,
mReasoner,64038,conditional,single-choice,52,All B are C/All A are B,Yes/No,Yes,Yes,1,,,
mReasoner,64038,conditional,single-choice,53,All B are C/No A are B,Yes/No,Yes,Yes,1,,,
mReasoner,64038,conditional,single-choice,54,All B are C/No A are C,Yes/No,Yes,Yes,1,,,
mReasoner,64038,conditional,single-choice,55,All B are C/No A are C,Yes/No,Yes,Yes,1,,,
mReasoner,64038,conditional,single-choice,56,All B are C/All A are B,Yes/No,Yes,Yes,1,,,
mReasoner,64038,conditional,single-choice,57,All B are C/All A are B,Yes/No,Yes,Yes,1,,,
mReasoner,64038,conditional,single-choice,58,All B are C/No A are B,Yes/No,Yes,Yes,1,,,
mReasoner,64038,conditional,single-choice,59,All B are C/No A are C,Yes/No,Yes,Yes,1,,,
mReasoner,64038,conditional,single-choice,60,All B are C/No A are C,Yes/No,Yes,Yes,1,,,
mReasoner,64038,conditional,single-choice,61,All B are C/No A are C,Yes/No,Yes,Yes,1,,,
mReasoner,64038,conditional,single-choice,62,All B are C/No A are C,Yes/No,Yes,Yes,1,,,
mReasoner,64038,conditional,single-choice,63,All B are C/No A are C,Yes/No,Yes,Yes,1,,,
mReasoner,64038,conditional,single-choice,64,All B are C/No A are B,Yes/No,No,Yes,0,,,
mReasoner,64039,conditional,single-choice,1,All B are C/All A are B,Yes/No,Yes,Yes,1,,,
mReasoner,64039,conditional,single-choice,2,All B are C/No A are C,Yes/No,Yes,Yes,1,,,
mReasoner,64039,conditional,single-choice,3,All B are C/No A are B,Yes/No,No,Yes,0,,,
mReasoner,64039,conditional,single-choice,4,All B are C/No A are C,Yes/No,Yes,Yes,1,,,
mReasoner,64039,conditional,single-choice,5,All B are C/All A are C,Yes/No,No,Yes,0,,,
mReasoner,64039,conditional,single-choice,6,All B are C/No A are B,Yes/No,Yes,Yes,1,,,
mReasoner,64039,conditional,single-choice,7,All B are C/No A are C,Yes/No,Yes,Yes,1,,,
mReasoner,64039,conditional,single-choice,8,All B are C/All A are B,Yes/No,Yes,Yes,1,,,
mReasoner,64039,conditional,single-choice,9,All B are C/All A are C,Yes/No,No,Yes,0,,,
mReasoner,64039,conditional,single-choice,10,All B are C/All A are C,Yes/No,Yes,Yes,1,,,
mReasoner,64039,conditional,single-choice,11,All B are C/No A are C,Yes/No,No,Yes,0,,,
mReasoner,64039,conditional,single-choice,12,All B are C/No A are B,Yes/No,Yes,Yes,1,,,
mReasoner,64039,conditional,single-choice,13,All B are C/No A are B,Yes/No,Yes,Yes,1,,,
mReasoner,64039,conditional,single-choice,14,All B are C/All A are C,Yes/No,Yes,Yes,1,,,
mReasoner,64039,conditional,single-choice,15,All B are C/All A are B,Yes/No,Yes,Yes,1,,,
mReasoner,64039,conditional,single-choice,16,All B are C/No A are B,Yes/No,Yes,Yes,1,,,
mReasoner,64039,conditional,single-choice,17,All B are C/All A are B,Yes/No,Yes,Yes,1,,,
mReasoner,64039,conditional,single-choice,18,All B are C/All A are B,Yes/No,Yes,Yes,1,,,
mReasoner,64039,conditional,single-choice,19,All B are C/No A are C,Yes/No,Yes,Yes,1,,,
mReasoner,64039,conditional,single-choice,20,All B are C/All A are C,Yes/No,Yes,Yes,1,,,
mReasoner,64039,conditional,single-choice,21,All B are C/No A are B,Yes/No,Yes,Yes,1,,,
mReasoner,64039,conditional,single-choice,22,All B are C/No A are B,Yes/No,Yes,Yes,1,,,
mReasoner,64039,conditional,single-choice,23,All B are C/No A are B,Yes/No,Yes,Yes,1,,,
mReasoner,64039,conditional,single-choice,24,All B are C/All A are C,Yes/No,Yes,Yes,1,,,
mReasoner,64039,conditional,single-choice,25,All B are C/All A are B,Yes/No,Yes,Yes,1,,,
mReasoner,64039,conditional,single-choice,26,All B are C/No A are C,Yes/No,Yes,Yes,1,,,
mReasoner,64039,conditional,single-choice,27,All B are C/All A are B,Yes/No,Yes,Yes,1,,,
mReasoner,64039,conditional,single-choice,28,All B are C/No A are B,Yes/No,No,Yes,0,,,
mReasoner,64039,conditional,single-choice,29,All B are C/No A are B,Yes/No,No,Yes,0,,,
mReasoner,64039,conditional,single-choice,30,All B are C/No A are C,Yes/No,Yes,Yes,1,,,
mReasoner,64039,conditional,single-choice,31,All B are C/All A are C,Yes/No,No,Yes,0,,,
mReasoner,64039,conditional,single-choice,32,All B are C/All A are C,Yes/No,Yes,Yes,1,,,
mReasoner,64039,conditional,single-choice,33,All B are C/All A are C,Yes/No,No,Yes,0,,,
mReasoner,64039,conditional,single-choice,34,All B are C/No A are C,Yes/No,Yes,Yes,1,,,
mReasoner,64039,conditional,single-choice,35,All B are C/No A are B,Yes/No,Yes,Yes,1,,,
mReasoner,64039,conditional,single-choice,36,All B are C/All A are B,Yes/No,Yes,Yes,1,,,
mReasoner,64039,conditional,single-choice,37,All B are C/No A are C,Yes/No,No,Yes,0,,,
mReasoner,64039,conditional,single-choice,38,All B are C/No A are B,Yes/No,Yes,Yes,1,,,
mReasoner,64039,conditional,single-choice,39,All B are C/No A are C,Yes/No,Yes,Yes,1,,,
mReasoner,64039,conditional,single-choice,40,All B are C/No A are B,Yes/No,Yes,Yes,1,,,
mReasoner,64039,conditional,single-choice,41,All B are C/All A are B,Yes/No,Yes,Yes,1,,,
mReasoner,64039,conditional,single-choice,42,All B are C/No A are C,Yes/No,No,Yes,0,,,
mReasoner,64039,conditional,single-choice,43,All B are C/No A are B,Yes/No,No,Yes,0,,,
mReasoner,64039,conditional,single-choice,44,All B are C/No A are C,Yes/No,No,Yes,0,,,
mReasoner,64039,conditional,single-choice,45,All B are C/All A are C,Yes/No,No,Yes,0,,,
mReasoner,64039,conditional,single-choice,46,All B are C/All A are C,Yes/No,Yes,Yes,1,,,
mReasoner,64039,conditional,single-choice,47,All B are C/All A are C,Yes/No,Yes,Yes,1,,,
mReasoner,64039,conditional,single-choice,48,All B are C/All A are C,Yes/No,No,Yes,0,,,
mReasoner,64039,conditional,single-choice,49,All B are C/No A are C,Yes/No,No,Yes,0,,,
mReasoner,64039,conditional,single-choice,50,All B are C/All A are B,Yes/No,Yes,Yes,1,,,
mReasoner,64039,conditional,single-choice,51,All B are C/All A are C,Yes/No,Yes,Yes,1,,,
mReasoner,64039,conditional,single-choice,52,All B are C/No A are B,Yes/No,Yes,Yes,1,,,
mReasoner,64039,conditional,single-choice,53,All B are C/All A are B,Yes/No,No,Yes,0,,,
mReasoner,64039,conditional,single-choice,54,All B are C/All A are B,Yes/No,No,Yes,0,,,
mReasoner,64039,conditional,single-choice,55,All B are C/No A are C,Yes/No,No,Yes,0,,,
mReasoner,64039,conditional,single-choice,56,All B are C/No A are C,Yes/No,Yes,Yes,1,,,
mReasoner,64039,conditional,single-choice,57,All B are C/No A are B,Yes/No,No,Yes,0,,,
mReasoner,64039,conditional,single-choice,58,All B are C/All A are C,Yes/No,Yes,Yes,1,,,
mReasoner,64039,conditional,single-choice,59,All B are C/All A are C,Yes/No,Yes,Yes,1,,,
mReasoner,64039,conditional,single-choice,60,All B are C/No A are C,Yes/No,Yes,Yes,1,,,
mReasoner,64039,conditional,single-choice,61,All B are C/All A are B,Yes/No,Yes,Yes,1,,,
mReasoner,64039,conditional,single-choice,62,All B are C/All A are B,Yes/No,No,Yes,0,,,
mReasoner,64039,conditional,single-choice,63,All B are C/All A are B,Yes/No,Yes,Yes,1,,,
mReasoner,64039,conditional,single-choice,64,All B are C/All A are B,Yes/No,Yes,Yes,1,,,
mReasoner,64065,conditional,single-choice,1,All B are C/No A are C,Yes/No,Yes,Yes,1,,,
mReasoner,64065,conditional,single-choice,2,All B are C/No A are B,Yes/No,Yes,Yes,1,,,
mReasoner,64065,conditional,single-choice,3,All B are C/All A are B,Yes/No,Yes,Yes,1,,,
mReasoner,64065,conditional,single-choice,4,All B are C/No A are C,Yes/No,No,Yes,0,,,
mReasoner,64065,conditional,single-choice,5,All B are C/All A are B,Yes/No,No,Yes,0,,,
mReasoner,64065,conditional,single-choice,6,All B are C/No A are C,Yes/No,Yes,Yes,1,,,
mReasoner,64065,conditional,single-choice,7,All B are C/All A are C,Yes/No,No,Yes,0,,,
mReasoner,64065,conditional,single-choice,8,All B are C/No A are C,Yes/No,Yes,Yes,1,,,
mReasoner,64065,conditional,single-choice,9,All B are C/All A are B,Yes/No,Yes,Yes,1,,,
mReasoner,64065,conditional,single-choice,10,All B are C/No A are C,Yes/No,No,Yes,0,,,
mReasoner,64065,conditional,single-choice,11,All B are C/No A are B,Yes/No,No,Yes,0,,,
mReasoner,64065,conditional,single-choice,12,All B are C/All A are B,Yes/No,Yes,Yes,1,,,
mReasoner,64065,conditional,single-choice,13,All B are C/All A are B,Yes/No,Yes,Yes,1,,,
mReasoner,64065,conditional,single-choice,14,All B are C/No A are B,Yes/No,No,Yes,0,,,
mReasoner,64065,conditional,single-choice,15,All B are C/No A are C,Yes/No,Yes,Yes,1,,,
mReasoner,64065,conditional,single-choice,16,All B are C/No A are B,Yes/No,No,Yes,0,,,
mReasoner,64065,conditional,single-choice,17,All B are C/All A are B,Yes/No,Yes,Yes,1,,,
mReasoner,64065,conditional,single-choice,18,All B are C/All A are C,Yes/No,Yes,Yes,1,,,
mReasoner,64065,conditional,single-choice,19,All B are C/All A are B,Yes/No,No,Yes,0,,,
mReasoner,64065,conditional,single-choice,20,All B are C/No A are B,Yes/No,No,Yes,0,,,
mReasoner,64065,conditional,single-choice,21,All B are C/All A are B,Yes/No,Yes,Yes,1,,,
mReasoner,64065,conditional,single-choice,22,All B are C/All A are C,Yes/No,No,Yes,0,,,
mReasoner,64065,conditional,single-choice,23,All B are C/No A are C,Yes/No,Yes,Yes,1,,,
mReasoner,64065,conditional,single-choice,24,All B are C/All A are C,Yes/No,No,Yes,0,,,
mReasoner,64065,conditional,single-choice,25,All B are C/All A are C,Yes/No,Yes,Yes,1,,,
mReasoner,64065,conditional,single-choice,26,All B are C/All A are C,Yes/No,No,Yes,0,,,
mReasoner,64065,conditional,single-choice,27,All B are C/All A are C,Yes/No,No,Yes,0,,,
mReasoner,64065,conditional,single-choice,28,All B are C/All A are C,Yes/No,Yes,Yes,1,,,
mReasoner,64065,conditional,single-choice,29,All B are C/All A are B,Yes/No,No,Yes,0,,,
mReasoner,64065,conditional,single-choice,30,All B are C/No A are C,Yes/No,Yes,Yes,1,,,
mReasoner,64065,conditional,single-choice,31,All B are C/All A are C,Yes/No,No,Yes,0,,,
mReasoner,64065,conditional,single-choice,32,All B are C/No A are B,Yes/No,No,Yes,0,,,
mReasoner,64065,conditional,single-choice,33,All B are C/All A are C,Yes/No,No,Yes,0,,,
mReasoner,64065,conditional,single-choice,34,All B are C/No A are B,Yes/No,No,Yes,0,,,
mReasoner,64065,conditional,single-choice,35,All B are C/No A are B,Yes/No,No,Yes,0,,,
mReasoner,64065,conditional,single-choice,36,All B are C/All A are C,Yes/No,Yes,Yes,1,,,
mReasoner,64065,conditional,single-choice,37,All B are C/All A are C,Yes/No,Yes,Yes,1,,,
mReasoner,64065,conditional,single-choice,38,All B are C/No A are C,Yes/No,No,Yes,0,,,
mReasoner,64065,conditional,single-choice,39,All B are C/No A are C,Yes/No,No,Yes,0,,,
mReasoner,64065,conditional,single-choice,40,All B are C/All A are B,Yes/No,No,Yes,0,,,
mReasoner,64065,conditional,single-choice,41,All B are C/No A are C,Yes/No,Yes,Yes,1,,,
mReasoner,64065,conditional,single-choice,42,All B are C/No A are C,Yes/No,No,Yes,0,,,
mReasoner,64065,conditional,single-choice,43,All B are C/No A are C,Yes/No,No,Yes,0,,,
mReasoner,64065,conditional,single-choice,44,All B are C/No A are B,Yes/No,No,Yes,0,,,
mReasoner,64065,conditional,single-choice,45,All B are C/All A are B,Yes/No,No,Yes,0,,,
mReasoner,64065,conditional,single-choice,46,All B are C/No A are B,Yes/No,Yes,Yes,1,,,
mReasoner,64065,conditional,single-choice,47,All B are C/All A are C,Yes/No,Yes,Yes,1,,,
mReasoner,64065,conditional,single-choice,48,All B are C/All A are B,Yes/No,Yes,Yes,1,,,
mReasoner,64065,conditional,single-choice,49,All B are C/All A are B,Yes/No,Yes,Yes,1,,,
mReasoner,64065,conditional,single-choice,50,All B are C/All A are C,Yes/No,No,Yes,0,,,
mReasoner,64065,conditional,single-choice,51,All B are C/No A are C,Yes/No,No,Yes,0,,,
mReasoner,64065,conditional,single-choice,52,All B are C/No A are B,Yes/No,No,Yes,0,,,
mReasoner,64065,conditional,single-choice,53,All B are C/All A are B,Yes/No,Yes,Yes,1,,,
mReasoner,64065,conditional,single-choice,54,All B are C/No A are B,Yes/No,No,Yes,0,,,
mReasoner,64065,conditional,single-choice,55,All B are C/All A are C,Yes/No,No,Yes,0,,,
mReasoner,64065,conditional,single-choice,56,All B are C/No A are B,Yes/No,Yes,Yes,1,,,
mReasoner,64065,conditional,single-choice,57,All B are C/All A are B,Yes/No,Yes,Yes,1,,,
mReasoner,64065,conditional,single-choice,58,All B are C/All A are C,Yes/No,No,Yes,0,,,
mReasoner,64065,conditional,single-choice,59,All B are C/No A are B,Yes/No,No,Yes,0,,,
mReasoner,64065,conditional,single-choice,60,All B are C/All A are B,Yes/No,Yes,Yes,1,,,
mReasoner,64065,conditional,single-choice,61,All B are C/No A are C,Yes/No,No,Yes,0,,,
mReasoner,64065,conditional,single-choice,62,All B are C/No A are B,Yes/No,Yes,Yes,1,,,
mReasoner,64065,conditional,single-choice,63,All B are C/No A are C,Yes/No,No,Yes,0,,,
mReasoner,64065,conditional,single-choice,64,All B are C/No A are B,Yes/No,Yes,Yes,1,,,
mReasoner,64066,conditional,single-choice,1,All B are C/No A are B,Yes/No,No,Yes,0,,,
mReasoner,64066,conditional,single-choice,2,All B are C/No A are B,Yes/No,No,Yes,0,,,
mReasoner,64066,conditional,single-choice,3,All B are C/All A are B,Yes/No,No,Yes,0,,,
mReasoner,64066,conditional,single-choice,4,All B are C/All A are B,Yes/No,Yes,Yes,1,,,
mReasoner,64066,conditional,single-choice,5,All B are C/No A are B,Yes/No,Yes,Yes,1,,,
mReasoner,64066,conditional,single-choice,6,All B are C/All A are B,Yes/No,Yes,Yes,1,,,
mReasoner,64066,conditional,single-choice,7,All B are C/No A are C,Yes/No,Yes,Yes,1,,,
mReasoner,64066,conditional,single-choice,8,All B are C/No A are B,Yes/No,Yes,Yes,1,,,
mReasoner,64066,conditional,single-choice,9,All B are C/No A are C,Yes/No,Yes,Yes,1,,,
mReasoner,64066,conditional,single-choice,10,All B are C/All A are B,Yes/No,No,Yes,0,,,
mReasoner,64066,conditional,single-choice,11,All B are C/All A are B,Yes/No,Yes,Yes,1,,,
mReasoner,64066,conditional,single-choice,12,All B are C/No A are C,Yes/No,Yes,Yes,1,,,
mReasoner,64066,conditional,single-choice,13,All B are C/All A are B,Yes/No,Yes,Yes,1,,,
mReasoner,64066,conditional,single-choice,14,All B are C/No A are B,Yes/No,Yes,Yes,1,,,
mReasoner,64066,conditional,single-choice,15,All B are C/All A are B,Yes/No,Yes,Yes,1,,,
mReasoner,64066,conditional,single-choice,16,All B are C/No A are B,Yes/No,No,Yes,0,,,
mReasoner,64066,conditional,single-choice,17,All B are C/All A are C,Yes/No,No,Yes,0,,,
mReasoner,64066,conditional,single-choice,18,All B are C/No A are B,Yes/No,Yes,Yes,1,,,
mReasoner,64066,conditional,single-choice,19,All B are C/All A are B,Yes/No,Yes,Yes,1,,,
mReasoner,64066,conditional,single-choice,20,All B are C/All A are C,Yes/No,Yes,Yes,1,,,
mReasoner,64066,conditional,single-choice,21,All B are C/All A are C,Yes/No,No,Yes,0,,,
mReasoner,64066,conditional,single-choice,22,All B are C/No A are C,Yes/No,No,Yes,0,,,
mReasoner,64066,conditional,single-choice,23,All B are C/No A are C,Yes/No,Yes,Yes,1,,,
mReasoner,64066,conditional,single-choice,24,All B are C/All A are C,Yes/No,Yes,Yes,1,,,
mReasoner,64066,conditional,single-choice,25,All B are C/All A are B,Yes/No,Yes,Yes,1,,,
mReasoner,64066,conditional,single-choice,26,All B are C/All A are B,Yes/No,Yes,Yes,1,,,
mReasoner,64066,conditional,single-choice,27,All B are C/All A are C,Yes/No,No,Yes,0,,,
mReasoner,64066,conditional,single-choice,28,All B are C/No A are B,Yes/No,No,Yes,0,,,
mReasoner,64066,conditional,single-choice,29,All B are C/All A are C,Yes/No,Yes,Yes,1,,,
mReasoner,64066,conditional,single-choice,30,All B are C/No A are B,Yes/No,Yes,Yes,1,,,
mReasoner,64066,conditional,single-choice,31,All B are C/All A are C,Yes/No,Yes,Yes,1,,,
mReasoner,64066,conditional,single-choice,32,All B are C/No A are C,Yes/No,Yes,Yes,1,,,
mReasoner,64066,conditional,single-choice,33,All B are C/All A are B,Yes/No,Yes,Yes,1,,,
mReasoner,64066,conditional,single-choice,34,All B are C/No A are C,Yes/No,No,Yes,0,,,
mReasoner,64066,conditional,single-choice,35,All B are C/All A are B,Yes/No,No,Yes,0,,,
mReasoner,64066,conditional,single-choice,36,All B are C/All A are C,Yes/No,No,Yes,0,,,
mReasoner,64066,conditional,single-choice,37,All B are C/All A are C,Yes/No,No,Yes,0,,,
mReasoner,64066,conditional,single-choice,38,All B are C/All A are C,Yes/No,Yes,Yes,1,,,
mReasoner,64066,conditional,single-choice,39,All B are C/All A are C,Yes/No,Yes,Yes,1,,,
mReasoner,64066,conditional,single-choice,40,All B are C/No A are C,Yes/No,Yes,Yes,1,,,
mReasoner,64066,conditional,single-choice,41,All B are C/All A are C,Yes/No,Yes,Yes,1,,,
mReasoner,64066,conditional,single-choice,42,All B are C/All A are C,Yes/No,Yes,Yes,1,,,
mReasoner,64066,conditional,single-choice,43,All B are C/No A are C,Yes/No,Yes,Yes,1,,,
mReasoner,64066,conditional,single-choice,44,All B are C/No A are B,Yes/No,No,Yes,0,,,
mReasoner,64066,conditional,single-choice,45,All B are C/No A are B,Yes/No,No,Yes,0,,,
mReasoner,64066,conditional,single-choice,46,All B are C/No A are B,Yes/No,No,Yes,0,,,
mReasoner,64066,conditional,single-choice,47,All B are C/All A are C,Yes/No,Yes,Yes,1,,,
mReasoner,64066,conditional,single-choice,48,All B are C/No A are C,Yes/No,Yes,Yes,1,,,
mReasoner,64066,conditional,single-choice,49,All B are C/All A are C,Yes/No,Yes,Yes,1,,,
mReasoner,64066,conditional,single-choice,50,All B are C/No A are B,Yes/No,No,Yes,0,,,
mReasoner,64066,conditional,single-choice,51,All B are C/No A are C,Yes/No,Yes,Yes,1,,,
mReasoner,64066,conditional,single-choice,52,All B are C/All A are C,Yes/No,No,Yes,0,,,
mReasoner,64066,conditional,single-choice,53,All B are C/All A are B,Yes/No,Yes,Yes,1,,,
mReasoner,64066,conditional,single-choice,54,All B are C/No A are B,Yes/No,Yes,Yes,1,,,
mReasoner,64066,conditional,single-choice,55,All B are C/No A are C,Yes/No,Yes,Yes,1,,,
mReasoner,64066,conditional,single-choice,56,All B are C/No A are C,Yes/No,No,Yes,0,,,
mReasoner,64066,conditional,single-choice,57,All B are C/No A are C,Yes/No,No,Yes,0,,,
mReasoner,64066,conditional,single-choice,58,All B are C/No A are C,Yes/No,No,Yes,0,,,
mReasoner,64066,conditional,single-choice,59,All B are C/All A are B,Yes/No,Yes,Yes,1,,,
mReasoner,64066,conditional,single-choice,60,All B are C/All A are B,Yes/No,Yes,Yes,1,,,
mReasoner,64066,conditional,single-choice,61,All B are C/No A are C,Yes/No,Yes,Yes,1,,,
mReasoner,64066,conditional,single-choice,62,All B are C/All A are B,Yes/No,Yes,Yes,1,,,
mReasoner,64066,conditional,single-choice,63,All B are C/No A are B,Yes/No,Yes,Yes,1,,,
mReasoner,64066,conditional,single-choice,64,All B are C/No A are B,Yes/No,No,Yes,0,,,
mReasoner,64105,conditional,single-choice,1,All B are C/All A are C,Yes/No,No,Yes,0,,,
mReasoner,64105,conditional,single-choice,2,All B are C/No A are C,Yes/No,Yes,Yes,1,,,
mReasoner,64105,conditional,single-choice,3,All B are C/All A are C,Yes/No,Yes,Yes,1,,,
mReasoner,64105,conditional,single-choice,4,All B are C/No A are B,Yes/No,No,Yes,0,,,
mReasoner,64105,conditional,single-choice,5,All B are C/No A are C,Yes/No,No,Yes,0,,,
mReasoner,64105,conditional,single-choice,6,All B are C/All A are C,Yes/No,No,Yes,0,,,
mReasoner,64105,conditional,single-choice,7,All B are C/All A are B,Yes/No,Yes,Yes,1,,,
mReasoner,64105,conditional,single-choice,8,All B are C/No A are C,Yes/No,No,Yes,0,,,
mReasoner,64105,conditional,single-choice,9,All B are C/No A are C,Yes/No,No,Yes,0,,,
mReasoner,64105,conditional,single-choice,10,All B are C/No A are C,Yes/No,Yes,Yes,1,,,
mReasoner,64105,conditional,single-choice,11,All B are C/No A are B,Yes/No,No,Yes,0,,,
mReasoner,64105,conditional,single-choice,12,All B are C/No A are C,Yes/No,No,Yes,0,,,
mReasoner,64105,conditional,single-choice,13,All B are C/No A are B,Yes/No,No,Yes,0,,,
mReasoner,64105,conditional,single-choice,14,All B are C/All A are C,Yes/No,No,Yes,0,,,
mReasoner,64105,conditional,single-choice,15,All B are C/No A are C,Yes/No,No,Yes,0,,,
mReasoner,64105,conditional,single-choice,16,All B are C/All A are B,Yes/No,No,Yes,0,,,
mReasoner,64105,conditional,single-choice,17,All B are C/No A are B,Yes/No,No,Yes,0,,,
mReasoner,64105,conditional,single-choice,18,All B are C/No A are C,Yes/No,No,Yes,0,,,
mReasoner,64105,conditional,single-choice,19,All B are C/All A are C,Yes/No,Yes,Yes,1,,,
mReasoner,64105,conditional,single-choice,20,All B are C/All A are B,Yes/No,No,Yes,0,,,
mReasoner,64105,conditional,single-choice,21,All B are C/All A are B,Yes/No,No,Yes,0,,,
mReasoner,64105,conditional,single-choice,22,All B are C/All A are B,Yes/No,No,Yes,0,,,
mReasoner,64105,conditional,single-choice,23,All B are C/No A are C,Yes/No,Yes,Yes,1,,,
mReasoner,64105,conditional,single-choice,24,All B are C/All A are C,Yes/No,Yes,Yes,1,,,
mReasoner,64105,conditional,single-choice,25,All B are C/All A are B,Yes/No,No,Yes,0,,,
mReasoner,64105,conditional,single-choice,26,All B are C/All A are C,Yes/No,No,Yes,0,,,
mReasoner,64105,conditional,single-choice,27,All B are C/No A are B,Yes/No,No,Yes,0,,,
mReasoner,64105,conditional,single-choice,28,All B are C/No A are B,Yes/No,No,Yes,0,,,
mReasoner,64105,conditional,single-choice,29,All B are C/All A are C,Yes/No,Yes,Yes,1,,,
mReasoner,64105,conditional,single-choice,30,All B are C/No A are B,Yes/No,No,Yes,0,,,
mReasoner,64105,conditional,single-choice,31,All B are C/No A are C,Yes/No,No,Yes,0,,,
mReasoner,64105,conditional,single-choice,32,All B are C/No A are C,Yes/No,No,Yes,0,,,
mReasoner,64105,conditional,single-choice,33,All B are C/All A are B,Yes/No,Yes,Yes,1,,,
mReasoner,64105,conditional,single-choice,34,All B are C/All A are B,Yes/No,Yes,Yes,1,,,
mReasoner,64105,conditional,single-choice,35,All B are C/No A are C,Yes/No,No,Yes,0,,,
mReasoner,64105,conditional,single-choice,36,All B are C/No A are B,Yes/No,No,Yes,0,,,
mReasoner,64105,conditional,single-choice,37,All B are C/All A are B,Yes/No,Yes,Yes,1,,,
mReasoner,64105,conditional,single-choice,38,All B are C/All A are B,Yes/No,Yes,Yes,1,,,
mReasoner,64105,conditional,single-choice,39,All B are C/All A are B,Yes/No,No,Yes,0,,,
mReasoner,64105,conditional,single-choice,40,All B are C/No A are B,Yes/No,Yes,Yes,1,,,
mReasoner,64105,conditional,single-choice,41,All B are C/All A are C,Yes/No,Yes,Yes,1,,,
mReasoner,64105,conditional,single-choice,42,All B are C/All A are B,Yes/No,No,Yes,0,,,
mReasoner,64105,conditional,single-choice,43,All B are C/No A are C,Yes/No,Yes,Yes,1,,,
mReasoner,64105,conditional,single-choice,44,All B are C/All A are B,Yes/No,Yes,Yes,1,,,
mReasoner,64105,conditional,single-choice,45,All B are C/No A are B,Yes/No,No,Yes,0,,,
mReasoner,64105,conditional,single-choice,46,All B are C/No A are C,Yes/No,No,Yes,0,,,
mReasoner,64105,conditional,single-choice,47,All B are C/All A are B,Yes/No,Yes,Yes,1,,,
mReasoner,64105,conditional,single-choice,48,All B are C/All A are C,Yes/No,No,Yes,0,,,
mReasoner,64105,conditional,single-choice,49,All B are C/No A are C,Yes/No,No,Yes,0,,,
mReasoner,64105,conditional,single-choice,50,All B are C/All A are C,Yes/No,Yes,Yes,1,,,
mReasoner,64105,conditional,single-choice,51,All B are C/No A are B,Yes/No,No,Yes,0,,,
mReasoner,64105,conditional,single-choice,52,All B are C/All A are B,Yes/No,Yes,Yes,1,,,
mReasoner,64105,conditional,single-choice,53,All B are C/All A are C,Yes/No,Yes,Yes,1,,,
mReasoner,64105,conditional,single-choice,54,All B are C/All A are C,Yes/No,Yes,Yes,1,,,
mReasoner,64105,conditional,single-choice,55,All B are C/No A are B,Yes/No,No,Yes,0,,,
mReasoner,64105,conditional,single-choice,56,All B are C/No A are C,Yes/No,No,Yes,0,,,
mReasoner,64105,conditional,single-choice,57,All B are C/No A are B,Yes/No,No,Yes,0,,,
mReasoner,64105,conditional,single-choice,58,All B are C/No A are B,Yes/No,No,Yes,0,,,
mReasoner,64105,conditional,single-choice,59,All B are C/All A are C,Yes/No,Yes,Yes,1,,,
mReasoner,64105,conditional,single-choice,60,All B are C/All A are C,Yes/No,No,Yes,0,,,
mReasoner,64105,conditional,single-choice,61,All B are C/No A are B,Yes/No,No,Yes,0,,,
mReasoner,64105,conditional,single-choice,62,All B are C/All A are C,Yes/No,Yes,Yes,1,,,
mReasoner,64105,conditional,single-choice,63,All B are C/No A are B,Yes/No,No,Yes,0,,,
mReasoner,64105,conditional,single-choice,64,All B are C/All A are B,Yes/No,Yes,Yes,1,,,
mReasoner,64116,conditional,single-choice,1,All B are C/All A are C,Yes/No,No,Yes,0,,,
mReasoner,64116,conditional,single-choice,2,All B are C/No A are C,Yes/No,Yes,Yes,1,,,
mReasoner,64116,conditional,single-choice,3,All B are C/All A are B,Yes/No,No,Yes,0,,,
mReasoner,64116,conditional,single-choice,4,All B are C/No A are B,Yes/No,No,Yes,0,,,
mReasoner,64116,conditional,single-choice,5,All B are C/All A are C,Yes/No,No,Yes,0,,,
mReasoner,64116,conditional,single-choice,6,All B are C/All A are C,Yes/No,No,Yes,0,,,
mReasoner,64116,conditional,single-choice,7,All B are C/All A are B,Yes/No,Yes,Yes,1,,,
mReasoner,64116,conditional,single-choice,8,All B are C/All A are C,Yes/No,No,Yes,0,,,
mReasoner,64116,conditional,single-choice,9,All B are C/All A are C,Yes/No,No,Yes,0,,,
mReasoner,64116,conditional,single-choice,10,All B are C/No A are C,Yes/No,No,Yes,0,,,
mReasoner,64116,conditional,single-choice,11,All B are C/All A are C,Yes/No,No,Yes,0,,,
mReasoner,64116,conditional,single-choice,12,All B are C/All A are B,Yes/No,Yes,Yes,1,,,
mReasoner,64116,conditional,single-choice,13,All B are C/All A are B,Yes/No,Yes,Yes,1,,,
mReasoner,64116,conditional,single-choice,14,All B are C/All A are C,Yes/No,Yes,Yes,1,,,
mReasoner,64116,conditional,single-choice,15,All B are C/All A are C,Yes/No,Yes,Yes,1,,,
mReasoner,64116,conditional,single-choice,16,All B are C/No A are B,Yes/No,Yes,Yes,1,,,
mReasoner,64116,conditional,single-choice,17,All B are C/All A are C,Yes/No,No,Yes,0,,,
mReasoner,64116,conditional,single-choice,18,All B are C/No A are C,Yes/No,Yes,Yes,1,,,
mReasoner,64116,conditional,single-choice,19,All B are C/No A are C,Yes/No,Yes,Yes,1,,,
mReasoner,64116,conditional,single-choice,20,All B are C/No A are C,Yes/No,No,Yes,0,,,
mReasoner,64116,conditional,single-choice,21,All B are C/All A are B,Yes/No,Yes,Yes,1,,,
mReasoner,64116,conditional,single-choice,22,All B are C/All A are B,Yes/No,Yes,Yes,1,,,
mReasoner,64116,conditional,single-choice,23,All B are C/All A are C,Yes/No,No,Yes,0,,,
mReasoner,64116,conditional,single-choice,24,All B are C/All A are B,Yes/No,Yes,Yes,1,,,
mReasoner,64116,conditional,single-choice,25,All B are C/All A are B,Yes/No,Yes,Yes,1,,,
mReasoner,64116,conditional,single-choice,26,All B are C/No A are C,Yes/No,No,Yes,0,,,
mReasoner,64116,conditional,single-choice,27,All B are C/No A are C,Yes/No,Yes,Yes,1,,,
mReasoner,64116,conditional,single-choice,28,All B are C/No A are B,Yes/No,Yes,Yes,1,,,
mReasoner,64116,conditional,single-choice,29,All B are C/All A are B,Yes/No,No,Yes,0,,,
mReasoner,64116,conditional,single-choice,30,All B are C/No A are C,Yes/No,Yes,Yes,1,,,
mReasoner,64116,conditional,single-choice,31,All B are C/No A are B,Yes/No,Yes,Yes,1,,,
mReasoner,64116,conditional,single-choice,32,All B are C/All A are B,Yes/No,Yes,Yes,1,,,
mReasoner,64116,conditional,single-choice,33,All B are C/All A are B,Yes/No,Yes,Yes,1,,,
mReasoner,64116,conditional,single-choice,34,All B are C/No A are C,Yes/No,No,Yes,0,,,
mReasoner,64116,conditional,single-choice,35,All B are C/All A are B,Yes/No,Yes,Yes,1,,,
mReasoner,64116,conditional,single-choice,36,All B are C/All A are B,Yes/No,Yes,Yes,1,,,
mReasoner,64116,conditional,single-choice,37,All B are C/All A are C,Yes/No,Yes,Yes,1,,,
mReasoner,64116,conditional,single-choice,38,All B are C/All A are B,Yes/No,Yes,Yes,1,,,
mReasoner,64116,conditional,single-choice,39,All B are C/No A are C,Yes/No,Yes,Yes,1,,,
mReasoner,64116,conditional,single-choice,40,All B are C/No A are C,Yes/No,Yes,Yes,1,,,
mReasoner,64116,conditional,single-choice,41,All B are C/No A are B,Yes/No,Yes,Yes,1,,,
mReasoner,64116,conditional,single-choice,42,All B are C/No A are C,Yes/No,Yes,Yes,1,,,
mReasoner,64116,conditional,single-choice,43,All B are C/No A are B,Yes/No,Yes,Yes,1,,,
mReasoner,64116,conditional,single-choice,44,All B are C/No A are B,Yes/No,No,Yes,0,,,
mReasoner,64116,conditional,single-choice,45,All B are C/All A are B,Yes/No,Yes,Yes,1,,,
mReasoner,64116,conditional,single-choice,46,All B are C/No A are B,Yes/No,Yes,Yes,1,,,
mReasoner,64116,conditional,single-choice,47,All B are C/No A are C,Yes/No,Yes,Yes,1,,,
mReasoner,64116,conditional,single-choice,48,All B are C/No A are B,Yes/No,No,Yes,0,,,
mReasoner,64116,conditional,single-choice,49,All B are C/All A are C,Yes/No,No,Yes,0,,,
mReasoner,64116,conditional,single-choice,50,All B are C/All A are C,Yes/No,No,Yes,0,,,
mReasoner,64116,conditional,single-choice,51,All B are C/All A are C,Yes/No,Yes,Yes,1,,,
mReasoner,64116,conditional,single-choice,52,All B are C/All A are B,Yes/No,Yes,Yes,1,,,
mReasoner,64116,conditional,single-choice,53,All B are C/No A are B,Yes/No,No,Yes,0,,,
mReasoner,64116,conditional,single-choice,54,All B are C/No A are B,Yes/No,No,Yes,0,,,
mReasoner,64116,conditional,single-choice,55,All B are C/All A are C,Yes/No,No,Yes,0,,,
mReasoner,64116,conditional,single-choice,56,All B are C/No A are B,Yes/No,No,Yes,0,,,
mReasoner,64116,conditional,single-choice,57,All B are C/No A are C,Yes/No,Yes,Yes,1,,,
mReasoner,64116,conditional,single-choice,58,All B are C/No A are B,Yes/No,No,Yes,0,,,
mReasoner,64116,conditional,single-choice,59,All B are C/No A are C,Yes/No,Yes,Yes,1,,,
mReasoner,64116,conditional,single-choice,60,All B are C/All A are C,Yes/No,No,Yes,0,,,
mReasoner,64116,conditional,single-choice,61,All B are C/No A are B,Yes/No,No,Yes,0,,,
mReasoner,64116,conditional,single-choice,62,All B are C/No A are B,Yes/No,No,Yes,0,,,
mReasoner,64116,conditional,single-choice,63,All B are C/No A are B,Yes/No,No,Yes,0,,,
mReasoner,64116,conditional,single-choice,64,All B are C/No A are C,Yes/No,No,Yes,0,,,
mReasoner,64123,conditional,single-choice,1,All B are C/No A are B,Yes/No,Yes,Yes,1,,,
mReasoner,64123,conditional,single-choice,2,All B are C/All A are B,Yes/No,Yes,Yes,1,,,
mReasoner,64123,conditional,single-choice,3,All B are C/No A are C,Yes/No,Yes,Yes,1,,,
mReasoner,64123,conditional,single-choice,4,All B are C/All A are B,Yes/No,Yes,Yes,1,,,
mReasoner,64123,conditional,single-choice,5,All B are C/All A are C,Yes/No,No,Yes,0,,,
mReasoner,64123,conditional,single-choice,6,All B are C/No A are C,Yes/No,Yes,Yes,1,,,
mReasoner,64123,conditional,single-choice,7,All B are C/All A are B,Yes/No,Yes,Yes,1,,,
mReasoner,64123,conditional,single-choice,8,All B are C/No A are C,Yes/No,Yes,Yes,1,,,
mReasoner,64123,conditional,single-choice,9,All B are C/All A are C,Yes/No,Yes,Yes,1,,,
mReasoner,64123,conditional,single-choice,10,All B are C/All A are B,Yes/No,Yes,Yes,1,,,
mReasoner,64123,conditional,single-choice,11,All B are C/All A are C,Yes/No,No,Yes,0,,,
mReasoner,64123,conditional,single-choice,12,All B are C/No A are C,Yes/No,Yes,Yes,1,,,
mReasoner,64123,conditional,single-choice,13,All B are C/No A are C,Yes/No,Yes,Yes,1,,,
mReasoner,64123,conditional,single-choice,14,All B are C/All A are B,Yes/No,Yes,Yes,1,,,
mReasoner,64123,conditional,single-choice,15,All B are C/All A are C,Yes/No,Yes,Yes,1,,,
mReasoner,64123,conditional,single-choice,16,All B are C/All A are C,Yes/No,No,Yes,0,,,
mReasoner,64123,conditional,single-choice,17,All B are C/All A are C,Yes/No,Yes,Yes,1,,,
mReasoner,64123,conditional,single-choice,18,All B are C/No A are B,Yes/No,Yes,Yes,1,,,
mReasoner,64123,conditional,single-choice,19,All B are C/No A are C,Yes/No,No,Yes,0,,,
mReasoner,64123,conditional,single-choice,20,All B are C/No A are C,Yes/No,Yes,Yes,1,,,
mReasoner,64123,conditional,single-choice,21,All B are C/All A are C,Yes/No,Yes,Yes,1,,,
mReasoner,64123,conditional,single-choice,22,All B are C/All A are C,Yes/No,Yes,Yes,1,,,
mReasoner,64123,conditional,single-choice,23,All B are C/No A are B,Yes/No,Yes,Yes,1,,,
mReasoner,64123,conditional,single-choice,24,All B are C/No A are B,Yes/No,Yes,Yes,1,,,
mReasoner,64123,conditional,single-choice,25,All B are C/No A are C,Yes/No,Yes,Yes,1,,,
mReasoner,64123,conditional,single-choice,26,All B are C/No A are B,Yes/No,Yes,Yes,1,,,
mReasoner,64123,conditional,single-choice,27,All B are C/No A are B,Yes/No,Yes,Yes,1,,,
mReasoner,64123,conditional,single-choice,28,All B are C/No A are C,Yes/No,Yes,Yes,1,,,
mReasoner,64123,conditional,single-choice,29,All B are C/No A are C,Yes/No,Yes,Yes,1,,,
mReasoner,64123,conditional,single-choice,30,All B are C/No A are B,Yes/No,Yes,Yes,1,,,
mReasoner,64123,conditional,single-choice,31,All B are C/All A are B,Yes/No,Yes,Yes,1,,,
mReasoner,64123,conditional,single-choice,32,All B are C/All A are B,Yes/No,Yes,Yes,1,,,
mReasoner,64123,conditional,single-choice,33,All B are C/No A are C,Yes/No,Yes,Yes,1,,,
mReasoner,64123,conditional,single-choice,34,All B are C/No A are C,Yes/No,Yes,Yes,1,,,
mReasoner,64123,conditional,single-choice,35,All B are C/All A are B,Yes/No,Yes,Yes,1,,,
mReasoner,64123,conditional,single-choice,36,All B are C/All A are B,Yes/No,Yes,Yes,1,,,
mReasoner,64123,conditional,single-choice,37,All B are C/All A are B,Yes/No,Yes,Yes,1,,,
mReasoner,64123,conditional,single-choice,38,All B are C/All A are C,Yes/No,Yes,Yes,1,,,
mReasoner,64123,conditional,single-choice,39,All B are C/No A are B,Yes/No,No,Yes,0,,,
mReasoner,64123,conditional,single-choice,40,All B are C/All A are C,Yes/No,Yes,Yes,1,,,
mReasoner,64123,conditional,single-choice,41,All B are C/All A are C,Yes/No,Yes,Yes,1,,,
mReasoner,64123,conditional,single-choice,42,All B are C/All A are C,Yes/No,No,Yes,0,,,
mReasoner,64123,conditional,single-choice,43,All B are C/No A are C,Yes/No,Yes,Yes,1,,,
mReasoner,64123,conditional,single-choice,44,All B are C/No A are B,Yes/No,Yes,Yes,1,,,
mReasoner,64123,conditional,single-choice,45,All B are C/All A are B,Yes/No,Yes,Yes,1,,,
mReasoner,64123,conditional,single-choice,46,All B are C/All A are C,Yes/No,Yes,Yes,1,,,
mReasoner,64123,conditional,single-choice,47,All B are C/All A are B,Yes/No,Yes,Yes,1,,,
mReasoner,64123,conditional,single-choice,48,All B are C/No A are C,Yes/No,Yes,Yes,1,,,
mReasoner,64123,conditional,single-choice,49,All B are C/No A are B,Yes/No,No,Yes,0,,,
mReasoner,64123,conditional,single-choice,50,All B are C/No A are B,Yes/No,No,Yes,0,,,
mReasoner,64123,conditional,single-choice,51,All B are C/All A are B,Yes/No,Yes,Yes,1,,,
mReasoner,64123,conditional,single-choice,52,All B are C/No A are B,Yes/No,No,Yes,0,,,
mReasoner,64123,conditional,single-choice,53,All B are C/All A are C,Yes/No,Yes,Yes,1,,,
mReasoner,64123,conditional,single-choice,54,All B are C/All A are B,Yes/No,Yes,Yes,1,,,
mReasoner,64123,conditional,single-choice,55,All B are C/No A are B,Yes/No,Yes,Yes,1,,,
mReasoner,64123,conditional,single-choice,56,All B are C/No A are B,Yes/No,No,Yes,0,,,
mReasoner,64123,conditional,single-choice,57,All B are C/All A are B,Yes/No,Yes,Yes,1,,,
mReasoner,64123,conditional,single-choice,58,All B are C/All A are B,Yes/No,Yes,Yes,1,,,
mReasoner,64123,conditional,single-choice,59,All B are C/No A are C,Yes/No,No,Yes,0,,,
mReasoner,64123,conditional,single-choice,60,All B are C/No A are B,Yes/No,No,Yes,0,,,
mReasoner,64123,conditional,single-choice,61,All B are C/All A are C,Yes/No,Yes,Yes,1,,,
mReasoner,64123,conditional,single-choice,62,All B are C/No A are B,Yes/No,Yes,Yes,1,,,
mReasoner,64123,conditional,single-choice,63,All B are C/All A are C,Yes/No,Yes,Yes,1,,,
mReasoner,64123,conditional,single-choice,64,All B are C/No A are C,Yes/No,Yes,Yes,1,,,
mReasoner,64159,conditional,single-choice,1,All B are C/All A are B,Yes/No,Yes,Yes,1,,,
mReasoner,64159,conditional,single-choice,2,All B are C/All A are C,Yes/No,No,Yes,0,,,
mReasoner,64159,conditional,single-choice,3,All B are C/All A are B,Yes/No,No,Yes,0,,,
mReasoner,64159,conditional,single-choice,4,All B are C/All A are B,Yes/No,Yes,Yes,1,,,
mReasoner,64159,conditional,single-choice,5,All B are C/No A are C,Yes/No,Yes,Yes,1,,,
mReasoner,64159,conditional,single-choice,6,All B are C/No A are C,Yes/No,No,Yes,0,,,
mReasoner,64159,conditional,single-choice,7,All B are C/All A are C,Yes/No,Yes,Yes,1,,,
mReasoner,64159,conditional,single-choice,8,All B are C/No A are C,Yes/No,Yes,Yes,1,,,
mReasoner,64159,conditional,single-choice,9,All B are C/No A are C,Yes/No,Yes,Yes,1,,,
mReasoner,64159,conditional,single-choice,10,All B are C/All A are C,Yes/No,No,Yes,0,,,
mReasoner,64159,conditional,single-choice,11,All B are C/No A are B,Yes/No,Yes,Yes,1,,,
mReasoner,64159,conditional,single-choice,12,All B are C/No A are B,Yes/No,Yes,Yes,1,,,
mReasoner,64159,conditional,single-choice,13,All B are C/No A are C,Yes/No,Yes,Yes,1,,,
mReasoner,64159,conditional,single-choice,14,All B are C/No A are B,Yes/No,Yes,Yes,1,,,
mReasoner,64159,conditional,single-choice,15,All B are C/No A are B,Yes/No,Yes,Yes,1,,,
mReasoner,64159,conditional,single-choice,16,All B are C/All A are B,Yes/No,Yes,Yes,1,,,
mReasoner,64159,conditional,single-choice,17,All B are C/No A are C,Yes/No,Yes,Yes,1,,,
mReasoner,64159,conditional,single-choice,18,All B are C/No A are C,Yes/No,No,Yes,0,,,
mReasoner,64159,conditional,single-choice,19,All B are C/All A are B,Yes/No,Yes,Yes,1,,,
mReasoner,64159,conditional,single-choice,20,All B are C/No A are C,Yes/No,Yes,Yes,1,,,
mReasoner,64159,conditional,single-choice,21,All B are C/All A are C,Yes/No,Yes,Yes,1,,,
mReasoner,64159,conditional,single-choice,22,All B are C/No A are B,Yes/No,No,Yes,0,,,
mReasoner,64159,conditional,single-choice,23,All B are C/All A are B,Yes/No,No,Yes,0,,,
mReasoner,64159,conditional,single-choice,24,All B are C/No A are C,Yes/No,Yes,Yes,1,,,
mReasoner,64159,conditional,single-choice,25,All B are C/No A are C,Yes/No,No,Yes,0,,,
mReasoner,64159,conditional,single-choice,26,All B are C/No A are B,Yes/No,No,Yes,0,,,
mReasoner,64159,conditional,single-choice,27,All B are C/No A are B,Yes/No,Yes,Yes,1,,,
mReasoner,64159,conditional,single-choice,28,All B are C/No A are B,Yes/No,No,Yes,0,,,
mReasoner,64159,conditional,single-choice,29,All B are C/All A are B,Yes/No,No,Yes,0,,,
mReasoner,64159,conditional,single-choice,30,All B are C/All A are B,Yes/No,Yes,Yes,1,,,
mReasoner,64159,conditional,single-choice,31,All B are C/All A are C,Yes/No,No,Yes,0,,,
mReasoner,64159,conditional,single-choice,32,All B are C/All A are C,Yes/No,No,Yes,0,,,
mReasoner,64159,conditional,single-choice,33,All B are C/No A are B,Yes/No,No,Yes,0,,,
mReasoner,64159,conditional,single-choice,34,All B are C/All A are C,Yes/No,Yes,Yes,1,,,
mReasoner,64159,conditional,single-choice,35,All B are C/No A are B,Yes/No,No,Yes,0,,,
mReasoner,64159,conditional,single-choice,36,All B are C/No A are B,Yes/No,No,Yes,0,,,
mReasoner,64159,conditional,single-choice,37,All B are C/All A are B,Yes/No,Yes,Yes,1,,,
mReasoner,64159,conditional,single-choice,38,All B are C/No A are C,Yes/No,Yes,Yes,1,,,
mReasoner,64159,conditional,single-choice,39,All B are C/No A are B,Yes/No,No,Yes,0,,,
mReasoner,64159,conditional,single-choice,40,All B are C/All A are C,Yes/No,No,Yes,0,,,
mReasoner,64159,conditional,single-choice,41,All B are C/No A are C,Yes/No,Yes,Yes,1,,,
mReasoner,64159,conditional,single-choice,42,All B are C/No A are B,Yes/No,No,Yes,0,,,
mReasoner,64159,conditional,single-choice,43,All B are C/No A are C,Yes/No,Yes,Yes,1,,,
mReasoner,64159,conditional,single-choice,44,All B are C/All A are C,Yes/No,No,Yes,0,,,
mReasoner,64159,conditional,single-choice,45,All B are C/No A are B,Yes/No,No,Yes,0,,,
mReasoner,64159,conditional,single-choice,46,All B are C/All A are B,Yes/No,Yes,Yes,1,,,
mReasoner,64159,conditional,single-choice,47,All B are C/All A are B,Yes/No,Yes,Yes,1,,,
mReasoner,64159,conditional,single-choice,48,All B are C/No A are C,Yes/No,Yes,Yes,1,,,
mReasoner,64159,conditional,single-choice,49,All B are C/All A are C,Yes/No,No,Yes,0,,,
mReasoner,64159,conditional,single-choice,50,All B are C/No A are C,Yes/No,Yes,Yes,1,,,
mReasoner,64159,conditional,single-choice,51,All B are C/All A are B,Yes/No,Yes,Yes,1,,,
mReasoner,64159,conditional,single-choice,52,All B are C/All A are B,Yes/No,Yes,Yes,1,,,
mReasoner,64159,conditional,single-choice,53,All B are C/All A are B,Yes/No,Yes,Yes,1,,,
mReasoner,64159,conditional,single-choice,54,All B are C/All A are C,Yes/No,No,Yes,0,,,
mReasoner,64159,conditional,single-choice,55,All B are C/All A are C,Yes/No,No,Yes,0,,,
mReasoner,64159,conditional,single-choice,56,All B are C/All A are B,Yes/No,Yes,Yes,1,,,
mReasoner,64159,conditional,single-choice,57,All B are C/All A are C,Yes/No,No,Yes,0,,,
mReasoner,64159,conditional,single-choice,58,All B are C/All A are C,Yes/No,No,Yes,0,,,
mReasoner,64159,conditional,single-choice,59,All B are C/No A are B,Yes/No,No,Yes,0,,,
mReasoner,64159,conditional,single-choice,60,All B are C/No A are C,Yes/No,Yes,Yes,1,,,
mReasoner,64159,conditional,single-choice,61,All B are C/All A are C,Yes/No,No,Yes,0,,,
mReasoner,64159,conditional,single-choice,62,All B are C/No A are B,Yes/No,No,Yes,0,,,
mReasoner,64159,conditional,single-choice,63,All B are C/All A are C,Yes/No,No,Yes,0,,,
mReasoner,64159,conditional,single-choice,64,All B are C/All A are B,Yes/No,Yes,Yes,1,,,
mReasoner,64189,conditional,single-choice,1,All B are C/All A are B,Yes/No,Yes,Yes,1,,,
mReasoner,64189,conditional,single-choice,2,All B are C/No A are C,Yes/No,Yes,Yes,1,,,
mReasoner,64189,conditional,single-choice,3,All B are C/No A are B,Yes/No,No,Yes,0,,,
mReasoner,64189,conditional,single-choice,4,All B are C/No A are B,Yes/No,Yes,Yes,1,,,
mReasoner,64189,conditional,single-choice,5,All B are C/No A are C,Yes/No,Yes,Yes,1,,,
mReasoner,64189,conditional,single-choice,6,All B are C/No A are C,Yes/No,Yes,Yes,1,,,
mReasoner,64189,conditional,single-choice,7,All B are C/All A are B,Yes/No,Yes,Yes,1,,,
mReasoner,64189,conditional,single-choice,8,All B are C/All A are C,Yes/No,No,Yes,0,,,
mReasoner,64189,conditional,single-choice,9,All B are C/All A are B,Yes/No,Yes,Yes,1,,,
mReasoner,64189,conditional,single-choice,10,All B are C/All A are C,Yes/No,No,Yes,0,,,
mReasoner,64189,conditional,single-choice,11,All B are C/All A are B,Yes/No,Yes,Yes,1,,,
mReasoner,64189,conditional,single-choice,12,All B are C/No A are C,Yes/No,Yes,Yes,1,,,
mReasoner,64189,conditional,single-choice,13,All B are C/No A are C,Yes/No,Yes,Yes,1,,,
mReasoner,64189,conditional,single-choice,14,All B are C/No A are B,Yes/No,No,Yes,0,,,
mReasoner,64189,conditional,single-choice,15,All B are C/All A are C,Yes/No,No,Yes,0,,,
mReasoner,64189,conditional,single-choice,16,All B are C/No A are C,Yes/No,Yes,Yes,1,,,
mReasoner,64189,conditional,single-choice,17,All B are C/No A are B,Yes/No,No,Yes,0,,,
mReasoner,64189,conditional,single-choice,18,All B are C/No A are B,Yes/No,No,Yes,0,,,
mReasoner,64189,conditional,single-choice,19,All B are C/All A are B,Yes/No,Yes,Yes,1,,,
mReasoner,64189,conditional,single-choice,20,All B are C/No A are B,Yes/No,No,Yes,0,,,
mReasoner,64189,conditional,single-choice,21,All B are C/No A are B,Yes/No,No,Yes,0,,,
mReasoner,64189,conditional,single-choice,22,All B are C/No A are B,Yes/No,No,Yes,0,,,
mReasoner,64189,conditional,single-choice,23,All B are C/No A are C,Yes/No,Yes,Yes,1,,,
mReasoner,64189,conditional,single-choice,24,All B are C/All A are B,Yes/No,Yes,Yes,1,,,
mReasoner,64189,conditional,single-choice,25,All B are C/All A are C,Yes/No,No,Yes,0,,,
mReasoner,64189,conditional,single-choice,26,All B are C/No A are C,Yes/No,Yes,Yes,1,,,
mReasoner,64189,conditional,single-choice,27,All B are C/All A are C,Yes/No,No,Yes,0,,,
mReasoner,64189,conditional,single-choice,28,All B are C/No A are B,Yes/No,No,Yes,0,,,
mReasoner,64189,conditional,single-choice,29,All B are C/All A are C,Yes/No,No,Yes,0,,,
mReasoner,64189,conditional,single-choice,30,All B are C/All A are B,Yes/No,Yes,Yes,1,,,
mReasoner,64189,conditional,single-choice,31,All B are C/No A are B,Yes/No,No,Yes,0,,,
mReasoner,64189,conditional,single-choice,32,All B are C/No A are C,Yes/No,No,Yes,0,,,
mReasoner,64189,conditional,single-choice,33,All B are C/All A are C,Yes/No,No,Yes,0,,,
mReasoner,64189,conditional,single-choice,34,All B are C/No A are B,Yes/No,No,Yes,0,,,
mReasoner,64189,conditional,single-choice,35,All B are C/All A are B,Yes/No,Yes,Yes,1,,,
mReasoner,64189,conditional,single-choice,36,All B are C/All A are C,Yes/No,No,Yes,0,,,
mReasoner,64189,conditional,single-choice,37,All B are C/No A are B,Yes/No,No,Yes,0,,,
mReasoner,64189,conditional,single-choice,38,All B are C/All A are B,Yes/No,Yes,Yes,1,,,
mReasoner,64189,conditional,single-choice,39,All B are C/No A are B,Yes/No,No,Yes,0,,,
mReasoner,64189,conditional,single-choice,40,All B are C/No A are B,Yes/No,No,Yes,0,,,
mReasoner,64189,conditional,single-choice,41,All B are C/All A are C,Yes/No,No,Yes,0,,,
mReasoner,64189,conditional,single-choice,42,All B are C/All A are C,Yes/No,No,Yes,0,,,
mReasoner,64189,conditional,single-choice,43,All B are C/All A are B,Yes/No,Yes,Yes,1,,,
mReasoner,64189,conditional,single-choice,44,All B are C/All A are C,Yes/No,No,Yes,0,,,
mReasoner,64189,conditional,single-choice,45,All B are C/All A are B,Yes/No,Yes,Yes,1,,,
mReasoner,64189,conditional,single-choice,46,All B are C/All A are C,Yes/No,No,Yes,0,,,
mReasoner,64189,conditional,single-choice,47,All B are C/No A are B,Yes/No,No,Yes,0,,,
mReasoner,64189,conditional,single-choice,48,All B are C/No A are C,Yes/No,No,Yes,0,,,
mReasoner,64189,conditional,single-choice,49,All B are C/All A are B,Yes/No,Yes,Yes,1,,,
mReasoner,64189,conditional,single-choice,50,All B are C/No A are C,Yes/No,Yes,Yes,1,,,
mReasoner,64189,conditional,single-choice,51,All B are C/No A are C,Yes/No,Yes,Yes,1,,,
mReasoner,64189,conditional,single-choice,52,All B are C/All A are C,Yes/No,No,Yes,0,,,
mReasoner,64189,conditional,single-choice,53,All B are C/All A are B,Yes/No,Yes,Yes,1,,,
mReasoner,64189,conditional,single-choice,54,All B are C/All A are C,Yes/No,No,Yes,0,,,
mReasoner,64189,conditional,single-choice,55,All B are C/No A are C,Yes/No,Yes,Yes,1,,,
mReasoner,64189,conditional,single-choice,56,All B are C/No A are C,Yes/No,No,Yes,0,,,
mReasoner,64189,conditional,single-choice,57,All B are C/No A are C,Yes/No,No,Yes,0,,,
mReasoner,64189,conditional,single-choice,58,All B are C/All A are B,Yes/No,Yes,Yes,1,,,
mReasoner,64189,conditional,single-choice,59,All B are C/All A are B,Yes/No,Yes,Yes,1,,,
mReasoner,64189,conditional,single-choice,60,All B are C/No A are B,Yes/No,Yes,Yes,1,,,
mReasoner,64189,conditional,single-choice,61,All B are C/All A are B,Yes/No,Yes,Yes,1,,,
mReasoner,64189,conditional,single-choice,62,All B are C/All A are C,Yes/No,No,Yes,0,,,
mReasoner,64189,conditional,single-choice,63,All B are C/No A are C,Yes/No,Yes,Yes,1,,,
mReasoner,64189,conditional,single-choice,64,All B are C/All A are C,Yes/No,Yes,Yes,1,,,
mReasoner,64222,conditional,single-choice,1,All B are C/No A are C,Yes/No,Yes,Yes,1,,,
mReasoner,64222,conditional,single-choice,2,All B are C/No A are B,Yes/No,Yes,Yes,1,,,
mReasoner,64222,conditional,single-choice,3,All B are C/No A are C,Yes/No,Yes,Yes,1,,,
mReasoner,64222,conditional,single-choice,4,All B are C/All A are B,Yes/No,Yes,Yes,1,,,
mReasoner,64222,conditional,single-choice,5,All B are C/No A are C,Yes/No,Yes,Yes,1,,,
mReasoner,64222,conditional,single-choice,6,All B are C/No A are B,Yes/No,No,Yes,0,,,
mReasoner,64222,conditional,single-choice,7,All B are C/All A are C,Yes/No,Yes,Yes,1,,,
mReasoner,64222,conditional,single-choice,8,All B are C/No A are B,Yes/No,No,Yes,0,,,
mReasoner,64222,conditional,single-choice,9,All B are C/No A are C,Yes/No,Yes,Yes,1,,,
mReasoner,64222,conditional,single-choice,10,All B are C/No A are B,Yes/No,No,Yes,0,,,
mReasoner,64222,conditional,single-choice,11,All B are C/All A are C,Yes/No,No,Yes,0,,,
mReasoner,64222,conditional,single-choice,12,All B are C/No A are B,Yes/No,No,Yes,0,,,
mReasoner,64222,conditional,single-choice,13,All B are C/All A are C,Yes/No,No,Yes,0,,,
mReasoner,64222,conditional,single-choice,14,All B are C/No A are C,Yes/No,Yes,Yes,1,,,
mReasoner,64222,conditional,single-choice,15,All B are C/All A are C,Yes/No,No,Yes,0,,,
mReasoner,64222,conditional,single-choice,16,All B are C/All A are B,Yes/No,Yes,Yes,1,,,
mReasoner,64222,conditional,single-choice,17,All B are C/All A are C,Yes/No,No,Yes,0,,,
mReasoner,64222,conditional,single-choice,18,All B are C/All A are C,Yes/No,No,Yes,0,,,
mReasoner,64222,conditional,single-choice,19,All B are C/No A are B,Yes/No,No,Yes,0,,,
mReasoner,64222,conditional,single-choice,20,All B are C/All A are C,Yes/No,No,Yes,0,,,
mReasoner,64222,conditional,single-choice,21,All B are C/All A are C,Yes/No,No,Yes,0,,,
mReasoner,64222,conditional,single-choice,22,All B are C/No A are C,Yes/No,Yes,Yes,1,,,
mReasoner,64222,conditional,single-choice,23,All B are C/No A are B,Yes/No,Yes,Yes,1,,,
mReasoner,64222,conditional,single-choice,24,All B are C/All A are B,Yes/No,Yes,Yes,1,,,
mReasoner,64222,conditional,single-choice,25,All B are C/No A are C,Yes/No,Yes,Yes,1,,,
mReasoner,64222,conditional,single-choice,26,All B are C/No A are C,Yes/No,Yes,Yes,1,,,
mReasoner,64222,conditional,single-choice,27,All B are C/No A are B,Yes/No,No,Yes,0,,,
mReasoner,64222,conditional,single-choice,28,All B are C/All A are C,Yes/No,No,Yes,0,,,
mReasoner,64222,conditional,single-choice,29,All B are C/All A are C,Yes/No,No,Yes,0,,,
mReasoner,64222,conditional,single-choice,30,All B are C/All A are C,Yes/No,No,Yes,0,,,
mReasoner,64222,conditional,single-choice,31,All B are C/No A are B,Yes/No,No,Yes,0,,,
mReasoner,64222,conditional,single-choice,32,All B are C/All A are C,Yes/No,No,Yes,0,,,
mReasoner,64222,conditional,single-choice,33,All B are C/No A are C,Yes/No,Yes,Yes,1,,,
mReasoner,64222,conditional,single-choice,34,All B are C/All A are C,Yes/No,No,Yes,0,,,
mReasoner,64222,conditional,single-choice,35,All B are C/All A are B,Yes/No,Yes,Yes,1,,,
mReasoner,64222,conditional,single-choice,36,All B are C/No A are B,Yes/No,No,Yes,0,,,
mReasoner,64222,conditional,single-choice,37,All B are C/All A are B,Yes/No,Yes,Yes,1,,,
mReasoner,64222,conditional,single-choice,38,All B are C/All A are B,Yes/No,Yes,Yes,1,,,
mReasoner,64222,conditional,single-choice,39,All B are C/No A are B,Yes/No,No,Yes,0,,,
mReasoner,64222,conditional,single-choice,40,All B are C/All A are B,Yes/No,Yes,Yes,1,,,
mReasoner,64222,conditional,single-choice,41,All B are C/No A are C,Yes/No,Yes,Yes,1,,,
mReasoner,64222,conditional,single-choice,42,All B are C/All A are B,Yes/No,Yes,Yes,1,,,
mReasoner,64222,conditional,single-choice,43,All B are C/All A are C,Yes/No,No,Yes,0,,,
mReasoner,64222,conditional,single-choice,44,All B are C/No A are B,Yes/No,No,Yes,0,,,
mReasoner,64222,conditional,single-choice,45,All B are C/All A are B,Yes/No,Yes,Yes,1,,,
mReasoner,64222,conditional,single-choice,46,All B are C/No A are C,Yes/No,Yes,Yes,1,,,
mReasoner,64222,conditional,single-choice,47,All B are C/All A are B,Yes/No,Yes,Yes,1,,,
mReasoner,64222,conditional,single-choice,48,All B are C/All A are B,Yes/No,Yes,Yes,1,,,
mReasoner,64222,conditional,single-choice,49,All B are C/No A are C,Yes/No,Yes,Yes,1,,,
mReasoner,64222,conditional,single-choice,50,All B are C/All A are B,Yes/No,Yes,Yes,1,,,
mReasoner,64222,conditional,single-choice,51,All B are C/All A are B,Yes/No,Yes,Yes,1,,,
mReasoner,64222,conditional,single-choice,52,All B are C/No A are C,Yes/No,Yes,Yes,1,,,
mReasoner,64222,conditional,single-choice,53,All B are C/No A are B,Yes/No,No,Yes,0,,,
mReasoner,64222,conditional,single-choice,54,All B are C/All A are C,Yes/No,No,Yes,0,,,
mReasoner,64222,conditional,single-choice,55,All B are C/No A are B,Yes/No,Yes,Yes,1,,,
mReasoner,64222,conditional,single-choice,56,All B are C/No A are C,Yes/No,Yes,Yes,1,,,
mReasoner,64222,conditional,single-choice,57,All B are C/All A are C,Yes/No,No,Yes,0,,,
mReasoner,64222,conditional,single-choice,58,All B are C/No A are C,Yes/No,Yes,Yes,1,,,
mReasoner,64222,conditional,single-choice,59,All B are C/All A are B,Yes/No,Yes,Yes,1,,,
mReasoner,64222,conditional,single-choice,60,All B are C/No A are C,Yes/No,Yes,Yes,1,,,
mReasoner,64222,conditional,single-choice,61,All B are C/All A are B,Yes/No,Yes,Yes,1,,,
mReasoner,64222,conditional,single-choice,62,All B are C/All A are B,Yes/No,Yes,Yes,1,,,
mReasoner,64222,conditional,single-choice,63,All B are C/No A are B,Yes/No,No,Yes,0,,,
mReasoner,64222,conditional,single-choice,64,All B are C/No A are B,Yes/No,No,Yes,0,,,
mReasoner,64250,conditional,single-choice,1,All B are C/All A are B,Yes/No,No,Yes,0,,,
mReasoner,64250,conditional,single-choice,2,All B are C/No A are B,Yes/No,No,Yes,0,,,
mReasoner,64250,conditional,single-choice,3,All B are C/No A are C,Yes/No,No,Yes,0,,,
mReasoner,64250,conditional,single-choice,4,All B are C/All A are C,Yes/No,No,Yes,0,,,
mReasoner,64250,conditional,single-choice,5,All B are C/No A are C,Yes/No,No,Yes,0,,,
mReasoner,64250,conditional,single-choice,6,All B are C/All A are B,Yes/No,No,Yes,0,,,
mReasoner,64250,conditional,single-choice,7,All B are C/No A are B,Yes/No,No,Yes,0,,,
mReasoner,64250,conditional,single-choice,8,All B are C/No A are C,Yes/No,No,Yes,0,,,
mReasoner,64250,conditional,single-choice,9,All B are C/All A are C,Yes/No,No,Yes,0,,,
mReasoner,64250,conditional,single-choice,10,All B are C/No A are C,Yes/No,No,Yes,0,,,
mReasoner,64250,conditional,single-choice,11,All B are C/No A are B,Yes/No,No,Yes,0,,,
mReasoner,64250,conditional,single-choice,12,All B are C/No A are B,Yes/No,No,Yes,0,,,
mReasoner,64250,conditional,single-choice,13,All B are C/No A are B,Yes/No,No,Yes,0,,,
mReasoner,64250,conditional,single-choice,14,All B are C/No A are B,Yes/No,No,Yes,0,,,
mReasoner,64250,conditional,single-choice,15,All B are C/No A are B,Yes/No,No,Yes,0,,,
mReasoner,64250,conditional,single-choice,16,All B are C/All A are B,Yes/No,No,Yes,0,,,
mReasoner,64250,conditional,single-choice,17,All B are C/No A are C,Yes/No,No,Yes,0,,,
mReasoner,64250,conditional,single-choice,18,All B are C/No A are C,Yes/No,No,Yes,0,,,
mReasoner,64250,conditional,single-choice,19,All B are C/No A are B,Yes/No,No,Yes,0,,,
mReasoner,64250,conditional,single-choice,20,All B are C/All A are B,Yes/No,No,Yes,0,,,
mReasoner,64250,conditional,single-choice,21,All B are C/All A are C,Yes/No,No,Yes,0,,,
mReasoner,64250,conditional,single-choice,22,All B are C/All A are C,Yes/No,No,Yes,0,,,
mReasoner,64250,conditional,single-choice,23,All B are C/No A are B,Yes/No,No,Yes,0,,,
mReasoner,64250,conditional,single-choice,24,All B are C/All A are C,Yes/No,No,Yes,0,,,
mReasoner,64250,conditional,single-choice,25,All B are C/No A are B,Yes/No,No,Yes,0,,,
mReasoner,64250,conditional,single-choice,26,All B are C/No A are C,Yes/No,Yes,Yes,1,,,
mReasoner,64250,conditional,single-choice,27,All B are C/No A are C,Yes/No,Yes,Yes,1,,,
mReasoner,64250,conditional,single-choice,28,All B are C/All A are C,Yes/No,No,Yes,0,,,
mReasoner,64250,conditional,single-choice,29,All B are C/All A are C,Yes/No,No,Yes,0,,,
mReasoner,64250,conditional,single-choice,30,All B are C/No A are C,Yes/No,No,Yes,0,,,
mReasoner,64250,conditional,single-choice,31,All B are C/No A are C,Yes/No,Yes,Yes,1,,,
mReasoner,64250,conditional,single-choice,32,All B are C/All A are C,Yes/No,No,Yes,0,,,
mReasoner,64250,conditional,single-choice,33,All B are C/No A are B,Yes/No,Yes,Yes,1,,,
mReasoner,64250,conditional,single-choice,34,All B are C/All A are C,Yes/No,Yes,Yes,1,,,
mReasoner,64250,conditional,single-choice,35,All B are C/All A are B,Yes/No,Yes,Yes,1,,,
mReasoner,64250,conditional,single-choice,36,All B are C/All A are B,Yes/No,Yes,Yes,1,,,
mReasoner,64250,conditional,single-choice,37,All B are C/All A are C,Yes/No,Yes,Yes,1,,,
mReasoner,64250,conditional,single-choice,38,All B are C/No A are B,Yes/No,Yes,Yes,1,,,
mReasoner,64250,conditional,single-choice,39,All B are C/No A are B,Yes/No,No,Yes,0,,,
mReasoner,64250,conditional,single-choice,40,All B are C/No A are B,Yes/No,No,Yes,0,,,
mReasoner,64250,conditional,single-choice,41,All B are C/All A are C,Yes/No,Yes,Yes,1,,,
mReasoner,64250,conditional,single-choice,42,All B are C/All A are C,Yes/No,No,Yes,0,,,
mReasoner,64250,conditional,single-choice,43,All B are C/All A are B,Yes/No,Yes,Yes,1,,,
mReasoner,64250,conditional,single-choice,44,All B are C/All A are C,Yes/No,No,Yes,0,,,
mReasoner,64250,conditional,single-choice,45,All B are C/All A are B,Yes/No,No,Yes,0,,,
mReasoner,64250,conditional,single-choice,46,All B are C/No A are C,Yes/No,No,Yes,0,,,
mReasoner,64250,conditional,single-choice,47,All B are C/All A are B,Yes/No,Yes,Yes,1,,,
mReasoner,64250,conditional,single-choice,48,All B are C/No A are C,Yes/No,No,Yes,0,,,
mReasoner,64250,conditional,single-choice,49,All B are C/No A are C,Yes/No,No,Yes,0,,,
mReasoner,64250,conditional,single-choice,50,All B are C/All A are B,Yes/No,No,Yes,0,,,
mReasoner,64250,conditional,single-choice,51,All B are C/All A are C,Yes/No,No,Yes,0,,,
mReasoner,64250,conditional,single-choice,52,All B are C/No A are C,Yes/No,No,Yes,0,,,
mReasoner,64250,conditional,single-choice,53,All B are C/All A are B,Yes/No,No,Yes,0,,,
mReasoner,64250,conditional,single-choice,54,All B are C/All A are C,Yes/No,Yes,Yes,1,,,
mReasoner,64250,conditional,single-choice,55,All B are C/No A are B,Yes/No,No,Yes,0,,,
mReasoner,64250,conditional,single-choice,56,All B are C/No A are C,Yes/No,No,Yes,0,,,
mReasoner,64250,conditional,single-choice,57,All B are C/No A are B,Yes/No,No,Yes,0,,,
mReasoner,64250,conditional,single-choice,58,All B are C/All A are B,Yes/No,No,Yes,0,,,
mReasoner,64250,conditional,single-choice,59,All B are C/All A are C,Yes/No,No,Yes,0,,,
mReasoner,64250,conditional,single-choice,60,All B are C/No A are C,Yes/No,No,Yes,0,,,
mReasoner,64250,conditional,single-choice,61,All B are C/All A are B,Yes/No,No,Yes,0,,,
mReasoner,64250,conditional,single-choice,62,All B are C/All A are B,Yes/No,No,Yes,0,,,
mReasoner,64250,conditional,single-choice,63,All B are C/All A are B,Yes/No,No,Yes,0,,,
mReasoner,64250,conditional,single-choice,64,All B are C/All A are B,Yes/No,No,Yes,0,,,
mReasoner,64258,conditional,single-choice,1,All B are C/All A are C,Yes/No,No,Yes,0,,,
mReasoner,64258,conditional,single-choice,2,All B are C/All A are C,Yes/No,No,Yes,0,,,
mReasoner,64258,conditional,single-choice,3,All B are C/All A are C,Yes/No,No,Yes,0,,,
mReasoner,64258,conditional,single-choice,4,All B are C/No A are B,Yes/No,Yes,Yes,1,,,
mReasoner,64258,conditional,single-choice,5,All B are C/All A are C,Yes/No,No,Yes,0,,,
mReasoner,64258,conditional,single-choice,6,All B are C/All A are B,Yes/No,Yes,Yes,1,,,
mReasoner,64258,conditional,single-choice,7,All B are C/All A are B,Yes/No,Yes,Yes,1,,,
mReasoner,64258,conditional,single-choice,8,All B are C/No A are B,Yes/No,Yes,Yes,1,,,
mReasoner,64258,conditional,single-choice,9,All B are C/All A are B,Yes/No,Yes,Yes,1,,,
mReasoner,64258,conditional,single-choice,10,All B are C/All A are C,Yes/No,No,Yes,0,,,
mReasoner,64258,conditional,single-choice,11,All B are C/No A are C,Yes/No,No,Yes,0,,,
mReasoner,64258,conditional,single-choice,12,All B are C/All A are C,Yes/No,No,Yes,0,,,
mReasoner,64258,conditional,single-choice,13,All B are C/No A are C,Yes/No,Yes,Yes,1,,,
mReasoner,64258,conditional,single-choice,14,All B are C/No A are B,Yes/No,No,Yes,0,,,
mReasoner,64258,conditional,single-choice,15,All B are C/No A are B,Yes/No,No,Yes,0,,,
mReasoner,64258,conditional,single-choice,16,All B are C/No A are B,Yes/No,No,Yes,0,,,
mReasoner,64258,conditional,single-choice,17,All B are C/No A are C,Yes/No,No,Yes,0,,,
mReasoner,64258,conditional,single-choice,18,All B are C/No A are C,Yes/No,No,Yes,0,,,
mReasoner,64258,conditional,single-choice,19,All B are C/No A are B,Yes/No,No,Yes,0,,,
mReasoner,64258,conditional,single-choice,20,All B are C/All A are B,Yes/No,Yes,Yes,1,,,
mReasoner,64258,conditional,single-choice,21,All B are C/No A are C,Yes/No,Yes,Yes,1,,,
mReasoner,64258,conditional,single-choice,22,All B are C/All A are B,Yes/No,Yes,Yes,1,,,
mReasoner,64258,conditional,single-choice,23,All B are C/All A are C,Yes/No,No,Yes,0,,,
mReasoner,64258,conditional,single-choice,24,All B are C/All A are B,Yes/No,Yes,Yes,1,,,
mReasoner,64258,conditional,single-choice,25,All B are C/No A are B,Yes/No,Yes,Yes,1,,,
mReasoner,64258,conditional,single-choice,26,All B are C/No A are C,Yes/No,Yes,Yes,1,,,
mReasoner,64258,conditional,single-choice,27,All B are C/All A are C,Yes/No,No,Yes,0,,,
mReasoner,64258,conditional,single-choice,28,All B are C/No A are C,Yes/No,Yes,Yes,1,,,
mReasoner,64258,conditional,single-choice,29,All B are C/All A are C,Yes/No,Yes,Yes,1,,,
mReasoner,64258,conditional,single-choice,30,All B are C/No A are B,Yes/No,Yes,Yes,1,,,
mReasoner,64258,conditional,single-choice,31,All B are C/All A are B,Yes/No,Yes,Yes,1,,,
mReasoner,64258,conditional,single-choice,32,All B are C/All A are C,Yes/No,No,Yes,0,,,
mReasoner,64258,conditional,single-choice,33,All B are C/No A are C,Yes/No,No,Yes,0,,,
mReasoner,64258,conditional,single-choice,34,All B are C/All A are C,Yes/No,Yes,Yes,1,,,
mReasoner,64258,conditional,single-choice,35,All B are C/No A are C,Yes/No,Yes,Yes,1,,,
mReasoner,64258,conditional,single-choice,36,All B are C/No A are C,Yes/No,Yes,Yes,1,,,
mReasoner,64258,conditional,single-choice,37,All B are C/No A are B,Yes/No,Yes,Yes,1,,,
mReasoner,64258,conditional,single-choice,38,All B are C/All A are B,Yes/No,Yes,Yes,1,,,
mReasoner,64258,conditional,single-choice,39,All B are C/All A are C,Yes/No,No,Yes,0,,,
mReasoner,64258,conditional,single-choice,40,All B are C/All A are B,Yes/No,Yes,Yes,1,,,
mReasoner,64258,conditional,single-choice,41,All B are C/All A are C,Yes/No,No,Yes,0,,,
mReasoner,64258,conditional,single-choice,42,All B are C/All A are C,Yes/No,No,Yes,0,,,
mReasoner,64258,conditional,single-choice,43,All B are C/All A are B,Yes/No,Yes,Yes,1,,,
mReasoner,64258,conditional,single-choice,44,All B are C/All A are C,Yes/No,No,Yes,0,,,
mReasoner,64258,conditional,single-choice,45,All B are C/No A are B,Yes/No,Yes,Yes,1,,,
mReasoner,64258,conditional,single-choice,46,All B are C/No A are B,Yes/No,Yes,Yes,1,,,
mReasoner,64258,conditional,single-choice,47,All B are C/All A are C,Yes/No,No,Yes,0,,,
mReasoner,64258,conditional,single-choice,48,All B are C/All A are B,Yes/No,Yes,Yes,1,,,
mReasoner,64258,conditional,single-choice,49,All B are C/All A are B,Yes/No,Yes,Yes,1,,,
mReasoner,64258,conditional,single-choice,50,All B are C/All A are B,Yes/No,Yes,Yes,1,,,
mReasoner,64258,conditional,single-choice,51,All B are C/No A are B,Yes/No,Yes,Yes,1,,,
mReasoner,64258,conditional,single-choice,52,All B are C/No A are C,Yes/No,No,Yes,0,,,
mReasoner,64258,conditional,single-choice,53,All B are C/All A are B,Yes/No,Yes,Yes,1,,,
mReasoner,64258,conditional,single-choice,54,All B are C/No A are B,Yes/No,Yes,Yes,1,,,
mReasoner,64258,conditional,single-choice,55,All B are C/No A are B,Yes/No,No,Yes,0,,,
mReasoner,64258,conditional,single-choice,56,All B are C/No A are B,Yes/No,Yes,Yes,1,,,
mReasoner,64258,conditional,single-choice,57,All B are C/No A are B,Yes/No,Yes,Yes,1,,,
mReasoner,64258,conditional,single-choice,58,All B are C/No A are C,Yes/No,No,Yes,0,,,
mReasoner,64258,conditional,single-choice,59,All B are C/All A are B,Yes/No,Yes,Yes,1,,,
mReasoner,64258,conditional,single-choice,60,All B are C/No A are C,Yes/No,No,Yes,0,,,
mReasoner,64258,conditional,single-choice,61,All B are C/No A are C,Yes/No,No,Yes,0,,,
mReasoner,64258,conditional,single-choice,62,All B are C/No A are C,Yes/No,No,Yes,0,,,
mReasoner,64258,conditional,single-choice,63,All B are C/No A are C,Yes/No,No,Yes,0,,,
mReasoner,64258,conditional,single-choice,64,All B are C/All A are B,Yes/No,Yes,Yes,1,,,
mReasoner,64270,conditional,single-choice,1,All B are C/All A are B,Yes/No,Yes,Yes,1,,,
mReasoner,64270,conditional,single-choice,2,All B are C/No A are B,Yes/No,No,Yes,0,,,
mReasoner,64270,conditional,single-choice,3,All B are C/No A are B,Yes/No,No,Yes,0,,,
mReasoner,64270,conditional,single-choice,4,All B are C/No A are C,Yes/No,No,Yes,0,,,
mReasoner,64270,conditional,single-choice,5,All B are C/All A are C,Yes/No,No,Yes,0,,,
mReasoner,64270,conditional,single-choice,6,All B are C/No A are C,Yes/No,Yes,Yes,1,,,
mReasoner,64270,conditional,single-choice,7,All B are C/All A are C,Yes/No,No,Yes,0,,,
mReasoner,64270,conditional,single-choice,8,All B are C/No A are B,Yes/No,No,Yes,0,,,
mReasoner,64270,conditional,single-choice,9,All B are C/No A are C,Yes/No,Yes,Yes,1,,,
mReasoner,64270,conditional,single-choice,10,All B are C/No A are B,Yes/No,No,Yes,0,,,
mReasoner,64270,conditional,single-choice,11,All B are C/All A are C,Yes/No,No,Yes,0,,,
mReasoner,64270,conditional,single-choice,12,All B are C/No A are C,Yes/No,Yes,Yes,1,,,
mReasoner,64270,conditional,single-choice,13,All B are C/No A are C,Yes/No,Yes,Yes,1,,,
mReasoner,64270,conditional,single-choice,14,All B are C/No A are C,Yes/No,Yes,Yes,1,,,
mReasoner,64270,conditional,single-choice,15,All B are C/No A are C,Yes/No,Yes,Yes,1,,,
mReasoner,64270,conditional,single-choice,16,All B are C/All A are C,Yes/No,No,Yes,0,,,
mReasoner,64270,conditional,single-choice,17,All B are C/All A are C,Yes/No,No,Yes,0,,,
mReasoner,64270,conditional,single-choice,18,All B are C/All A are B,Yes/No,Yes,Yes,1,,,
mReasoner,64270,conditional,single-choice,19,All B are C/All A are B,Yes/No,Yes,Yes,1,,,
mReasoner,64270,conditional,single-choice,20,All B are C/All A are B,Yes/No,Yes,Yes,1,,,
mReasoner,64270,conditional,single-choice,21,All B are C/No A are C,Yes/No,No,Yes,0,,,
mReasoner,64270,conditional,single-choice,22,All B are C/All A are C,Yes/No,No,Yes,0,,,
mReasoner,64270,conditional,single-choice,23,All B are C/All A are C,Yes/No,No,Yes,0,,,
mReasoner,64270,conditional,single-choice,24,All B are C/All A are C,Yes/No,No,Yes,0,,,
mReasoner,64270,conditional,single-choice,25,All B are C/No A are C,Yes/No,Yes,Yes,1,,,
mReasoner,64270,conditional,single-choice,26,All B are C/All A are B,Yes/No,Yes,Yes,1,,,
mReasoner,64270,conditional,single-choice,27,All B are C/All A are C,Yes/No,No,Yes,0,,,
mReasoner,64270,conditional,single-choice,28,All B are C/All A are C,Yes/No,No,Yes,0,,,
mReasoner,64270,conditional,single-choice,29,All B are C/All A are B,Yes/No,Yes,Yes,1,,,
mReasoner,64270,conditional,single-choice,30,All B are C/All A are C,Yes/No,No,Yes,0,,,
mReasoner,64270,conditional,single-choice,31,All B are C/All A are B,Yes/No,No,Yes,0,,,
mReasoner,64270,conditional,single-choice,32,All B are C/All A are C,Yes/No,No,Yes,0,,,
mReasoner,64270,conditional,single-choice,33,All B are C/All A are C,Yes/No,No,Yes,0,,,
mReasoner,64270,conditional,single-choice,34,All B are C/All A are B,Yes/No,Yes,Yes,1,,,
mReasoner,64270,conditional,single-choice,35,All B are C/No A are B,Yes/No,No,Yes,0,,,
mReasoner,64270,conditional,single-choice,36,All B are C/No A are B,Yes/No,No,Yes,0,,,
mReasoner,64270,conditional,single-choice,37,All B are C/All A are B,Yes/No,Yes,Yes,1,,,
mReasoner,64270,conditional,single-choice,38,All B are C/All A are B,Yes/No,Yes,Yes,1,,,
mReasoner,64270,conditional,single-choice,39,All B are C/No A are B,Yes/No,Yes,Yes,1,,,
mReasoner,64270,conditional,single-choice,40,All B are C/No A are C,Yes/No,Yes,Yes,1,,,
mReasoner,64270,conditional,single-choice,41,All B are C/No A are B,Yes/No,No,Yes,0,,,
mReasoner,64270,conditional,single-choice,42,All B are C/All A are C,Yes/No,No,Yes,0,,,
mReasoner,64270,conditional,single-choice,43,All B are C/No A are C,Yes/No,No,Yes,0,,,
mReasoner,64270,conditional,single-choice,44,All B are C/No A are B,Yes/No,No,Yes,0,,,
mReasoner,64270,conditional,single-choice,45,All B are C/All A are B,Yes/No,Yes,Yes,1,,,
mReasoner,64270,conditional,single-choice,46,All B are C/No A are C,Yes/No,Yes,Yes,1,,,
mReasoner,64270,conditional,single-choice,47,All B are C/All A are B,Yes/No,Yes,Yes,1,,,
mReasoner,64270,conditional,single-choice,48,All B are C/No A are C,Yes/No,Yes,Yes,1,,,
mReasoner,64270,conditional,single-choice,49,All B are C/No A are B,Yes/No,No,Yes,0,,,
mReasoner,64270,conditional,single-choice,50,All B are C/All A are C,Yes/No,No,Yes,0,,,
mReasoner,64270,conditional,single-choice,51,All B are C/No A are C,Yes/No,Yes,Yes,1,,,
mReasoner,64270,conditional,single-choice,52,All B are C/No A are B,Yes/No,Yes,Yes,1,,,
mReasoner,64270,conditional,single-choice,53,All B are C/No A are C,Yes/No,Yes,Yes,1,,,
mReasoner,64270,conditional,single-choice,54,All B are C/All A are B,Yes/No,Yes,Yes,1,,,
mReasoner,64270,conditional,single-choice,55,All B are C/No A are B,Yes/No,No,Yes,0,,,
mReasoner,64270,conditional,single-choice,56,All B are C/No A are B,Yes/No,No,Yes,0,,,
mReasoner,64270,conditional,single-choice,57,All B are C/No A are B,Yes/No,No,Yes,0,,,
mReasoner,64270,conditional,single-choice,58,All B are C/All A are C,Yes/No,No,Yes,0,,,
mReasoner,64270,conditional,single-choice,59,All B are C/No A are C,Yes/No,Yes,Yes,1,,,
mReasoner,64270,conditional,single-choice,60,All B are C/No A are B,Yes/No,No,Yes,0,,,
mReasoner,64270,conditional,single-choice,61,All B are C/All A are B,Yes/No,Yes,Yes,1,,,
mReasoner,64270,conditional,single-choice,62,All B are C/All A are B,Yes/No,Yes,Yes,1,,,
mReasoner,64270,conditional,single-choice,63,All B are C/No A are B,Yes/No,No,Yes,0,,,
mReasoner,64270,conditional,single-choice,64,All B are C/All A are B,Yes/No,Yes,Yes,1,,,
mReasoner,64312,conditional,single-choice,1,All B are C/No A are B,Yes/No,No,Yes,0,,,
mReasoner,64312,conditional,single-choice,2,All B are C/All A are C,Yes/No,No,Yes,0,,,
mReasoner,64312,conditional,single-choice,3,All B are C/All A are B,Yes/No,Yes,Yes,1,,,
mReasoner,64312,conditional,single-choice,4,All B are C/No A are B,Yes/No,Yes,Yes,1,,,
mReasoner,64312,conditional,single-choice,5,All B are C/No A are B,Yes/No,Yes,Yes,1,,,
mReasoner,64312,conditional,single-choice,6,All B are C/All A are C,Yes/No,Yes,Yes,1,,,
mReasoner,64312,conditional,single-choice,7,All B are C/No A are B,Yes/No,No,Yes,0,,,
mReasoner,64312,conditional,single-choice,8,All B are C/No A are C,Yes/No,Yes,Yes,1,,,
mReasoner,64312,conditional,single-choice,9,All B are C/No A are C,Yes/No,Yes,Yes,1,,,
mReasoner,64312,conditional,single-choice,10,All B are C/All A are B,Yes/No,No,Yes,0,,,
mReasoner,64312,conditional,single-choice,11,All B are C/All A are C,Yes/No,No,Yes,0,,,
mReasoner,64312,conditional,single-choice,12,All B are C/No A are C,Yes/No,No,Yes,0,,,
mReasoner,64312,conditional,single-choice,13,All B are C/All A are C,Yes/No,No,Yes,0,,,
mReasoner,64312,conditional,single-choice,14,All B are C/All A are C,Yes/No,Yes,Yes,1,,,
mReasoner,64312,conditional,single-choice,15,All B are C/All A are C,Yes/No,No,Yes,0,,,
mReasoner,64312,conditional,single-choice,16,All B are C/No A are B,Yes/No,Yes,Yes,1,,,
mReasoner,64312,conditional,single-choice,17,All B are C/No A are B,Yes/No,No,Yes,0,,,
mReasoner,64312,conditional,single-choice,18,All B are C/All A are B,Yes/No,Yes,Yes,1,,,
mReasoner,64312,conditional,single-choice,19,All B are C/All A are B,Yes/No,No,Yes,0,,,
mReasoner,64312,conditional,single-choice,20,All B are C/No A are B,Yes/No,No,Yes,0,,,
mReasoner,64312,conditional,single-choice,21,All B are C/No A are C,Yes/No,No,Yes,0,,,
mReasoner,64312,conditional,single-choice,22,All B are C/No A are C,Yes/No,Yes,Yes,1,,,
mReasoner,64312,conditional,single-choice,23,All B are C/All A are C,Yes/No,No,Yes,0,,,
mReasoner,64312,conditional,single-choice,24,All B are C/All A are B,Yes/No,No,Yes,0,,,
mReasoner,64312,conditional,single-choice,25,All B are C/All A are B,Yes/No,Yes,Yes,1,,,
mReasoner,64312,conditional,single-choice,26,All B are C/All A are C,Yes/No,Yes,Yes,1,,,
mReasoner,64312,conditional,single-choice,27,All B are C/No A are B,Yes/No,Yes,Yes,1,,,
mReasoner,64312,conditional,single-choice,28,All B are C/All A are C,Yes/No,Yes,Yes,1,,,
mReasoner,64312,conditional,single-choice,29,All B are C/No A are C,Yes/No,Yes,Yes,1,,,
mReasoner,64312,conditional,single-choice,30,All B are C/No A are B,Yes/No,No,Yes,0,,,
mReasoner,64312,conditional,single-choice,31,All B are C/No A are C,Yes/No,No,Yes,0,,,
mReasoner,64312,conditional,single-choice,32,All B are C/No A are C,Yes/No,Yes,Yes,1,,,
mReasoner,64312,conditional,single-choice,33,All B are C/No A are B,Yes/No,Yes,Yes,1,,,
mReasoner,64312,conditional,single-choice,34,All B are C/All A are B,Yes/No,Yes,Yes,1,,,
mReasoner,64312,conditional,single-choice,35,All B are C/No A are B,Yes/No,No,Yes,0,,,
mReasoner,64312,conditional,single-choice,36,All B are C/All A are B,Yes/No,Yes,Yes,1,,,
mReasoner,64312,conditional,single-choice,37,All B are C/All A are B,Yes/No,Yes,Yes,1,,,
mReasoner,64312,conditional,single-choice,38,All B are C/All A are C,Yes/No,No,Yes,0,,,
mReasoner,64312,conditional,single-choice,39,All B are C/All A are B,Yes/No,No,Yes,0,,,
mReasoner,64312,conditional,single-choice,40,All B are C/No A are B,Yes/No,Yes,Yes,1,,,
mReasoner,64312,conditional,single-choice,41,All B are C/All A are B,Yes/No,Yes,Yes,1,,,
mReasoner,64312,conditional,single-choice,42,All B are C/All A are B,Yes/No,Yes,Yes,1,,,
mReasoner,64312,conditional,single-choice,43,All B are C/No A are C,Yes/No,Yes,Yes,1,,,
mReasoner,64312,conditional,single-choice,44,All B are C/No A are B,Yes/No,No,Yes,0,,,
mReasoner,64312,conditional,single-choice,45,All B are C/No A are C,Yes/No,No,Yes,0,,,
mReasoner,64312,conditional,single-choice,46,All B are C/All A are C,Yes/No,No,Yes,0,,,
mReasoner,64312,conditional,single-choice,47,All B are C/No A are B,Yes/No,Yes,Yes,1,,,
mReasoner,64312,conditional,single-choice,48,All B are C/No A are B,Yes/No,Yes,Yes,1,,,
mReasoner,64312,conditional,single-choice,49,All B are C/No A are C,Yes/No,Yes,Yes,1,,,
mReasoner,64312,conditional,single-choice,50,All B are C/All A are B,Yes/No,No,Yes,0,,,
mReasoner,64312,conditional,single-choice,51,All B are C/All A are B,Yes/No,No,Yes,0,,,
mReasoner,64312,conditional,single-choice,52,All B are C/No A are C,Yes/No,No,Yes,0,,,
mReasoner,64312,conditional,single-choice,53,All B are C/No A are C,Yes/No,No,Yes,0,,,
mReasoner,64312,conditional,single-choice,54,All B are C/No A are C,Yes/No,Yes,Yes,1,,,
mReasoner,64312,conditional,single-choice,55,All B are C/All A are B,Yes/No,Yes,Yes,1,,,
mReasoner,64312,conditional,single-choice,56,All B are C/No A are C,Yes/No,No,Yes,0,,,
mReasoner,64312,conditional,single-choice,57,All B are C/All A are B,Yes/No,No,Yes,0,,,
mReasoner,64312,conditional,single-choice,58,All B are C/No A are C,Yes/No,No,Yes,0,,,
mReasoner,64312,conditional,single-choice,59,All B are C/All A are C,Yes/No,Yes,Yes,1,,,
mReasoner,64312,conditional,single-choice,60,All B are C/All A are C,Yes/No,Yes,Yes,1,,,
mReasoner,64312,conditional,single-choice,61,All B are C/All A are C,Yes/No,Yes,Yes,1,,,
mReasoner,64312,conditional,single-choice,62,All B are C/All A are C,Yes/No,No,Yes,0,,,
mReasoner,64312,conditional,single-choice,63,All B are C/All A are C,Yes/No,Yes,Yes,1,,,
mReasoner,64312,conditional,single-choice,64,All B are C/No A are B,Yes/No,No,Yes,0,,,
mReasoner,64363,conditional,single-choice,1,All B are C/No A are B,Yes/No,Yes,Yes,1,,,
mReasoner,64363,conditional,single-choice,2,All B are C/No A are B,Yes/No,No,Yes,0,,,
mReasoner,64363,conditional,single-choice,3,All B are C/No A are C,Yes/No,Yes,Yes,1,,,
mReasoner,64363,conditional,single-choice,4,All B are C/All A are B,Yes/No,Yes,Yes,1,,,
mReasoner,64363,conditional,single-choice,5,All B are C/No A are B,Yes/No,Yes,Yes,1,,,
mReasoner,64363,conditional,single-choice,6,All B are C/All A are B,Yes/No,Yes,Yes,1,,,
mReasoner,64363,conditional,single-choice,7,All B are C/All A are B,Yes/No,Yes,Yes,1,,,
mReasoner,64363,conditional,single-choice,8,All B are C/No A are C,Yes/No,Yes,Yes,1,,,
mReasoner,64363,conditional,single-choice,9,All B are C/All A are C,Yes/No,Yes,Yes,1,,,
mReasoner,64363,conditional,single-choice,10,All B are C/No A are C,Yes/No,Yes,Yes,1,,,
mReasoner,64363,conditional,single-choice,11,All B are C/All A are B,Yes/No,Yes,Yes,1,,,
mReasoner,64363,conditional,single-choice,12,All B are C/All A are B,Yes/No,Yes,Yes,1,,,
mReasoner,64363,conditional,single-choice,13,All B are C/No A are B,Yes/No,Yes,Yes,1,,,
mReasoner,64363,conditional,single-choice,14,All B are C/No A are B,Yes/No,Yes,Yes,1,,,
mReasoner,64363,conditional,single-choice,15,All B are C/All A are B,Yes/No,Yes,Yes,1,,,
mReasoner,64363,conditional,single-choice,16,All B are C/All A are C,Yes/No,Yes,Yes,1,,,
mReasoner,64363,conditional,single-choice,17,All B are C/No A are B,Yes/No,Yes,Yes,1,,,
mReasoner,64363,conditional,single-choice,18,All B are C/No A are C,Yes/No,Yes,Yes,1,,,
mReasoner,64363,conditional,single-choice,19,All B are C/All A are B,Yes/No,No,Yes,0,,,
mReasoner,64363,conditional,single-choice,20,All B are C/No A are C,Yes/No,No,Yes,0,,,
mReasoner,64363,conditional,single-choice,21,All B are C/No A are C,Yes/No,Yes,Yes,1,,,
mReasoner,64363,conditional,single-choice,22,All B are C/All A are C,Yes/No,Yes,Yes,1,,,
mReasoner,64363,conditional,single-choice,23,All B are C/All A are B,Yes/No,Yes,Yes,1,,,
mReasoner,64363,conditional,single-choice,24,All B are C/No A are C,Yes/No,Yes,Yes,1,,,
mReasoner,64363,conditional,single-choice,25,All B are C/No A are B,Yes/No,Yes,Yes,1,,,
mReasoner,64363,conditional,single-choice,26,All B are C/All A are B,Yes/No,Yes,Yes,1,,,
mReasoner,64363,conditional,single-choice,27,All B are C/No A are C,Yes/No,Yes,Yes,1,,,
mReasoner,64363,conditional,single-choice,28,All B are C/All A are C,Yes/No,No,Yes,0,,,
mReasoner,64363,conditional,single-choice,29,All B are C/All A are B,Yes/No,Yes,Yes,1,,,
mReasoner,64363,conditional,single-choice,30,All B are C/All A are C,Yes/No,Yes,Yes,1,,,
mReasoner,64363,conditional,single-choice,31,All B are C/All A are B,Yes/No,Yes,Yes,1,,,
mReasoner,64363,conditional,single-choice,32,All B are C/No A are B,Yes/No,No,Yes,0,,,
mReasoner,64363,conditional,single-choice,33,All B are C/No A are C,Yes/No,Yes,Yes,1,,,
mReasoner,64363,conditional,single-choice,34,All B are C/All A are C,Yes/No,Yes,Yes,1,,,
mReasoner,64363,conditional,single-choice,35,All B are C/All A are B,Yes/No,Yes,Yes,1,,,
mReasoner,64363,conditional,single-choice,36,All B are C/All A are B,Yes/No,Yes,Yes,1,,,
mReasoner,64363,conditional,single-choice,37,All B are C/All A are C,Yes/No,Yes,Yes,1,,,
mReasoner,64363,conditional,single-choice,38,All B are C/No A are C,Yes/No,Yes,Yes,1,,,
mReasoner,64363,conditional,single-choice,39,All B are C/All A are B,Yes/No,Yes,Yes,1,,,
mReasoner,64363,conditional,single-choice,40,All B are C/All A are C,Yes/No,Yes,Yes,1,,,
mReasoner,64363,conditional,single-choice,41,All B are C/No A are B,Yes/No,Yes,Yes,1,,,
mReasoner,64363,conditional,single-choice,42,All B are C/All A are C,Yes/No,Yes,Yes,1,,,
mReasoner,64363,conditional,single-choice,43,All B are C/No A are C,Yes/No,Yes,Yes,1,,,
mReasoner,64363,conditional,single-choice,44,All B are C/No A are B,Yes/No,Yes,Yes,1,,,
mReasoner,64363,conditional,single-choice,45,All B are C/No A are C,Yes/No,Yes,Yes,1,,,
mReasoner,64363,conditional,single-choice,46,All B are C/All A are B,Yes/No,Yes,Yes,1,,,
mReasoner,64363,conditional,single-choice,47,All B are C/All A are C,Yes/No,Yes,Yes,1,,,
mReasoner,64363,conditional,single-choice,48,All B are C/No A are C,Yes/No,Yes,Yes,1,,,
mReasoner,64363,conditional,single-choice,49,All B are C/No A are B,Yes/No,Yes,Yes,1,,,
mReasoner,64363,conditional,single-choice,50,All B are C/All A are C,Yes/No,Yes,Yes,1,,,
mReasoner,64363,conditional,single-choice,51,All B are C/No A are B,Yes/No,Yes,Yes,1,,,
mReasoner,64363,conditional,single-choice,52,All B are C/All A are B,Yes/No,Yes,Yes,1,,,
mReasoner,64363,conditional,single-choice,53,All B are C/All A are C,Yes/No,Yes,Yes,1,,,
mReasoner,64363,conditional,single-choice,54,All B are C/No A are B,Yes/No,Yes,Yes,1,,,
mReasoner,64363,conditional,single-choice,55,All B are C/All A are C,Yes/No,Yes,Yes,1,,,
mReasoner,64363,conditional,single-choice,56,All B are C/All A are C,Yes/No,Yes,Yes,1,,,
mReasoner,64363,conditional,single-choice,57,All B are C/No A are B,Yes/No,Yes,Yes,1,,,
mReasoner,64363,conditional,single-choice,58,All B are C/No A are C,Yes/No,Yes,Yes,1,,,
mReasoner,64363,conditional,single-choice,59,All B are C/All A are C,Yes/No,Yes,Yes,1,,,
mReasoner,64363,conditional,single-choice,60,All B are C/All A are C,Yes/No,Yes,Yes,1,,,
mReasoner,64363,conditional,single-choice,61,All B are C/No A are B,Yes/No,Yes,Yes,1,,,
mReasoner,64363,conditional,single-choice,62,All B are C/No A are C,Yes/No,Yes,Yes,1,,,
mReasoner,64363,conditional,single-choice,63,All B are C/No A are C,Yes/No,Yes,Yes,1,,,
mReasoner,64363,conditional,single-choice,64,All B are C/No A are B,Yes/No,Yes,Yes,1,,,
mReasoner,64369,conditional,single-choice,1,All B are C/All A are C,Yes/No,No,Yes,0,,,
mReasoner,64369,conditional,single-choice,2,All B are C/No A are B,Yes/No,No,Yes,0,,,
mReasoner,64369,conditional,single-choice,3,All B are C/No A are C,Yes/No,No,Yes,0,,,
mReasoner,64369,conditional,single-choice,4,All B are C/All A are B,Yes/No,No,Yes,0,,,
mReasoner,64369,conditional,single-choice,5,All B are C/No A are B,Yes/No,No,Yes,0,,,
mReasoner,64369,conditional,single-choice,6,All B are C/All A are C,Yes/No,Yes,Yes,1,,,
mReasoner,64369,conditional,single-choice,7,All B are C/All A are C,Yes/No,No,Yes,0,,,
mReasoner,64369,conditional,single-choice,8,All B are C/All A are B,Yes/No,Yes,Yes,1,,,
mReasoner,64369,conditional,single-choice,9,All B are C/No A are B,Yes/No,No,Yes,0,,,
mReasoner,64369,conditional,single-choice,10,All B are C/No A are C,Yes/No,No,Yes,0,,,
mReasoner,64369,conditional,single-choice,11,All B are C/All A are C,Yes/No,Yes,Yes,1,,,
mReasoner,64369,conditional,single-choice,12,All B are C/No A are B,Yes/No,No,Yes,0,,,
mReasoner,64369,conditional,single-choice,13,All B are C/No A are B,Yes/No,No,Yes,0,,,
mReasoner,64369,conditional,single-choice,14,All B are C/All A are B,Yes/No,No,Yes,0,,,
mReasoner,64369,conditional,single-choice,15,All B are C/All A are B,Yes/No,Yes,Yes,1,,,
mReasoner,64369,conditional,single-choice,16,All B are C/No A are B,Yes/No,No,Yes,0,,,
mReasoner,64369,conditional,single-choice,17,All B are C/All A are B,Yes/No,Yes,Yes,1,,,
mReasoner,64369,conditional,single-choice,18,All B are C/All A are C,Yes/No,Yes,Yes,1,,,
mReasoner,64369,conditional,single-choice,19,All B are C/No A are C,Yes/No,No,Yes,0,,,
mReasoner,64369,conditional,single-choice,20,All B are C/No A are C,Yes/No,No,Yes,0,,,
mReasoner,64369,conditional,single-choice,21,All B are C/No A are B,Yes/No,No,Yes,0,,,
mReasoner,64369,conditional,single-choice,22,All B are C/No A are B,Yes/No,Yes,Yes,1,,,
mReasoner,64369,conditional,single-choice,23,All B are C/No A are C,Yes/No,No,Yes,0,,,
mReasoner,64369,conditional,single-choice,24,All B are C/No A are C,Yes/No,No,Yes,0,,,
mReasoner,64369,conditional,single-choice,25,All B are C/No A are C,Yes/No,No,Yes,0,,,
mReasoner,64369,conditional,single-choice,26,All B are C/No A are C,Yes/No,Yes,Yes,1,,,
mReasoner,64369,conditional,single-choice,27,All B are C/All A are B,Yes/No,No,Yes,0,,,
mReasoner,64369,conditional,single-choice,28,All B are C/All A are C,Yes/No,Yes,Yes,1,,,
mReasoner,64369,conditional,single-choice,29,All B are C/All A are C,Yes/No,No,Yes,0,,,
mReasoner,64369,conditional,single-choice,30,All B are C/All A are B,Yes/No,Yes,Yes,1,,,
mReasoner,64369,conditional,single-choice,31,All B are C/No A are C,Yes/No,No,Yes,0,,,
mReasoner,64369,conditional,single-choice,32,All B are C/No A are B,Yes/No,Yes,Yes,1,,,
mReasoner,64369,conditional,single-choice,33,All B are C/No A are C,Yes/No,No,Yes,0,,,
mReasoner,64369,conditional,single-choice,34,All B are C/No A are C,Yes/No,Yes,Yes,1,,,
mReasoner,64369,conditional,single-choice,35,All B are C/No A are B,Yes/No,No,Yes,0,,,
mReasoner,64369,conditional,single-choice,36,All B are C/No A are C,Yes/No,No,Yes,0,,,
mReasoner,64369,conditional,single-choice,37,All B are C/All A are C,Yes/No,Yes,Yes,1,,,
mReasoner,64369,conditional,single-choice,38,All B are C/No A are C,Yes/No,Yes,Yes,1,,,
mReasoner,64369,conditional,single-choice,39,All B are C/No A are B,Yes/No,Yes,Yes,1,,,
mReasoner,64369,conditional,single-choice,40,All B are C/All A are C,Yes/No,No,Yes,0,,,
mReasoner,64369,conditional,single-choice,41,All B are C/All A are B,Yes/No,Yes,Yes,1,,,
mReasoner,64369,conditional,single-choice,42,All B are C/No A are B,Yes/No,Yes,Yes,1,,,
mReasoner,64369,conditional,single-choice,43,All B are C/All A are C,Yes/No,No,Yes,0,,,
mReasoner,64369,conditional,single-choice,44,All B are C/All A are B,Yes/No,No,Yes,0,,,
mReasoner,64369,conditional,single-choice,45,All B are C/No A are C,Yes/No,Yes,Yes,1,,,
mReasoner,64369,conditional,single-choice,46,All B are C/All A are C,Yes/No,No,Yes,0,,,
mReasoner,64369,conditional,single-choice,47,All B are C/No A are B,Yes/No,No,Yes,0,,,
mReasoner,64369,conditional,single-choice,48,All B are C/No A are B,Yes/No,No,Yes,0,,,
mReasoner,64369,conditional,single-choice,49,All B are C/All A are C,Yes/No,Yes,Yes,1,,,
mReasoner,64369,conditional,single-choice,50,All B are C/No A are B,Yes/No,Yes,Yes,1,,,
mReasoner,64369,conditional,single-choice,51,All B are C/All A are B,Yes/No,Yes,Yes,1,,,
mReasoner,64369,conditional,single-choice,52,All B are C/All A are C,Yes/No,No,Yes,0,,,
mReasoner,64369,conditional,single-choice,53,All B are C/No A are C,Yes/No,No,Yes,0,,,
mReasoner,64369,conditional,single-choice,54,All B are C/All A are C,Yes/No,No,Yes,0,,,
mReasoner,64369,conditional,single-choice,55,All B are C/All A are C,Yes/No,Yes,Yes,1,,,
mReasoner,64369,conditional,single-choice,56,All B are C/All A are B,Yes/No,Yes,Yes,1,,,
mReasoner,64369,conditional,single-choice,57,All B are C/No A are B,Yes/No,Yes,Yes,1,,,
mReasoner,64369,conditional,single-choice,58,All B are C/No A are C,Yes/No,Yes,Yes,1,,,
mReasoner,64369,conditional,single-choice,59,All B are C/All A are B,Yes/No,Yes,Yes,1,,,
mReasoner,64369,conditional,single-choice,60,All B are C/All A are B,Yes/No,No,Yes,0,,,
mReasoner,64369,conditional,single-choice,61,All B are C/All A are C,Yes/No,Yes,Yes,1,,,
mReasoner,64369,conditional,single-choice,62,All B are C/All A are B,Yes/No,No,Yes,0,,,
mReasoner,64369,conditional,single-choice,63,All B are C/All A are B,Yes/No,Yes,Yes,1,,,
mReasoner,64369,conditional,single-choice,64,All B are C/All A are B,Yes/No,No,Yes,0,,,
mReasoner,64386,conditional,single-choice,1,All B are C/All A are B,Yes/No,No,Yes,0,,,
mReasoner,64386,conditional,single-choice,2,All B are C/No A are C,Yes/No,Yes,Yes,1,,,
mReasoner,64386,conditional,single-choice,3,All B are C/No A are C,Yes/No,Yes,Yes,1,,,
mReasoner,64386,conditional,single-choice,4,All B are C/No A are B,Yes/No,Yes,Yes,1,,,
mReasoner,64386,conditional,single-choice,5,All B are C/All A are B,Yes/No,Yes,Yes,1,,,
mReasoner,64386,conditional,single-choice,6,All B are C/All A are B,Yes/No,Yes,Yes,1,,,
mReasoner,64386,conditional,single-choice,7,All B are C/All A are C,Yes/No,Yes,Yes,1,,,
mReasoner,64386,conditional,single-choice,8,All B are C/No A are C,Yes/No,Yes,Yes,1,,,
mReasoner,64386,conditional,single-choice,9,All B are C/No A are B,Yes/No,No,Yes,0,,,
mReasoner,64386,conditional,single-choice,10,All B are C/No A are C,Yes/No,Yes,Yes,1,,,
mReasoner,64386,conditional,single-choice,11,All B are C/No A are C,Yes/No,No,Yes,0,,,
mReasoner,64386,conditional,single-choice,12,All B are C/All A are B,Yes/No,No,Yes,0,,,
mReasoner,64386,conditional,single-choice,13,All B are C/No A are B,Yes/No,Yes,Yes,1,,,
mReasoner,64386,conditional,single-choice,14,All B are C/No A are C,Yes/No,No,Yes,0,,,
mReasoner,64386,conditional,single-choice,15,All B are C/All A are C,Yes/No,Yes,Yes,1,,,
mReasoner,64386,conditional,single-choice,16,All B are C/All A are C,Yes/No,No,Yes,0,,,
mReasoner,64386,conditional,single-choice,17,All B are C/No A are B,Yes/No,No,Yes,0,,,
mReasoner,64386,conditional,single-choice,18,All B are C/No A are C,Yes/No,No,Yes,0,,,
mReasoner,64386,conditional,single-choice,19,All B are C/All A are C,Yes/No,No,Yes,0,,,
mReasoner,64386,conditional,single-choice,20,All B are C/All A are C,Yes/No,Yes,Yes,1,,,
mReasoner,64386,conditional,single-choice,21,All B are C/No A are C,Yes/No,Yes,Yes,1,,,
mReasoner,64386,conditional,single-choice,22,All B are C/All A are B,Yes/No,Yes,Yes,1,,,
mReasoner,64386,conditional,single-choice,23,All B are C/No A are B,Yes/No,No,Yes,0,,,
mReasoner,64386,conditional,single-choice,24,All B are C/All A are B,Yes/No,Yes,Yes,1,,,
mReasoner,64386,conditional,single-choice,25,All B are C/No A are B,Yes/No,No,Yes,0,,,
mReasoner,64386,conditional,single-choice,26,All B are C/No A are C,Yes/No,No,Yes,0,,,
mReasoner,64386,conditional,single-choice,27,All B are C/All A are B,Yes/No,Yes,Yes,1,,,
mReasoner,64386,conditional,single-choice,28,All B are C/No A are C,Yes/No,No,Yes,0,,,
mReasoner,64386,conditional,single-choice,29,All B are C/All A are B,Yes/No,Yes,Yes,1,,,
mReasoner,64386,conditional,single-choice,30,All B are C/All A are C,Yes/No,No,Yes,0,,,
mReasoner,64386,conditional,single-choice,31,All B are C/No A are B,Yes/No,No,Yes,0,,,
mReasoner,64386,conditional,single-choice,32,All B are C/All A are C,Yes/No,No,Yes,0,,,
mReasoner,64386,conditional,single-choice,33,All B are C/All A are B,Yes/No,No,Yes,0,,,
mReasoner,64386,conditional,single-choice,34,All B are C/No A are B,Yes/No,No,Yes,0,,,
mReasoner,64386,conditional,single-choice,35,All B are C/All A are B,Yes/No,No,Yes,0,,,
mReasoner,64386,conditional,single-choice,36,All B are C/No A are B,Yes/No,No,Yes,0,,,
mReasoner,64386,conditional,single-choice,37,All B are C/All A are C,Yes/No,No,Yes,0,,,
mReasoner,64386,conditional,single-choice,38,All B are C/No A are C,Yes/No,Yes,Yes,1,,,
mReasoner,64386,conditional,single-choice,39,All B are C/All A are B,Yes/No,Yes,Yes,1,,,
mReasoner,64386,conditional,single-choice,40,All B are C/No A are B,Yes/No,Yes,Yes,1,,,
mReasoner,64386,conditional,single-choice,41,All B are C/No A are C,Yes/No,No,Yes,0,,,
mReasoner,64386,conditional,single-choice,42,All B are C/All A are C,Yes/No,Yes,Yes,1,,,
mReasoner,64386,conditional,single-choice,43,All B are C/No A are B,Yes/No,No,Yes,0,,,
mReasoner,64386,conditional,single-choice,44,All B are C/No A are B,Yes/No,No,Yes,0,,,
mReasoner,64386,conditional,single-choice,45,All B are C/All A are C,Yes/No,No,Yes,0,,,
mReasoner,64386,conditional,single-choice,46,All B are C/No A are B,Yes/No,No,Yes,0,,,
mReasoner,64386,conditional,single-choice,47,All B are C/No A are C,Yes/No,No,Yes,0,,,
mReasoner,64386,conditional,single-choice,48,All B are C/All A are C,Yes/No,No,Yes,0,,,
mReasoner,64386,conditional,single-choice,49,All B are C/All A are C,Yes/No,No,Yes,0,,,
mReasoner,64386,conditional,single-choice,50,All B are C/All A are C,Yes/No,No,Yes,0,,,
mReasoner,64386,conditional,single-choice,51,All B are C/No A are C,Yes/No,Yes,Yes,1,,,
mReasoner,64386,conditional,single-choice,52,All B are C/No A are B,Yes/No,No,Yes,0,,,
mReasoner,64386,conditional,single-choice,53,All B are C/All A are B,Yes/No,Yes,Yes,1,,,
mReasoner,64386,conditional,single-choice,54,All B are C/All A are C,Yes/No,No,Yes,0,,,
mReasoner,64386,conditional,single-choice,55,All B are C/All A are B,Yes/No,No,Yes,0,,,
mReasoner,64386,conditional,single-choice,56,All B are C/All A are B,Yes/No,Yes,Yes,1,,,
mReasoner,64386,conditional,single-choice,57,All B are C/No A are B,Yes/No,No,Yes,0,,,
mReasoner,64386,conditional,single-choice,58,All B are C/All A are C,Yes/No,Yes,Yes,1,,,
mReasoner,64386,conditional,single-choice,59,All B are C/All A are B,Yes/No,Yes,Yes,1,,,
mReasoner,64386,conditional,single-choice,60,All B are C/All A are B,Yes/No,No,Yes,0,,,
mReasoner,64386,conditional,single-choice,61,All B are C/No A are C,Yes/No,No,Yes,0,,,
mReasoner,64386,conditional,single-choice,62,All B are C/No A are C,Yes/No,No,Yes,0,,,
mReasoner,64386,conditional,single-choice,63,All B are C/All A are C,Yes/No,No,Yes,0,,,
mReasoner,64386,conditional,single-choice,64,All B are C/No A are B,Yes/No,No,Yes,0,,,
mReasoner,64388,conditional,single-choice,1,All B are C/No A are B,Yes/No,No,Yes,0,,,
mReasoner,64388,conditional,single-choice,2,All B are C/No A are C,Yes/No,No,Yes,0,,,
mReasoner,64388,conditional,single-choice,3,All B are C/No A are B,Yes/No,Yes,Yes,1,,,
mReasoner,64388,conditional,single-choice,4,All B are C/No A are C,Yes/No,No,Yes,0,,,
mReasoner,64388,conditional,single-choice,5,All B are C/All A are B,Yes/No,Yes,Yes,1,,,
mReasoner,64388,conditional,single-choice,6,All B are C/All A are B,Yes/No,No,Yes,0,,,
mReasoner,64388,conditional,single-choice,7,All B are C/All A are B,Yes/No,No,Yes,0,,,
mReasoner,64388,conditional,single-choice,8,All B are C/No A are B,Yes/No,Yes,Yes,1,,,
mReasoner,64388,conditional,single-choice,9,All B are C/All A are B,Yes/No,Yes,Yes,1,,,
mReasoner,64388,conditional,single-choice,10,All B are C/No A are C,Yes/No,Yes,Yes,1,,,
mReasoner,64388,conditional,single-choice,11,All B are C/All A are B,Yes/No,Yes,Yes,1,,,
mReasoner,64388,conditional,single-choice,12,All B are C/All A are C,Yes/No,Yes,Yes,1,,,
mReasoner,64388,conditional,single-choice,13,All B are C/No A are B,Yes/No,No,Yes,0,,,
mReasoner,64388,conditional,single-choice,14,All B are C/All A are C,Yes/No,No,Yes,0,,,
mReasoner,64388,conditional,single-choice,15,All B are C/No A are C,Yes/No,No,Yes,0,,,
mReasoner,64388,conditional,single-choice,16,All B are C/No A are B,Yes/No,Yes,Yes,1,,,
mReasoner,64388,conditional,single-choice,17,All B are C/All A are B,Yes/No,Yes,Yes,1,,,
mReasoner,64388,conditional,single-choice,18,All B are C/All A are B,Yes/No,Yes,Yes,1,,,
mReasoner,64388,conditional,single-choice,19,All B are C/No A are C,Yes/No,No,Yes,0,,,
mReasoner,64388,conditional,single-choice,20,All B are C/No A are B,Yes/No,No,Yes,0,,,
mReasoner,64388,conditional,single-choice,21,All B are C/All A are B,Yes/No,No,Yes,0,,,
mReasoner,64388,conditional,single-choice,22,All B are C/All A are B,Yes/No,No,Yes,0,,,
mReasoner,64388,conditional,single-choice,23,All B are C/All A are C,Yes/No,No,Yes,0,,,
mReasoner,64388,conditional,single-choice,24,All B are C/No A are C,Yes/No,Yes,Yes,1,,,
mReasoner,64388,conditional,single-choice,25,All B are C/No A are B,Yes/No,No,Yes,0,,,
mReasoner,64388,conditional,single-choice,26,All B are C/All A are B,Yes/No,Yes,Yes,1,,,
mReasoner,64388,conditional,single-choice,27,All B are C/All A are C,Yes/No,Yes,Yes,1,,,
mReasoner,64388,conditional,single-choice,28,All B are C/All A are C,Yes/No,Yes,Yes,1,,,
mReasoner,64388,conditional,single-choice,29,All B are C/No A are C,Yes/No,Yes,Yes,1,,,
mReasoner,64388,conditional,single-choice,30,All B are C/No A are B,Yes/No,Yes,Yes,1,,,
mReasoner,64388,conditional,single-choice,31,All B are C/All A are C,Yes/No,Yes,Yes,1,,,
mReasoner,64388,conditional,single-choice,32,All B are C/No A are B,Yes/No,No,Yes,0,,,
mReasoner,64388,conditional,single-choice,33,All B are C/All A are C,Yes/No,Yes,Yes,1,,,
mReasoner,64388,conditional,single-choice,34,All B are C/No A are C,Yes/No,No,Yes,0,,,
mReasoner,64388,conditional,single-choice,35,All B are C/All A are B,Yes/No,No,Yes,0,,,
mReasoner,64388,conditional,single-choice,36,All B are C/No A are B,Yes/No,Yes,Yes,1,,,
mReasoner,64388,conditional,single-choice,37,All B are C/All A are B,Yes/No,Yes,Yes,1,,,
mReasoner,64388,conditional,single-choice,38,All B are C/All A are C,Yes/No,No,Yes,0,,,
mReasoner,64388,conditional,single-choice,39,All B are C/No A are B,Yes/No,No,Yes,0,,,
mReasoner,64388,conditional,single-choice,40,All B are C/All A are B,Yes/No,Yes,Yes,1,,,
mReasoner,64388,conditional,single-choice,41,All B are C/No A are C,Yes/No,No,Yes,0,,,
mReasoner,64388,conditional,single-choice,42,All B are C/All A are C,Yes/No,No,Yes,0,,,
mReasoner,64388,conditional,single-choice,43,All B are C/All A are C,Yes/No,Yes,Yes,1,,,
mReasoner,64388,conditional,single-choice,44,All B are C/No A are B,Yes/No,Yes,Yes,1,,,
mReasoner,64388,conditional,single-choice,45,All B are C/All A are C,Yes/No,No,Yes,0,,,
mReasoner,64388,conditional,single-choice,46,All B are C/No A are B,Yes/No,No,Yes,0,,,
mReasoner,64388,conditional,single-choice,47,All B are C/No A are C,Yes/No,Yes,Yes,1,,,
mReasoner,64388,conditional,single-choice,48,All B are C/No A are B,Yes/No,No,Yes,0,,,
mReasoner,64388,conditional,single-choice,49,All B are C/No A are C,Yes/No,No,Yes,0,,,
mReasoner,64388,conditional,single-choice,50,All B are C/All A are C,Yes/No,No,Yes,0,,,
mReasoner,64388,conditional,single-choice,51,All B are C/No A are C,Yes/No,Yes,Yes,1,,,
mReasoner,64388,conditional,single-choice,52,All B are C/All A are B,Yes/No,No,Yes,0,,,
mReasoner,64388,conditional,single-choice,53,All B are C/No A are C,Yes/No,No,Yes,0,,,
mReasoner,64388,conditional,single-choice,54,All B are C/All A are C,Yes/No,No,Yes,0,,,
mReasoner,64388,conditional,single-choice,55,All B are C/No A are B,Yes/No,No,Yes,0,,,
mReasoner,64388,conditional,single-choice,56,All B are C/No A are C,Yes/No,No,Yes,0,,,
mReasoner,64388,conditional,single-choice,57,All B are C/No A are B,Yes/No,Yes,Yes,1,,,
mReasoner,64388,conditional,single-choice,58,All B are C/No A are C,Yes/No,Yes,Yes,1,,,
mReasoner,64388,conditional,single-choice,59,All B are C/All A are C,Yes/No,No,Yes,0,,,
mReasoner,64388,conditional,single-choice,60,All B are C/All A are C,Yes/No,Yes,Yes,1,,,
mReasoner,64388,conditional,single-choice,61,All B are C/All A are B,Yes/No,Yes,Yes,1,,,
mReasoner,64388,conditional,single-choice,62,All B are C/No A are C,Yes/No,No,Yes,0,,,
mReasoner,64388,conditional,single-choice,63,All B are C/All A are C,Yes/No,Yes,Yes,1,,,
mReasoner,64388,conditional,single-choice,64,All B are C/All A are B,Yes/No,Yes,Yes,1,,,
mReasoner,64392,conditional,single-choice,1,All B are C/All A are C,Yes/No,Yes,Yes,1,,,
mReasoner,64392,conditional,single-choice,2,All B are C/All A are C,Yes/No,Yes,Yes,1,,,
mReasoner,64392,conditional,single-choice,3,All B are C/All A are B,Yes/No,Yes,Yes,1,,,
mReasoner,64392,conditional,single-choice,4,All B are C/All A are B,Yes/No,No,Yes,0,,,
mReasoner,64392,conditional,single-choice,5,All B are C/All A are B,Yes/No,Yes,Yes,1,,,
mReasoner,64392,conditional,single-choice,6,All B are C/No A are B,Yes/No,No,Yes,0,,,
mReasoner,64392,conditional,single-choice,7,All B are C/No A are B,Yes/No,No,Yes,0,,,
mReasoner,64392,conditional,single-choice,8,All B are C/No A are C,Yes/No,Yes,Yes,1,,,
mReasoner,64392,conditional,single-choice,9,All B are C/No A are B,Yes/No,Yes,Yes,1,,,
mReasoner,64392,conditional,single-choice,10,All B are C/All A are C,Yes/No,No,Yes,0,,,
mReasoner,64392,conditional,single-choice,11,All B are C/No A are C,Yes/No,Yes,Yes,1,,,
mReasoner,64392,conditional,single-choice,12,All B are C/All A are B,Yes/No,Yes,Yes,1,,,
mReasoner,64392,conditional,single-choice,13,All B are C/No A are C,Yes/No,Yes,Yes,1,,,
mReasoner,64392,conditional,single-choice,14,All B are C/All A are B,Yes/No,Yes,Yes,1,,,
mReasoner,64392,conditional,single-choice,15,All B are C/All A are B,Yes/No,No,Yes,0,,,
mReasoner,64392,conditional,single-choice,16,All B are C/No A are B,Yes/No,Yes,Yes,1,,,
mReasoner,64392,conditional,single-choice,17,All B are C/No A are C,Yes/No,Yes,Yes,1,,,
mReasoner,64392,conditional,single-choice,18,All B are C/No A are C,Yes/No,Yes,Yes,1,,,
mReasoner,64392,conditional,single-choice,19,All B are C/All A are C,Yes/No,Yes,Yes,1,,,
mReasoner,64392,conditional,single-choice,20,All B are C/No A are C,Yes/No,Yes,Yes,1,,,
mReasoner,64392,conditional,single-choice,21,All B are C/All A are B,Yes/No,Yes,Yes,1,,,
mReasoner,64392,conditional,single-choice,22,All B are C/All A are C,Yes/No,Yes,Yes,1,,,
mReasoner,64392,conditional,single-choice,23,All B are C/All A are C,Yes/No,Yes,Yes,1,,,
mReasoner,64392,conditional,single-choice,24,All B are C/All A are B,Yes/No,Yes,Yes,1,,,
mReasoner,64392,conditional,single-choice,25,All B are C/No A are B,Yes/No,Yes,Yes,1,,,
mReasoner,64392,conditional,single-choice,26,All B are C/All A are B,Yes/No,Yes,Yes,1,,,
mReasoner,64392,conditional,single-choice,27,All B are C/No A are C,Yes/No,No,Yes,0,,,
mReasoner,64392,conditional,single-choice,28,All B are C/All A are B,Yes/No,Yes,Yes,1,,,
mReasoner,64392,conditional,single-choice,29,All B are C/No A are B,Yes/No,Yes,Yes,1,,,
mReasoner,64392,conditional,single-choice,30,All B are C/No A are C,Yes/No,Yes,Yes,1,,,
mReasoner,64392,conditional,single-choice,31,All B are C/No A are C,Yes/No,Yes,Yes,1,,,
mReasoner,64392,conditional,single-choice,32,All B are C/All A are B,Yes/No,Yes,Yes,1,,,
mReasoner,64392,conditional,single-choice,33,All B are C/All A are B,Yes/No,Yes,Yes,1,,,
mReasoner,64392,conditional,single-choice,34,All B are C/No A are B,Yes/No,Yes,Yes,1,,,
mReasoner,64392,conditional,single-choice,35,All B are C/No A are B,Yes/No,Yes,Yes,1,,,
mReasoner,64392,conditional,single-choice,36,All B are C/No A are B,Yes/No,Yes,Yes,1,,,
mReasoner,64392,conditional,single-choice,37,All B are C/No A are C,Yes/No,Yes,Yes,1,,,
mReasoner,64392,conditional,single-choice,38,All B are C/No A are C,Yes/No,No,Yes,0,,,
mReasoner,64392,conditional,single-choice,39,All B are C/No A are B,Yes/No,Yes,Yes,1,,,
mReasoner,64392,conditional,single-choice,40,All B are C/No A are C,Yes/No,Yes,Yes,1,,,
mReasoner,64392,conditional,single-choice,41,All B are C/All A are C,Yes/No,No,Yes,0,,,
mReasoner,64392,conditional,single-choice,42,All B are C/No A are B,Yes/No,Yes,Yes,1,,,
mReasoner,64392,conditional,single-choice,43,All B are C/No A are B,Yes/No,No,Yes,0,,,
mReasoner,64392,conditional,single-choice,44,All B are C/All A are C,Yes/No,Yes,Yes,1,,,
mReasoner,64392,conditional,single-choice,45,All B are C/All A are B,Yes/No,Yes,Yes,1,,,
mReasoner,64392,conditional,single-choice,46,All B are C/All A are B,Yes/No,Yes,Yes,1,,,
mReasoner,64392,conditional,single-choice,47,All B are C/No A are C,Yes/No,Yes,Yes,1,,,
mReasoner,64392,conditional,single-choice,48,All B are C/No A are B,Yes/No,Yes,Yes,1,,,
mReasoner,64392,conditional,single-choice,49,All B are C/No A are C,Yes/No,Yes,Yes,1,,,
mReasoner,64392,conditional,single-choice,50,All B are C/No A are B,Yes/No,No,Yes,0,,,
mReasoner,64392,conditional,single-choice,51,All B are C/No A are C,Yes/No,Yes,Yes,1,,,
mReasoner,64392,conditional,single-choice,52,All B are C/No A are B,Yes/No,No,Yes,0,,,
mReasoner,64392,conditional,single-choice,53,All B are C/All A are C,Yes/No,No,Yes,0,,,
mReasoner,64392,conditional,single-choice,54,All B are C/No A are B,Yes/No,No,Yes,0,,,
mReasoner,64392,conditional,single-choice,55,All B are C/All A are C,Yes/No,Yes,Yes,1,,,
mReasoner,64392,conditional,single-choice,56,All B are C/All A are C,Yes/No,Yes,Yes,1,,,
mReasoner,64392,conditional,single-choice,57,All B are C/All A are C,Yes/No,Yes,Yes,1,,,
mReasoner,64392,conditional,single-choice,58,All B are C/All A are B,Yes/No,Yes,Yes,1,,,
mReasoner,64392,conditional,single-choice,59,All B are C/All A are C,Yes/No,No,Yes,0,,,
mReasoner,64392,conditional,single-choice,60,All B are C/All A are C,Yes/No,Yes,Yes,1,,,
mReasoner,64392,conditional,single-choice,61,All B are C/All A are C,Yes/No,Yes,Yes,1,,,
mReasoner,64392,conditional,single-choice,62,All B are C/No A are C,Yes/No,Yes,Yes,1,,,
mReasoner,64392,conditional,single-choice,63,All B are C/All A are C,Yes/No,Yes,Yes,1,,,
mReasoner,64392,conditional,single-choice,64,All B are C/All A are B,Yes/No,Yes,Yes,1,,,
mReasoner,64434,conditional,single-choice,1,All B are C/No A are C,Yes/No,No,Yes,0,,,
mReasoner,64434,conditional,single-choice,2,All B are C/All A are C,Yes/No,Yes,Yes,1,,,
mReasoner,64434,conditional,single-choice,3,All B are C/All A are C,Yes/No,No,Yes,0,,,
mReasoner,64434,conditional,single-choice,4,All B are C/All A are C,Yes/No,No,Yes,0,,,
mReasoner,64434,conditional,single-choice,5,All B are C/No A are B,Yes/No,Yes,Yes,1,,,
mReasoner,64434,conditional,single-choice,6,All B are C/All A are B,Yes/No,Yes,Yes,1,,,
mReasoner,64434,conditional,single-choice,7,All B are C/No A are C,Yes/No,No,Yes,0,,,
mReasoner,64434,conditional,single-choice,8,All B are C/All A are B,Yes/No,Yes,Yes,1,,,
mReasoner,64434,conditional,single-choice,9,All B are C/All A are B,Yes/No,No,Yes,0,,,
mReasoner,64434,conditional,single-choice,10,All B are C/No A are B,Yes/No,Yes,Yes,1,,,
mReasoner,64434,conditional,single-choice,11,All B are C/No A are C,Yes/No,Yes,Yes,1,,,
mReasoner,64434,conditional,single-choice,12,All B are C/All A are B,Yes/No,No,Yes,0,,,
mReasoner,64434,conditional,single-choice,13,All B are C/All A are C,Yes/No,Yes,Yes,1,,,
mReasoner,64434,conditional,single-choice,14,All B are C/All A are B,Yes/No,No,Yes,0,,,
mReasoner,64434,conditional,single-choice,15,All B are C/No A are B,Yes/No,Yes,Yes,1,,,
mReasoner,64434,conditional,single-choice,16,All B are C/No A are C,Yes/No,Yes,Yes,1,,,
mReasoner,64434,conditional,single-choice,17,All B are C/No A are C,Yes/No,Yes,Yes,1,,,
mReasoner,64434,conditional,single-choice,18,All B are C/No A are B,Yes/No,No,Yes,0,,,
mReasoner,64434,conditional,single-choice,19,All B are C/No A are C,Yes/No,No,Yes,0,,,
mReasoner,64434,conditional,single-choice,20,All B are C/No A are C,Yes/No,No,Yes,0,,,
mReasoner,64434,conditional,single-choice,21,All B are C/All A are C,Yes/No,No,Yes,0,,,
mReasoner,64434,conditional,single-choice,22,All B are C/All A are C,Yes/No,Yes,Yes,1,,,
mReasoner,64434,conditional,single-choice,23,All B are C/No A are B,Yes/No,Yes,Yes,1,,,
mReasoner,64434,conditional,single-choice,24,All B are C/All A are C,Yes/No,No,Yes,0,,,
mReasoner,64434,conditional,single-choice,25,All B are C/All A are B,Yes/No,No,Yes,0,,,
mReasoner,64434,conditional,single-choice,26,All B are C/No A are C,Yes/No,Yes,Yes,1,,,
mReasoner,64434,conditional,single-choice,27,All B are C/All A are C,Yes/No,Yes,Yes,1,,,
mReasoner,64434,conditional,single-choice,28,All B are C/No A are B,Yes/No,Yes,Yes,1,,,
mReasoner,64434,conditional,single-choice,29,All B are C/No A are C,Yes/No,Yes,Yes,1,,,
mReasoner,64434,conditional,single-choice,30,All B are C/No A are C,Yes/No,No,Yes,0,,,
mReasoner,64434,conditional,single-choice,31,All B are C/All A are B,Yes/No,Yes,Yes,1,,,
mReasoner,64434,conditional,single-choice,32,All B are C/No A are C,Yes/No,Yes,Yes,1,,,
mReasoner,64434,conditional,single-choice,33,All B are C/All A are B,Yes/No,No,Yes,0,,,
mReasoner,64434,conditional,single-choice,34,All B are C/All A are B,Yes/No,Yes,Yes,1,,,
mReasoner,64434,conditional,single-choice,35,All B are C/No A are C,Yes/No,No,Yes,0,,,
mReasoner,64434,conditional,single-choice,36,All B are C/All A are C,Yes/No,Yes,Yes,1,,,
mReasoner,64434,conditional,single-choice,37,All B are C/No A are C,Yes/No,No,Yes,0,,,
mReasoner,64434,conditional,single-choice,38,All B are C/No A are B,Yes/No,Yes,Yes,1,,,
mReasoner,64434,conditional,single-choice,39,All B are C/All A are B,Yes/No,No,Yes,0,,,
mReasoner,64434,conditional,single-choice,40,All B are C/All A are C,Yes/No,No,Yes,0,,,
mReasoner,64434,conditional,single-choice,41,All B are C/No A are C,Yes/No,Yes,Yes,1,,,
mReasoner,64434,conditional,single-choice,42,All B are C/All A are B,Yes/No,Yes,Yes,1,,,
mReasoner,64434,conditional,single-choice,43,All B are C/No A are B,Yes/No,Yes,Yes,1,,,
mReasoner,64434,conditional,single-choice,44,All B are C/No A are B,Yes/No,No,Yes,0,,,
mReasoner,64434,conditional,single-choice,45,All B are C/All A are B,Yes/No,No,Yes,0,,,
mReasoner,64434,conditional,single-choice,46,All B are C/No A are C,Yes/No,Yes,Yes,1,,,
mReasoner,64434,conditional,single-choice,47,All B are C/No A are B,Yes/No,No,Yes,0,,,
mReasoner,64434,conditional,single-choice,48,All B are C/No A are B,Yes/No,No,Yes,0,,,
mReasoner,64434,conditional,single-choice,49,All B are C/No A are B,Yes/No,Yes,Yes,1,,,
mReasoner,64434,conditional,single-choice,50,All B are C/All A are C,Yes/No,No,Yes,0,,,
mReasoner,64434,conditional,single-choice,51,All B are C/No A are C,Yes/No,Yes,Yes,1,,,
mReasoner,64434,conditional,single-choice,52,All B are C/All A are C,Yes/No,No,Yes,0,,,
mReasoner,64434,conditional,single-choice,53,All B are C/All A are C,Yes/No,No,Yes,0,,,
mReasoner,64434,conditional,single-choice,54,All B are C/No A are B,Yes/No,No,Yes,0,,,
mReasoner,64434,conditional,single-choice,55,All B are C/All A are C,Yes/No,No,Yes,0,,,
mReasoner,64434,conditional,single-choice,56,All B are C/All A are C,Yes/No,Yes,Yes,1,,,
mReasoner,64434,conditional,single-choice,57,All B are C/All A are B,Yes/No,No,Yes,0,,,
mReasoner,64434,conditional,single-choice,58,All B are C/No A are B,Yes/No,No,Yes,0,,,
mReasoner,64434,conditional,single-choice,59,All B are C/No A are B,Yes/No,No,Yes,0,,,
mReasoner,64434,conditional,single-choice,60,All B are C/All A are B,Yes/No,Yes,Yes,1,,,
mReasoner,64434,conditional,single-choice,61,All B are C/All A are B,Yes/No,Yes,Yes,1,,,
mReasoner,64434,conditional,single-choice,62,All B are C/All A are C,Yes/No,Yes,Yes,1,,,
mReasoner,64434,conditional,single-choice,63,All B are C/All A are B,Yes/No,Yes,Yes,1,,,
mReasoner,64434,conditional,single-choice,64,All B are C/No A are B,Yes/No,No,Yes,0,,,
mReasoner,64438,conditional,single-choice,1,All B are C/No A are C,Yes/No,No,Yes,0,,,
mReasoner,64438,conditional,single-choice,2,All B are C/All A are B,Yes/No,Yes,Yes,1,,,
mReasoner,64438,conditional,single-choice,3,All B are C/No A are B,Yes/No,No,Yes,0,,,
mReasoner,64438,conditional,single-choice,4,All B are C/No A are C,Yes/No,No,Yes,0,,,
mReasoner,64438,conditional,single-choice,5,All B are C/All A are C,Yes/No,No,Yes,0,,,
mReasoner,64438,conditional,single-choice,6,All B are C/No A are B,Yes/No,No,Yes,0,,,
mReasoner,64438,conditional,single-choice,7,All B are C/All A are B,Yes/No,Yes,Yes,1,,,
mReasoner,64438,conditional,single-choice,8,All B are C/No A are C,Yes/No,Yes,Yes,1,,,
mReasoner,64438,conditional,single-choice,9,All B are C/All A are C,Yes/No,No,Yes,0,,,
mReasoner,64438,conditional,single-choice,10,All B are C/All A are C,Yes/No,No,Yes,0,,,
mReasoner,64438,conditional,single-choice,11,All B are C/No A are C,Yes/No,Yes,Yes,1,,,
mReasoner,64438,conditional,single-choice,12,All B are C/No A are B,Yes/No,Yes,Yes,1,,,
mReasoner,64438,conditional,single-choice,13,All B are C/All A are B,Yes/No,Yes,Yes,1,,,
mReasoner,64438,conditional,single-choice,14,All B are C/No A are B,Yes/No,Yes,Yes,1,,,
mReasoner,64438,conditional,single-choice,15,All B are C/No A are C,Yes/No,Yes,Yes,1,,,
mReasoner,64438,conditional,single-choice,16,All B are C/All A are B,Yes/No,Yes,Yes,1,,,
mReasoner,64438,conditional,single-choice,17,All B are C/No A are C,Yes/No,Yes,Yes,1,,,
mReasoner,64438,conditional,single-choice,18,All B are C/All A are C,Yes/No,Yes,Yes,1,,,
mReasoner,64438,conditional,single-choice,19,All B are C/All A are C,Yes/No,No,Yes,0,,,
mReasoner,64438,conditional,single-choice,20,All B are C/All A are B,Yes/No,No,Yes,0,,,
mReasoner,64438,conditional,single-choice,21,All B are C/All A are C,Yes/No,Yes,Yes,1,,,
mReasoner,64438,conditional,single-choice,22,All B are C/All A are C,Yes/No,Yes,Yes,1,,,
mReasoner,64438,conditional,single-choice,23,All B are C/All A are B,Yes/No,No,Yes,0,,,
mReasoner,64438,conditional,single-choice,24,All B are C/All A are B,Yes/No,Yes,Yes,1,,,
mReasoner,64438,conditional,single-choice,25,All B are C/No A are C,Yes/No,Yes,Yes,1,,,
mReasoner,64438,conditional,single-choice,26,All B are C/No A are C,Yes/No,No,Yes,0,,,
mReasoner,64438,conditional,single-choice,27,All B are C/All A are B,Yes/No,Yes,Yes,1,,,
mReasoner,64438,conditional,single-choice,28,All B are C/No A are C,Yes/No,Yes,Yes,1,,,
mReasoner,64438,conditional,single-choice,29,All B are C/No A are C,Yes/No,No,Yes,0,,,
mReasoner,64438,conditional,single-choice,30,All B are C/All A are B,Yes/No,Yes,Yes,1,,,
mReasoner,64438,conditional,single-choice,31,All B are C/All A are C,Yes/No,Yes,Yes,1,,,
mReasoner,64438,conditional,single-choice,32,All B are C/No A are B,Yes/No,No,Yes,0,,,
mReasoner,64438,conditional,single-choice,33,All B are C/No A are B,Yes/No,No,Yes,0,,,
mReasoner,64438,conditional,single-choice,34,All B are C/All A are C,Yes/No,Yes,Yes,1,,,
mReasoner,64438,conditional,single-choice,35,All B are C/All A are B,Yes/No,No,Yes,0,,,
mReasoner,64438,conditional,single-choice,36,All B are C/No A are C,Yes/No,No,Yes,0,,,
mReasoner,64438,conditional,single-choice,37,All B are C/All A are C,Yes/No,No,Yes,0,,,
mReasoner,64438,conditional,single-choice,38,All B are C/All A are B,Yes/No,No,Yes,0,,,
mReasoner,64438,conditional,single-choice,39,All B are C/No A are C,Yes/No,Yes,Yes,1,,,
mReasoner,64438,conditional,single-choice,40,All B are C/All A are B,Yes/No,Yes,Yes,1,,,
mReasoner,64438,conditional,single-choice,41,All B are C/All A are C,Yes/No,No,Yes,0,,,
mReasoner,64438,conditional,single-choice,42,All B are C/No A are B,Yes/No,Yes,Yes,1,,,
mReasoner,64438,conditional,single-choice,43,All B are C/No A are C,Yes/No,No,Yes,0,,,
mReasoner,64438,conditional,single-choice,44,All B are C/All A are C,Yes/No,Yes,Yes,1,,,
mReasoner,64438,conditional,single-choice,45,All B are C/All A are B,Yes/No,Yes,Yes,1,,,
mReasoner,64438,conditional,single-choice,46,All B are C/All A are C,Yes/No,No,Yes,0,,,
mReasoner,64438,conditional,single-choice,47,All B are C/All A are B,Yes/No,Yes,Yes,1,,,
mReasoner,64438,conditional,single-choice,48,All B are C/No A are B,Yes/No,No,Yes,0,,,
mReasoner,64438,conditional,single-choice,49,All B are C/No A are B,Yes/No,No,Yes,0,,,
mReasoner,64438,conditional,single-choice,50,All B are C/No A are B,Yes/No,No,Yes,0,,,
mReasoner,64438,conditional,single-choice,51,All B are C/No A are B,Yes/No,No,Yes,0,,,
mReasoner,64438,conditional,single-choice,52,All B are C/No A are B,Yes/No,No,Yes,0,,,
mReasoner,64438,conditional,single-choice,53,All B are C/All A are C,Yes/No,No,Yes,0,,,
mReasoner,64438,conditional,single-choice,54,All B are C/No A are B,Yes/No,No,Yes,0,,,
mReasoner,64438,conditional,single-choice,55,All B are C/No A are C,Yes/No,No,Yes,0,,,
mReasoner,64438,conditional,single-choice,56,All B are C/All A are C,Yes/No,No,Yes,0,,,
mReasoner,64438,conditional,single-choice,57,All B are C/All A are B,Yes/No,No,Yes,0,,,
mReasoner,64438,conditional,single-choice,58,All B are C/No A are B,Yes/No,No,Yes,0,,,
mReasoner,64438,conditional,single-choice,59,All B are C/No A are C,Yes/No,No,Yes,0,,,
mReasoner,64438,conditional,single-choice,60,All B are C/No A are B,Yes/No,No,Yes,0,,,
mReasoner,64438,conditional,single-choice,61,All B are C/No A are C,Yes/No,No,Yes,0,,,
mReasoner,64438,conditional,single-choice,62,All B are C/All A are C,Yes/No,No,Yes,0,,,
mReasoner,64438,conditional,single-choice,63,All B are C/No A are B,Yes/No,No,Yes,0,,,
mReasoner,64438,conditional,single-choice,64,All B are C/All A are B,Yes/No,No,Yes,0,,,
mReasoner,64450,conditional,single-choice,1,All B are C/All A are C,Yes/No,Yes,Yes,1,,,
mReasoner,64450,conditional,single-choice,2,All B are C/No A are C,Yes/No,No,Yes,0,,,
mReasoner,64450,conditional,single-choice,3,All B are C/No A are B,Yes/No,Yes,Yes,1,,,
mReasoner,64450,conditional,single-choice,4,All B are C/No A are B,Yes/No,No,Yes,0,,,
mReasoner,64450,conditional,single-choice,5,All B are C/All A are B,Yes/No,No,Yes,0,,,
mReasoner,64450,conditional,single-choice,6,All B are C/All A are C,Yes/No,No,Yes,0,,,
mReasoner,64450,conditional,single-choice,7,All B are C/No A are C,Yes/No,No,Yes,0,,,
mReasoner,64450,conditional,single-choice,8,All B are C/All A are C,Yes/No,No,Yes,0,,,
mReasoner,64450,conditional,single-choice,9,All B are C/All A are C,Yes/No,Yes,Yes,1,,,
mReasoner,64450,conditional,single-choice,10,All B are C/All A are C,Yes/No,Yes,Yes,1,,,
mReasoner,64450,conditional,single-choice,11,All B are C/No A are C,Yes/No,Yes,Yes,1,,,
mReasoner,64450,conditional,single-choice,12,All B are C/No A are B,Yes/No,Yes,Yes,1,,,
mReasoner,64450,conditional,single-choice,13,All B are C/No A are C,Yes/No,No,Yes,0,,,
mReasoner,64450,conditional,single-choice,14,All B are C/No A are B,Yes/No,Yes,Yes,1,,,
mReasoner,64450,conditional,single-choice,15,All B are C/All A are C,Yes/No,No,Yes,0,,,
mReasoner,64450,conditional,single-choice,16,All B are C/No A are C,Yes/No,No,Yes,0,,,
mReasoner,64450,conditional,single-choice,17,All B are C/All A are C,Yes/No,Yes,Yes,1,,,
mReasoner,64450,conditional,single-choice,18,All B are C/All A are B,Yes/No,No,Yes,0,,,
mReasoner,64450,conditional,single-choice,19,All B are C/No A are C,Yes/No,Yes,Yes,1,,,
mReasoner,64450,conditional,single-choice,20,All B are C/All A are C,Yes/No,Yes,Yes,1,,,
mReasoner,64450,conditional,single-choice,21,All B are C/No A are B,Yes/No,Yes,Yes,1,,,
mReasoner,64450,conditional,single-choice,22,All B are C/All A are B,Yes/No,Yes,Yes,1,,,
mReasoner,64450,conditional,single-choice,23,All B are C/No A are C,Yes/No,No,Yes,0,,,
mReasoner,64450,conditional,single-choice,24,All B are C/All A are B,Yes/No,Yes,Yes,1,,,
mReasoner,64450,conditional,single-choice,25,All B are C/No A are B,Yes/No,No,Yes,0,,,
mReasoner,64450,conditional,single-choice,26,All B are C/No A are C,Yes/No,No,Yes,0,,,
mReasoner,64450,conditional,single-choice,27,All B are C/No A are C,Yes/No,Yes,Yes,1,,,
mReasoner,64450,conditional,single-choice,28,All B are C/No A are B,Yes/No,No,Yes,0,,,
mReasoner,64450,conditional,single-choice,29,All B are C/No A are C,Yes/No,Yes,Yes,1,,,
mReasoner,64450,conditional,single-choice,30,All B are C/No A are C,Yes/No,Yes,Yes,1,,,
mReasoner,64450,conditional,single-choice,31,All B are C/All A are C,Yes/No,Yes,Yes,1,,,
mReasoner,64450,conditional,single-choice,32,All B are C/No A are C,Yes/No,Yes,Yes,1,,,
mReasoner,64450,conditional,single-choice,33,All B are C/All A are C,Yes/No,Yes,Yes,1,,,
mReasoner,64450,conditional,single-choice,34,All B are C/All A are B,Yes/No,No,Yes,0,,,
mReasoner,64450,conditional,single-choice,35,All B are C/No A are C,Yes/No,Yes,Yes,1,,,
mReasoner,64450,conditional,single-choice,36,All B are C/All A are B,Yes/No,Yes,Yes,1,,,
mReasoner,64450,conditional,single-choice,37,All B are C/No A are B,Yes/No,Yes,Yes,1,,,
mReasoner,64450,conditional,single-choice,38,All B are C/All A are C,Yes/No,No,Yes,0,,,
mReasoner,64450,conditional,single-choice,39,All B are C/All A are B,Yes/No,No,Yes,0,,,
mReasoner,64450,conditional,single-choice,40,All B are C/All A are B,Yes/No,Yes,Yes,1,,,
mReasoner,64450,conditional,single-choice,41,All B are C/All A are B,Yes/No,Yes,Yes,1,,,
mReasoner,64450,conditional,single-choice,42,All B are C/All A are B,Yes/No,No,Yes,0,,,
mReasoner,64450,conditional,single-choice,43,All B are C/All A are C,Yes/No,No,Yes,0,,,
mReasoner,64450,conditional,single-choice,44,All B are C/No A are B,Yes/No,No,Yes,0,,,
mReasoner,64450,conditional,single-choice,45,All B are C/All A are B,Yes/No,Yes,Yes,1,,,
mReasoner,64450,conditional,single-choice,46,All B are C/All A are B,Yes/No,Yes,Yes,1,,,
mReasoner,64450,conditional,single-choice,47,All B are C/All A are C,Yes/No,Yes,Yes,1,,,
mReasoner,64450,conditional,single-choice,48,All B are C/No A are B,Yes/No,No,Yes,0,,,
mReasoner,64450,conditional,single-choice,49,All B are C/All A are B,Yes/No,Yes,Yes,1,,,
mReasoner,64450,conditional,single-choice,50,All B are C/All A are C,Yes/No,No,Yes,0,,,
mReasoner,64450,conditional,single-choice,51,All B are C/All A are B,Yes/No,No,Yes,0,,,
mReasoner,64450,conditional,single-choice,52,All B are C/No A are B,Yes/No,No,Yes,0,,,
mReasoner,64450,conditional,single-choice,53,All B are C/No A are B,Yes/No,No,Yes,0,,,
mReasoner,64450,conditional,single-choice,54,All B are C/No A are C,Yes/No,No,Yes,0,,,
mReasoner,64450,conditional,single-choice,55,All B are C/All A are C,Yes/No,No,Yes,0,,,
mReasoner,64450,conditional,single-choice,56,All B are C/All A are B,Yes/No,Yes,Yes,1,,,
mReasoner,64450,conditional,single-choice,57,All B are C/No A are B,Yes/No,No,Yes,0,,,
mReasoner,64450,conditional,single-choice,58,All B are C/No A are B,Yes/No,Yes,Yes,1,,,
mReasoner,64450,conditional,single-choice,59,All B are C/No A are B,Yes/No,Yes,Yes,1,,,
mReasoner,64450,conditional,single-choice,60,All B are C/No A are C,Yes/No,No,Yes,0,,,
mReasoner,64450,conditional,single-choice,61,All B are C/All A are B,Yes/No,No,Yes,0,,,
mReasoner,64450,conditional,single-choice,62,All B are C/No A are C,Yes/No,No,Yes,0,,,
mReasoner,64450,conditional,single-choice,63,All B are C/All A are C,Yes/No,Yes,Yes,1,,,
mReasoner,64450,conditional,single-choice,64,All B are C/No A are B,Yes/No,Yes,Yes,1,,,
mReasoner,64597,conditional,single-choice,1,All B are C/No A are C,Yes/No,No,Yes,0,,,
mReasoner,64597,conditional,single-choice,2,All B are C/No A are B,Yes/No,No,Yes,0,,,
mReasoner,64597,conditional,single-choice,3,All B are C/All A are B,Yes/No,Yes,Yes,1,,,
mReasoner,64597,conditional,single-choice,4,All B are C/No A are C,Yes/No,No,Yes,0,,,
mReasoner,64597,conditional,single-choice,5,All B are C/All A are C,Yes/No,Yes,Yes,1,,,
mReasoner,64597,conditional,single-choice,6,All B are C/No A are B,Yes/No,Yes,Yes,1,,,
mReasoner,64597,conditional,single-choice,7,All B are C/All A are B,Yes/No,Yes,Yes,1,,,
mReasoner,64597,conditional,single-choice,8,All B are C/All A are B,Yes/No,No,Yes,0,,,
mReasoner,64597,conditional,single-choice,9,All B are C/No A are B,Yes/No,No,Yes,0,,,
mReasoner,64597,conditional,single-choice,10,All B are C/All A are B,Yes/No,No,Yes,0,,,
mReasoner,64597,conditional,single-choice,11,All B are C/All A are B,Yes/No,Yes,Yes,1,,,
mReasoner,64597,conditional,single-choice,12,All B are C/No A are B,Yes/No,No,Yes,0,,,
mReasoner,64597,conditional,single-choice,13,All B are C/All A are C,Yes/No,Yes,Yes,1,,,
mReasoner,64597,conditional,single-choice,14,All B are C/No A are C,Yes/No,No,Yes,0,,,
mReasoner,64597,conditional,single-choice,15,All B are C/All A are C,Yes/No,Yes,Yes,1,,,
mReasoner,64597,conditional,single-choice,16,All B are C/All A are C,Yes/No,Yes,Yes,1,,,
mReasoner,64597,conditional,single-choice,17,All B are C/All A are B,Yes/No,No,Yes,0,,,
mReasoner,64597,conditional,single-choice,18,All B are C/All A are B,Yes/No,Yes,Yes,1,,,
mReasoner,64597,conditional,single-choice,19,All B are C/All A are C,Yes/No,Yes,Yes,1,,,
mReasoner,64597,conditional,single-choice,20,All B are C/No A are B,Yes/No,No,Yes,0,,,
mReasoner,64597,conditional,single-choice,21,All B are C/No A are B,Yes/No,Yes,Yes,1,,,
mReasoner,64597,conditional,single-choice,22,All B are C/No A are B,Yes/No,No,Yes,0,,,
mReasoner,64597,conditional,single-choice,23,All B are C/No A are C,Yes/No,Yes,Yes,1,,,
mReasoner,64597,conditional,single-choice,24,All B are C/All A are C,Yes/No,Yes,Yes,1,,,
mReasoner,64597,conditional,single-choice,25,All B are C/No A are B,Yes/No,No,Yes,0,,,
mReasoner,64597,conditional,single-choice,26,All B are C/All A are C,Yes/No,No,Yes,0,,,
mReasoner,64597,conditional,single-choice,27,All B are C/No A are C,Yes/No,No,Yes,0,,,
mReasoner,64597,conditional,single-choice,28,All B are C/All A are C,Yes/No,Yes,Yes,1,,,
mReasoner,64597,conditional,single-choice,29,All B are C/No A are B,Yes/No,Yes,Yes,1,,,
mReasoner,64597,conditional,single-choice,30,All B are C/All A are C,Yes/No,Yes,Yes,1,,,
mReasoner,64597,conditional,single-choice,31,All B are C/All A are B,Yes/No,Yes,Yes,1,,,
mReasoner,64597,conditional,single-choice,32,All B are C/No A are B,Yes/No,Yes,Yes,1,,,
mReasoner,64597,conditional,single-choice,33,All B are C/All A are C,Yes/No,Yes,Yes,1,,,
mReasoner,64597,conditional,single-choice,34,All B are C/No A are B,Yes/No,No,Yes,0,,,
mReasoner,64597,conditional,single-choice,35,All B are C/All A are B,Yes/No,Yes,Yes,1,,,
mReasoner,64597,conditional,single-choice,36,All B are C/All A are B,Yes/No,Yes,Yes,1,,,
mReasoner,64597,conditional,single-choice,37,All B are C/All A are C,Yes/No,Yes,Yes,1,,,
mReasoner,64597,conditional,single-choice,38,All B are C/All A are C,Yes/No,No,Yes,0,,,
mReasoner,64597,conditional,single-choice,39,All B are C/No A are C,Yes/No,No,Yes,0,,,
mReasoner,64597,conditional,single-choice,40,All B are C/No A are C,Yes/No,Yes,Yes,1,,,
mReasoner,64597,conditional,single-choice,41,All B are C/All A are B,Yes/No,Yes,Yes,1,,,
mReasoner,64597,conditional,single-choice,42,All B are C/All A are B,Yes/No,No,Yes,0,,,
mReasoner,64597,conditional,single-choice,43,All B are C/No A are B,Yes/No,Yes,Yes,1,,,
mReasoner,64597,conditional,single-choice,44,All B are C/No A are B,Yes/No,Yes,Yes,1,,,
mReasoner,64597,conditional,single-choice,45,All B are C/No A are C,Yes/No,Yes,Yes,1,,,
mReasoner,64597,conditional,single-choice,46,All B are C/No A are B,Yes/No,Yes,Yes,1,,,
mReasoner,64597,conditional,single-choice,47,All B are C/No A are C,Yes/No,No,Yes,0,,,
mReasoner,64597,conditional,single-choice,48,All B are C/All A are C,Yes/No,No,Yes,0,,,
mReasoner,64597,conditional,single-choice,49,All B are C/All A are C,Yes/No,No,Yes,0,,,
mReasoner,64597,conditional,single-choice,50,All B are C/No A are C,Yes/No,Yes,Yes,1,,,
mReasoner,64597,conditional,single-choice,51,All B are C/No A are C,Yes/No,No,Yes,0,,,
mReasoner,64597,conditional,single-choice,52,All B are C/All A are B,Yes/No,No,Yes,0,,,
mReasoner,64597,conditional,single-choice,53,All B are C/No A are C,Yes/No,Yes,Yes,1,,,
mReasoner,64597,conditional,single-choice,54,All B are C/All A are C,Yes/No,No,Yes,0,,,
mReasoner,64597,conditional,single-choice,55,All B are C/All A are B,Yes/No,Yes,Yes,1,,,
mReasoner,64597,conditional,single-choice,56,All B are C/No A are C,Yes/No,Yes,Yes,1,,,
mReasoner,64597,conditional,single-choice,57,All B are C/No A are B,Yes/No,No,Yes,0,,,
mReasoner,64597,conditional,single-choice,58,All B are C/No A are C,Yes/No,Yes,Yes,1,,,
mReasoner,64597,conditional,single-choice,59,All B are C/All A are B,Yes/No,Yes,Yes,1,,,
mReasoner,64597,conditional,single-choice,60,All B are C/All A are B,Yes/No,No,Yes,0,,,
mReasoner,64597,conditional,single-choice,61,All B are C/No A are C,Yes/No,Yes,Yes,1,,,
mReasoner,64597,conditional,single-choice,62,All B are C/All A are C,Yes/No,No,Yes,0,,,
mReasoner,64597,conditional,single-choice,63,All B are C/No A are B,Yes/No,No,Yes,0,,,
mReasoner,64597,conditional,single-choice,64,All B are C/No A are C,Yes/No,No,Yes,0,,,
mReasoner,64615,conditional,single-choice,1,All B are C/All A are B,Yes/No,Yes,Yes,1,,,
mReasoner,64615,conditional,single-choice,2,All B are C/No A are B,Yes/No,Yes,Yes,1,,,
mReasoner,64615,conditional,single-choice,3,All B are C/No A are B,Yes/No,Yes,Yes,1,,,
mReasoner,64615,conditional,single-choice,4,All B are C/All A are C,Yes/No,Yes,Yes,1,,,
mReasoner,64615,conditional,single-choice,5,All B are C/All A are C,Yes/No,Yes,Yes,1,,,
mReasoner,64615,conditional,single-choice,6,All B are C/All A are B,Yes/No,Yes,Yes,1,,,
mReasoner,64615,conditional,single-choice,7,All B are C/All A are C,Yes/No,Yes,Yes,1,,,
mReasoner,64615,conditional,single-choice,8,All B are C/All A are B,Yes/No,Yes,Yes,1,,,
mReasoner,64615,conditional,single-choice,9,All B are C/No A are B,Yes/No,Yes,Yes,1,,,
mReasoner,64615,conditional,single-choice,10,All B are C/No A are B,Yes/No,Yes,Yes,1,,,
mReasoner,64615,conditional,single-choice,11,All B are C/No A are C,Yes/No,Yes,Yes,1,,,
mReasoner,64615,conditional,single-choice,12,All B are C/No A are C,Yes/No,No,Yes,0,,,
mReasoner,64615,conditional,single-choice,13,All B are C/No A are C,Yes/No,Yes,Yes,1,,,
mReasoner,64615,conditional,single-choice,14,All B are C/No A are B,Yes/No,No,Yes,0,,,
mReasoner,64615,conditional,single-choice,15,All B are C/All A are C,Yes/No,Yes,Yes,1,,,
mReasoner,64615,conditional,single-choice,16,All B are C/No A are B,Yes/No,No,Yes,0,,,
mReasoner,64615,conditional,single-choice,17,All B are C/All A are B,Yes/No,Yes,Yes,1,,,
mReasoner,64615,conditional,single-choice,18,All B are C/All A are B,Yes/No,No,Yes,0,,,
mReasoner,64615,conditional,single-choice,19,All B are C/All A are C,Yes/No,Yes,Yes,1,,,
mReasoner,64615,conditional,single-choice,20,All B are C/No A are C,Yes/No,Yes,Yes,1,,,
mReasoner,64615,conditional,single-choice,21,All B are C/No A are B,Yes/No,No,Yes,0,,,
mReasoner,64615,conditional,single-choice,22,All B are C/No A are C,Yes/No,No,Yes,0,,,
mReasoner,64615,conditional,single-choice,23,All B are C/No A are C,Yes/No,No,Yes,0,,,
mReasoner,64615,conditional,single-choice,24,All B are C/No A are B,Yes/No,No,Yes,0,,,
mReasoner,64615,conditional,single-choice,25,All B are C/All A are C,Yes/No,Yes,Yes,1,,,
mReasoner,64615,conditional,single-choice,26,All B are C/All A are C,Yes/No,No,Yes,0,,,
mReasoner,64615,conditional,single-choice,27,All B are C/All A are C,Yes/No,Yes,Yes,1,,,
mReasoner,64615,conditional,single-choice,28,All B are C/All A are B,Yes/No,Yes,Yes,1,,,
mReasoner,64615,conditional,single-choice,29,All B are C/No A are C,Yes/No,Yes,Yes,1,,,
mReasoner,64615,conditional,single-choice,30,All B are C/No A are B,Yes/No,No,Yes,0,,,
mReasoner,64615,conditional,single-choice,31,All B are C/All A are B,Yes/No,Yes,Yes,1,,,
mReasoner,64615,conditional,single-choice,32,All B are C/No A are C,Yes/No,No,Yes,0,,,
mReasoner,64615,conditional,single-choice,33,All B are C/All A are C,Yes/No,No,Yes,0,,,
mReasoner,64615,conditional,single-choice,34,All B are C/No A are C,Yes/No,Yes,Yes,1,,,
mReasoner,64615,conditional,single-choice,35,All B are C/All A are C,Yes/No,Yes,Yes,1,,,
mReasoner,64615,conditional,single-choice,36,All B are C/No A are B,Yes/No,Yes,Yes,1,,,
mReasoner,64615,conditional,single-choice,37,All B are C/All A are C,Yes/No,Yes,Yes,1,,,
mReasoner,64615,conditional,single-choice,38,All B are C/No A are C,Yes/No,Yes,Yes,1,,,
mReasoner,64615,conditional,single-choice,39,All B are C/All A are B,Yes/No,Yes,Yes,1,,,
mReasoner,64615,conditional,single-choice,40,All B are C/No A are B,Yes/No,No,Yes,0,,,
mReasoner,64615,conditional,single-choice,41,All B are C/All A are C,Yes/No,No,Yes,0,,,
mReasoner,64615,conditional,single-choice,42,All B are C/No A are B,Yes/No,Yes,Yes,1,,,
mReasoner,64615,conditional,single-choice,43,All B are C/All A are B,Yes/No,No,Yes,0,,,
mReasoner,64615,conditional,single-choice,44,All B are C/All A are C,Yes/No,Yes,Yes,1,,,
mReasoner,64615,conditional,single-choice,45,All B are C/No A are C,Yes/No,Yes,Yes,1,,,
mReasoner,64615,conditional,single-choice,46,All B are C/All A are C,Yes/No,Yes,Yes,1,,,
mReasoner,64615,conditional,single-choice,47,All B are C/No A are C,Yes/No,No,Yes,0,,,
mReasoner,64615,conditional,single-choice,48,All B are C/All A are B,Yes/No,Yes,Yes,1,,,
mReasoner,64615,conditional,single-choice,49,All B are C/All A are B,Yes/No,Yes,Yes,1,,,
mReasoner,64615,conditional,single-choice,50,All B are C/All A are B,Yes/No,Yes,Yes,1,,,
mReasoner,64615,conditional,single-choice,51,All B are C/No A are C,Yes/No,No,Yes,0,,,
mReasoner,64615,conditional,single-choice,52,All B are C/No A are B,Yes/No,Yes,Yes,1,,,
mReasoner,64615,conditional,single-choice,53,All B are C/No A are B,Yes/No,Yes,Yes,1,,,
mReasoner,64615,conditional,single-choice,54,All B are C/No A are B,Yes/No,No,Yes,0,,,
mReasoner,64615,conditional,single-choice,55,All B are C/No A are B,Yes/No,No,Yes,0,,,
mReasoner,64615,conditional,single-choice,56,All B are C/No A are C,Yes/No,Yes,Yes,1,,,
mReasoner,64615,conditional,single-choice,57,All B are C/No A are C,Yes/No,Yes,Yes,1,,,
mReasoner,64615,conditional,single-choice,58,All B are C/All A are B,Yes/No,Yes,Yes,1,,,
mReasoner,64615,conditional,single-choice,59,All B are C/All A are B,Yes/No,No,Yes,0,,,
mReasoner,64615,conditional,single-choice,60,All B are C/All A are B,Yes/No,Yes,Yes,1,,,
mReasoner,64615,conditional,single-choice,61,All B are C/All A are C,Yes/No,Yes,Yes,1,,,
mReasoner,64615,conditional,single-choice,62,All B are C/All A are C,Yes/No,No,Yes,0,,,
mReasoner,64615,conditional,single-choice,63,All B are C/All A are B,Yes/No,No,Yes,0,,,
mReasoner,64615,conditional,single-choice,64,All B are C/No A are C,Yes/No,No,Yes,0,,,
mReasoner,64652,conditional,single-choice,1,All B are C/All A are B,Yes/No,Yes,Yes,1,,,
mReasoner,64652,conditional,single-choice,2,All B are C/No A are C,Yes/No,Yes,Yes,1,,,
mReasoner,64652,conditional,single-choice,3,All B are C/All A are C,Yes/No,No,Yes,0,,,
mReasoner,64652,conditional,single-choice,4,All B are C/All A are B,Yes/No,Yes,Yes,1,,,
mReasoner,64652,conditional,single-choice,5,All B are C/No A are B,Yes/No,No,Yes,0,,,
mReasoner,64652,conditional,single-choice,6,All B are C/No A are C,Yes/No,Yes,Yes,1,,,
mReasoner,64652,conditional,single-choice,7,All B are C/All A are C,Yes/No,No,Yes,0,,,
mReasoner,64652,conditional,single-choice,8,All B are C/No A are B,Yes/No,No,Yes,0,,,
mReasoner,64652,conditional,single-choice,9,All B are C/No A are B,Yes/No,No,Yes,0,,,
mReasoner,64652,conditional,single-choice,10,All B are C/No A are B,Yes/No,No,Yes,0,,,
mReasoner,64652,conditional,single-choice,11,All B are C/All A are C,Yes/No,No,Yes,0,,,
mReasoner,64652,conditional,single-choice,12,All B are C/All A are B,Yes/No,Yes,Yes,1,,,
mReasoner,64652,conditional,single-choice,13,All B are C/All A are C,Yes/No,No,Yes,0,,,
mReasoner,64652,conditional,single-choice,14,All B are C/No A are B,Yes/No,No,Yes,0,,,
mReasoner,64652,conditional,single-choice,15,All B are C/No A are C,Yes/No,Yes,Yes,1,,,
mReasoner,64652,conditional,single-choice,16,All B are C/No A are C,Yes/No,Yes,Yes,1,,,
mReasoner,64652,conditional,single-choice,17,All B are C/All A are C,Yes/No,No,Yes,0,,,
mReasoner,64652,conditional,single-choice,18,All B are C/All A are B,Yes/No,Yes,Yes,1,,,
mReasoner,64652,conditional,single-choice,19,All B are C/All A are C,Yes/No,No,Yes,0,,,
mReasoner,64652,conditional,single-choice,20,All B are C/All A are B,Yes/No,Yes,Yes,1,,,
mReasoner,64652,conditional,single-choice,21,All B are C/No A are C,Yes/No,Yes,Yes,1,,,
mReasoner,64652,conditional,single-choice,22,All B are C/All A are C,Yes/No,No,Yes,0,,,
mReasoner,64652,conditional,single-choice,23,All B are C/All A are B,Yes/No,Yes,Yes,1,,,
mReasoner,64652,conditional,single-choice,24,All B are C/No A are B,Yes/No,No,Yes,0,,,
mReasoner,64652,conditional,single-choice,25,All B are C/No A are B,Yes/No,No,Yes,0,,,
mReasoner,64652,conditional,single-choice,26,All B are C/No A are C,Yes/No,Yes,Yes,1,,,
mReasoner,64652,conditional,single-choice,27,All B are C/No A are B,Yes/No,No,Yes,0,,,
mReasoner,64652,conditional,single-choice,28,All B are C/All A are B,Yes/No,Yes,Yes,1,,,
mReasoner,64652,conditional,single-choice,29,All B are C/No A are B,Yes/No,No,Yes,0,,,
mReasoner,64652,conditional,single-choice,30,All B are C/All A are B,Yes/No,Yes,Yes,1,,,
mReasoner,64652,conditional,single-choice,31,All B are C/All A are B,Yes/No,Yes,Yes,1,,,
mReasoner,64652,conditional,single-choice,32,All B are C/All A are C,Yes/No,No,Yes,0,,,
mReasoner,64652,conditional,single-choice,33,All B are C/All A are B,Yes/No,Yes,Yes,1,,,
mReasoner,64652,conditional,single-choice,34,All B are C/No A are C,Yes/No,Yes,Yes,1,,,
mReasoner,64652,conditional,single-choice,35,All B are C/All A are C,Yes/No,No,Yes,0,,,
mReasoner,64652,conditional,single-choice,36,All B are C/All A are B,Yes/No,Yes,Yes,1,,,
mReasoner,64652,conditional,single-choice,37,All B are C/All A are C,Yes/No,No,Yes,0,,,
mReasoner,64652,conditional,single-choice,38,All B are C/No A are C,Yes/No,Yes,Yes,1,,,
mReasoner,64652,conditional,single-choice,39,All B are C/All A are C,Yes/No,No,Yes,0,,,
mReasoner,64652,conditional,single-choice,40,All B are C/No A are B,Yes/No,No,Yes,0,,,
mReasoner,64652,conditional,single-choice,41,All B are C/All A are C,Yes/No,No,Yes,0,,,
mReasoner,64652,conditional,single-choice,42,All B are C/All A are B,Yes/No,Yes,Yes,1,,,
mReasoner,64652,conditional,single-choice,43,All B are C/All A are B,Yes/No,Yes,Yes,1,,,
mReasoner,64652,conditional,single-choice,44,All B are C/No A are C,Yes/No,Yes,Yes,1,,,
mReasoner,64652,conditional,single-choice,45,All B are C/No A are C,Yes/No,Yes,Yes,1,,,
mReasoner,64652,conditional,single-choice,46,All B are C/No A are B,Yes/No,Yes,Yes,1,,,
mReasoner,64652,conditional,single-choice,47,All B are C/No A are C,Yes/No,Yes,Yes,1,,,
mReasoner,64652,conditional,single-choice,48,All B are C/No A are C,Yes/No,Yes,Yes,1,,,
mReasoner,64652,conditional,single-choice,49,All B are C/No A are B,Yes/No,No,Yes,0,,,
mReasoner,64652,conditional,single-choice,50,All B are C/No A are C,Yes/No,Yes,Yes,1,,,
mReasoner,64652,conditional,single-choice,51,All B are C/All A are B,Yes/No,Yes,Yes,1,,,
mReasoner,64652,conditional,single-choice,52,All B are C/All A are C,Yes/No,No,Yes,0,,,
mReasoner,64652,conditional,single-choice,53,All B are C/No A are C,Yes/No,Yes,Yes,1,,,
mReasoner,64652,conditional,single-choice,54,All B are C/No A are B,Yes/No,No,Yes,0,,,
mReasoner,64652,conditional,single-choice,55,All B are C/No A are B,Yes/No,Yes,Yes,1,,,
mReasoner,64652,conditional,single-choice,56,All B are C/No A are C,Yes/No,Yes,Yes,1,,,
mReasoner,64652,conditional,single-choice,57,All B are C/All A are C,Yes/No,No,Yes,0,,,
mReasoner,64652,conditional,single-choice,58,All B are C/No A are C,Yes/No,Yes,Yes,1,,,
mReasoner,64652,conditional,single-choice,59,All B are C/All A are C,Yes/No,No,Yes,0,,,
mReasoner,64652,conditional,single-choice,60,All B are C/No A are B,Yes/No,No,Yes,0,,,
mReasoner,64652,conditional,single-choice,61,All B are C/All A are C,Yes/No,No,Yes,0,,,
mReasoner,64652,conditional,single-choice,62,All B are C/All A are B,Yes/No,Yes,Yes,1,,,
mReasoner,64652,conditional,single-choice,63,All B are C/No A are B,Yes/No,No,Yes,0,,,
mReasoner,64652,conditional,single-choice,64,All B are C/All A are B,Yes/No,Yes,Yes,1,,,
mReasoner,64685,conditional,single-choice,1,All B are C/All A are B,Yes/No,Yes,Yes,1,,,
mReasoner,64685,conditional,single-choice,2,All B are C/No A are C,Yes/No,Yes,Yes,1,,,
mReasoner,64685,conditional,single-choice,3,All B are C/All A are C,Yes/No,No,Yes,0,,,
mReasoner,64685,conditional,single-choice,4,All B are C/No A are C,Yes/No,Yes,Yes,1,,,
mReasoner,64685,conditional,single-choice,5,All B are C/All A are B,Yes/No,Yes,Yes,1,,,
mReasoner,64685,conditional,single-choice,6,All B are C/No A are B,Yes/No,No,Yes,0,,,
mReasoner,64685,conditional,single-choice,7,All B are C/All A are C,Yes/No,Yes,Yes,1,,,
mReasoner,64685,conditional,single-choice,8,All B are C/All A are B,Yes/No,Yes,Yes,1,,,
mReasoner,64685,conditional,single-choice,9,All B are C/No A are C,Yes/No,Yes,Yes,1,,,
mReasoner,64685,conditional,single-choice,10,All B are C/No A are C,Yes/No,Yes,Yes,1,,,
mReasoner,64685,conditional,single-choice,11,All B are C/No A are B,Yes/No,No,Yes,0,,,
mReasoner,64685,conditional,single-choice,12,All B are C/All A are B,Yes/No,Yes,Yes,1,,,
mReasoner,64685,conditional,single-choice,13,All B are C/No A are C,Yes/No,Yes,Yes,1,,,
mReasoner,64685,conditional,single-choice,14,All B are C/No A are B,Yes/No,No,Yes,0,,,
mReasoner,64685,conditional,single-choice,15,All B are C/No A are B,Yes/No,Yes,Yes,1,,,
mReasoner,64685,conditional,single-choice,16,All B are C/No A are C,Yes/No,Yes,Yes,1,,,
mReasoner,64685,conditional,single-choice,17,All B are C/All A are C,Yes/No,Yes,Yes,1,,,
mReasoner,64685,conditional,single-choice,18,All B are C/All A are C,Yes/No,Yes,Yes,1,,,
mReasoner,64685,conditional,single-choice,19,All B are C/All A are C,Yes/No,No,Yes,0,,,
mReasoner,64685,conditional,single-choice,20,All B are C/All A are C,Yes/No,No,Yes,0,,,
mReasoner,64685,conditional,single-choice,21,All B are C/All A are B,Yes/No,Yes,Yes,1,,,
mReasoner,64685,conditional,single-choice,22,All B are C/All A are C,Yes/No,No,Yes,0,,,
mReasoner,64685,conditional,single-choice,23,All B are C/No A are B,Yes/No,Yes,Yes,1,,,
mReasoner,64685,conditional,single-choice,24,All B are C/No A are B,Yes/No,No,Yes,0,,,
mReasoner,64685,conditional,single-choice,25,All B are C/All A are C,Yes/No,Yes,Yes,1,,,
mReasoner,64685,conditional,single-choice,26,All B are C/No A are C,Yes/No,Yes,Yes,1,,,
mReasoner,64685,conditional,single-choice,27,All B are C/All A are B,Yes/No,No,Yes,0,,,
mReasoner,64685,conditional,single-choice,28,All B are C/No A are B,Yes/No,Yes,Yes,1,,,
mReasoner,64685,conditional,single-choice,29,All B are C/All A are C,Yes/No,No,Yes,0,,,
mReasoner,64685,conditional,single-choice,30,All B are C/No A are C,Yes/No,Yes,Yes,1,,,
mReasoner,64685,conditional,single-choice,31,All B are C/No A are B,Yes/No,Yes,Yes,1,,,
mReasoner,64685,conditional,single-choice,32,All B are C/No A are B,Yes/No,No,Yes,0,,,
mReasoner,64685,conditional,single-choice,33,All B are C/No A are C,Yes/No,Yes,Yes,1,,,
mReasoner,64685,conditional,single-choice,34,All B are C/No A are B,Yes/No,Yes,Yes,1,,,
mReasoner,64685,conditional,single-choice,35,All B are C/No A are C,Yes/No,Yes,Yes,1,,,
mReasoner,64685,conditional,single-choice,36,All B are C/No A are B,Yes/No,Yes,Yes,1,,,
mReasoner,64685,conditional,single-choice,37,All B are C/All A are B,Yes/No,Yes,Yes,1,,,
mReasoner,64685,conditional,single-choice,38,All B are C/All A are C,Yes/No,Yes,Yes,1,,,
mReasoner,64685,conditional,single-choice,39,All B are C/No A are B,Yes/No,Yes,Yes,1,,,
mReasoner,64685,conditional,single-choice,40,All B are C/No A are C,Yes/No,Yes,Yes,1,,,
mReasoner,64685,conditional,single-choice,41,All B are C/All A are B,Yes/No,Yes,Yes,1,,,
mReasoner,64685,conditional,single-choice,42,All B are C/All A are B,Yes/No,Yes,Yes,1,,,
mReasoner,64685,conditional,single-choice,43,All B are C/No A are B,Yes/No,No,Yes,0,,,
mReasoner,64685,conditional,single-choice,44,All B are C/No A are C,Yes/No,Yes,Yes,1,,,
mReasoner,64685,conditional,single-choice,45,All B are C/All A are C,Yes/No,Yes,Yes,1,,,
mReasoner,64685,conditional,single-choice,46,All B are C/All A are B,Yes/No,Yes,Yes,1,,,
mReasoner,64685,conditional,single-choice,47,All B are C/All A are B,Yes/No,Yes,Yes,1,,,
mReasoner,64685,conditional,single-choice,48,All B are C/All A are B,Yes/No,Yes,Yes,1,,,
mReasoner,64685,conditional,single-choice,49,All B are C/All A are B,Yes/No,Yes,Yes,1,,,
mReasoner,64685,conditional,single-choice,50,All B are C/All A are B,Yes/No,Yes,Yes,1,,,
mReasoner,64685,conditional,single-choice,51,All B are C/All A are C,Yes/No,No,Yes,0,,,
mReasoner,64685,conditional,single-choice,52,All B are C/No A are C,Yes/No,No,Yes,0,,,
mReasoner,64685,conditional,single-choice,53,All B are C/All A are C,Yes/No,Yes,Yes,1,,,
mReasoner,64685,conditional,single-choice,54,All B are C/All A are C,Yes/No,No,Yes,0,,,
mReasoner,64685,conditional,single-choice,55,All B are C/All A are B,Yes/No,Yes,Yes,1,,,
mReasoner,64685,conditional,single-choice,56,All B are C/All A are C,Yes/No,No,Yes,0,,,
mReasoner,64685,conditional,single-choice,57,All B are C/No A are B,Yes/No,No,Yes,0,,,
mReasoner,64685,conditional,single-choice,58,All B are C/No A are C,Yes/No,Yes,Yes,1,,,
mReasoner,64685,conditional,single-choice,59,All B are C/All A are C,Yes/No,No,Yes,0,,,
mReasoner,64685,conditional,single-choice,60,All B are C/No A are B,Yes/No,Yes,Yes,1,,,
mReasoner,64685,conditional,single-choice,61,All B are C/No A are B,Yes/No,No,Yes,0,,,
mReasoner,64685,conditional,single-choice,62,All B are C/No A are C,Yes/No,Yes,Yes,1,,,
mReasoner,64685,conditional,single-choice,63,All B are C/No A are C,Yes/No,No,Yes,0,,,
mReasoner,64685,conditional,single-choice,64,All B are C/All A are B,Yes/No,Yes,Yes,1,,,
mReasoner,64695,conditional,single-choice,1,All B are C/No A are C,Yes/No,Yes,Yes,1,,,
mReasoner,64695,conditional,single-choice,2,All B are C/All A are B,Yes/No,Yes,Yes,1,,,
mReasoner,64695,conditional,single-choice,3,All B are C/No A are C,Yes/No,Yes,Yes,1,,,
mReasoner,64695,conditional,single-choice,4,All B are C/No A are C,Yes/No,Yes,Yes,1,,,
mReasoner,64695,conditional,single-choice,5,All B are C/No A are C,Yes/No,Yes,Yes,1,,,
mReasoner,64695,conditional,single-choice,6,All B are C/No A are C,Yes/No,Yes,Yes,1,,,
mReasoner,64695,conditional,single-choice,7,All B are C/All A are C,Yes/No,Yes,Yes,1,,,
mReasoner,64695,conditional,single-choice,8,All B are C/No A are B,Yes/No,Yes,Yes,1,,,
mReasoner,64695,conditional,single-choice,9,All B are C/All A are B,Yes/No,Yes,Yes,1,,,
mReasoner,64695,conditional,single-choice,10,All B are C/All A are B,Yes/No,Yes,Yes,1,,,
mReasoner,64695,conditional,single-choice,11,All B are C/All A are C,Yes/No,Yes,Yes,1,,,
mReasoner,64695,conditional,single-choice,12,All B are C/No A are B,Yes/No,No,Yes,0,,,
mReasoner,64695,conditional,single-choice,13,All B are C/All A are C,Yes/No,Yes,Yes,1,,,
mReasoner,64695,conditional,single-choice,14,All B are C/All A are B,Yes/No,Yes,Yes,1,,,
mReasoner,64695,conditional,single-choice,15,All B are C/All A are C,Yes/No,Yes,Yes,1,,,
mReasoner,64695,conditional,single-choice,16,All B are C/All A are C,Yes/No,Yes,Yes,1,,,
mReasoner,64695,conditional,single-choice,17,All B are C/All A are C,Yes/No,No,Yes,0,,,
mReasoner,64695,conditional,single-choice,18,All B are C/All A are C,Yes/No,No,Yes,0,,,
mReasoner,64695,conditional,single-choice,19,All B are C/All A are B,Yes/No,Yes,Yes,1,,,
mReasoner,64695,conditional,single-choice,20,All B are C/No A are C,Yes/No,Yes,Yes,1,,,
mReasoner,64695,conditional,single-choice,21,All B are C/No A are C,Yes/No,Yes,Yes,1,,,
mReasoner,64695,conditional,single-choice,22,All B are C/All A are C,Yes/No,Yes,Yes,1,,,
mReasoner,64695,conditional,single-choice,23,All B are C/All A are C,Yes/No,No,Yes,0,,,
mReasoner,64695,conditional,single-choice,24,All B are C/All A are B,Yes/No,Yes,Yes,1,,,
mReasoner,64695,conditional,single-choice,25,All B are C/No A are C,Yes/No,No,Yes,0,,,
mReasoner,64695,conditional,single-choice,26,All B are C/No A are C,Yes/No,No,Yes,0,,,
mReasoner,64695,conditional,single-choice,27,All B are C/No A are B,Yes/No,Yes,Yes,1,,,
mReasoner,64695,conditional,single-choice,28,All B are C/No A are C,Yes/No,No,Yes,0,,,
mReasoner,64695,conditional,single-choice,29,All B are C/No A are B,Yes/No,Yes,Yes,1,,,
mReasoner,64695,conditional,single-choice,30,All B are C/All A are C,Yes/No,Yes,Yes,1,,,
mReasoner,64695,conditional,single-choice,31,All B are C/No A are C,Yes/No,Yes,Yes,1,,,
mReasoner,64695,conditional,single-choice,32,All B are C/No A are B,Yes/No,Yes,Yes,1,,,
mReasoner,64695,conditional,single-choice,33,All B are C/No A are B,Yes/No,Yes,Yes,1,,,
mReasoner,64695,conditional,single-choice,34,All B are C/No A are C,Yes/No,Yes,Yes,1,,,
mReasoner,64695,conditional,single-choice,35,All B are C/All A are C,Yes/No,No,Yes,0,,,
mReasoner,64695,conditional,single-choice,36,All B are C/All A are B,Yes/No,No,Yes,0,,,
mReasoner,64695,conditional,single-choice,37,All B are C/All A are B,Yes/No,No,Yes,0,,,
mReasoner,64695,conditional,single-choice,38,All B are C/No A are C,Yes/No,No,Yes,0,,,
mReasoner,64695,conditional,single-choice,39,All B are C/All A are B,Yes/No,Yes,Yes,1,,,
mReasoner,64695,conditional,single-choice,40,All B are C/No A are C,Yes/No,No,Yes,0,,,
mReasoner,64695,conditional,single-choice,41,All B are C/All A are C,Yes/No,No,Yes,0,,,
mReasoner,64695,conditional,single-choice,42,All B are C/All A are C,Yes/No,No,Yes,0,,,
mReasoner,64695,conditional,single-choice,43,All B are C/No A are B,Yes/No,Yes,Yes,1,,,
mReasoner,64695,conditional,single-choice,44,All B are C/All A are B,Yes/No,No,Yes,0,,,
mReasoner,64695,conditional,single-choice,45,All B are C/All A are B,Yes/No,No,Yes,0,,,
mReasoner,64695,conditional,single-choice,46,All B are C/No A are B,Yes/No,No,Yes,0,,,
mReasoner,64695,conditional,single-choice,47,All B are C/All A are B,Yes/No,Yes,Yes,1,,,
mReasoner,64695,conditional,single-choice,48,All B are C/No A are B,Yes/No,No,Yes,0,,,
mReasoner,64695,conditional,single-choice,49,All B are C/No A are C,Yes/No,No,Yes,0,,,
mReasoner,64695,conditional,single-choice,50,All B are C/All A are C,Yes/No,No,Yes,0,,,
mReasoner,64695,conditional,single-choice,51,All B are C/No A are B,Yes/No,Yes,Yes,1,,,
mReasoner,64695,conditional,single-choice,52,All B are C/All A are B,Yes/No,Yes,Yes,1,,,
mReasoner,64695,conditional,single-choice,53,All B are C/No A are B,Yes/No,Yes,Yes,1,,,
mReasoner,64695,conditional,single-choice,54,All B are C/No A are C,Yes/No,No,Yes,0,,,
mReasoner,64695,conditional,single-choice,55,All B are C/No A are B,Yes/No,Yes,Yes,1,,,
mReasoner,64695,conditional,single-choice,56,All B are C/All A are B,Yes/No,Yes,Yes,1,,,
mReasoner,64695,conditional,single-choice,57,All B are C/No A are B,Yes/No,No,Yes,0,,,
mReasoner,64695,conditional,single-choice,58,All B are C/No A are B,Yes/No,Yes,Yes,1,,,
mReasoner,64695,conditional,single-choice,59,All B are C/No A are B,Yes/No,No,Yes,0,,,
mReasoner,64695,conditional,single-choice,60,All B are C/All A are B,Yes/No,Yes,Yes,1,,,
mReasoner,64695,conditional,single-choice,61,All B are C/All A are B,Yes/No,No,Yes,0,,,
mReasoner,64695,conditional,single-choice,62,All B are C/All A are C,Yes/No,No,Yes,0,,,
mReasoner,64695,conditional,single-choice,63,All B are C/No A are B,Yes/No,Yes,Yes,1,,,
mReasoner,64695,conditional,single-choice,64,All B are C/All A are C,Yes/No,No,Yes,0,,,
mReasoner,64707,conditional,single-choice,1,All B are C/All A are C,Yes/No,Yes,Yes,1,,,
mReasoner,64707,conditional,single-choice,2,All B are C/All A are C,Yes/No,Yes,Yes,1,,,
mReasoner,64707,conditional,single-choice,3,All B are C/All A are C,Yes/No,No,Yes,0,,,
mReasoner,64707,conditional,single-choice,4,All B are C/No A are B,Yes/No,Yes,Yes,1,,,
mReasoner,64707,conditional,single-choice,5,All B are C/All A are B,Yes/No,Yes,Yes,1,,,
mReasoner,64707,conditional,single-choice,6,All B are C/All A are B,Yes/No,Yes,Yes,1,,,
mReasoner,64707,conditional,single-choice,7,All B are C/All A are B,Yes/No,No,Yes,0,,,
mReasoner,64707,conditional,single-choice,8,All B are C/No A are C,Yes/No,Yes,Yes,1,,,
mReasoner,64707,conditional,single-choice,9,All B are C/No A are C,Yes/No,Yes,Yes,1,,,
mReasoner,64707,conditional,single-choice,10,All B are C/All A are C,Yes/No,Yes,Yes,1,,,
mReasoner,64707,conditional,single-choice,11,All B are C/All A are C,Yes/No,Yes,Yes,1,,,
mReasoner,64707,conditional,single-choice,12,All B are C/All A are B,Yes/No,Yes,Yes,1,,,
mReasoner,64707,conditional,single-choice,13,All B are C/All A are B,Yes/No,No,Yes,0,,,
mReasoner,64707,conditional,single-choice,14,All B are C/No A are B,Yes/No,Yes,Yes,1,,,
mReasoner,64707,conditional,single-choice,15,All B are C/No A are C,Yes/No,Yes,Yes,1,,,
mReasoner,64707,conditional,single-choice,16,All B are C/All A are B,Yes/No,Yes,Yes,1,,,
mReasoner,64707,conditional,single-choice,17,All B are C/No A are C,Yes/No,No,Yes,0,,,
mReasoner,64707,conditional,single-choice,18,All B are C/All A are C,Yes/No,Yes,Yes,1,,,
mReasoner,64707,conditional,single-choice,19,All B are C/All A are B,Yes/No,Yes,Yes,1,,,
mReasoner,64707,conditional,single-choice,20,All B are C/All A are B,Yes/No,Yes,Yes,1,,,
mReasoner,64707,conditional,single-choice,21,All B are C/All A are C,Yes/No,No,Yes,0,,,
mReasoner,64707,conditional,single-choice,22,All B are C/No A are B,Yes/No,Yes,Yes,1,,,
mReasoner,64707,conditional,single-choice,23,All B are C/No A are C,Yes/No,Yes,Yes,1,,,
mReasoner,64707,conditional,single-choice,24,All B are C/All A are C,Yes/No,No,Yes,0,,,
mReasoner,64707,conditional,single-choice,25,All B are C/No A are B,Yes/No,Yes,Yes,1,,,
mReasoner,64707,conditional,single-choice,26,All B are C/All A are C,Yes/No,Yes,Yes,1,,,
mReasoner,64707,conditional,single-choice,27,All B are C/No A are C,Yes/No,No,Yes,0,,,
mReasoner,64707,conditional,single-choice,28,All B are C/No A are C,Yes/No,Yes,Yes,1,,,
mReasoner,64707,conditional,single-choice,29,All B are C/All A are C,Yes/No,Yes,Yes,1,,,
mReasoner,64707,conditional,single-choice,30,All B are C/No A are B,Yes/No,No,Yes,0,,,
mReasoner,64707,conditional,single-choice,31,All B are C/All A are B,Yes/No,No,Yes,0,,,
mReasoner,64707,conditional,single-choice,32,All B are C/All A are C,Yes/No,Yes,Yes,1,,,
mReasoner,64707,conditional,single-choice,33,All B are C/All A are B,Yes/No,Yes,Yes,1,,,
mReasoner,64707,conditional,single-choice,34,All B are C/No A are C,Yes/No,Yes,Yes,1,,,
mReasoner,64707,conditional,single-choice,35,All B are C/No A are B,Yes/No,Yes,Yes,1,,,
mReasoner,64707,conditional,single-choice,36,All B are C/No A are C,Yes/No,Yes,Yes,1,,,
mReasoner,64707,conditional,single-choice,37,All B are C/All A are B,Yes/No,No,Yes,0,,,
mReasoner,64707,conditional,single-choice,38,All B are C/No A are B,Yes/No,Yes,Yes,1,,,
mReasoner,64707,conditional,single-choice,39,All B are C/All A are C,Yes/No,Yes,Yes,1,,,
mReasoner,64707,conditional,single-choice,40,All B are C/All A are B,Yes/No,Yes,Yes,1,,,
mReasoner,64707,conditional,single-choice,41,All B are C/No A are C,Yes/No,Yes,Yes,1,,,
mReasoner,64707,conditional,single-choice,42,All B are C/No A are B,Yes/No,Yes,Yes,1,,,
mReasoner,64707,conditional,single-choice,43,All B are C/No A are B,Yes/No,Yes,Yes,1,,,
mReasoner,64707,conditional,single-choice,44,All B are C/No A are B,Yes/No,Yes,Yes,1,,,
mReasoner,64707,conditional,single-choice,45,All B are C/All A are B,Yes/No,Yes,Yes,1,,,
mReasoner,64707,conditional,single-choice,46,All B are C/No A are B,Yes/No,Yes,Yes,1,,,
mReasoner,64707,conditional,single-choice,47,All B are C/No A are B,Yes/No,Yes,Yes,1,,,
mReasoner,64707,conditional,single-choice,48,All B are C/All A are C,Yes/No,Yes,Yes,1,,,
mReasoner,64707,conditional,single-choice,49,All B are C/All A are B,Yes/No,Yes,Yes,1,,,
mReasoner,64707,conditional,single-choice,50,All B are C/No A are C,Yes/No,Yes,Yes,1,,,
mReasoner,64707,conditional,single-choice,51,All B are C/No A are C,Yes/No,Yes,Yes,1,,,
mReasoner,64707,conditional,single-choice,52,All B are C/All A are C,Yes/No,Yes,Yes,1,,,
mReasoner,64707,conditional,single-choice,53,All B are C/No A are C,Yes/No,Yes,Yes,1,,,
mReasoner,64707,conditional,single-choice,54,All B are C/No A are B,Yes/No,Yes,Yes,1,,,
mReasoner,64707,conditional,single-choice,55,All B are C/No A are B,Yes/No,Yes,Yes,1,,,
mReasoner,64707,conditional,single-choice,56,All B are C/No A are C,Yes/No,Yes,Yes,1,,,
mReasoner,64707,conditional,single-choice,57,All B are C/All A are C,Yes/No,Yes,Yes,1,,,
mReasoner,64707,conditional,single-choice,58,All B are C/No A are C,Yes/No,Yes,Yes,1,,,
mReasoner,64707,conditional,single-choice,59,All B are C/No A are C,Yes/No,Yes,Yes,1,,,
mReasoner,64707,conditional,single-choice,60,All B are C/No A are B,Yes/No,Yes,Yes,1,,,
mReasoner,64707,conditional,single-choice,61,All B are C/All A are B,Yes/No,Yes,Yes,1,,,
mReasoner,64707,conditional,single-choice,62,All B are C/All A are C,Yes/No,Yes,Yes,1,,,
mReasoner,64707,conditional,single-choice,63,All B are C/No A are B,Yes/No,Yes,Yes,1,,,
mReasoner,64707,conditional,single-choice,64,All B are C/All A are B,Yes/No,Yes,Yes,1,,,
mReasoner,64708,conditional,single-choice,1,All B are C/All A are C,Yes/No,No,Yes,0,,,
mReasoner,64708,conditional,single-choice,2,All B are C/All A are B,Yes/No,Yes,Yes,1,,,
mReasoner,64708,conditional,single-choice,3,All B are C/All A are C,Yes/No,No,Yes,0,,,
mReasoner,64708,conditional,single-choice,4,All B are C/All A are B,Yes/No,Yes,Yes,1,,,
mReasoner,64708,conditional,single-choice,5,All B are C/No A are B,Yes/No,No,Yes,0,,,
mReasoner,64708,conditional,single-choice,6,All B are C/No A are C,Yes/No,Yes,Yes,1,,,
mReasoner,64708,conditional,single-choice,7,All B are C/All A are C,Yes/No,No,Yes,0,,,
mReasoner,64708,conditional,single-choice,8,All B are C/No A are B,Yes/No,No,Yes,0,,,
mReasoner,64708,conditional,single-choice,9,All B are C/No A are B,Yes/No,No,Yes,0,,,
mReasoner,64708,conditional,single-choice,10,All B are C/No A are C,Yes/No,Yes,Yes,1,,,
mReasoner,64708,conditional,single-choice,11,All B are C/All A are B,Yes/No,Yes,Yes,1,,,
mReasoner,64708,conditional,single-choice,12,All B are C/All A are B,Yes/No,Yes,Yes,1,,,
mReasoner,64708,conditional,single-choice,13,All B are C/No A are B,Yes/No,No,Yes,0,,,
mReasoner,64708,conditional,single-choice,14,All B are C/No A are B,Yes/No,No,Yes,0,,,
mReasoner,64708,conditional,single-choice,15,All B are C/All A are B,Yes/No,Yes,Yes,1,,,
mReasoner,64708,conditional,single-choice,16,All B are C/All A are C,Yes/No,No,Yes,0,,,
mReasoner,64708,conditional,single-choice,17,All B are C/All A are C,Yes/No,No,Yes,0,,,
mReasoner,64708,conditional,single-choice,18,All B are C/All A are C,Yes/No,No,Yes,0,,,
mReasoner,64708,conditional,single-choice,19,All B are C/All A are C,Yes/No,No,Yes,0,,,
mReasoner,64708,conditional,single-choice,20,All B are C/All A are B,Yes/No,Yes,Yes,1,,,
mReasoner,64708,conditional,single-choice,21,All B are C/All A are C,Yes/No,No,Yes,0,,,
mReasoner,64708,conditional,single-choice,22,All B are C/No A are B,Yes/No,No,Yes,0,,,
mReasoner,64708,conditional,single-choice,23,All B are C/All A are C,Yes/No,No,Yes,0,,,
mReasoner,64708,conditional,single-choice,24,All B are C/All A are B,Yes/No,Yes,Yes,1,,,
mReasoner,64708,conditional,single-choice,25,All B are C/No A are C,Yes/No,Yes,Yes,1,,,
mReasoner,64708,conditional,single-choice,26,All B are C/No A are C,Yes/No,Yes,Yes,1,,,
mReasoner,64708,conditional,single-choice,27,All B are C/No A are B,Yes/No,No,Yes,0,,,
mReasoner,64708,conditional,single-choice,28,All B are C/All A are B,Yes/No,Yes,Yes,1,,,
mReasoner,64708,conditional,single-choice,29,All B are C/All A are B,Yes/No,Yes,Yes,1,,,
mReasoner,64708,conditional,single-choice,30,All B are C/No A are B,Yes/No,No,Yes,0,,,
mReasoner,64708,conditional,single-choice,31,All B are C/No A are C,Yes/No,Yes,Yes,1,,,
mReasoner,64708,conditional,single-choice,32,All B are C/No A are C,Yes/No,Yes,Yes,1,,,
mReasoner,64708,conditional,single-choice,33,All B are C/No A are B,Yes/No,No,Yes,0,,,
mReasoner,64708,conditional,single-choice,34,All B are C/All A are B,Yes/No,Yes,Yes,1,,,
mReasoner,64708,conditional,single-choice,35,All B are C/No A are C,Yes/No,Yes,Yes,1,,,
mReasoner,64708,conditional,single-choice,36,All B are C/All A are B,Yes/No,Yes,Yes,1,,,
mReasoner,64708,conditional,single-choice,37,All B are C/No A are B,Yes/No,Yes,Yes,1,,,
mReasoner,64708,conditional,single-choice,38,All B are C/No A are C,Yes/No,No,Yes,0,,,
mReasoner,64708,conditional,single-choice,39,All B are C/All A are C,Yes/No,No,Yes,0,,,
mReasoner,64708,conditional,single-choice,40,All B are C/No A are C,Yes/No,Yes,Yes,1,,,
mReasoner,64708,conditional,single-choice,41,All B are C/No A are B,Yes/No,No,Yes,0,,,
mReasoner,64708,conditional,single-choice,42,All B are C/All A are B,Yes/No,Yes,Yes,1,,,
mReasoner,64708,conditional,single-choice,43,All B are C/No A are C,Yes/No,Yes,Yes,1,,,
mReasoner,64708,conditional,single-choice,44,All B are C/All A are B,Yes/No,Yes,Yes,1,,,
mReasoner,64708,conditional,single-choice,45,All B are C/All A are C,Yes/No,No,Yes,0,,,
mReasoner,64708,conditional,single-choice,46,All B are C/No A are C,Yes/No,Yes,Yes,1,,,
mReasoner,64708,conditional,single-choice,47,All B are C/No A are C,Yes/No,Yes,Yes,1,,,
mReasoner,64708,conditional,single-choice,48,All B are C/No A are B,Yes/No,No,Yes,0,,,
mReasoner,64708,conditional,single-choice,49,All B are C/No A are B,Yes/No,No,Yes,0,,,
mReasoner,64708,conditional,single-choice,50,All B are C/All A are C,Yes/No,No,Yes,0,,,
mReasoner,64708,conditional,single-choice,51,All B are C/All A are B,Yes/No,Yes,Yes,1,,,
mReasoner,64708,conditional,single-choice,52,All B are C/All A are B,Yes/No,Yes,Yes,1,,,
mReasoner,64708,conditional,single-choice,53,All B are C/All A are B,Yes/No,Yes,Yes,1,,,
mReasoner,64708,conditional,single-choice,54,All B are C/All A are C,Yes/No,No,Yes,0,,,
mReasoner,64708,conditional,single-choice,55,All B are C/No A are B,Yes/No,No,Yes,0,,,
mReasoner,64708,conditional,single-choice,56,All B are C/No A are C,Yes/No,Yes,Yes,1,,,
mReasoner,64708,conditional,single-choice,57,All B are C/All A are C,Yes/No,No,Yes,0,,,
mReasoner,64708,conditional,single-choice,58,All B are C/All A are C,Yes/No,No,Yes,0,,,
mReasoner,64708,conditional,single-choice,59,All B are C/No A are B,Yes/No,No,Yes,0,,,
mReasoner,64708,conditional,single-choice,60,All B are C/All A are C,Yes/No,No,Yes,0,,,
mReasoner,64708,conditional,single-choice,61,All B are C/No A are C,Yes/No,Yes,Yes,1,,,
mReasoner,64708,conditional,single-choice,62,All B are C/No A are C,Yes/No,Yes,Yes,1,,,
mReasoner,64708,conditional,single-choice,63,All B are C/No A are C,Yes/No,Yes,Yes,1,,,
mReasoner,64708,conditional,single-choice,64,All B are C/No A are B,Yes/No,No,Yes,0,,,
mReasoner,64776,conditional,single-choice,1,All B are C/All A are C,Yes/No,Yes,Yes,1,,,
mReasoner,64776,conditional,single-choice,2,All B are C/All A are C,Yes/No,Yes,Yes,1,,,
mReasoner,64776,conditional,single-choice,3,All B are C/All A are C,Yes/No,Yes,Yes,1,,,
mReasoner,64776,conditional,single-choice,4,All B are C/No A are B,Yes/No,Yes,Yes,1,,,
mReasoner,64776,conditional,single-choice,5,All B are C/All A are C,Yes/No,No,Yes,0,,,
mReasoner,64776,conditional,single-choice,6,All B are C/No A are B,Yes/No,Yes,Yes,1,,,
mReasoner,64776,conditional,single-choice,7,All B are C/All A are C,Yes/No,No,Yes,0,,,
mReasoner,64776,conditional,single-choice,8,All B are C/All A are B,Yes/No,Yes,Yes,1,,,
mReasoner,64776,conditional,single-choice,9,All B are C/All A are C,Yes/No,No,Yes,0,,,
mReasoner,64776,conditional,single-choice,10,All B are C/All A are B,Yes/No,No,Yes,0,,,
mReasoner,64776,conditional,single-choice,11,All B are C/No A are B,Yes/No,Yes,Yes,1,,,
mReasoner,64776,conditional,single-choice,12,All B are C/All A are C,Yes/No,No,Yes,0,,,
mReasoner,64776,conditional,single-choice,13,All B are C/All A are B,Yes/No,Yes,Yes,1,,,
mReasoner,64776,conditional,single-choice,14,All B are C/No A are B,Yes/No,No,Yes,0,,,
mReasoner,64776,conditional,single-choice,15,All B are C/No A are C,Yes/No,Yes,Yes,1,,,
mReasoner,64776,conditional,single-choice,16,All B are C/All A are B,Yes/No,Yes,Yes,1,,,
mReasoner,64776,conditional,single-choice,17,All B are C/No A are B,Yes/No,No,Yes,0,,,
mReasoner,64776,conditional,single-choice,18,All B are C/All A are B,Yes/No,No,Yes,0,,,
mReasoner,64776,conditional,single-choice,19,All B are C/No A are C,Yes/No,No,Yes,0,,,
mReasoner,64776,conditional,single-choice,20,All B are C/All A are C,Yes/No,Yes,Yes,1,,,
mReasoner,64776,conditional,single-choice,21,All B are C/No A are C,Yes/No,No,Yes,0,,,
mReasoner,64776,conditional,single-choice,22,All B are C/No A are B,Yes/No,Yes,Yes,1,,,
mReasoner,64776,conditional,single-choice,23,All B are C/No A are B,Yes/No,No,Yes,0,,,
mReasoner,64776,conditional,single-choice,24,All B are C/All A are B,Yes/No,Yes,Yes,1,,,
mReasoner,64776,conditional,single-choice,25,All B are C/No A are C,Yes/No,Yes,Yes,1,,,
mReasoner,64776,conditional,single-choice,26,All B are C/All A are B,Yes/No,Yes,Yes,1,,,
mReasoner,64776,conditional,single-choice,27,All B are C/All A are B,Yes/No,No,Yes,0,,,
mReasoner,64776,conditional,single-choice,28,All B are C/No A are C,Yes/No,No,Yes,0,,,
mReasoner,64776,conditional,single-choice,29,All B are C/All A are B,Yes/No,Yes,Yes,1,,,
mReasoner,64776,conditional,single-choice,30,All B are C/All A are B,Yes/No,Yes,Yes,1,,,
mReasoner,64776,conditional,single-choice,31,All B are C/No A are C,Yes/No,Yes,Yes,1,,,
mReasoner,64776,conditional,single-choice,32,All B are C/All A are B,Yes/No,Yes,Yes,1,,,
mReasoner,64776,conditional,single-choice,33,All B are C/All A are B,Yes/No,No,Yes,0,,,
mReasoner,64776,conditional,single-choice,34,All B are C/No A are C,Yes/No,Yes,Yes,1,,,
mReasoner,64776,conditional,single-choice,35,All B are C/No A are C,Yes/No,No,Yes,0,,,
mReasoner,64776,conditional,single-choice,36,All B are C/No A are C,Yes/No,Yes,Yes,1,,,
mReasoner,64776,conditional,single-choice,37,All B are C/All A are C,Yes/No,Yes,Yes,1,,,
mReasoner,64776,conditional,single-choice,38,All B are C/No A are C,Yes/No,Yes,Yes,1,,,
mReasoner,64776,conditional,single-choice,39,All B are C/No A are C,Yes/No,No,Yes,0,,,
mReasoner,64776,conditional,single-choice,40,All B are C/All A are C,Yes/No,Yes,Yes,1,,,
mReasoner,64776,conditional,single-choice,41,All B are C/All A are C,Yes/No,No,Yes,0,,,
mReasoner,64776,conditional,single-choice,42,All B are C/All A are C,Yes/No,No,Yes,0,,,
mReasoner,64776,conditional,single-choice,43,All B are C/No A are C,Yes/No,Yes,Yes,1,,,
mReasoner,64776,conditional,single-choice,44,All B are C/No A are C,Yes/No,Yes,Yes,1,,,
mReasoner,64776,conditional,single-choice,45,All B are C/All A are B,Yes/No,Yes,Yes,1,,,
mReasoner,64776,conditional,single-choice,46,All B are C/All A are C,Yes/No,Yes,Yes,1,,,
mReasoner,64776,conditional,single-choice,47,All B are C/No A are B,Yes/No,Yes,Yes,1,,,
mReasoner,64776,conditional,single-choice,48,All B are C/No A are B,Yes/No,Yes,Yes,1,,,
mReasoner,64776,conditional,single-choice,49,All B are C/No A are B,Yes/No,No,Yes,0,,,
mReasoner,64776,conditional,single-choice,50,All B are C/No A are B,Yes/No,Yes,Yes,1,,,
mReasoner,64776,conditional,single-choice,51,All B are C/No A are B,Yes/No,Yes,Yes,1,,,
mReasoner,64776,conditional,single-choice,52,All B are C/All A are C,Yes/No,Yes,Yes,1,,,
mReasoner,64776,conditional,single-choice,53,All B are C/No A are B,Yes/No,No,Yes,0,,,
mReasoner,64776,conditional,single-choice,54,All B are C/No A are C,Yes/No,Yes,Yes,1,,,
mReasoner,64776,conditional,single-choice,55,All B are C/No A are B,Yes/No,No,Yes,0,,,
mReasoner,64776,conditional,single-choice,56,All B are C/No A are B,Yes/No,Yes,Yes,1,,,
mReasoner,64776,conditional,single-choice,57,All B are C/All A are C,Yes/No,Yes,Yes,1,,,
mReasoner,64776,conditional,single-choice,58,All B are C/No A are C,Yes/No,Yes,Yes,1,,,
mReasoner,64776,conditional,single-choice,59,All B are C/All A are B,Yes/No,Yes,Yes,1,,,
mReasoner,64776,conditional,single-choice,60,All B are C/No A are C,Yes/No,Yes,Yes,1,,,
mReasoner,64776,conditional,single-choice,61,All B are C/All A are C,Yes/No,Yes,Yes,1,,,
mReasoner,64776,conditional,single-choice,62,All B are C/All A are B,Yes/No,Yes,Yes,1,,,
mReasoner,64776,conditional,single-choice,63,All B are C/No A are B,Yes/No,No,Yes,0,,,
mReasoner,64776,conditional,single-choice,64,All B are C/All A are B,Yes/No,Yes,Yes,1,,,
mReasoner,64793,conditional,single-choice,1,All B are C/All A are C,Yes/No,No,Yes,0,,,
mReasoner,64793,conditional,single-choice,2,All B are C/All A are B,Yes/No,No,Yes,0,,,
mReasoner,64793,conditional,single-choice,3,All B are C/All A are C,Yes/No,No,Yes,0,,,
mReasoner,64793,conditional,single-choice,4,All B are C/No A are C,Yes/No,Yes,Yes,1,,,
mReasoner,64793,conditional,single-choice,5,All B are C/No A are B,Yes/No,Yes,Yes,1,,,
mReasoner,64793,conditional,single-choice,6,All B are C/All A are C,Yes/No,No,Yes,0,,,
mReasoner,64793,conditional,single-choice,7,All B are C/All A are B,Yes/No,Yes,Yes,1,,,
mReasoner,64793,conditional,single-choice,8,All B are C/No A are B,Yes/No,Yes,Yes,1,,,
mReasoner,64793,conditional,single-choice,9,All B are C/All A are C,Yes/No,Yes,Yes,1,,,
mReasoner,64793,conditional,single-choice,10,All B are C/No A are C,Yes/No,Yes,Yes,1,,,
mReasoner,64793,conditional,single-choice,11,All B are C/No A are C,Yes/No,No,Yes,0,,,
mReasoner,64793,conditional,single-choice,12,All B are C/No A are C,Yes/No,No,Yes,0,,,
mReasoner,64793,conditional,single-choice,13,All B are C/No A are B,Yes/No,Yes,Yes,1,,,
mReasoner,64793,conditional,single-choice,14,All B are C/All A are C,Yes/No,Yes,Yes,1,,,
mReasoner,64793,conditional,single-choice,15,All B are C/No A are B,Yes/No,No,Yes,0,,,
mReasoner,64793,conditional,single-choice,16,All B are C/No A are B,Yes/No,No,Yes,0,,,
mReasoner,64793,conditional,single-choice,17,All B are C/All A are B,Yes/No,Yes,Yes,1,,,
mReasoner,64793,conditional,single-choice,18,All B are C/No A are B,Yes/No,No,Yes,0,,,
mReasoner,64793,conditional,single-choice,19,All B are C/All A are B,Yes/No,No,Yes,0,,,
mReasoner,64793,conditional,single-choice,20,All B are C/All A are B,Yes/No,Yes,Yes,1,,,
mReasoner,64793,conditional,single-choice,21,All B are C/No A are C,Yes/No,Yes,Yes,1,,,
mReasoner,64793,conditional,single-choice,22,All B are C/No A are C,Yes/No,Yes,Yes,1,,,
mReasoner,64793,conditional,single-choice,23,All B are C/No A are C,Yes/No,Yes,Yes,1,,,
mReasoner,64793,conditional,single-choice,24,All B are C/All A are B,Yes/No,No,Yes,0,,,
mReasoner,64793,conditional,single-choice,25,All B are C/All A are B,Yes/No,Yes,Yes,1,,,
mReasoner,64793,conditional,single-choice,26,All B are C/All A are B,Yes/No,No,Yes,0,,,
mReasoner,64793,conditional,single-choice,27,All B are C/No A are C,Yes/No,No,Yes,0,,,
mReasoner,64793,conditional,single-choice,28,All B are C/All A are C,Yes/No,Yes,Yes,1,,,
mReasoner,64793,conditional,single-choice,29,All B are C/No A are C,Yes/No,No,Yes,0,,,
mReasoner,64793,conditional,single-choice,30,All B are C/No A are C,Yes/No,Yes,Yes,1,,,
mReasoner,64793,conditional,single-choice,31,All B are C/No A are C,Yes/No,Yes,Yes,1,,,
mReasoner,64793,conditional,single-choice,32,All B are C/All A are C,Yes/No,Yes,Yes,1,,,
mReasoner,64793,conditional,single-choice,33,All B are C/No A are C,Yes/No,Yes,Yes,1,,,
mReasoner,64793,conditional,single-choice,34,All B are C/All A are C,Yes/No,Yes,Yes,1,,,
mReasoner,64793,conditional,single-choice,35,All B are C/All A are C,Yes/No,Yes,Yes,1,,,
mReasoner,64793,conditional,single-choice,36,All B are C/All A are B,Yes/No,No,Yes,0,,,
mReasoner,64793,conditional,single-choice,37,All B are C/All A are B,Yes/No,Yes,Yes,1,,,
mReasoner,64793,conditional,single-choice,38,All B are C/All A are B,Yes/No,Yes,Yes,1,,,
mReasoner,64793,conditional,single-choice,39,All B are C/All A are B,Yes/No,Yes,Yes,1,,,
mReasoner,64793,conditional,single-choice,40,All B are C/No A are B,Yes/No,Yes,Yes,1,,,
mReasoner,64793,conditional,single-choice,41,All B are C/No A are B,Yes/No,No,Yes,0,,,
mReasoner,64793,conditional,single-choice,42,All B are C/No A are B,Yes/No,Yes,Yes,1,,,
mReasoner,64793,conditional,single-choice,43,All B are C/No A are C,Yes/No,Yes,Yes,1,,,
mReasoner,64793,conditional,single-choice,44,All B are C/No A are B,Yes/No,Yes,Yes,1,,,
mReasoner,64793,conditional,single-choice,45,All B are C/All A are C,Yes/No,Yes,Yes,1,,,
mReasoner,64793,conditional,single-choice,46,All B are C/All A are C,Yes/No,No,Yes,0,,,
mReasoner,64793,conditional,single-choice,47,All B are C/All A are C,Yes/No,No,Yes,0,,,
mReasoner,64793,conditional,single-choice,48,All B are C/All A are C,Yes/No,No,Yes,0,,,
mReasoner,64793,conditional,single-choice,49,All B are C/No A are B,Yes/No,Yes,Yes,1,,,
mReasoner,64793,conditional,single-choice,50,All B are C/No A are B,Yes/No,No,Yes,0,,,
mReasoner,64793,conditional,single-choice,51,All B are C/No A are B,Yes/No,Yes,Yes,1,,,
mReasoner,64793,conditional,single-choice,52,All B are C/No A are B,Yes/No,Yes,Yes,1,,,
mReasoner,64793,conditional,single-choice,53,All B are C/No A are B,Yes/No,No,Yes,0,,,
mReasoner,64793,conditional,single-choice,54,All B are C/No A are C,Yes/No,No,Yes,0,,,
mReasoner,64793,conditional,single-choice,55,All B are C/All A are C,Yes/No,Yes,Yes,1,,,
mReasoner,64793,conditional,single-choice,56,All B are C/All A are B,Yes/No,No,Yes,0,,,
mReasoner,64793,conditional,single-choice,57,All B are C/No A are C,Yes/No,Yes,Yes,1,,,
mReasoner,64793,conditional,single-choice,58,All B are C/All A are B,Yes/No,Yes,Yes,1,,,
mReasoner,64793,conditional,single-choice,59,All B are C/No A are C,Yes/No,No,Yes,0,,,
mReasoner,64793,conditional,single-choice,60,All B are C/All A are C,Yes/No,No,Yes,0,,,
mReasoner,64793,conditional,single-choice,61,All B are C/All A are C,Yes/No,Yes,Yes,1,,,
mReasoner,64793,conditional,single-choice,62,All B are C/All A are B,Yes/No,Yes,Yes,1,,,
mReasoner,64793,conditional,single-choice,63,All B are C/All A are B,Yes/No,Yes,Yes,1,,,
mReasoner,64793,conditional,single-choice,64,All B are C/No A are B,Yes/No,No,Yes,0,,,
mReasoner,64806,conditional,single-choice,1,All B are C/All A are C,Yes/No,Yes,Yes,1,,,
mReasoner,64806,conditional,single-choice,2,All B are C/No A are B,Yes/No,No,Yes,0,,,
mReasoner,64806,conditional,single-choice,3,All B are C/No A are C,Yes/No,No,Yes,0,,,
mReasoner,64806,conditional,single-choice,4,All B are C/All A are C,Yes/No,No,Yes,0,,,
mReasoner,64806,conditional,single-choice,5,All B are C/No A are B,Yes/No,No,Yes,0,,,
mReasoner,64806,conditional,single-choice,6,All B are C/No A are B,Yes/No,Yes,Yes,1,,,
mReasoner,64806,conditional,single-choice,7,All B are C/No A are C,Yes/No,No,Yes,0,,,
mReasoner,64806,conditional,single-choice,8,All B are C/All A are C,Yes/No,Yes,Yes,1,,,
mReasoner,64806,conditional,single-choice,9,All B are C/No A are B,Yes/No,Yes,Yes,1,,,
mReasoner,64806,conditional,single-choice,10,All B are C/No A are C,Yes/No,Yes,Yes,1,,,
mReasoner,64806,conditional,single-choice,11,All B are C/All A are C,Yes/No,Yes,Yes,1,,,
mReasoner,64806,conditional,single-choice,12,All B are C/No A are C,Yes/No,Yes,Yes,1,,,
mReasoner,64806,conditional,single-choice,13,All B are C/All A are B,Yes/No,Yes,Yes,1,,,
mReasoner,64806,conditional,single-choice,14,All B are C/No A are B,Yes/No,Yes,Yes,1,,,
mReasoner,64806,conditional,single-choice,15,All B are C/All A are B,Yes/No,No,Yes,0,,,
mReasoner,64806,conditional,single-choice,16,All B are C/All A are C,Yes/No,No,Yes,0,,,
mReasoner,64806,conditional,single-choice,17,All B are C/No A are C,Yes/No,No,Yes,0,,,
mReasoner,64806,conditional,single-choice,18,All B are C/All A are C,Yes/No,No,Yes,0,,,
mReasoner,64806,conditional,single-choice,19,All B are C/No A are B,Yes/No,No,Yes,0,,,
mReasoner,64806,conditional,single-choice,20,All B are C/No A are B,Yes/No,No,Yes,0,,,
mReasoner,64806,conditional,single-choice,21,All B are C/All A are C,Yes/No,No,Yes,0,,,
mReasoner,64806,conditional,single-choice,22,All B are C/No A are B,Yes/No,No,Yes,0,,,
mReasoner,64806,conditional,single-choice,23,All B are C/All A are B,Yes/No,Yes,Yes,1,,,
mReasoner,64806,conditional,single-choice,24,All B are C/No A are B,Yes/No,Yes,Yes,1,,,
mReasoner,64806,conditional,single-choice,25,All B are C/All A are B,Yes/No,No,Yes,0,,,
mReasoner,64806,conditional,single-choice,26,All B are C/No A are C,Yes/No,Yes,Yes,1,,,
mReasoner,64806,conditional,single-choice,27,All B are C/All A are C,Yes/No,Yes,Yes,1,,,
mReasoner,64806,conditional,single-choice,28,All B are C/No A are B,Yes/No,No,Yes,0,,,
mReasoner,64806,conditional,single-choice,29,All B are C/No A are C,Yes/No,Yes,Yes,1,,,
mReasoner,64806,conditional,single-choice,30,All B are C/All A are B,Yes/No,Yes,Yes,1,,,
mReasoner,64806,conditional,single-choice,31,All B are C/All A are B,Yes/No,Yes,Yes,1,,,
mReasoner,64806,conditional,single-choice,32,All B are C/No A are B,Yes/No,Yes,Yes,1,,,
mReasoner,64806,conditional,single-choice,33,All B are C/No A are C,Yes/No,No,Yes,0,,,
mReasoner,64806,conditional,single-choice,34,All B are C/All A are C,Yes/No,Yes,Yes,1,,,
mReasoner,64806,conditional,single-choice,35,All B are C/All A are B,Yes/No,No,Yes,0,,,
mReasoner,64806,conditional,single-choice,36,All B are C/No A are C,Yes/No,No,Yes,0,,,
mReasoner,64806,conditional,single-choice,37,All B are C/No A are C,Yes/No,No,Yes,0,,,
mReasoner,64806,conditional,single-choice,38,All B are C/All A are B,Yes/No,No,Yes,0,,,
mReasoner,64806,conditional,single-choice,39,All B are C/All A are B,Yes/No,Yes,Yes,1,,,
mReasoner,64806,conditional,single-choice,40,All B are C/No A are C,Yes/No,No,Yes,0,,,
mReasoner,64806,conditional,single-choice,41,All B are C/All A are C,Yes/No,No,Yes,0,,,
mReasoner,64806,conditional,single-choice,42,All B are C/All A are B,Yes/No,Yes,Yes,1,,,
mReasoner,64806,conditional,single-choice,43,All B are C/No A are C,Yes/No,No,Yes,0,,,
mReasoner,64806,conditional,single-choice,44,All B are C/All A are B,Yes/No,Yes,Yes,1,,,
mReasoner,64806,conditional,single-choice,45,All B are C/No A are B,Yes/No,No,Yes,0,,,
mReasoner,64806,conditional,single-choice,46,All B are C/No A are C,Yes/No,No,Yes,0,,,
mReasoner,64806,conditional,single-choice,47,All B are C/All A are B,Yes/No,No,Yes,0,,,
mReasoner,64806,conditional,single-choice,48,All B are C/No A are B,Yes/No,No,Yes,0,,,
mReasoner,64806,conditional,single-choice,49,All B are C/All A are B,Yes/No,No,Yes,0,,,
mReasoner,64806,conditional,single-choice,50,All B are C/All A are C,Yes/No,No,Yes,0,,,
mReasoner,64806,conditional,single-choice,51,All B are C/No A are C,Yes/No,Yes,Yes,1,,,
mReasoner,64806,conditional,single-choice,52,All B are C/All A are C,Yes/No,No,Yes,0,,,
mReasoner,64806,conditional,single-choice,53,All B are C/No A are B,Yes/No,Yes,Yes,1,,,
mReasoner,64806,conditional,single-choice,54,All B are C/No A are B,Yes/No,No,Yes,0,,,
mReasoner,64806,conditional,single-choice,55,All B are C/No A are C,Yes/No,No,Yes,0,,,
mReasoner,64806,conditional,single-choice,56,All B are C/All A are C,Yes/No,Yes,Yes,1,,,
mReasoner,64806,conditional,single-choice,57,All B are C/All A are B,Yes/No,Yes,Yes,1,,,
mReasoner,64806,conditional,single-choice,58,All B are C/All A are B,Yes/No,No,Yes,0,,,
mReasoner,64806,conditional,single-choice,59,All B are C/No A are B,Yes/No,Yes,Yes,1,,,
mReasoner,64806,conditional,single-choice,60,All B are C/No A are C,Yes/No,Yes,Yes,1,,,
mReasoner,64806,conditional,single-choice,61,All B are C/All A are C,Yes/No,Yes,Yes,1,,,
mReasoner,64806,conditional,single-choice,62,All B are C/All A are B,Yes/No,No,Yes,0,,,
mReasoner,64806,conditional,single-choice,63,All B are C/All A are C,Yes/No,No,Yes,0,,,
mReasoner,64806,conditional,single-choice,64,All B are C/All A are C,Yes/No,No,Yes,0,,,
mReasoner,64843,conditional,single-choice,1,All B are C/No A are C,Yes/No,Yes,Yes,1,,,
mReasoner,64843,conditional,single-choice,2,All B are C/No A are C,Yes/No,Yes,Yes,1,,,
mReasoner,64843,conditional,single-choice,3,All B are C/All A are C,Yes/No,Yes,Yes,1,,,
mReasoner,64843,conditional,single-choice,4,All B are C/All A are C,Yes/No,No,Yes,0,,,
mReasoner,64843,conditional,single-choice,5,All B are C/No A are B,Yes/No,Yes,Yes,1,,,
mReasoner,64843,conditional,single-choice,6,All B are C/No A are C,Yes/No,Yes,Yes,1,,,
mReasoner,64843,conditional,single-choice,7,All B are C/No A are B,Yes/No,Yes,Yes,1,,,
mReasoner,64843,conditional,single-choice,8,All B are C/No A are C,Yes/No,No,Yes,0,,,
mReasoner,64843,conditional,single-choice,9,All B are C/All A are B,Yes/No,Yes,Yes,1,,,
mReasoner,64843,conditional,single-choice,10,All B are C/No A are C,Yes/No,No,Yes,0,,,
mReasoner,64843,conditional,single-choice,11,All B are C/No A are B,Yes/No,No,Yes,0,,,
mReasoner,64843,conditional,single-choice,12,All B are C/All A are B,Yes/No,No,Yes,0,,,
mReasoner,64843,conditional,single-choice,13,All B are C/All A are B,Yes/No,Yes,Yes,1,,,
mReasoner,64843,conditional,single-choice,14,All B are C/All A are C,Yes/No,Yes,Yes,1,,,
mReasoner,64843,conditional,single-choice,15,All B are C/All A are B,Yes/No,Yes,Yes,1,,,
mReasoner,64843,conditional,single-choice,16,All B are C/All A are B,Yes/No,No,Yes,0,,,
mReasoner,64843,conditional,single-choice,17,All B are C/No A are C,Yes/No,Yes,Yes,1,,,
mReasoner,64843,conditional,single-choice,18,All B are C/No A are B,Yes/No,No,Yes,0,,,
mReasoner,64843,conditional,single-choice,19,All B are C/All A are C,Yes/No,Yes,Yes,1,,,
mReasoner,64843,conditional,single-choice,20,All B are C/All A are B,Yes/No,No,Yes,0,,,
mReasoner,64843,conditional,single-choice,21,All B are C/No A are C,Yes/No,No,Yes,0,,,
mReasoner,64843,conditional,single-choice,22,All B are C/All A are B,Yes/No,No,Yes,0,,,
mReasoner,64843,conditional,single-choice,23,All B are C/All A are B,Yes/No,No,Yes,0,,,
mReasoner,64843,conditional,single-choice,24,All B are C/All A are C,Yes/No,Yes,Yes,1,,,
mReasoner,64843,conditional,single-choice,25,All B are C/No A are B,Yes/No,No,Yes,0,,,
mReasoner,64843,conditional,single-choice,26,All B are C/All A are C,Yes/No,No,Yes,0,,,
mReasoner,64843,conditional,single-choice,27,All B are C/All A are C,Yes/No,No,Yes,0,,,
mReasoner,64843,conditional,single-choice,28,All B are C/All A are B,Yes/No,Yes,Yes,1,,,
mReasoner,64843,conditional,single-choice,29,All B are C/No A are C,Yes/No,No,Yes,0,,,
mReasoner,64843,conditional,single-choice,30,All B are C/No A are B,Yes/No,Yes,Yes,1,,,
mReasoner,64843,conditional,single-choice,31,All B are C/No A are B,Yes/No,No,Yes,0,,,
mReasoner,64843,conditional,single-choice,32,All B are C/All A are C,Yes/No,Yes,Yes,1,,,
mReasoner,64843,conditional,single-choice,33,All B are C/All A are B,Yes/No,Yes,Yes,1,,,
mReasoner,64843,conditional,single-choice,34,All B are C/No A are B,Yes/No,No,Yes,0,,,
mReasoner,64843,conditional,single-choice,35,All B are C/No A are B,Yes/No,No,Yes,0,,,
mReasoner,64843,conditional,single-choice,36,All B are C/No A are B,Yes/No,No,Yes,0,,,
mReasoner,64843,conditional,single-choice,37,All B are C/No A are C,Yes/No,Yes,Yes,1,,,
mReasoner,64843,conditional,single-choice,38,All B are C/No A are B,Yes/No,No,Yes,0,,,
mReasoner,64843,conditional,single-choice,39,All B are C/No A are B,Yes/No,No,Yes,0,,,
mReasoner,64843,conditional,single-choice,40,All B are C/All A are C,Yes/No,Yes,Yes,1,,,
mReasoner,64843,conditional,single-choice,41,All B are C/All A are B,Yes/No,Yes,Yes,1,,,
mReasoner,64843,conditional,single-choice,42,All B are C/All A are B,Yes/No,Yes,Yes,1,,,
mReasoner,64843,conditional,single-choice,43,All B are C/All A are B,Yes/No,No,Yes,0,,,
mReasoner,64843,conditional,single-choice,44,All B are C/No A are B,Yes/No,Yes,Yes,1,,,
mReasoner,64843,conditional,single-choice,45,All B are C/No A are C,Yes/No,Yes,Yes,1,,,
mReasoner,64843,conditional,single-choice,46,All B are C/No A are C,Yes/No,No,Yes,0,,,
mReasoner,64843,conditional,single-choice,47,All B are C/No A are B,Yes/No,Yes,Yes,1,,,
mReasoner,64843,conditional,single-choice,48,All B are C/All A are B,Yes/No,Yes,Yes,1,,,
mReasoner,64843,conditional,single-choice,49,All B are C/All A are C,Yes/No,No,Yes,0,,,
mReasoner,64843,conditional,single-choice,50,All B are C/All A are C,Yes/No,No,Yes,0,,,
mReasoner,64843,conditional,single-choice,51,All B are C/All A are B,Yes/No,No,Yes,0,,,
mReasoner,64843,conditional,single-choice,52,All B are C/All A are B,Yes/No,Yes,Yes,1,,,
mReasoner,64843,conditional,single-choice,53,All B are C/No A are B,Yes/No,No,Yes,0,,,
mReasoner,64843,conditional,single-choice,54,All B are C/All A are C,Yes/No,No,Yes,0,,,
mReasoner,64843,conditional,single-choice,55,All B are C/All A are C,Yes/No,Yes,Yes,1,,,
mReasoner,64843,conditional,single-choice,56,All B are C/All A are C,Yes/No,No,Yes,0,,,
mReasoner,64843,conditional,single-choice,57,All B are C/No A are C,Yes/No,Yes,Yes,1,,,
mReasoner,64843,conditional,single-choice,58,All B are C/No A are C,Yes/No,No,Yes,0,,,
mReasoner,64843,conditional,single-choice,59,All B are C/No A are C,Yes/No,No,Yes,0,,,
mReasoner,64843,conditional,single-choice,60,All B are C/All A are C,Yes/No,Yes,Yes,1,,,
mReasoner,64843,conditional,single-choice,61,All B are C/No A are B,Yes/No,Yes,Yes,1,,,
mReasoner,64843,conditional,single-choice,62,All B are C/No A are C,Yes/No,No,Yes,0,,,
mReasoner,64843,conditional,single-choice,63,All B are C/No A are C,Yes/No,No,Yes,0,,,
mReasoner,64843,conditional,single-choice,64,All B are C/All A are C,Yes/No,Yes,Yes,1,,,
mReasoner,64869,conditional,single-choice,1,All B are C/All A are C,Yes/No,Yes,Yes,1,,,
mReasoner,64869,conditional,single-choice,2,All B are C/No A are C,Yes/No,Yes,Yes,1,,,
mReasoner,64869,conditional,single-choice,3,All B are C/All A are C,Yes/No,No,Yes,0,,,
mReasoner,64869,conditional,single-choice,4,All B are C/All A are B,Yes/No,Yes,Yes,1,,,
mReasoner,64869,conditional,single-choice,5,All B are C/All A are B,Yes/No,Yes,Yes,1,,,
mReasoner,64869,conditional,single-choice,6,All B are C/No A are C,Yes/No,Yes,Yes,1,,,
mReasoner,64869,conditional,single-choice,7,All B are C/No A are B,Yes/No,Yes,Yes,1,,,
mReasoner,64869,conditional,single-choice,8,All B are C/No A are C,Yes/No,Yes,Yes,1,,,
mReasoner,64869,conditional,single-choice,9,All B are C/All A are B,Yes/No,Yes,Yes,1,,,
mReasoner,64869,conditional,single-choice,10,All B are C/No A are C,Yes/No,Yes,Yes,1,,,
mReasoner,64869,conditional,single-choice,11,All B are C/All A are C,Yes/No,Yes,Yes,1,,,
mReasoner,64869,conditional,single-choice,12,All B are C/All A are C,Yes/No,Yes,Yes,1,,,
mReasoner,64869,conditional,single-choice,13,All B are C/All A are C,Yes/No,Yes,Yes,1,,,
mReasoner,64869,conditional,single-choice,14,All B are C/No A are C,Yes/No,Yes,Yes,1,,,
mReasoner,64869,conditional,single-choice,15,All B are C/All A are B,Yes/No,Yes,Yes,1,,,
mReasoner,64869,conditional,single-choice,16,All B are C/No A are B,Yes/No,Yes,Yes,1,,,
mReasoner,64869,conditional,single-choice,17,All B are C/No A are B,Yes/No,Yes,Yes,1,,,
mReasoner,64869,conditional,single-choice,18,All B are C/All A are C,Yes/No,Yes,Yes,1,,,
mReasoner,64869,conditional,single-choice,19,All B are C/No A are B,Yes/No,Yes,Yes,1,,,
mReasoner,64869,conditional,single-choice,20,All B are C/No A are B,Yes/No,Yes,Yes,1,,,
mReasoner,64869,conditional,single-choice,21,All B are C/No A are B,Yes/No,Yes,Yes,1,,,
mReasoner,64869,conditional,single-choice,22,All B are C/All A are C,Yes/No,Yes,Yes,1,,,
mReasoner,64869,conditional,single-choice,23,All B are C/No A are C,Yes/No,Yes,Yes,1,,,
mReasoner,64869,conditional,single-choice,24,All B are C/No A are B,Yes/No,No,Yes,0,,,
mReasoner,64869,conditional,single-choice,25,All B are C/All A are B,Yes/No,Yes,Yes,1,,,
mReasoner,64869,conditional,single-choice,26,All B are C/No A are C,Yes/No,Yes,Yes,1,,,
mReasoner,64869,conditional,single-choice,27,All B are C/No A are C,Yes/No,No,Yes,0,,,
mReasoner,64869,conditional,single-choice,28,All B are C/No A are C,Yes/No,Yes,Yes,1,,,
mReasoner,64869,conditional,single-choice,29,All B are C/All A are B,Yes/No,Yes,Yes,1,,,
mReasoner,64869,conditional,single-choice,30,All B are C/All A are B,Yes/No,Yes,Yes,1,,,
mReasoner,64869,conditional,single-choice,31,All B are C/No A are B,Yes/No,Yes,Yes,1,,,
mReasoner,64869,conditional,single-choice,32,All B are C/All A are C,Yes/No,Yes,Yes,1,,,
mReasoner,64869,conditional,single-choice,33,All B are C/All A are C,Yes/No,Yes,Yes,1,,,
mReasoner,64869,conditional,single-choice,34,All B are C/No A are C,Yes/No,Yes,Yes,1,,,
mReasoner,64869,conditional,single-choice,35,All B are C/All A are B,Yes/No,Yes,Yes,1,,,
mReasoner,64869,conditional,single-choice,36,All B are C/All A are C,Yes/No,Yes,Yes,1,,,
mReasoner,64869,conditional,single-choice,37,All B are C/No A are B,Yes/No,No,Yes,0,,,
mReasoner,64869,conditional,single-choice,38,All B are C/No A are B,Yes/No,No,Yes,0,,,
mReasoner,64869,conditional,single-choice,39,All B are C/No A are B,Yes/No,Yes,Yes,1,,,
mReasoner,64869,conditional,single-choice,40,All B are C/All A are B,Yes/No,Yes,Yes,1,,,
mReasoner,64869,conditional,single-choice,41,All B are C/No A are C,Yes/No,No,Yes,0,,,
mReasoner,64869,conditional,single-choice,42,All B are C/All A are B,Yes/No,Yes,Yes,1,,,
mReasoner,64869,conditional,single-choice,43,All B are C/All A are C,Yes/No,Yes,Yes,1,,,
mReasoner,64869,conditional,single-choice,44,All B are C/All A are B,Yes/No,Yes,Yes,1,,,
mReasoner,64869,conditional,single-choice,45,All B are C/No A are C,Yes/No,Yes,Yes,1,,,
mReasoner,64869,conditional,single-choice,46,All B are C/All A are B,Yes/No,No,Yes,0,,,
mReasoner,64869,conditional,single-choice,47,All B are C/All A are C,Yes/No,Yes,Yes,1,,,
mReasoner,64869,conditional,single-choice,48,All B are C/All A are C,Yes/No,Yes,Yes,1,,,
mReasoner,64869,conditional,single-choice,49,All B are C/No A are C,Yes/No,Yes,Yes,1,,,
mReasoner,64869,conditional,single-choice,50,All B are C/No A are C,Yes/No,Yes,Yes,1,,,
mReasoner,64869,conditional,single-choice,51,All B are C/All A are B,Yes/No,Yes,Yes,1,,,
mReasoner,64869,conditional,single-choice,52,All B are C/No A are B,Yes/No,Yes,Yes,1,,,
mReasoner,64869,conditional,single-choice,53,All B are C/All A are C,Yes/No,Yes,Yes,1,,,
mReasoner,64869,conditional,single-choice,54,All B are C/All A are C,Yes/No,Yes,Yes,1,,,
mReasoner,64869,conditional,single-choice,55,All B are C/No A are C,Yes/No,Yes,Yes,1,,,
mReasoner,64869,conditional,single-choice,56,All B are C/All A are B,Yes/No,Yes,Yes,1,,,
mReasoner,64869,conditional,single-choice,57,All B are C/All A are B,Yes/No,Yes,Yes,1,,,
mReasoner,64869,conditional,single-choice,58,All B are C/No A are B,Yes/No,Yes,Yes,1,,,
mReasoner,64869,conditional,single-choice,59,All B are C/No A are B,Yes/No,Yes,Yes,1,,,
mReasoner,64869,conditional,single-choice,60,All B are C/All A are C,Yes/No,Yes,Yes,1,,,
mReasoner,64869,conditional,single-choice,61,All B are C/All A are B,Yes/No,Yes,Yes,1,,,
mReasoner,64869,conditional,single-choice,62,All B are C/No A are B,Yes/No,Yes,Yes,1,,,
mReasoner,64869,conditional,single-choice,63,All B are C/No A are B,Yes/No,Yes,Yes,1,,,
mReasoner,64869,conditional,single-choice,64,All B are C/No A are C,Yes/No,Yes,Yes,1,,,
mReasoner,64871,conditional,single-choice,1,All B are C/No A are C,Yes/No,Yes,Yes,1,,,
mReasoner,64871,conditional,single-choice,2,All B are C/All A are C,Yes/No,Yes,Yes,1,,,
mReasoner,64871,conditional,single-choice,3,All B are C/No A are B,Yes/No,Yes,Yes,1,,,
mReasoner,64871,conditional,single-choice,4,All B are C/No A are C,Yes/No,Yes,Yes,1,,,
mReasoner,64871,conditional,single-choice,5,All B are C/No A are B,Yes/No,Yes,Yes,1,,,
mReasoner,64871,conditional,single-choice,6,All B are C/No A are C,Yes/No,Yes,Yes,1,,,
mReasoner,64871,conditional,single-choice,7,All B are C/All A are C,Yes/No,No,Yes,0,,,
mReasoner,64871,conditional,single-choice,8,All B are C/No A are B,Yes/No,No,Yes,0,,,
mReasoner,64871,conditional,single-choice,9,All B are C/All A are B,Yes/No,No,Yes,0,,,
mReasoner,64871,conditional,single-choice,10,All B are C/No A are B,Yes/No,No,Yes,0,,,
mReasoner,64871,conditional,single-choice,11,All B are C/All A are B,Yes/No,Yes,Yes,1,,,
mReasoner,64871,conditional,single-choice,12,All B are C/All A are C,Yes/No,No,Yes,0,,,
mReasoner,64871,conditional,single-choice,13,All B are C/No A are B,Yes/No,No,Yes,0,,,
mReasoner,64871,conditional,single-choice,14,All B are C/All A are C,Yes/No,No,Yes,0,,,
mReasoner,64871,conditional,single-choice,15,All B are C/No A are B,Yes/No,No,Yes,0,,,
mReasoner,64871,conditional,single-choice,16,All B are C/No A are B,Yes/No,No,Yes,0,,,
mReasoner,64871,conditional,single-choice,17,All B are C/All A are B,Yes/No,Yes,Yes,1,,,
mReasoner,64871,conditional,single-choice,18,All B are C/No A are C,Yes/No,No,Yes,0,,,
mReasoner,64871,conditional,single-choice,19,All B are C/All A are C,Yes/No,Yes,Yes,1,,,
mReasoner,64871,conditional,single-choice,20,All B are C/No A are C,Yes/No,No,Yes,0,,,
mReasoner,64871,conditional,single-choice,21,All B are C/All A are C,Yes/No,Yes,Yes,1,,,
mReasoner,64871,conditional,single-choice,22,All B are C/All A are B,Yes/No,No,Yes,0,,,
mReasoner,64871,conditional,single-choice,23,All B are C/All A are C,Yes/No,Yes,Yes,1,,,
mReasoner,64871,conditional,single-choice,24,All B are C/All A are C,Yes/No,Yes,Yes,1,,,
mReasoner,64871,conditional,single-choice,25,All B are C/No A are B,Yes/No,Yes,Yes,1,,,
mReasoner,64871,conditional,single-choice,26,All B are C/No A are B,Yes/No,No,Yes,0,,,
mReasoner,64871,conditional,single-choice,27,All B are C/All A are B,Yes/No,Yes,Yes,1,,,
mReasoner,64871,conditional,single-choice,28,All B are C/No A are C,Yes/No,Yes,Yes,1,,,
mReasoner,64871,conditional,single-choice,29,All B are C/No A are C,Yes/No,No,Yes,0,,,
mReasoner,64871,conditional,single-choice,30,All B are C/No A are B,Yes/No,No,Yes,0,,,
mReasoner,64871,conditional,single-choice,31,All B are C/No A are C,Yes/No,Yes,Yes,1,,,
mReasoner,64871,conditional,single-choice,32,All B are C/No A are C,Yes/No,No,Yes,0,,,
mReasoner,64871,conditional,single-choice,33,All B are C/No A are C,Yes/No,Yes,Yes,1,,,
mReasoner,64871,conditional,single-choice,34,All B are C/No A are C,Yes/No,No,Yes,0,,,
mReasoner,64871,conditional,single-choice,35,All B are C/All A are C,Yes/No,No,Yes,0,,,
mReasoner,64871,conditional,single-choice,36,All B are C/No A are B,Yes/No,Yes,Yes,1,,,
mReasoner,64871,conditional,single-choice,37,All B are C/All A are B,Yes/No,No,Yes,0,,,
mReasoner,64871,conditional,single-choice,38,All B are C/All A are B,Yes/No,No,Yes,0,,,
mReasoner,64871,conditional,single-choice,39,All B are C/All A are B,Yes/No,No,Yes,0,,,
mReasoner,64871,conditional,single-choice,40,All B are C/All A are C,Yes/No,Yes,Yes,1,,,
mReasoner,64871,conditional,single-choice,41,All B are C/All A are B,Yes/No,No,Yes,0,,,
mReasoner,64871,conditional,single-choice,42,All B are C/All A are B,Yes/No,No,Yes,0,,,
mReasoner,64871,conditional,single-choice,43,All B are C/All A are C,Yes/No,No,Yes,0,,,
mReasoner,64871,conditional,single-choice,44,All B are C/No A are C,Yes/No,Yes,Yes,1,,,
mReasoner,64871,conditional,single-choice,45,All B are C/All A are C,Yes/No,Yes,Yes,1,,,
mReasoner,64871,conditional,single-choice,46,All B are C/No A are B,Yes/No,No,Yes,0,,,
mReasoner,64871,conditional,single-choice,47,All B are C/All A are B,Yes/No,Yes,Yes,1,,,
mReasoner,64871,conditional,single-choice,48,All B are C/All A are B,Yes/No,Yes,Yes,1,,,
mReasoner,64871,conditional,single-choice,49,All B are C/All A are C,Yes/No,No,Yes,0,,,
mReasoner,64871,conditional,single-choice,50,All B are C/All A are B,Yes/No,Yes,Yes,1,,,
mReasoner,64871,conditional,single-choice,51,All B are C/No A are C,Yes/No,No,Yes,0,,,
mReasoner,64871,conditional,single-choice,52,All B are C/All A are B,Yes/No,Yes,Yes,1,,,
mReasoner,64871,conditional,single-choice,53,All B are C/All A are B,Yes/No,Yes,Yes,1,,,
mReasoner,64871,conditional,single-choice,54,All B are C/No A are B,Yes/No,No,Yes,0,,,
mReasoner,64871,conditional,single-choice,55,All B are C/No A are C,Yes/No,No,Yes,0,,,
mReasoner,64871,conditional,single-choice,56,All B are C/All A are B,Yes/No,No,Yes,0,,,
mReasoner,64871,conditional,single-choice,57,All B are C/All A are C,Yes/No,No,Yes,0,,,
mReasoner,64871,conditional,single-choice,58,All B are C/All A are C,Yes/No,Yes,Yes,1,,,
mReasoner,64871,conditional,single-choice,59,All B are C/All A are C,Yes/No,Yes,Yes,1,,,
mReasoner,64871,conditional,single-choice,60,All B are C/No A are C,Yes/No,No,Yes,0,,,
mReasoner,64871,conditional,single-choice,61,All B are C/No A are C,Yes/No,Yes,Yes,1,,,
mReasoner,64871,conditional,single-choice,62,All B are C/No A are B,Yes/No,Yes,Yes,1,,,
mReasoner,64871,conditional,single-choice,63,All B are C/No A are B,Yes/No,No,Yes,0,,,
mReasoner,64871,conditional,single-choice,64,All B are C/No A are B,Yes/No,No,Yes,0,,,
mReasoner,64882,conditional,single-choice,1,All B are C/All A are C,Yes/No,Yes,Yes,1,,,
mReasoner,64882,conditional,single-choice,2,All B are C/No A are C,Yes/No,No,Yes,0,,,
mReasoner,64882,conditional,single-choice,3,All B are C/No A are C,Yes/No,No,Yes,0,,,
mReasoner,64882,conditional,single-choice,4,All B are C/All A are B,Yes/No,No,Yes,0,,,
mReasoner,64882,conditional,single-choice,5,All B are C/No A are C,Yes/No,No,Yes,0,,,
mReasoner,64882,conditional,single-choice,6,All B are C/No A are C,Yes/No,Yes,Yes,1,,,
mReasoner,64882,conditional,single-choice,7,All B are C/No A are C,Yes/No,Yes,Yes,1,,,
mReasoner,64882,conditional,single-choice,8,All B are C/No A are B,Yes/No,Yes,Yes,1,,,
mReasoner,64882,conditional,single-choice,9,All B are C/All A are C,Yes/No,Yes,Yes,1,,,
mReasoner,64882,conditional,single-choice,10,All B are C/All A are C,Yes/No,Yes,Yes,1,,,
mReasoner,64882,conditional,single-choice,11,All B are C/No A are C,Yes/No,Yes,Yes,1,,,
mReasoner,64882,conditional,single-choice,12,All B are C/All A are C,Yes/No,Yes,Yes,1,,,
mReasoner,64882,conditional,single-choice,13,All B are C/No A are B,Yes/No,Yes,Yes,1,,,
mReasoner,64882,conditional,single-choice,14,All B are C/All A are B,Yes/No,Yes,Yes,1,,,
mReasoner,64882,conditional,single-choice,15,All B are C/No A are B,Yes/No,Yes,Yes,1,,,
mReasoner,64882,conditional,single-choice,16,All B are C/No A are B,Yes/No,Yes,Yes,1,,,
mReasoner,64882,conditional,single-choice,17,All B are C/All A are B,Yes/No,Yes,Yes,1,,,
mReasoner,64882,conditional,single-choice,18,All B are C/No A are C,Yes/No,Yes,Yes,1,,,
mReasoner,64882,conditional,single-choice,19,All B are C/No A are B,Yes/No,Yes,Yes,1,,,
mReasoner,64882,conditional,single-choice,20,All B are C/All A are B,Yes/No,Yes,Yes,1,,,
mReasoner,64882,conditional,single-choice,21,All B are C/No A are C,Yes/No,Yes,Yes,1,,,
mReasoner,64882,conditional,single-choice,22,All B are C/All A are B,Yes/No,Yes,Yes,1,,,
mReasoner,64882,conditional,single-choice,23,All B are C/All A are B,Yes/No,Yes,Yes,1,,,
mReasoner,64882,conditional,single-choice,24,All B are C/All A are B,Yes/No,Yes,Yes,1,,,
mReasoner,64882,conditional,single-choice,25,All B are C/All A are B,Yes/No,Yes,Yes,1,,,
mReasoner,64882,conditional,single-choice,26,All B are C/No A are C,Yes/No,Yes,Yes,1,,,
mReasoner,64882,conditional,single-choice,27,All B are C/All A are C,Yes/No,No,Yes,0,,,
mReasoner,64882,conditional,single-choice,28,All B are C/No A are B,Yes/No,Yes,Yes,1,,,
mReasoner,64882,conditional,single-choice,29,All B are C/All A are B,Yes/No,Yes,Yes,1,,,
mReasoner,64882,conditional,single-choice,30,All B are C/No A are B,Yes/No,Yes,Yes,1,,,
mReasoner,64882,conditional,single-choice,31,All B are C/All A are C,Yes/No,Yes,Yes,1,,,
mReasoner,64882,conditional,single-choice,32,All B are C/No A are C,Yes/No,Yes,Yes,1,,,
mReasoner,64882,conditional,single-choice,33,All B are C/All A are C,Yes/No,Yes,Yes,1,,,
mReasoner,64882,conditional,single-choice,34,All B are C/All A are B,Yes/No,Yes,Yes,1,,,
mReasoner,64882,conditional,single-choice,35,All B are C/All A are C,Yes/No,Yes,Yes,1,,,
mReasoner,64882,conditional,single-choice,36,All B are C/All A are C,Yes/No,Yes,Yes,1,,,
mReasoner,64882,conditional,single-choice,37,All B are C/All A are B,Yes/No,Yes,Yes,1,,,
mReasoner,64882,conditional,single-choice,38,All B are C/All A are C,Yes/No,Yes,Yes,1,,,
mReasoner,64882,conditional,single-choice,39,All B are C/No A are B,Yes/No,Yes,Yes,1,,,
mReasoner,64882,conditional,single-choice,40,All B are C/All A are B,Yes/No,Yes,Yes,1,,,
mReasoner,64882,conditional,single-choice,41,All B are C/No A are B,Yes/No,Yes,Yes,1,,,
mReasoner,64882,conditional,single-choice,42,All B are C/All A are B,Yes/No,Yes,Yes,1,,,
mReasoner,64882,conditional,single-choice,43,All B are C/All A are C,Yes/No,Yes,Yes,1,,,
mReasoner,64882,conditional,single-choice,44,All B are C/No A are C,Yes/No,Yes,Yes,1,,,
mReasoner,64882,conditional,single-choice,45,All B are C/No A are C,Yes/No,Yes,Yes,1,,,
mReasoner,64882,conditional,single-choice,46,All B are C/All A are B,Yes/No,Yes,Yes,1,,,
mReasoner,64882,conditional,single-choice,47,All B are C/No A are B,Yes/No,Yes,Yes,1,,,
mReasoner,64882,conditional,single-choice,48,All B are C/No A are C,Yes/No,Yes,Yes,1,,,
mReasoner,64882,conditional,single-choice,49,All B are C/No A are B,Yes/No,Yes,Yes,1,,,
mReasoner,64882,conditional,single-choice,50,All B are C/All A are C,Yes/No,Yes,Yes,1,,,
mReasoner,64882,conditional,single-choice,51,All B are C/No A are B,Yes/No,Yes,Yes,1,,,
mReasoner,64882,conditional,single-choice,52,All B are C/No A are B,Yes/No,Yes,Yes,1,,,
mReasoner,64882,conditional,single-choice,53,All B are C/All A are C,Yes/No,Yes,Yes,1,,,
mReasoner,64882,conditional,single-choice,54,All B are C/No A are B,Yes/No,Yes,Yes,1,,,
mReasoner,64882,conditional,single-choice,55,All B are C/No A are C,Yes/No,Yes,Yes,1,,,
mReasoner,64882,conditional,single-choice,56,All B are C/No A are C,Yes/No,No,Yes,0,,,
mReasoner,64882,conditional,single-choice,57,All B are C/All A are C,Yes/No,Yes,Yes,1,,,
mReasoner,64882,conditional,single-choice,58,All B are C/All A are B,Yes/No,Yes,Yes,1,,,
mReasoner,64882,conditional,single-choice,59,All B are C/No A are B,Yes/No,Yes,Yes,1,,,
mReasoner,64882,conditional,single-choice,60,All B are C/All A are B,Yes/No,Yes,Yes,1,,,
mReasoner,64882,conditional,single-choice,61,All B are C/No A are B,Yes/No,Yes,Yes,1,,,
mReasoner,64882,conditional,single-choice,62,All B are C/All A are C,Yes/No,Yes,Yes,1,,,
mReasoner,64882,conditional,single-choice,63,All B are C/All A are C,Yes/No,Yes,Yes,1,,,
mReasoner,64882,conditional,single-choice,64,All B are C/No A are C,Yes/No,Yes,Yes,1,,,
mReasoner,64888,conditional,single-choice,1,All B are C/All A are B,Yes/No,Yes,Yes,1,,,
mReasoner,64888,conditional,single-choice,2,All B are C/All A are C,Yes/No,No,Yes,0,,,
mReasoner,64888,conditional,single-choice,3,All B are C/All A are B,Yes/No,Yes,Yes,1,,,
mReasoner,64888,conditional,single-choice,4,All B are C/No A are B,Yes/No,No,Yes,0,,,
mReasoner,64888,conditional,single-choice,5,All B are C/All A are B,Yes/No,Yes,Yes,1,,,
mReasoner,64888,conditional,single-choice,6,All B are C/All A are B,Yes/No,Yes,Yes,1,,,
mReasoner,64888,conditional,single-choice,7,All B are C/No A are C,Yes/No,Yes,Yes,1,,,
mReasoner,64888,conditional,single-choice,8,All B are C/All A are C,Yes/No,No,Yes,0,,,
mReasoner,64888,conditional,single-choice,9,All B are C/All A are C,Yes/No,No,Yes,0,,,
mReasoner,64888,conditional,single-choice,10,All B are C/No A are C,Yes/No,No,Yes,0,,,
mReasoner,64888,conditional,single-choice,11,All B are C/All A are C,Yes/No,No,Yes,0,,,
mReasoner,64888,conditional,single-choice,12,All B are C/All A are B,Yes/No,Yes,Yes,1,,,
mReasoner,64888,conditional,single-choice,13,All B are C/All A are B,Yes/No,Yes,Yes,1,,,
mReasoner,64888,conditional,single-choice,14,All B are C/No A are C,Yes/No,Yes,Yes,1,,,
mReasoner,64888,conditional,single-choice,15,All B are C/All A are B,Yes/No,Yes,Yes,1,,,
mReasoner,64888,conditional,single-choice,16,All B are C/All A are C,Yes/No,No,Yes,0,,,
mReasoner,64888,conditional,single-choice,17,All B are C/All A are B,Yes/No,Yes,Yes,1,,,
mReasoner,64888,conditional,single-choice,18,All B are C/No A are B,Yes/No,No,Yes,0,,,
mReasoner,64888,conditional,single-choice,19,All B are C/No A are C,Yes/No,Yes,Yes,1,,,
mReasoner,64888,conditional,single-choice,20,All B are C/No A are B,Yes/No,No,Yes,0,,,
mReasoner,64888,conditional,single-choice,21,All B are C/All A are C,Yes/No,No,Yes,0,,,
mReasoner,64888,conditional,single-choice,22,All B are C/All A are C,Yes/No,No,Yes,0,,,
mReasoner,64888,conditional,single-choice,23,All B are C/No A are C,Yes/No,Yes,Yes,1,,,
mReasoner,64888,conditional,single-choice,24,All B are C/All A are C,Yes/No,No,Yes,0,,,
mReasoner,64888,conditional,single-choice,25,All B are C/All A are B,Yes/No,Yes,Yes,1,,,
mReasoner,64888,conditional,single-choice,26,All B are C/No A are C,Yes/No,Yes,Yes,1,,,
mReasoner,64888,conditional,single-choice,27,All B are C/No A are C,Yes/No,Yes,Yes,1,,,
mReasoner,64888,conditional,single-choice,28,All B are C/All A are C,Yes/No,No,Yes,0,,,
mReasoner,64888,conditional,single-choice,29,All B are C/No A are B,Yes/No,Yes,Yes,1,,,
mReasoner,64888,conditional,single-choice,30,All B are C/No A are C,Yes/No,Yes,Yes,1,,,
mReasoner,64888,conditional,single-choice,31,All B are C/All A are B,Yes/No,Yes,Yes,1,,,
mReasoner,64888,conditional,single-choice,32,All B are C/No A are B,Yes/No,No,Yes,0,,,
mReasoner,64888,conditional,single-choice,33,All B are C/No A are B,Yes/No,No,Yes,0,,,
mReasoner,64888,conditional,single-choice,34,All B are C/All A are B,Yes/No,Yes,Yes,1,,,
mReasoner,64888,conditional,single-choice,35,All B are C/No A are B,Yes/No,No,Yes,0,,,
mReasoner,64888,conditional,single-choice,36,All B are C/All A are B,Yes/No,Yes,Yes,1,,,
mReasoner,64888,conditional,single-choice,37,All B are C/No A are B,Yes/No,No,Yes,0,,,
mReasoner,64888,conditional,single-choice,38,All B are C/No A are C,Yes/No,Yes,Yes,1,,,
mReasoner,64888,conditional,single-choice,39,All B are C/No A are C,Yes/No,No,Yes,0,,,
mReasoner,64888,conditional,single-choice,40,All B are C/No A are C,Yes/No,Yes,Yes,1,,,
mReasoner,64888,conditional,single-choice,41,All B are C/All A are C,Yes/No,No,Yes,0,,,
mReasoner,64888,conditional,single-choice,42,All B are C/All A are B,Yes/No,Yes,Yes,1,,,
mReasoner,64888,conditional,single-choice,43,All B are C/No A are C,Yes/No,Yes,Yes,1,,,
mReasoner,64888,conditional,single-choice,44,All B are C/No A are C,Yes/No,Yes,Yes,1,,,
mReasoner,64888,conditional,single-choice,45,All B are C/All A are C,Yes/No,No,Yes,0,,,
mReasoner,64888,conditional,single-choice,46,All B are C/No A are B,Yes/No,No,Yes,0,,,
mReasoner,64888,conditional,single-choice,47,All B are C/No A are B,Yes/No,Yes,Yes,1,,,
mReasoner,64888,conditional,single-choice,48,All B are C/All A are C,Yes/No,No,Yes,0,,,
mReasoner,64888,conditional,single-choice,49,All B are C/All A are C,Yes/No,No,Yes,0,,,
mReasoner,64888,conditional,single-choice,50,All B are C/No A are C,Yes/No,Yes,Yes,1,,,
mReasoner,64888,conditional,single-choice,51,All B are C/All A are B,Yes/No,No,Yes,0,,,
mReasoner,64888,conditional,single-choice,52,All B are C/No A are C,Yes/No,Yes,Yes,1,,,
mReasoner,64888,conditional,single-choice,53,All B are C/All A are C,Yes/No,No,Yes,0,,,
mReasoner,64888,conditional,single-choice,54,All B are C/No A are B,Yes/No,No,Yes,0,,,
mReasoner,64888,conditional,single-choice,55,All B are C/No A are B,Yes/No,No,Yes,0,,,
mReasoner,64888,conditional,single-choice,56,All B are C/All A are B,Yes/No,Yes,Yes,1,,,
mReasoner,64888,conditional,single-choice,57,All B are C/All A are C,Yes/No,No,Yes,0,,,
mReasoner,64888,conditional,single-choice,58,All B are C/No A are B,Yes/No,No,Yes,0,,,
mReasoner,64888,conditional,single-choice,59,All B are C/All A are B,Yes/No,Yes,Yes,1,,,
mReasoner,64888,conditional,single-choice,60,All B are C/No A are C,Yes/No,No,Yes,0,,,
mReasoner,64888,conditional,single-choice,61,All B are C/No A are B,Yes/No,No,Yes,0,,,
mReasoner,64888,conditional,single-choice,62,All B are C/No A are B,Yes/No,No,Yes,0,,,
mReasoner,64888,conditional,single-choice,63,All B are C/No A are B,Yes/No,No,Yes,0,,,
mReasoner,64888,conditional,single-choice,64,All B are C/All A are C,Yes/No,No,Yes,0,,,
mReasoner,64890,conditional,single-choice,1,All B are C/All A are B,Yes/No,Yes,Yes,1,,,
mReasoner,64890,conditional,single-choice,2,All B are C/All A are B,Yes/No,Yes,Yes,1,,,
mReasoner,64890,conditional,single-choice,3,All B are C/All A are C,Yes/No,Yes,Yes,1,,,
mReasoner,64890,conditional,single-choice,4,All B are C/All A are B,Yes/No,Yes,Yes,1,,,
mReasoner,64890,conditional,single-choice,5,All B are C/All A are C,Yes/No,Yes,Yes,1,,,
mReasoner,64890,conditional,single-choice,6,All B are C/No A are C,Yes/No,Yes,Yes,1,,,
mReasoner,64890,conditional,single-choice,7,All B are C/All A are B,Yes/No,No,Yes,0,,,
mReasoner,64890,conditional,single-choice,8,All B are C/All A are C,Yes/No,Yes,Yes,1,,,
mReasoner,64890,conditional,single-choice,9,All B are C/No A are C,Yes/No,No,Yes,0,,,
mReasoner,64890,conditional,single-choice,10,All B are C/All A are B,Yes/No,Yes,Yes,1,,,
mReasoner,64890,conditional,single-choice,11,All B are C/All A are C,Yes/No,No,Yes,0,,,
mReasoner,64890,conditional,single-choice,12,All B are C/All A are B,Yes/No,Yes,Yes,1,,,
mReasoner,64890,conditional,single-choice,13,All B are C/No A are C,Yes/No,No,Yes,0,,,
mReasoner,64890,conditional,single-choice,14,All B are C/All A are B,Yes/No,Yes,Yes,1,,,
mReasoner,64890,conditional,single-choice,15,All B are C/No A are C,Yes/No,Yes,Yes,1,,,
mReasoner,64890,conditional,single-choice,16,All B are C/No A are C,Yes/No,No,Yes,0,,,
mReasoner,64890,conditional,single-choice,17,All B are C/All A are B,Yes/No,No,Yes,0,,,
mReasoner,64890,conditional,single-choice,18,All B are C/No A are C,Yes/No,No,Yes,0,,,
mReasoner,64890,conditional,single-choice,19,All B are C/All A are B,Yes/No,Yes,Yes,1,,,
mReasoner,64890,conditional,single-choice,20,All B are C/No A are C,Yes/No,No,Yes,0,,,
mReasoner,64890,conditional,single-choice,21,All B are C/No A are B,Yes/No,Yes,Yes,1,,,
mReasoner,64890,conditional,single-choice,22,All B are C/No A are C,Yes/No,Yes,Yes,1,,,
mReasoner,64890,conditional,single-choice,23,All B are C/All A are C,Yes/No,Yes,Yes,1,,,
mReasoner,64890,conditional,single-choice,24,All B are C/No A are B,Yes/No,No,Yes,0,,,
mReasoner,64890,conditional,single-choice,25,All B are C/No A are B,Yes/No,No,Yes,0,,,
mReasoner,64890,conditional,single-choice,26,All B are C/No A are C,Yes/No,No,Yes,0,,,
mReasoner,64890,conditional,single-choice,27,All B are C/No A are B,Yes/No,No,Yes,0,,,
mReasoner,64890,conditional,single-choice,28,All B are C/All A are C,Yes/No,Yes,Yes,1,,,
mReasoner,64890,conditional,single-choice,29,All B are C/All A are B,Yes/No,No,Yes,0,,,
mReasoner,64890,conditional,single-choice,30,All B are C/No A are B,Yes/No,Yes,Yes,1,,,
mReasoner,64890,conditional,single-choice,31,All B are C/All A are C,Yes/No,Yes,Yes,1,,,
mReasoner,64890,conditional,single-choice,32,All B are C/No A are B,Yes/No,No,Yes,0,,,
mReasoner,64890,conditional,single-choice,33,All B are C/No A are B,Yes/No,No,Yes,0,,,
mReasoner,64890,conditional,single-choice,34,All B are C/No A are C,Yes/No,Yes,Yes,1,,,
mReasoner,64890,conditional,single-choice,35,All B are C/No A are B,Yes/No,No,Yes,0,,,
mReasoner,64890,conditional,single-choice,36,All B are C/No A are C,Yes/No,No,Yes,0,,,
mReasoner,64890,conditional,single-choice,37,All B are C/All A are C,Yes/No,No,Yes,0,,,
mReasoner,64890,conditional,single-choice,38,All B are C/No A are B,Yes/No,No,Yes,0,,,
mReasoner,64890,conditional,single-choice,39,All B are C/No A are C,Yes/No,No,Yes,0,,,
mReasoner,64890,conditional,single-choice,40,All B are C/All A are B,Yes/No,Yes,Yes,1,,,
mReasoner,64890,conditional,single-choice,41,All B are C/All A are B,Yes/No,No,Yes,0,,,
mReasoner,64890,conditional,single-choice,42,All B are C/No A are B,Yes/No,No,Yes,0,,,
mReasoner,64890,conditional,single-choice,43,All B are C/No A are C,Yes/No,Yes,Yes,1,,,
mReasoner,64890,conditional,single-choice,44,All B are C/No A are C,Yes/No,No,Yes,0,,,
mReasoner,64890,conditional,single-choice,45,All B are C/All A are B,Yes/No,No,Yes,0,,,
mReasoner,64890,conditional,single-choice,46,All B are C/No A are B,Yes/No,Yes,Yes,1,,,
mReasoner,64890,conditional,single-choice,47,All B are C/No A are C,Yes/No,Yes,Yes,1,,,
mReasoner,64890,conditional,single-choice,48,All B are C/No A are B,Yes/No,No,Yes,0,,,
mReasoner,64890,conditional,single-choice,49,All B are C/All A are C,Yes/No,No,Yes,0,,,
mReasoner,64890,conditional,single-choice,50,All B are C/All A are C,Yes/No,No,Yes,0,,,
mReasoner,64890,conditional,single-choice,51,All B are C/All A are B,Yes/No,Yes,Yes,1,,,
mReasoner,64890,conditional,single-choice,52,All B are C/All A are C,Yes/No,No,Yes,0,,,
mReasoner,64890,conditional,single-choice,53,All B are C/No A are B,Yes/No,Yes,Yes,1,,,
mReasoner,64890,conditional,single-choice,54,All B are C/No A are B,Yes/No,No,Yes,0,,,
mReasoner,64890,conditional,single-choice,55,All B are C/All A are C,Yes/No,Yes,Yes,1,,,
mReasoner,64890,conditional,single-choice,56,All B are C/No A are C,Yes/No,No,Yes,0,,,
mReasoner,64890,conditional,single-choice,57,All B are C/All A are C,Yes/No,Yes,Yes,1,,,
mReasoner,64890,conditional,single-choice,58,All B are C/All A are C,Yes/No,No,Yes,0,,,
mReasoner,64890,conditional,single-choice,59,All B are C/No A are B,Yes/No,Yes,Yes,1,,,
mReasoner,64890,conditional,single-choice,60,All B are C/All A are B,Yes/No,Yes,Yes,1,,,
mReasoner,64890,conditional,single-choice,61,All B are C/All A are C,Yes/No,No,Yes,0,,,
mReasoner,64890,conditional,single-choice,62,All B are C/All A are B,Yes/No,No,Yes,0,,,
mReasoner,64890,conditional,single-choice,63,All B are C/All A are C,Yes/No,Yes,Yes,1,,,
mReasoner,64890,conditional,single-choice,64,All B are C/No A are B,Yes/No,No,Yes,0,,,
mReasoner,64919,conditional,single-choice,1,All B are C/No A are C,Yes/No,Yes,Yes,1,,,
mReasoner,64919,conditional,single-choice,2,All B are C/All A are B,Yes/No,Yes,Yes,1,,,
mReasoner,64919,conditional,single-choice,3,All B are C/No A are C,Yes/No,No,Yes,0,,,
mReasoner,64919,conditional,single-choice,4,All B are C/All A are C,Yes/No,No,Yes,0,,,
mReasoner,64919,conditional,single-choice,5,All B are C/All A are B,Yes/No,Yes,Yes,1,,,
mReasoner,64919,conditional,single-choice,6,All B are C/All A are B,Yes/No,Yes,Yes,1,,,
mReasoner,64919,conditional,single-choice,7,All B are C/No A are C,Yes/No,Yes,Yes,1,,,
mReasoner,64919,conditional,single-choice,8,All B are C/No A are C,Yes/No,Yes,Yes,1,,,
mReasoner,64919,conditional,single-choice,9,All B are C/No A are B,Yes/No,No,Yes,0,,,
mReasoner,64919,conditional,single-choice,10,All B are C/No A are B,Yes/No,No,Yes,0,,,
mReasoner,64919,conditional,single-choice,11,All B are C/All A are C,Yes/No,No,Yes,0,,,
mReasoner,64919,conditional,single-choice,12,All B are C/No A are B,Yes/No,No,Yes,0,,,
mReasoner,64919,conditional,single-choice,13,All B are C/No A are C,Yes/No,No,Yes,0,,,
mReasoner,64919,conditional,single-choice,14,All B are C/All A are B,Yes/No,Yes,Yes,1,,,
mReasoner,64919,conditional,single-choice,15,All B are C/All A are C,Yes/No,No,Yes,0,,,
mReasoner,64919,conditional,single-choice,16,All B are C/No A are C,Yes/No,No,Yes,0,,,
mReasoner,64919,conditional,single-choice,17,All B are C/All A are B,Yes/No,Yes,Yes,1,,,
mReasoner,64919,conditional,single-choice,18,All B are C/All A are C,Yes/No,No,Yes,0,,,
mReasoner,64919,conditional,single-choice,19,All B are C/No A are B,Yes/No,No,Yes,0,,,
mReasoner,64919,conditional,single-choice,20,All B are C/All A are B,Yes/No,Yes,Yes,1,,,
mReasoner,64919,conditional,single-choice,21,All B are C/No A are C,Yes/No,No,Yes,0,,,
mReasoner,64919,conditional,single-choice,22,All B are C/No A are B,Yes/No,No,Yes,0,,,
mReasoner,64919,conditional,single-choice,23,All B are C/No A are B,Yes/No,No,Yes,0,,,
mReasoner,64919,conditional,single-choice,24,All B are C/No A are C,Yes/No,No,Yes,0,,,
mReasoner,64919,conditional,single-choice,25,All B are C/All A are B,Yes/No,Yes,Yes,1,,,
mReasoner,64919,conditional,single-choice,26,All B are C/No A are B,Yes/No,No,Yes,0,,,
mReasoner,64919,conditional,single-choice,27,All B are C/All A are B,Yes/No,Yes,Yes,1,,,
mReasoner,64919,conditional,single-choice,28,All B are C/All A are C,Yes/No,No,Yes,0,,,
mReasoner,64919,conditional,single-choice,29,All B are C/No A are B,Yes/No,No,Yes,0,,,
mReasoner,64919,conditional,single-choice,30,All B are C/All A are C,Yes/No,No,Yes,0,,,
mReasoner,64919,conditional,single-choice,31,All B are C/No A are C,Yes/No,Yes,Yes,1,,,
mReasoner,64919,conditional,single-choice,32,All B are C/All A are C,Yes/No,No,Yes,0,,,
mReasoner,64919,conditional,single-choice,33,All B are C/All A are B,Yes/No,Yes,Yes,1,,,
mReasoner,64919,conditional,single-choice,34,All B are C/All A are B,Yes/No,Yes,Yes,1,,,
mReasoner,64919,conditional,single-choice,35,All B are C/No A are B,Yes/No,No,Yes,0,,,
mReasoner,64919,conditional,single-choice,36,All B are C/No A are B,Yes/No,No,Yes,0,,,
mReasoner,64919,conditional,single-choice,37,All B are C/All A are C,Yes/No,No,Yes,0,,,
mReasoner,64919,conditional,single-choice,38,All B are C/All A are B,Yes/No,Yes,Yes,1,,,
mReasoner,64919,conditional,single-choice,39,All B are C/No A are C,Yes/No,No,Yes,0,,,
mReasoner,64919,conditional,single-choice,40,All B are C/No A are B,Yes/No,No,Yes,0,,,
mReasoner,64919,conditional,single-choice,41,All B are C/No A are C,Yes/No,No,Yes,0,,,
mReasoner,64919,conditional,single-choice,42,All B are C/No A are B,Yes/No,No,Yes,0,,,
mReasoner,64919,conditional,single-choice,43,All B are C/All A are C,Yes/No,No,Yes,0,,,
mReasoner,64919,conditional,single-choice,44,All B are C/No A are B,Yes/No,No,Yes,0,,,
mReasoner,64919,conditional,single-choice,45,All B are C/All A are B,Yes/No,Yes,Yes,1,,,
mReasoner,64919,conditional,single-choice,46,All B are C/All A are C,Yes/No,No,Yes,0,,,
mReasoner,64919,conditional,single-choice,47,All B are C/No A are C,Yes/No,No,Yes,0,,,
mReasoner,64919,conditional,single-choice,48,All B are C/All A are C,Yes/No,No,Yes,0,,,
mReasoner,64919,conditional,single-choice,49,All B are C/No A are C,Yes/No,No,Yes,0,,,
mReasoner,64919,conditional,single-choice,50,All B are C/All A are C,Yes/No,No,Yes,0,,,
mReasoner,64919,conditional,single-choice,51,All B are C/All A are C,Yes/No,No,Yes,0,,,
mReasoner,64919,conditional,single-choice,52,All B are C/All A are C,Yes/No,No,Yes,0,,,
mReasoner,64919,conditional,single-choice,53,All B are C/No A are B,Yes/No,Yes,Yes,1,,,
mReasoner,64919,conditional,single-choice,54,All B are C/No A are B,Yes/No,Yes,Yes,1,,,
mReasoner,64919,conditional,single-choice,55,All B are C/All A are B,Yes/No,Yes,Yes,1,,,
mReasoner,64919,conditional,single-choice,56,All B are C/No A are C,Yes/No,No,Yes,0,,,
mReasoner,64919,conditional,single-choice,57,All B are C/No A are B,Yes/No,No,Yes,0,,,
mReasoner,64919,conditional,single-choice,58,All B are C/No A are C,Yes/No,Yes,Yes,1,,,
mReasoner,64919,conditional,single-choice,59,All B are C/All A are B,Yes/No,Yes,Yes,1,,,
mReasoner,64919,conditional,single-choice,60,All B are C/No A are C,Yes/No,No,Yes,0,,,
mReasoner,64919,conditional,single-choice,61,All B are C/All A are B,Yes/No,Yes,Yes,1,,,
mReasoner,64919,conditional,single-choice,62,All B are C/All A are C,Yes/No,No,Yes,0,,,
mReasoner,64919,conditional,single-choice,63,All B are C/All A are C,Yes/No,No,Yes,0,,,
mReasoner,64919,conditional,single-choice,64,All B are C/All A are B,Yes/No,Yes,Yes,1,,,
mReasoner,64923,conditional,single-choice,1,All B are C/No A are B,Yes/No,No,Yes,0,,,
mReasoner,64923,conditional,single-choice,2,All B are C/No A are B,Yes/No,Yes,Yes,1,,,
mReasoner,64923,conditional,single-choice,3,All B are C/No A are B,Yes/No,Yes,Yes,1,,,
mReasoner,64923,conditional,single-choice,4,All B are C/No A are C,Yes/No,Yes,Yes,1,,,
mReasoner,64923,conditional,single-choice,5,All B are C/All A are B,Yes/No,Yes,Yes,1,,,
mReasoner,64923,conditional,single-choice,6,All B are C/No A are C,Yes/No,No,Yes,0,,,
mReasoner,64923,conditional,single-choice,7,All B are C/All A are C,Yes/No,Yes,Yes,1,,,
mReasoner,64923,conditional,single-choice,8,All B are C/No A are B,Yes/No,Yes,Yes,1,,,
mReasoner,64923,conditional,single-choice,9,All B are C/All A are B,Yes/No,No,Yes,0,,,
mReasoner,64923,conditional,single-choice,10,All B are C/All A are B,Yes/No,No,Yes,0,,,
mReasoner,64923,conditional,single-choice,11,All B are C/All A are C,Yes/No,No,Yes,0,,,
mReasoner,64923,conditional,single-choice,12,All B are C/No A are C,Yes/No,No,Yes,0,,,
mReasoner,64923,conditional,single-choice,13,All B are C/No A are B,Yes/No,No,Yes,0,,,
mReasoner,64923,conditional,single-choice,14,All B are C/No A are B,Yes/No,No,Yes,0,,,
mReasoner,64923,conditional,single-choice,15,All B are C/No A are B,Yes/No,No,Yes,0,,,
mReasoner,64923,conditional,single-choice,16,All B are C/All A are C,Yes/No,No,Yes,0,,,
mReasoner,64923,conditional,single-choice,17,All B are C/All A are B,Yes/No,No,Yes,0,,,
mReasoner,64923,conditional,single-choice,18,All B are C/No A are B,Yes/No,No,Yes,0,,,
mReasoner,64923,conditional,single-choice,19,All B are C/All A are C,Yes/No,Yes,Yes,1,,,
mReasoner,64923,conditional,single-choice,20,All B are C/All A are B,Yes/No,Yes,Yes,1,,,
mReasoner,64923,conditional,single-choice,21,All B are C/All A are C,Yes/No,Yes,Yes,1,,,
mReasoner,64923,conditional,single-choice,22,All B are C/All A are C,Yes/No,No,Yes,0,,,
mReasoner,64923,conditional,single-choice,23,All B are C/No A are C,Yes/No,No,Yes,0,,,
mReasoner,64923,conditional,single-choice,24,All B are C/All A are C,Yes/No,No,Yes,0,,,
mReasoner,64923,conditional,single-choice,25,All B are C/All A are B,Yes/No,Yes,Yes,1,,,
mReasoner,64923,conditional,single-choice,26,All B are C/All A are B,Yes/No,No,Yes,0,,,
mReasoner,64923,conditional,single-choice,27,All B are C/All A are B,Yes/No,Yes,Yes,1,,,
mReasoner,64923,conditional,single-choice,28,All B are C/All A are C,Yes/No,Yes,Yes,1,,,
mReasoner,64923,conditional,single-choice,29,All B are C/No A are C,Yes/No,No,Yes,0,,,
mReasoner,64923,conditional,single-choice,30,All B are C/No A are B,Yes/No,Yes,Yes,1,,,
mReasoner,64923,conditional,single-choice,31,All B are C/No A are C,Yes/No,Yes,Yes,1,,,
mReasoner,64923,conditional,single-choice,32,All B are C/No A are B,Yes/No,No,Yes,0,,,
mReasoner,64923,conditional,single-choice,33,All B are C/All A are B,Yes/No,Yes,Yes,1,,,
mReasoner,64923,conditional,single-choice,34,All B are C/No A are B,Yes/No,No,Yes,0,,,
mReasoner,64923,conditional,single-choice,35,All B are C/All A are C,Yes/No,No,Yes,0,,,
mReasoner,64923,conditional,single-choice,36,All B are C/All A are C,Yes/No,Yes,Yes,1,,,
mReasoner,64923,conditional,single-choice,37,All B are C/No A are B,Yes/No,Yes,Yes,1,,,
mReasoner,64923,conditional,single-choice,38,All B are C/No A are B,Yes/No,No,Yes,0,,,
mReasoner,64923,conditional,single-choice,39,All B are C/All A are B,Yes/No,No,Yes,0,,,
mReasoner,64923,conditional,single-choice,40,All B are C/All A are C,Yes/No,Yes,Yes,1,,,
mReasoner,64923,conditional,single-choice,41,All B are C/All A are B,Yes/No,Yes,Yes,1,,,
mReasoner,64923,conditional,single-choice,42,All B are C/All A are B,Yes/No,Yes,Yes,1,,,
mReasoner,64923,conditional,single-choice,43,All B are C/No A are C,Yes/No,No,Yes,0,,,
mReasoner,64923,conditional,single-choice,44,All B are C/No A are C,Yes/No,No,Yes,0,,,
mReasoner,64923,conditional,single-choice,45,All B are C/No A are C,Yes/No,Yes,Yes,1,,,
mReasoner,64923,conditional,single-choice,46,All B are C/No A are C,Yes/No,No,Yes,0,,,
mReasoner,64923,conditional,single-choice,47,All B are C/All A are C,Yes/No,Yes,Yes,1,,,
mReasoner,64923,conditional,single-choice,48,All B are C/All A are B,Yes/No,Yes,Yes,1,,,
mReasoner,64923,conditional,single-choice,49,All B are C/All A are C,Yes/No,No,Yes,0,,,
mReasoner,64923,conditional,single-choice,50,All B are C/All A are B,Yes/No,Yes,Yes,1,,,
mReasoner,64923,conditional,single-choice,51,All B are C/No A are C,Yes/No,No,Yes,0,,,
mReasoner,64923,conditional,single-choice,52,All B are C/All A are C,Yes/No,Yes,Yes,1,,,
mReasoner,64923,conditional,single-choice,53,All B are C/All A are B,Yes/No,Yes,Yes,1,,,
mReasoner,64923,conditional,single-choice,54,All B are C/No A are C,Yes/No,Yes,Yes,1,,,
mReasoner,64923,conditional,single-choice,55,All B are C/No A are B,Yes/No,No,Yes,0,,,
mReasoner,64923,conditional,single-choice,56,All B are C/All A are C,Yes/No,Yes,Yes,1,,,
mReasoner,64923,conditional,single-choice,57,All B are C/No A are B,Yes/No,No,Yes,0,,,
mReasoner,64923,conditional,single-choice,58,All B are C/All A are C,Yes/No,Yes,Yes,1,,,
mReasoner,64923,conditional,single-choice,59,All B are C/No A are C,Yes/No,No,Yes,0,,,
mReasoner,64923,conditional,single-choice,60,All B are C/No A are B,Yes/No,Yes,Yes,1,,,
mReasoner,64923,conditional,single-choice,61,All B are C/No A are C,Yes/No,Yes,Yes,1,,,
mReasoner,64923,conditional,single-choice,62,All B are C/No A are C,Yes/No,Yes,Yes,1,,,
mReasoner,64923,conditional,single-choice,63,All B are C/No A are C,Yes/No,Yes,Yes,1,,,
mReasoner,64923,conditional,single-choice,64,All B are C/All A are B,Yes/No,Yes,Yes,1,,,
mReasoner,64926,conditional,single-choice,1,All B are C/No A are B,Yes/No,No,Yes,0,,,
mReasoner,64926,conditional,single-choice,2,All B are C/No A are C,Yes/No,No,Yes,0,,,
mReasoner,64926,conditional,single-choice,3,All B are C/No A are C,Yes/No,Yes,Yes,1,,,
mReasoner,64926,conditional,single-choice,4,All B are C/No A are B,Yes/No,Yes,Yes,1,,,
mReasoner,64926,conditional,single-choice,5,All B are C/All A are C,Yes/No,Yes,Yes,1,,,
mReasoner,64926,conditional,single-choice,6,All B are C/All A are C,Yes/No,No,Yes,0,,,
mReasoner,64926,conditional,single-choice,7,All B are C/All A are C,Yes/No,Yes,Yes,1,,,
mReasoner,64926,conditional,single-choice,8,All B are C/No A are B,Yes/No,No,Yes,0,,,
mReasoner,64926,conditional,single-choice,9,All B are C/All A are B,Yes/No,No,Yes,0,,,
mReasoner,64926,conditional,single-choice,10,All B are C/No A are B,Yes/No,Yes,Yes,1,,,
mReasoner,64926,conditional,single-choice,11,All B are C/All A are C,Yes/No,No,Yes,0,,,
mReasoner,64926,conditional,single-choice,12,All B are C/No A are C,Yes/No,No,Yes,0,,,
mReasoner,64926,conditional,single-choice,13,All B are C/No A are B,Yes/No,Yes,Yes,1,,,
mReasoner,64926,conditional,single-choice,14,All B are C/All A are B,Yes/No,No,Yes,0,,,
mReasoner,64926,conditional,single-choice,15,All B are C/No A are C,Yes/No,Yes,Yes,1,,,
mReasoner,64926,conditional,single-choice,16,All B are C/No A are B,Yes/No,No,Yes,0,,,
mReasoner,64926,conditional,single-choice,17,All B are C/All A are B,Yes/No,Yes,Yes,1,,,
mReasoner,64926,conditional,single-choice,18,All B are C/All A are C,Yes/No,Yes,Yes,1,,,
mReasoner,64926,conditional,single-choice,19,All B are C/All A are C,Yes/No,No,Yes,0,,,
mReasoner,64926,conditional,single-choice,20,All B are C/No A are B,Yes/No,Yes,Yes,1,,,
mReasoner,64926,conditional,single-choice,21,All B are C/No A are C,Yes/No,No,Yes,0,,,
mReasoner,64926,conditional,single-choice,22,All B are C/No A are C,Yes/No,Yes,Yes,1,,,
mReasoner,64926,conditional,single-choice,23,All B are C/No A are C,Yes/No,Yes,Yes,1,,,
mReasoner,64926,conditional,single-choice,24,All B are C/All A are B,Yes/No,Yes,Yes,1,,,
mReasoner,64926,conditional,single-choice,25,All B are C/No A are B,Yes/No,Yes,Yes,1,,,
mReasoner,64926,conditional,single-choice,26,All B are C/All A are C,Yes/No,No,Yes,0,,,
mReasoner,64926,conditional,single-choice,27,All B are C/No A are C,Yes/No,No,Yes,0,,,
mReasoner,64926,conditional,single-choice,28,All B are C/All A are B,Yes/No,Yes,Yes,1,,,
mReasoner,64926,conditional,single-choice,29,All B are C/All A are B,Yes/No,No,Yes,0,,,
mReasoner,64926,conditional,single-choice,30,All B are C/All A are B,Yes/No,No,Yes,0,,,
mReasoner,64926,conditional,single-choice,31,All B are C/All A are C,Yes/No,No,Yes,0,,,
mReasoner,64926,conditional,single-choice,32,All B are C/All A are B,Yes/No,No,Yes,0,,,
mReasoner,64926,conditional,single-choice,33,All B are C/All A are C,Yes/No,No,Yes,0,,,
mReasoner,64926,conditional,single-choice,34,All B are C/No A are C,Yes/No,No,Yes,0,,,
mReasoner,64926,conditional,single-choice,35,All B are C/No A are B,Yes/No,Yes,Yes,1,,,
mReasoner,64926,conditional,single-choice,36,All B are C/All A are B,Yes/No,Yes,Yes,1,,,
mReasoner,64926,conditional,single-choice,37,All B are C/No A are C,Yes/No,Yes,Yes,1,,,
mReasoner,64926,conditional,single-choice,38,All B are C/All A are B,Yes/No,Yes,Yes,1,,,
mReasoner,64926,conditional,single-choice,39,All B are C/No A are B,Yes/No,No,Yes,0,,,
mReasoner,64926,conditional,single-choice,40,All B are C/No A are B,Yes/No,No,Yes,0,,,
mReasoner,64926,conditional,single-choice,41,All B are C/No A are C,Yes/No,Yes,Yes,1,,,
mReasoner,64926,conditional,single-choice,42,All B are C/All A are C,Yes/No,Yes,Yes,1,,,
mReasoner,64926,conditional,single-choice,43,All B are C/All A are B,Yes/No,Yes,Yes,1,,,
mReasoner,64926,conditional,single-choice,44,All B are C/All A are B,Yes/No,Yes,Yes,1,,,
mReasoner,64926,conditional,single-choice,45,All B are C/No A are B,Yes/No,Yes,Yes,1,,,
mReasoner,64926,conditional,single-choice,46,All B are C/All A are C,Yes/No,Yes,Yes,1,,,
mReasoner,64926,conditional,single-choice,47,All B are C/All A are C,Yes/No,Yes,Yes,1,,,
mReasoner,64926,conditional,single-choice,48,All B are C/All A are C,Yes/No,No,Yes,0,,,
mReasoner,64926,conditional,single-choice,49,All B are C/All A are C,Yes/No,No,Yes,0,,,
mReasoner,64926,conditional,single-choice,50,All B are C/All A are C,Yes/No,Yes,Yes,1,,,
mReasoner,64926,conditional,single-choice,51,All B are C/No A are B,Yes/No,No,Yes,0,,,
mReasoner,64926,conditional,single-choice,52,All B are C/All A are B,Yes/No,Yes,Yes,1,,,
mReasoner,64926,conditional,single-choice,53,All B are C/No A are B,Yes/No,No,Yes,0,,,
mReasoner,64926,conditional,single-choice,54,All B are C/No A are B,Yes/No,No,Yes,0,,,
mReasoner,64926,conditional,single-choice,55,All B are C/All A are C,Yes/No,Yes,Yes,1,,,
mReasoner,64926,conditional,single-choice,56,All B are C/All A are B,Yes/No,Yes,Yes,1,,,
mReasoner,64926,conditional,single-choice,57,All B are C/No A are C,Yes/No,No,Yes,0,,,
mReasoner,64926,conditional,single-choice,58,All B are C/No A are C,Yes/No,No,Yes,0,,,
mReasoner,64926,conditional,single-choice,59,All B are C/All A are B,Yes/No,Yes,Yes,1,,,
mReasoner,64926,conditional,single-choice,60,All B are C/All A are B,Yes/No,Yes,Yes,1,,,
mReasoner,64926,conditional,single-choice,61,All B are C/No A are C,Yes/No,Yes,Yes,1,,,
mReasoner,64926,conditional,single-choice,62,All B are C/No A are B,Yes/No,Yes,Yes,1,,,
mReasoner,64926,conditional,single-choice,63,All B are C/No A are C,Yes/No,Yes,Yes,1,,,
mReasoner,64926,conditional,single-choice,64,All B are C/No A are C,Yes/No,No,Yes,0,,,
mReasoner,64939,conditional,single-choice,1,All B are C/No A are B,Yes/No,Yes,Yes,1,,,
mReasoner,64939,conditional,single-choice,2,All B are C/No A are B,Yes/No,Yes,Yes,1,,,
mReasoner,64939,conditional,single-choice,3,All B are C/No A are B,Yes/No,No,Yes,0,,,
mReasoner,64939,conditional,single-choice,4,All B are C/All A are C,Yes/No,No,Yes,0,,,
mReasoner,64939,conditional,single-choice,5,All B are C/No A are C,Yes/No,No,Yes,0,,,
mReasoner,64939,conditional,single-choice,6,All B are C/All A are B,Yes/No,Yes,Yes,1,,,
mReasoner,64939,conditional,single-choice,7,All B are C/No A are B,Yes/No,No,Yes,0,,,
mReasoner,64939,conditional,single-choice,8,All B are C/No A are C,Yes/No,No,Yes,0,,,
mReasoner,64939,conditional,single-choice,9,All B are C/No A are C,Yes/No,Yes,Yes,1,,,
mReasoner,64939,conditional,single-choice,10,All B are C/No A are B,Yes/No,No,Yes,0,,,
mReasoner,64939,conditional,single-choice,11,All B are C/All A are C,Yes/No,No,Yes,0,,,
mReasoner,64939,conditional,single-choice,12,All B are C/All A are B,Yes/No,No,Yes,0,,,
mReasoner,64939,conditional,single-choice,13,All B are C/No A are B,Yes/No,No,Yes,0,,,
mReasoner,64939,conditional,single-choice,14,All B are C/No A are B,Yes/No,Yes,Yes,1,,,
mReasoner,64939,conditional,single-choice,15,All B are C/All A are C,Yes/No,Yes,Yes,1,,,
mReasoner,64939,conditional,single-choice,16,All B are C/All A are C,Yes/No,Yes,Yes,1,,,
mReasoner,64939,conditional,single-choice,17,All B are C/All A are B,Yes/No,Yes,Yes,1,,,
mReasoner,64939,conditional,single-choice,18,All B are C/No A are C,Yes/No,Yes,Yes,1,,,
mReasoner,64939,conditional,single-choice,19,All B are C/All A are C,Yes/No,No,Yes,0,,,
mReasoner,64939,conditional,single-choice,20,All B are C/All A are B,Yes/No,Yes,Yes,1,,,
mReasoner,64939,conditional,single-choice,21,All B are C/All A are B,Yes/No,Yes,Yes,1,,,
mReasoner,64939,conditional,single-choice,22,All B are C/No A are C,Yes/No,Yes,Yes,1,,,
mReasoner,64939,conditional,single-choice,23,All B are C/No A are B,Yes/No,Yes,Yes,1,,,
mReasoner,64939,conditional,single-choice,24,All B are C/All A are C,Yes/No,Yes,Yes,1,,,
mReasoner,64939,conditional,single-choice,25,All B are C/No A are C,Yes/No,No,Yes,0,,,
mReasoner,64939,conditional,single-choice,26,All B are C/No A are C,Yes/No,Yes,Yes,1,,,
mReasoner,64939,conditional,single-choice,27,All B are C/No A are B,Yes/No,Yes,Yes,1,,,
mReasoner,64939,conditional,single-choice,28,All B are C/All A are B,Yes/No,No,Yes,0,,,
mReasoner,64939,conditional,single-choice,29,All B are C/All A are C,Yes/No,No,Yes,0,,,
mReasoner,64939,conditional,single-choice,30,All B are C/No A are C,Yes/No,Yes,Yes,1,,,
mReasoner,64939,conditional,single-choice,31,All B are C/All A are C,Yes/No,Yes,Yes,1,,,
mReasoner,64939,conditional,single-choice,32,All B are C/All A are C,Yes/No,Yes,Yes,1,,,
mReasoner,64939,conditional,single-choice,33,All B are C/All A are B,Yes/No,Yes,Yes,1,,,
mReasoner,64939,conditional,single-choice,34,All B are C/All A are C,Yes/No,Yes,Yes,1,,,
mReasoner,64939,conditional,single-choice,35,All B are C/No A are C,Yes/No,Yes,Yes,1,,,
mReasoner,64939,conditional,single-choice,36,All B are C/All A are B,Yes/No,Yes,Yes,1,,,
mReasoner,64939,conditional,single-choice,37,All B are C/No A are B,Yes/No,Yes,Yes,1,,,
mReasoner,64939,conditional,single-choice,38,All B are C/No A are B,Yes/No,Yes,Yes,1,,,
mReasoner,64939,conditional,single-choice,39,All B are C/All A are B,Yes/No,Yes,Yes,1,,,
mReasoner,64939,conditional,single-choice,40,All B are C/All A are B,Yes/No,Yes,Yes,1,,,
mReasoner,64939,conditional,single-choice,41,All B are C/No A are B,Yes/No,Yes,Yes,1,,,
mReasoner,64939,conditional,single-choice,42,All B are C/No A are C,Yes/No,No,Yes,0,,,
mReasoner,64939,conditional,single-choice,43,All B are C/All A are B,Yes/No,No,Yes,0,,,
mReasoner,64939,conditional,single-choice,44,All B are C/All A are B,Yes/No,No,Yes,0,,,
mReasoner,64939,conditional,single-choice,45,All B are C/All A are C,Yes/No,No,Yes,0,,,
mReasoner,64939,conditional,single-choice,46,All B are C/No A are C,Yes/No,No,Yes,0,,,
mReasoner,64939,conditional,single-choice,47,All B are C/All A are B,Yes/No,Yes,Yes,1,,,
mReasoner,64939,conditional,single-choice,48,All B are C/No A are B,Yes/No,No,Yes,0,,,
mReasoner,64939,conditional,single-choice,49,All B are C/No A are B,Yes/No,No,Yes,0,,,
mReasoner,64939,conditional,single-choice,50,All B are C/No A are C,Yes/No,No,Yes,0,,,
mReasoner,64939,conditional,single-choice,51,All B are C/All A are C,Yes/No,Yes,Yes,1,,,
mReasoner,64939,conditional,single-choice,52,All B are C/No A are C,Yes/No,Yes,Yes,1,,,
mReasoner,64939,conditional,single-choice,53,All B are C/All A are C,Yes/No,No,Yes,0,,,
mReasoner,64939,conditional,single-choice,54,All B are C/No A are C,Yes/No,Yes,Yes,1,,,
mReasoner,64939,conditional,single-choice,55,All B are C/All A are C,Yes/No,Yes,Yes,1,,,
mReasoner,64939,conditional,single-choice,56,All B are C/All A are B,Yes/No,Yes,Yes,1,,,
mReasoner,64939,conditional,single-choice,57,All B are C/No A are B,Yes/No,Yes,Yes,1,,,
mReasoner,64939,conditional,single-choice,58,All B are C/No A are B,Yes/No,No,Yes,0,,,
mReasoner,64939,conditional,single-choice,59,All B are C/All A are B,Yes/No,No,Yes,0,,,
mReasoner,64939,conditional,single-choice,60,All B are C/All A are C,Yes/No,Yes,Yes,1,,,
mReasoner,64939,conditional,single-choice,61,All B are C/No A are C,Yes/No,No,Yes,0,,,
mReasoner,64939,conditional,single-choice,62,All B are C/No A are C,Yes/No,Yes,Yes,1,,,
mReasoner,64939,conditional,single-choice,63,All B are C/All A are B,Yes/No,No,Yes,0,,,
mReasoner,64939,conditional,single-choice,64,All B are C/All A are C,Yes/No,Yes,Yes,1,,,
mReasoner,64947,conditional,single-choice,1,All B are C/No A are B,Yes/No,Yes,Yes,1,,,
mReasoner,64947,conditional,single-choice,2,All B are C/All A are B,Yes/No,Yes,Yes,1,,,
mReasoner,64947,conditional,single-choice,3,All B are C/All A are B,Yes/No,Yes,Yes,1,,,
mReasoner,64947,conditional,single-choice,4,All B are C/All A are B,Yes/No,Yes,Yes,1,,,
mReasoner,64947,conditional,single-choice,5,All B are C/All A are C,Yes/No,No,Yes,0,,,
mReasoner,64947,conditional,single-choice,6,All B are C/All A are B,Yes/No,Yes,Yes,1,,,
mReasoner,64947,conditional,single-choice,7,All B are C/No A are C,Yes/No,No,Yes,0,,,
mReasoner,64947,conditional,single-choice,8,All B are C/No A are C,Yes/No,Yes,Yes,1,,,
mReasoner,64947,conditional,single-choice,9,All B are C/All A are C,Yes/No,Yes,Yes,1,,,
mReasoner,64947,conditional,single-choice,10,All B are C/No A are B,Yes/No,No,Yes,0,,,
mReasoner,64947,conditional,single-choice,11,All B are C/No A are C,Yes/No,Yes,Yes,1,,,
mReasoner,64947,conditional,single-choice,12,All B are C/All A are C,Yes/No,Yes,Yes,1,,,
mReasoner,64947,conditional,single-choice,13,All B are C/No A are C,Yes/No,Yes,Yes,1,,,
mReasoner,64947,conditional,single-choice,14,All B are C/All A are B,Yes/No,Yes,Yes,1,,,
mReasoner,64947,conditional,single-choice,15,All B are C/No A are B,Yes/No,No,Yes,0,,,
mReasoner,64947,conditional,single-choice,16,All B are C/All A are C,Yes/No,Yes,Yes,1,,,
mReasoner,64947,conditional,single-choice,17,All B are C/All A are C,Yes/No,Yes,Yes,1,,,
mReasoner,64947,conditional,single-choice,18,All B are C/All A are B,Yes/No,Yes,Yes,1,,,
mReasoner,64947,conditional,single-choice,19,All B are C/No A are C,Yes/No,No,Yes,0,,,
mReasoner,64947,conditional,single-choice,20,All B are C/All A are C,Yes/No,Yes,Yes,1,,,
mReasoner,64947,conditional,single-choice,21,All B are C/All A are B,Yes/No,No,Yes,0,,,
mReasoner,64947,conditional,single-choice,22,All B are C/All A are B,Yes/No,No,Yes,0,,,
mReasoner,64947,conditional,single-choice,23,All B are C/No A are C,Yes/No,No,Yes,0,,,
mReasoner,64947,conditional,single-choice,24,All B are C/No A are B,Yes/No,No,Yes,0,,,
mReasoner,64947,conditional,single-choice,25,All B are C/No A are B,Yes/No,Yes,Yes,1,,,
mReasoner,64947,conditional,single-choice,26,All B are C/No A are C,Yes/No,No,Yes,0,,,
mReasoner,64947,conditional,single-choice,27,All B are C/All A are C,Yes/No,No,Yes,0,,,
mReasoner,64947,conditional,single-choice,28,All B are C/No A are B,Yes/No,No,Yes,0,,,
mReasoner,64947,conditional,single-choice,29,All B are C/No A are C,Yes/No,No,Yes,0,,,
mReasoner,64947,conditional,single-choice,30,All B are C/No A are C,Yes/No,No,Yes,0,,,
mReasoner,64947,conditional,single-choice,31,All B are C/No A are B,Yes/No,Yes,Yes,1,,,
mReasoner,64947,conditional,single-choice,32,All B are C/All A are B,Yes/No,No,Yes,0,,,
mReasoner,64947,conditional,single-choice,33,All B are C/All A are C,Yes/No,Yes,Yes,1,,,
mReasoner,64947,conditional,single-choice,34,All B are C/No A are B,Yes/No,Yes,Yes,1,,,
mReasoner,64947,conditional,single-choice,35,All B are C/No A are C,Yes/No,No,Yes,0,,,
mReasoner,64947,conditional,single-choice,36,All B are C/All A are B,Yes/No,Yes,Yes,1,,,
mReasoner,64947,conditional,single-choice,37,All B are C/All A are B,Yes/No,Yes,Yes,1,,,
mReasoner,64947,conditional,single-choice,38,All B are C/No A are C,Yes/No,No,Yes,0,,,
mReasoner,64947,conditional,single-choice,39,All B are C/All A are B,Yes/No,No,Yes,0,,,
mReasoner,64947,conditional,single-choice,40,All B are C/All A are B,Yes/No,No,Yes,0,,,
mReasoner,64947,conditional,single-choice,41,All B are C/No A are B,Yes/No,Yes,Yes,1,,,
mReasoner,64947,conditional,single-choice,42,All B are C/All A are B,Yes/No,No,Yes,0,,,
mReasoner,64947,conditional,single-choice,43,All B are C/No A are B,Yes/No,No,Yes,0,,,
mReasoner,64947,conditional,single-choice,44,All B are C/No A are C,Yes/No,Yes,Yes,1,,,
mReasoner,64947,conditional,single-choice,45,All B are C/All A are C,Yes/No,No,Yes,0,,,
mReasoner,64947,conditional,single-choice,46,All B are C/No A are B,Yes/No,No,Yes,0,,,
mReasoner,64947,conditional,single-choice,47,All B are C/No A are C,Yes/No,Yes,Yes,1,,,
mReasoner,64947,conditional,single-choice,48,All B are C/No A are B,Yes/No,Yes,Yes,1,,,
mReasoner,64947,conditional,single-choice,49,All B are C/No A are B,Yes/No,No,Yes,0,,,
mReasoner,64947,conditional,single-choice,50,All B are C/All A are C,Yes/No,Yes,Yes,1,,,
mReasoner,64947,conditional,single-choice,51,All B are C/No A are B,Yes/No,No,Yes,0,,,
mReasoner,64947,conditional,single-choice,52,All B are C/All A are C,Yes/No,No,Yes,0,,,
mReasoner,64947,conditional,single-choice,53,All B are C/All A are C,Yes/No,No,Yes,0,,,
mReasoner,64947,conditional,single-choice,54,All B are C/All A are C,Yes/No,No,Yes,0,,,
mReasoner,64947,conditional,single-choice,55,All B are C/All A are C,Yes/No,Yes,Yes,1,,,
mReasoner,64947,conditional,single-choice,56,All B are C/No A are B,Yes/No,Yes,Yes,1,,,
mReasoner,64947,conditional,single-choice,57,All B are C/All A are C,Yes/No,Yes,Yes,1,,,
mReasoner,64947,conditional,single-choice,58,All B are C/No A are B,Yes/No,Yes,Yes,1,,,
mReasoner,64947,conditional,single-choice,59,All B are C/No A are C,Yes/No,Yes,Yes,1,,,
mReasoner,64947,conditional,single-choice,60,All B are C/All A are B,Yes/No,No,Yes,0,,,
mReasoner,64947,conditional,single-choice,61,All B are C/No A are C,Yes/No,No,Yes,0,,,
mReasoner,64947,conditional,single-choice,62,All B are C/All A are C,Yes/No,Yes,Yes,1,,,
mReasoner,64947,conditional,single-choice,63,All B are C/No A are C,Yes/No,Yes,Yes,1,,,
mReasoner,64947,conditional,single-choice,64,All B are C/All A are B,Yes/No,Yes,Yes,1,,,
mReasoner,64973,conditional,single-choice,1,All B are C/All A are C,Yes/No,Yes,Yes,1,,,
mReasoner,64973,conditional,single-choice,2,All B are C/No A are C,Yes/No,Yes,Yes,1,,,
mReasoner,64973,conditional,single-choice,3,All B are C/No A are B,Yes/No,No,Yes,0,,,
mReasoner,64973,conditional,single-choice,4,All B are C/All A are B,Yes/No,Yes,Yes,1,,,
mReasoner,64973,conditional,single-choice,5,All B are C/No A are C,Yes/No,Yes,Yes,1,,,
mReasoner,64973,conditional,single-choice,6,All B are C/No A are B,Yes/No,No,Yes,0,,,
mReasoner,64973,conditional,single-choice,7,All B are C/No A are B,Yes/No,Yes,Yes,1,,,
mReasoner,64973,conditional,single-choice,8,All B are C/No A are C,Yes/No,Yes,Yes,1,,,
mReasoner,64973,conditional,single-choice,9,All B are C/No A are C,Yes/No,Yes,Yes,1,,,
mReasoner,64973,conditional,single-choice,10,All B are C/No A are C,Yes/No,Yes,Yes,1,,,
mReasoner,64973,conditional,single-choice,11,All B are C/No A are B,Yes/No,Yes,Yes,1,,,
mReasoner,64973,conditional,single-choice,12,All B are C/All A are B,Yes/No,Yes,Yes,1,,,
mReasoner,64973,conditional,single-choice,13,All B are C/All A are C,Yes/No,No,Yes,0,,,
mReasoner,64973,conditional,single-choice,14,All B are C/All A are C,Yes/No,Yes,Yes,1,,,
mReasoner,64973,conditional,single-choice,15,All B are C/All A are C,Yes/No,Yes,Yes,1,,,
mReasoner,64973,conditional,single-choice,16,All B are C/All A are C,Yes/No,Yes,Yes,1,,,
mReasoner,64973,conditional,single-choice,17,All B are C/No A are B,Yes/No,No,Yes,0,,,
mReasoner,64973,conditional,single-choice,18,All B are C/All A are B,Yes/No,No,Yes,0,,,
mReasoner,64973,conditional,single-choice,19,All B are C/All A are B,Yes/No,Yes,Yes,1,,,
mReasoner,64973,conditional,single-choice,20,All B are C/All A are B,Yes/No,Yes,Yes,1,,,
mReasoner,64973,conditional,single-choice,21,All B are C/All A are B,Yes/No,No,Yes,0,,,
mReasoner,64973,conditional,single-choice,22,All B are C/No A are C,Yes/No,No,Yes,0,,,
mReasoner,64973,conditional,single-choice,23,All B are C/No A are C,Yes/No,Yes,Yes,1,,,
mReasoner,64973,conditional,single-choice,24,All B are C/All A are B,Yes/No,No,Yes,0,,,
mReasoner,64973,conditional,single-choice,25,All B are C/All A are C,Yes/No,Yes,Yes,1,,,
mReasoner,64973,conditional,single-choice,26,All B are C/No A are C,Yes/No,No,Yes,0,,,
mReasoner,64973,conditional,single-choice,27,All B are C/No A are C,Yes/No,No,Yes,0,,,
mReasoner,64973,conditional,single-choice,28,All B are C/All A are C,Yes/No,No,Yes,0,,,
mReasoner,64973,conditional,single-choice,29,All B are C/No A are B,Yes/No,Yes,Yes,1,,,
mReasoner,64973,conditional,single-choice,30,All B are C/No A are B,Yes/No,Yes,Yes,1,,,
mReasoner,64973,conditional,single-choice,31,All B are C/No A are B,Yes/No,Yes,Yes,1,,,
mReasoner,64973,conditional,single-choice,32,All B are C/All A are C,Yes/No,No,Yes,0,,,
mReasoner,64973,conditional,single-choice,33,All B are C/No A are C,Yes/No,No,Yes,0,,,
mReasoner,64973,conditional,single-choice,34,All B are C/All A are B,Yes/No,Yes,Yes,1,,,
mReasoner,64973,conditional,single-choice,35,All B are C/All A are C,Yes/No,Yes,Yes,1,,,
mReasoner,64973,conditional,single-choice,36,All B are C/No A are B,Yes/No,No,Yes,0,,,
mReasoner,64973,conditional,single-choice,37,All B are C/No A are B,Yes/No,No,Yes,0,,,
mReasoner,64973,conditional,single-choice,38,All B are C/No A are C,Yes/No,Yes,Yes,1,,,
mReasoner,64973,conditional,single-choice,39,All B are C/All A are C,Yes/No,Yes,Yes,1,,,
mReasoner,64973,conditional,single-choice,40,All B are C/All A are B,Yes/No,Yes,Yes,1,,,
mReasoner,64973,conditional,single-choice,41,All B are C/No A are B,Yes/No,No,Yes,0,,,
mReasoner,64973,conditional,single-choice,42,All B are C/No A are B,Yes/No,Yes,Yes,1,,,
mReasoner,64973,conditional,single-choice,43,All B are C/No A are B,Yes/No,No,Yes,0,,,
mReasoner,64973,conditional,single-choice,44,All B are C/All A are C,Yes/No,No,Yes,0,,,
mReasoner,64973,conditional,single-choice,45,All B are C/All A are B,Yes/No,Yes,Yes,1,,,
mReasoner,64973,conditional,single-choice,46,All B are C/All A are C,Yes/No,Yes,Yes,1,,,
mReasoner,64973,conditional,single-choice,47,All B are C/No A are C,Yes/No,Yes,Yes,1,,,
mReasoner,64973,conditional,single-choice,48,All B are C/No A are B,Yes/No,Yes,Yes,1,,,
mReasoner,64973,conditional,single-choice,49,All B are C/No A are C,Yes/No,No,Yes,0,,,
mReasoner,64973,conditional,single-choice,50,All B are C/No A are B,Yes/No,Yes,Yes,1,,,
mReasoner,64973,conditional,single-choice,51,All B are C/No A are C,Yes/No,No,Yes,0,,,
mReasoner,64973,conditional,single-choice,52,All B are C/All A are C,Yes/No,No,Yes,0,,,
mReasoner,64973,conditional,single-choice,53,All B are C/All A are B,Yes/No,No,Yes,0,,,
mReasoner,64973,conditional,single-choice,54,All B are C/All A are C,Yes/No,Yes,Yes,1,,,
mReasoner,64973,conditional,single-choice,55,All B are C/No A are C,Yes/No,No,Yes,0,,,
mReasoner,64973,conditional,single-choice,56,All B are C/No A are B,Yes/No,No,Yes,0,,,
mReasoner,64973,conditional,single-choice,57,All B are C/No A are C,Yes/No,No,Yes,0,,,
mReasoner,64973,conditional,single-choice,58,All B are C/All A are B,Yes/No,Yes,Yes,1,,,
mReasoner,64973,conditional,single-choice,59,All B are C/All A are B,Yes/No,Yes,Yes,1,,,
mReasoner,64973,conditional,single-choice,60,All B are C/All A are C,Yes/No,No,Yes,0,,,
mReasoner,64973,conditional,single-choice,61,All B are C/All A are B,Yes/No,No,Yes,0,,,
mReasoner,64973,conditional,single-choice,62,All B are C/All A are B,Yes/No,No,Yes,0,,,
mReasoner,64973,conditional,single-choice,63,All B are C/All A are B,Yes/No,Yes,Yes,1,,,
mReasoner,64973,conditional,single-choice,64,All B are C/All A are C,Yes/No,No,Yes,0,,,
mReasoner,64976,conditional,single-choice,1,All B are C/All A are C,Yes/No,No,Yes,0,,,
mReasoner,64976,conditional,single-choice,2,All B are C/No A are B,Yes/No,No,Yes,0,,,
mReasoner,64976,conditional,single-choice,3,All B are C/No A are B,Yes/No,Yes,Yes,1,,,
mReasoner,64976,conditional,single-choice,4,All B are C/All A are B,Yes/No,No,Yes,0,,,
mReasoner,64976,conditional,single-choice,5,All B are C/All A are B,Yes/No,Yes,Yes,1,,,
mReasoner,64976,conditional,single-choice,6,All B are C/No A are B,Yes/No,Yes,Yes,1,,,
mReasoner,64976,conditional,single-choice,7,All B are C/No A are B,Yes/No,Yes,Yes,1,,,
mReasoner,64976,conditional,single-choice,8,All B are C/All A are B,Yes/No,Yes,Yes,1,,,
mReasoner,64976,conditional,single-choice,9,All B are C/All A are B,Yes/No,Yes,Yes,1,,,
mReasoner,64976,conditional,single-choice,10,All B are C/All A are C,Yes/No,Yes,Yes,1,,,
mReasoner,64976,conditional,single-choice,11,All B are C/No A are C,Yes/No,No,Yes,0,,,
mReasoner,64976,conditional,single-choice,12,All B are C/All A are B,Yes/No,Yes,Yes,1,,,
mReasoner,64976,conditional,single-choice,13,All B are C/No A are B,Yes/No,Yes,Yes,1,,,
mReasoner,64976,conditional,single-choice,14,All B are C/No A are C,Yes/No,No,Yes,0,,,
mReasoner,64976,conditional,single-choice,15,All B are C/No A are C,Yes/No,Yes,Yes,1,,,
mReasoner,64976,conditional,single-choice,16,All B are C/No A are C,Yes/No,Yes,Yes,1,,,
mReasoner,64976,conditional,single-choice,17,All B are C/All A are B,Yes/No,No,Yes,0,,,
mReasoner,64976,conditional,single-choice,18,All B are C/All A are B,Yes/No,No,Yes,0,,,
mReasoner,64976,conditional,single-choice,19,All B are C/No A are C,Yes/No,No,Yes,0,,,
mReasoner,64976,conditional,single-choice,20,All B are C/No A are C,Yes/No,Yes,Yes,1,,,
mReasoner,64976,conditional,single-choice,21,All B are C/All A are C,Yes/No,Yes,Yes,1,,,
mReasoner,64976,conditional,single-choice,22,All B are C/All A are B,Yes/No,No,Yes,0,,,
mReasoner,64976,conditional,single-choice,23,All B are C/No A are C,Yes/No,Yes,Yes,1,,,
mReasoner,64976,conditional,single-choice,24,All B are C/All A are C,Yes/No,Yes,Yes,1,,,
mReasoner,64976,conditional,single-choice,25,All B are C/No A are B,Yes/No,No,Yes,0,,,
mReasoner,64976,conditional,single-choice,26,All B are C/All A are C,Yes/No,No,Yes,0,,,
mReasoner,64976,conditional,single-choice,27,All B are C/No A are B,Yes/No,Yes,Yes,1,,,
mReasoner,64976,conditional,single-choice,28,All B are C/All A are B,Yes/No,No,Yes,0,,,
mReasoner,64976,conditional,single-choice,29,All B are C/All A are C,Yes/No,Yes,Yes,1,,,
mReasoner,64976,conditional,single-choice,30,All B are C/No A are B,Yes/No,No,Yes,0,,,
mReasoner,64976,conditional,single-choice,31,All B are C/All A are C,Yes/No,Yes,Yes,1,,,
mReasoner,64976,conditional,single-choice,32,All B are C/All A are B,Yes/No,No,Yes,0,,,
mReasoner,64976,conditional,single-choice,33,All B are C/No A are B,Yes/No,Yes,Yes,1,,,
mReasoner,64976,conditional,single-choice,34,All B are C/No A are B,Yes/No,No,Yes,0,,,
mReasoner,64976,conditional,single-choice,35,All B are C/No A are C,Yes/No,No,Yes,0,,,
mReasoner,64976,conditional,single-choice,36,All B are C/No A are B,Yes/No,No,Yes,0,,,
mReasoner,64976,conditional,single-choice,37,All B are C/All A are B,Yes/No,Yes,Yes,1,,,
mReasoner,64976,conditional,single-choice,38,All B are C/All A are C,Yes/No,No,Yes,0,,,
mReasoner,64976,conditional,single-choice,39,All B are C/No A are C,Yes/No,Yes,Yes,1,,,
mReasoner,64976,conditional,single-choice,40,All B are C/No A are C,Yes/No,Yes,Yes,1,,,
mReasoner,64976,conditional,single-choice,41,All B are C/All A are B,Yes/No,Yes,Yes,1,,,
mReasoner,64976,conditional,single-choice,42,All B are C/All A are B,Yes/No,No,Yes,0,,,
mReasoner,64976,conditional,single-choice,43,All B are C/All A are C,Yes/No,Yes,Yes,1,,,
mReasoner,64976,conditional,single-choice,44,All B are C/No A are B,Yes/No,Yes,Yes,1,,,
mReasoner,64976,conditional,single-choice,45,All B are C/No A are C,Yes/No,Yes,Yes,1,,,
mReasoner,64976,conditional,single-choice,46,All B are C/No A are B,Yes/No,No,Yes,0,,,
mReasoner,64976,conditional,single-choice,47,All B are C/All A are B,Yes/No,Yes,Yes,1,,,
mReasoner,64976,conditional,single-choice,48,All B are C/No A are B,Yes/No,Yes,Yes,1,,,
mReasoner,64976,conditional,single-choice,49,All B are C/No A are B,Yes/No,No,Yes,0,,,
mReasoner,64976,conditional,single-choice,50,All B are C/All A are C,Yes/No,Yes,Yes,1,,,
mReasoner,64976,conditional,single-choice,51,All B are C/All A are C,Yes/No,Yes,Yes,1,,,
mReasoner,64976,conditional,single-choice,52,All B are C/No A are C,Yes/No,Yes,Yes,1,,,
mReasoner,64976,conditional,single-choice,53,All B are C/All A are C,Yes/No,Yes,Yes,1,,,
mReasoner,64976,conditional,single-choice,54,All B are C/No A are C,Yes/No,No,Yes,0,,,
mReasoner,64976,conditional,single-choice,55,All B are C/All A are C,Yes/No,No,Yes,0,,,
mReasoner,64976,conditional,single-choice,56,All B are C/All A are B,Yes/No,Yes,Yes,1,,,
mReasoner,64976,conditional,single-choice,57,All B are C/All A are C,Yes/No,No,Yes,0,,,
mReasoner,64976,conditional,single-choice,58,All B are C/No A are C,Yes/No,Yes,Yes,1,,,
mReasoner,64976,conditional,single-choice,59,All B are C/All A are C,Yes/No,No,Yes,0,,,
mReasoner,64976,conditional,single-choice,60,All B are C/No A are C,Yes/No,Yes,Yes,1,,,
mReasoner,64976,conditional,single-choice,61,All B are C/No A are C,Yes/No,No,Yes,0,,,
mReasoner,64976,conditional,single-choice,62,All B are C/All A are C,Yes/No,No,Yes,0,,,
mReasoner,64976,conditional,single-choice,63,All B are C/All A are B,Yes/No,No,Yes,0,,,
mReasoner,64976,conditional,single-choice,64,All B are C/No A are B,Yes/No,Yes,Yes,1,,,
mReasoner,65018,conditional,single-choice,1,All B are C/All A are B,Yes/No,Yes,Yes,1,,,
mReasoner,65018,conditional,single-choice,2,All B are C/No A are C,Yes/No,No,Yes,0,,,
mReasoner,65018,conditional,single-choice,3,All B are C/All A are B,Yes/No,Yes,Yes,1,,,
mReasoner,65018,conditional,single-choice,4,All B are C/No A are B,Yes/No,No,Yes,0,,,
mReasoner,65018,conditional,single-choice,5,All B are C/All A are C,Yes/No,Yes,Yes,1,,,
mReasoner,65018,conditional,single-choice,6,All B are C/All A are C,Yes/No,Yes,Yes,1,,,
mReasoner,65018,conditional,single-choice,7,All B are C/No A are C,Yes/No,Yes,Yes,1,,,
mReasoner,65018,conditional,single-choice,8,All B are C/All A are B,Yes/No,Yes,Yes,1,,,
mReasoner,65018,conditional,single-choice,9,All B are C/No A are B,Yes/No,No,Yes,0,,,
mReasoner,65018,conditional,single-choice,10,All B are C/No A are B,Yes/No,No,Yes,0,,,
mReasoner,65018,conditional,single-choice,11,All B are C/No A are C,Yes/No,Yes,Yes,1,,,
mReasoner,65018,conditional,single-choice,12,All B are C/No A are C,Yes/No,Yes,Yes,1,,,
mReasoner,65018,conditional,single-choice,13,All B are C/All A are C,Yes/No,No,Yes,0,,,
mReasoner,65018,conditional,single-choice,14,All B are C/No A are C,Yes/No,Yes,Yes,1,,,
mReasoner,65018,conditional,single-choice,15,All B are C/All A are C,Yes/No,No,Yes,0,,,
mReasoner,65018,conditional,single-choice,16,All B are C/All A are C,Yes/No,Yes,Yes,1,,,
mReasoner,65018,conditional,single-choice,17,All B are C/No A are C,Yes/No,Yes,Yes,1,,,
mReasoner,65018,conditional,single-choice,18,All B are C/No A are C,Yes/No,Yes,Yes,1,,,
mReasoner,65018,conditional,single-choice,19,All B are C/No A are C,Yes/No,Yes,Yes,1,,,
mReasoner,65018,conditional,single-choice,20,All B are C/All A are C,Yes/No,Yes,Yes,1,,,
mReasoner,65018,conditional,single-choice,21,All B are C/All A are B,Yes/No,No,Yes,0,,,
mReasoner,65018,conditional,single-choice,22,All B are C/No A are B,Yes/No,Yes,Yes,1,,,
mReasoner,65018,conditional,single-choice,23,All B are C/No A are C,Yes/No,Yes,Yes,1,,,
mReasoner,65018,conditional,single-choice,24,All B are C/All A are C,Yes/No,No,Yes,0,,,
mReasoner,65018,conditional,single-choice,25,All B are C/No A are C,Yes/No,Yes,Yes,1,,,
mReasoner,65018,conditional,single-choice,26,All B are C/All A are B,Yes/No,Yes,Yes,1,,,
mReasoner,65018,conditional,single-choice,27,All B are C/All A are B,Yes/No,No,Yes,0,,,
mReasoner,65018,conditional,single-choice,28,All B are C/No A are C,Yes/No,No,Yes,0,,,
mReasoner,65018,conditional,single-choice,29,All B are C/All A are B,Yes/No,Yes,Yes,1,,,
mReasoner,65018,conditional,single-choice,30,All B are C/All A are B,Yes/No,Yes,Yes,1,,,
mReasoner,65018,conditional,single-choice,31,All B are C/All A are C,Yes/No,No,Yes,0,,,
mReasoner,65018,conditional,single-choice,32,All B are C/All A are B,Yes/No,Yes,Yes,1,,,
mReasoner,65018,conditional,single-choice,33,All B are C/All A are C,Yes/No,Yes,Yes,1,,,
mReasoner,65018,conditional,single-choice,34,All B are C/All A are C,Yes/No,Yes,Yes,1,,,
mReasoner,65018,conditional,single-choice,35,All B are C/All A are C,Yes/No,No,Yes,0,,,
mReasoner,65018,conditional,single-choice,36,All B are C/No A are B,Yes/No,No,Yes,0,,,
mReasoner,65018,conditional,single-choice,37,All B are C/All A are C,Yes/No,Yes,Yes,1,,,
mReasoner,65018,conditional,single-choice,38,All B are C/No A are B,Yes/No,No,Yes,0,,,
mReasoner,65018,conditional,single-choice,39,All B are C/All A are C,Yes/No,No,Yes,0,,,
mReasoner,65018,conditional,single-choice,40,All B are C/All A are B,Yes/No,No,Yes,0,,,
mReasoner,65018,conditional,single-choice,41,All B are C/All A are B,Yes/No,No,Yes,0,,,
mReasoner,65018,conditional,single-choice,42,All B are C/No A are B,Yes/No,Yes,Yes,1,,,
mReasoner,65018,conditional,single-choice,43,All B are C/No A are B,Yes/No,No,Yes,0,,,
mReasoner,65018,conditional,single-choice,44,All B are C/All A are B,Yes/No,Yes,Yes,1,,,
mReasoner,65018,conditional,single-choice,45,All B are C/No A are B,Yes/No,No,Yes,0,,,
mReasoner,65018,conditional,single-choice,46,All B are C/All A are C,Yes/No,No,Yes,0,,,
mReasoner,65018,conditional,single-choice,47,All B are C/All A are B,Yes/No,Yes,Yes,1,,,
mReasoner,65018,conditional,single-choice,48,All B are C/No A are B,Yes/No,No,Yes,0,,,
mReasoner,65018,conditional,single-choice,49,All B are C/No A are C,Yes/No,No,Yes,0,,,
mReasoner,65018,conditional,single-choice,50,All B are C/No A are C,Yes/No,No,Yes,0,,,
mReasoner,65018,conditional,single-choice,51,All B are C/No A are C,Yes/No,Yes,Yes,1,,,
mReasoner,65018,conditional,single-choice,52,All B are C/All A are B,Yes/No,Yes,Yes,1,,,
mReasoner,65018,conditional,single-choice,53,All B are C/No A are B,Yes/No,Yes,Yes,1,,,
mReasoner,65018,conditional,single-choice,54,All B are C/All A are C,Yes/No,Yes,Yes,1,,,
mReasoner,65018,conditional,single-choice,55,All B are C/No A are B,Yes/No,No,Yes,0,,,
mReasoner,65018,conditional,single-choice,56,All B are C/No A are B,Yes/No,Yes,Yes,1,,,
mReasoner,65018,conditional,single-choice,57,All B are C/All A are B,Yes/No,No,Yes,0,,,
mReasoner,65018,conditional,single-choice,58,All B are C/No A are B,Yes/No,Yes,Yes,1,,,
mReasoner,65018,conditional,single-choice,59,All B are C/No A are B,Yes/No,Yes,Yes,1,,,
mReasoner,65018,conditional,single-choice,60,All B are C/No A are C,Yes/No,No,Yes,0,,,
mReasoner,65018,conditional,single-choice,61,All B are C/No A are C,Yes/No,Yes,Yes,1,,,
mReasoner,65018,conditional,single-choice,62,All B are C/All A are C,Yes/No,Yes,Yes,1,,,
mReasoner,65018,conditional,single-choice,63,All B are C/No A are B,Yes/No,Yes,Yes,1,,,
mReasoner,65018,conditional,single-choice,64,All B are C/All A are B,Yes/No,Yes,Yes,1,,,
mReasoner,65021,conditional,single-choice,1,All B are C/All A are C,Yes/No,No,Yes,0,,,
mReasoner,65021,conditional,single-choice,2,All B are C/No A are C,Yes/No,No,Yes,0,,,
mReasoner,65021,conditional,single-choice,3,All B are C/All A are B,Yes/No,Yes,Yes,1,,,
mReasoner,65021,conditional,single-choice,4,All B are C/All A are C,Yes/No,Yes,Yes,1,,,
mReasoner,65021,conditional,single-choice,5,All B are C/No A are B,Yes/No,No,Yes,0,,,
mReasoner,65021,conditional,single-choice,6,All B are C/No A are B,Yes/No,No,Yes,0,,,
mReasoner,65021,conditional,single-choice,7,All B are C/All A are C,Yes/No,Yes,Yes,1,,,
mReasoner,65021,conditional,single-choice,8,All B are C/No A are C,Yes/No,Yes,Yes,1,,,
mReasoner,65021,conditional,single-choice,9,All B are C/No A are C,Yes/No,Yes,Yes,1,,,
mReasoner,65021,conditional,single-choice,10,All B are C/No A are C,Yes/No,No,Yes,0,,,
mReasoner,65021,conditional,single-choice,11,All B are C/All A are C,Yes/No,Yes,Yes,1,,,
mReasoner,65021,conditional,single-choice,12,All B are C/All A are B,Yes/No,No,Yes,0,,,
mReasoner,65021,conditional,single-choice,13,All B are C/No A are C,Yes/No,No,Yes,0,,,
mReasoner,65021,conditional,single-choice,14,All B are C/No A are B,Yes/No,Yes,Yes,1,,,
mReasoner,65021,conditional,single-choice,15,All B are C/No A are C,Yes/No,Yes,Yes,1,,,
mReasoner,65021,conditional,single-choice,16,All B are C/All A are B,Yes/No,Yes,Yes,1,,,
mReasoner,65021,conditional,single-choice,17,All B are C/All A are C,Yes/No,Yes,Yes,1,,,
mReasoner,65021,conditional,single-choice,18,All B are C/All A are C,Yes/No,No,Yes,0,,,
mReasoner,65021,conditional,single-choice,19,All B are C/No A are B,Yes/No,No,Yes,0,,,
mReasoner,65021,conditional,single-choice,20,All B are C/All A are B,Yes/No,No,Yes,0,,,
mReasoner,65021,conditional,single-choice,21,All B are C/All A are B,Yes/No,Yes,Yes,1,,,
mReasoner,65021,conditional,single-choice,22,All B are C/All A are B,Yes/No,Yes,Yes,1,,,
mReasoner,65021,conditional,single-choice,23,All B are C/All A are B,Yes/No,Yes,Yes,1,,,
mReasoner,65021,conditional,single-choice,24,All B are C/No A are B,Yes/No,Yes,Yes,1,,,
mReasoner,65021,conditional,single-choice,25,All B are C/No A are B,Yes/No,Yes,Yes,1,,,
mReasoner,65021,conditional,single-choice,26,All B are C/No A are C,Yes/No,Yes,Yes,1,,,
mReasoner,65021,conditional,single-choice,27,All B are C/All A are C,Yes/No,No,Yes,0,,,
mReasoner,65021,conditional,single-choice,28,All B are C/All A are B,Yes/No,Yes,Yes,1,,,
mReasoner,65021,conditional,single-choice,29,All B are C/No A are C,Yes/No,No,Yes,0,,,
mReasoner,65021,conditional,single-choice,30,All B are C/No A are C,Yes/No,Yes,Yes,1,,,
mReasoner,65021,conditional,single-choice,31,All B are C/No A are B,Yes/No,No,Yes,0,,,
mReasoner,65021,conditional,single-choice,32,All B are C/All A are B,Yes/No,Yes,Yes,1,,,
mReasoner,65021,conditional,single-choice,33,All B are C/No A are C,Yes/No,Yes,Yes,1,,,
mReasoner,65021,conditional,single-choice,34,All B are C/All A are C,Yes/No,Yes,Yes,1,,,
mReasoner,65021,conditional,single-choice,35,All B are C/All A are B,Yes/No,No,Yes,0,,,
mReasoner,65021,conditional,single-choice,36,All B are C/All A are C,Yes/No,No,Yes,0,,,
mReasoner,65021,conditional,single-choice,37,All B are C/All A are C,Yes/No,No,Yes,0,,,
mReasoner,65021,conditional,single-choice,38,All B are C/All A are B,Yes/No,Yes,Yes,1,,,
mReasoner,65021,conditional,single-choice,39,All B are C/No A are B,Yes/No,No,Yes,0,,,
mReasoner,65021,conditional,single-choice,40,All B are C/No A are C,Yes/No,Yes,Yes,1,,,
mReasoner,65021,conditional,single-choice,41,All B are C/All A are B,Yes/No,Yes,Yes,1,,,
mReasoner,65021,conditional,single-choice,42,All B are C/All A are B,Yes/No,Yes,Yes,1,,,
mReasoner,65021,conditional,single-choice,43,All B are C/All A are C,Yes/No,No,Yes,0,,,
mReasoner,65021,conditional,single-choice,44,All B are C/All A are B,Yes/No,No,Yes,0,,,
mReasoner,65021,conditional,single-choice,45,All B are C/No A are C,Yes/No,Yes,Yes,1,,,
mReasoner,65021,conditional,single-choice,46,All B are C/No A are B,Yes/No,No,Yes,0,,,
mReasoner,65021,conditional,single-choice,47,All B are C/All A are C,Yes/No,Yes,Yes,1,,,
mReasoner,65021,conditional,single-choice,48,All B are C/No A are B,Yes/No,Yes,Yes,1,,,
mReasoner,65021,conditional,single-choice,49,All B are C/No A are C,Yes/No,Yes,Yes,1,,,
mReasoner,65021,conditional,single-choice,50,All B are C/No A are B,Yes/No,No,Yes,0,,,
mReasoner,65021,conditional,single-choice,51,All B are C/No A are B,Yes/No,Yes,Yes,1,,,
mReasoner,65021,conditional,single-choice,52,All B are C/No A are C,Yes/No,No,Yes,0,,,
mReasoner,65021,conditional,single-choice,53,All B are C/No A are C,Yes/No,No,Yes,0,,,
mReasoner,65021,conditional,single-choice,54,All B are C/No A are B,Yes/No,No,Yes,0,,,
mReasoner,65021,conditional,single-choice,55,All B are C/No A are B,Yes/No,No,Yes,0,,,
mReasoner,65021,conditional,single-choice,56,All B are C/All A are B,Yes/No,No,Yes,0,,,
mReasoner,65021,conditional,single-choice,57,All B are C/No A are B,Yes/No,No,Yes,0,,,
mReasoner,65021,conditional,single-choice,58,All B are C/All A are C,Yes/No,No,Yes,0,,,
mReasoner,65021,conditional,single-choice,59,All B are C/No A are B,Yes/No,Yes,Yes,1,,,
mReasoner,65021,conditional,single-choice,60,All B are C/All A are C,Yes/No,No,Yes,0,,,
mReasoner,65021,conditional,single-choice,61,All B are C/No A are C,Yes/No,No,Yes,0,,,
mReasoner,65021,conditional,single-choice,62,All B are C/All A are C,Yes/No,Yes,Yes,1,,,
mReasoner,65021,conditional,single-choice,63,All B are C/All A are B,Yes/No,Yes,Yes,1,,,
mReasoner,65021,conditional,single-choice,64,All B are C/All A are C,Yes/No,No,Yes,0,,,
mReasoner,65028,conditional,single-choice,1,All B are C/All A are B,Yes/No,Yes,Yes,1,,,
mReasoner,65028,conditional,single-choice,2,All B are C/All A are C,Yes/No,No,Yes,0,,,
mReasoner,65028,conditional,single-choice,3,All B are C/All A are B,Yes/No,Yes,Yes,1,,,
mReasoner,65028,conditional,single-choice,4,All B are C/No A are B,Yes/No,Yes,Yes,1,,,
mReasoner,65028,conditional,single-choice,5,All B are C/No A are C,Yes/No,Yes,Yes,1,,,
mReasoner,65028,conditional,single-choice,6,All B are C/All A are B,Yes/No,Yes,Yes,1,,,
mReasoner,65028,conditional,single-choice,7,All B are C/No A are B,Yes/No,No,Yes,0,,,
mReasoner,65028,conditional,single-choice,8,All B are C/All A are C,Yes/No,Yes,Yes,1,,,
mReasoner,65028,conditional,single-choice,9,All B are C/No A are C,Yes/No,Yes,Yes,1,,,
mReasoner,65028,conditional,single-choice,10,All B are C/No A are C,Yes/No,Yes,Yes,1,,,
mReasoner,65028,conditional,single-choice,11,All B are C/No A are C,Yes/No,Yes,Yes,1,,,
mReasoner,65028,conditional,single-choice,12,All B are C/All A are B,Yes/No,Yes,Yes,1,,,
mReasoner,65028,conditional,single-choice,13,All B are C/No A are C,Yes/No,Yes,Yes,1,,,
mReasoner,65028,conditional,single-choice,14,All B are C/All A are B,Yes/No,Yes,Yes,1,,,
mReasoner,65028,conditional,single-choice,15,All B are C/No A are B,Yes/No,No,Yes,0,,,
mReasoner,65028,conditional,single-choice,16,All B are C/No A are B,Yes/No,No,Yes,0,,,
mReasoner,65028,conditional,single-choice,17,All B are C/No A are C,Yes/No,Yes,Yes,1,,,
mReasoner,65028,conditional,single-choice,18,All B are C/No A are C,Yes/No,Yes,Yes,1,,,
mReasoner,65028,conditional,single-choice,19,All B are C/All A are C,Yes/No,No,Yes,0,,,
mReasoner,65028,conditional,single-choice,20,All B are C/No A are B,Yes/No,No,Yes,0,,,
mReasoner,65028,conditional,single-choice,21,All B are C/All A are C,Yes/No,No,Yes,0,,,
mReasoner,65028,conditional,single-choice,22,All B are C/No A are B,Yes/No,No,Yes,0,,,
mReasoner,65028,conditional,single-choice,23,All B are C/All A are B,Yes/No,Yes,Yes,1,,,
mReasoner,65028,conditional,single-choice,24,All B are C/All A are C,Yes/No,Yes,Yes,1,,,
mReasoner,65028,conditional,single-choice,25,All B are C/No A are C,Yes/No,Yes,Yes,1,,,
mReasoner,65028,conditional,single-choice,26,All B are C/All A are C,Yes/No,Yes,Yes,1,,,
mReasoner,65028,conditional,single-choice,27,All B are C/No A are B,Yes/No,Yes,Yes,1,,,
mReasoner,65028,conditional,single-choice,28,All B are C/All A are B,Yes/No,Yes,Yes,1,,,
mReasoner,65028,conditional,single-choice,29,All B are C/No A are B,Yes/No,No,Yes,0,,,
mReasoner,65028,conditional,single-choice,30,All B are C/No A are B,Yes/No,Yes,Yes,1,,,
mReasoner,65028,conditional,single-choice,31,All B are C/All A are C,Yes/No,Yes,Yes,1,,,
mReasoner,65028,conditional,single-choice,32,All B are C/No A are B,Yes/No,No,Yes,0,,,
mReasoner,65028,conditional,single-choice,33,All B are C/All A are C,Yes/No,Yes,Yes,1,,,
mReasoner,65028,conditional,single-choice,34,All B are C/No A are C,Yes/No,Yes,Yes,1,,,
mReasoner,65028,conditional,single-choice,35,All B are C/All A are B,Yes/No,Yes,Yes,1,,,
mReasoner,65028,conditional,single-choice,36,All B are C/No A are C,Yes/No,Yes,Yes,1,,,
mReasoner,65028,conditional,single-choice,37,All B are C/No A are B,Yes/No,Yes,Yes,1,,,
mReasoner,65028,conditional,single-choice,38,All B are C/All A are B,Yes/No,Yes,Yes,1,,,
mReasoner,65028,conditional,single-choice,39,All B are C/No A are C,Yes/No,No,Yes,0,,,
mReasoner,65028,conditional,single-choice,40,All B are C/All A are B,Yes/No,Yes,Yes,1,,,
mReasoner,65028,conditional,single-choice,41,All B are C/All A are B,Yes/No,Yes,Yes,1,,,
mReasoner,65028,conditional,single-choice,42,All B are C/All A are C,Yes/No,No,Yes,0,,,
mReasoner,65028,conditional,single-choice,43,All B are C/All A are B,Yes/No,Yes,Yes,1,,,
mReasoner,65028,conditional,single-choice,44,All B are C/All A are B,Yes/No,Yes,Yes,1,,,
mReasoner,65028,conditional,single-choice,45,All B are C/No A are B,Yes/No,No,Yes,0,,,
mReasoner,65028,conditional,single-choice,46,All B are C/No A are C,Yes/No,Yes,Yes,1,,,
mReasoner,65028,conditional,single-choice,47,All B are C/No A are B,Yes/No,No,Yes,0,,,
mReasoner,65028,conditional,single-choice,48,All B are C/No A are C,Yes/No,Yes,Yes,1,,,
mReasoner,65028,conditional,single-choice,49,All B are C/All A are C,Yes/No,Yes,Yes,1,,,
mReasoner,65028,conditional,single-choice,50,All B are C/No A are B,Yes/No,No,Yes,0,,,
mReasoner,65028,conditional,single-choice,51,All B are C/All A are C,Yes/No,No,Yes,0,,,
mReasoner,65028,conditional,single-choice,52,All B are C/No A are C,Yes/No,No,Yes,0,,,
mReasoner,65028,conditional,single-choice,53,All B are C/No A are C,Yes/No,Yes,Yes,1,,,
mReasoner,65028,conditional,single-choice,54,All B are C/No A are C,Yes/No,Yes,Yes,1,,,
mReasoner,65028,conditional,single-choice,55,All B are C/All A are B,Yes/No,Yes,Yes,1,,,
mReasoner,65028,conditional,single-choice,56,All B are C/All A are B,Yes/No,Yes,Yes,1,,,
mReasoner,65028,conditional,single-choice,57,All B are C/All A are C,Yes/No,Yes,Yes,1,,,
mReasoner,65028,conditional,single-choice,58,All B are C/All A are C,Yes/No,Yes,Yes,1,,,
mReasoner,65028,conditional,single-choice,59,All B are C/All A are B,Yes/No,Yes,Yes,1,,,
mReasoner,65028,conditional,single-choice,60,All B are C/No A are B,Yes/No,No,Yes,0,,,
mReasoner,65028,conditional,single-choice,61,All B are C/All A are C,Yes/No,No,Yes,0,,,
mReasoner,65028,conditional,single-choice,62,All B are C/All A are C,Yes/No,No,Yes,0,,,
mReasoner,65028,conditional,single-choice,63,All B are C/All A are C,Yes/No,No,Yes,0,,,
mReasoner,65028,conditional,single-choice,64,All B are C/No A are B,Yes/No,No,Yes,0,,,
mReasoner,65048,conditional,single-choice,1,All B are C/No A are B,Yes/No,Yes,Yes,1,,,
mReasoner,65048,conditional,single-choice,2,All B are C/No A are B,Yes/No,No,Yes,0,,,
mReasoner,65048,conditional,single-choice,3,All B are C/No A are C,Yes/No,Yes,Yes,1,,,
mReasoner,65048,conditional,single-choice,4,All B are C/No A are B,Yes/No,Yes,Yes,1,,,
mReasoner,65048,conditional,single-choice,5,All B are C/All A are B,Yes/No,Yes,Yes,1,,,
mReasoner,65048,conditional,single-choice,6,All B are C/All A are C,Yes/No,Yes,Yes,1,,,
mReasoner,65048,conditional,single-choice,7,All B are C/All A are C,Yes/No,No,Yes,0,,,
mReasoner,65048,conditional,single-choice,8,All B are C/No A are C,Yes/No,No,Yes,0,,,
mReasoner,65048,conditional,single-choice,9,All B are C/All A are B,Yes/No,Yes,Yes,1,,,
mReasoner,65048,conditional,single-choice,10,All B are C/All A are C,Yes/No,Yes,Yes,1,,,
mReasoner,65048,conditional,single-choice,11,All B are C/All A are B,Yes/No,Yes,Yes,1,,,
mReasoner,65048,conditional,single-choice,12,All B are C/All A are B,Yes/No,No,Yes,0,,,
mReasoner,65048,conditional,single-choice,13,All B are C/No A are C,Yes/No,Yes,Yes,1,,,
mReasoner,65048,conditional,single-choice,14,All B are C/All A are C,Yes/No,Yes,Yes,1,,,
mReasoner,65048,conditional,single-choice,15,All B are C/No A are B,Yes/No,Yes,Yes,1,,,
mReasoner,65048,conditional,single-choice,16,All B are C/No A are C,Yes/No,No,Yes,0,,,
mReasoner,65048,conditional,single-choice,17,All B are C/No A are C,Yes/No,Yes,Yes,1,,,
mReasoner,65048,conditional,single-choice,18,All B are C/No A are B,Yes/No,Yes,Yes,1,,,
mReasoner,65048,conditional,single-choice,19,All B are C/All A are C,Yes/No,No,Yes,0,,,
mReasoner,65048,conditional,single-choice,20,All B are C/All A are B,Yes/No,Yes,Yes,1,,,
mReasoner,65048,conditional,single-choice,21,All B are C/No A are C,Yes/No,No,Yes,0,,,
mReasoner,65048,conditional,single-choice,22,All B are C/No A are B,Yes/No,Yes,Yes,1,,,
mReasoner,65048,conditional,single-choice,23,All B are C/All A are B,Yes/No,No,Yes,0,,,
mReasoner,65048,conditional,single-choice,24,All B are C/No A are B,Yes/No,No,Yes,0,,,
mReasoner,65048,conditional,single-choice,25,All B are C/No A are C,Yes/No,No,Yes,0,,,
mReasoner,65048,conditional,single-choice,26,All B are C/No A are C,Yes/No,No,Yes,0,,,
mReasoner,65048,conditional,single-choice,27,All B are C/All A are C,Yes/No,No,Yes,0,,,
mReasoner,65048,conditional,single-choice,28,All B are C/No A are B,Yes/No,No,Yes,0,,,
mReasoner,65048,conditional,single-choice,29,All B are C/All A are C,Yes/No,No,Yes,0,,,
mReasoner,65048,conditional,single-choice,30,All B are C/All A are C,Yes/No,Yes,Yes,1,,,
mReasoner,65048,conditional,single-choice,31,All B are C/All A are B,Yes/No,Yes,Yes,1,,,
mReasoner,65048,conditional,single-choice,32,All B are C/No A are C,Yes/No,Yes,Yes,1,,,
mReasoner,65048,conditional,single-choice,33,All B are C/No A are C,Yes/No,No,Yes,0,,,
mReasoner,65048,conditional,single-choice,34,All B are C/All A are B,Yes/No,Yes,Yes,1,,,
mReasoner,65048,conditional,single-choice,35,All B are C/All A are B,Yes/No,Yes,Yes,1,,,
mReasoner,65048,conditional,single-choice,36,All B are C/No A are B,Yes/No,No,Yes,0,,,
mReasoner,65048,conditional,single-choice,37,All B are C/No A are B,Yes/No,No,Yes,0,,,
mReasoner,65048,conditional,single-choice,38,All B are C/All A are C,Yes/No,No,Yes,0,,,
mReasoner,65048,conditional,single-choice,39,All B are C/No A are B,Yes/No,Yes,Yes,1,,,
mReasoner,65048,conditional,single-choice,40,All B are C/All A are B,Yes/No,Yes,Yes,1,,,
mReasoner,65048,conditional,single-choice,41,All B are C/No A are C,Yes/No,Yes,Yes,1,,,
mReasoner,65048,conditional,single-choice,42,All B are C/All A are C,Yes/No,Yes,Yes,1,,,
mReasoner,65048,conditional,single-choice,43,All B are C/No A are B,Yes/No,Yes,Yes,1,,,
mReasoner,65048,conditional,single-choice,44,All B are C/All A are B,Yes/No,Yes,Yes,1,,,
mReasoner,65048,conditional,single-choice,45,All B are C/No A are C,Yes/No,No,Yes,0,,,
mReasoner,65048,conditional,single-choice,46,All B are C/No A are C,Yes/No,Yes,Yes,1,,,
mReasoner,65048,conditional,single-choice,47,All B are C/No A are C,Yes/No,Yes,Yes,1,,,
mReasoner,65048,conditional,single-choice,48,All B are C/All A are C,Yes/No,Yes,Yes,1,,,
mReasoner,65048,conditional,single-choice,49,All B are C/No A are B,Yes/No,Yes,Yes,1,,,
mReasoner,65048,conditional,single-choice,50,All B are C/All A are B,Yes/No,No,Yes,0,,,
mReasoner,65048,conditional,single-choice,51,All B are C/All A are C,Yes/No,Yes,Yes,1,,,
mReasoner,65048,conditional,single-choice,52,All B are C/All A are B,Yes/No,Yes,Yes,1,,,
mReasoner,65048,conditional,single-choice,53,All B are C/No A are B,Yes/No,No,Yes,0,,,
mReasoner,65048,conditional,single-choice,54,All B are C/All A are B,Yes/No,Yes,Yes,1,,,
mReasoner,65048,conditional,single-choice,55,All B are C/All A are B,Yes/No,Yes,Yes,1,,,
mReasoner,65048,conditional,single-choice,56,All B are C/No A are B,Yes/No,Yes,Yes,1,,,
mReasoner,65048,conditional,single-choice,57,All B are C/All A are C,Yes/No,Yes,Yes,1,,,
mReasoner,65048,conditional,single-choice,58,All B are C/All A are B,Yes/No,Yes,Yes,1,,,
mReasoner,65048,conditional,single-choice,59,All B are C/No A are C,Yes/No,No,Yes,0,,,
mReasoner,65048,conditional,single-choice,60,All B are C/No A are C,Yes/No,Yes,Yes,1,,,
mReasoner,65048,conditional,single-choice,61,All B are C/All A are C,Yes/No,No,Yes,0,,,
mReasoner,65048,conditional,single-choice,62,All B are C/All A are C,Yes/No,No,Yes,0,,,
mReasoner,65048,conditional,single-choice,63,All B are C/All A are C,Yes/No,Yes,Yes,1,,,
mReasoner,65048,conditional,single-choice,64,All B are C/No A are B,Yes/No,Yes,Yes,1,,,
mReasoner,65063,conditional,single-choice,1,All B are C/No A are B,Yes/No,Yes,Yes,1,,,
mReasoner,65063,conditional,single-choice,2,All B are C/All A are C,Yes/No,No,Yes,0,,,
mReasoner,65063,conditional,single-choice,3,All B are C/No A are C,Yes/No,Yes,Yes,1,,,
mReasoner,65063,conditional,single-choice,4,All B are C/No A are C,Yes/No,Yes,Yes,1,,,
mReasoner,65063,conditional,single-choice,5,All B are C/All A are B,Yes/No,Yes,Yes,1,,,
mReasoner,65063,conditional,single-choice,6,All B are C/All A are B,Yes/No,Yes,Yes,1,,,
mReasoner,65063,conditional,single-choice,7,All B are C/No A are B,Yes/No,Yes,Yes,1,,,
mReasoner,65063,conditional,single-choice,8,All B are C/No A are C,Yes/No,Yes,Yes,1,,,
mReasoner,65063,conditional,single-choice,9,All B are C/All A are B,Yes/No,Yes,Yes,1,,,
mReasoner,65063,conditional,single-choice,10,All B are C/No A are B,Yes/No,No,Yes,0,,,
mReasoner,65063,conditional,single-choice,11,All B are C/No A are B,Yes/No,No,Yes,0,,,
mReasoner,65063,conditional,single-choice,12,All B are C/All A are B,Yes/No,Yes,Yes,1,,,
mReasoner,65063,conditional,single-choice,13,All B are C/No A are C,Yes/No,No,Yes,0,,,
mReasoner,65063,conditional,single-choice,14,All B are C/All A are C,Yes/No,Yes,Yes,1,,,
mReasoner,65063,conditional,single-choice,15,All B are C/All A are C,Yes/No,Yes,Yes,1,,,
mReasoner,65063,conditional,single-choice,16,All B are C/No A are B,Yes/No,No,Yes,0,,,
mReasoner,65063,conditional,single-choice,17,All B are C/All A are C,Yes/No,Yes,Yes,1,,,
mReasoner,65063,conditional,single-choice,18,All B are C/All A are C,Yes/No,Yes,Yes,1,,,
mReasoner,65063,conditional,single-choice,19,All B are C/All A are C,Yes/No,Yes,Yes,1,,,
mReasoner,65063,conditional,single-choice,20,All B are C/No A are B,Yes/No,No,Yes,0,,,
mReasoner,65063,conditional,single-choice,21,All B are C/No A are B,Yes/No,Yes,Yes,1,,,
mReasoner,65063,conditional,single-choice,22,All B are C/No A are C,Yes/No,Yes,Yes,1,,,
mReasoner,65063,conditional,single-choice,23,All B are C/No A are B,Yes/No,No,Yes,0,,,
mReasoner,65063,conditional,single-choice,24,All B are C/No A are B,Yes/No,No,Yes,0,,,
mReasoner,65063,conditional,single-choice,25,All B are C/No A are B,Yes/No,Yes,Yes,1,,,
mReasoner,65063,conditional,single-choice,26,All B are C/No A are C,Yes/No,Yes,Yes,1,,,
mReasoner,65063,conditional,single-choice,27,All B are C/No A are C,Yes/No,Yes,Yes,1,,,
mReasoner,65063,conditional,single-choice,28,All B are C/No A are C,Yes/No,Yes,Yes,1,,,
mReasoner,65063,conditional,single-choice,29,All B are C/All A are C,Yes/No,No,Yes,0,,,
mReasoner,65063,conditional,single-choice,30,All B are C/All A are B,Yes/No,No,Yes,0,,,
mReasoner,65063,conditional,single-choice,31,All B are C/All A are B,Yes/No,No,Yes,0,,,
mReasoner,65063,conditional,single-choice,32,All B are C/All A are B,Yes/No,Yes,Yes,1,,,
mReasoner,65063,conditional,single-choice,33,All B are C/All A are B,Yes/No,Yes,Yes,1,,,
mReasoner,65063,conditional,single-choice,34,All B are C/All A are C,Yes/No,Yes,Yes,1,,,
mReasoner,65063,conditional,single-choice,35,All B are C/No A are C,Yes/No,Yes,Yes,1,,,
mReasoner,65063,conditional,single-choice,36,All B are C/No A are B,Yes/No,Yes,Yes,1,,,
mReasoner,65063,conditional,single-choice,37,All B are C/No A are C,Yes/No,Yes,Yes,1,,,
mReasoner,65063,conditional,single-choice,38,All B are C/All A are B,Yes/No,Yes,Yes,1,,,
mReasoner,65063,conditional,single-choice,39,All B are C/No A are B,Yes/No,Yes,Yes,1,,,
mReasoner,65063,conditional,single-choice,40,All B are C/All A are C,Yes/No,Yes,Yes,1,,,
mReasoner,65063,conditional,single-choice,41,All B are C/No A are B,Yes/No,Yes,Yes,1,,,
mReasoner,65063,conditional,single-choice,42,All B are C/All A are C,Yes/No,No,Yes,0,,,
mReasoner,65063,conditional,single-choice,43,All B are C/No A are B,Yes/No,No,Yes,0,,,
mReasoner,65063,conditional,single-choice,44,All B are C/No A are C,Yes/No,No,Yes,0,,,
mReasoner,65063,conditional,single-choice,45,All B are C/All A are C,Yes/No,No,Yes,0,,,
mReasoner,65063,conditional,single-choice,46,All B are C/No A are C,Yes/No,No,Yes,0,,,
mReasoner,65063,conditional,single-choice,47,All B are C/All A are B,Yes/No,Yes,Yes,1,,,
mReasoner,65063,conditional,single-choice,48,All B are C/No A are C,Yes/No,Yes,Yes,1,,,
mReasoner,65063,conditional,single-choice,49,All B are C/All A are B,Yes/No,No,Yes,0,,,
mReasoner,65063,conditional,single-choice,50,All B are C/All A are C,Yes/No,Yes,Yes,1,,,
mReasoner,65063,conditional,single-choice,51,All B are C/All A are C,Yes/No,Yes,Yes,1,,,
mReasoner,65063,conditional,single-choice,52,All B are C/No A are C,Yes/No,Yes,Yes,1,,,
mReasoner,65063,conditional,single-choice,53,All B are C/No A are B,Yes/No,Yes,Yes,1,,,
mReasoner,65063,conditional,single-choice,54,All B are C/No A are C,Yes/No,No,Yes,0,,,
mReasoner,65063,conditional,single-choice,55,All B are C/No A are B,Yes/No,No,Yes,0,,,
mReasoner,65063,conditional,single-choice,56,All B are C/All A are B,Yes/No,Yes,Yes,1,,,
mReasoner,65063,conditional,single-choice,57,All B are C/All A are C,Yes/No,No,Yes,0,,,
mReasoner,65063,conditional,single-choice,58,All B are C/All A are B,Yes/No,Yes,Yes,1,,,
mReasoner,65063,conditional,single-choice,59,All B are C/All A are B,Yes/No,No,Yes,0,,,
mReasoner,65063,conditional,single-choice,60,All B are C/All A are C,Yes/No,No,Yes,0,,,
mReasoner,65063,conditional,single-choice,61,All B are C/All A are B,Yes/No,Yes,Yes,1,,,
mReasoner,65063,conditional,single-choice,62,All B are C/All A are C,Yes/No,Yes,Yes,1,,,
mReasoner,65063,conditional,single-choice,63,All B are C/All A are B,Yes/No,Yes,Yes,1,,,
mReasoner,65063,conditional,single-choice,64,All B are C/No A are C,Yes/No,Yes,Yes,1,,,
mReasoner,65065,conditional,single-choice,1,All B are C/All A are B,Yes/No,Yes,Yes,1,,,
mReasoner,65065,conditional,single-choice,2,All B are C/No A are C,Yes/No,Yes,Yes,1,,,
mReasoner,65065,conditional,single-choice,3,All B are C/No A are B,Yes/No,Yes,Yes,1,,,
mReasoner,65065,conditional,single-choice,4,All B are C/No A are B,Yes/No,No,Yes,0,,,
mReasoner,65065,conditional,single-choice,5,All B are C/All A are B,Yes/No,Yes,Yes,1,,,
mReasoner,65065,conditional,single-choice,6,All B are C/No A are C,Yes/No,Yes,Yes,1,,,
mReasoner,65065,conditional,single-choice,7,All B are C/No A are B,Yes/No,No,Yes,0,,,
mReasoner,65065,conditional,single-choice,8,All B are C/All A are C,Yes/No,No,Yes,0,,,
mReasoner,65065,conditional,single-choice,9,All B are C/No A are C,Yes/No,Yes,Yes,1,,,
mReasoner,65065,conditional,single-choice,10,All B are C/No A are C,Yes/No,Yes,Yes,1,,,
mReasoner,65065,conditional,single-choice,11,All B are C/All A are B,Yes/No,Yes,Yes,1,,,
mReasoner,65065,conditional,single-choice,12,All B are C/No A are B,Yes/No,No,Yes,0,,,
mReasoner,65065,conditional,single-choice,13,All B are C/No A are B,Yes/No,No,Yes,0,,,
mReasoner,65065,conditional,single-choice,14,All B are C/No A are B,Yes/No,No,Yes,0,,,
mReasoner,65065,conditional,single-choice,15,All B are C/All A are C,Yes/No,Yes,Yes,1,,,
mReasoner,65065,conditional,single-choice,16,All B are C/No A are C,Yes/No,Yes,Yes,1,,,
mReasoner,65065,conditional,single-choice,17,All B are C/All A are B,Yes/No,No,Yes,0,,,
mReasoner,65065,conditional,single-choice,18,All B are C/All A are C,Yes/No,Yes,Yes,1,,,
mReasoner,65065,conditional,single-choice,19,All B are C/No A are B,Yes/No,Yes,Yes,1,,,
mReasoner,65065,conditional,single-choice,20,All B are C/All A are C,Yes/No,No,Yes,0,,,
mReasoner,65065,conditional,single-choice,21,All B are C/No A are B,Yes/No,No,Yes,0,,,
mReasoner,65065,conditional,single-choice,22,All B are C/No A are B,Yes/No,No,Yes,0,,,
mReasoner,65065,conditional,single-choice,23,All B are C/All A are B,Yes/No,Yes,Yes,1,,,
mReasoner,65065,conditional,single-choice,24,All B are C/All A are C,Yes/No,Yes,Yes,1,,,
mReasoner,65065,conditional,single-choice,25,All B are C/No A are C,Yes/No,Yes,Yes,1,,,
mReasoner,65065,conditional,single-choice,26,All B are C/All A are C,Yes/No,Yes,Yes,1,,,
mReasoner,65065,conditional,single-choice,27,All B are C/All A are B,Yes/No,Yes,Yes,1,,,
mReasoner,65065,conditional,single-choice,28,All B are C/No A are C,Yes/No,Yes,Yes,1,,,
mReasoner,65065,conditional,single-choice,29,All B are C/All A are B,Yes/No,Yes,Yes,1,,,
mReasoner,65065,conditional,single-choice,30,All B are C/All A are B,Yes/No,Yes,Yes,1,,,
mReasoner,65065,conditional,single-choice,31,All B are C/No A are C,Yes/No,Yes,Yes,1,,,
mReasoner,65065,conditional,single-choice,32,All B are C/No A are B,Yes/No,No,Yes,0,,,
mReasoner,65065,conditional,single-choice,33,All B are C/All A are C,Yes/No,Yes,Yes,1,,,
mReasoner,65065,conditional,single-choice,34,All B are C/All A are C,Yes/No,No,Yes,0,,,
mReasoner,65065,conditional,single-choice,35,All B are C/No A are B,Yes/No,No,Yes,0,,,
mReasoner,65065,conditional,single-choice,36,All B are C/No A are B,Yes/No,Yes,Yes,1,,,
mReasoner,65065,conditional,single-choice,37,All B are C/No A are C,Yes/No,No,Yes,0,,,
mReasoner,65065,conditional,single-choice,38,All B are C/No A are C,Yes/No,Yes,Yes,1,,,
mReasoner,65065,conditional,single-choice,39,All B are C/No A are C,Yes/No,No,Yes,0,,,
mReasoner,65065,conditional,single-choice,40,All B are C/All A are C,Yes/No,Yes,Yes,1,,,
mReasoner,65065,conditional,single-choice,41,All B are C/No A are C,Yes/No,Yes,Yes,1,,,
mReasoner,65065,conditional,single-choice,42,All B are C/No A are C,Yes/No,Yes,Yes,1,,,
mReasoner,65065,conditional,single-choice,43,All B are C/All A are B,Yes/No,Yes,Yes,1,,,
mReasoner,65065,conditional,single-choice,44,All B are C/No A are C,Yes/No,Yes,Yes,1,,,
mReasoner,65065,conditional,single-choice,45,All B are C/All A are B,Yes/No,Yes,Yes,1,,,
mReasoner,65065,conditional,single-choice,46,All B are C/No A are C,Yes/No,Yes,Yes,1,,,
mReasoner,65065,conditional,single-choice,47,All B are C/All A are B,Yes/No,Yes,Yes,1,,,
mReasoner,65065,conditional,single-choice,48,All B are C/All A are C,Yes/No,No,Yes,0,,,
mReasoner,65065,conditional,single-choice,49,All B are C/All A are B,Yes/No,Yes,Yes,1,,,
mReasoner,65065,conditional,single-choice,50,All B are C/All A are C,Yes/No,No,Yes,0,,,
mReasoner,65065,conditional,single-choice,51,All B are C/No A are B,Yes/No,No,Yes,0,,,
mReasoner,65065,conditional,single-choice,52,All B are C/All A are B,Yes/No,Yes,Yes,1,,,
mReasoner,65065,conditional,single-choice,53,All B are C/All A are C,Yes/No,No,Yes,0,,,
mReasoner,65065,conditional,single-choice,54,All B are C/No A are B,Yes/No,Yes,Yes,1,,,
mReasoner,65065,conditional,single-choice,55,All B are C/All A are B,Yes/No,No,Yes,0,,,
mReasoner,65065,conditional,single-choice,56,All B are C/All A are B,Yes/No,Yes,Yes,1,,,
mReasoner,65065,conditional,single-choice,57,All B are C/All A are B,Yes/No,Yes,Yes,1,,,
mReasoner,65065,conditional,single-choice,58,All B are C/All A are C,Yes/No,No,Yes,0,,,
mReasoner,65065,conditional,single-choice,59,All B are C/No A are B,Yes/No,No,Yes,0,,,
mReasoner,65065,conditional,single-choice,60,All B are C/All A are C,Yes/No,No,Yes,0,,,
mReasoner,65065,conditional,single-choice,61,All B are C/No A are C,Yes/No,Yes,Yes,1,,,
mReasoner,65065,conditional,single-choice,62,All B are C/No A are B,Yes/No,No,Yes,0,,,
mReasoner,65065,conditional,single-choice,63,All B are C/All A are C,Yes/No,No,Yes,0,,,
mReasoner,65065,conditional,single-choice,64,All B are C/All A are C,Yes/No,Yes,Yes,1,,,
mReasoner,65071,conditional,single-choice,1,All B are C/All A are C,Yes/No,Yes,Yes,1,,,
mReasoner,65071,conditional,single-choice,2,All B are C/All A are B,Yes/No,Yes,Yes,1,,,
mReasoner,65071,conditional,single-choice,3,All B are C/No A are B,Yes/No,Yes,Yes,1,,,
mReasoner,65071,conditional,single-choice,4,All B are C/No A are C,Yes/No,Yes,Yes,1,,,
mReasoner,65071,conditional,single-choice,5,All B are C/No A are B,Yes/No,Yes,Yes,1,,,
mReasoner,65071,conditional,single-choice,6,All B are C/All A are C,Yes/No,Yes,Yes,1,,,
mReasoner,65071,conditional,single-choice,7,All B are C/All A are C,Yes/No,Yes,Yes,1,,,
mReasoner,65071,conditional,single-choice,8,All B are C/No A are B,Yes/No,No,Yes,0,,,
mReasoner,65071,conditional,single-choice,9,All B are C/All A are B,Yes/No,Yes,Yes,1,,,
mReasoner,65071,conditional,single-choice,10,All B are C/All A are B,Yes/No,Yes,Yes,1,,,
mReasoner,65071,conditional,single-choice,11,All B are C/No A are C,Yes/No,Yes,Yes,1,,,
mReasoner,65071,conditional,single-choice,12,All B are C/All A are C,Yes/No,Yes,Yes,1,,,
mReasoner,65071,conditional,single-choice,13,All B are C/All A are C,Yes/No,Yes,Yes,1,,,
mReasoner,65071,conditional,single-choice,14,All B are C/All A are C,Yes/No,Yes,Yes,1,,,
mReasoner,65071,conditional,single-choice,15,All B are C/All A are C,Yes/No,Yes,Yes,1,,,
mReasoner,65071,conditional,single-choice,16,All B are C/All A are B,Yes/No,Yes,Yes,1,,,
mReasoner,65071,conditional,single-choice,17,All B are C/No A are C,Yes/No,Yes,Yes,1,,,
mReasoner,65071,conditional,single-choice,18,All B are C/All A are C,Yes/No,Yes,Yes,1,,,
mReasoner,65071,conditional,single-choice,19,All B are C/All A are C,Yes/No,Yes,Yes,1,,,
mReasoner,65071,conditional,single-choice,20,All B are C/No A are B,Yes/No,Yes,Yes,1,,,
mReasoner,65071,conditional,single-choice,21,All B are C/All A are C,Yes/No,Yes,Yes,1,,,
mReasoner,65071,conditional,single-choice,22,All B are C/No A are C,Yes/No,Yes,Yes,1,,,
mReasoner,65071,conditional,single-choice,23,All B are C/No A are C,Yes/No,Yes,Yes,1,,,
mReasoner,65071,conditional,single-choice,24,All B are C/All A are B,Yes/No,Yes,Yes,1,,,
mReasoner,65071,conditional,single-choice,25,All B are C/No A are C,Yes/No,Yes,Yes,1,,,
mReasoner,65071,conditional,single-choice,26,All B are C/All A are B,Yes/No,Yes,Yes,1,,,
mReasoner,65071,conditional,single-choice,27,All B are C/No A are B,Yes/No,Yes,Yes,1,,,
mReasoner,65071,conditional,single-choice,28,All B are C/All A are B,Yes/No,Yes,Yes,1,,,
mReasoner,65071,conditional,single-choice,29,All B are C/No A are C,Yes/No,Yes,Yes,1,,,
mReasoner,65071,conditional,single-choice,30,All B are C/No A are B,Yes/No,Yes,Yes,1,,,
mReasoner,65071,conditional,single-choice,31,All B are C/No A are C,Yes/No,Yes,Yes,1,,,
mReasoner,65071,conditional,single-choice,32,All B are C/All A are B,Yes/No,Yes,Yes,1,,,
mReasoner,65071,conditional,single-choice,33,All B are C/All A are B,Yes/No,Yes,Yes,1,,,
mReasoner,65071,conditional,single-choice,34,All B are C/No A are C,Yes/No,Yes,Yes,1,,,
mReasoner,65071,conditional,single-choice,35,All B are C/No A are B,Yes/No,Yes,Yes,1,,,
mReasoner,65071,conditional,single-choice,36,All B are C/All A are C,Yes/No,Yes,Yes,1,,,
mReasoner,65071,conditional,single-choice,37,All B are C/No A are C,Yes/No,Yes,Yes,1,,,
mReasoner,65071,conditional,single-choice,38,All B are C/No A are C,Yes/No,Yes,Yes,1,,,
mReasoner,65071,conditional,single-choice,39,All B are C/No A are B,Yes/No,Yes,Yes,1,,,
mReasoner,65071,conditional,single-choice,40,All B are C/All A are B,Yes/No,Yes,Yes,1,,,
mReasoner,65071,conditional,single-choice,41,All B are C/All A are B,Yes/No,Yes,Yes,1,,,
mReasoner,65071,conditional,single-choice,42,All B are C/All A are B,Yes/No,Yes,Yes,1,,,
mReasoner,65071,conditional,single-choice,43,All B are C/All A are B,Yes/No,Yes,Yes,1,,,
mReasoner,65071,conditional,single-choice,44,All B are C/No A are B,Yes/No,Yes,Yes,1,,,
mReasoner,65071,conditional,single-choice,45,All B are C/No A are C,Yes/No,Yes,Yes,1,,,
mReasoner,65071,conditional,single-choice,46,All B are C/All A are C,Yes/No,Yes,Yes,1,,,
mReasoner,65071,conditional,single-choice,47,All B are C/No A are C,Yes/No,Yes,Yes,1,,,
mReasoner,65071,conditional,single-choice,48,All B are C/All A are C,Yes/No,Yes,Yes,1,,,
mReasoner,65071,conditional,single-choice,49,All B are C/No A are B,Yes/No,Yes,Yes,1,,,
mReasoner,65071,conditional,single-choice,50,All B are C/No A are C,Yes/No,Yes,Yes,1,,,
mReasoner,65071,conditional,single-choice,51,All B are C/No A are B,Yes/No,Yes,Yes,1,,,
mReasoner,65071,conditional,single-choice,52,All B are C/No A are C,Yes/No,Yes,Yes,1,,,
mReasoner,65071,conditional,single-choice,53,All B are C/All A are C,Yes/No,Yes,Yes,1,,,
mReasoner,65071,conditional,single-choice,54,All B are C/No A are C,Yes/No,Yes,Yes,1,,,
mReasoner,65071,conditional,single-choice,55,All B are C/No A are B,Yes/No,Yes,Yes,1,,,
mReasoner,65071,conditional,single-choice,56,All B are C/All A are B,Yes/No,Yes,Yes,1,,,
mReasoner,65071,conditional,single-choice,57,All B are C/No A are B,Yes/No,Yes,Yes,1,,,
mReasoner,65071,conditional,single-choice,58,All B are C/All A are B,Yes/No,Yes,Yes,1,,,
mReasoner,65071,conditional,single-choice,59,All B are C/All A are C,Yes/No,Yes,Yes,1,,,
mReasoner,65071,conditional,single-choice,60,All B are C/All A are C,Yes/No,No,Yes,0,,,
mReasoner,65071,conditional,single-choice,61,All B are C/No A are B,Yes/No,Yes,Yes,1,,,
mReasoner,65071,conditional,single-choice,62,All B are C/All A are B,Yes/No,Yes,Yes,1,,,
mReasoner,65071,conditional,single-choice,63,All B are C/No A are B,Yes/No,Yes,Yes,1,,,
mReasoner,65071,conditional,single-choice,64,All B are C/No A are B,Yes/No,Yes,Yes,1,,,
mReasoner,65079,conditional,single-choice,1,All B are C/All A are B,Yes/No,Yes,Yes,1,,,
mReasoner,65079,conditional,single-choice,2,All B are C/All A are C,Yes/No,No,Yes,0,,,
mReasoner,65079,conditional,single-choice,3,All B are C/All A are C,Yes/No,No,Yes,0,,,
mReasoner,65079,conditional,single-choice,4,All B are C/No A are B,Yes/No,Yes,Yes,1,,,
mReasoner,65079,conditional,single-choice,5,All B are C/All A are B,Yes/No,Yes,Yes,1,,,
mReasoner,65079,conditional,single-choice,6,All B are C/All A are B,Yes/No,Yes,Yes,1,,,
mReasoner,65079,conditional,single-choice,7,All B are C/No A are B,Yes/No,No,Yes,0,,,
mReasoner,65079,conditional,single-choice,8,All B are C/All A are C,Yes/No,Yes,Yes,1,,,
mReasoner,65079,conditional,single-choice,9,All B are C/No A are B,Yes/No,Yes,Yes,1,,,
mReasoner,65079,conditional,single-choice,10,All B are C/No A are C,Yes/No,Yes,Yes,1,,,
mReasoner,65079,conditional,single-choice,11,All B are C/No A are B,Yes/No,Yes,Yes,1,,,
mReasoner,65079,conditional,single-choice,12,All B are C/All A are C,Yes/No,No,Yes,0,,,
mReasoner,65079,conditional,single-choice,13,All B are C/All A are B,Yes/No,Yes,Yes,1,,,
mReasoner,65079,conditional,single-choice,14,All B are C/No A are C,Yes/No,No,Yes,0,,,
mReasoner,65079,conditional,single-choice,15,All B are C/No A are B,Yes/No,No,Yes,0,,,
mReasoner,65079,conditional,single-choice,16,All B are C/No A are C,Yes/No,Yes,Yes,1,,,
mReasoner,65079,conditional,single-choice,17,All B are C/No A are C,Yes/No,No,Yes,0,,,
mReasoner,65079,conditional,single-choice,18,All B are C/All A are C,Yes/No,No,Yes,0,,,
mReasoner,65079,conditional,single-choice,19,All B are C/All A are C,Yes/No,Yes,Yes,1,,,
mReasoner,65079,conditional,single-choice,20,All B are C/All A are B,Yes/No,Yes,Yes,1,,,
mReasoner,65079,conditional,single-choice,21,All B are C/No A are B,Yes/No,No,Yes,0,,,
mReasoner,65079,conditional,single-choice,22,All B are C/No A are C,Yes/No,Yes,Yes,1,,,
mReasoner,65079,conditional,single-choice,23,All B are C/All A are C,Yes/No,No,Yes,0,,,
mReasoner,65079,conditional,single-choice,24,All B are C/All A are B,Yes/No,Yes,Yes,1,,,
mReasoner,65079,conditional,single-choice,25,All B are C/All A are C,Yes/No,No,Yes,0,,,
mReasoner,65079,conditional,single-choice,26,All B are C/No A are B,Yes/No,Yes,Yes,1,,,
mReasoner,65079,conditional,single-choice,27,All B are C/All A are B,Yes/No,Yes,Yes,1,,,
mReasoner,65079,conditional,single-choice,28,All B are C/No A are B,Yes/No,Yes,Yes,1,,,
mReasoner,65079,conditional,single-choice,29,All B are C/No A are B,Yes/No,Yes,Yes,1,,,
mReasoner,65079,conditional,single-choice,30,All B are C/No A are C,Yes/No,No,Yes,0,,,
mReasoner,65079,conditional,single-choice,31,All B are C/All A are B,Yes/No,Yes,Yes,1,,,
mReasoner,65079,conditional,single-choice,32,All B are C/No A are B,Yes/No,No,Yes,0,,,
mReasoner,65079,conditional,single-choice,33,All B are C/All A are B,Yes/No,Yes,Yes,1,,,
mReasoner,65079,conditional,single-choice,34,All B are C/No A are B,Yes/No,No,Yes,0,,,
mReasoner,65079,conditional,single-choice,35,All B are C/All A are C,Yes/No,No,Yes,0,,,
mReasoner,65079,conditional,single-choice,36,All B are C/All A are B,Yes/No,Yes,Yes,1,,,
mReasoner,65079,conditional,single-choice,37,All B are C/All A are B,Yes/No,Yes,Yes,1,,,
mReasoner,65079,conditional,single-choice,38,All B are C/No A are B,Yes/No,Yes,Yes,1,,,
mReasoner,65079,conditional,single-choice,39,All B are C/No A are B,Yes/No,Yes,Yes,1,,,
mReasoner,65079,conditional,single-choice,40,All B are C/All A are C,Yes/No,Yes,Yes,1,,,
mReasoner,65079,conditional,single-choice,41,All B are C/No A are B,Yes/No,No,Yes,0,,,
mReasoner,65079,conditional,single-choice,42,All B are C/No A are B,Yes/No,No,Yes,0,,,
mReasoner,65079,conditional,single-choice,43,All B are C/All A are B,Yes/No,Yes,Yes,1,,,
mReasoner,65079,conditional,single-choice,44,All B are C/No A are C,Yes/No,Yes,Yes,1,,,
mReasoner,65079,conditional,single-choice,45,All B are C/No A are C,Yes/No,No,Yes,0,,,
mReasoner,65079,conditional,single-choice,46,All B are C/All A are C,Yes/No,No,Yes,0,,,
mReasoner,65079,conditional,single-choice,47,All B are C/All A are C,Yes/No,Yes,Yes,1,,,
mReasoner,65079,conditional,single-choice,48,All B are C/No A are C,Yes/No,Yes,Yes,1,,,
mReasoner,65079,conditional,single-choice,49,All B are C/All A are C,Yes/No,Yes,Yes,1,,,
mReasoner,65079,conditional,single-choice,50,All B are C/All A are B,Yes/No,Yes,Yes,1,,,
mReasoner,65079,conditional,single-choice,51,All B are C/All A are B,Yes/No,Yes,Yes,1,,,
mReasoner,65079,conditional,single-choice,52,All B are C/All A are C,Yes/No,No,Yes,0,,,
mReasoner,65079,conditional,single-choice,53,All B are C/No A are C,Yes/No,Yes,Yes,1,,,
mReasoner,65079,conditional,single-choice,54,All B are C/All A are C,Yes/No,No,Yes,0,,,
mReasoner,65079,conditional,single-choice,55,All B are C/No A are C,Yes/No,Yes,Yes,1,,,
mReasoner,65079,conditional,single-choice,56,All B are C/No A are C,Yes/No,Yes,Yes,1,,,
mReasoner,65079,conditional,single-choice,57,All B are C/All A are C,Yes/No,No,Yes,0,,,
mReasoner,65079,conditional,single-choice,58,All B are C/No A are B,Yes/No,Yes,Yes,1,,,
mReasoner,65079,conditional,single-choice,59,All B are C/No A are C,Yes/No,Yes,Yes,1,,,
mReasoner,65079,conditional,single-choice,60,All B are C/All A are B,Yes/No,Yes,Yes,1,,,
mReasoner,65079,conditional,single-choice,61,All B are C/No A are C,Yes/No,Yes,Yes,1,,,
mReasoner,65079,conditional,single-choice,62,All B are C/No A are C,Yes/No,Yes,Yes,1,,,
mReasoner,65079,conditional,single-choice,63,All B are C/All A are B,Yes/No,Yes,Yes,1,,,
mReasoner,65079,conditional,single-choice,64,All B are C/No A are C,Yes/No,Yes,Yes,1,,,
mReasoner,65080,conditional,single-choice,1,All B are C/No A are B,Yes/No,No,Yes,0,,,
mReasoner,65080,conditional,single-choice,2,All B are C/No A are C,Yes/No,No,Yes,0,,,
mReasoner,65080,conditional,single-choice,3,All B are C/No A are B,Yes/No,Yes,Yes,1,,,
mReasoner,65080,conditional,single-choice,4,All B are C/No A are C,Yes/No,Yes,Yes,1,,,
mReasoner,65080,conditional,single-choice,5,All B are C/No A are B,Yes/No,Yes,Yes,1,,,
mReasoner,65080,conditional,single-choice,6,All B are C/All A are B,Yes/No,No,Yes,0,,,
mReasoner,65080,conditional,single-choice,7,All B are C/No A are C,Yes/No,No,Yes,0,,,
mReasoner,65080,conditional,single-choice,8,All B are C/No A are C,Yes/No,Yes,Yes,1,,,
mReasoner,65080,conditional,single-choice,9,All B are C/All A are B,Yes/No,No,Yes,0,,,
mReasoner,65080,conditional,single-choice,10,All B are C/All A are C,Yes/No,Yes,Yes,1,,,
mReasoner,65080,conditional,single-choice,11,All B are C/All A are B,Yes/No,Yes,Yes,1,,,
mReasoner,65080,conditional,single-choice,12,All B are C/All A are C,Yes/No,No,Yes,0,,,
mReasoner,65080,conditional,single-choice,13,All B are C/All A are C,Yes/No,No,Yes,0,,,
mReasoner,65080,conditional,single-choice,14,All B are C/All A are B,Yes/No,No,Yes,0,,,
mReasoner,65080,conditional,single-choice,15,All B are C/All A are C,Yes/No,Yes,Yes,1,,,
mReasoner,65080,conditional,single-choice,16,All B are C/All A are C,Yes/No,No,Yes,0,,,
mReasoner,65080,conditional,single-choice,17,All B are C/All A are C,Yes/No,Yes,Yes,1,,,
mReasoner,65080,conditional,single-choice,18,All B are C/All A are C,Yes/No,No,Yes,0,,,
mReasoner,65080,conditional,single-choice,19,All B are C/No A are B,Yes/No,No,Yes,0,,,
mReasoner,65080,conditional,single-choice,20,All B are C/No A are C,Yes/No,No,Yes,0,,,
mReasoner,65080,conditional,single-choice,21,All B are C/All A are C,Yes/No,Yes,Yes,1,,,
mReasoner,65080,conditional,single-choice,22,All B are C/All A are B,Yes/No,Yes,Yes,1,,,
mReasoner,65080,conditional,single-choice,23,All B are C/No A are B,Yes/No,Yes,Yes,1,,,
mReasoner,65080,conditional,single-choice,24,All B are C/All A are C,Yes/No,Yes,Yes,1,,,
mReasoner,65080,conditional,single-choice,25,All B are C/No A are B,Yes/No,Yes,Yes,1,,,
mReasoner,65080,conditional,single-choice,26,All B are C/All A are B,Yes/No,No,Yes,0,,,
mReasoner,65080,conditional,single-choice,27,All B are C/All A are B,Yes/No,No,Yes,0,,,
mReasoner,65080,conditional,single-choice,28,All B are C/No A are C,Yes/No,Yes,Yes,1,,,
mReasoner,65080,conditional,single-choice,29,All B are C/No A are B,Yes/No,No,Yes,0,,,
mReasoner,65080,conditional,single-choice,30,All B are C/No A are B,Yes/No,No,Yes,0,,,
mReasoner,65080,conditional,single-choice,31,All B are C/All A are C,Yes/No,No,Yes,0,,,
mReasoner,65080,conditional,single-choice,32,All B are C/All A are B,Yes/No,Yes,Yes,1,,,
mReasoner,65080,conditional,single-choice,33,All B are C/All A are C,Yes/No,Yes,Yes,1,,,
mReasoner,65080,conditional,single-choice,34,All B are C/All A are B,Yes/No,Yes,Yes,1,,,
mReasoner,65080,conditional,single-choice,35,All B are C/All A are B,Yes/No,Yes,Yes,1,,,
mReasoner,65080,conditional,single-choice,36,All B are C/No A are B,Yes/No,No,Yes,0,,,
mReasoner,65080,conditional,single-choice,37,All B are C/No A are B,Yes/No,No,Yes,0,,,
mReasoner,65080,conditional,single-choice,38,All B are C/All A are B,Yes/No,No,Yes,0,,,
mReasoner,65080,conditional,single-choice,39,All B are C/No A are C,Yes/No,No,Yes,0,,,
mReasoner,65080,conditional,single-choice,40,All B are C/All A are C,Yes/No,Yes,Yes,1,,,
mReasoner,65080,conditional,single-choice,41,All B are C/All A are B,Yes/No,Yes,Yes,1,,,
mReasoner,65080,conditional,single-choice,42,All B are C/All A are B,Yes/No,Yes,Yes,1,,,
mReasoner,65080,conditional,single-choice,43,All B are C/All A are C,Yes/No,Yes,Yes,1,,,
mReasoner,65080,conditional,single-choice,44,All B are C/All A are B,Yes/No,Yes,Yes,1,,,
mReasoner,65080,conditional,single-choice,45,All B are C/All A are C,Yes/No,No,Yes,0,,,
mReasoner,65080,conditional,single-choice,46,All B are C/No A are B,Yes/No,Yes,Yes,1,,,
mReasoner,65080,conditional,single-choice,47,All B are C/No A are C,Yes/No,No,Yes,0,,,
mReasoner,65080,conditional,single-choice,48,All B are C/No A are C,Yes/No,Yes,Yes,1,,,
mReasoner,65080,conditional,single-choice,49,All B are C/No A are C,Yes/No,Yes,Yes,1,,,
mReasoner,65080,conditional,single-choice,50,All B are C/No A are B,Yes/No,No,Yes,0,,,
mReasoner,65080,conditional,single-choice,51,All B are C/No A are C,Yes/No,No,Yes,0,,,
mReasoner,65080,conditional,single-choice,52,All B are C/No A are B,Yes/No,No,Yes,0,,,
mReasoner,65080,conditional,single-choice,53,All B are C/No A are B,Yes/No,No,Yes,0,,,
mReasoner,65080,conditional,single-choice,54,All B are C/No A are C,Yes/No,No,Yes,0,,,
mReasoner,65080,conditional,single-choice,55,All B are C/No A are C,Yes/No,No,Yes,0,,,
mReasoner,65080,conditional,single-choice,56,All B are C/All A are B,Yes/No,Yes,Yes,1,,,
mReasoner,65080,conditional,single-choice,57,All B are C/No A are C,Yes/No,Yes,Yes,1,,,
mReasoner,65080,conditional,single-choice,58,All B are C/No A are B,Yes/No,Yes,Yes,1,,,
mReasoner,65080,conditional,single-choice,59,All B are C/All A are C,Yes/No,No,Yes,0,,,
mReasoner,65080,conditional,single-choice,60,All B are C/No A are B,Yes/No,Yes,Yes,1,,,
mReasoner,65080,conditional,single-choice,61,All B are C/No A are C,Yes/No,No,Yes,0,,,
mReasoner,65080,conditional,single-choice,62,All B are C/All A are B,Yes/No,Yes,Yes,1,,,
mReasoner,65080,conditional,single-choice,63,All B are C/All A are C,Yes/No,No,Yes,0,,,
mReasoner,65080,conditional,single-choice,64,All B are C/No A are C,Yes/No,Yes,Yes,1,,,
mReasoner,65088,conditional,single-choice,1,All B are C/All A are C,Yes/No,Yes,Yes,1,,,
mReasoner,65088,conditional,single-choice,2,All B are C/All A are C,Yes/No,Yes,Yes,1,,,
mReasoner,65088,conditional,single-choice,3,All B are C/All A are C,Yes/No,Yes,Yes,1,,,
mReasoner,65088,conditional,single-choice,4,All B are C/No A are B,Yes/No,Yes,Yes,1,,,
mReasoner,65088,conditional,single-choice,5,All B are C/All A are C,Yes/No,Yes,Yes,1,,,
mReasoner,65088,conditional,single-choice,6,All B are C/No A are B,Yes/No,No,Yes,0,,,
mReasoner,65088,conditional,single-choice,7,All B are C/No A are C,Yes/No,No,Yes,0,,,
mReasoner,65088,conditional,single-choice,8,All B are C/All A are C,Yes/No,Yes,Yes,1,,,
mReasoner,65088,conditional,single-choice,9,All B are C/All A are C,Yes/No,No,Yes,0,,,
mReasoner,65088,conditional,single-choice,10,All B are C/All A are B,Yes/No,Yes,Yes,1,,,
mReasoner,65088,conditional,single-choice,11,All B are C/All A are C,Yes/No,Yes,Yes,1,,,
mReasoner,65088,conditional,single-choice,12,All B are C/All A are C,Yes/No,No,Yes,0,,,
mReasoner,65088,conditional,single-choice,13,All B are C/All A are C,Yes/No,No,Yes,0,,,
mReasoner,65088,conditional,single-choice,14,All B are C/No A are B,Yes/No,Yes,Yes,1,,,
mReasoner,65088,conditional,single-choice,15,All B are C/No A are C,Yes/No,No,Yes,0,,,
mReasoner,65088,conditional,single-choice,16,All B are C/No A are C,Yes/No,Yes,Yes,1,,,
mReasoner,65088,conditional,single-choice,17,All B are C/All A are C,Yes/No,Yes,Yes,1,,,
mReasoner,65088,conditional,single-choice,18,All B are C/No A are C,Yes/No,Yes,Yes,1,,,
mReasoner,65088,conditional,single-choice,19,All B are C/All A are B,Yes/No,Yes,Yes,1,,,
mReasoner,65088,conditional,single-choice,20,All B are C/No A are C,Yes/No,No,Yes,0,,,
mReasoner,65088,conditional,single-choice,21,All B are C/All A are B,Yes/No,Yes,Yes,1,,,
mReasoner,65088,conditional,single-choice,22,All B are C/No A are C,Yes/No,No,Yes,0,,,
mReasoner,65088,conditional,single-choice,23,All B are C/No A are C,Yes/No,Yes,Yes,1,,,
mReasoner,65088,conditional,single-choice,24,All B are C/No A are C,Yes/No,Yes,Yes,1,,,
mReasoner,65088,conditional,single-choice,25,All B are C/No A are C,Yes/No,No,Yes,0,,,
mReasoner,65088,conditional,single-choice,26,All B are C/All A are B,Yes/No,Yes,Yes,1,,,
mReasoner,65088,conditional,single-choice,27,All B are C/No A are C,Yes/No,No,Yes,0,,,
mReasoner,65088,conditional,single-choice,28,All B are C/All A are C,Yes/No,Yes,Yes,1,,,
mReasoner,65088,conditional,single-choice,29,All B are C/All A are B,Yes/No,Yes,Yes,1,,,
mReasoner,65088,conditional,single-choice,30,All B are C/No A are B,Yes/No,No,Yes,0,,,
mReasoner,65088,conditional,single-choice,31,All B are C/No A are C,Yes/No,Yes,Yes,1,,,
mReasoner,65088,conditional,single-choice,32,All B are C/All A are B,Yes/No,No,Yes,0,,,
mReasoner,65088,conditional,single-choice,33,All B are C/All A are C,Yes/No,No,Yes,0,,,
mReasoner,65088,conditional,single-choice,34,All B are C/No A are B,Yes/No,Yes,Yes,1,,,
mReasoner,65088,conditional,single-choice,35,All B are C/No A are B,Yes/No,No,Yes,0,,,
mReasoner,65088,conditional,single-choice,36,All B are C/No A are C,Yes/No,No,Yes,0,,,
mReasoner,65088,conditional,single-choice,37,All B are C/All A are B,Yes/No,No,Yes,0,,,
mReasoner,65088,conditional,single-choice,38,All B are C/All A are C,Yes/No,No,Yes,0,,,
mReasoner,65088,conditional,single-choice,39,All B are C/All A are C,Yes/No,No,Yes,0,,,
mReasoner,65088,conditional,single-choice,40,All B are C/No A are C,Yes/No,No,Yes,0,,,
mReasoner,65088,conditional,single-choice,41,All B are C/No A are C,Yes/No,Yes,Yes,1,,,
mReasoner,65088,conditional,single-choice,42,All B are C/All A are B,Yes/No,No,Yes,0,,,
mReasoner,65088,conditional,single-choice,43,All B are C/No A are B,Yes/No,No,Yes,0,,,
mReasoner,65088,conditional,single-choice,44,All B are C/No A are B,Yes/No,Yes,Yes,1,,,
mReasoner,65088,conditional,single-choice,45,All B are C/No A are B,Yes/No,No,Yes,0,,,
mReasoner,65088,conditional,single-choice,46,All B are C/All A are B,Yes/No,No,Yes,0,,,
mReasoner,65088,conditional,single-choice,47,All B are C/All A are B,Yes/No,Yes,Yes,1,,,
mReasoner,65088,conditional,single-choice,48,All B are C/No A are C,Yes/No,Yes,Yes,1,,,
mReasoner,65088,conditional,single-choice,49,All B are C/All A are B,Yes/No,Yes,Yes,1,,,
mReasoner,65088,conditional,single-choice,50,All B are C/All A are B,Yes/No,Yes,Yes,1,,,
mReasoner,65088,conditional,single-choice,51,All B are C/All A are B,Yes/No,Yes,Yes,1,,,
mReasoner,65088,conditional,single-choice,52,All B are C/All A are B,Yes/No,No,Yes,0,,,
mReasoner,65088,conditional,single-choice,53,All B are C/All A are C,Yes/No,Yes,Yes,1,,,
mReasoner,65088,conditional,single-choice,54,All B are C/No A are B,Yes/No,No,Yes,0,,,
mReasoner,65088,conditional,single-choice,55,All B are C/No A are B,Yes/No,Yes,Yes,1,,,
mReasoner,65088,conditional,single-choice,56,All B are C/No A are B,Yes/No,No,Yes,0,,,
mReasoner,65088,conditional,single-choice,57,All B are C/No A are B,Yes/No,Yes,Yes,1,,,
mReasoner,65088,conditional,single-choice,58,All B are C/No A are B,Yes/No,Yes,Yes,1,,,
mReasoner,65088,conditional,single-choice,59,All B are C/All A are B,Yes/No,No,Yes,0,,,
mReasoner,65088,conditional,single-choice,60,All B are C/No A are B,Yes/No,No,Yes,0,,,
mReasoner,65088,conditional,single-choice,61,All B are C/No A are B,Yes/No,Yes,Yes,1,,,
mReasoner,65088,conditional,single-choice,62,All B are C/No A are C,Yes/No,No,Yes,0,,,
mReasoner,65088,conditional,single-choice,63,All B are C/All A are C,Yes/No,Yes,Yes,1,,,
mReasoner,65088,conditional,single-choice,64,All B are C/All A are B,Yes/No,No,Yes,0,,,
mReasoner,65112,conditional,single-choice,1,All B are C/No A are B,Yes/No,No,Yes,0,,,
mReasoner,65112,conditional,single-choice,2,All B are C/All A are B,Yes/No,Yes,Yes,1,,,
mReasoner,65112,conditional,single-choice,3,All B are C/All A are B,Yes/No,Yes,Yes,1,,,
mReasoner,65112,conditional,single-choice,4,All B are C/All A are C,Yes/No,Yes,Yes,1,,,
mReasoner,65112,conditional,single-choice,5,All B are C/No A are B,Yes/No,No,Yes,0,,,
mReasoner,65112,conditional,single-choice,6,All B are C/No A are C,Yes/No,No,Yes,0,,,
mReasoner,65112,conditional,single-choice,7,All B are C/No A are C,Yes/No,No,Yes,0,,,
mReasoner,65112,conditional,single-choice,8,All B are C/No A are C,Yes/No,No,Yes,0,,,
mReasoner,65112,conditional,single-choice,9,All B are C/All A are C,Yes/No,No,Yes,0,,,
mReasoner,65112,conditional,single-choice,10,All B are C/All A are B,Yes/No,No,Yes,0,,,
mReasoner,65112,conditional,single-choice,11,All B are C/No A are B,Yes/No,No,Yes,0,,,
mReasoner,65112,conditional,single-choice,12,All B are C/All A are C,Yes/No,No,Yes,0,,,
mReasoner,65112,conditional,single-choice,13,All B are C/No A are C,Yes/No,No,Yes,0,,,
mReasoner,65112,conditional,single-choice,14,All B are C/No A are C,Yes/No,No,Yes,0,,,
mReasoner,65112,conditional,single-choice,15,All B are C/No A are C,Yes/No,No,Yes,0,,,
mReasoner,65112,conditional,single-choice,16,All B are C/All A are B,Yes/No,Yes,Yes,1,,,
mReasoner,65112,conditional,single-choice,17,All B are C/No A are C,Yes/No,Yes,Yes,1,,,
mReasoner,65112,conditional,single-choice,18,All B are C/No A are C,Yes/No,Yes,Yes,1,,,
mReasoner,65112,conditional,single-choice,19,All B are C/All A are B,Yes/No,No,Yes,0,,,
mReasoner,65112,conditional,single-choice,20,All B are C/All A are B,Yes/No,Yes,Yes,1,,,
mReasoner,65112,conditional,single-choice,21,All B are C/No A are B,Yes/No,No,Yes,0,,,
mReasoner,65112,conditional,single-choice,22,All B are C/No A are C,Yes/No,Yes,Yes,1,,,
mReasoner,65112,conditional,single-choice,23,All B are C/No A are C,Yes/No,No,Yes,0,,,
mReasoner,65112,conditional,single-choice,24,All B are C/All A are C,Yes/No,Yes,Yes,1,,,
mReasoner,65112,conditional,single-choice,25,All B are C/No A are B,Yes/No,Yes,Yes,1,,,
mReasoner,65112,conditional,single-choice,26,All B are C/All A are C,Yes/No,No,Yes,0,,,
mReasoner,65112,conditional,single-choice,27,All B are C/All A are C,Yes/No,Yes,Yes,1,,,
mReasoner,65112,conditional,single-choice,28,All B are C/All A are B,Yes/No,No,Yes,0,,,
mReasoner,65112,conditional,single-choice,29,All B are C/No A are B,Yes/No,No,Yes,0,,,
mReasoner,65112,conditional,single-choice,30,All B are C/All A are C,Yes/No,Yes,Yes,1,,,
mReasoner,65112,conditional,single-choice,31,All B are C/All A are C,Yes/No,Yes,Yes,1,,,
mReasoner,65112,conditional,single-choice,32,All B are C/No A are C,Yes/No,No,Yes,0,,,
mReasoner,65112,conditional,single-choice,33,All B are C/No A are C,Yes/No,No,Yes,0,,,
mReasoner,65112,conditional,single-choice,34,All B are C/All A are B,Yes/No,No,Yes,0,,,
mReasoner,65112,conditional,single-choice,35,All B are C/All A are C,Yes/No,No,Yes,0,,,
mReasoner,65112,conditional,single-choice,36,All B are C/All A are B,Yes/No,No,Yes,0,,,
mReasoner,65112,conditional,single-choice,37,All B are C/All A are C,Yes/No,No,Yes,0,,,
mReasoner,65112,conditional,single-choice,38,All B are C/All A are B,Yes/No,No,Yes,0,,,
mReasoner,65112,conditional,single-choice,39,All B are C/All A are B,Yes/No,No,Yes,0,,,
mReasoner,65112,conditional,single-choice,40,All B are C/No A are B,Yes/No,No,Yes,0,,,
mReasoner,65112,conditional,single-choice,41,All B are C/No A are B,Yes/No,No,Yes,0,,,
mReasoner,65112,conditional,single-choice,42,All B are C/No A are C,Yes/No,No,Yes,0,,,
mReasoner,65112,conditional,single-choice,43,All B are C/No A are B,Yes/No,Yes,Yes,1,,,
mReasoner,65112,conditional,single-choice,44,All B are C/All A are C,Yes/No,No,Yes,0,,,
mReasoner,65112,conditional,single-choice,45,All B are C/No A are C,Yes/No,Yes,Yes,1,,,
mReasoner,65112,conditional,single-choice,46,All B are C/All A are C,Yes/No,No,Yes,0,,,
mReasoner,65112,conditional,single-choice,47,All B are C/No A are B,Yes/No,No,Yes,0,,,
mReasoner,65112,conditional,single-choice,48,All B are C/All A are C,Yes/No,No,Yes,0,,,
mReasoner,65112,conditional,single-choice,49,All B are C/No A are C,Yes/No,Yes,Yes,1,,,
mReasoner,65112,conditional,single-choice,50,All B are C/All A are B,Yes/No,No,Yes,0,,,
mReasoner,65112,conditional,single-choice,51,All B are C/All A are B,Yes/No,No,Yes,0,,,
mReasoner,65112,conditional,single-choice,52,All B are C/No A are B,Yes/No,Yes,Yes,1,,,
mReasoner,65112,conditional,single-choice,53,All B are C/No A are B,Yes/No,No,Yes,0,,,
mReasoner,65112,conditional,single-choice,54,All B are C/No A are B,Yes/No,No,Yes,0,,,
mReasoner,65112,conditional,single-choice,55,All B are C/No A are B,Yes/No,No,Yes,0,,,
mReasoner,65112,conditional,single-choice,56,All B are C/All A are B,Yes/No,No,Yes,0,,,
mReasoner,65112,conditional,single-choice,57,All B are C/All A are C,Yes/No,Yes,Yes,1,,,
mReasoner,65112,conditional,single-choice,58,All B are C/No A are B,Yes/No,No,Yes,0,,,
mReasoner,65112,conditional,single-choice,59,All B are C/All A are C,Yes/No,Yes,Yes,1,,,
mReasoner,65112,conditional,single-choice,60,All B are C/All A are C,Yes/No,Yes,Yes,1,,,
mReasoner,65112,conditional,single-choice,61,All B are C/All A are B,Yes/No,Yes,Yes,1,,,
mReasoner,65112,conditional,single-choice,62,All B are C/No A are B,Yes/No,Yes,Yes,1,,,
mReasoner,65112,conditional,single-choice,63,All B are C/All A are B,Yes/No,Yes,Yes,1,,,
mReasoner,65112,conditional,single-choice,64,All B are C/No A are C,Yes/No,No,Yes,0,,,
mReasoner,65163,conditional,single-choice,1,All B are C/All A are B,Yes/No,Yes,Yes,1,,,
mReasoner,65163,conditional,single-choice,2,All B are C/All A are B,Yes/No,Yes,Yes,1,,,
mReasoner,65163,conditional,single-choice,3,All B are C/All A are B,Yes/No,Yes,Yes,1,,,
mReasoner,65163,conditional,single-choice,4,All B are C/All A are B,Yes/No,Yes,Yes,1,,,
mReasoner,65163,conditional,single-choice,5,All B are C/No A are C,Yes/No,Yes,Yes,1,,,
mReasoner,65163,conditional,single-choice,6,All B are C/All A are C,Yes/No,No,Yes,0,,,
mReasoner,65163,conditional,single-choice,7,All B are C/All A are C,Yes/No,Yes,Yes,1,,,
mReasoner,65163,conditional,single-choice,8,All B are C/No A are B,Yes/No,Yes,Yes,1,,,
mReasoner,65163,conditional,single-choice,9,All B are C/All A are C,Yes/No,No,Yes,0,,,
mReasoner,65163,conditional,single-choice,10,All B are C/All A are B,Yes/No,Yes,Yes,1,,,
mReasoner,65163,conditional,single-choice,11,All B are C/No A are B,Yes/No,No,Yes,0,,,
mReasoner,65163,conditional,single-choice,12,All B are C/No A are C,Yes/No,No,Yes,0,,,
mReasoner,65163,conditional,single-choice,13,All B are C/All A are C,Yes/No,No,Yes,0,,,
mReasoner,65163,conditional,single-choice,14,All B are C/No A are C,Yes/No,No,Yes,0,,,
mReasoner,65163,conditional,single-choice,15,All B are C/No A are B,Yes/No,Yes,Yes,1,,,
mReasoner,65163,conditional,single-choice,16,All B are C/No A are B,Yes/No,No,Yes,0,,,
mReasoner,65163,conditional,single-choice,17,All B are C/All A are B,Yes/No,Yes,Yes,1,,,
mReasoner,65163,conditional,single-choice,18,All B are C/No A are C,Yes/No,Yes,Yes,1,,,
mReasoner,65163,conditional,single-choice,19,All B are C/All A are C,Yes/No,Yes,Yes,1,,,
mReasoner,65163,conditional,single-choice,20,All B are C/All A are B,Yes/No,No,Yes,0,,,
mReasoner,65163,conditional,single-choice,21,All B are C/All A are B,Yes/No,Yes,Yes,1,,,
mReasoner,65163,conditional,single-choice,22,All B are C/No A are B,Yes/No,No,Yes,0,,,
mReasoner,65163,conditional,single-choice,23,All B are C/No A are B,Yes/No,Yes,Yes,1,,,
mReasoner,65163,conditional,single-choice,24,All B are C/No A are B,Yes/No,Yes,Yes,1,,,
mReasoner,65163,conditional,single-choice,25,All B are C/All A are B,Yes/No,Yes,Yes,1,,,
mReasoner,65163,conditional,single-choice,26,All B are C/All A are B,Yes/No,No,Yes,0,,,
mReasoner,65163,conditional,single-choice,27,All B are C/No A are B,Yes/No,No,Yes,0,,,
mReasoner,65163,conditional,single-choice,28,All B are C/No A are C,Yes/No,No,Yes,0,,,
mReasoner,65163,conditional,single-choice,29,All B are C/All A are C,Yes/No,Yes,Yes,1,,,
mReasoner,65163,conditional,single-choice,30,All B are C/All A are B,Yes/No,Yes,Yes,1,,,
mReasoner,65163,conditional,single-choice,31,All B are C/No A are C,Yes/No,No,Yes,0,,,
mReasoner,65163,conditional,single-choice,32,All B are C/No A are C,Yes/No,No,Yes,0,,,
mReasoner,65163,conditional,single-choice,33,All B are C/All A are C,Yes/No,Yes,Yes,1,,,
mReasoner,65163,conditional,single-choice,34,All B are C/No A are B,Yes/No,No,Yes,0,,,
mReasoner,65163,conditional,single-choice,35,All B are C/All A are C,Yes/No,No,Yes,0,,,
mReasoner,65163,conditional,single-choice,36,All B are C/All A are B,Yes/No,Yes,Yes,1,,,
mReasoner,65163,conditional,single-choice,37,All B are C/All A are C,Yes/No,Yes,Yes,1,,,
mReasoner,65163,conditional,single-choice,38,All B are C/All A are C,Yes/No,Yes,Yes,1,,,
mReasoner,65163,conditional,single-choice,39,All B are C/All A are B,Yes/No,Yes,Yes,1,,,
mReasoner,65163,conditional,single-choice,40,All B are C/No A are C,Yes/No,Yes,Yes,1,,,
mReasoner,65163,conditional,single-choice,41,All B are C/No A are B,Yes/No,No,Yes,0,,,
mReasoner,65163,conditional,single-choice,42,All B are C/All A are C,Yes/No,Yes,Yes,1,,,
mReasoner,65163,conditional,single-choice,43,All B are C/No A are B,Yes/No,Yes,Yes,1,,,
mReasoner,65163,conditional,single-choice,44,All B are C/No A are C,Yes/No,Yes,Yes,1,,,
mReasoner,65163,conditional,single-choice,45,All B are C/No A are C,Yes/No,Yes,Yes,1,,,
mReasoner,65163,conditional,single-choice,46,All B are C/All A are C,Yes/No,No,Yes,0,,,
mReasoner,65163,conditional,single-choice,47,All B are C/All A are C,Yes/No,No,Yes,0,,,
mReasoner,65163,conditional,single-choice,48,All B are C/No A are C,Yes/No,Yes,Yes,1,,,
mReasoner,65163,conditional,single-choice,49,All B are C/No A are B,Yes/No,No,Yes,0,,,
mReasoner,65163,conditional,single-choice,50,All B are C/All A are B,Yes/No,No,Yes,0,,,
mReasoner,65163,conditional,single-choice,51,All B are C/All A are B,Yes/No,No,Yes,0,,,
mReasoner,65163,conditional,single-choice,52,All B are C/No A are C,Yes/No,Yes,Yes,1,,,
mReasoner,65163,conditional,single-choice,53,All B are C/All A are C,Yes/No,Yes,Yes,1,,,
mReasoner,65163,conditional,single-choice,54,All B are C/No A are B,Yes/No,Yes,Yes,1,,,
mReasoner,65163,conditional,single-choice,55,All B are C/No A are B,Yes/No,No,Yes,0,,,
mReasoner,65163,conditional,single-choice,56,All B are C/All A are C,Yes/No,No,Yes,0,,,
mReasoner,65163,conditional,single-choice,57,All B are C/No A are B,Yes/No,Yes,Yes,1,,,
mReasoner,65163,conditional,single-choice,58,All B are C/No A are C,Yes/No,No,Yes,0,,,
mReasoner,65163,conditional,single-choice,59,All B are C/No A are C,Yes/No,No,Yes,0,,,
mReasoner,65163,conditional,single-choice,60,All B are C/No A are C,Yes/No,Yes,Yes,1,,,
mReasoner,65163,conditional,single-choice,61,All B are C/All A are C,Yes/No,Yes,Yes,1,,,
mReasoner,65163,conditional,single-choice,62,All B are C/No A are B,Yes/No,Yes,Yes,1,,,
mReasoner,65163,conditional,single-choice,63,All B are C/No A are C,Yes/No,No,Yes,0,,,
mReasoner,65163,conditional,single-choice,64,All B are C/All A are B,Yes/No,Yes,Yes,1,,,
mReasoner,65216,conditional,single-choice,1,All B are C/All A are B,Yes/No,No,Yes,0,,,
mReasoner,65216,conditional,single-choice,2,All B are C/All A are C,Yes/No,No,Yes,0,,,
mReasoner,65216,conditional,single-choice,3,All B are C/All A are C,Yes/No,No,Yes,0,,,
mReasoner,65216,conditional,single-choice,4,All B are C/All A are B,Yes/No,No,Yes,0,,,
mReasoner,65216,conditional,single-choice,5,All B are C/All A are B,Yes/No,Yes,Yes,1,,,
mReasoner,65216,conditional,single-choice,6,All B are C/No A are B,Yes/No,Yes,Yes,1,,,
mReasoner,65216,conditional,single-choice,7,All B are C/No A are B,Yes/No,Yes,Yes,1,,,
mReasoner,65216,conditional,single-choice,8,All B are C/All A are C,Yes/No,Yes,Yes,1,,,
mReasoner,65216,conditional,single-choice,9,All B are C/All A are B,Yes/No,No,Yes,0,,,
mReasoner,65216,conditional,single-choice,10,All B are C/No A are C,Yes/No,Yes,Yes,1,,,
mReasoner,65216,conditional,single-choice,11,All B are C/No A are B,Yes/No,No,Yes,0,,,
mReasoner,65216,conditional,single-choice,12,All B are C/All A are C,Yes/No,Yes,Yes,1,,,
mReasoner,65216,conditional,single-choice,13,All B are C/No A are B,Yes/No,No,Yes,0,,,
mReasoner,65216,conditional,single-choice,14,All B are C/All A are B,Yes/No,Yes,Yes,1,,,
mReasoner,65216,conditional,single-choice,15,All B are C/No A are C,Yes/No,No,Yes,0,,,
mReasoner,65216,conditional,single-choice,16,All B are C/No A are C,Yes/No,Yes,Yes,1,,,
mReasoner,65216,conditional,single-choice,17,All B are C/No A are C,Yes/No,Yes,Yes,1,,,
mReasoner,65216,conditional,single-choice,18,All B are C/No A are B,Yes/No,No,Yes,0,,,
mReasoner,65216,conditional,single-choice,19,All B are C/All A are C,Yes/No,No,Yes,0,,,
mReasoner,65216,conditional,single-choice,20,All B are C/All A are C,Yes/No,No,Yes,0,,,
mReasoner,65216,conditional,single-choice,21,All B are C/No A are C,Yes/No,Yes,Yes,1,,,
mReasoner,65216,conditional,single-choice,22,All B are C/No A are C,Yes/No,Yes,Yes,1,,,
mReasoner,65216,conditional,single-choice,23,All B are C/All A are C,Yes/No,No,Yes,0,,,
mReasoner,65216,conditional,single-choice,24,All B are C/No A are B,Yes/No,Yes,Yes,1,,,
mReasoner,65216,conditional,single-choice,25,All B are C/No A are B,Yes/No,Yes,Yes,1,,,
mReasoner,65216,conditional,single-choice,26,All B are C/All A are B,Yes/No,No,Yes,0,,,
mReasoner,65216,conditional,single-choice,27,All B are C/No A are B,Yes/No,Yes,Yes,1,,,
mReasoner,65216,conditional,single-choice,28,All B are C/No A are C,Yes/No,No,Yes,0,,,
mReasoner,65216,conditional,single-choice,29,All B are C/No A are B,Yes/No,Yes,Yes,1,,,
mReasoner,65216,conditional,single-choice,30,All B are C/No A are C,Yes/No,No,Yes,0,,,
mReasoner,65216,conditional,single-choice,31,All B are C/No A are B,Yes/No,Yes,Yes,1,,,
mReasoner,65216,conditional,single-choice,32,All B are C/No A are B,Yes/No,No,Yes,0,,,
mReasoner,65216,conditional,single-choice,33,All B are C/No A are C,Yes/No,No,Yes,0,,,
mReasoner,65216,conditional,single-choice,34,All B are C/All A are C,Yes/No,No,Yes,0,,,
mReasoner,65216,conditional,single-choice,35,All B are C/No A are B,Yes/No,Yes,Yes,1,,,
mReasoner,65216,conditional,single-choice,36,All B are C/All A are B,Yes/No,Yes,Yes,1,,,
mReasoner,65216,conditional,single-choice,37,All B are C/All A are C,Yes/No,No,Yes,0,,,
mReasoner,65216,conditional,single-choice,38,All B are C/All A are C,Yes/No,No,Yes,0,,,
mReasoner,65216,conditional,single-choice,39,All B are C/All A are C,Yes/No,No,Yes,0,,,
mReasoner,65216,conditional,single-choice,40,All B are C/All A are B,Yes/No,No,Yes,0,,,
mReasoner,65216,conditional,single-choice,41,All B are C/All A are C,Yes/No,Yes,Yes,1,,,
mReasoner,65216,conditional,single-choice,42,All B are C/No A are B,Yes/No,No,Yes,0,,,
mReasoner,65216,conditional,single-choice,43,All B are C/All A are B,Yes/No,No,Yes,0,,,
mReasoner,65216,conditional,single-choice,44,All B are C/All A are C,Yes/No,Yes,Yes,1,,,
mReasoner,65216,conditional,single-choice,45,All B are C/No A are C,Yes/No,No,Yes,0,,,
mReasoner,65216,conditional,single-choice,46,All B are C/All A are C,Yes/No,Yes,Yes,1,,,
mReasoner,65216,conditional,single-choice,47,All B are C/All A are B,Yes/No,Yes,Yes,1,,,
mReasoner,65216,conditional,single-choice,48,All B are C/All A are B,Yes/No,Yes,Yes,1,,,
mReasoner,65216,conditional,single-choice,49,All B are C/All A are B,Yes/No,No,Yes,0,,,
mReasoner,65216,conditional,single-choice,50,All B are C/All A are B,Yes/No,No,Yes,0,,,
mReasoner,65216,conditional,single-choice,51,All B are C/All A are B,Yes/No,No,Yes,0,,,
mReasoner,65216,conditional,single-choice,52,All B are C/All A are C,Yes/No,No,Yes,0,,,
mReasoner,65216,conditional,single-choice,53,All B are C/No A are B,Yes/No,No,Yes,0,,,
mReasoner,65216,conditional,single-choice,54,All B are C/All A are B,Yes/No,No,Yes,0,,,
mReasoner,65216,conditional,single-choice,55,All B are C/No A are C,Yes/No,Yes,Yes,1,,,
mReasoner,65216,conditional,single-choice,56,All B are C/No A are C,Yes/No,Yes,Yes,1,,,
mReasoner,65216,conditional,single-choice,57,All B are C/No A are C,Yes/No,Yes,Yes,1,,,
mReasoner,65216,conditional,single-choice,58,All B are C/No A are C,Yes/No,Yes,Yes,1,,,
mReasoner,65216,conditional,single-choice,59,All B are C/All A are C,Yes/No,No,Yes,0,,,
mReasoner,65216,conditional,single-choice,60,All B are C/No A are B,Yes/No,No,Yes,0,,,
mReasoner,65216,conditional,single-choice,61,All B are C/No A are B,Yes/No,No,Yes,0,,,
mReasoner,65216,conditional,single-choice,62,All B are C/All A are B,Yes/No,Yes,Yes,1,,,
mReasoner,65216,conditional,single-choice,63,All B are C/No A are C,Yes/No,No,Yes,0,,,
mReasoner,65216,conditional,single-choice,64,All B are C/No A are C,Yes/No,Yes,Yes,1,,,
mReasoner,65222,conditional,single-choice,1,All B are C/All A are C,Yes/No,No,Yes,0,,,
mReasoner,65222,conditional,single-choice,2,All B are C/All A are B,Yes/No,No,Yes,0,,,
mReasoner,65222,conditional,single-choice,3,All B are C/No A are C,Yes/No,Yes,Yes,1,,,
mReasoner,65222,conditional,single-choice,4,All B are C/No A are C,Yes/No,Yes,Yes,1,,,
mReasoner,65222,conditional,single-choice,5,All B are C/All A are C,Yes/No,Yes,Yes,1,,,
mReasoner,65222,conditional,single-choice,6,All B are C/No A are C,Yes/No,Yes,Yes,1,,,
mReasoner,65222,conditional,single-choice,7,All B are C/No A are B,Yes/No,Yes,Yes,1,,,
mReasoner,65222,conditional,single-choice,8,All B are C/All A are C,Yes/No,Yes,Yes,1,,,
mReasoner,65222,conditional,single-choice,9,All B are C/No A are C,Yes/No,Yes,Yes,1,,,
mReasoner,65222,conditional,single-choice,10,All B are C/All A are C,Yes/No,Yes,Yes,1,,,
mReasoner,65222,conditional,single-choice,11,All B are C/All A are C,Yes/No,Yes,Yes,1,,,
mReasoner,65222,conditional,single-choice,12,All B are C/All A are B,Yes/No,No,Yes,0,,,
mReasoner,65222,conditional,single-choice,13,All B are C/No A are B,Yes/No,Yes,Yes,1,,,
mReasoner,65222,conditional,single-choice,14,All B are C/All A are B,Yes/No,No,Yes,0,,,
mReasoner,65222,conditional,single-choice,15,All B are C/No A are C,Yes/No,Yes,Yes,1,,,
mReasoner,65222,conditional,single-choice,16,All B are C/No A are C,Yes/No,No,Yes,0,,,
mReasoner,65222,conditional,single-choice,17,All B are C/No A are B,Yes/No,Yes,Yes,1,,,
mReasoner,65222,conditional,single-choice,18,All B are C/All A are C,Yes/No,Yes,Yes,1,,,
mReasoner,65222,conditional,single-choice,19,All B are C/No A are B,Yes/No,No,Yes,0,,,
mReasoner,65222,conditional,single-choice,20,All B are C/All A are C,Yes/No,Yes,Yes,1,,,
mReasoner,65222,conditional,single-choice,21,All B are C/All A are C,Yes/No,Yes,Yes,1,,,
mReasoner,65222,conditional,single-choice,22,All B are C/No A are B,Yes/No,No,Yes,0,,,
mReasoner,65222,conditional,single-choice,23,All B are C/All A are C,Yes/No,Yes,Yes,1,,,
mReasoner,65222,conditional,single-choice,24,All B are C/No A are C,Yes/No,Yes,Yes,1,,,
mReasoner,65222,conditional,single-choice,25,All B are C/No A are C,Yes/No,Yes,Yes,1,,,
mReasoner,65222,conditional,single-choice,26,All B are C/All A are B,Yes/No,No,Yes,0,,,
mReasoner,65222,conditional,single-choice,27,All B are C/All A are B,Yes/No,No,Yes,0,,,
mReasoner,65222,conditional,single-choice,28,All B are C/All A are B,Yes/No,Yes,Yes,1,,,
mReasoner,65222,conditional,single-choice,29,All B are C/No A are C,Yes/No,Yes,Yes,1,,,
mReasoner,65222,conditional,single-choice,30,All B are C/All A are C,Yes/No,Yes,Yes,1,,,
mReasoner,65222,conditional,single-choice,31,All B are C/No A are C,Yes/No,Yes,Yes,1,,,
mReasoner,65222,conditional,single-choice,32,All B are C/All A are B,Yes/No,No,Yes,0,,,
mReasoner,65222,conditional,single-choice,33,All B are C/No A are B,Yes/No,Yes,Yes,1,,,
mReasoner,65222,conditional,single-choice,34,All B are C/All A are B,Yes/No,No,Yes,0,,,
mReasoner,65222,conditional,single-choice,35,All B are C/All A are B,Yes/No,Yes,Yes,1,,,
mReasoner,65222,conditional,single-choice,36,All B are C/No A are C,Yes/No,No,Yes,0,,,
mReasoner,65222,conditional,single-choice,37,All B are C/No A are C,Yes/No,Yes,Yes,1,,,
mReasoner,65222,conditional,single-choice,38,All B are C/All A are B,Yes/No,Yes,Yes,1,,,
mReasoner,65222,conditional,single-choice,39,All B are C/No A are B,Yes/No,Yes,Yes,1,,,
mReasoner,65222,conditional,single-choice,40,All B are C/All A are C,Yes/No,No,Yes,0,,,
mReasoner,65222,conditional,single-choice,41,All B are C/No A are B,Yes/No,No,Yes,0,,,
mReasoner,65222,conditional,single-choice,42,All B are C/All A are C,Yes/No,No,Yes,0,,,
mReasoner,65222,conditional,single-choice,43,All B are C/No A are B,Yes/No,Yes,Yes,1,,,
mReasoner,65222,conditional,single-choice,44,All B are C/No A are C,Yes/No,Yes,Yes,1,,,
mReasoner,65222,conditional,single-choice,45,All B are C/No A are B,Yes/No,Yes,Yes,1,,,
mReasoner,65222,conditional,single-choice,46,All B are C/All A are C,Yes/No,No,Yes,0,,,
mReasoner,65222,conditional,single-choice,47,All B are C/All A are C,Yes/No,No,Yes,0,,,
mReasoner,65222,conditional,single-choice,48,All B are C/All A are B,Yes/No,Yes,Yes,1,,,
mReasoner,65222,conditional,single-choice,49,All B are C/All A are B,Yes/No,No,Yes,0,,,
mReasoner,65222,conditional,single-choice,50,All B are C/All A are B,Yes/No,No,Yes,0,,,
mReasoner,65222,conditional,single-choice,51,All B are C/No A are C,Yes/No,Yes,Yes,1,,,
mReasoner,65222,conditional,single-choice,52,All B are C/All A are C,Yes/No,No,Yes,0,,,
mReasoner,65222,conditional,single-choice,53,All B are C/All A are B,Yes/No,Yes,Yes,1,,,
mReasoner,65222,conditional,single-choice,54,All B are C/No A are B,Yes/No,Yes,Yes,1,,,
mReasoner,65222,conditional,single-choice,55,All B are C/No A are B,Yes/No,No,Yes,0,,,
mReasoner,65222,conditional,single-choice,56,All B are C/No A are B,Yes/No,No,Yes,0,,,
mReasoner,65222,conditional,single-choice,57,All B are C/No A are B,Yes/No,Yes,Yes,1,,,
mReasoner,65222,conditional,single-choice,58,All B are C/No A are C,Yes/No,Yes,Yes,1,,,
mReasoner,65222,conditional,single-choice,59,All B are C/No A are B,Yes/No,No,Yes,0,,,
mReasoner,65222,conditional,single-choice,60,All B are C/All A are C,Yes/No,Yes,Yes,1,,,
mReasoner,65222,conditional,single-choice,61,All B are C/No A are C,Yes/No,Yes,Yes,1,,,
mReasoner,65222,conditional,single-choice,62,All B are C/All A are B,Yes/No,Yes,Yes,1,,,
mReasoner,65222,conditional,single-choice,63,All B are C/All A are B,Yes/No,No,Yes,0,,,
mReasoner,65222,conditional,single-choice,64,All B are C/No A are B,Yes/No,Yes,Yes,1,,,
mReasoner,65278,conditional,single-choice,1,All B are C/No A are C,Yes/No,No,Yes,0,,,
mReasoner,65278,conditional,single-choice,2,All B are C/All A are B,Yes/No,Yes,Yes,1,,,
mReasoner,65278,conditional,single-choice,3,All B are C/All A are B,Yes/No,No,Yes,0,,,
mReasoner,65278,conditional,single-choice,4,All B are C/All A are B,Yes/No,Yes,Yes,1,,,
mReasoner,65278,conditional,single-choice,5,All B are C/No A are B,Yes/No,No,Yes,0,,,
mReasoner,65278,conditional,single-choice,6,All B are C/All A are B,Yes/No,Yes,Yes,1,,,
mReasoner,65278,conditional,single-choice,7,All B are C/No A are C,Yes/No,Yes,Yes,1,,,
mReasoner,65278,conditional,single-choice,8,All B are C/No A are C,Yes/No,No,Yes,0,,,
mReasoner,65278,conditional,single-choice,9,All B are C/No A are B,Yes/No,No,Yes,0,,,
mReasoner,65278,conditional,single-choice,10,All B are C/All A are C,Yes/No,No,Yes,0,,,
mReasoner,65278,conditional,single-choice,11,All B are C/No A are C,Yes/No,No,Yes,0,,,
mReasoner,65278,conditional,single-choice,12,All B are C/All A are B,Yes/No,Yes,Yes,1,,,
mReasoner,65278,conditional,single-choice,13,All B are C/All A are B,Yes/No,No,Yes,0,,,
mReasoner,65278,conditional,single-choice,14,All B are C/No A are B,Yes/No,Yes,Yes,1,,,
mReasoner,65278,conditional,single-choice,15,All B are C/All A are C,Yes/No,No,Yes,0,,,
mReasoner,65278,conditional,single-choice,16,All B are C/All A are B,Yes/No,No,Yes,0,,,
mReasoner,65278,conditional,single-choice,17,All B are C/No A are B,Yes/No,Yes,Yes,1,,,
mReasoner,65278,conditional,single-choice,18,All B are C/All A are C,Yes/No,Yes,Yes,1,,,
mReasoner,65278,conditional,single-choice,19,All B are C/No A are C,Yes/No,No,Yes,0,,,
mReasoner,65278,conditional,single-choice,20,All B are C/All A are C,Yes/No,No,Yes,0,,,
mReasoner,65278,conditional,single-choice,21,All B are C/No A are B,Yes/No,No,Yes,0,,,
mReasoner,65278,conditional,single-choice,22,All B are C/No A are C,Yes/No,No,Yes,0,,,
mReasoner,65278,conditional,single-choice,23,All B are C/All A are C,Yes/No,No,Yes,0,,,
mReasoner,65278,conditional,single-choice,24,All B are C/No A are B,Yes/No,Yes,Yes,1,,,
mReasoner,65278,conditional,single-choice,25,All B are C/All A are B,Yes/No,Yes,Yes,1,,,
mReasoner,65278,conditional,single-choice,26,All B are C/All A are C,Yes/No,Yes,Yes,1,,,
mReasoner,65278,conditional,single-choice,27,All B are C/All A are C,Yes/No,Yes,Yes,1,,,
mReasoner,65278,conditional,single-choice,28,All B are C/All A are C,Yes/No,No,Yes,0,,,
mReasoner,65278,conditional,single-choice,29,All B are C/No A are B,Yes/No,No,Yes,0,,,
mReasoner,65278,conditional,single-choice,30,All B are C/No A are C,Yes/No,No,Yes,0,,,
mReasoner,65278,conditional,single-choice,31,All B are C/All A are C,Yes/No,No,Yes,0,,,
mReasoner,65278,conditional,single-choice,32,All B are C/All A are B,Yes/No,Yes,Yes,1,,,
mReasoner,65278,conditional,single-choice,33,All B are C/No A are B,Yes/No,Yes,Yes,1,,,
mReasoner,65278,conditional,single-choice,34,All B are C/All A are B,Yes/No,Yes,Yes,1,,,
mReasoner,65278,conditional,single-choice,35,All B are C/No A are C,Yes/No,Yes,Yes,1,,,
mReasoner,65278,conditional,single-choice,36,All B are C/No A are B,Yes/No,Yes,Yes,1,,,
mReasoner,65278,conditional,single-choice,37,All B are C/All A are C,Yes/No,No,Yes,0,,,
mReasoner,65278,conditional,single-choice,38,All B are C/No A are B,Yes/No,Yes,Yes,1,,,
mReasoner,65278,conditional,single-choice,39,All B are C/All A are C,Yes/No,Yes,Yes,1,,,
mReasoner,65278,conditional,single-choice,40,All B are C/All A are B,Yes/No,No,Yes,0,,,
mReasoner,65278,conditional,single-choice,41,All B are C/No A are B,Yes/No,No,Yes,0,,,
mReasoner,65278,conditional,single-choice,42,All B are C/All A are B,Yes/No,No,Yes,0,,,
mReasoner,65278,conditional,single-choice,43,All B are C/No A are C,Yes/No,No,Yes,0,,,
mReasoner,65278,conditional,single-choice,44,All B are C/All A are B,Yes/No,Yes,Yes,1,,,
mReasoner,65278,conditional,single-choice,45,All B are C/All A are B,Yes/No,No,Yes,0,,,
mReasoner,65278,conditional,single-choice,46,All B are C/No A are C,Yes/No,Yes,Yes,1,,,
mReasoner,65278,conditional,single-choice,47,All B are C/All A are B,Yes/No,Yes,Yes,1,,,
mReasoner,65278,conditional,single-choice,48,All B are C/All A are C,Yes/No,Yes,Yes,1,,,
mReasoner,65278,conditional,single-choice,49,All B are C/No A are C,Yes/No,Yes,Yes,1,,,
mReasoner,65278,conditional,single-choice,50,All B are C/All A are C,Yes/No,Yes,Yes,1,,,
mReasoner,65278,conditional,single-choice,51,All B are C/All A are C,Yes/No,No,Yes,0,,,
mReasoner,65278,conditional,single-choice,52,All B are C/No A are C,Yes/No,Yes,Yes,1,,,
mReasoner,65278,conditional,single-choice,53,All B are C/No A are C,Yes/No,Yes,Yes,1,,,
mReasoner,65278,conditional,single-choice,54,All B are C/No A are B,Yes/No,No,Yes,0,,,
mReasoner,65278,conditional,single-choice,55,All B are C/No A are C,Yes/No,No,Yes,0,,,
mReasoner,65278,conditional,single-choice,56,All B are C/No A are B,Yes/No,No,Yes,0,,,
mReasoner,65278,conditional,single-choice,57,All B are C/No A are C,Yes/No,No,Yes,0,,,
mReasoner,65278,conditional,single-choice,58,All B are C/All A are C,Yes/No,Yes,Yes,1,,,
mReasoner,65278,conditional,single-choice,59,All B are C/No A are B,Yes/No,No,Yes,0,,,
mReasoner,65278,conditional,single-choice,60,All B are C/No A are B,Yes/No,No,Yes,0,,,
mReasoner,65278,conditional,single-choice,61,All B are C/All A are C,Yes/No,Yes,Yes,1,,,
mReasoner,65278,conditional,single-choice,62,All B are C/All A are B,Yes/No,Yes,Yes,1,,,
mReasoner,65278,conditional,single-choice,63,All B are C/No A are B,Yes/No,No,Yes,0,,,
mReasoner,65278,conditional,single-choice,64,All B are C/No A are C,Yes/No,No,Yes,0,,,
mReasoner,65305,conditional,single-choice,1,All B are C/All A are B,Yes/No,Yes,Yes,1,,,
mReasoner,65305,conditional,single-choice,2,All B are C/All A are B,Yes/No,Yes,Yes,1,,,
mReasoner,65305,conditional,single-choice,3,All B are C/No A are B,Yes/No,Yes,Yes,1,,,
mReasoner,65305,conditional,single-choice,4,All B are C/All A are C,Yes/No,Yes,Yes,1,,,
mReasoner,65305,conditional,single-choice,5,All B are C/No A are C,Yes/No,Yes,Yes,1,,,
mReasoner,65305,conditional,single-choice,6,All B are C/No A are C,Yes/No,Yes,Yes,1,,,
mReasoner,65305,conditional,single-choice,7,All B are C/All A are C,Yes/No,Yes,Yes,1,,,
mReasoner,65305,conditional,single-choice,8,All B are C/All A are B,Yes/No,Yes,Yes,1,,,
mReasoner,65305,conditional,single-choice,9,All B are C/No A are B,Yes/No,No,Yes,0,,,
mReasoner,65305,conditional,single-choice,10,All B are C/No A are C,Yes/No,Yes,Yes,1,,,
mReasoner,65305,conditional,single-choice,11,All B are C/No A are C,Yes/No,Yes,Yes,1,,,
mReasoner,65305,conditional,single-choice,12,All B are C/All A are B,Yes/No,Yes,Yes,1,,,
mReasoner,65305,conditional,single-choice,13,All B are C/All A are B,Yes/No,Yes,Yes,1,,,
mReasoner,65305,conditional,single-choice,14,All B are C/No A are B,Yes/No,Yes,Yes,1,,,
mReasoner,65305,conditional,single-choice,15,All B are C/All A are C,Yes/No,Yes,Yes,1,,,
mReasoner,65305,conditional,single-choice,16,All B are C/No A are C,Yes/No,Yes,Yes,1,,,
mReasoner,65305,conditional,single-choice,17,All B are C/No A are C,Yes/No,Yes,Yes,1,,,
mReasoner,65305,conditional,single-choice,18,All B are C/No A are C,Yes/No,Yes,Yes,1,,,
mReasoner,65305,conditional,single-choice,19,All B are C/All A are B,Yes/No,Yes,Yes,1,,,
mReasoner,65305,conditional,single-choice,20,All B are C/No A are C,Yes/No,Yes,Yes,1,,,
mReasoner,65305,conditional,single-choice,21,All B are C/No A are B,Yes/No,Yes,Yes,1,,,
mReasoner,65305,conditional,single-choice,22,All B are C/All A are C,Yes/No,Yes,Yes,1,,,
mReasoner,65305,conditional,single-choice,23,All B are C/All A are C,Yes/No,No,Yes,0,,,
mReasoner,65305,conditional,single-choice,24,All B are C/All A are B,Yes/No,No,Yes,0,,,
mReasoner,65305,conditional,single-choice,25,All B are C/No A are B,Yes/No,Yes,Yes,1,,,
mReasoner,65305,conditional,single-choice,26,All B are C/No A are B,Yes/No,Yes,Yes,1,,,
mReasoner,65305,conditional,single-choice,27,All B are C/All A are B,Yes/No,Yes,Yes,1,,,
mReasoner,65305,conditional,single-choice,28,All B are C/All A are C,Yes/No,Yes,Yes,1,,,
mReasoner,65305,conditional,single-choice,29,All B are C/No A are C,Yes/No,Yes,Yes,1,,,
mReasoner,65305,conditional,single-choice,30,All B are C/All A are B,Yes/No,No,Yes,0,,,
mReasoner,65305,conditional,single-choice,31,All B are C/No A are B,Yes/No,No,Yes,0,,,
mReasoner,65305,conditional,single-choice,32,All B are C/No A are C,Yes/No,Yes,Yes,1,,,
mReasoner,65305,conditional,single-choice,33,All B are C/No A are C,Yes/No,Yes,Yes,1,,,
mReasoner,65305,conditional,single-choice,34,All B are C/All A are C,Yes/No,Yes,Yes,1,,,
mReasoner,65305,conditional,single-choice,35,All B are C/All A are C,Yes/No,Yes,Yes,1,,,
mReasoner,65305,conditional,single-choice,36,All B are C/All A are B,Yes/No,Yes,Yes,1,,,
mReasoner,65305,conditional,single-choice,37,All B are C/All A are C,Yes/No,Yes,Yes,1,,,
mReasoner,65305,conditional,single-choice,38,All B are C/No A are B,Yes/No,Yes,Yes,1,,,
mReasoner,65305,conditional,single-choice,39,All B are C/No A are B,Yes/No,Yes,Yes,1,,,
mReasoner,65305,conditional,single-choice,40,All B are C/No A are B,Yes/No,No,Yes,0,,,
mReasoner,65305,conditional,single-choice,41,All B are C/No A are B,Yes/No,No,Yes,0,,,
mReasoner,65305,conditional,single-choice,42,All B are C/No A are B,Yes/No,Yes,Yes,1,,,
mReasoner,65305,conditional,single-choice,43,All B are C/No A are B,Yes/No,Yes,Yes,1,,,
mReasoner,65305,conditional,single-choice,44,All B are C/No A are C,Yes/No,Yes,Yes,1,,,
mReasoner,65305,conditional,single-choice,45,All B are C/All A are B,Yes/No,Yes,Yes,1,,,
mReasoner,65305,conditional,single-choice,46,All B are C/All A are C,Yes/No,No,Yes,0,,,
mReasoner,65305,conditional,single-choice,47,All B are C/No A are B,Yes/No,No,Yes,0,,,
mReasoner,65305,conditional,single-choice,48,All B are C/No A are B,Yes/No,Yes,Yes,1,,,
mReasoner,65305,conditional,single-choice,49,All B are C/All A are B,Yes/No,Yes,Yes,1,,,
mReasoner,65305,conditional,single-choice,50,All B are C/No A are B,Yes/No,Yes,Yes,1,,,
mReasoner,65305,conditional,single-choice,51,All B are C/All A are C,Yes/No,Yes,Yes,1,,,
mReasoner,65305,conditional,single-choice,52,All B are C/No A are C,Yes/No,Yes,Yes,1,,,
mReasoner,65305,conditional,single-choice,53,All B are C/All A are B,Yes/No,Yes,Yes,1,,,
mReasoner,65305,conditional,single-choice,54,All B are C/All A are C,Yes/No,No,Yes,0,,,
mReasoner,65305,conditional,single-choice,55,All B are C/All A are B,Yes/No,Yes,Yes,1,,,
mReasoner,65305,conditional,single-choice,56,All B are C/All A are C,Yes/No,No,Yes,0,,,
mReasoner,65305,conditional,single-choice,57,All B are C/All A are C,Yes/No,Yes,Yes,1,,,
mReasoner,65305,conditional,single-choice,58,All B are C/All A are B,Yes/No,Yes,Yes,1,,,
mReasoner,65305,conditional,single-choice,59,All B are C/All A are B,Yes/No,No,Yes,0,,,
mReasoner,65305,conditional,single-choice,60,All B are C/No A are C,Yes/No,Yes,Yes,1,,,
mReasoner,65305,conditional,single-choice,61,All B are C/All A are C,Yes/No,Yes,Yes,1,,,
mReasoner,65305,conditional,single-choice,62,All B are C/All A are C,Yes/No,No,Yes,0,,,
mReasoner,65305,conditional,single-choice,63,All B are C/No A are C,Yes/No,Yes,Yes,1,,,
mReasoner,65305,conditional,single-choice,64,All B are C/No A are C,Yes/No,Yes,Yes,1,,,
mReasoner,65322,conditional,single-choice,1,All B are C/No A are C,Yes/No,No,Yes,0,,,
mReasoner,65322,conditional,single-choice,2,All B are C/All A are C,Yes/No,No,Yes,0,,,
mReasoner,65322,conditional,single-choice,3,All B are C/All A are C,Yes/No,No,Yes,0,,,
mReasoner,65322,conditional,single-choice,4,All B are C/No A are C,Yes/No,Yes,Yes,1,,,
mReasoner,65322,conditional,single-choice,5,All B are C/No A are B,Yes/No,No,Yes,0,,,
mReasoner,65322,conditional,single-choice,6,All B are C/All A are B,Yes/No,Yes,Yes,1,,,
mReasoner,65322,conditional,single-choice,7,All B are C/No A are B,Yes/No,Yes,Yes,1,,,
mReasoner,65322,conditional,single-choice,8,All B are C/No A are C,Yes/No,Yes,Yes,1,,,
mReasoner,65322,conditional,single-choice,9,All B are C/No A are B,Yes/No,Yes,Yes,1,,,
mReasoner,65322,conditional,single-choice,10,All B are C/All A are C,Yes/No,No,Yes,0,,,
mReasoner,65322,conditional,single-choice,11,All B are C/All A are B,Yes/No,Yes,Yes,1,,,
mReasoner,65322,conditional,single-choice,12,All B are C/All A are C,Yes/No,No,Yes,0,,,
mReasoner,65322,conditional,single-choice,13,All B are C/No A are C,Yes/No,Yes,Yes,1,,,
mReasoner,65322,conditional,single-choice,14,All B are C/All A are C,Yes/No,Yes,Yes,1,,,
mReasoner,65322,conditional,single-choice,15,All B are C/All A are B,Yes/No,Yes,Yes,1,,,
mReasoner,65322,conditional,single-choice,16,All B are C/No A are C,Yes/No,Yes,Yes,1,,,
mReasoner,65322,conditional,single-choice,17,All B are C/No A are B,Yes/No,Yes,Yes,1,,,
mReasoner,65322,conditional,single-choice,18,All B are C/All A are B,Yes/No,Yes,Yes,1,,,
mReasoner,65322,conditional,single-choice,19,All B are C/No A are C,Yes/No,Yes,Yes,1,,,
mReasoner,65322,conditional,single-choice,20,All B are C/All A are B,Yes/No,Yes,Yes,1,,,
mReasoner,65322,conditional,single-choice,21,All B are C/No A are B,Yes/No,No,Yes,0,,,
mReasoner,65322,conditional,single-choice,22,All B are C/No A are B,Yes/No,No,Yes,0,,,
mReasoner,65322,conditional,single-choice,23,All B are C/No A are C,Yes/No,Yes,Yes,1,,,
mReasoner,65322,conditional,single-choice,24,All B are C/All A are B,Yes/No,Yes,Yes,1,,,
mReasoner,65322,conditional,single-choice,25,All B are C/No A are C,Yes/No,Yes,Yes,1,,,
mReasoner,65322,conditional,single-choice,26,All B are C/All A are B,Yes/No,Yes,Yes,1,,,
mReasoner,65322,conditional,single-choice,27,All B are C/All A are C,Yes/No,No,Yes,0,,,
mReasoner,65322,conditional,single-choice,28,All B are C/No A are C,Yes/No,Yes,Yes,1,,,
mReasoner,65322,conditional,single-choice,29,All B are C/All A are C,Yes/No,Yes,Yes,1,,,
mReasoner,65322,conditional,single-choice,30,All B are C/No A are C,Yes/No,Yes,Yes,1,,,
mReasoner,65322,conditional,single-choice,31,All B are C/All A are C,Yes/No,Yes,Yes,1,,,
mReasoner,65322,conditional,single-choice,32,All B are C/No A are C,Yes/No,Yes,Yes,1,,,
mReasoner,65322,conditional,single-choice,33,All B are C/All A are C,Yes/No,Yes,Yes,1,,,
mReasoner,65322,conditional,single-choice,34,All B are C/No A are C,Yes/No,Yes,Yes,1,,,
mReasoner,65322,conditional,single-choice,35,All B are C/All A are B,Yes/No,Yes,Yes,1,,,
mReasoner,65322,conditional,single-choice,36,All B are C/No A are B,Yes/No,No,Yes,0,,,
mReasoner,65322,conditional,single-choice,37,All B are C/All A are B,Yes/No,Yes,Yes,1,,,
mReasoner,65322,conditional,single-choice,38,All B are C/No A are B,Yes/No,No,Yes,0,,,
mReasoner,65322,conditional,single-choice,39,All B are C/All A are C,Yes/No,No,Yes,0,,,
mReasoner,65322,conditional,single-choice,40,All B are C/All A are C,Yes/No,Yes,Yes,1,,,
mReasoner,65322,conditional,single-choice,41,All B are C/All A are C,Yes/No,No,Yes,0,,,
mReasoner,65322,conditional,single-choice,42,All B are C/All A are B,Yes/No,Yes,Yes,1,,,
mReasoner,65322,conditional,single-choice,43,All B are C/No A are B,Yes/No,No,Yes,0,,,
mReasoner,65322,conditional,single-choice,44,All B are C/No A are B,Yes/No,No,Yes,0,,,
mReasoner,65322,conditional,single-choice,45,All B are C/All A are C,Yes/No,Yes,Yes,1,,,
mReasoner,65322,conditional,single-choice,46,All B are C/No A are B,Yes/No,No,Yes,0,,,
mReasoner,65322,conditional,single-choice,47,All B are C/No A are B,Yes/No,No,Yes,0,,,
mReasoner,65322,conditional,single-choice,48,All B are C/No A are C,Yes/No,Yes,Yes,1,,,
mReasoner,65322,conditional,single-choice,49,All B are C/All A are C,Yes/No,No,Yes,0,,,
mReasoner,65322,conditional,single-choice,50,All B are C/All A are C,Yes/No,No,Yes,0,,,
mReasoner,65322,conditional,single-choice,51,All B are C/All A are B,Yes/No,Yes,Yes,1,,,
mReasoner,65322,conditional,single-choice,52,All B are C/No A are B,Yes/No,No,Yes,0,,,
mReasoner,65322,conditional,single-choice,53,All B are C/All A are B,Yes/No,Yes,Yes,1,,,
mReasoner,65322,conditional,single-choice,54,All B are C/No A are C,Yes/No,Yes,Yes,1,,,
mReasoner,65322,conditional,single-choice,55,All B are C/All A are B,Yes/No,Yes,Yes,1,,,
mReasoner,65322,conditional,single-choice,56,All B are C/All A are B,Yes/No,Yes,Yes,1,,,
mReasoner,65322,conditional,single-choice,57,All B are C/All A are B,Yes/No,Yes,Yes,1,,,
mReasoner,65322,conditional,single-choice,58,All B are C/No A are B,Yes/No,No,Yes,0,,,
mReasoner,65322,conditional,single-choice,59,All B are C/No A are B,Yes/No,No,Yes,0,,,
mReasoner,65322,conditional,single-choice,60,All B are C/All A are B,Yes/No,Yes,Yes,1,,,
mReasoner,65322,conditional,single-choice,61,All B are C/No A are C,Yes/No,No,Yes,0,,,
mReasoner,65322,conditional,single-choice,62,All B are C/No A are C,Yes/No,No,Yes,0,,,
mReasoner,65322,conditional,single-choice,63,All B are C/All A are C,Yes/No,No,Yes,0,,,
mReasoner,65322,conditional,single-choice,64,All B are C/No A are B,Yes/No,No,Yes,0,,,
mReasoner,65323,conditional,single-choice,1,All B are C/No A are B,Yes/No,Yes,Yes,1,,,
mReasoner,65323,conditional,single-choice,2,All B are C/No A are B,Yes/No,No,Yes,0,,,
mReasoner,65323,conditional,single-choice,3,All B are C/No A are B,Yes/No,No,Yes,0,,,
mReasoner,65323,conditional,single-choice,4,All B are C/No A are B,Yes/No,Yes,Yes,1,,,
mReasoner,65323,conditional,single-choice,5,All B are C/All A are C,Yes/No,Yes,Yes,1,,,
mReasoner,65323,conditional,single-choice,6,All B are C/No A are C,Yes/No,Yes,Yes,1,,,
mReasoner,65323,conditional,single-choice,7,All B are C/No A are C,Yes/No,Yes,Yes,1,,,
mReasoner,65323,conditional,single-choice,8,All B are C/All A are B,Yes/No,Yes,Yes,1,,,
mReasoner,65323,conditional,single-choice,9,All B are C/All A are C,Yes/No,Yes,Yes,1,,,
mReasoner,65323,conditional,single-choice,10,All B are C/All A are B,Yes/No,Yes,Yes,1,,,
mReasoner,65323,conditional,single-choice,11,All B are C/All A are C,Yes/No,No,Yes,0,,,
mReasoner,65323,conditional,single-choice,12,All B are C/All A are B,Yes/No,Yes,Yes,1,,,
mReasoner,65323,conditional,single-choice,13,All B are C/No A are B,Yes/No,Yes,Yes,1,,,
mReasoner,65323,conditional,single-choice,14,All B are C/All A are C,Yes/No,Yes,Yes,1,,,
mReasoner,65323,conditional,single-choice,15,All B are C/No A are B,Yes/No,Yes,Yes,1,,,
mReasoner,65323,conditional,single-choice,16,All B are C/No A are C,Yes/No,Yes,Yes,1,,,
mReasoner,65323,conditional,single-choice,17,All B are C/No A are C,Yes/No,No,Yes,0,,,
mReasoner,65323,conditional,single-choice,18,All B are C/All A are C,Yes/No,Yes,Yes,1,,,
mReasoner,65323,conditional,single-choice,19,All B are C/All A are B,Yes/No,No,Yes,0,,,
mReasoner,65323,conditional,single-choice,20,All B are C/No A are C,Yes/No,No,Yes,0,,,
mReasoner,65323,conditional,single-choice,21,All B are C/All A are B,Yes/No,Yes,Yes,1,,,
mReasoner,65323,conditional,single-choice,22,All B are C/All A are C,Yes/No,Yes,Yes,1,,,
mReasoner,65323,conditional,single-choice,23,All B are C/All A are B,Yes/No,Yes,Yes,1,,,
mReasoner,65323,conditional,single-choice,24,All B are C/All A are C,Yes/No,No,Yes,0,,,
mReasoner,65323,conditional,single-choice,25,All B are C/All A are B,Yes/No,Yes,Yes,1,,,
mReasoner,65323,conditional,single-choice,26,All B are C/No A are C,Yes/No,Yes,Yes,1,,,
mReasoner,65323,conditional,single-choice,27,All B are C/All A are C,Yes/No,Yes,Yes,1,,,
mReasoner,65323,conditional,single-choice,28,All B are C/All A are C,Yes/No,No,Yes,0,,,
mReasoner,65323,conditional,single-choice,29,All B are C/No A are B,Yes/No,No,Yes,0,,,
mReasoner,65323,conditional,single-choice,30,All B are C/No A are B,Yes/No,No,Yes,0,,,
mReasoner,65323,conditional,single-choice,31,All B are C/No A are B,Yes/No,Yes,Yes,1,,,
mReasoner,65323,conditional,single-choice,32,All B are C/No A are C,Yes/No,Yes,Yes,1,,,
mReasoner,65323,conditional,single-choice,33,All B are C/All A are B,Yes/No,No,Yes,0,,,
mReasoner,65323,conditional,single-choice,34,All B are C/All A are B,Yes/No,Yes,Yes,1,,,
mReasoner,65323,conditional,single-choice,35,All B are C/All A are B,Yes/No,No,Yes,0,,,
mReasoner,65323,conditional,single-choice,36,All B are C/All A are C,Yes/No,Yes,Yes,1,,,
mReasoner,65323,conditional,single-choice,37,All B are C/All A are B,Yes/No,No,Yes,0,,,
mReasoner,65323,conditional,single-choice,38,All B are C/No A are C,Yes/No,Yes,Yes,1,,,
mReasoner,65323,conditional,single-choice,39,All B are C/No A are B,Yes/No,No,Yes,0,,,
mReasoner,65323,conditional,single-choice,40,All B are C/No A are B,Yes/No,No,Yes,0,,,
mReasoner,65323,conditional,single-choice,41,All B are C/All A are C,Yes/No,Yes,Yes,1,,,
mReasoner,65323,conditional,single-choice,42,All B are C/All A are B,Yes/No,No,Yes,0,,,
mReasoner,65323,conditional,single-choice,43,All B are C/No A are C,Yes/No,Yes,Yes,1,,,
mReasoner,65323,conditional,single-choice,44,All B are C/All A are C,Yes/No,No,Yes,0,,,
mReasoner,65323,conditional,single-choice,45,All B are C/All A are B,Yes/No,Yes,Yes,1,,,
mReasoner,65323,conditional,single-choice,46,All B are C/All A are C,Yes/No,No,Yes,0,,,
mReasoner,65323,conditional,single-choice,47,All B are C/No A are C,Yes/No,No,Yes,0,,,
mReasoner,65323,conditional,single-choice,48,All B are C/No A are C,Yes/No,Yes,Yes,1,,,
mReasoner,65323,conditional,single-choice,49,All B are C/No A are B,Yes/No,Yes,Yes,1,,,
mReasoner,65323,conditional,single-choice,50,All B are C/No A are B,Yes/No,No,Yes,0,,,
mReasoner,65323,conditional,single-choice,51,All B are C/No A are C,Yes/No,Yes,Yes,1,,,
mReasoner,65323,conditional,single-choice,52,All B are C/All A are C,Yes/No,No,Yes,0,,,
mReasoner,65323,conditional,single-choice,53,All B are C/All A are B,Yes/No,Yes,Yes,1,,,
mReasoner,65323,conditional,single-choice,54,All B are C/No A are C,Yes/No,No,Yes,0,,,
mReasoner,65323,conditional,single-choice,55,All B are C/No A are C,Yes/No,No,Yes,0,,,
mReasoner,65323,conditional,single-choice,56,All B are C/No A are C,Yes/No,No,Yes,0,,,
mReasoner,65323,conditional,single-choice,57,All B are C/All A are C,Yes/No,No,Yes,0,,,
mReasoner,65323,conditional,single-choice,58,All B are C/No A are B,Yes/No,Yes,Yes,1,,,
mReasoner,65323,conditional,single-choice,59,All B are C/No A are B,Yes/No,Yes,Yes,1,,,
mReasoner,65323,conditional,single-choice,60,All B are C/All A are B,Yes/No,Yes,Yes,1,,,
mReasoner,65323,conditional,single-choice,61,All B are C/No A are C,Yes/No,Yes,Yes,1,,,
mReasoner,65323,conditional,single-choice,62,All B are C/All A are B,Yes/No,Yes,Yes,1,,,
mReasoner,65323,conditional,single-choice,63,All B are C/No A are B,Yes/No,Yes,Yes,1,,,
mReasoner,65323,conditional,single-choice,64,All B are C/All A are C,Yes/No,Yes,Yes,1,,,
mReasoner,65466,conditional,single-choice,1,All B are C/No A are C,Yes/No,Yes,Yes,1,,,
mReasoner,65466,conditional,single-choice,2,All B are C/No A are B,Yes/No,Yes,Yes,1,,,
mReasoner,65466,conditional,single-choice,3,All B are C/All A are B,Yes/No,No,Yes,0,,,
mReasoner,65466,conditional,single-choice,4,All B are C/All A are C,Yes/No,No,Yes,0,,,
mReasoner,65466,conditional,single-choice,5,All B are C/No A are C,Yes/No,No,Yes,0,,,
mReasoner,65466,conditional,single-choice,6,All B are C/All A are C,Yes/No,Yes,Yes,1,,,
mReasoner,65466,conditional,single-choice,7,All B are C/All A are B,Yes/No,Yes,Yes,1,,,
mReasoner,65466,conditional,single-choice,8,All B are C/No A are B,Yes/No,Yes,Yes,1,,,
mReasoner,65466,conditional,single-choice,9,All B are C/All A are C,Yes/No,No,Yes,0,,,
mReasoner,65466,conditional,single-choice,10,All B are C/No A are B,Yes/No,No,Yes,0,,,
mReasoner,65466,conditional,single-choice,11,All B are C/No A are C,Yes/No,No,Yes,0,,,
mReasoner,65466,conditional,single-choice,12,All B are C/All A are C,Yes/No,Yes,Yes,1,,,
mReasoner,65466,conditional,single-choice,13,All B are C/No A are C,Yes/No,Yes,Yes,1,,,
mReasoner,65466,conditional,single-choice,14,All B are C/No A are B,Yes/No,Yes,Yes,1,,,
mReasoner,65466,conditional,single-choice,15,All B are C/All A are C,Yes/No,Yes,Yes,1,,,
mReasoner,65466,conditional,single-choice,16,All B are C/No A are B,Yes/No,No,Yes,0,,,
mReasoner,65466,conditional,single-choice,17,All B are C/No A are C,Yes/No,No,Yes,0,,,
mReasoner,65466,conditional,single-choice,18,All B are C/All A are C,Yes/No,Yes,Yes,1,,,
mReasoner,65466,conditional,single-choice,19,All B are C/No A are C,Yes/No,Yes,Yes,1,,,
mReasoner,65466,conditional,single-choice,20,All B are C/No A are B,Yes/No,Yes,Yes,1,,,
mReasoner,65466,conditional,single-choice,21,All B are C/No A are B,Yes/No,Yes,Yes,1,,,
mReasoner,65466,conditional,single-choice,22,All B are C/All A are B,Yes/No,Yes,Yes,1,,,
mReasoner,65466,conditional,single-choice,23,All B are C/No A are B,Yes/No,No,Yes,0,,,
mReasoner,65466,conditional,single-choice,24,All B are C/No A are C,Yes/No,No,Yes,0,,,
mReasoner,65466,conditional,single-choice,25,All B are C/No A are C,Yes/No,Yes,Yes,1,,,
mReasoner,65466,conditional,single-choice,26,All B are C/No A are B,Yes/No,Yes,Yes,1,,,
mReasoner,65466,conditional,single-choice,27,All B are C/All A are C,Yes/No,No,Yes,0,,,
mReasoner,65466,conditional,single-choice,28,All B are C/No A are C,Yes/No,No,Yes,0,,,
mReasoner,65466,conditional,single-choice,29,All B are C/All A are C,Yes/No,Yes,Yes,1,,,
mReasoner,65466,conditional,single-choice,30,All B are C/All A are B,Yes/No,Yes,Yes,1,,,
mReasoner,65466,conditional,single-choice,31,All B are C/No A are B,Yes/No,No,Yes,0,,,
mReasoner,65466,conditional,single-choice,32,All B are C/All A are C,Yes/No,No,Yes,0,,,
mReasoner,65466,conditional,single-choice,33,All B are C/All A are B,Yes/No,No,Yes,0,,,
mReasoner,65466,conditional,single-choice,34,All B are C/No A are C,Yes/No,No,Yes,0,,,
mReasoner,65466,conditional,single-choice,35,All B are C/All A are B,Yes/No,No,Yes,0,,,
mReasoner,65466,conditional,single-choice,36,All B are C/No A are C,Yes/No,Yes,Yes,1,,,
mReasoner,65466,conditional,single-choice,37,All B are C/All A are B,Yes/No,Yes,Yes,1,,,
mReasoner,65466,conditional,single-choice,38,All B are C/All A are C,Yes/No,Yes,Yes,1,,,
mReasoner,65466,conditional,single-choice,39,All B are C/No A are C,Yes/No,Yes,Yes,1,,,
mReasoner,65466,conditional,single-choice,40,All B are C/All A are B,Yes/No,Yes,Yes,1,,,
mReasoner,65466,conditional,single-choice,41,All B are C/All A are C,Yes/No,No,Yes,0,,,
mReasoner,65466,conditional,single-choice,42,All B are C/No A are B,Yes/No,Yes,Yes,1,,,
mReasoner,65466,conditional,single-choice,43,All B are C/All A are B,Yes/No,Yes,Yes,1,,,
mReasoner,65466,conditional,single-choice,44,All B are C/No A are C,Yes/No,No,Yes,0,,,
mReasoner,65466,conditional,single-choice,45,All B are C/All A are B,Yes/No,No,Yes,0,,,
mReasoner,65466,conditional,single-choice,46,All B are C/All A are B,Yes/No,No,Yes,0,,,
mReasoner,65466,conditional,single-choice,47,All B are C/No A are C,Yes/No,No,Yes,0,,,
mReasoner,65466,conditional,single-choice,48,All B are C/No A are B,Yes/No,Yes,Yes,1,,,
mReasoner,65466,conditional,single-choice,49,All B are C/No A are B,Yes/No,No,Yes,0,,,
mReasoner,65466,conditional,single-choice,50,All B are C/All A are B,Yes/No,Yes,Yes,1,,,
mReasoner,65466,conditional,single-choice,51,All B are C/All A are B,Yes/No,Yes,Yes,1,,,
mReasoner,65466,conditional,single-choice,52,All B are C/No A are B,Yes/No,No,Yes,0,,,
mReasoner,65466,conditional,single-choice,53,All B are C/All A are B,Yes/No,Yes,Yes,1,,,
mReasoner,65466,conditional,single-choice,54,All B are C/All A are C,Yes/No,No,Yes,0,,,
mReasoner,65466,conditional,single-choice,55,All B are C/No A are C,Yes/No,Yes,Yes,1,,,
mReasoner,65466,conditional,single-choice,56,All B are C/No A are C,Yes/No,Yes,Yes,1,,,
mReasoner,65466,conditional,single-choice,57,All B are C/No A are B,Yes/No,Yes,Yes,1,,,
mReasoner,65466,conditional,single-choice,58,All B are C/All A are C,Yes/No,No,Yes,0,,,
mReasoner,65466,conditional,single-choice,59,All B are C/All A are B,Yes/No,Yes,Yes,1,,,
mReasoner,65466,conditional,single-choice,60,All B are C/No A are B,Yes/No,No,Yes,0,,,
mReasoner,65466,conditional,single-choice,61,All B are C/All A are C,Yes/No,Yes,Yes,1,,,
mReasoner,65466,conditional,single-choice,62,All B are C/All A are C,Yes/No,Yes,Yes,1,,,
mReasoner,65466,conditional,single-choice,63,All B are C/All A are B,Yes/No,No,Yes,0,,,
mReasoner,65466,conditional,single-choice,64,All B are C/All A are C,Yes/No,Yes,Yes,1,,,
mReasoner,65502,conditional,single-choice,1,All B are C/No A are C,Yes/No,Yes,Yes,1,,,
mReasoner,65502,conditional,single-choice,2,All B are C/No A are C,Yes/No,Yes,Yes,1,,,
mReasoner,65502,conditional,single-choice,3,All B are C/No A are C,Yes/No,Yes,Yes,1,,,
mReasoner,65502,conditional,single-choice,4,All B are C/All A are C,Yes/No,No,Yes,0,,,
mReasoner,65502,conditional,single-choice,5,All B are C/All A are C,Yes/No,No,Yes,0,,,
mReasoner,65502,conditional,single-choice,6,All B are C/All A are C,Yes/No,No,Yes,0,,,
mReasoner,65502,conditional,single-choice,7,All B are C/No A are B,Yes/No,No,Yes,0,,,
mReasoner,65502,conditional,single-choice,8,All B are C/All A are B,Yes/No,Yes,Yes,1,,,
mReasoner,65502,conditional,single-choice,9,All B are C/No A are B,Yes/No,No,Yes,0,,,
mReasoner,65502,conditional,single-choice,10,All B are C/No A are C,Yes/No,Yes,Yes,1,,,
mReasoner,65502,conditional,single-choice,11,All B are C/All A are B,Yes/No,Yes,Yes,1,,,
mReasoner,65502,conditional,single-choice,12,All B are C/No A are B,Yes/No,No,Yes,0,,,
mReasoner,65502,conditional,single-choice,13,All B are C/No A are B,Yes/No,No,Yes,0,,,
mReasoner,65502,conditional,single-choice,14,All B are C/All A are C,Yes/No,No,Yes,0,,,
mReasoner,65502,conditional,single-choice,15,All B are C/All A are C,Yes/No,Yes,Yes,1,,,
mReasoner,65502,conditional,single-choice,16,All B are C/No A are B,Yes/No,No,Yes,0,,,
mReasoner,65502,conditional,single-choice,17,All B are C/All A are C,Yes/No,Yes,Yes,1,,,
mReasoner,65502,conditional,single-choice,18,All B are C/All A are B,Yes/No,Yes,Yes,1,,,
mReasoner,65502,conditional,single-choice,19,All B are C/No A are C,Yes/No,Yes,Yes,1,,,
mReasoner,65502,conditional,single-choice,20,All B are C/All A are B,Yes/No,Yes,Yes,1,,,
mReasoner,65502,conditional,single-choice,21,All B are C/No A are B,Yes/No,Yes,Yes,1,,,
mReasoner,65502,conditional,single-choice,22,All B are C/All A are B,Yes/No,Yes,Yes,1,,,
mReasoner,65502,conditional,single-choice,23,All B are C/No A are C,Yes/No,Yes,Yes,1,,,
mReasoner,65502,conditional,single-choice,24,All B are C/All A are C,Yes/No,No,Yes,0,,,
mReasoner,65502,conditional,single-choice,25,All B are C/All A are B,Yes/No,Yes,Yes,1,,,
mReasoner,65502,conditional,single-choice,26,All B are C/No A are C,Yes/No,Yes,Yes,1,,,
mReasoner,65502,conditional,single-choice,27,All B are C/No A are B,Yes/No,No,Yes,0,,,
mReasoner,65502,conditional,single-choice,28,All B are C/No A are B,Yes/No,No,Yes,0,,,
mReasoner,65502,conditional,single-choice,29,All B are C/No A are C,Yes/No,Yes,Yes,1,,,
mReasoner,65502,conditional,single-choice,30,All B are C/All A are C,Yes/No,Yes,Yes,1,,,
mReasoner,65502,conditional,single-choice,31,All B are C/No A are B,Yes/No,No,Yes,0,,,
mReasoner,65502,conditional,single-choice,32,All B are C/All A are B,Yes/No,No,Yes,0,,,
mReasoner,65502,conditional,single-choice,33,All B are C/All A are B,Yes/No,Yes,Yes,1,,,
mReasoner,65502,conditional,single-choice,34,All B are C/No A are B,Yes/No,Yes,Yes,1,,,
mReasoner,65502,conditional,single-choice,35,All B are C/All A are B,Yes/No,Yes,Yes,1,,,
mReasoner,65502,conditional,single-choice,36,All B are C/All A are B,Yes/No,Yes,Yes,1,,,
mReasoner,65502,conditional,single-choice,37,All B are C/All A are B,Yes/No,Yes,Yes,1,,,
mReasoner,65502,conditional,single-choice,38,All B are C/No A are B,Yes/No,No,Yes,0,,,
mReasoner,65502,conditional,single-choice,39,All B are C/All A are C,Yes/No,No,Yes,0,,,
mReasoner,65502,conditional,single-choice,40,All B are C/No A are B,Yes/No,No,Yes,0,,,
mReasoner,65502,conditional,single-choice,41,All B are C/All A are C,Yes/No,Yes,Yes,1,,,
mReasoner,65502,conditional,single-choice,42,All B are C/No A are C,Yes/No,No,Yes,0,,,
mReasoner,65502,conditional,single-choice,43,All B are C/No A are C,Yes/No,No,Yes,0,,,
mReasoner,65502,conditional,single-choice,44,All B are C/All A are B,Yes/No,Yes,Yes,1,,,
mReasoner,65502,conditional,single-choice,45,All B are C/No A are C,Yes/No,No,Yes,0,,,
mReasoner,65502,conditional,single-choice,46,All B are C/All A are C,Yes/No,No,Yes,0,,,
mReasoner,65502,conditional,single-choice,47,All B are C/All A are C,Yes/No,No,Yes,0,,,
mReasoner,65502,conditional,single-choice,48,All B are C/All A are C,Yes/No,No,Yes,0,,,
mReasoner,65502,conditional,single-choice,49,All B are C/All A are B,Yes/No,Yes,Yes,1,,,
mReasoner,65502,conditional,single-choice,50,All B are C/All A are C,Yes/No,No,Yes,0,,,
mReasoner,65502,conditional,single-choice,51,All B are C/No A are B,Yes/No,No,Yes,0,,,
mReasoner,65502,conditional,single-choice,52,All B are C/All A are C,Yes/No,No,Yes,0,,,
mReasoner,65502,conditional,single-choice,53,All B are C/No A are C,Yes/No,No,Yes,0,,,
mReasoner,65502,conditional,single-choice,54,All B are C/No A are B,Yes/No,No,Yes,0,,,
mReasoner,65502,conditional,single-choice,55,All B are C/No A are C,Yes/No,No,Yes,0,,,
mReasoner,65502,conditional,single-choice,56,All B are C/No A are C,Yes/No,Yes,Yes,1,,,
mReasoner,65502,conditional,single-choice,57,All B are C/All A are B,Yes/No,Yes,Yes,1,,,
mReasoner,65502,conditional,single-choice,58,All B are C/All A are B,Yes/No,Yes,Yes,1,,,
mReasoner,65502,conditional,single-choice,59,All B are C/No A are B,Yes/No,Yes,Yes,1,,,
mReasoner,65502,conditional,single-choice,60,All B are C/All A are B,Yes/No,Yes,Yes,1,,,
mReasoner,65502,conditional,single-choice,61,All B are C/No A are B,Yes/No,Yes,Yes,1,,,
mReasoner,65502,conditional,single-choice,62,All B are C/No A are C,Yes/No,Yes,Yes,1,,,
mReasoner,65502,conditional,single-choice,63,All B are C/All A are C,Yes/No,Yes,Yes,1,,,
mReasoner,65502,conditional,single-choice,64,All B are C/No A are C,Yes/No,Yes,Yes,1,,,
mReasoner,65527,conditional,single-choice,1,All B are C/No A are B,Yes/No,No,Yes,0,,,
mReasoner,65527,conditional,single-choice,2,All B are C/No A are C,Yes/No,Yes,Yes,1,,,
mReasoner,65527,conditional,single-choice,3,All B are C/All A are B,Yes/No,No,Yes,0,,,
mReasoner,65527,conditional,single-choice,4,All B are C/No A are C,Yes/No,Yes,Yes,1,,,
mReasoner,65527,conditional,single-choice,5,All B are C/No A are B,Yes/No,No,Yes,0,,,
mReasoner,65527,conditional,single-choice,6,All B are C/All A are C,Yes/No,Yes,Yes,1,,,
mReasoner,65527,conditional,single-choice,7,All B are C/No A are B,Yes/No,Yes,Yes,1,,,
mReasoner,65527,conditional,single-choice,8,All B are C/No A are C,Yes/No,Yes,Yes,1,,,
mReasoner,65527,conditional,single-choice,9,All B are C/All A are C,Yes/No,No,Yes,0,,,
mReasoner,65527,conditional,single-choice,10,All B are C/All A are C,Yes/No,No,Yes,0,,,
mReasoner,65527,conditional,single-choice,11,All B are C/No A are C,Yes/No,No,Yes,0,,,
mReasoner,65527,conditional,single-choice,12,All B are C/All A are B,Yes/No,Yes,Yes,1,,,
mReasoner,65527,conditional,single-choice,13,All B are C/All A are B,Yes/No,No,Yes,0,,,
mReasoner,65527,conditional,single-choice,14,All B are C/All A are C,Yes/No,Yes,Yes,1,,,
mReasoner,65527,conditional,single-choice,15,All B are C/All A are C,Yes/No,No,Yes,0,,,
mReasoner,65527,conditional,single-choice,16,All B are C/No A are C,Yes/No,Yes,Yes,1,,,
mReasoner,65527,conditional,single-choice,17,All B are C/All A are C,Yes/No,No,Yes,0,,,
mReasoner,65527,conditional,single-choice,18,All B are C/All A are B,Yes/No,No,Yes,0,,,
mReasoner,65527,conditional,single-choice,19,All B are C/All A are C,Yes/No,Yes,Yes,1,,,
mReasoner,65527,conditional,single-choice,20,All B are C/All A are B,Yes/No,Yes,Yes,1,,,
mReasoner,65527,conditional,single-choice,21,All B are C/No A are B,Yes/No,Yes,Yes,1,,,
mReasoner,65527,conditional,single-choice,22,All B are C/No A are B,Yes/No,No,Yes,0,,,
mReasoner,65527,conditional,single-choice,23,All B are C/No A are B,Yes/No,No,Yes,0,,,
mReasoner,65527,conditional,single-choice,24,All B are C/All A are B,Yes/No,No,Yes,0,,,
mReasoner,65527,conditional,single-choice,25,All B are C/No A are B,Yes/No,Yes,Yes,1,,,
mReasoner,65527,conditional,single-choice,26,All B are C/All A are C,Yes/No,No,Yes,0,,,
mReasoner,65527,conditional,single-choice,27,All B are C/All A are C,Yes/No,No,Yes,0,,,
mReasoner,65527,conditional,single-choice,28,All B are C/All A are B,Yes/No,No,Yes,0,,,
mReasoner,65527,conditional,single-choice,29,All B are C/All A are C,Yes/No,Yes,Yes,1,,,
mReasoner,65527,conditional,single-choice,30,All B are C/No A are B,Yes/No,Yes,Yes,1,,,
mReasoner,65527,conditional,single-choice,31,All B are C/No A are C,Yes/No,Yes,Yes,1,,,
mReasoner,65527,conditional,single-choice,32,All B are C/All A are C,Yes/No,No,Yes,0,,,
mReasoner,65527,conditional,single-choice,33,All B are C/No A are C,Yes/No,No,Yes,0,,,
mReasoner,65527,conditional,single-choice,34,All B are C/No A are C,Yes/No,Yes,Yes,1,,,
mReasoner,65527,conditional,single-choice,35,All B are C/All A are B,Yes/No,Yes,Yes,1,,,
mReasoner,65527,conditional,single-choice,36,All B are C/No A are C,Yes/No,Yes,Yes,1,,,
mReasoner,65527,conditional,single-choice,37,All B are C/No A are C,Yes/No,No,Yes,0,,,
mReasoner,65527,conditional,single-choice,38,All B are C/No A are C,Yes/No,No,Yes,0,,,
mReasoner,65527,conditional,single-choice,39,All B are C/All A are B,Yes/No,No,Yes,0,,,
mReasoner,65527,conditional,single-choice,40,All B are C/All A are B,Yes/No,Yes,Yes,1,,,
mReasoner,65527,conditional,single-choice,41,All B are C/All A are B,Yes/No,No,Yes,0,,,
mReasoner,65527,conditional,single-choice,42,All B are C/No A are B,Yes/No,Yes,Yes,1,,,
mReasoner,65527,conditional,single-choice,43,All B are C/No A are C,Yes/No,Yes,Yes,1,,,
mReasoner,65527,conditional,single-choice,44,All B are C/No A are C,Yes/No,Yes,Yes,1,,,
mReasoner,65527,conditional,single-choice,45,All B are C/All A are C,Yes/No,No,Yes,0,,,
mReasoner,65527,conditional,single-choice,46,All B are C/No A are B,Yes/No,No,Yes,0,,,
mReasoner,65527,conditional,single-choice,47,All B are C/All A are B,Yes/No,No,Yes,0,,,
mReasoner,65527,conditional,single-choice,48,All B are C/All A are B,Yes/No,Yes,Yes,1,,,
mReasoner,65527,conditional,single-choice,49,All B are C/No A are C,Yes/No,Yes,Yes,1,,,
mReasoner,65527,conditional,single-choice,50,All B are C/No A are C,Yes/No,Yes,Yes,1,,,
mReasoner,65527,conditional,single-choice,51,All B are C/No A are C,Yes/No,Yes,Yes,1,,,
mReasoner,65527,conditional,single-choice,52,All B are C/All A are B,Yes/No,Yes,Yes,1,,,
mReasoner,65527,conditional,single-choice,53,All B are C/All A are C,Yes/No,No,Yes,0,,,
mReasoner,65527,conditional,single-choice,54,All B are C/All A are B,Yes/No,No,Yes,0,,,
mReasoner,65527,conditional,single-choice,55,All B are C/No A are B,Yes/No,No,Yes,0,,,
mReasoner,65527,conditional,single-choice,56,All B are C/No A are B,Yes/No,Yes,Yes,1,,,
mReasoner,65527,conditional,single-choice,57,All B are C/All A are C,Yes/No,Yes,Yes,1,,,
mReasoner,65527,conditional,single-choice,58,All B are C/No A are B,Yes/No,No,Yes,0,,,
mReasoner,65527,conditional,single-choice,59,All B are C/All A are C,Yes/No,Yes,Yes,1,,,
mReasoner,65527,conditional,single-choice,60,All B are C/All A are C,Yes/No,Yes,Yes,1,,,
mReasoner,65527,conditional,single-choice,61,All B are C/No A are B,Yes/No,Yes,Yes,1,,,
mReasoner,65527,conditional,single-choice,62,All B are C/All A are B,Yes/No,Yes,Yes,1,,,
mReasoner,65527,conditional,single-choice,63,All B are C/No A are B,Yes/No,Yes,Yes,1,,,
mReasoner,65527,conditional,single-choice,64,All B are C/No A are B,Yes/No,Yes,Yes,1,,,
mReasoner,65554,conditional,single-choice,1,All B are C/No A are C,Yes/No,Yes,Yes,1,,,
mReasoner,65554,conditional,single-choice,2,All B are C/All A are C,Yes/No,Yes,Yes,1,,,
mReasoner,65554,conditional,single-choice,3,All B are C/All A are C,Yes/No,No,Yes,0,,,
mReasoner,65554,conditional,single-choice,4,All B are C/All A are C,Yes/No,Yes,Yes,1,,,
mReasoner,65554,conditional,single-choice,5,All B are C/All A are B,Yes/No,No,Yes,0,,,
mReasoner,65554,conditional,single-choice,6,All B are C/All A are B,Yes/No,No,Yes,0,,,
mReasoner,65554,conditional,single-choice,7,All B are C/All A are B,Yes/No,No,Yes,0,,,
mReasoner,65554,conditional,single-choice,8,All B are C/All A are C,Yes/No,No,Yes,0,,,
mReasoner,65554,conditional,single-choice,9,All B are C/All A are B,Yes/No,No,Yes,0,,,
mReasoner,65554,conditional,single-choice,10,All B are C/No A are B,Yes/No,Yes,Yes,1,,,
mReasoner,65554,conditional,single-choice,11,All B are C/No A are C,Yes/No,Yes,Yes,1,,,
mReasoner,65554,conditional,single-choice,12,All B are C/All A are C,Yes/No,Yes,Yes,1,,,
mReasoner,65554,conditional,single-choice,13,All B are C/No A are B,Yes/No,No,Yes,0,,,
mReasoner,65554,conditional,single-choice,14,All B are C/All A are C,Yes/No,No,Yes,0,,,
mReasoner,65554,conditional,single-choice,15,All B are C/All A are B,Yes/No,No,Yes,0,,,
mReasoner,65554,conditional,single-choice,16,All B are C/No A are B,Yes/No,No,Yes,0,,,
mReasoner,65554,conditional,single-choice,17,All B are C/No A are C,Yes/No,Yes,Yes,1,,,
mReasoner,65554,conditional,single-choice,18,All B are C/All A are B,Yes/No,Yes,Yes,1,,,
mReasoner,65554,conditional,single-choice,19,All B are C/All A are B,Yes/No,Yes,Yes,1,,,
mReasoner,65554,conditional,single-choice,20,All B are C/All A are C,Yes/No,Yes,Yes,1,,,
mReasoner,65554,conditional,single-choice,21,All B are C/All A are B,Yes/No,Yes,Yes,1,,,
mReasoner,65554,conditional,single-choice,22,All B are C/No A are B,Yes/No,Yes,Yes,1,,,
mReasoner,65554,conditional,single-choice,23,All B are C/All A are B,Yes/No,Yes,Yes,1,,,
mReasoner,65554,conditional,single-choice,24,All B are C/No A are C,Yes/No,Yes,Yes,1,,,
mReasoner,65554,conditional,single-choice,25,All B are C/No A are C,Yes/No,No,Yes,0,,,
mReasoner,65554,conditional,single-choice,26,All B are C/No A are B,Yes/No,Yes,Yes,1,,,
mReasoner,65554,conditional,single-choice,27,All B are C/All A are C,Yes/No,No,Yes,0,,,
mReasoner,65554,conditional,single-choice,28,All B are C/No A are C,Yes/No,Yes,Yes,1,,,
mReasoner,65554,conditional,single-choice,29,All B are C/No A are C,Yes/No,Yes,Yes,1,,,
mReasoner,65554,conditional,single-choice,30,All B are C/All A are B,Yes/No,No,Yes,0,,,
mReasoner,65554,conditional,single-choice,31,All B are C/No A are B,Yes/No,Yes,Yes,1,,,
mReasoner,65554,conditional,single-choice,32,All B are C/No A are C,Yes/No,No,Yes,0,,,
mReasoner,65554,conditional,single-choice,33,All B are C/No A are B,Yes/No,No,Yes,0,,,
mReasoner,65554,conditional,single-choice,34,All B are C/All A are B,Yes/No,No,Yes,0,,,
mReasoner,65554,conditional,single-choice,35,All B are C/All A are B,Yes/No,Yes,Yes,1,,,
mReasoner,65554,conditional,single-choice,36,All B are C/No A are B,Yes/No,No,Yes,0,,,
mReasoner,65554,conditional,single-choice,37,All B are C/No A are B,Yes/No,Yes,Yes,1,,,
mReasoner,65554,conditional,single-choice,38,All B are C/No A are C,Yes/No,Yes,Yes,1,,,
mReasoner,65554,conditional,single-choice,39,All B are C/All A are B,Yes/No,Yes,Yes,1,,,
mReasoner,65554,conditional,single-choice,40,All B are C/No A are C,Yes/No,Yes,Yes,1,,,
mReasoner,65554,conditional,single-choice,41,All B are C/All A are B,Yes/No,No,Yes,0,,,
mReasoner,65554,conditional,single-choice,42,All B are C/All A are C,Yes/No,No,Yes,0,,,
mReasoner,65554,conditional,single-choice,43,All B are C/All A are C,Yes/No,No,Yes,0,,,
mReasoner,65554,conditional,single-choice,44,All B are C/No A are C,Yes/No,Yes,Yes,1,,,
mReasoner,65554,conditional,single-choice,45,All B are C/No A are B,Yes/No,No,Yes,0,,,
mReasoner,65554,conditional,single-choice,46,All B are C/No A are B,Yes/No,No,Yes,0,,,
mReasoner,65554,conditional,single-choice,47,All B are C/All A are C,Yes/No,Yes,Yes,1,,,
mReasoner,65554,conditional,single-choice,48,All B are C/No A are B,Yes/No,Yes,Yes,1,,,
mReasoner,65554,conditional,single-choice,49,All B are C/All A are C,Yes/No,Yes,Yes,1,,,
mReasoner,65554,conditional,single-choice,50,All B are C/No A are C,Yes/No,No,Yes,0,,,
mReasoner,65554,conditional,single-choice,51,All B are C/All A are C,Yes/No,Yes,Yes,1,,,
mReasoner,65554,conditional,single-choice,52,All B are C/No A are C,Yes/No,Yes,Yes,1,,,
mReasoner,65554,conditional,single-choice,53,All B are C/No A are C,Yes/No,Yes,Yes,1,,,
mReasoner,65554,conditional,single-choice,54,All B are C/No A are B,Yes/No,Yes,Yes,1,,,
mReasoner,65554,conditional,single-choice,55,All B are C/No A are B,Yes/No,No,Yes,0,,,
mReasoner,65554,conditional,single-choice,56,All B are C/All A are B,Yes/No,Yes,Yes,1,,,
mReasoner,65554,conditional,single-choice,57,All B are C/All A are C,Yes/No,Yes,Yes,1,,,
mReasoner,65554,conditional,single-choice,58,All B are C/No A are B,Yes/No,No,Yes,0,,,
mReasoner,65554,conditional,single-choice,59,All B are C/No A are C,Yes/No,No,Yes,0,,,
mReasoner,65554,conditional,single-choice,60,All B are C/All A are C,Yes/No,No,Yes,0,,,
mReasoner,65554,conditional,single-choice,61,All B are C/No A are B,Yes/No,No,Yes,0,,,
mReasoner,65554,conditional,single-choice,62,All B are C/All A are C,Yes/No,No,Yes,0,,,
mReasoner,65554,conditional,single-choice,63,All B are C/All A are B,Yes/No,Yes,Yes,1,,,
mReasoner,65554,conditional,single-choice,64,All B are C/No A are C,Yes/No,No,Yes,0,,,
mReasoner,65585,conditional,single-choice,1,All B are C/All A are B,Yes/No,No,Yes,0,,,
mReasoner,65585,conditional,single-choice,2,All B are C/All A are B,Yes/No,Yes,Yes,1,,,
mReasoner,65585,conditional,single-choice,3,All B are C/No A are B,Yes/No,No,Yes,0,,,
mReasoner,65585,conditional,single-choice,4,All B are C/No A are B,Yes/No,Yes,Yes,1,,,
mReasoner,65585,conditional,single-choice,5,All B are C/All A are B,Yes/No,Yes,Yes,1,,,
mReasoner,65585,conditional,single-choice,6,All B are C/No A are C,Yes/No,Yes,Yes,1,,,
mReasoner,65585,conditional,single-choice,7,All B are C/No A are B,Yes/No,No,Yes,0,,,
mReasoner,65585,conditional,single-choice,8,All B are C/All A are B,Yes/No,Yes,Yes,1,,,
mReasoner,65585,conditional,single-choice,9,All B are C/All A are C,Yes/No,No,Yes,0,,,
mReasoner,65585,conditional,single-choice,10,All B are C/No A are C,Yes/No,Yes,Yes,1,,,
mReasoner,65585,conditional,single-choice,11,All B are C/No A are B,Yes/No,Yes,Yes,1,,,
mReasoner,65585,conditional,single-choice,12,All B are C/All A are C,Yes/No,No,Yes,0,,,
mReasoner,65585,conditional,single-choice,13,All B are C/No A are C,Yes/No,Yes,Yes,1,,,
mReasoner,65585,conditional,single-choice,14,All B are C/All A are B,Yes/No,Yes,Yes,1,,,
mReasoner,65585,conditional,single-choice,15,All B are C/All A are C,Yes/No,No,Yes,0,,,
mReasoner,65585,conditional,single-choice,16,All B are C/All A are B,Yes/No,No,Yes,0,,,
mReasoner,65585,conditional,single-choice,17,All B are C/No A are C,Yes/No,No,Yes,0,,,
mReasoner,65585,conditional,single-choice,18,All B are C/All A are C,Yes/No,Yes,Yes,1,,,
mReasoner,65585,conditional,single-choice,19,All B are C/No A are C,Yes/No,Yes,Yes,1,,,
mReasoner,65585,conditional,single-choice,20,All B are C/All A are C,Yes/No,Yes,Yes,1,,,
mReasoner,65585,conditional,single-choice,21,All B are C/All A are B,Yes/No,No,Yes,0,,,
mReasoner,65585,conditional,single-choice,22,All B are C/All A are B,Yes/No,No,Yes,0,,,
mReasoner,65585,conditional,single-choice,23,All B are C/No A are B,Yes/No,No,Yes,0,,,
mReasoner,65585,conditional,single-choice,24,All B are C/All A are B,Yes/No,Yes,Yes,1,,,
mReasoner,65585,conditional,single-choice,25,All B are C/All A are B,Yes/No,No,Yes,0,,,
mReasoner,65585,conditional,single-choice,26,All B are C/All A are C,Yes/No,No,Yes,0,,,
mReasoner,65585,conditional,single-choice,27,All B are C/No A are C,Yes/No,No,Yes,0,,,
mReasoner,65585,conditional,single-choice,28,All B are C/All A are C,Yes/No,No,Yes,0,,,
mReasoner,65585,conditional,single-choice,29,All B are C/All A are C,Yes/No,No,Yes,0,,,
mReasoner,65585,conditional,single-choice,30,All B are C/No A are B,Yes/No,Yes,Yes,1,,,
mReasoner,65585,conditional,single-choice,31,All B are C/No A are C,Yes/No,Yes,Yes,1,,,
mReasoner,65585,conditional,single-choice,32,All B are C/No A are C,Yes/No,Yes,Yes,1,,,
mReasoner,65585,conditional,single-choice,33,All B are C/All A are B,Yes/No,Yes,Yes,1,,,
mReasoner,65585,conditional,single-choice,34,All B are C/All A are C,Yes/No,No,Yes,0,,,
mReasoner,65585,conditional,single-choice,35,All B are C/No A are B,Yes/No,No,Yes,0,,,
mReasoner,65585,conditional,single-choice,36,All B are C/No A are B,Yes/No,Yes,Yes,1,,,
mReasoner,65585,conditional,single-choice,37,All B are C/All A are C,Yes/No,Yes,Yes,1,,,
mReasoner,65585,conditional,single-choice,38,All B are C/No A are C,Yes/No,Yes,Yes,1,,,
mReasoner,65585,conditional,single-choice,39,All B are C/All A are B,Yes/No,Yes,Yes,1,,,
mReasoner,65585,conditional,single-choice,40,All B are C/No A are B,Yes/No,No,Yes,0,,,
mReasoner,65585,conditional,single-choice,41,All B are C/All A are B,Yes/No,Yes,Yes,1,,,
mReasoner,65585,conditional,single-choice,42,All B are C/No A are B,Yes/No,No,Yes,0,,,
mReasoner,65585,conditional,single-choice,43,All B are C/No A are C,Yes/No,No,Yes,0,,,
mReasoner,65585,conditional,single-choice,44,All B are C/All A are B,Yes/No,No,Yes,0,,,
mReasoner,65585,conditional,single-choice,45,All B are C/No A are B,Yes/No,Yes,Yes,1,,,
mReasoner,65585,conditional,single-choice,46,All B are C/No A are C,Yes/No,Yes,Yes,1,,,
mReasoner,65585,conditional,single-choice,47,All B are C/All A are B,Yes/No,Yes,Yes,1,,,
mReasoner,65585,conditional,single-choice,48,All B are C/No A are C,Yes/No,No,Yes,0,,,
mReasoner,65585,conditional,single-choice,49,All B are C/No A are B,Yes/No,No,Yes,0,,,
mReasoner,65585,conditional,single-choice,50,All B are C/All A are C,Yes/No,Yes,Yes,1,,,
mReasoner,65585,conditional,single-choice,51,All B are C/All A are C,Yes/No,No,Yes,0,,,
mReasoner,65585,conditional,single-choice,52,All B are C/No A are C,Yes/No,No,Yes,0,,,
mReasoner,65585,conditional,single-choice,53,All B are C/No A are B,Yes/No,No,Yes,0,,,
mReasoner,65585,conditional,single-choice,54,All B are C/No A are B,Yes/No,Yes,Yes,1,,,
mReasoner,65585,conditional,single-choice,55,All B are C/All A are C,Yes/No,Yes,Yes,1,,,
mReasoner,65585,conditional,single-choice,56,All B are C/No A are C,Yes/No,Yes,Yes,1,,,
mReasoner,65585,conditional,single-choice,57,All B are C/All A are C,Yes/No,Yes,Yes,1,,,
mReasoner,65585,conditional,single-choice,58,All B are C/No A are C,Yes/No,No,Yes,0,,,
mReasoner,65585,conditional,single-choice,59,All B are C/No A are B,Yes/No,No,Yes,0,,,
mReasoner,65585,conditional,single-choice,60,All B are C/All A are C,Yes/No,Yes,Yes,1,,,
mReasoner,65585,conditional,single-choice,61,All B are C/No A are C,Yes/No,No,Yes,0,,,
mReasoner,65585,conditional,single-choice,62,All B are C/No A are B,Yes/No,No,Yes,0,,,
mReasoner,65585,conditional,single-choice,63,All B are C/All A are C,Yes/No,Yes,Yes,1,,,
mReasoner,65585,conditional,single-choice,64,All B are C/All A are B,Yes/No,No,Yes,0,,,
mReasoner,65600,conditional,single-choice,1,All B are C/All A are B,Yes/No,Yes,Yes,1,,,
mReasoner,65600,conditional,single-choice,2,All B are C/No A are C,Yes/No,Yes,Yes,1,,,
mReasoner,65600,conditional,single-choice,3,All B are C/No A are C,Yes/No,Yes,Yes,1,,,
mReasoner,65600,conditional,single-choice,4,All B are C/All A are B,Yes/No,Yes,Yes,1,,,
mReasoner,65600,conditional,single-choice,5,All B are C/All A are B,Yes/No,No,Yes,0,,,
mReasoner,65600,conditional,single-choice,6,All B are C/No A are B,Yes/No,Yes,Yes,1,,,
mReasoner,65600,conditional,single-choice,7,All B are C/All A are C,Yes/No,Yes,Yes,1,,,
mReasoner,65600,conditional,single-choice,8,All B are C/All A are B,Yes/No,No,Yes,0,,,
mReasoner,65600,conditional,single-choice,9,All B are C/No A are B,Yes/No,Yes,Yes,1,,,
mReasoner,65600,conditional,single-choice,10,All B are C/All A are C,Yes/No,Yes,Yes,1,,,
mReasoner,65600,conditional,single-choice,11,All B are C/No A are C,Yes/No,No,Yes,0,,,
mReasoner,65600,conditional,single-choice,12,All B are C/No A are C,Yes/No,Yes,Yes,1,,,
mReasoner,65600,conditional,single-choice,13,All B are C/All A are C,Yes/No,Yes,Yes,1,,,
mReasoner,65600,conditional,single-choice,14,All B are C/No A are B,Yes/No,No,Yes,0,,,
mReasoner,65600,conditional,single-choice,15,All B are C/No A are B,Yes/No,No,Yes,0,,,
mReasoner,65600,conditional,single-choice,16,All B are C/All A are C,Yes/No,Yes,Yes,1,,,
mReasoner,65600,conditional,single-choice,17,All B are C/All A are C,Yes/No,No,Yes,0,,,
mReasoner,65600,conditional,single-choice,18,All B are C/All A are B,Yes/No,Yes,Yes,1,,,
mReasoner,65600,conditional,single-choice,19,All B are C/No A are C,Yes/No,No,Yes,0,,,
mReasoner,65600,conditional,single-choice,20,All B are C/No A are B,Yes/No,Yes,Yes,1,,,
mReasoner,65600,conditional,single-choice,21,All B are C/All A are C,Yes/No,Yes,Yes,1,,,
mReasoner,65600,conditional,single-choice,22,All B are C/All A are C,Yes/No,No,Yes,0,,,
mReasoner,65600,conditional,single-choice,23,All B are C/All A are C,Yes/No,Yes,Yes,1,,,
mReasoner,65600,conditional,single-choice,24,All B are C/No A are C,Yes/No,No,Yes,0,,,
mReasoner,65600,conditional,single-choice,25,All B are C/No A are B,Yes/No,No,Yes,0,,,
mReasoner,65600,conditional,single-choice,26,All B are C/All A are B,Yes/No,No,Yes,0,,,
mReasoner,65600,conditional,single-choice,27,All B are C/All A are C,Yes/No,Yes,Yes,1,,,
mReasoner,65600,conditional,single-choice,28,All B are C/No A are C,Yes/No,Yes,Yes,1,,,
mReasoner,65600,conditional,single-choice,29,All B are C/No A are C,Yes/No,Yes,Yes,1,,,
mReasoner,65600,conditional,single-choice,30,All B are C/All A are B,Yes/No,No,Yes,0,,,
mReasoner,65600,conditional,single-choice,31,All B are C/No A are B,Yes/No,No,Yes,0,,,
mReasoner,65600,conditional,single-choice,32,All B are C/All A are C,Yes/No,Yes,Yes,1,,,
mReasoner,65600,conditional,single-choice,33,All B are C/All A are B,Yes/No,Yes,Yes,1,,,
mReasoner,65600,conditional,single-choice,34,All B are C/All A are C,Yes/No,Yes,Yes,1,,,
mReasoner,65600,conditional,single-choice,35,All B are C/No A are B,Yes/No,No,Yes,0,,,
mReasoner,65600,conditional,single-choice,36,All B are C/All A are B,Yes/No,No,Yes,0,,,
mReasoner,65600,conditional,single-choice,37,All B are C/All A are C,Yes/No,No,Yes,0,,,
mReasoner,65600,conditional,single-choice,38,All B are C/All A are C,Yes/No,Yes,Yes,1,,,
mReasoner,65600,conditional,single-choice,39,All B are C/All A are B,Yes/No,No,Yes,0,,,
mReasoner,65600,conditional,single-choice,40,All B are C/All A are B,Yes/No,No,Yes,0,,,
mReasoner,65600,conditional,single-choice,41,All B are C/No A are B,Yes/No,No,Yes,0,,,
mReasoner,65600,conditional,single-choice,42,All B are C/All A are B,Yes/No,Yes,Yes,1,,,
mReasoner,65600,conditional,single-choice,43,All B are C/No A are B,Yes/No,Yes,Yes,1,,,
mReasoner,65600,conditional,single-choice,44,All B are C/No A are C,Yes/No,Yes,Yes,1,,,
mReasoner,65600,conditional,single-choice,45,All B are C/No A are B,Yes/No,Yes,Yes,1,,,
mReasoner,65600,conditional,single-choice,46,All B are C/All A are B,Yes/No,Yes,Yes,1,,,
mReasoner,65600,conditional,single-choice,47,All B are C/No A are B,Yes/No,Yes,Yes,1,,,
mReasoner,65600,conditional,single-choice,48,All B are C/No A are C,Yes/No,No,Yes,0,,,
mReasoner,65600,conditional,single-choice,49,All B are C/No A are C,Yes/No,No,Yes,0,,,
mReasoner,65600,conditional,single-choice,50,All B are C/All A are B,Yes/No,Yes,Yes,1,,,
mReasoner,65600,conditional,single-choice,51,All B are C/No A are C,Yes/No,No,Yes,0,,,
mReasoner,65600,conditional,single-choice,52,All B are C/No A are C,Yes/No,Yes,Yes,1,,,
mReasoner,65600,conditional,single-choice,53,All B are C/No A are B,Yes/No,Yes,Yes,1,,,
mReasoner,65600,conditional,single-choice,54,All B are C/All A are C,Yes/No,Yes,Yes,1,,,
mReasoner,65600,conditional,single-choice,55,All B are C/All A are B,Yes/No,No,Yes,0,,,
mReasoner,65600,conditional,single-choice,56,All B are C/All A are C,Yes/No,No,Yes,0,,,
mReasoner,65600,conditional,single-choice,57,All B are C/All A are B,Yes/No,No,Yes,0,,,
mReasoner,65600,conditional,single-choice,58,All B are C/No A are C,Yes/No,Yes,Yes,1,,,
mReasoner,65600,conditional,single-choice,59,All B are C/No A are B,Yes/No,Yes,Yes,1,,,
mReasoner,65600,conditional,single-choice,60,All B are C/No A are B,Yes/No,Yes,Yes,1,,,
mReasoner,65600,conditional,single-choice,61,All B are C/All A are C,Yes/No,No,Yes,0,,,
mReasoner,65600,conditional,single-choice,62,All B are C/No A are C,Yes/No,No,Yes,0,,,
mReasoner,65600,conditional,single-choice,63,All B are C/No A are B,Yes/No,Yes,Yes,1,,,
mReasoner,65600,conditional,single-choice,64,All B are C/No A are C,Yes/No,Yes,Yes,1,,,
mReasoner,65909,conditional,single-choice,1,All B are C/No A are B,Yes/No,Yes,Yes,1,,,
mReasoner,65909,conditional,single-choice,2,All B are C/All A are C,Yes/No,No,Yes,0,,,
mReasoner,65909,conditional,single-choice,3,All B are C/No A are B,Yes/No,Yes,Yes,1,,,
mReasoner,65909,conditional,single-choice,4,All B are C/All A are C,Yes/No,Yes,Yes,1,,,
mReasoner,65909,conditional,single-choice,5,All B are C/No A are B,Yes/No,Yes,Yes,1,,,
mReasoner,65909,conditional,single-choice,6,All B are C/All A are B,Yes/No,Yes,Yes,1,,,
mReasoner,65909,conditional,single-choice,7,All B are C/All A are B,Yes/No,Yes,Yes,1,,,
mReasoner,65909,conditional,single-choice,8,All B are C/All A are B,Yes/No,Yes,Yes,1,,,
mReasoner,65909,conditional,single-choice,9,All B are C/No A are C,Yes/No,Yes,Yes,1,,,
mReasoner,65909,conditional,single-choice,10,All B are C/All A are B,Yes/No,Yes,Yes,1,,,
mReasoner,65909,conditional,single-choice,11,All B are C/All A are C,Yes/No,No,Yes,0,,,
mReasoner,65909,conditional,single-choice,12,All B are C/All A are C,Yes/No,Yes,Yes,1,,,
mReasoner,65909,conditional,single-choice,13,All B are C/All A are C,Yes/No,No,Yes,0,,,
mReasoner,65909,conditional,single-choice,14,All B are C/All A are C,Yes/No,Yes,Yes,1,,,
mReasoner,65909,conditional,single-choice,15,All B are C/All A are C,Yes/No,No,Yes,0,,,
mReasoner,65909,conditional,single-choice,16,All B are C/No A are B,Yes/No,Yes,Yes,1,,,
mReasoner,65909,conditional,single-choice,17,All B are C/No A are C,Yes/No,Yes,Yes,1,,,
mReasoner,65909,conditional,single-choice,18,All B are C/All A are B,Yes/No,Yes,Yes,1,,,
mReasoner,65909,conditional,single-choice,19,All B are C/All A are B,Yes/No,No,Yes,0,,,
mReasoner,65909,conditional,single-choice,20,All B are C/All A are C,Yes/No,No,Yes,0,,,
mReasoner,65909,conditional,single-choice,21,All B are C/All A are B,Yes/No,Yes,Yes,1,,,
mReasoner,65909,conditional,single-choice,22,All B are C/No A are B,Yes/No,Yes,Yes,1,,,
mReasoner,65909,conditional,single-choice,23,All B are C/No A are B,Yes/No,Yes,Yes,1,,,
mReasoner,65909,conditional,single-choice,24,All B are C/All A are C,Yes/No,Yes,Yes,1,,,
mReasoner,65909,conditional,single-choice,25,All B are C/No A are B,Yes/No,Yes,Yes,1,,,
mReasoner,65909,conditional,single-choice,26,All B are C/All A are B,Yes/No,Yes,Yes,1,,,
mReasoner,65909,conditional,single-choice,27,All B are C/No A are C,Yes/No,Yes,Yes,1,,,
mReasoner,65909,conditional,single-choice,28,All B are C/No A are B,Yes/No,Yes,Yes,1,,,
mReasoner,65909,conditional,single-choice,29,All B are C/All A are B,Yes/No,Yes,Yes,1,,,
mReasoner,65909,conditional,single-choice,30,All B are C/No A are C,Yes/No,Yes,Yes,1,,,
mReasoner,65909,conditional,single-choice,31,All B are C/No A are B,Yes/No,Yes,Yes,1,,,
mReasoner,65909,conditional,single-choice,32,All B are C/No A are C,Yes/No,Yes,Yes,1,,,
mReasoner,65909,conditional,single-choice,33,All B are C/No A are C,Yes/No,No,Yes,0,,,
mReasoner,65909,conditional,single-choice,34,All B are C/No A are C,Yes/No,No,Yes,0,,,
mReasoner,65909,conditional,single-choice,35,All B are C/No A are B,Yes/No,No,Yes,0,,,
mReasoner,65909,conditional,single-choice,36,All B are C/No A are B,Yes/No,Yes,Yes,1,,,
mReasoner,65909,conditional,single-choice,37,All B are C/No A are C,Yes/No,Yes,Yes,1,,,
mReasoner,65909,conditional,single-choice,38,All B are C/All A are B,Yes/No,Yes,Yes,1,,,
mReasoner,65909,conditional,single-choice,39,All B are C/No A are C,Yes/No,Yes,Yes,1,,,
mReasoner,65909,conditional,single-choice,40,All B are C/All A are C,Yes/No,Yes,Yes,1,,,
mReasoner,65909,conditional,single-choice,41,All B are C/All A are C,Yes/No,Yes,Yes,1,,,
mReasoner,65909,conditional,single-choice,42,All B are C/No A are B,Yes/No,Yes,Yes,1,,,
mReasoner,65909,conditional,single-choice,43,All B are C/No A are C,Yes/No,Yes,Yes,1,,,
mReasoner,65909,conditional,single-choice,44,All B are C/No A are C,Yes/No,Yes,Yes,1,,,
mReasoner,65909,conditional,single-choice,45,All B are C/All A are C,Yes/No,Yes,Yes,1,,,
mReasoner,65909,conditional,single-choice,46,All B are C/No A are B,Yes/No,Yes,Yes,1,,,
mReasoner,65909,conditional,single-choice,47,All B are C/All A are C,Yes/No,Yes,Yes,1,,,
mReasoner,65909,conditional,single-choice,48,All B are C/No A are C,Yes/No,Yes,Yes,1,,,
mReasoner,65909,conditional,single-choice,49,All B are C/All A are B,Yes/No,Yes,Yes,1,,,
mReasoner,65909,conditional,single-choice,50,All B are C/All A are C,Yes/No,Yes,Yes,1,,,
mReasoner,65909,conditional,single-choice,51,All B are C/No A are B,Yes/No,Yes,Yes,1,,,
mReasoner,65909,conditional,single-choice,52,All B are C/No A are B,Yes/No,No,Yes,0,,,
mReasoner,65909,conditional,single-choice,53,All B are C/No A are C,Yes/No,Yes,Yes,1,,,
mReasoner,65909,conditional,single-choice,54,All B are C/All A are B,Yes/No,Yes,Yes,1,,,
mReasoner,65909,conditional,single-choice,55,All B are C/All A are B,Yes/No,Yes,Yes,1,,,
mReasoner,65909,conditional,single-choice,56,All B are C/All A are B,Yes/No,Yes,Yes,1,,,
mReasoner,65909,conditional,single-choice,57,All B are C/All A are B,Yes/No,Yes,Yes,1,,,
mReasoner,65909,conditional,single-choice,58,All B are C/All A are B,Yes/No,Yes,Yes,1,,,
mReasoner,65909,conditional,single-choice,59,All B are C/No A are B,Yes/No,No,Yes,0,,,
mReasoner,65909,conditional,single-choice,60,All B are C/No A are C,Yes/No,Yes,Yes,1,,,
mReasoner,65909,conditional,single-choice,61,All B are C/All A are C,Yes/No,No,Yes,0,,,
mReasoner,65909,conditional,single-choice,62,All B are C/No A are C,Yes/No,Yes,Yes,1,,,
mReasoner,65909,conditional,single-choice,63,All B are C/All A are C,Yes/No,Yes,Yes,1,,,
mReasoner,65909,conditional,single-choice,64,All B are C/No A are C,Yes/No,Yes,Yes,1,,,
mReasoner,65973,conditional,single-choice,1,All B are C/No A are C,Yes/No,Yes,Yes,1,,,
mReasoner,65973,conditional,single-choice,2,All B are C/All A are C,Yes/No,No,Yes,0,,,
mReasoner,65973,conditional,single-choice,3,All B are C/No A are C,Yes/No,Yes,Yes,1,,,
mReasoner,65973,conditional,single-choice,4,All B are C/No A are B,Yes/No,No,Yes,0,,,
mReasoner,65973,conditional,single-choice,5,All B are C/No A are B,Yes/No,No,Yes,0,,,
mReasoner,65973,conditional,single-choice,6,All B are C/All A are B,Yes/No,Yes,Yes,1,,,
mReasoner,65973,conditional,single-choice,7,All B are C/No A are C,Yes/No,Yes,Yes,1,,,
mReasoner,65973,conditional,single-choice,8,All B are C/All A are B,Yes/No,Yes,Yes,1,,,
mReasoner,65973,conditional,single-choice,9,All B are C/No A are C,Yes/No,Yes,Yes,1,,,
mReasoner,65973,conditional,single-choice,10,All B are C/No A are B,Yes/No,No,Yes,0,,,
mReasoner,65973,conditional,single-choice,11,All B are C/All A are B,Yes/No,Yes,Yes,1,,,
mReasoner,65973,conditional,single-choice,12,All B are C/All A are B,Yes/No,Yes,Yes,1,,,
mReasoner,65973,conditional,single-choice,13,All B are C/All A are B,Yes/No,Yes,Yes,1,,,
mReasoner,65973,conditional,single-choice,14,All B are C/No A are B,Yes/No,No,Yes,0,,,
mReasoner,65973,conditional,single-choice,15,All B are C/All A are B,Yes/No,Yes,Yes,1,,,
mReasoner,65973,conditional,single-choice,16,All B are C/No A are C,Yes/No,Yes,Yes,1,,,
mReasoner,65973,conditional,single-choice,17,All B are C/All A are C,Yes/No,No,Yes,0,,,
mReasoner,65973,conditional,single-choice,18,All B are C/No A are C,Yes/No,Yes,Yes,1,,,
mReasoner,65973,conditional,single-choice,19,All B are C/All A are C,Yes/No,No,Yes,0,,,
mReasoner,65973,conditional,single-choice,20,All B are C/All A are C,Yes/No,No,Yes,0,,,
mReasoner,65973,conditional,single-choice,21,All B are C/All A are B,Yes/No,Yes,Yes,1,,,
mReasoner,65973,conditional,single-choice,22,All B are C/No A are B,Yes/No,No,Yes,0,,,
mReasoner,65973,conditional,single-choice,23,All B are C/All A are B,Yes/No,Yes,Yes,1,,,
mReasoner,65973,conditional,single-choice,24,All B are C/No A are B,Yes/No,No,Yes,0,,,
mReasoner,65973,conditional,single-choice,25,All B are C/All A are C,Yes/No,No,Yes,0,,,
mReasoner,65973,conditional,single-choice,26,All B are C/No A are B,Yes/No,No,Yes,0,,,
mReasoner,65973,conditional,single-choice,27,All B are C/No A are B,Yes/No,No,Yes,0,,,
mReasoner,65973,conditional,single-choice,28,All B are C/All A are C,Yes/No,No,Yes,0,,,
mReasoner,65973,conditional,single-choice,29,All B are C/All A are B,Yes/No,Yes,Yes,1,,,
mReasoner,65973,conditional,single-choice,30,All B are C/All A are C,Yes/No,No,Yes,0,,,
mReasoner,65973,conditional,single-choice,31,All B are C/No A are B,Yes/No,No,Yes,0,,,
mReasoner,65973,conditional,single-choice,32,All B are C/All A are C,Yes/No,No,Yes,0,,,
mReasoner,65973,conditional,single-choice,33,All B are C/No A are C,Yes/No,Yes,Yes,1,,,
mReasoner,65973,conditional,single-choice,34,All B are C/All A are C,Yes/No,No,Yes,0,,,
mReasoner,65973,conditional,single-choice,35,All B are C/All A are B,Yes/No,Yes,Yes,1,,,
mReasoner,65973,conditional,single-choice,36,All B are C/No A are C,Yes/No,Yes,Yes,1,,,
mReasoner,65973,conditional,single-choice,37,All B are C/No A are B,Yes/No,No,Yes,0,,,
mReasoner,65973,conditional,single-choice,38,All B are C/No A are C,Yes/No,Yes,Yes,1,,,
mReasoner,65973,conditional,single-choice,39,All B are C/All A are C,Yes/No,No,Yes,0,,,
mReasoner,65973,conditional,single-choice,40,All B are C/No A are B,Yes/No,Yes,Yes,1,,,
mReasoner,65973,conditional,single-choice,41,All B are C/No A are C,Yes/No,Yes,Yes,1,,,
mReasoner,65973,conditional,single-choice,42,All B are C/No A are B,Yes/No,No,Yes,0,,,
mReasoner,65973,conditional,single-choice,43,All B are C/All A are C,Yes/No,No,Yes,0,,,
mReasoner,65973,conditional,single-choice,44,All B are C/All A are C,Yes/No,No,Yes,0,,,
mReasoner,65973,conditional,single-choice,45,All B are C/All A are C,Yes/No,No,Yes,0,,,
mReasoner,65973,conditional,single-choice,46,All B are C/All A are C,Yes/No,No,Yes,0,,,
mReasoner,65973,conditional,single-choice,47,All B are C/No A are C,Yes/No,Yes,Yes,1,,,
mReasoner,65973,conditional,single-choice,48,All B are C/No A are B,Yes/No,No,Yes,0,,,
mReasoner,65973,conditional,single-choice,49,All B are C/All A are B,Yes/No,Yes,Yes,1,,,
mReasoner,65973,conditional,single-choice,50,All B are C/No A are B,Yes/No,No,Yes,0,,,
mReasoner,65973,conditional,single-choice,51,All B are C/No A are C,Yes/No,Yes,Yes,1,,,
mReasoner,65973,conditional,single-choice,52,All B are C/No A are C,Yes/No,Yes,Yes,1,,,
mReasoner,65973,conditional,single-choice,53,All B are C/All A are B,Yes/No,Yes,Yes,1,,,
mReasoner,65973,conditional,single-choice,54,All B are C/All A are B,Yes/No,Yes,Yes,1,,,
mReasoner,65973,conditional,single-choice,55,All B are C/All A are B,Yes/No,Yes,Yes,1,,,
mReasoner,65973,conditional,single-choice,56,All B are C/No A are C,Yes/No,Yes,Yes,1,,,
mReasoner,65973,conditional,single-choice,57,All B are C/No A are B,Yes/No,No,Yes,0,,,
mReasoner,65973,conditional,single-choice,58,All B are C/All A are C,Yes/No,No,Yes,0,,,
mReasoner,65973,conditional,single-choice,59,All B are C/No A are C,Yes/No,Yes,Yes,1,,,
mReasoner,65973,conditional,single-choice,60,All B are C/All A are B,Yes/No,Yes,Yes,1,,,
mReasoner,65973,conditional,single-choice,61,All B are C/No A are B,Yes/No,No,Yes,0,,,
mReasoner,65973,conditional,single-choice,62,All B are C/All A are C,Yes/No,No,Yes,0,,,
mReasoner,65973,conditional,single-choice,63,All B are C/No A are C,Yes/No,Yes,Yes,1,,,
mReasoner,65973,conditional,single-choice,64,All B are C/All A are B,Yes/No,Yes,Yes,1,,,
mReasoner,65995,conditional,single-choice,1,All B are C/No A are B,Yes/No,Yes,Yes,1,,,
mReasoner,65995,conditional,single-choice,2,All B are C/No A are C,Yes/No,No,Yes,0,,,
mReasoner,65995,conditional,single-choice,3,All B are C/No A are B,Yes/No,No,Yes,0,,,
mReasoner,65995,conditional,single-choice,4,All B are C/All A are C,Yes/No,Yes,Yes,1,,,
mReasoner,65995,conditional,single-choice,5,All B are C/No A are B,Yes/No,Yes,Yes,1,,,
mReasoner,65995,conditional,single-choice,6,All B are C/No A are C,Yes/No,Yes,Yes,1,,,
mReasoner,65995,conditional,single-choice,7,All B are C/All A are B,Yes/No,Yes,Yes,1,,,
mReasoner,65995,conditional,single-choice,8,All B are C/No A are C,Yes/No,No,Yes,0,,,
mReasoner,65995,conditional,single-choice,9,All B are C/All A are B,Yes/No,Yes,Yes,1,,,
mReasoner,65995,conditional,single-choice,10,All B are C/No A are B,Yes/No,Yes,Yes,1,,,
mReasoner,65995,conditional,single-choice,11,All B are C/No A are B,Yes/No,Yes,Yes,1,,,
mReasoner,65995,conditional,single-choice,12,All B are C/All A are C,Yes/No,Yes,Yes,1,,,
mReasoner,65995,conditional,single-choice,13,All B are C/All A are B,Yes/No,Yes,Yes,1,,,
mReasoner,65995,conditional,single-choice,14,All B are C/No A are C,Yes/No,Yes,Yes,1,,,
mReasoner,65995,conditional,single-choice,15,All B are C/No A are B,Yes/No,Yes,Yes,1,,,
mReasoner,65995,conditional,single-choice,16,All B are C/No A are C,Yes/No,Yes,Yes,1,,,
mReasoner,65995,conditional,single-choice,17,All B are C/No A are B,Yes/No,Yes,Yes,1,,,
mReasoner,65995,conditional,single-choice,18,All B are C/All A are B,Yes/No,Yes,Yes,1,,,
mReasoner,65995,conditional,single-choice,19,All B are C/All A are C,Yes/No,Yes,Yes,1,,,
mReasoner,65995,conditional,single-choice,20,All B are C/All A are C,Yes/No,Yes,Yes,1,,,
mReasoner,65995,conditional,single-choice,21,All B are C/No A are C,Yes/No,Yes,Yes,1,,,
mReasoner,65995,conditional,single-choice,22,All B are C/No A are B,Yes/No,Yes,Yes,1,,,
mReasoner,65995,conditional,single-choice,23,All B are C/No A are B,Yes/No,No,Yes,0,,,
mReasoner,65995,conditional,single-choice,24,All B are C/No A are C,Yes/No,Yes,Yes,1,,,
mReasoner,65995,conditional,single-choice,25,All B are C/All A are C,Yes/No,Yes,Yes,1,,,
mReasoner,65995,conditional,single-choice,26,All B are C/All A are C,Yes/No,Yes,Yes,1,,,
mReasoner,65995,conditional,single-choice,27,All B are C/All A are C,Yes/No,Yes,Yes,1,,,
mReasoner,65995,conditional,single-choice,28,All B are C/All A are C,Yes/No,Yes,Yes,1,,,
mReasoner,65995,conditional,single-choice,29,All B are C/All A are C,Yes/No,Yes,Yes,1,,,
mReasoner,65995,conditional,single-choice,30,All B are C/All A are B,Yes/No,Yes,Yes,1,,,
mReasoner,65995,conditional,single-choice,31,All B are C/All A are C,Yes/No,Yes,Yes,1,,,
mReasoner,65995,conditional,single-choice,32,All B are C/No A are B,Yes/No,Yes,Yes,1,,,
mReasoner,65995,conditional,single-choice,33,All B are C/All A are B,Yes/No,Yes,Yes,1,,,
mReasoner,65995,conditional,single-choice,34,All B are C/All A are B,Yes/No,Yes,Yes,1,,,
mReasoner,65995,conditional,single-choice,35,All B are C/No A are C,Yes/No,Yes,Yes,1,,,
mReasoner,65995,conditional,single-choice,36,All B are C/No A are C,Yes/No,Yes,Yes,1,,,
mReasoner,65995,conditional,single-choice,37,All B are C/No A are B,Yes/No,Yes,Yes,1,,,
mReasoner,65995,conditional,single-choice,38,All B are C/All A are C,Yes/No,Yes,Yes,1,,,
mReasoner,65995,conditional,single-choice,39,All B are C/All A are B,Yes/No,Yes,Yes,1,,,
mReasoner,65995,conditional,single-choice,40,All B are C/No A are C,Yes/No,Yes,Yes,1,,,
mReasoner,65995,conditional,single-choice,41,All B are C/No A are B,Yes/No,Yes,Yes,1,,,
mReasoner,65995,conditional,single-choice,42,All B are C/All A are B,Yes/No,Yes,Yes,1,,,
mReasoner,65995,conditional,single-choice,43,All B are C/No A are B,Yes/No,Yes,Yes,1,,,
mReasoner,65995,conditional,single-choice,44,All B are C/No A are C,Yes/No,Yes,Yes,1,,,
mReasoner,65995,conditional,single-choice,45,All B are C/All A are C,Yes/No,Yes,Yes,1,,,
mReasoner,65995,conditional,single-choice,46,All B are C/No A are B,Yes/No,No,Yes,0,,,
mReasoner,65995,conditional,single-choice,47,All B are C/All A are B,Yes/No,Yes,Yes,1,,,
mReasoner,65995,conditional,single-choice,48,All B are C/All A are C,Yes/No,Yes,Yes,1,,,
mReasoner,65995,conditional,single-choice,49,All B are C/No A are C,Yes/No,Yes,Yes,1,,,
mReasoner,65995,conditional,single-choice,50,All B are C/No A are C,Yes/No,Yes,Yes,1,,,
mReasoner,65995,conditional,single-choice,51,All B are C/All A are B,Yes/No,Yes,Yes,1,,,
mReasoner,65995,conditional,single-choice,52,All B are C/No A are B,Yes/No,Yes,Yes,1,,,
mReasoner,65995,conditional,single-choice,53,All B are C/All A are B,Yes/No,Yes,Yes,1,,,
mReasoner,65995,conditional,single-choice,54,All B are C/All A are B,Yes/No,Yes,Yes,1,,,
mReasoner,65995,conditional,single-choice,55,All B are C/All A are C,Yes/No,Yes,Yes,1,,,
mReasoner,65995,conditional,single-choice,56,All B are C/All A are B,Yes/No,Yes,Yes,1,,,
mReasoner,65995,conditional,single-choice,57,All B are C/All A are C,Yes/No,Yes,Yes,1,,,
mReasoner,65995,conditional,single-choice,58,All B are C/All A are B,Yes/No,Yes,Yes,1,,,
mReasoner,65995,conditional,single-choice,59,All B are C/All A are C,Yes/No,Yes,Yes,1,,,
mReasoner,65995,conditional,single-choice,60,All B are C/No A are B,Yes/No,Yes,Yes,1,,,
mReasoner,65995,conditional,single-choice,61,All B are C/All A are B,Yes/No,No,Yes,0,,,
mReasoner,65995,conditional,single-choice,62,All B are C/No A are C,Yes/No,No,Yes,0,,,
mReasoner,65995,conditional,single-choice,63,All B are C/No A are C,Yes/No,Yes,Yes,1,,,
mReasoner,65995,conditional,single-choice,64,All B are C/No A are C,Yes/No,Yes,Yes,1,,,
mReasoner,66020,conditional,single-choice,1,All B are C/All A are B,Yes/No,Yes,Yes,1,,,
mReasoner,66020,conditional,single-choice,2,All B are C/No A are C,Yes/No,Yes,Yes,1,,,
mReasoner,66020,conditional,single-choice,3,All B are C/All A are C,Yes/No,Yes,Yes,1,,,
mReasoner,66020,conditional,single-choice,4,All B are C/All A are B,Yes/No,No,Yes,0,,,
mReasoner,66020,conditional,single-choice,5,All B are C/No A are B,Yes/No,No,Yes,0,,,
mReasoner,66020,conditional,single-choice,6,All B are C/All A are B,Yes/No,Yes,Yes,1,,,
mReasoner,66020,conditional,single-choice,7,All B are C/No A are C,Yes/No,Yes,Yes,1,,,
mReasoner,66020,conditional,single-choice,8,All B are C/No A are B,Yes/No,Yes,Yes,1,,,
mReasoner,66020,conditional,single-choice,9,All B are C/No A are C,Yes/No,Yes,Yes,1,,,
mReasoner,66020,conditional,single-choice,10,All B are C/No A are B,Yes/No,Yes,Yes,1,,,
mReasoner,66020,conditional,single-choice,11,All B are C/All A are B,Yes/No,Yes,Yes,1,,,
mReasoner,66020,conditional,single-choice,12,All B are C/All A are B,Yes/No,Yes,Yes,1,,,
mReasoner,66020,conditional,single-choice,13,All B are C/All A are B,Yes/No,Yes,Yes,1,,,
mReasoner,66020,conditional,single-choice,14,All B are C/All A are C,Yes/No,No,Yes,0,,,
mReasoner,66020,conditional,single-choice,15,All B are C/No A are B,Yes/No,Yes,Yes,1,,,
mReasoner,66020,conditional,single-choice,16,All B are C/All A are B,Yes/No,Yes,Yes,1,,,
mReasoner,66020,conditional,single-choice,17,All B are C/No A are C,Yes/No,Yes,Yes,1,,,
mReasoner,66020,conditional,single-choice,18,All B are C/No A are C,Yes/No,Yes,Yes,1,,,
mReasoner,66020,conditional,single-choice,19,All B are C/No A are C,Yes/No,Yes,Yes,1,,,
mReasoner,66020,conditional,single-choice,20,All B are C/No A are C,Yes/No,Yes,Yes,1,,,
mReasoner,66020,conditional,single-choice,21,All B are C/All A are C,Yes/No,Yes,Yes,1,,,
mReasoner,66020,conditional,single-choice,22,All B are C/No A are C,Yes/No,Yes,Yes,1,,,
mReasoner,66020,conditional,single-choice,23,All B are C/All A are C,Yes/No,Yes,Yes,1,,,
mReasoner,66020,conditional,single-choice,24,All B are C/No A are C,Yes/No,Yes,Yes,1,,,
mReasoner,66020,conditional,single-choice,25,All B are C/All A are C,Yes/No,Yes,Yes,1,,,
mReasoner,66020,conditional,single-choice,26,All B are C/All A are B,Yes/No,No,Yes,0,,,
mReasoner,66020,conditional,single-choice,27,All B are C/No A are C,Yes/No,Yes,Yes,1,,,
mReasoner,66020,conditional,single-choice,28,All B are C/No A are B,Yes/No,Yes,Yes,1,,,
mReasoner,66020,conditional,single-choice,29,All B are C/No A are B,Yes/No,Yes,Yes,1,,,
mReasoner,66020,conditional,single-choice,30,All B are C/No A are C,Yes/No,Yes,Yes,1,,,
mReasoner,66020,conditional,single-choice,31,All B are C/All A are B,Yes/No,Yes,Yes,1,,,
mReasoner,66020,conditional,single-choice,32,All B are C/All A are C,Yes/No,No,Yes,0,,,
mReasoner,66020,conditional,single-choice,33,All B are C/All A are B,Yes/No,Yes,Yes,1,,,
mReasoner,66020,conditional,single-choice,34,All B are C/All A are C,Yes/No,Yes,Yes,1,,,
mReasoner,66020,conditional,single-choice,35,All B are C/All A are B,Yes/No,Yes,Yes,1,,,
mReasoner,66020,conditional,single-choice,36,All B are C/No A are C,Yes/No,No,Yes,0,,,
mReasoner,66020,conditional,single-choice,37,All B are C/No A are B,Yes/No,Yes,Yes,1,,,
mReasoner,66020,conditional,single-choice,38,All B are C/All A are B,Yes/No,Yes,Yes,1,,,
mReasoner,66020,conditional,single-choice,39,All B are C/All A are C,Yes/No,Yes,Yes,1,,,
mReasoner,66020,conditional,single-choice,40,All B are C/No A are B,Yes/No,Yes,Yes,1,,,
mReasoner,66020,conditional,single-choice,41,All B are C/All A are B,Yes/No,Yes,Yes,1,,,
mReasoner,66020,conditional,single-choice,42,All B are C/No A are B,Yes/No,Yes,Yes,1,,,
mReasoner,66020,conditional,single-choice,43,All B are C/No A are B,Yes/No,Yes,Yes,1,,,
mReasoner,66020,conditional,single-choice,44,All B are C/No A are B,Yes/No,Yes,Yes,1,,,
mReasoner,66020,conditional,single-choice,45,All B are C/All A are C,Yes/No,Yes,Yes,1,,,
mReasoner,66020,conditional,single-choice,46,All B are C/No A are B,Yes/No,Yes,Yes,1,,,
mReasoner,66020,conditional,single-choice,47,All B are C/All A are C,Yes/No,Yes,Yes,1,,,
mReasoner,66020,conditional,single-choice,48,All B are C/All A are C,Yes/No,Yes,Yes,1,,,
mReasoner,66020,conditional,single-choice,49,All B are C/All A are C,Yes/No,Yes,Yes,1,,,
mReasoner,66020,conditional,single-choice,50,All B are C/All A are C,Yes/No,Yes,Yes,1,,,
mReasoner,66020,conditional,single-choice,51,All B are C/All A are B,Yes/No,Yes,Yes,1,,,
mReasoner,66020,conditional,single-choice,52,All B are C/No A are B,Yes/No,Yes,Yes,1,,,
mReasoner,66020,conditional,single-choice,53,All B are C/All A are C,Yes/No,Yes,Yes,1,,,
mReasoner,66020,conditional,single-choice,54,All B are C/No A are C,Yes/No,Yes,Yes,1,,,
mReasoner,66020,conditional,single-choice,55,All B are C/No A are B,Yes/No,No,Yes,0,,,
mReasoner,66020,conditional,single-choice,56,All B are C/All A are C,Yes/No,Yes,Yes,1,,,
mReasoner,66020,conditional,single-choice,57,All B are C/No A are B,Yes/No,No,Yes,0,,,
mReasoner,66020,conditional,single-choice,58,All B are C/No A are B,Yes/No,No,Yes,0,,,
mReasoner,66020,conditional,single-choice,59,All B are C/All A are B,Yes/No,Yes,Yes,1,,,
mReasoner,66020,conditional,single-choice,60,All B are C/No A are C,Yes/No,No,Yes,0,,,
mReasoner,66020,conditional,single-choice,61,All B are C/All A are B,Yes/No,Yes,Yes,1,,,
mReasoner,66020,conditional,single-choice,62,All B are C/No A are C,Yes/No,Yes,Yes,1,,,
mReasoner,66020,conditional,single-choice,63,All B are C/All A are C,Yes/No,Yes,Yes,1,,,
mReasoner,66020,conditional,single-choice,64,All B are C/No A are C,Yes/No,No,Yes,0,,,
mReasoner,66022,conditional,single-choice,1,All B are C/No A are B,Yes/No,Yes,Yes,1,,,
mReasoner,66022,conditional,single-choice,2,All B are C/No A are C,Yes/No,Yes,Yes,1,,,
mReasoner,66022,conditional,single-choice,3,All B are C/No A are C,Yes/No,Yes,Yes,1,,,
mReasoner,66022,conditional,single-choice,4,All B are C/All A are B,Yes/No,Yes,Yes,1,,,
mReasoner,66022,conditional,single-choice,5,All B are C/All A are B,Yes/No,Yes,Yes,1,,,
mReasoner,66022,conditional,single-choice,6,All B are C/No A are B,Yes/No,Yes,Yes,1,,,
mReasoner,66022,conditional,single-choice,7,All B are C/All A are B,Yes/No,Yes,Yes,1,,,
mReasoner,66022,conditional,single-choice,8,All B are C/No A are B,Yes/No,Yes,Yes,1,,,
mReasoner,66022,conditional,single-choice,9,All B are C/All A are C,Yes/No,Yes,Yes,1,,,
mReasoner,66022,conditional,single-choice,10,All B are C/No A are C,Yes/No,Yes,Yes,1,,,
mReasoner,66022,conditional,single-choice,11,All B are C/All A are C,Yes/No,No,Yes,0,,,
mReasoner,66022,conditional,single-choice,12,All B are C/All A are C,Yes/No,Yes,Yes,1,,,
mReasoner,66022,conditional,single-choice,13,All B are C/All A are C,Yes/No,No,Yes,0,,,
mReasoner,66022,conditional,single-choice,14,All B are C/No A are B,Yes/No,Yes,Yes,1,,,
mReasoner,66022,conditional,single-choice,15,All B are C/All A are C,Yes/No,Yes,Yes,1,,,
mReasoner,66022,conditional,single-choice,16,All B are C/No A are C,Yes/No,Yes,Yes,1,,,
mReasoner,66022,conditional,single-choice,17,All B are C/No A are B,Yes/No,No,Yes,0,,,
mReasoner,66022,conditional,single-choice,18,All B are C/No A are B,Yes/No,Yes,Yes,1,,,
mReasoner,66022,conditional,single-choice,19,All B are C/All A are B,Yes/No,Yes,Yes,1,,,
mReasoner,66022,conditional,single-choice,20,All B are C/All A are C,Yes/No,No,Yes,0,,,
mReasoner,66022,conditional,single-choice,21,All B are C/No A are C,Yes/No,Yes,Yes,1,,,
mReasoner,66022,conditional,single-choice,22,All B are C/No A are C,Yes/No,Yes,Yes,1,,,
mReasoner,66022,conditional,single-choice,23,All B are C/No A are B,Yes/No,Yes,Yes,1,,,
mReasoner,66022,conditional,single-choice,24,All B are C/All A are B,Yes/No,Yes,Yes,1,,,
mReasoner,66022,conditional,single-choice,25,All B are C/All A are C,Yes/No,Yes,Yes,1,,,
mReasoner,66022,conditional,single-choice,26,All B are C/All A are B,Yes/No,Yes,Yes,1,,,
mReasoner,66022,conditional,single-choice,27,All B are C/All A are B,Yes/No,Yes,Yes,1,,,
mReasoner,66022,conditional,single-choice,28,All B are C/No A are C,Yes/No,No,Yes,0,,,
mReasoner,66022,conditional,single-choice,29,All B are C/All A are C,Yes/No,Yes,Yes,1,,,
mReasoner,66022,conditional,single-choice,30,All B are C/All A are B,Yes/No,Yes,Yes,1,,,
mReasoner,66022,conditional,single-choice,31,All B are C/All A are B,Yes/No,Yes,Yes,1,,,
mReasoner,66022,conditional,single-choice,32,All B are C/All A are B,Yes/No,Yes,Yes,1,,,
mReasoner,66022,conditional,single-choice,33,All B are C/No A are C,Yes/No,No,Yes,0,,,
mReasoner,66022,conditional,single-choice,34,All B are C/No A are C,Yes/No,Yes,Yes,1,,,
mReasoner,66022,conditional,single-choice,35,All B are C/All A are C,Yes/No,Yes,Yes,1,,,
mReasoner,66022,conditional,single-choice,36,All B are C/All A are B,Yes/No,Yes,Yes,1,,,
mReasoner,66022,conditional,single-choice,37,All B are C/All A are B,Yes/No,Yes,Yes,1,,,
mReasoner,66022,conditional,single-choice,38,All B are C/All A are C,Yes/No,No,Yes,0,,,
mReasoner,66022,conditional,single-choice,39,All B are C/No A are C,Yes/No,Yes,Yes,1,,,
mReasoner,66022,conditional,single-choice,40,All B are C/All A are B,Yes/No,Yes,Yes,1,,,
mReasoner,66022,conditional,single-choice,41,All B are C/No A are B,Yes/No,Yes,Yes,1,,,
mReasoner,66022,conditional,single-choice,42,All B are C/No A are B,Yes/No,Yes,Yes,1,,,
mReasoner,66022,conditional,single-choice,43,All B are C/No A are C,Yes/No,Yes,Yes,1,,,
mReasoner,66022,conditional,single-choice,44,All B are C/All A are C,Yes/No,No,Yes,0,,,
mReasoner,66022,conditional,single-choice,45,All B are C/No A are B,Yes/No,No,Yes,0,,,
mReasoner,66022,conditional,single-choice,46,All B are C/No A are B,Yes/No,Yes,Yes,1,,,
mReasoner,66022,conditional,single-choice,47,All B are C/All A are C,Yes/No,Yes,Yes,1,,,
mReasoner,66022,conditional,single-choice,48,All B are C/All A are C,Yes/No,Yes,Yes,1,,,
mReasoner,66022,conditional,single-choice,49,All B are C/No A are C,Yes/No,Yes,Yes,1,,,
mReasoner,66022,conditional,single-choice,50,All B are C/No A are B,Yes/No,Yes,Yes,1,,,
mReasoner,66022,conditional,single-choice,51,All B are C/No A are B,Yes/No,Yes,Yes,1,,,
mReasoner,66022,conditional,single-choice,52,All B are C/All A are C,Yes/No,Yes,Yes,1,,,
mReasoner,66022,conditional,single-choice,53,All B are C/All A are C,Yes/No,No,Yes,0,,,
mReasoner,66022,conditional,single-choice,54,All B are C/All A are B,Yes/No,Yes,Yes,1,,,
mReasoner,66022,conditional,single-choice,55,All B are C/No A are C,Yes/No,No,Yes,0,,,
mReasoner,66022,conditional,single-choice,56,All B are C/No A are B,Yes/No,Yes,Yes,1,,,
mReasoner,66022,conditional,single-choice,57,All B are C/No A are C,Yes/No,Yes,Yes,1,,,
mReasoner,66022,conditional,single-choice,58,All B are C/All A are B,Yes/No,Yes,Yes,1,,,
mReasoner,66022,conditional,single-choice,59,All B are C/No A are B,Yes/No,Yes,Yes,1,,,
mReasoner,66022,conditional,single-choice,60,All B are C/All A are C,Yes/No,Yes,Yes,1,,,
mReasoner,66022,conditional,single-choice,61,All B are C/All A are B,Yes/No,No,Yes,0,,,
mReasoner,66022,conditional,single-choice,62,All B are C/No A are C,Yes/No,No,Yes,0,,,
mReasoner,66022,conditional,single-choice,63,All B are C/No A are C,Yes/No,Yes,Yes,1,,,
mReasoner,66022,conditional,single-choice,64,All B are C/No A are B,Yes/No,No,Yes,0,,,
mReasoner,66036,conditional,single-choice,1,All B are C/No A are B,Yes/No,No,Yes,0,,,
mReasoner,66036,conditional,single-choice,2,All B are C/All A are C,Yes/No,No,Yes,0,,,
mReasoner,66036,conditional,single-choice,3,All B are C/No A are B,Yes/No,No,Yes,0,,,
mReasoner,66036,conditional,single-choice,4,All B are C/All A are C,Yes/No,Yes,Yes,1,,,
mReasoner,66036,conditional,single-choice,5,All B are C/All A are C,Yes/No,No,Yes,0,,,
mReasoner,66036,conditional,single-choice,6,All B are C/No A are C,Yes/No,Yes,Yes,1,,,
mReasoner,66036,conditional,single-choice,7,All B are C/All A are B,Yes/No,No,Yes,0,,,
mReasoner,66036,conditional,single-choice,8,All B are C/No A are B,Yes/No,Yes,Yes,1,,,
mReasoner,66036,conditional,single-choice,9,All B are C/All A are B,Yes/No,No,Yes,0,,,
mReasoner,66036,conditional,single-choice,10,All B are C/All A are B,Yes/No,Yes,Yes,1,,,
mReasoner,66036,conditional,single-choice,11,All B are C/All A are C,Yes/No,Yes,Yes,1,,,
mReasoner,66036,conditional,single-choice,12,All B are C/All A are B,Yes/No,No,Yes,0,,,
mReasoner,66036,conditional,single-choice,13,All B are C/No A are B,Yes/No,No,Yes,0,,,
mReasoner,66036,conditional,single-choice,14,All B are C/All A are C,Yes/No,Yes,Yes,1,,,
mReasoner,66036,conditional,single-choice,15,All B are C/All A are C,Yes/No,No,Yes,0,,,
mReasoner,66036,conditional,single-choice,16,All B are C/No A are B,Yes/No,No,Yes,0,,,
mReasoner,66036,conditional,single-choice,17,All B are C/No A are B,Yes/No,Yes,Yes,1,,,
mReasoner,66036,conditional,single-choice,18,All B are C/All A are B,Yes/No,Yes,Yes,1,,,
mReasoner,66036,conditional,single-choice,19,All B are C/All A are B,Yes/No,No,Yes,0,,,
mReasoner,66036,conditional,single-choice,20,All B are C/All A are C,Yes/No,Yes,Yes,1,,,
mReasoner,66036,conditional,single-choice,21,All B are C/No A are B,Yes/No,Yes,Yes,1,,,
mReasoner,66036,conditional,single-choice,22,All B are C/No A are B,Yes/No,No,Yes,0,,,
mReasoner,66036,conditional,single-choice,23,All B are C/No A are B,Yes/No,Yes,Yes,1,,,
mReasoner,66036,conditional,single-choice,24,All B are C/All A are C,Yes/No,Yes,Yes,1,,,
mReasoner,66036,conditional,single-choice,25,All B are C/All A are B,Yes/No,Yes,Yes,1,,,
mReasoner,66036,conditional,single-choice,26,All B are C/No A are C,Yes/No,Yes,Yes,1,,,
mReasoner,66036,conditional,single-choice,27,All B are C/No A are B,Yes/No,No,Yes,0,,,
mReasoner,66036,conditional,single-choice,28,All B are C/All A are B,Yes/No,Yes,Yes,1,,,
mReasoner,66036,conditional,single-choice,29,All B are C/No A are B,Yes/No,No,Yes,0,,,
mReasoner,66036,conditional,single-choice,30,All B are C/No A are B,Yes/No,No,Yes,0,,,
mReasoner,66036,conditional,single-choice,31,All B are C/No A are B,Yes/No,Yes,Yes,1,,,
mReasoner,66036,conditional,single-choice,32,All B are C/No A are C,Yes/No,No,Yes,0,,,
mReasoner,66036,conditional,single-choice,33,All B are C/All A are B,Yes/No,Yes,Yes,1,,,
mReasoner,66036,conditional,single-choice,34,All B are C/No A are C,Yes/No,No,Yes,0,,,
mReasoner,66036,conditional,single-choice,35,All B are C/All A are C,Yes/No,Yes,Yes,1,,,
mReasoner,66036,conditional,single-choice,36,All B are C/No A are C,Yes/No,Yes,Yes,1,,,
mReasoner,66036,conditional,single-choice,37,All B are C/All A are C,Yes/No,Yes,Yes,1,,,
mReasoner,66036,conditional,single-choice,38,All B are C/No A are C,Yes/No,No,Yes,0,,,
mReasoner,66036,conditional,single-choice,39,All B are C/All A are B,Yes/No,Yes,Yes,1,,,
mReasoner,66036,conditional,single-choice,40,All B are C/No A are C,Yes/No,Yes,Yes,1,,,
mReasoner,66036,conditional,single-choice,41,All B are C/No A are B,Yes/No,Yes,Yes,1,,,
mReasoner,66036,conditional,single-choice,42,All B are C/No A are C,Yes/No,Yes,Yes,1,,,
mReasoner,66036,conditional,single-choice,43,All B are C/All A are C,Yes/No,Yes,Yes,1,,,
mReasoner,66036,conditional,single-choice,44,All B are C/All A are B,Yes/No,No,Yes,0,,,
mReasoner,66036,conditional,single-choice,45,All B are C/No A are C,Yes/No,No,Yes,0,,,
mReasoner,66036,conditional,single-choice,46,All B are C/All A are C,Yes/No,Yes,Yes,1,,,
mReasoner,66036,conditional,single-choice,47,All B are C/All A are B,Yes/No,Yes,Yes,1,,,
mReasoner,66036,conditional,single-choice,48,All B are C/All A are B,Yes/No,Yes,Yes,1,,,
mReasoner,66036,conditional,single-choice,49,All B are C/All A are C,Yes/No,No,Yes,0,,,
mReasoner,66036,conditional,single-choice,50,All B are C/No A are C,Yes/No,No,Yes,0,,,
mReasoner,66036,conditional,single-choice,51,All B are C/No A are B,Yes/No,Yes,Yes,1,,,
mReasoner,66036,conditional,single-choice,52,All B are C/No A are C,Yes/No,No,Yes,0,,,
mReasoner,66036,conditional,single-choice,53,All B are C/All A are B,Yes/No,No,Yes,0,,,
mReasoner,66036,conditional,single-choice,54,All B are C/No A are C,Yes/No,Yes,Yes,1,,,
mReasoner,66036,conditional,single-choice,55,All B are C/All A are B,Yes/No,Yes,Yes,1,,,
mReasoner,66036,conditional,single-choice,56,All B are C/No A are C,Yes/No,No,Yes,0,,,
mReasoner,66036,conditional,single-choice,57,All B are C/No A are C,Yes/No,Yes,Yes,1,,,
mReasoner,66036,conditional,single-choice,58,All B are C/All A are C,Yes/No,No,Yes,0,,,
mReasoner,66036,conditional,single-choice,59,All B are C/All A are C,Yes/No,No,Yes,0,,,
mReasoner,66036,conditional,single-choice,60,All B are C/All A are C,Yes/No,Yes,Yes,1,,,
mReasoner,66036,conditional,single-choice,61,All B are C/No A are C,Yes/No,No,Yes,0,,,
mReasoner,66036,conditional,single-choice,62,All B are C/No A are B,Yes/No,No,Yes,0,,,
mReasoner,66036,conditional,single-choice,63,All B are C/No A are C,Yes/No,No,Yes,0,,,
mReasoner,66036,conditional,single-choice,64,All B are C/All A are B,Yes/No,No,Yes,0,,,
mReasoner,66050,conditional,single-choice,1,All B are C/No A are C,Yes/No,Yes,Yes,1,,,
mReasoner,66050,conditional,single-choice,2,All B are C/All A are C,Yes/No,Yes,Yes,1,,,
mReasoner,66050,conditional,single-choice,3,All B are C/All A are B,Yes/No,Yes,Yes,1,,,
mReasoner,66050,conditional,single-choice,4,All B are C/No A are B,Yes/No,Yes,Yes,1,,,
mReasoner,66050,conditional,single-choice,5,All B are C/No A are B,Yes/No,Yes,Yes,1,,,
mReasoner,66050,conditional,single-choice,6,All B are C/No A are B,Yes/No,No,Yes,0,,,
mReasoner,66050,conditional,single-choice,7,All B are C/No A are C,Yes/No,Yes,Yes,1,,,
mReasoner,66050,conditional,single-choice,8,All B are C/No A are C,Yes/No,Yes,Yes,1,,,
mReasoner,66050,conditional,single-choice,9,All B are C/All A are B,Yes/No,Yes,Yes,1,,,
mReasoner,66050,conditional,single-choice,10,All B are C/All A are C,Yes/No,No,Yes,0,,,
mReasoner,66050,conditional,single-choice,11,All B are C/No A are C,Yes/No,No,Yes,0,,,
mReasoner,66050,conditional,single-choice,12,All B are C/No A are B,Yes/No,Yes,Yes,1,,,
mReasoner,66050,conditional,single-choice,13,All B are C/All A are B,Yes/No,No,Yes,0,,,
mReasoner,66050,conditional,single-choice,14,All B are C/All A are C,Yes/No,No,Yes,0,,,
mReasoner,66050,conditional,single-choice,15,All B are C/All A are B,Yes/No,Yes,Yes,1,,,
mReasoner,66050,conditional,single-choice,16,All B are C/No A are C,Yes/No,Yes,Yes,1,,,
mReasoner,66050,conditional,single-choice,17,All B are C/No A are B,Yes/No,Yes,Yes,1,,,
mReasoner,66050,conditional,single-choice,18,All B are C/No A are B,Yes/No,Yes,Yes,1,,,
mReasoner,66050,conditional,single-choice,19,All B are C/No A are C,Yes/No,Yes,Yes,1,,,
mReasoner,66050,conditional,single-choice,20,All B are C/No A are B,Yes/No,Yes,Yes,1,,,
mReasoner,66050,conditional,single-choice,21,All B are C/No A are B,Yes/No,Yes,Yes,1,,,
mReasoner,66050,conditional,single-choice,22,All B are C/All A are B,Yes/No,Yes,Yes,1,,,
mReasoner,66050,conditional,single-choice,23,All B are C/All A are B,Yes/No,Yes,Yes,1,,,
mReasoner,66050,conditional,single-choice,24,All B are C/All A are B,Yes/No,Yes,Yes,1,,,
mReasoner,66050,conditional,single-choice,25,All B are C/All A are B,Yes/No,No,Yes,0,,,
mReasoner,66050,conditional,single-choice,26,All B are C/No A are C,Yes/No,Yes,Yes,1,,,
mReasoner,66050,conditional,single-choice,27,All B are C/No A are C,Yes/No,Yes,Yes,1,,,
mReasoner,66050,conditional,single-choice,28,All B are C/All A are C,Yes/No,Yes,Yes,1,,,
mReasoner,66050,conditional,single-choice,29,All B are C/All A are C,Yes/No,Yes,Yes,1,,,
mReasoner,66050,conditional,single-choice,30,All B are C/No A are B,Yes/No,No,Yes,0,,,
mReasoner,66050,conditional,single-choice,31,All B are C/All A are B,Yes/No,Yes,Yes,1,,,
mReasoner,66050,conditional,single-choice,32,All B are C/All A are B,Yes/No,Yes,Yes,1,,,
mReasoner,66050,conditional,single-choice,33,All B are C/All A are C,Yes/No,No,Yes,0,,,
mReasoner,66050,conditional,single-choice,34,All B are C/All A are C,Yes/No,Yes,Yes,1,,,
mReasoner,66050,conditional,single-choice,35,All B are C/No A are C,Yes/No,No,Yes,0,,,
mReasoner,66050,conditional,single-choice,36,All B are C/All A are C,Yes/No,Yes,Yes,1,,,
mReasoner,66050,conditional,single-choice,37,All B are C/No A are B,Yes/No,No,Yes,0,,,
mReasoner,66050,conditional,single-choice,38,All B are C/No A are B,Yes/No,No,Yes,0,,,
mReasoner,66050,conditional,single-choice,39,All B are C/No A are C,Yes/No,No,Yes,0,,,
mReasoner,66050,conditional,single-choice,40,All B are C/All A are B,Yes/No,Yes,Yes,1,,,
mReasoner,66050,conditional,single-choice,41,All B are C/No A are B,Yes/No,No,Yes,0,,,
mReasoner,66050,conditional,single-choice,42,All B are C/All A are B,Yes/No,Yes,Yes,1,,,
mReasoner,66050,conditional,single-choice,43,All B are C/No A are C,Yes/No,Yes,Yes,1,,,
mReasoner,66050,conditional,single-choice,44,All B are C/All A are C,Yes/No,No,Yes,0,,,
mReasoner,66050,conditional,single-choice,45,All B are C/No A are B,Yes/No,Yes,Yes,1,,,
mReasoner,66050,conditional,single-choice,46,All B are C/No A are C,Yes/No,Yes,Yes,1,,,
mReasoner,66050,conditional,single-choice,47,All B are C/All A are C,Yes/No,No,Yes,0,,,
mReasoner,66050,conditional,single-choice,48,All B are C/All A are B,Yes/No,No,Yes,0,,,
mReasoner,66050,conditional,single-choice,49,All B are C/No A are C,Yes/No,Yes,Yes,1,,,
mReasoner,66050,conditional,single-choice,50,All B are C/All A are C,Yes/No,Yes,Yes,1,,,
mReasoner,66050,conditional,single-choice,51,All B are C/No A are C,Yes/No,No,Yes,0,,,
mReasoner,66050,conditional,single-choice,52,All B are C/No A are B,Yes/No,Yes,Yes,1,,,
mReasoner,66050,conditional,single-choice,53,All B are C/All A are C,Yes/No,Yes,Yes,1,,,
mReasoner,66050,conditional,single-choice,54,All B are C/All A are B,Yes/No,Yes,Yes,1,,,
mReasoner,66050,conditional,single-choice,55,All B are C/All A are C,Yes/No,Yes,Yes,1,,,
mReasoner,66050,conditional,single-choice,56,All B are C/All A are C,Yes/No,Yes,Yes,1,,,
mReasoner,66050,conditional,single-choice,57,All B are C/No A are B,Yes/No,No,Yes,0,,,
mReasoner,66050,conditional,single-choice,58,All B are C/No A are C,Yes/No,Yes,Yes,1,,,
mReasoner,66050,conditional,single-choice,59,All B are C/All A are C,Yes/No,Yes,Yes,1,,,
mReasoner,66050,conditional,single-choice,60,All B are C/No A are B,Yes/No,No,Yes,0,,,
mReasoner,66050,conditional,single-choice,61,All B are C/All A are B,Yes/No,Yes,Yes,1,,,
mReasoner,66050,conditional,single-choice,62,All B are C/All A are C,Yes/No,No,Yes,0,,,
mReasoner,66050,conditional,single-choice,63,All B are C/No A are C,Yes/No,Yes,Yes,1,,,
mReasoner,66050,conditional,single-choice,64,All B are C/All A are B,Yes/No,Yes,Yes,1,,,
mReasoner,66057,conditional,single-choice,1,All B are C/No A are C,Yes/No,Yes,Yes,1,,,
mReasoner,66057,conditional,single-choice,2,All B are C/No A are B,Yes/No,Yes,Yes,1,,,
mReasoner,66057,conditional,single-choice,3,All B are C/All A are C,Yes/No,Yes,Yes,1,,,
mReasoner,66057,conditional,single-choice,4,All B are C/All A are B,Yes/No,Yes,Yes,1,,,
mReasoner,66057,conditional,single-choice,5,All B are C/All A are B,Yes/No,Yes,Yes,1,,,
mReasoner,66057,conditional,single-choice,6,All B are C/No A are C,Yes/No,Yes,Yes,1,,,
mReasoner,66057,conditional,single-choice,7,All B are C/All A are B,Yes/No,Yes,Yes,1,,,
mReasoner,66057,conditional,single-choice,8,All B are C/No A are B,Yes/No,Yes,Yes,1,,,
mReasoner,66057,conditional,single-choice,9,All B are C/No A are B,Yes/No,Yes,Yes,1,,,
mReasoner,66057,conditional,single-choice,10,All B are C/All A are C,Yes/No,Yes,Yes,1,,,
mReasoner,66057,conditional,single-choice,11,All B are C/No A are B,Yes/No,No,Yes,0,,,
mReasoner,66057,conditional,single-choice,12,All B are C/No A are C,Yes/No,No,Yes,0,,,
mReasoner,66057,conditional,single-choice,13,All B are C/All A are B,Yes/No,Yes,Yes,1,,,
mReasoner,66057,conditional,single-choice,14,All B are C/All A are B,Yes/No,Yes,Yes,1,,,
mReasoner,66057,conditional,single-choice,15,All B are C/No A are C,Yes/No,Yes,Yes,1,,,
mReasoner,66057,conditional,single-choice,16,All B are C/All A are B,Yes/No,Yes,Yes,1,,,
mReasoner,66057,conditional,single-choice,17,All B are C/No A are C,Yes/No,Yes,Yes,1,,,
mReasoner,66057,conditional,single-choice,18,All B are C/All A are C,Yes/No,No,Yes,0,,,
mReasoner,66057,conditional,single-choice,19,All B are C/All A are B,Yes/No,No,Yes,0,,,
mReasoner,66057,conditional,single-choice,20,All B are C/No A are B,Yes/No,No,Yes,0,,,
mReasoner,66057,conditional,single-choice,21,All B are C/No A are C,Yes/No,Yes,Yes,1,,,
mReasoner,66057,conditional,single-choice,22,All B are C/No A are C,Yes/No,Yes,Yes,1,,,
mReasoner,66057,conditional,single-choice,23,All B are C/No A are B,Yes/No,No,Yes,0,,,
mReasoner,66057,conditional,single-choice,24,All B are C/All A are C,Yes/No,No,Yes,0,,,
mReasoner,66057,conditional,single-choice,25,All B are C/All A are B,Yes/No,Yes,Yes,1,,,
mReasoner,66057,conditional,single-choice,26,All B are C/All A are C,Yes/No,No,Yes,0,,,
mReasoner,66057,conditional,single-choice,27,All B are C/No A are B,Yes/No,Yes,Yes,1,,,
mReasoner,66057,conditional,single-choice,28,All B are C/All A are B,Yes/No,Yes,Yes,1,,,
mReasoner,66057,conditional,single-choice,29,All B are C/No A are C,Yes/No,Yes,Yes,1,,,
mReasoner,66057,conditional,single-choice,30,All B are C/All A are B,Yes/No,Yes,Yes,1,,,
mReasoner,66057,conditional,single-choice,31,All B are C/No A are B,Yes/No,No,Yes,0,,,
mReasoner,66057,conditional,single-choice,32,All B are C/No A are B,Yes/No,No,Yes,0,,,
mReasoner,66057,conditional,single-choice,33,All B are C/All A are B,Yes/No,Yes,Yes,1,,,
mReasoner,66057,conditional,single-choice,34,All B are C/All A are C,Yes/No,No,Yes,0,,,
mReasoner,66057,conditional,single-choice,35,All B are C/All A are C,Yes/No,No,Yes,0,,,
mReasoner,66057,conditional,single-choice,36,All B are C/No A are C,Yes/No,Yes,Yes,1,,,
mReasoner,66057,conditional,single-choice,37,All B are C/All A are C,Yes/No,Yes,Yes,1,,,
mReasoner,66057,conditional,single-choice,38,All B are C/No A are B,Yes/No,Yes,Yes,1,,,
mReasoner,66057,conditional,single-choice,39,All B are C/No A are C,Yes/No,Yes,Yes,1,,,
mReasoner,66057,conditional,single-choice,40,All B are C/No A are C,Yes/No,Yes,Yes,1,,,
mReasoner,66057,conditional,single-choice,41,All B are C/No A are B,Yes/No,No,Yes,0,,,
mReasoner,66057,conditional,single-choice,42,All B are C/No A are C,Yes/No,No,Yes,0,,,
mReasoner,66057,conditional,single-choice,43,All B are C/All A are C,Yes/No,No,Yes,0,,,
mReasoner,66057,conditional,single-choice,44,All B are C/All A are C,Yes/No,No,Yes,0,,,
mReasoner,66057,conditional,single-choice,45,All B are C/All A are B,Yes/No,Yes,Yes,1,,,
mReasoner,66057,conditional,single-choice,46,All B are C/All A are C,Yes/No,No,Yes,0,,,
mReasoner,66057,conditional,single-choice,47,All B are C/All A are C,Yes/No,No,Yes,0,,,
mReasoner,66057,conditional,single-choice,48,All B are C/All A are C,Yes/No,No,Yes,0,,,
mReasoner,66057,conditional,single-choice,49,All B are C/No A are B,Yes/No,No,Yes,0,,,
mReasoner,66057,conditional,single-choice,50,All B are C/No A are B,Yes/No,No,Yes,0,,,
mReasoner,66057,conditional,single-choice,51,All B are C/All A are B,Yes/No,Yes,Yes,1,,,
mReasoner,66057,conditional,single-choice,52,All B are C/No A are C,Yes/No,Yes,Yes,1,,,
mReasoner,66057,conditional,single-choice,53,All B are C/All A are C,Yes/No,No,Yes,0,,,
mReasoner,66057,conditional,single-choice,54,All B are C/All A are C,Yes/No,No,Yes,0,,,
mReasoner,66057,conditional,single-choice,55,All B are C/All A are B,Yes/No,Yes,Yes,1,,,
mReasoner,66057,conditional,single-choice,56,All B are C/No A are C,Yes/No,Yes,Yes,1,,,
mReasoner,66057,conditional,single-choice,57,All B are C/No A are B,Yes/No,No,Yes,0,,,
mReasoner,66057,conditional,single-choice,58,All B are C/All A are B,Yes/No,Yes,Yes,1,,,
mReasoner,66057,conditional,single-choice,59,All B are C/All A are B,Yes/No,Yes,Yes,1,,,
mReasoner,66057,conditional,single-choice,60,All B are C/No A are B,Yes/No,No,Yes,0,,,
mReasoner,66057,conditional,single-choice,61,All B are C/No A are C,Yes/No,Yes,Yes,1,,,
mReasoner,66057,conditional,single-choice,62,All B are C/All A are C,Yes/No,No,Yes,0,,,
mReasoner,66057,conditional,single-choice,63,All B are C/No A are C,Yes/No,Yes,Yes,1,,,
mReasoner,66057,conditional,single-choice,64,All B are C/No A are B,Yes/No,No,Yes,0,,,
mReasoner,66073,conditional,single-choice,1,All B are C/No A are C,Yes/No,Yes,Yes,1,,,
mReasoner,66073,conditional,single-choice,2,All B are C/All A are C,Yes/No,No,Yes,0,,,
mReasoner,66073,conditional,single-choice,3,All B are C/All A are B,Yes/No,Yes,Yes,1,,,
mReasoner,66073,conditional,single-choice,4,All B are C/All A are C,Yes/No,No,Yes,0,,,
mReasoner,66073,conditional,single-choice,5,All B are C/No A are C,Yes/No,Yes,Yes,1,,,
mReasoner,66073,conditional,single-choice,6,All B are C/No A are C,Yes/No,Yes,Yes,1,,,
mReasoner,66073,conditional,single-choice,7,All B are C/No A are B,Yes/No,No,Yes,0,,,
mReasoner,66073,conditional,single-choice,8,All B are C/All A are C,Yes/No,Yes,Yes,1,,,
mReasoner,66073,conditional,single-choice,9,All B are C/All A are C,Yes/No,No,Yes,0,,,
mReasoner,66073,conditional,single-choice,10,All B are C/No A are B,Yes/No,Yes,Yes,1,,,
mReasoner,66073,conditional,single-choice,11,All B are C/No A are C,Yes/No,Yes,Yes,1,,,
mReasoner,66073,conditional,single-choice,12,All B are C/No A are B,Yes/No,Yes,Yes,1,,,
mReasoner,66073,conditional,single-choice,13,All B are C/All A are C,Yes/No,Yes,Yes,1,,,
mReasoner,66073,conditional,single-choice,14,All B are C/No A are B,Yes/No,No,Yes,0,,,
mReasoner,66073,conditional,single-choice,15,All B are C/No A are C,Yes/No,Yes,Yes,1,,,
mReasoner,66073,conditional,single-choice,16,All B are C/All A are B,Yes/No,Yes,Yes,1,,,
mReasoner,66073,conditional,single-choice,17,All B are C/All A are C,Yes/No,No,Yes,0,,,
mReasoner,66073,conditional,single-choice,18,All B are C/No A are B,Yes/No,Yes,Yes,1,,,
mReasoner,66073,conditional,single-choice,19,All B are C/All A are B,Yes/No,Yes,Yes,1,,,
mReasoner,66073,conditional,single-choice,20,All B are C/All A are B,Yes/No,No,Yes,0,,,
mReasoner,66073,conditional,single-choice,21,All B are C/All A are B,Yes/No,Yes,Yes,1,,,
mReasoner,66073,conditional,single-choice,22,All B are C/All A are B,Yes/No,Yes,Yes,1,,,
mReasoner,66073,conditional,single-choice,23,All B are C/All A are B,Yes/No,Yes,Yes,1,,,
mReasoner,66073,conditional,single-choice,24,All B are C/All A are C,Yes/No,Yes,Yes,1,,,
mReasoner,66073,conditional,single-choice,25,All B are C/All A are C,Yes/No,Yes,Yes,1,,,
mReasoner,66073,conditional,single-choice,26,All B are C/No A are B,Yes/No,No,Yes,0,,,
mReasoner,66073,conditional,single-choice,27,All B are C/No A are B,Yes/No,No,Yes,0,,,
mReasoner,66073,conditional,single-choice,28,All B are C/No A are B,Yes/No,Yes,Yes,1,,,
mReasoner,66073,conditional,single-choice,29,All B are C/No A are B,Yes/No,Yes,Yes,1,,,
mReasoner,66073,conditional,single-choice,30,All B are C/All A are B,Yes/No,No,Yes,0,,,
mReasoner,66073,conditional,single-choice,31,All B are C/All A are C,Yes/No,Yes,Yes,1,,,
mReasoner,66073,conditional,single-choice,32,All B are C/No A are C,Yes/No,No,Yes,0,,,
mReasoner,66073,conditional,single-choice,33,All B are C/No A are B,Yes/No,No,Yes,0,,,
mReasoner,66073,conditional,single-choice,34,All B are C/No A are C,Yes/No,Yes,Yes,1,,,
mReasoner,66073,conditional,single-choice,35,All B are C/No A are C,Yes/No,Yes,Yes,1,,,
mReasoner,66073,conditional,single-choice,36,All B are C/No A are C,Yes/No,Yes,Yes,1,,,
mReasoner,66073,conditional,single-choice,37,All B are C/No A are B,Yes/No,Yes,Yes,1,,,
mReasoner,66073,conditional,single-choice,38,All B are C/All A are B,Yes/No,No,Yes,0,,,
mReasoner,66073,conditional,single-choice,39,All B are C/No A are C,Yes/No,Yes,Yes,1,,,
mReasoner,66073,conditional,single-choice,40,All B are C/All A are B,Yes/No,Yes,Yes,1,,,
mReasoner,66073,conditional,single-choice,41,All B are C/All A are C,Yes/No,Yes,Yes,1,,,
mReasoner,66073,conditional,single-choice,42,All B are C/All A are B,Yes/No,Yes,Yes,1,,,
mReasoner,66073,conditional,single-choice,43,All B are C/All A are C,Yes/No,Yes,Yes,1,,,
mReasoner,66073,conditional,single-choice,44,All B are C/No A are B,Yes/No,Yes,Yes,1,,,
mReasoner,66073,conditional,single-choice,45,All B are C/No A are C,Yes/No,Yes,Yes,1,,,
mReasoner,66073,conditional,single-choice,46,All B are C/No A are C,Yes/No,Yes,Yes,1,,,
mReasoner,66073,conditional,single-choice,47,All B are C/All A are B,Yes/No,Yes,Yes,1,,,
mReasoner,66073,conditional,single-choice,48,All B are C/All A are B,Yes/No,Yes,Yes,1,,,
mReasoner,66073,conditional,single-choice,49,All B are C/No A are B,Yes/No,No,Yes,0,,,
mReasoner,66073,conditional,single-choice,50,All B are C/No A are B,Yes/No,Yes,Yes,1,,,
mReasoner,66073,conditional,single-choice,51,All B are C/All A are B,Yes/No,Yes,Yes,1,,,
mReasoner,66073,conditional,single-choice,52,All B are C/No A are C,Yes/No,Yes,Yes,1,,,
mReasoner,66073,conditional,single-choice,53,All B are C/No A are C,Yes/No,Yes,Yes,1,,,
mReasoner,66073,conditional,single-choice,54,All B are C/All A are C,Yes/No,No,Yes,0,,,
mReasoner,66073,conditional,single-choice,55,All B are C/All A are B,Yes/No,Yes,Yes,1,,,
mReasoner,66073,conditional,single-choice,56,All B are C/All A are C,Yes/No,Yes,Yes,1,,,
mReasoner,66073,conditional,single-choice,57,All B are C/All A are C,Yes/No,No,Yes,0,,,
mReasoner,66073,conditional,single-choice,58,All B are C/All A are B,Yes/No,Yes,Yes,1,,,
mReasoner,66073,conditional,single-choice,59,All B are C/All A are C,Yes/No,No,Yes,0,,,
mReasoner,66073,conditional,single-choice,60,All B are C/No A are B,Yes/No,Yes,Yes,1,,,
mReasoner,66073,conditional,single-choice,61,All B are C/No A are C,Yes/No,Yes,Yes,1,,,
mReasoner,66073,conditional,single-choice,62,All B are C/All A are C,Yes/No,Yes,Yes,1,,,
mReasoner,66073,conditional,single-choice,63,All B are C/No A are C,Yes/No,Yes,Yes,1,,,
mReasoner,66073,conditional,single-choice,64,All B are C/No A are B,Yes/No,Yes,Yes,1,,,
mReasoner,66085,conditional,single-choice,1,All B are C/All A are B,Yes/No,Yes,Yes,1,,,
mReasoner,66085,conditional,single-choice,2,All B are C/No A are C,Yes/No,No,Yes,0,,,
mReasoner,66085,conditional,single-choice,3,All B are C/All A are C,Yes/No,No,Yes,0,,,
mReasoner,66085,conditional,single-choice,4,All B are C/No A are B,Yes/No,No,Yes,0,,,
mReasoner,66085,conditional,single-choice,5,All B are C/No A are C,Yes/No,Yes,Yes,1,,,
mReasoner,66085,conditional,single-choice,6,All B are C/All A are C,Yes/No,No,Yes,0,,,
mReasoner,66085,conditional,single-choice,7,All B are C/No A are B,Yes/No,Yes,Yes,1,,,
mReasoner,66085,conditional,single-choice,8,All B are C/No A are C,Yes/No,Yes,Yes,1,,,
mReasoner,66085,conditional,single-choice,9,All B are C/No A are B,Yes/No,No,Yes,0,,,
mReasoner,66085,conditional,single-choice,10,All B are C/No A are B,Yes/No,No,Yes,0,,,
mReasoner,66085,conditional,single-choice,11,All B are C/All A are B,Yes/No,Yes,Yes,1,,,
mReasoner,66085,conditional,single-choice,12,All B are C/No A are B,Yes/No,No,Yes,0,,,
mReasoner,66085,conditional,single-choice,13,All B are C/All A are B,Yes/No,Yes,Yes,1,,,
mReasoner,66085,conditional,single-choice,14,All B are C/No A are B,Yes/No,Yes,Yes,1,,,
mReasoner,66085,conditional,single-choice,15,All B are C/No A are C,Yes/No,Yes,Yes,1,,,
mReasoner,66085,conditional,single-choice,16,All B are C/All A are C,Yes/No,No,Yes,0,,,
mReasoner,66085,conditional,single-choice,17,All B are C/No A are C,Yes/No,Yes,Yes,1,,,
mReasoner,66085,conditional,single-choice,18,All B are C/All A are B,Yes/No,Yes,Yes,1,,,
mReasoner,66085,conditional,single-choice,19,All B are C/No A are B,Yes/No,Yes,Yes,1,,,
mReasoner,66085,conditional,single-choice,20,All B are C/All A are B,Yes/No,Yes,Yes,1,,,
mReasoner,66085,conditional,single-choice,21,All B are C/No A are C,Yes/No,Yes,Yes,1,,,
mReasoner,66085,conditional,single-choice,22,All B are C/All A are B,Yes/No,Yes,Yes,1,,,
mReasoner,66085,conditional,single-choice,23,All B are C/All A are C,Yes/No,No,Yes,0,,,
mReasoner,66085,conditional,single-choice,24,All B are C/All A are C,Yes/No,No,Yes,0,,,
mReasoner,66085,conditional,single-choice,25,All B are C/All A are B,Yes/No,Yes,Yes,1,,,
mReasoner,66085,conditional,single-choice,26,All B are C/No A are C,Yes/No,Yes,Yes,1,,,
mReasoner,66085,conditional,single-choice,27,All B are C/All A are B,Yes/No,Yes,Yes,1,,,
mReasoner,66085,conditional,single-choice,28,All B are C/No A are C,Yes/No,Yes,Yes,1,,,
mReasoner,66085,conditional,single-choice,29,All B are C/All A are B,Yes/No,Yes,Yes,1,,,
mReasoner,66085,conditional,single-choice,30,All B are C/All A are B,Yes/No,Yes,Yes,1,,,
mReasoner,66085,conditional,single-choice,31,All B are C/No A are C,Yes/No,Yes,Yes,1,,,
mReasoner,66085,conditional,single-choice,32,All B are C/All A are B,Yes/No,Yes,Yes,1,,,
mReasoner,66085,conditional,single-choice,33,All B are C/No A are B,Yes/No,No,Yes,0,,,
mReasoner,66085,conditional,single-choice,34,All B are C/All A are C,Yes/No,Yes,Yes,1,,,
mReasoner,66085,conditional,single-choice,35,All B are C/No A are C,Yes/No,Yes,Yes,1,,,
mReasoner,66085,conditional,single-choice,36,All B are C/All A are C,Yes/No,No,Yes,0,,,
mReasoner,66085,conditional,single-choice,37,All B are C/No A are B,Yes/No,No,Yes,0,,,
mReasoner,66085,conditional,single-choice,38,All B are C/All A are B,Yes/No,Yes,Yes,1,,,
mReasoner,66085,conditional,single-choice,39,All B are C/All A are C,Yes/No,No,Yes,0,,,
mReasoner,66085,conditional,single-choice,40,All B are C/All A are B,Yes/No,Yes,Yes,1,,,
mReasoner,66085,conditional,single-choice,41,All B are C/All A are B,Yes/No,Yes,Yes,1,,,
mReasoner,66085,conditional,single-choice,42,All B are C/No A are C,Yes/No,Yes,Yes,1,,,
mReasoner,66085,conditional,single-choice,43,All B are C/All A are C,Yes/No,No,Yes,0,,,
mReasoner,66085,conditional,single-choice,44,All B are C/No A are B,Yes/No,No,Yes,0,,,
mReasoner,66085,conditional,single-choice,45,All B are C/No A are B,Yes/No,Yes,Yes,1,,,
mReasoner,66085,conditional,single-choice,46,All B are C/All A are B,Yes/No,Yes,Yes,1,,,
mReasoner,66085,conditional,single-choice,47,All B are C/No A are B,Yes/No,Yes,Yes,1,,,
mReasoner,66085,conditional,single-choice,48,All B are C/All A are C,Yes/No,No,Yes,0,,,
mReasoner,66085,conditional,single-choice,49,All B are C/All A are C,Yes/No,No,Yes,0,,,
mReasoner,66085,conditional,single-choice,50,All B are C/No A are B,Yes/No,No,Yes,0,,,
mReasoner,66085,conditional,single-choice,51,All B are C/No A are B,Yes/No,Yes,Yes,1,,,
mReasoner,66085,conditional,single-choice,52,All B are C/No A are C,Yes/No,Yes,Yes,1,,,
mReasoner,66085,conditional,single-choice,53,All B are C/No A are C,Yes/No,Yes,Yes,1,,,
mReasoner,66085,conditional,single-choice,54,All B are C/All A are C,Yes/No,No,Yes,0,,,
mReasoner,66085,conditional,single-choice,55,All B are C/No A are C,Yes/No,Yes,Yes,1,,,
mReasoner,66085,conditional,single-choice,56,All B are C/All A are C,Yes/No,No,Yes,0,,,
mReasoner,66085,conditional,single-choice,57,All B are C/No A are B,Yes/No,No,Yes,0,,,
mReasoner,66085,conditional,single-choice,58,All B are C/All A are C,Yes/No,No,Yes,0,,,
mReasoner,66085,conditional,single-choice,59,All B are C/No A are C,Yes/No,Yes,Yes,1,,,
mReasoner,66085,conditional,single-choice,60,All B are C/No A are C,Yes/No,Yes,Yes,1,,,
mReasoner,66085,conditional,single-choice,61,All B are C/All A are B,Yes/No,Yes,Yes,1,,,
mReasoner,66085,conditional,single-choice,62,All B are C/All A are C,Yes/No,Yes,Yes,1,,,
mReasoner,66085,conditional,single-choice,63,All B are C/All A are C,Yes/No,No,Yes,0,,,
mReasoner,66085,conditional,single-choice,64,All B are C/No A are B,Yes/No,Yes,Yes,1,,,
mReasoner,66087,conditional,single-choice,1,All B are C/No A are B,Yes/No,No,Yes,0,,,
mReasoner,66087,conditional,single-choice,2,All B are C/No A are C,Yes/No,No,Yes,0,,,
mReasoner,66087,conditional,single-choice,3,All B are C/No A are B,Yes/No,No,Yes,0,,,
mReasoner,66087,conditional,single-choice,4,All B are C/All A are B,Yes/No,Yes,Yes,1,,,
mReasoner,66087,conditional,single-choice,5,All B are C/No A are B,Yes/No,No,Yes,0,,,
mReasoner,66087,conditional,single-choice,6,All B are C/All A are C,Yes/No,Yes,Yes,1,,,
mReasoner,66087,conditional,single-choice,7,All B are C/All A are C,Yes/No,Yes,Yes,1,,,
mReasoner,66087,conditional,single-choice,8,All B are C/All A are C,Yes/No,No,Yes,0,,,
mReasoner,66087,conditional,single-choice,9,All B are C/No A are B,Yes/No,No,Yes,0,,,
mReasoner,66087,conditional,single-choice,10,All B are C/All A are B,Yes/No,No,Yes,0,,,
mReasoner,66087,conditional,single-choice,11,All B are C/All A are C,Yes/No,Yes,Yes,1,,,
mReasoner,66087,conditional,single-choice,12,All B are C/All A are C,Yes/No,No,Yes,0,,,
mReasoner,66087,conditional,single-choice,13,All B are C/All A are B,Yes/No,No,Yes,0,,,
mReasoner,66087,conditional,single-choice,14,All B are C/No A are B,Yes/No,Yes,Yes,1,,,
mReasoner,66087,conditional,single-choice,15,All B are C/No A are C,Yes/No,No,Yes,0,,,
mReasoner,66087,conditional,single-choice,16,All B are C/No A are C,Yes/No,Yes,Yes,1,,,
mReasoner,66087,conditional,single-choice,17,All B are C/All A are C,Yes/No,No,Yes,0,,,
mReasoner,66087,conditional,single-choice,18,All B are C/No A are B,Yes/No,No,Yes,0,,,
mReasoner,66087,conditional,single-choice,19,All B are C/All A are C,Yes/No,No,Yes,0,,,
mReasoner,66087,conditional,single-choice,20,All B are C/No A are B,Yes/No,Yes,Yes,1,,,
mReasoner,66087,conditional,single-choice,21,All B are C/All A are B,Yes/No,Yes,Yes,1,,,
mReasoner,66087,conditional,single-choice,22,All B are C/All A are B,Yes/No,Yes,Yes,1,,,
mReasoner,66087,conditional,single-choice,23,All B are C/No A are B,Yes/No,No,Yes,0,,,
mReasoner,66087,conditional,single-choice,24,All B are C/No A are C,Yes/No,Yes,Yes,1,,,
mReasoner,66087,conditional,single-choice,25,All B are C/No A are B,Yes/No,No,Yes,0,,,
mReasoner,66087,conditional,single-choice,26,All B are C/All A are C,Yes/No,Yes,Yes,1,,,
mReasoner,66087,conditional,single-choice,27,All B are C/All A are B,Yes/No,No,Yes,0,,,
mReasoner,66087,conditional,single-choice,28,All B are C/All A are C,Yes/No,No,Yes,0,,,
mReasoner,66087,conditional,single-choice,29,All B are C/All A are B,Yes/No,Yes,Yes,1,,,
mReasoner,66087,conditional,single-choice,30,All B are C/No A are B,Yes/No,No,Yes,0,,,
mReasoner,66087,conditional,single-choice,31,All B are C/No A are C,Yes/No,No,Yes,0,,,
mReasoner,66087,conditional,single-choice,32,All B are C/All A are B,Yes/No,No,Yes,0,,,
mReasoner,66087,conditional,single-choice,33,All B are C/No A are C,Yes/No,No,Yes,0,,,
mReasoner,66087,conditional,single-choice,34,All B are C/All A are B,Yes/No,No,Yes,0,,,
mReasoner,66087,conditional,single-choice,35,All B are C/No A are C,Yes/No,No,Yes,0,,,
mReasoner,66087,conditional,single-choice,36,All B are C/No A are C,Yes/No,Yes,Yes,1,,,
mReasoner,66087,conditional,single-choice,37,All B are C/All A are C,Yes/No,No,Yes,0,,,
mReasoner,66087,conditional,single-choice,38,All B are C/No A are C,Yes/No,Yes,Yes,1,,,
mReasoner,66087,conditional,single-choice,39,All B are C/No A are C,Yes/No,No,Yes,0,,,
mReasoner,66087,conditional,single-choice,40,All B are C/No A are B,Yes/No,No,Yes,0,,,
mReasoner,66087,conditional,single-choice,41,All B are C/All A are B,Yes/No,Yes,Yes,1,,,
mReasoner,66087,conditional,single-choice,42,All B are C/All A are C,Yes/No,Yes,Yes,1,,,
mReasoner,66087,conditional,single-choice,43,All B are C/All A are B,Yes/No,Yes,Yes,1,,,
mReasoner,66087,conditional,single-choice,44,All B are C/No A are B,Yes/No,No,Yes,0,,,
mReasoner,66087,conditional,single-choice,45,All B are C/No A are C,Yes/No,No,Yes,0,,,
mReasoner,66087,conditional,single-choice,46,All B are C/No A are C,Yes/No,Yes,Yes,1,,,
mReasoner,66087,conditional,single-choice,47,All B are C/No A are C,Yes/No,No,Yes,0,,,
mReasoner,66087,conditional,single-choice,48,All B are C/All A are B,Yes/No,No,Yes,0,,,
mReasoner,66087,conditional,single-choice,49,All B are C/All A are C,Yes/No,Yes,Yes,1,,,
mReasoner,66087,conditional,single-choice,50,All B are C/All A are C,Yes/No,Yes,Yes,1,,,
mReasoner,66087,conditional,single-choice,51,All B are C/No A are C,Yes/No,No,Yes,0,,,
mReasoner,66087,conditional,single-choice,52,All B are C/All A are B,Yes/No,No,Yes,0,,,
mReasoner,66087,conditional,single-choice,53,All B are C/No A are C,Yes/No,No,Yes,0,,,
mReasoner,66087,conditional,single-choice,54,All B are C/No A are B,Yes/No,Yes,Yes,1,,,
mReasoner,66087,conditional,single-choice,55,All B are C/All A are B,Yes/No,Yes,Yes,1,,,
mReasoner,66087,conditional,single-choice,56,All B are C/All A are C,Yes/No,No,Yes,0,,,
mReasoner,66087,conditional,single-choice,57,All B are C/No A are B,Yes/No,No,Yes,0,,,
mReasoner,66087,conditional,single-choice,58,All B are C/No A are B,Yes/No,No,Yes,0,,,
mReasoner,66087,conditional,single-choice,59,All B are C/All A are B,Yes/No,No,Yes,0,,,
mReasoner,66087,conditional,single-choice,60,All B are C/All A are B,Yes/No,No,Yes,0,,,
mReasoner,66087,conditional,single-choice,61,All B are C/No A are C,Yes/No,Yes,Yes,1,,,
mReasoner,66087,conditional,single-choice,62,All B are C/No A are B,Yes/No,Yes,Yes,1,,,
mReasoner,66087,conditional,single-choice,63,All B are C/All A are C,Yes/No,Yes,Yes,1,,,
mReasoner,66087,conditional,single-choice,64,All B are C/All A are C,Yes/No,No,Yes,0,,,
mReasoner,66089,conditional,single-choice,1,All B are C/No A are B,Yes/No,No,Yes,0,,,
mReasoner,66089,conditional,single-choice,2,All B are C/No A are B,Yes/No,No,Yes,0,,,
mReasoner,66089,conditional,single-choice,3,All B are C/No A are C,Yes/No,No,Yes,0,,,
mReasoner,66089,conditional,single-choice,4,All B are C/All A are C,Yes/No,Yes,Yes,1,,,
mReasoner,66089,conditional,single-choice,5,All B are C/All A are B,Yes/No,No,Yes,0,,,
mReasoner,66089,conditional,single-choice,6,All B are C/No A are C,Yes/No,No,Yes,0,,,
mReasoner,66089,conditional,single-choice,7,All B are C/All A are B,Yes/No,Yes,Yes,1,,,
mReasoner,66089,conditional,single-choice,8,All B are C/All A are C,Yes/No,No,Yes,0,,,
mReasoner,66089,conditional,single-choice,9,All B are C/No A are C,Yes/No,Yes,Yes,1,,,
mReasoner,66089,conditional,single-choice,10,All B are C/No A are B,Yes/No,No,Yes,0,,,
mReasoner,66089,conditional,single-choice,11,All B are C/No A are B,Yes/No,No,Yes,0,,,
mReasoner,66089,conditional,single-choice,12,All B are C/No A are B,Yes/No,No,Yes,0,,,
mReasoner,66089,conditional,single-choice,13,All B are C/All A are B,Yes/No,Yes,Yes,1,,,
mReasoner,66089,conditional,single-choice,14,All B are C/No A are B,Yes/No,No,Yes,0,,,
mReasoner,66089,conditional,single-choice,15,All B are C/No A are C,Yes/No,Yes,Yes,1,,,
mReasoner,66089,conditional,single-choice,16,All B are C/All A are B,Yes/No,No,Yes,0,,,
mReasoner,66089,conditional,single-choice,17,All B are C/All A are C,Yes/No,No,Yes,0,,,
mReasoner,66089,conditional,single-choice,18,All B are C/No A are C,Yes/No,Yes,Yes,1,,,
mReasoner,66089,conditional,single-choice,19,All B are C/No A are C,Yes/No,Yes,Yes,1,,,
mReasoner,66089,conditional,single-choice,20,All B are C/No A are B,Yes/No,No,Yes,0,,,
mReasoner,66089,conditional,single-choice,21,All B are C/All A are B,Yes/No,Yes,Yes,1,,,
mReasoner,66089,conditional,single-choice,22,All B are C/No A are B,Yes/No,Yes,Yes,1,,,
mReasoner,66089,conditional,single-choice,23,All B are C/All A are B,Yes/No,Yes,Yes,1,,,
mReasoner,66089,conditional,single-choice,24,All B are C/No A are B,Yes/No,No,Yes,0,,,
mReasoner,66089,conditional,single-choice,25,All B are C/All A are B,Yes/No,Yes,Yes,1,,,
mReasoner,66089,conditional,single-choice,26,All B are C/All A are C,Yes/No,No,Yes,0,,,
mReasoner,66089,conditional,single-choice,27,All B are C/No A are C,Yes/No,Yes,Yes,1,,,
mReasoner,66089,conditional,single-choice,28,All B are C/No A are C,Yes/No,Yes,Yes,1,,,
mReasoner,66089,conditional,single-choice,29,All B are C/No A are C,Yes/No,Yes,Yes,1,,,
mReasoner,66089,conditional,single-choice,30,All B are C/No A are C,Yes/No,Yes,Yes,1,,,
mReasoner,66089,conditional,single-choice,31,All B are C/No A are C,Yes/No,Yes,Yes,1,,,
mReasoner,66089,conditional,single-choice,32,All B are C/No A are B,Yes/No,No,Yes,0,,,
mReasoner,66089,conditional,single-choice,33,All B are C/All A are C,Yes/No,No,Yes,0,,,
mReasoner,66089,conditional,single-choice,34,All B are C/No A are B,Yes/No,No,Yes,0,,,
mReasoner,66089,conditional,single-choice,35,All B are C/All A are B,Yes/No,Yes,Yes,1,,,
mReasoner,66089,conditional,single-choice,36,All B are C/All A are C,Yes/No,No,Yes,0,,,
mReasoner,66089,conditional,single-choice,37,All B are C/No A are C,Yes/No,Yes,Yes,1,,,
mReasoner,66089,conditional,single-choice,38,All B are C/All A are C,Yes/No,No,Yes,0,,,
mReasoner,66089,conditional,single-choice,39,All B are C/All A are C,Yes/No,Yes,Yes,1,,,
mReasoner,66089,conditional,single-choice,40,All B are C/No A are C,Yes/No,No,Yes,0,,,
mReasoner,66089,conditional,single-choice,41,All B are C/All A are B,Yes/No,Yes,Yes,1,,,
mReasoner,66089,conditional,single-choice,42,All B are C/No A are B,Yes/No,No,Yes,0,,,
mReasoner,66089,conditional,single-choice,43,All B are C/All A are B,Yes/No,Yes,Yes,1,,,
mReasoner,66089,conditional,single-choice,44,All B are C/No A are B,Yes/No,No,Yes,0,,,
mReasoner,66089,conditional,single-choice,45,All B are C/All A are C,Yes/No,No,Yes,0,,,
mReasoner,66089,conditional,single-choice,46,All B are C/All A are B,Yes/No,Yes,Yes,1,,,
mReasoner,66089,conditional,single-choice,47,All B are C/No A are B,Yes/No,Yes,Yes,1,,,
mReasoner,66089,conditional,single-choice,48,All B are C/All A are C,Yes/No,No,Yes,0,,,
mReasoner,66089,conditional,single-choice,49,All B are C/No A are C,Yes/No,Yes,Yes,1,,,
mReasoner,66089,conditional,single-choice,50,All B are C/All A are B,Yes/No,Yes,Yes,1,,,
mReasoner,66089,conditional,single-choice,51,All B are C/All A are B,Yes/No,Yes,Yes,1,,,
mReasoner,66089,conditional,single-choice,52,All B are C/All A are B,Yes/No,Yes,Yes,1,,,
mReasoner,66089,conditional,single-choice,53,All B are C/All A are C,Yes/No,No,Yes,0,,,
mReasoner,66089,conditional,single-choice,54,All B are C/All A are C,Yes/No,No,Yes,0,,,
mReasoner,66089,conditional,single-choice,55,All B are C/No A are B,Yes/No,No,Yes,0,,,
mReasoner,66089,conditional,single-choice,56,All B are C/No A are C,Yes/No,Yes,Yes,1,,,
mReasoner,66089,conditional,single-choice,57,All B are C/No A are C,Yes/No,Yes,Yes,1,,,
mReasoner,66089,conditional,single-choice,58,All B are C/All A are C,Yes/No,No,Yes,0,,,
mReasoner,66089,conditional,single-choice,59,All B are C/All A are B,Yes/No,Yes,Yes,1,,,
mReasoner,66089,conditional,single-choice,60,All B are C/All A are C,Yes/No,No,Yes,0,,,
mReasoner,66089,conditional,single-choice,61,All B are C/All A are C,Yes/No,No,Yes,0,,,
mReasoner,66089,conditional,single-choice,62,All B are C/No A are B,Yes/No,No,Yes,0,,,
mReasoner,66089,conditional,single-choice,63,All B are C/All A are B,Yes/No,Yes,Yes,1,,,
mReasoner,66089,conditional,single-choice,64,All B are C/All A are C,Yes/No,No,Yes,0,,,
mReasoner,66121,conditional,single-choice,1,All B are C/All A are B,Yes/No,Yes,Yes,1,,,
mReasoner,66121,conditional,single-choice,2,All B are C/All A are B,Yes/No,Yes,Yes,1,,,
mReasoner,66121,conditional,single-choice,3,All B are C/All A are C,Yes/No,No,Yes,0,,,
mReasoner,66121,conditional,single-choice,4,All B are C/No A are C,Yes/No,No,Yes,0,,,
mReasoner,66121,conditional,single-choice,5,All B are C/All A are C,Yes/No,No,Yes,0,,,
mReasoner,66121,conditional,single-choice,6,All B are C/No A are B,Yes/No,No,Yes,0,,,
mReasoner,66121,conditional,single-choice,7,All B are C/All A are B,Yes/No,Yes,Yes,1,,,
mReasoner,66121,conditional,single-choice,8,All B are C/All A are C,Yes/No,No,Yes,0,,,
mReasoner,66121,conditional,single-choice,9,All B are C/All A are B,Yes/No,Yes,Yes,1,,,
mReasoner,66121,conditional,single-choice,10,All B are C/No A are C,Yes/No,No,Yes,0,,,
mReasoner,66121,conditional,single-choice,11,All B are C/No A are B,Yes/No,No,Yes,0,,,
mReasoner,66121,conditional,single-choice,12,All B are C/All A are C,Yes/No,No,Yes,0,,,
mReasoner,66121,conditional,single-choice,13,All B are C/No A are C,Yes/No,No,Yes,0,,,
mReasoner,66121,conditional,single-choice,14,All B are C/No A are B,Yes/No,No,Yes,0,,,
mReasoner,66121,conditional,single-choice,15,All B are C/All A are B,Yes/No,Yes,Yes,1,,,
mReasoner,66121,conditional,single-choice,16,All B are C/All A are C,Yes/No,No,Yes,0,,,
mReasoner,66121,conditional,single-choice,17,All B are C/All A are B,Yes/No,Yes,Yes,1,,,
mReasoner,66121,conditional,single-choice,18,All B are C/No A are B,Yes/No,No,Yes,0,,,
mReasoner,66121,conditional,single-choice,19,All B are C/No A are C,Yes/No,Yes,Yes,1,,,
mReasoner,66121,conditional,single-choice,20,All B are C/All A are B,Yes/No,Yes,Yes,1,,,
mReasoner,66121,conditional,single-choice,21,All B are C/All A are B,Yes/No,Yes,Yes,1,,,
mReasoner,66121,conditional,single-choice,22,All B are C/All A are B,Yes/No,Yes,Yes,1,,,
mReasoner,66121,conditional,single-choice,23,All B are C/No A are C,Yes/No,Yes,Yes,1,,,
mReasoner,66121,conditional,single-choice,24,All B are C/All A are C,Yes/No,No,Yes,0,,,
mReasoner,66121,conditional,single-choice,25,All B are C/No A are C,Yes/No,No,Yes,0,,,
mReasoner,66121,conditional,single-choice,26,All B are C/No A are C,Yes/No,Yes,Yes,1,,,
mReasoner,66121,conditional,single-choice,27,All B are C/No A are B,Yes/No,No,Yes,0,,,
mReasoner,66121,conditional,single-choice,28,All B are C/All A are C,Yes/No,No,Yes,0,,,
mReasoner,66121,conditional,single-choice,29,All B are C/All A are C,Yes/No,No,Yes,0,,,
mReasoner,66121,conditional,single-choice,30,All B are C/No A are B,Yes/No,No,Yes,0,,,
mReasoner,66121,conditional,single-choice,31,All B are C/No A are C,Yes/No,Yes,Yes,1,,,
mReasoner,66121,conditional,single-choice,32,All B are C/All A are B,Yes/No,Yes,Yes,1,,,
mReasoner,66121,conditional,single-choice,33,All B are C/No A are B,Yes/No,No,Yes,0,,,
mReasoner,66121,conditional,single-choice,34,All B are C/All A are B,Yes/No,Yes,Yes,1,,,
mReasoner,66121,conditional,single-choice,35,All B are C/All A are B,Yes/No,Yes,Yes,1,,,
mReasoner,66121,conditional,single-choice,36,All B are C/All A are C,Yes/No,No,Yes,0,,,
mReasoner,66121,conditional,single-choice,37,All B are C/No A are C,Yes/No,No,Yes,0,,,
mReasoner,66121,conditional,single-choice,38,All B are C/No A are B,Yes/No,No,Yes,0,,,
mReasoner,66121,conditional,single-choice,39,All B are C/No A are B,Yes/No,No,Yes,0,,,
mReasoner,66121,conditional,single-choice,40,All B are C/No A are C,Yes/No,No,Yes,0,,,
mReasoner,66121,conditional,single-choice,41,All B are C/All A are C,Yes/No,No,Yes,0,,,
mReasoner,66121,conditional,single-choice,42,All B are C/No A are B,Yes/No,No,Yes,0,,,
mReasoner,66121,conditional,single-choice,43,All B are C/No A are C,Yes/No,No,Yes,0,,,
mReasoner,66121,conditional,single-choice,44,All B are C/All A are C,Yes/No,No,Yes,0,,,
mReasoner,66121,conditional,single-choice,45,All B are C/All A are C,Yes/No,No,Yes,0,,,
mReasoner,66121,conditional,single-choice,46,All B are C/No A are C,Yes/No,No,Yes,0,,,
mReasoner,66121,conditional,single-choice,47,All B are C/All A are B,Yes/No,No,Yes,0,,,
mReasoner,66121,conditional,single-choice,48,All B are C/No A are C,Yes/No,No,Yes,0,,,
mReasoner,66121,conditional,single-choice,49,All B are C/No A are C,Yes/No,No,Yes,0,,,
mReasoner,66121,conditional,single-choice,50,All B are C/No A are B,Yes/No,No,Yes,0,,,
mReasoner,66121,conditional,single-choice,51,All B are C/No A are B,Yes/No,No,Yes,0,,,
mReasoner,66121,conditional,single-choice,52,All B are C/All A are C,Yes/No,No,Yes,0,,,
mReasoner,66121,conditional,single-choice,53,All B are C/All A are B,Yes/No,Yes,Yes,1,,,
mReasoner,66121,conditional,single-choice,54,All B are C/All A are C,Yes/No,No,Yes,0,,,
mReasoner,66121,conditional,single-choice,55,All B are C/No A are B,Yes/No,No,Yes,0,,,
mReasoner,66121,conditional,single-choice,56,All B are C/No A are C,Yes/No,Yes,Yes,1,,,
mReasoner,66121,conditional,single-choice,57,All B are C/No A are B,Yes/No,Yes,Yes,1,,,
mReasoner,66121,conditional,single-choice,58,All B are C/All A are C,Yes/No,No,Yes,0,,,
mReasoner,66121,conditional,single-choice,59,All B are C/No A are C,Yes/No,No,Yes,0,,,
mReasoner,66121,conditional,single-choice,60,All B are C/No A are B,Yes/No,No,Yes,0,,,
mReasoner,66121,conditional,single-choice,61,All B are C/No A are B,Yes/No,No,Yes,0,,,
mReasoner,66121,conditional,single-choice,62,All B are C/All A are B,Yes/No,Yes,Yes,1,,,
mReasoner,66121,conditional,single-choice,63,All B are C/All A are C,Yes/No,No,Yes,0,,,
mReasoner,66121,conditional,single-choice,64,All B are C/All A are B,Yes/No,Yes,Yes,1,,,
mReasoner,66151,conditional,single-choice,1,All B are C/No A are C,Yes/No,Yes,Yes,1,,,
mReasoner,66151,conditional,single-choice,2,All B are C/No A are C,Yes/No,Yes,Yes,1,,,
mReasoner,66151,conditional,single-choice,3,All B are C/All A are B,Yes/No,No,Yes,0,,,
mReasoner,66151,conditional,single-choice,4,All B are C/No A are B,Yes/No,No,Yes,0,,,
mReasoner,66151,conditional,single-choice,5,All B are C/No A are B,Yes/No,No,Yes,0,,,
mReasoner,66151,conditional,single-choice,6,All B are C/All A are B,Yes/No,Yes,Yes,1,,,
mReasoner,66151,conditional,single-choice,7,All B are C/All A are C,Yes/No,No,Yes,0,,,
mReasoner,66151,conditional,single-choice,8,All B are C/No A are B,Yes/No,No,Yes,0,,,
mReasoner,66151,conditional,single-choice,9,All B are C/All A are C,Yes/No,No,Yes,0,,,
mReasoner,66151,conditional,single-choice,10,All B are C/All A are B,Yes/No,Yes,Yes,1,,,
mReasoner,66151,conditional,single-choice,11,All B are C/No A are C,Yes/No,Yes,Yes,1,,,
mReasoner,66151,conditional,single-choice,12,All B are C/All A are B,Yes/No,Yes,Yes,1,,,
mReasoner,66151,conditional,single-choice,13,All B are C/No A are C,Yes/No,Yes,Yes,1,,,
mReasoner,66151,conditional,single-choice,14,All B are C/No A are B,Yes/No,Yes,Yes,1,,,
mReasoner,66151,conditional,single-choice,15,All B are C/All A are B,Yes/No,Yes,Yes,1,,,
mReasoner,66151,conditional,single-choice,16,All B are C/All A are C,Yes/No,Yes,Yes,1,,,
mReasoner,66151,conditional,single-choice,17,All B are C/All A are B,Yes/No,Yes,Yes,1,,,
mReasoner,66151,conditional,single-choice,18,All B are C/No A are B,Yes/No,No,Yes,0,,,
mReasoner,66151,conditional,single-choice,19,All B are C/All A are B,Yes/No,Yes,Yes,1,,,
mReasoner,66151,conditional,single-choice,20,All B are C/No A are B,Yes/No,No,Yes,0,,,
mReasoner,66151,conditional,single-choice,21,All B are C/All A are C,Yes/No,No,Yes,0,,,
mReasoner,66151,conditional,single-choice,22,All B are C/All A are B,Yes/No,Yes,Yes,1,,,
mReasoner,66151,conditional,single-choice,23,All B are C/All A are B,Yes/No,Yes,Yes,1,,,
mReasoner,66151,conditional,single-choice,24,All B are C/All A are C,Yes/No,No,Yes,0,,,
mReasoner,66151,conditional,single-choice,25,All B are C/No A are B,Yes/No,No,Yes,0,,,
mReasoner,66151,conditional,single-choice,26,All B are C/All A are B,Yes/No,Yes,Yes,1,,,
mReasoner,66151,conditional,single-choice,27,All B are C/No A are C,Yes/No,No,Yes,0,,,
mReasoner,66151,conditional,single-choice,28,All B are C/No A are B,Yes/No,No,Yes,0,,,
mReasoner,66151,conditional,single-choice,29,All B are C/No A are C,Yes/No,No,Yes,0,,,
mReasoner,66151,conditional,single-choice,30,All B are C/No A are C,Yes/No,Yes,Yes,1,,,
mReasoner,66151,conditional,single-choice,31,All B are C/All A are C,Yes/No,No,Yes,0,,,
mReasoner,66151,conditional,single-choice,32,All B are C/All A are B,Yes/No,Yes,Yes,1,,,
mReasoner,66151,conditional,single-choice,33,All B are C/No A are B,Yes/No,No,Yes,0,,,
mReasoner,66151,conditional,single-choice,34,All B are C/No A are B,Yes/No,No,Yes,0,,,
mReasoner,66151,conditional,single-choice,35,All B are C/All A are C,Yes/No,No,Yes,0,,,
mReasoner,66151,conditional,single-choice,36,All B are C/All A are B,Yes/No,Yes,Yes,1,,,
mReasoner,66151,conditional,single-choice,37,All B are C/No A are C,Yes/No,No,Yes,0,,,
mReasoner,66151,conditional,single-choice,38,All B are C/No A are C,Yes/No,Yes,Yes,1,,,
mReasoner,66151,conditional,single-choice,39,All B are C/All A are B,Yes/No,Yes,Yes,1,,,
mReasoner,66151,conditional,single-choice,40,All B are C/No A are C,Yes/No,Yes,Yes,1,,,
mReasoner,66151,conditional,single-choice,41,All B are C/All A are B,Yes/No,Yes,Yes,1,,,
mReasoner,66151,conditional,single-choice,42,All B are C/All A are B,Yes/No,Yes,Yes,1,,,
mReasoner,66151,conditional,single-choice,43,All B are C/No A are C,Yes/No,Yes,Yes,1,,,
mReasoner,66151,conditional,single-choice,44,All B are C/All A are C,Yes/No,No,Yes,0,,,
mReasoner,66151,conditional,single-choice,45,All B are C/No A are B,Yes/No,No,Yes,0,,,
mReasoner,66151,conditional,single-choice,46,All B are C/No A are B,Yes/No,No,Yes,0,,,
mReasoner,66151,conditional,single-choice,47,All B are C/No A are C,Yes/No,Yes,Yes,1,,,
mReasoner,66151,conditional,single-choice,48,All B are C/All A are C,Yes/No,No,Yes,0,,,
mReasoner,66151,conditional,single-choice,49,All B are C/No A are B,Yes/No,No,Yes,0,,,
mReasoner,66151,conditional,single-choice,50,All B are C/All A are C,Yes/No,No,Yes,0,,,
mReasoner,66151,conditional,single-choice,51,All B are C/No A are C,Yes/No,Yes,Yes,1,,,
mReasoner,66151,conditional,single-choice,52,All B are C/No A are C,Yes/No,Yes,Yes,1,,,
mReasoner,66151,conditional,single-choice,53,All B are C/All A are B,Yes/No,Yes,Yes,1,,,
mReasoner,66151,conditional,single-choice,54,All B are C/No A are B,Yes/No,No,Yes,0,,,
mReasoner,66151,conditional,single-choice,55,All B are C/All A are C,Yes/No,No,Yes,0,,,
mReasoner,66151,conditional,single-choice,56,All B are C/All A are C,Yes/No,No,Yes,0,,,
mReasoner,66151,conditional,single-choice,57,All B are C/No A are B,Yes/No,Yes,Yes,1,,,
mReasoner,66151,conditional,single-choice,58,All B are C/No A are C,Yes/No,Yes,Yes,1,,,
mReasoner,66151,conditional,single-choice,59,All B are C/No A are B,Yes/No,No,Yes,0,,,
mReasoner,66151,conditional,single-choice,60,All B are C/All A are C,Yes/No,No,Yes,0,,,
mReasoner,66151,conditional,single-choice,61,All B are C/All A are C,Yes/No,No,Yes,0,,,
mReasoner,66151,conditional,single-choice,62,All B are C/No A are C,Yes/No,Yes,Yes,1,,,
mReasoner,66151,conditional,single-choice,63,All B are C/All A are C,Yes/No,No,Yes,0,,,
mReasoner,66151,conditional,single-choice,64,All B are C/All A are C,Yes/No,Yes,Yes,1,,,
mReasoner,66157,conditional,single-choice,1,All B are C/No A are B,Yes/No,No,Yes,0,,,
mReasoner,66157,conditional,single-choice,2,All B are C/No A are C,Yes/No,Yes,Yes,1,,,
mReasoner,66157,conditional,single-choice,3,All B are C/All A are C,Yes/No,Yes,Yes,1,,,
mReasoner,66157,conditional,single-choice,4,All B are C/All A are B,Yes/No,Yes,Yes,1,,,
mReasoner,66157,conditional,single-choice,5,All B are C/No A are B,Yes/No,No,Yes,0,,,
mReasoner,66157,conditional,single-choice,6,All B are C/No A are B,Yes/No,Yes,Yes,1,,,
mReasoner,66157,conditional,single-choice,7,All B are C/No A are C,Yes/No,Yes,Yes,1,,,
mReasoner,66157,conditional,single-choice,8,All B are C/No A are C,Yes/No,No,Yes,0,,,
mReasoner,66157,conditional,single-choice,9,All B are C/No A are C,Yes/No,No,Yes,0,,,
mReasoner,66157,conditional,single-choice,10,All B are C/No A are B,Yes/No,Yes,Yes,1,,,
mReasoner,66157,conditional,single-choice,11,All B are C/No A are C,Yes/No,Yes,Yes,1,,,
mReasoner,66157,conditional,single-choice,12,All B are C/All A are B,Yes/No,No,Yes,0,,,
mReasoner,66157,conditional,single-choice,13,All B are C/No A are C,Yes/No,No,Yes,0,,,
mReasoner,66157,conditional,single-choice,14,All B are C/No A are B,Yes/No,No,Yes,0,,,
mReasoner,66157,conditional,single-choice,15,All B are C/No A are B,Yes/No,Yes,Yes,1,,,
mReasoner,66157,conditional,single-choice,16,All B are C/All A are B,Yes/No,Yes,Yes,1,,,
mReasoner,66157,conditional,single-choice,17,All B are C/All A are B,Yes/No,Yes,Yes,1,,,
mReasoner,66157,conditional,single-choice,18,All B are C/All A are C,Yes/No,No,Yes,0,,,
mReasoner,66157,conditional,single-choice,19,All B are C/All A are C,Yes/No,No,Yes,0,,,
mReasoner,66157,conditional,single-choice,20,All B are C/No A are C,Yes/No,Yes,Yes,1,,,
mReasoner,66157,conditional,single-choice,21,All B are C/No A are C,Yes/No,Yes,Yes,1,,,
mReasoner,66157,conditional,single-choice,22,All B are C/All A are B,Yes/No,Yes,Yes,1,,,
mReasoner,66157,conditional,single-choice,23,All B are C/All A are C,Yes/No,Yes,Yes,1,,,
mReasoner,66157,conditional,single-choice,24,All B are C/All A are C,Yes/No,Yes,Yes,1,,,
mReasoner,66157,conditional,single-choice,25,All B are C/No A are B,Yes/No,Yes,Yes,1,,,
mReasoner,66157,conditional,single-choice,26,All B are C/No A are B,Yes/No,Yes,Yes,1,,,
mReasoner,66157,conditional,single-choice,27,All B are C/No A are B,Yes/No,Yes,Yes,1,,,
mReasoner,66157,conditional,single-choice,28,All B are C/All A are C,Yes/No,Yes,Yes,1,,,
mReasoner,66157,conditional,single-choice,29,All B are C/No A are B,Yes/No,Yes,Yes,1,,,
mReasoner,66157,conditional,single-choice,30,All B are C/All A are B,Yes/No,Yes,Yes,1,,,
mReasoner,66157,conditional,single-choice,31,All B are C/All A are C,Yes/No,No,Yes,0,,,
mReasoner,66157,conditional,single-choice,32,All B are C/All A are B,Yes/No,Yes,Yes,1,,,
mReasoner,66157,conditional,single-choice,33,All B are C/All A are B,Yes/No,No,Yes,0,,,
mReasoner,66157,conditional,single-choice,34,All B are C/No A are C,Yes/No,Yes,Yes,1,,,
mReasoner,66157,conditional,single-choice,35,All B are C/All A are C,Yes/No,Yes,Yes,1,,,
mReasoner,66157,conditional,single-choice,36,All B are C/All A are B,Yes/No,Yes,Yes,1,,,
mReasoner,66157,conditional,single-choice,37,All B are C/All A are C,Yes/No,No,Yes,0,,,
mReasoner,66157,conditional,single-choice,38,All B are C/All A are B,Yes/No,Yes,Yes,1,,,
mReasoner,66157,conditional,single-choice,39,All B are C/All A are B,Yes/No,No,Yes,0,,,
mReasoner,66157,conditional,single-choice,40,All B are C/No A are B,Yes/No,No,Yes,0,,,
mReasoner,66157,conditional,single-choice,41,All B are C/All A are C,Yes/No,Yes,Yes,1,,,
mReasoner,66157,conditional,single-choice,42,All B are C/All A are C,Yes/No,No,Yes,0,,,
mReasoner,66157,conditional,single-choice,43,All B are C/No A are C,Yes/No,Yes,Yes,1,,,
mReasoner,66157,conditional,single-choice,44,All B are C/No A are C,Yes/No,Yes,Yes,1,,,
mReasoner,66157,conditional,single-choice,45,All B are C/All A are C,Yes/No,No,Yes,0,,,
mReasoner,66157,conditional,single-choice,46,All B are C/No A are C,Yes/No,No,Yes,0,,,
mReasoner,66157,conditional,single-choice,47,All B are C/All A are C,Yes/No,No,Yes,0,,,
mReasoner,66157,conditional,single-choice,48,All B are C/All A are B,Yes/No,No,Yes,0,,,
mReasoner,66157,conditional,single-choice,49,All B are C/All A are B,Yes/No,Yes,Yes,1,,,
mReasoner,66157,conditional,single-choice,50,All B are C/All A are B,Yes/No,Yes,Yes,1,,,
mReasoner,66157,conditional,single-choice,51,All B are C/No A are C,Yes/No,Yes,Yes,1,,,
mReasoner,66157,conditional,single-choice,52,All B are C/No A are B,Yes/No,Yes,Yes,1,,,
mReasoner,66157,conditional,single-choice,53,All B are C/All A are C,Yes/No,No,Yes,0,,,
mReasoner,66157,conditional,single-choice,54,All B are C/All A are B,Yes/No,Yes,Yes,1,,,
mReasoner,66157,conditional,single-choice,55,All B are C/All A are B,Yes/No,Yes,Yes,1,,,
mReasoner,66157,conditional,single-choice,56,All B are C/No A are B,Yes/No,No,Yes,0,,,
mReasoner,66157,conditional,single-choice,57,All B are C/No A are B,Yes/No,No,Yes,0,,,
mReasoner,66157,conditional,single-choice,58,All B are C/All A are C,Yes/No,No,Yes,0,,,
mReasoner,66157,conditional,single-choice,59,All B are C/No A are B,Yes/No,No,Yes,0,,,
mReasoner,66157,conditional,single-choice,60,All B are C/No A are C,Yes/No,Yes,Yes,1,,,
mReasoner,66157,conditional,single-choice,61,All B are C/No A are B,Yes/No,No,Yes,0,,,
mReasoner,66157,conditional,single-choice,62,All B are C/All A are C,Yes/No,No,Yes,0,,,
mReasoner,66157,conditional,single-choice,63,All B are C/No A are C,Yes/No,Yes,Yes,1,,,
mReasoner,66157,conditional,single-choice,64,All B are C/No A are C,Yes/No,Yes,Yes,1,,,
mReasoner,66201,conditional,single-choice,1,All B are C/All A are C,Yes/No,Yes,Yes,1,,,
mReasoner,66201,conditional,single-choice,2,All B are C/No A are B,Yes/No,No,Yes,0,,,
mReasoner,66201,conditional,single-choice,3,All B are C/All A are B,Yes/No,No,Yes,0,,,
mReasoner,66201,conditional,single-choice,4,All B are C/No A are C,Yes/No,No,Yes,0,,,
mReasoner,66201,conditional,single-choice,5,All B are C/No A are B,Yes/No,No,Yes,0,,,
mReasoner,66201,conditional,single-choice,6,All B are C/No A are C,Yes/No,Yes,Yes,1,,,
mReasoner,66201,conditional,single-choice,7,All B are C/All A are B,Yes/No,Yes,Yes,1,,,
mReasoner,66201,conditional,single-choice,8,All B are C/All A are B,Yes/No,No,Yes,0,,,
mReasoner,66201,conditional,single-choice,9,All B are C/No A are B,Yes/No,No,Yes,0,,,
mReasoner,66201,conditional,single-choice,10,All B are C/No A are C,Yes/No,No,Yes,0,,,
mReasoner,66201,conditional,single-choice,11,All B are C/No A are B,Yes/No,Yes,Yes,1,,,
mReasoner,66201,conditional,single-choice,12,All B are C/No A are C,Yes/No,No,Yes,0,,,
mReasoner,66201,conditional,single-choice,13,All B are C/All A are B,Yes/No,Yes,Yes,1,,,
mReasoner,66201,conditional,single-choice,14,All B are C/No A are C,Yes/No,No,Yes,0,,,
mReasoner,66201,conditional,single-choice,15,All B are C/All A are C,Yes/No,No,Yes,0,,,
mReasoner,66201,conditional,single-choice,16,All B are C/No A are B,Yes/No,No,Yes,0,,,
mReasoner,66201,conditional,single-choice,17,All B are C/No A are B,Yes/No,Yes,Yes,1,,,
mReasoner,66201,conditional,single-choice,18,All B are C/All A are C,Yes/No,No,Yes,0,,,
mReasoner,66201,conditional,single-choice,19,All B are C/All A are B,Yes/No,Yes,Yes,1,,,
mReasoner,66201,conditional,single-choice,20,All B are C/All A are B,Yes/No,Yes,Yes,1,,,
mReasoner,66201,conditional,single-choice,21,All B are C/No A are B,Yes/No,No,Yes,0,,,
mReasoner,66201,conditional,single-choice,22,All B are C/All A are B,Yes/No,Yes,Yes,1,,,
mReasoner,66201,conditional,single-choice,23,All B are C/No A are C,Yes/No,No,Yes,0,,,
mReasoner,66201,conditional,single-choice,24,All B are C/All A are B,Yes/No,Yes,Yes,1,,,
mReasoner,66201,conditional,single-choice,25,All B are C/All A are C,Yes/No,Yes,Yes,1,,,
mReasoner,66201,conditional,single-choice,26,All B are C/No A are B,Yes/No,No,Yes,0,,,
mReasoner,66201,conditional,single-choice,27,All B are C/All A are C,Yes/No,No,Yes,0,,,
mReasoner,66201,conditional,single-choice,28,All B are C/No A are B,Yes/No,No,Yes,0,,,
mReasoner,66201,conditional,single-choice,29,All B are C/All A are C,Yes/No,Yes,Yes,1,,,
mReasoner,66201,conditional,single-choice,30,All B are C/No A are C,Yes/No,No,Yes,0,,,
mReasoner,66201,conditional,single-choice,31,All B are C/No A are B,Yes/No,No,Yes,0,,,
mReasoner,66201,conditional,single-choice,32,All B are C/No A are C,Yes/No,No,Yes,0,,,
mReasoner,66201,conditional,single-choice,33,All B are C/No A are B,Yes/No,No,Yes,0,,,
mReasoner,66201,conditional,single-choice,34,All B are C/All A are C,Yes/No,Yes,Yes,1,,,
mReasoner,66201,conditional,single-choice,35,All B are C/All A are C,Yes/No,Yes,Yes,1,,,
mReasoner,66201,conditional,single-choice,36,All B are C/All A are B,Yes/No,No,Yes,0,,,
mReasoner,66201,conditional,single-choice,37,All B are C/No A are B,Yes/No,Yes,Yes,1,,,
mReasoner,66201,conditional,single-choice,38,All B are C/No A are C,Yes/No,No,Yes,0,,,
mReasoner,66201,conditional,single-choice,39,All B are C/No A are C,Yes/No,Yes,Yes,1,,,
mReasoner,66201,conditional,single-choice,40,All B are C/All A are B,Yes/No,Yes,Yes,1,,,
mReasoner,66201,conditional,single-choice,41,All B are C/No A are C,Yes/No,Yes,Yes,1,,,
mReasoner,66201,conditional,single-choice,42,All B are C/No A are C,Yes/No,Yes,Yes,1,,,
mReasoner,66201,conditional,single-choice,43,All B are C/No A are C,Yes/No,Yes,Yes,1,,,
mReasoner,66201,conditional,single-choice,44,All B are C/All A are B,Yes/No,No,Yes,0,,,
mReasoner,66201,conditional,single-choice,45,All B are C/No A are B,Yes/No,Yes,Yes,1,,,
mReasoner,66201,conditional,single-choice,46,All B are C/No A are B,Yes/No,Yes,Yes,1,,,
mReasoner,66201,conditional,single-choice,47,All B are C/All A are B,Yes/No,No,Yes,0,,,
mReasoner,66201,conditional,single-choice,48,All B are C/All A are C,Yes/No,Yes,Yes,1,,,
mReasoner,66201,conditional,single-choice,49,All B are C/No A are C,Yes/No,Yes,Yes,1,,,
mReasoner,66201,conditional,single-choice,50,All B are C/All A are B,Yes/No,No,Yes,0,,,
mReasoner,66201,conditional,single-choice,51,All B are C/No A are C,Yes/No,Yes,Yes,1,,,
mReasoner,66201,conditional,single-choice,52,All B are C/No A are B,Yes/No,Yes,Yes,1,,,
mReasoner,66201,conditional,single-choice,53,All B are C/All A are C,Yes/No,Yes,Yes,1,,,
mReasoner,66201,conditional,single-choice,54,All B are C/All A are C,Yes/No,Yes,Yes,1,,,
mReasoner,66201,conditional,single-choice,55,All B are C/No A are C,Yes/No,Yes,Yes,1,,,
mReasoner,66201,conditional,single-choice,56,All B are C/All A are C,Yes/No,No,Yes,0,,,
mReasoner,66201,conditional,single-choice,57,All B are C/No A are B,Yes/No,No,Yes,0,,,
mReasoner,66201,conditional,single-choice,58,All B are C/All A are C,Yes/No,Yes,Yes,1,,,
mReasoner,66201,conditional,single-choice,59,All B are C/All A are C,Yes/No,Yes,Yes,1,,,
mReasoner,66201,conditional,single-choice,60,All B are C/All A are B,Yes/No,Yes,Yes,1,,,
mReasoner,66201,conditional,single-choice,61,All B are C/All A are B,Yes/No,No,Yes,0,,,
mReasoner,66201,conditional,single-choice,62,All B are C/All A are C,Yes/No,No,Yes,0,,,
mReasoner,66201,conditional,single-choice,63,All B are C/All A are B,Yes/No,Yes,Yes,1,,,
mReasoner,66201,conditional,single-choice,64,All B are C/All A are C,Yes/No,Yes,Yes,1,,,
mReasoner,66206,conditional,single-choice,1,All B are C/All A are B,Yes/No,No,Yes,0,,,
mReasoner,66206,conditional,single-choice,2,All B are C/All A are C,Yes/No,Yes,Yes,1,,,
mReasoner,66206,conditional,single-choice,3,All B are C/No A are B,Yes/No,No,Yes,0,,,
mReasoner,66206,conditional,single-choice,4,All B are C/No A are C,Yes/No,No,Yes,0,,,
mReasoner,66206,conditional,single-choice,5,All B are C/No A are C,Yes/No,No,Yes,0,,,
mReasoner,66206,conditional,single-choice,6,All B are C/All A are C,Yes/No,No,Yes,0,,,
mReasoner,66206,conditional,single-choice,7,All B are C/No A are B,Yes/No,No,Yes,0,,,
mReasoner,66206,conditional,single-choice,8,All B are C/All A are C,Yes/No,No,Yes,0,,,
mReasoner,66206,conditional,single-choice,9,All B are C/No A are C,Yes/No,No,Yes,0,,,
mReasoner,66206,conditional,single-choice,10,All B are C/All A are C,Yes/No,No,Yes,0,,,
mReasoner,66206,conditional,single-choice,11,All B are C/All A are C,Yes/No,No,Yes,0,,,
mReasoner,66206,conditional,single-choice,12,All B are C/No A are C,Yes/No,No,Yes,0,,,
mReasoner,66206,conditional,single-choice,13,All B are C/All A are B,Yes/No,No,Yes,0,,,
mReasoner,66206,conditional,single-choice,14,All B are C/No A are C,Yes/No,No,Yes,0,,,
mReasoner,66206,conditional,single-choice,15,All B are C/No A are B,Yes/No,No,Yes,0,,,
mReasoner,66206,conditional,single-choice,16,All B are C/No A are C,Yes/No,No,Yes,0,,,
mReasoner,66206,conditional,single-choice,17,All B are C/All A are C,Yes/No,No,Yes,0,,,
mReasoner,66206,conditional,single-choice,18,All B are C/No A are B,Yes/No,Yes,Yes,1,,,
mReasoner,66206,conditional,single-choice,19,All B are C/All A are C,Yes/No,No,Yes,0,,,
mReasoner,66206,conditional,single-choice,20,All B are C/No A are B,Yes/No,Yes,Yes,1,,,
mReasoner,66206,conditional,single-choice,21,All B are C/All A are C,Yes/No,No,Yes,0,,,
mReasoner,66206,conditional,single-choice,22,All B are C/No A are C,Yes/No,Yes,Yes,1,,,
mReasoner,66206,conditional,single-choice,23,All B are C/No A are B,Yes/No,No,Yes,0,,,
mReasoner,66206,conditional,single-choice,24,All B are C/All A are B,Yes/No,No,Yes,0,,,
mReasoner,66206,conditional,single-choice,25,All B are C/All A are B,Yes/No,No,Yes,0,,,
mReasoner,66206,conditional,single-choice,26,All B are C/All A are B,Yes/No,No,Yes,0,,,
mReasoner,66206,conditional,single-choice,27,All B are C/No A are B,Yes/No,Yes,Yes,1,,,
mReasoner,66206,conditional,single-choice,28,All B are C/No A are B,Yes/No,No,Yes,0,,,
mReasoner,66206,conditional,single-choice,29,All B are C/No A are C,Yes/No,No,Yes,0,,,
mReasoner,66206,conditional,single-choice,30,All B are C/No A are C,Yes/No,No,Yes,0,,,
mReasoner,66206,conditional,single-choice,31,All B are C/All A are C,Yes/No,No,Yes,0,,,
mReasoner,66206,conditional,single-choice,32,All B are C/All A are C,Yes/No,No,Yes,0,,,
mReasoner,66206,conditional,single-choice,33,All B are C/All A are C,Yes/No,Yes,Yes,1,,,
mReasoner,66206,conditional,single-choice,34,All B are C/All A are B,Yes/No,Yes,Yes,1,,,
mReasoner,66206,conditional,single-choice,35,All B are C/All A are B,Yes/No,Yes,Yes,1,,,
mReasoner,66206,conditional,single-choice,36,All B are C/All A are B,Yes/No,Yes,Yes,1,,,
mReasoner,66206,conditional,single-choice,37,All B are C/No A are C,Yes/No,Yes,Yes,1,,,
mReasoner,66206,conditional,single-choice,38,All B are C/All A are B,Yes/No,Yes,Yes,1,,,
mReasoner,66206,conditional,single-choice,39,All B are C/All A are C,Yes/No,Yes,Yes,1,,,
mReasoner,66206,conditional,single-choice,40,All B are C/All A are B,Yes/No,No,Yes,0,,,
mReasoner,66206,conditional,single-choice,41,All B are C/No A are C,Yes/No,Yes,Yes,1,,,
mReasoner,66206,conditional,single-choice,42,All B are C/All A are B,Yes/No,No,Yes,0,,,
mReasoner,66206,conditional,single-choice,43,All B are C/No A are B,Yes/No,Yes,Yes,1,,,
mReasoner,66206,conditional,single-choice,44,All B are C/No A are B,Yes/No,No,Yes,0,,,
mReasoner,66206,conditional,single-choice,45,All B are C/All A are B,Yes/No,No,Yes,0,,,
mReasoner,66206,conditional,single-choice,46,All B are C/No A are C,Yes/No,Yes,Yes,1,,,
mReasoner,66206,conditional,single-choice,47,All B are C/All A are C,Yes/No,No,Yes,0,,,
mReasoner,66206,conditional,single-choice,48,All B are C/No A are B,Yes/No,Yes,Yes,1,,,
mReasoner,66206,conditional,single-choice,49,All B are C/All A are B,Yes/No,Yes,Yes,1,,,
mReasoner,66206,conditional,single-choice,50,All B are C/All A are B,Yes/No,Yes,Yes,1,,,
mReasoner,66206,conditional,single-choice,51,All B are C/All A are C,Yes/No,Yes,Yes,1,,,
mReasoner,66206,conditional,single-choice,52,All B are C/All A are B,Yes/No,No,Yes,0,,,
mReasoner,66206,conditional,single-choice,53,All B are C/No A are C,Yes/No,Yes,Yes,1,,,
mReasoner,66206,conditional,single-choice,54,All B are C/All A are B,Yes/No,Yes,Yes,1,,,
mReasoner,66206,conditional,single-choice,55,All B are C/No A are C,Yes/No,Yes,Yes,1,,,
mReasoner,66206,conditional,single-choice,56,All B are C/No A are B,Yes/No,No,Yes,0,,,
mReasoner,66206,conditional,single-choice,57,All B are C/No A are B,Yes/No,No,Yes,0,,,
mReasoner,66206,conditional,single-choice,58,All B are C/All A are C,Yes/No,No,Yes,0,,,
mReasoner,66206,conditional,single-choice,59,All B are C/No A are C,Yes/No,No,Yes,0,,,
mReasoner,66206,conditional,single-choice,60,All B are C/All A are C,Yes/No,No,Yes,0,,,
mReasoner,66206,conditional,single-choice,61,All B are C/No A are C,Yes/No,No,Yes,0,,,
mReasoner,66206,conditional,single-choice,62,All B are C/No A are B,Yes/No,No,Yes,0,,,
mReasoner,66206,conditional,single-choice,63,All B are C/No A are B,Yes/No,No,Yes,0,,,
mReasoner,66206,conditional,single-choice,64,All B are C/No A are B,Yes/No,No,Yes,0,,,
mReasoner,66275,conditional,single-choice,1,All B are C/No A are B,Yes/No,No,Yes,0,,,
mReasoner,66275,conditional,single-choice,2,All B are C/All A are B,Yes/No,Yes,Yes,1,,,
mReasoner,66275,conditional,single-choice,3,All B are C/All A are C,Yes/No,Yes,Yes,1,,,
mReasoner,66275,conditional,single-choice,4,All B are C/All A are B,Yes/No,Yes,Yes,1,,,
mReasoner,66275,conditional,single-choice,5,All B are C/No A are B,Yes/No,Yes,Yes,1,,,
mReasoner,66275,conditional,single-choice,6,All B are C/All A are B,Yes/No,No,Yes,0,,,
mReasoner,66275,conditional,single-choice,7,All B are C/All A are B,Yes/No,Yes,Yes,1,,,
mReasoner,66275,conditional,single-choice,8,All B are C/No A are B,Yes/No,No,Yes,0,,,
mReasoner,66275,conditional,single-choice,9,All B are C/All A are C,Yes/No,Yes,Yes,1,,,
mReasoner,66275,conditional,single-choice,10,All B are C/No A are B,Yes/No,No,Yes,0,,,
mReasoner,66275,conditional,single-choice,11,All B are C/No A are B,Yes/No,Yes,Yes,1,,,
mReasoner,66275,conditional,single-choice,12,All B are C/No A are B,Yes/No,Yes,Yes,1,,,
mReasoner,66275,conditional,single-choice,13,All B are C/All A are C,Yes/No,Yes,Yes,1,,,
mReasoner,66275,conditional,single-choice,14,All B are C/All A are C,Yes/No,No,Yes,0,,,
mReasoner,66275,conditional,single-choice,15,All B are C/All A are B,Yes/No,No,Yes,0,,,
mReasoner,66275,conditional,single-choice,16,All B are C/All A are B,Yes/No,Yes,Yes,1,,,
mReasoner,66275,conditional,single-choice,17,All B are C/All A are C,Yes/No,No,Yes,0,,,
mReasoner,66275,conditional,single-choice,18,All B are C/No A are B,Yes/No,Yes,Yes,1,,,
mReasoner,66275,conditional,single-choice,19,All B are C/No A are C,Yes/No,No,Yes,0,,,
mReasoner,66275,conditional,single-choice,20,All B are C/No A are C,Yes/No,Yes,Yes,1,,,
mReasoner,66275,conditional,single-choice,21,All B are C/All A are B,Yes/No,Yes,Yes,1,,,
mReasoner,66275,conditional,single-choice,22,All B are C/No A are C,Yes/No,Yes,Yes,1,,,
mReasoner,66275,conditional,single-choice,23,All B are C/No A are C,Yes/No,Yes,Yes,1,,,
mReasoner,66275,conditional,single-choice,24,All B are C/All A are C,Yes/No,No,Yes,0,,,
mReasoner,66275,conditional,single-choice,25,All B are C/All A are B,Yes/No,No,Yes,0,,,
mReasoner,66275,conditional,single-choice,26,All B are C/No A are C,Yes/No,No,Yes,0,,,
mReasoner,66275,conditional,single-choice,27,All B are C/No A are B,Yes/No,No,Yes,0,,,
mReasoner,66275,conditional,single-choice,28,All B are C/No A are C,Yes/No,No,Yes,0,,,
mReasoner,66275,conditional,single-choice,29,All B are C/All A are B,Yes/No,No,Yes,0,,,
mReasoner,66275,conditional,single-choice,30,All B are C/All A are C,Yes/No,No,Yes,0,,,
mReasoner,66275,conditional,single-choice,31,All B are C/No A are B,Yes/No,Yes,Yes,1,,,
mReasoner,66275,conditional,single-choice,32,All B are C/All A are B,Yes/No,Yes,Yes,1,,,
mReasoner,66275,conditional,single-choice,33,All B are C/All A are C,Yes/No,Yes,Yes,1,,,
mReasoner,66275,conditional,single-choice,34,All B are C/No A are C,Yes/No,Yes,Yes,1,,,
mReasoner,66275,conditional,single-choice,35,All B are C/All A are C,Yes/No,Yes,Yes,1,,,
mReasoner,66275,conditional,single-choice,36,All B are C/No A are B,Yes/No,Yes,Yes,1,,,
mReasoner,66275,conditional,single-choice,37,All B are C/All A are C,Yes/No,No,Yes,0,,,
mReasoner,66275,conditional,single-choice,38,All B are C/All A are C,Yes/No,Yes,Yes,1,,,
mReasoner,66275,conditional,single-choice,39,All B are C/No A are C,Yes/No,No,Yes,0,,,
mReasoner,66275,conditional,single-choice,40,All B are C/All A are B,Yes/No,No,Yes,0,,,
mReasoner,66275,conditional,single-choice,41,All B are C/No A are C,Yes/No,Yes,Yes,1,,,
mReasoner,66275,conditional,single-choice,42,All B are C/All A are C,Yes/No,Yes,Yes,1,,,
mReasoner,66275,conditional,single-choice,43,All B are C/No A are B,Yes/No,Yes,Yes,1,,,
mReasoner,66275,conditional,single-choice,44,All B are C/No A are B,Yes/No,No,Yes,0,,,
mReasoner,66275,conditional,single-choice,45,All B are C/All A are C,Yes/No,No,Yes,0,,,
mReasoner,66275,conditional,single-choice,46,All B are C/No A are C,Yes/No,Yes,Yes,1,,,
mReasoner,66275,conditional,single-choice,47,All B are C/All A are B,Yes/No,Yes,Yes,1,,,
mReasoner,66275,conditional,single-choice,48,All B are C/All A are C,Yes/No,Yes,Yes,1,,,
mReasoner,66275,conditional,single-choice,49,All B are C/All A are C,Yes/No,No,Yes,0,,,
mReasoner,66275,conditional,single-choice,50,All B are C/No A are B,Yes/No,Yes,Yes,1,,,
mReasoner,66275,conditional,single-choice,51,All B are C/No A are C,Yes/No,No,Yes,0,,,
mReasoner,66275,conditional,single-choice,52,All B are C/No A are C,Yes/No,No,Yes,0,,,
mReasoner,66275,conditional,single-choice,53,All B are C/No A are C,Yes/No,Yes,Yes,1,,,
mReasoner,66275,conditional,single-choice,54,All B are C/No A are B,Yes/No,Yes,Yes,1,,,
mReasoner,66275,conditional,single-choice,55,All B are C/All A are B,Yes/No,Yes,Yes,1,,,
mReasoner,66275,conditional,single-choice,56,All B are C/No A are C,Yes/No,No,Yes,0,,,
mReasoner,66275,conditional,single-choice,57,All B are C/No A are B,Yes/No,No,Yes,0,,,
mReasoner,66275,conditional,single-choice,58,All B are C/All A are B,Yes/No,Yes,Yes,1,,,
mReasoner,66275,conditional,single-choice,59,All B are C/No A are C,Yes/No,Yes,Yes,1,,,
mReasoner,66275,conditional,single-choice,60,All B are C/No A are B,Yes/No,No,Yes,0,,,
mReasoner,66275,conditional,single-choice,61,All B are C/All A are C,Yes/No,No,Yes,0,,,
mReasoner,66275,conditional,single-choice,62,All B are C/No A are C,Yes/No,Yes,Yes,1,,,
mReasoner,66275,conditional,single-choice,63,All B are C/All A are B,Yes/No,Yes,Yes,1,,,
mReasoner,66275,conditional,single-choice,64,All B are C/All A are B,Yes/No,No,Yes,0,,,
mReasoner,66305,conditional,single-choice,1,All B are C/All A are C,Yes/No,Yes,Yes,1,,,
mReasoner,66305,conditional,single-choice,2,All B are C/No A are C,Yes/No,Yes,Yes,1,,,
mReasoner,66305,conditional,single-choice,3,All B are C/All A are C,Yes/No,Yes,Yes,1,,,
mReasoner,66305,conditional,single-choice,4,All B are C/No A are B,Yes/No,Yes,Yes,1,,,
mReasoner,66305,conditional,single-choice,5,All B are C/No A are B,Yes/No,Yes,Yes,1,,,
mReasoner,66305,conditional,single-choice,6,All B are C/All A are C,Yes/No,Yes,Yes,1,,,
mReasoner,66305,conditional,single-choice,7,All B are C/All A are B,Yes/No,Yes,Yes,1,,,
mReasoner,66305,conditional,single-choice,8,All B are C/No A are B,Yes/No,No,Yes,0,,,
mReasoner,66305,conditional,single-choice,9,All B are C/All A are B,Yes/No,Yes,Yes,1,,,
mReasoner,66305,conditional,single-choice,10,All B are C/All A are C,Yes/No,Yes,Yes,1,,,
mReasoner,66305,conditional,single-choice,11,All B are C/All A are B,Yes/No,Yes,Yes,1,,,
mReasoner,66305,conditional,single-choice,12,All B are C/No A are C,Yes/No,Yes,Yes,1,,,
mReasoner,66305,conditional,single-choice,13,All B are C/No A are B,Yes/No,Yes,Yes,1,,,
mReasoner,66305,conditional,single-choice,14,All B are C/No A are B,Yes/No,Yes,Yes,1,,,
mReasoner,66305,conditional,single-choice,15,All B are C/All A are C,Yes/No,Yes,Yes,1,,,
mReasoner,66305,conditional,single-choice,16,All B are C/All A are B,Yes/No,Yes,Yes,1,,,
mReasoner,66305,conditional,single-choice,17,All B are C/No A are C,Yes/No,Yes,Yes,1,,,
mReasoner,66305,conditional,single-choice,18,All B are C/All A are C,Yes/No,No,Yes,0,,,
mReasoner,66305,conditional,single-choice,19,All B are C/No A are C,Yes/No,Yes,Yes,1,,,
mReasoner,66305,conditional,single-choice,20,All B are C/No A are C,Yes/No,Yes,Yes,1,,,
mReasoner,66305,conditional,single-choice,21,All B are C/All A are C,Yes/No,Yes,Yes,1,,,
mReasoner,66305,conditional,single-choice,22,All B are C/All A are C,Yes/No,Yes,Yes,1,,,
mReasoner,66305,conditional,single-choice,23,All B are C/All A are B,Yes/No,Yes,Yes,1,,,
mReasoner,66305,conditional,single-choice,24,All B are C/All A are B,Yes/No,Yes,Yes,1,,,
mReasoner,66305,conditional,single-choice,25,All B are C/All A are C,Yes/No,Yes,Yes,1,,,
mReasoner,66305,conditional,single-choice,26,All B are C/All A are C,Yes/No,Yes,Yes,1,,,
mReasoner,66305,conditional,single-choice,27,All B are C/No A are C,Yes/No,Yes,Yes,1,,,
mReasoner,66305,conditional,single-choice,28,All B are C/No A are B,Yes/No,Yes,Yes,1,,,
mReasoner,66305,conditional,single-choice,29,All B are C/All A are B,Yes/No,Yes,Yes,1,,,
mReasoner,66305,conditional,single-choice,30,All B are C/All A are C,Yes/No,Yes,Yes,1,,,
mReasoner,66305,conditional,single-choice,31,All B are C/No A are B,Yes/No,Yes,Yes,1,,,
mReasoner,66305,conditional,single-choice,32,All B are C/All A are B,Yes/No,Yes,Yes,1,,,
mReasoner,66305,conditional,single-choice,33,All B are C/All A are C,Yes/No,Yes,Yes,1,,,
mReasoner,66305,conditional,single-choice,34,All B are C/No A are B,Yes/No,Yes,Yes,1,,,
mReasoner,66305,conditional,single-choice,35,All B are C/No A are B,Yes/No,Yes,Yes,1,,,
mReasoner,66305,conditional,single-choice,36,All B are C/All A are B,Yes/No,Yes,Yes,1,,,
mReasoner,66305,conditional,single-choice,37,All B are C/All A are B,Yes/No,Yes,Yes,1,,,
mReasoner,66305,conditional,single-choice,38,All B are C/No A are B,Yes/No,Yes,Yes,1,,,
mReasoner,66305,conditional,single-choice,39,All B are C/No A are C,Yes/No,Yes,Yes,1,,,
mReasoner,66305,conditional,single-choice,40,All B are C/No A are C,Yes/No,Yes,Yes,1,,,
mReasoner,66305,conditional,single-choice,41,All B are C/No A are C,Yes/No,Yes,Yes,1,,,
mReasoner,66305,conditional,single-choice,42,All B are C/No A are B,Yes/No,Yes,Yes,1,,,
mReasoner,66305,conditional,single-choice,43,All B are C/No A are C,Yes/No,Yes,Yes,1,,,
mReasoner,66305,conditional,single-choice,44,All B are C/No A are B,Yes/No,Yes,Yes,1,,,
mReasoner,66305,conditional,single-choice,45,All B are C/All A are B,Yes/No,Yes,Yes,1,,,
mReasoner,66305,conditional,single-choice,46,All B are C/No A are C,Yes/No,Yes,Yes,1,,,
mReasoner,66305,conditional,single-choice,47,All B are C/All A are C,Yes/No,Yes,Yes,1,,,
mReasoner,66305,conditional,single-choice,48,All B are C/No A are C,Yes/No,Yes,Yes,1,,,
mReasoner,66305,conditional,single-choice,49,All B are C/All A are B,Yes/No,Yes,Yes,1,,,
mReasoner,66305,conditional,single-choice,50,All B are C/No A are C,Yes/No,Yes,Yes,1,,,
mReasoner,66305,conditional,single-choice,51,All B are C/All A are B,Yes/No,Yes,Yes,1,,,
mReasoner,66305,conditional,single-choice,52,All B are C/All A are C,Yes/No,Yes,Yes,1,,,
mReasoner,66305,conditional,single-choice,53,All B are C/All A are B,Yes/No,No,Yes,0,,,
mReasoner,66305,conditional,single-choice,54,All B are C/No A are B,Yes/No,Yes,Yes,1,,,
mReasoner,66305,conditional,single-choice,55,All B are C/No A are C,Yes/No,Yes,Yes,1,,,
mReasoner,66305,conditional,single-choice,56,All B are C/No A are C,Yes/No,Yes,Yes,1,,,
mReasoner,66305,conditional,single-choice,57,All B are C/No A are B,Yes/No,No,Yes,0,,,
mReasoner,66305,conditional,single-choice,58,All B are C/All A are B,Yes/No,Yes,Yes,1,,,
mReasoner,66305,conditional,single-choice,59,All B are C/No A are B,Yes/No,Yes,Yes,1,,,
mReasoner,66305,conditional,single-choice,60,All B are C/No A are C,Yes/No,No,Yes,0,,,
mReasoner,66305,conditional,single-choice,61,All B are C/All A are C,Yes/No,No,Yes,0,,,
mReasoner,66305,conditional,single-choice,62,All B are C/All A are C,Yes/No,Yes,Yes,1,,,
mReasoner,66305,conditional,single-choice,63,All B are C/No A are B,Yes/No,Yes,Yes,1,,,
mReasoner,66305,conditional,single-choice,64,All B are C/All A are B,Yes/No,Yes,Yes,1,,,
mReasoner,66312,conditional,single-choice,1,All B are C/All A are B,Yes/No,Yes,Yes,1,,,
mReasoner,66312,conditional,single-choice,2,All B are C/No A are B,Yes/No,No,Yes,0,,,
mReasoner,66312,conditional,single-choice,3,All B are C/All A are C,Yes/No,No,Yes,0,,,
mReasoner,66312,conditional,single-choice,4,All B are C/All A are B,Yes/No,Yes,Yes,1,,,
mReasoner,66312,conditional,single-choice,5,All B are C/All A are B,Yes/No,Yes,Yes,1,,,
mReasoner,66312,conditional,single-choice,6,All B are C/All A are C,Yes/No,Yes,Yes,1,,,
mReasoner,66312,conditional,single-choice,7,All B are C/All A are C,Yes/No,No,Yes,0,,,
mReasoner,66312,conditional,single-choice,8,All B are C/All A are C,Yes/No,Yes,Yes,1,,,
mReasoner,66312,conditional,single-choice,9,All B are C/No A are B,Yes/No,No,Yes,0,,,
mReasoner,66312,conditional,single-choice,10,All B are C/All A are C,Yes/No,No,Yes,0,,,
mReasoner,66312,conditional,single-choice,11,All B are C/No A are C,Yes/No,Yes,Yes,1,,,
mReasoner,66312,conditional,single-choice,12,All B are C/All A are C,Yes/No,No,Yes,0,,,
mReasoner,66312,conditional,single-choice,13,All B are C/All A are B,Yes/No,Yes,Yes,1,,,
mReasoner,66312,conditional,single-choice,14,All B are C/All A are B,Yes/No,Yes,Yes,1,,,
mReasoner,66312,conditional,single-choice,15,All B are C/No A are B,Yes/No,No,Yes,0,,,
mReasoner,66312,conditional,single-choice,16,All B are C/All A are B,Yes/No,Yes,Yes,1,,,
mReasoner,66312,conditional,single-choice,17,All B are C/All A are C,Yes/No,No,Yes,0,,,
mReasoner,66312,conditional,single-choice,18,All B are C/No A are B,Yes/No,No,Yes,0,,,
mReasoner,66312,conditional,single-choice,19,All B are C/No A are B,Yes/No,No,Yes,0,,,
mReasoner,66312,conditional,single-choice,20,All B are C/No A are C,Yes/No,No,Yes,0,,,
mReasoner,66312,conditional,single-choice,21,All B are C/No A are C,Yes/No,Yes,Yes,1,,,
mReasoner,66312,conditional,single-choice,22,All B are C/No A are C,Yes/No,Yes,Yes,1,,,
mReasoner,66312,conditional,single-choice,23,All B are C/No A are C,Yes/No,Yes,Yes,1,,,
mReasoner,66312,conditional,single-choice,24,All B are C/All A are B,Yes/No,Yes,Yes,1,,,
mReasoner,66312,conditional,single-choice,25,All B are C/All A are C,Yes/No,No,Yes,0,,,
mReasoner,66312,conditional,single-choice,26,All B are C/All A are C,Yes/No,No,Yes,0,,,
mReasoner,66312,conditional,single-choice,27,All B are C/All A are B,Yes/No,Yes,Yes,1,,,
mReasoner,66312,conditional,single-choice,28,All B are C/No A are B,Yes/No,No,Yes,0,,,
mReasoner,66312,conditional,single-choice,29,All B are C/No A are C,Yes/No,No,Yes,0,,,
mReasoner,66312,conditional,single-choice,30,All B are C/All A are B,Yes/No,Yes,Yes,1,,,
mReasoner,66312,conditional,single-choice,31,All B are C/All A are C,Yes/No,No,Yes,0,,,
mReasoner,66312,conditional,single-choice,32,All B are C/All A are B,Yes/No,Yes,Yes,1,,,
mReasoner,66312,conditional,single-choice,33,All B are C/No A are B,Yes/No,Yes,Yes,1,,,
mReasoner,66312,conditional,single-choice,34,All B are C/No A are C,Yes/No,Yes,Yes,1,,,
mReasoner,66312,conditional,single-choice,35,All B are C/All A are C,Yes/No,Yes,Yes,1,,,
mReasoner,66312,conditional,single-choice,36,All B are C/No A are B,Yes/No,No,Yes,0,,,
mReasoner,66312,conditional,single-choice,37,All B are C/No A are C,Yes/No,Yes,Yes,1,,,
mReasoner,66312,conditional,single-choice,38,All B are C/No A are B,Yes/No,Yes,Yes,1,,,
mReasoner,66312,conditional,single-choice,39,All B are C/No A are C,Yes/No,Yes,Yes,1,,,
mReasoner,66312,conditional,single-choice,40,All B are C/All A are B,Yes/No,Yes,Yes,1,,,
mReasoner,66312,conditional,single-choice,41,All B are C/No A are B,Yes/No,No,Yes,0,,,
mReasoner,66312,conditional,single-choice,42,All B are C/All A are B,Yes/No,Yes,Yes,1,,,
mReasoner,66312,conditional,single-choice,43,All B are C/No A are C,Yes/No,Yes,Yes,1,,,
mReasoner,66312,conditional,single-choice,44,All B are C/All A are B,Yes/No,Yes,Yes,1,,,
mReasoner,66312,conditional,single-choice,45,All B are C/No A are B,Yes/No,No,Yes,0,,,
mReasoner,66312,conditional,single-choice,46,All B are C/No A are B,Yes/No,No,Yes,0,,,
mReasoner,66312,conditional,single-choice,47,All B are C/No A are C,Yes/No,Yes,Yes,1,,,
mReasoner,66312,conditional,single-choice,48,All B are C/All A are C,Yes/No,Yes,Yes,1,,,
mReasoner,66312,conditional,single-choice,49,All B are C/No A are B,Yes/No,No,Yes,0,,,
mReasoner,66312,conditional,single-choice,50,All B are C/No A are B,Yes/No,No,Yes,0,,,
mReasoner,66312,conditional,single-choice,51,All B are C/No A are C,Yes/No,Yes,Yes,1,,,
mReasoner,66312,conditional,single-choice,52,All B are C/All A are C,Yes/No,No,Yes,0,,,
mReasoner,66312,conditional,single-choice,53,All B are C/All A are C,Yes/No,No,Yes,0,,,
mReasoner,66312,conditional,single-choice,54,All B are C/All A are B,Yes/No,Yes,Yes,1,,,
mReasoner,66312,conditional,single-choice,55,All B are C/No A are B,Yes/No,No,Yes,0,,,
mReasoner,66312,conditional,single-choice,56,All B are C/No A are C,Yes/No,No,Yes,0,,,
mReasoner,66312,conditional,single-choice,57,All B are C/All A are B,Yes/No,No,Yes,0,,,
mReasoner,66312,conditional,single-choice,58,All B are C/No A are C,Yes/No,No,Yes,0,,,
mReasoner,66312,conditional,single-choice,59,All B are C/No A are C,Yes/No,Yes,Yes,1,,,
mReasoner,66312,conditional,single-choice,60,All B are C/No A are C,Yes/No,Yes,Yes,1,,,
mReasoner,66312,conditional,single-choice,61,All B are C/All A are C,Yes/No,No,Yes,0,,,
mReasoner,66312,conditional,single-choice,62,All B are C/All A are C,Yes/No,No,Yes,0,,,
mReasoner,66312,conditional,single-choice,63,All B are C/All A are B,Yes/No,Yes,Yes,1,,,
mReasoner,66312,conditional,single-choice,64,All B are C/No A are B,Yes/No,No,Yes,0,,,
mReasoner,66314,conditional,single-choice,1,All B are C/All A are B,Yes/No,Yes,Yes,1,,,
mReasoner,66314,conditional,single-choice,2,All B are C/All A are C,Yes/No,Yes,Yes,1,,,
mReasoner,66314,conditional,single-choice,3,All B are C/No A are B,Yes/No,Yes,Yes,1,,,
mReasoner,66314,conditional,single-choice,4,All B are C/No A are B,Yes/No,Yes,Yes,1,,,
mReasoner,66314,conditional,single-choice,5,All B are C/No A are B,Yes/No,Yes,Yes,1,,,
mReasoner,66314,conditional,single-choice,6,All B are C/No A are C,Yes/No,No,Yes,0,,,
mReasoner,66314,conditional,single-choice,7,All B are C/No A are C,Yes/No,Yes,Yes,1,,,
mReasoner,66314,conditional,single-choice,8,All B are C/No A are B,Yes/No,Yes,Yes,1,,,
mReasoner,66314,conditional,single-choice,9,All B are C/No A are C,Yes/No,Yes,Yes,1,,,
mReasoner,66314,conditional,single-choice,10,All B are C/All A are B,Yes/No,Yes,Yes,1,,,
mReasoner,66314,conditional,single-choice,11,All B are C/All A are C,Yes/No,No,Yes,0,,,
mReasoner,66314,conditional,single-choice,12,All B are C/All A are C,Yes/No,No,Yes,0,,,
mReasoner,66314,conditional,single-choice,13,All B are C/All A are B,Yes/No,Yes,Yes,1,,,
mReasoner,66314,conditional,single-choice,14,All B are C/No A are B,Yes/No,No,Yes,0,,,
mReasoner,66314,conditional,single-choice,15,All B are C/All A are B,Yes/No,Yes,Yes,1,,,
mReasoner,66314,conditional,single-choice,16,All B are C/All A are C,Yes/No,Yes,Yes,1,,,
mReasoner,66314,conditional,single-choice,17,All B are C/All A are B,Yes/No,Yes,Yes,1,,,
mReasoner,66314,conditional,single-choice,18,All B are C/No A are B,Yes/No,No,Yes,0,,,
mReasoner,66314,conditional,single-choice,19,All B are C/All A are B,Yes/No,Yes,Yes,1,,,
mReasoner,66314,conditional,single-choice,20,All B are C/All A are B,Yes/No,No,Yes,0,,,
mReasoner,66314,conditional,single-choice,21,All B are C/All A are C,Yes/No,Yes,Yes,1,,,
mReasoner,66314,conditional,single-choice,22,All B are C/No A are C,Yes/No,No,Yes,0,,,
mReasoner,66314,conditional,single-choice,23,All B are C/All A are B,Yes/No,Yes,Yes,1,,,
mReasoner,66314,conditional,single-choice,24,All B are C/All A are C,Yes/No,No,Yes,0,,,
mReasoner,66314,conditional,single-choice,25,All B are C/No A are B,Yes/No,No,Yes,0,,,
mReasoner,66314,conditional,single-choice,26,All B are C/All A are C,Yes/No,No,Yes,0,,,
mReasoner,66314,conditional,single-choice,27,All B are C/All A are B,Yes/No,Yes,Yes,1,,,
mReasoner,66314,conditional,single-choice,28,All B are C/All A are B,Yes/No,No,Yes,0,,,
mReasoner,66314,conditional,single-choice,29,All B are C/All A are B,Yes/No,Yes,Yes,1,,,
mReasoner,66314,conditional,single-choice,30,All B are C/No A are C,Yes/No,No,Yes,0,,,
mReasoner,66314,conditional,single-choice,31,All B are C/All A are B,Yes/No,No,Yes,0,,,
mReasoner,66314,conditional,single-choice,32,All B are C/All A are B,Yes/No,No,Yes,0,,,
mReasoner,66314,conditional,single-choice,33,All B are C/No A are B,Yes/No,No,Yes,0,,,
mReasoner,66314,conditional,single-choice,34,All B are C/No A are B,Yes/No,No,Yes,0,,,
mReasoner,66314,conditional,single-choice,35,All B are C/All A are C,Yes/No,Yes,Yes,1,,,
mReasoner,66314,conditional,single-choice,36,All B are C/All A are C,Yes/No,Yes,Yes,1,,,
mReasoner,66314,conditional,single-choice,37,All B are C/No A are C,Yes/No,Yes,Yes,1,,,
mReasoner,66314,conditional,single-choice,38,All B are C/No A are C,Yes/No,No,Yes,0,,,
mReasoner,66314,conditional,single-choice,39,All B are C/All A are B,Yes/No,No,Yes,0,,,
mReasoner,66314,conditional,single-choice,40,All B are C/No A are C,Yes/No,No,Yes,0,,,
mReasoner,66314,conditional,single-choice,41,All B are C/No A are C,Yes/No,No,Yes,0,,,
mReasoner,66314,conditional,single-choice,42,All B are C/No A are C,Yes/No,Yes,Yes,1,,,
mReasoner,66314,conditional,single-choice,43,All B are C/No A are B,Yes/No,Yes,Yes,1,,,
mReasoner,66314,conditional,single-choice,44,All B are C/No A are C,Yes/No,Yes,Yes,1,,,
mReasoner,66314,conditional,single-choice,45,All B are C/All A are B,Yes/No,Yes,Yes,1,,,
mReasoner,66314,conditional,single-choice,46,All B are C/No A are B,Yes/No,No,Yes,0,,,
mReasoner,66314,conditional,single-choice,47,All B are C/No A are B,Yes/No,No,Yes,0,,,
mReasoner,66314,conditional,single-choice,48,All B are C/No A are C,Yes/No,No,Yes,0,,,
mReasoner,66314,conditional,single-choice,49,All B are C/All A are B,Yes/No,Yes,Yes,1,,,
mReasoner,66314,conditional,single-choice,50,All B are C/All A are C,Yes/No,Yes,Yes,1,,,
mReasoner,66314,conditional,single-choice,51,All B are C/No A are C,Yes/No,Yes,Yes,1,,,
mReasoner,66314,conditional,single-choice,52,All B are C/All A are C,Yes/No,No,Yes,0,,,
mReasoner,66314,conditional,single-choice,53,All B are C/All A are C,Yes/No,No,Yes,0,,,
mReasoner,66314,conditional,single-choice,54,All B are C/All A are C,Yes/No,No,Yes,0,,,
mReasoner,66314,conditional,single-choice,55,All B are C/No A are B,Yes/No,No,Yes,0,,,
mReasoner,66314,conditional,single-choice,56,All B are C/No A are C,Yes/No,Yes,Yes,1,,,
mReasoner,66314,conditional,single-choice,57,All B are C/All A are C,Yes/No,Yes,Yes,1,,,
mReasoner,66314,conditional,single-choice,58,All B are C/All A are C,Yes/No,Yes,Yes,1,,,
mReasoner,66314,conditional,single-choice,59,All B are C/No A are B,Yes/No,Yes,Yes,1,,,
mReasoner,66314,conditional,single-choice,60,All B are C/All A are C,Yes/No,Yes,Yes,1,,,
mReasoner,66314,conditional,single-choice,61,All B are C/No A are B,Yes/No,No,Yes,0,,,
mReasoner,66314,conditional,single-choice,62,All B are C/No A are B,Yes/No,No,Yes,0,,,
mReasoner,66314,conditional,single-choice,63,All B are C/No A are C,Yes/No,No,Yes,0,,,
mReasoner,66314,conditional,single-choice,64,All B are C/No A are C,Yes/No,No,Yes,0,,,
mReasoner,66373,conditional,single-choice,1,All B are C/No A are B,Yes/No,Yes,Yes,1,,,
mReasoner,66373,conditional,single-choice,2,All B are C/All A are C,Yes/No,Yes,Yes,1,,,
mReasoner,66373,conditional,single-choice,3,All B are C/All A are B,Yes/No,Yes,Yes,1,,,
mReasoner,66373,conditional,single-choice,4,All B are C/No A are C,Yes/No,No,Yes,0,,,
mReasoner,66373,conditional,single-choice,5,All B are C/All A are C,Yes/No,No,Yes,0,,,
mReasoner,66373,conditional,single-choice,6,All B are C/All A are B,Yes/No,No,Yes,0,,,
mReasoner,66373,conditional,single-choice,7,All B are C/No A are C,Yes/No,No,Yes,0,,,
mReasoner,66373,conditional,single-choice,8,All B are C/No A are B,Yes/No,No,Yes,0,,,
mReasoner,66373,conditional,single-choice,9,All B are C/No A are B,Yes/No,Yes,Yes,1,,,
mReasoner,66373,conditional,single-choice,10,All B are C/No A are B,Yes/No,No,Yes,0,,,
mReasoner,66373,conditional,single-choice,11,All B are C/No A are C,Yes/No,Yes,Yes,1,,,
mReasoner,66373,conditional,single-choice,12,All B are C/All A are B,Yes/No,Yes,Yes,1,,,
mReasoner,66373,conditional,single-choice,13,All B are C/No A are B,Yes/No,Yes,Yes,1,,,
mReasoner,66373,conditional,single-choice,14,All B are C/All A are B,Yes/No,No,Yes,0,,,
mReasoner,66373,conditional,single-choice,15,All B are C/No A are C,Yes/No,No,Yes,0,,,
mReasoner,66373,conditional,single-choice,16,All B are C/All A are B,Yes/No,Yes,Yes,1,,,
mReasoner,66373,conditional,single-choice,17,All B are C/All A are C,Yes/No,No,Yes,0,,,
mReasoner,66373,conditional,single-choice,18,All B are C/No A are B,Yes/No,No,Yes,0,,,
mReasoner,66373,conditional,single-choice,19,All B are C/All A are B,Yes/No,No,Yes,0,,,
mReasoner,66373,conditional,single-choice,20,All B are C/No A are C,Yes/No,Yes,Yes,1,,,
mReasoner,66373,conditional,single-choice,21,All B are C/All A are C,Yes/No,No,Yes,0,,,
mReasoner,66373,conditional,single-choice,22,All B are C/No A are C,Yes/No,No,Yes,0,,,
mReasoner,66373,conditional,single-choice,23,All B are C/No A are C,Yes/No,Yes,Yes,1,,,
mReasoner,66373,conditional,single-choice,24,All B are C/All A are B,Yes/No,Yes,Yes,1,,,
mReasoner,66373,conditional,single-choice,25,All B are C/All A are B,Yes/No,No,Yes,0,,,
mReasoner,66373,conditional,single-choice,26,All B are C/All A are B,Yes/No,Yes,Yes,1,,,
mReasoner,66373,conditional,single-choice,27,All B are C/No A are B,Yes/No,No,Yes,0,,,
mReasoner,66373,conditional,single-choice,28,All B are C/No A are B,Yes/No,No,Yes,0,,,
mReasoner,66373,conditional,single-choice,29,All B are C/All A are C,Yes/No,Yes,Yes,1,,,
mReasoner,66373,conditional,single-choice,30,All B are C/All A are C,Yes/No,Yes,Yes,1,,,
mReasoner,66373,conditional,single-choice,31,All B are C/All A are C,Yes/No,No,Yes,0,,,
mReasoner,66373,conditional,single-choice,32,All B are C/No A are B,Yes/No,Yes,Yes,1,,,
mReasoner,66373,conditional,single-choice,33,All B are C/No A are B,Yes/No,No,Yes,0,,,
mReasoner,66373,conditional,single-choice,34,All B are C/No A are C,Yes/No,Yes,Yes,1,,,
mReasoner,66373,conditional,single-choice,35,All B are C/All A are C,Yes/No,No,Yes,0,,,
mReasoner,66373,conditional,single-choice,36,All B are C/No A are C,Yes/No,No,Yes,0,,,
mReasoner,66373,conditional,single-choice,37,All B are C/No A are C,Yes/No,No,Yes,0,,,
mReasoner,66373,conditional,single-choice,38,All B are C/No A are C,Yes/No,No,Yes,0,,,
mReasoner,66373,conditional,single-choice,39,All B are C/No A are B,Yes/No,No,Yes,0,,,
mReasoner,66373,conditional,single-choice,40,All B are C/All A are C,Yes/No,Yes,Yes,1,,,
mReasoner,66373,conditional,single-choice,41,All B are C/All A are B,Yes/No,Yes,Yes,1,,,
mReasoner,66373,conditional,single-choice,42,All B are C/All A are C,Yes/No,No,Yes,0,,,
mReasoner,66373,conditional,single-choice,43,All B are C/All A are C,Yes/No,Yes,Yes,1,,,
mReasoner,66373,conditional,single-choice,44,All B are C/No A are B,Yes/No,Yes,Yes,1,,,
mReasoner,66373,conditional,single-choice,45,All B are C/All A are B,Yes/No,Yes,Yes,1,,,
mReasoner,66373,conditional,single-choice,46,All B are C/All A are C,Yes/No,Yes,Yes,1,,,
mReasoner,66373,conditional,single-choice,47,All B are C/No A are B,Yes/No,No,Yes,0,,,
mReasoner,66373,conditional,single-choice,48,All B are C/All A are B,Yes/No,Yes,Yes,1,,,
mReasoner,66373,conditional,single-choice,49,All B are C/All A are C,Yes/No,Yes,Yes,1,,,
mReasoner,66373,conditional,single-choice,50,All B are C/All A are B,Yes/No,Yes,Yes,1,,,
mReasoner,66373,conditional,single-choice,51,All B are C/All A are C,Yes/No,No,Yes,0,,,
mReasoner,66373,conditional,single-choice,52,All B are C/No A are C,Yes/No,Yes,Yes,1,,,
mReasoner,66373,conditional,single-choice,53,All B are C/All A are C,Yes/No,Yes,Yes,1,,,
mReasoner,66373,conditional,single-choice,54,All B are C/No A are B,Yes/No,Yes,Yes,1,,,
mReasoner,66373,conditional,single-choice,55,All B are C/No A are B,Yes/No,Yes,Yes,1,,,
mReasoner,66373,conditional,single-choice,56,All B are C/No A are B,Yes/No,No,Yes,0,,,
mReasoner,66373,conditional,single-choice,57,All B are C/All A are B,Yes/No,Yes,Yes,1,,,
mReasoner,66373,conditional,single-choice,58,All B are C/No A are C,Yes/No,No,Yes,0,,,
mReasoner,66373,conditional,single-choice,59,All B are C/No A are C,Yes/No,Yes,Yes,1,,,
mReasoner,66373,conditional,single-choice,60,All B are C/No A are C,Yes/No,No,Yes,0,,,
mReasoner,66373,conditional,single-choice,61,All B are C/All A are C,Yes/No,Yes,Yes,1,,,
mReasoner,66373,conditional,single-choice,62,All B are C/All A are B,Yes/No,No,Yes,0,,,
mReasoner,66373,conditional,single-choice,63,All B are C/No A are C,Yes/No,Yes,Yes,1,,,
mReasoner,66373,conditional,single-choice,64,All B are C/All A are B,Yes/No,No,Yes,0,,,
mReasoner,66420,conditional,single-choice,1,All B are C/All A are C,Yes/No,Yes,Yes,1,,,
mReasoner,66420,conditional,single-choice,2,All B are C/All A are C,Yes/No,Yes,Yes,1,,,
mReasoner,66420,conditional,single-choice,3,All B are C/All A are C,Yes/No,No,Yes,0,,,
mReasoner,66420,conditional,single-choice,4,All B are C/All A are C,Yes/No,Yes,Yes,1,,,
mReasoner,66420,conditional,single-choice,5,All B are C/No A are B,Yes/No,No,Yes,0,,,
mReasoner,66420,conditional,single-choice,6,All B are C/No A are C,Yes/No,Yes,Yes,1,,,
mReasoner,66420,conditional,single-choice,7,All B are C/All A are B,Yes/No,Yes,Yes,1,,,
mReasoner,66420,conditional,single-choice,8,All B are C/No A are B,Yes/No,No,Yes,0,,,
mReasoner,66420,conditional,single-choice,9,All B are C/No A are C,Yes/No,Yes,Yes,1,,,
mReasoner,66420,conditional,single-choice,10,All B are C/All A are B,Yes/No,Yes,Yes,1,,,
mReasoner,66420,conditional,single-choice,11,All B are C/No A are C,Yes/No,Yes,Yes,1,,,
mReasoner,66420,conditional,single-choice,12,All B are C/No A are B,Yes/No,Yes,Yes,1,,,
mReasoner,66420,conditional,single-choice,13,All B are C/All A are B,Yes/No,Yes,Yes,1,,,
mReasoner,66420,conditional,single-choice,14,All B are C/No A are C,Yes/No,No,Yes,0,,,
mReasoner,66420,conditional,single-choice,15,All B are C/No A are B,Yes/No,Yes,Yes,1,,,
mReasoner,66420,conditional,single-choice,16,All B are C/No A are B,Yes/No,Yes,Yes,1,,,
mReasoner,66420,conditional,single-choice,17,All B are C/All A are B,Yes/No,No,Yes,0,,,
mReasoner,66420,conditional,single-choice,18,All B are C/No A are C,Yes/No,Yes,Yes,1,,,
mReasoner,66420,conditional,single-choice,19,All B are C/No A are C,Yes/No,No,Yes,0,,,
mReasoner,66420,conditional,single-choice,20,All B are C/All A are C,Yes/No,Yes,Yes,1,,,
mReasoner,66420,conditional,single-choice,21,All B are C/All A are B,Yes/No,No,Yes,0,,,
mReasoner,66420,conditional,single-choice,22,All B are C/No A are C,Yes/No,Yes,Yes,1,,,
mReasoner,66420,conditional,single-choice,23,All B are C/All A are B,Yes/No,No,Yes,0,,,
mReasoner,66420,conditional,single-choice,24,All B are C/All A are B,Yes/No,Yes,Yes,1,,,
mReasoner,66420,conditional,single-choice,25,All B are C/No A are B,Yes/No,Yes,Yes,1,,,
mReasoner,66420,conditional,single-choice,26,All B are C/No A are C,Yes/No,Yes,Yes,1,,,
mReasoner,66420,conditional,single-choice,27,All B are C/All A are B,Yes/No,No,Yes,0,,,
mReasoner,66420,conditional,single-choice,28,All B are C/All A are B,Yes/No,Yes,Yes,1,,,
mReasoner,66420,conditional,single-choice,29,All B are C/No A are C,Yes/No,Yes,Yes,1,,,
mReasoner,66420,conditional,single-choice,30,All B are C/All A are C,Yes/No,No,Yes,0,,,
mReasoner,66420,conditional,single-choice,31,All B are C/No A are C,Yes/No,No,Yes,0,,,
mReasoner,66420,conditional,single-choice,32,All B are C/No A are B,Yes/No,Yes,Yes,1,,,
mReasoner,66420,conditional,single-choice,33,All B are C/All A are B,Yes/No,Yes,Yes,1,,,
mReasoner,66420,conditional,single-choice,34,All B are C/All A are C,Yes/No,Yes,Yes,1,,,
mReasoner,66420,conditional,single-choice,35,All B are C/No A are C,Yes/No,Yes,Yes,1,,,
mReasoner,66420,conditional,single-choice,36,All B are C/No A are B,Yes/No,No,Yes,0,,,
mReasoner,66420,conditional,single-choice,37,All B are C/All A are B,Yes/No,No,Yes,0,,,
mReasoner,66420,conditional,single-choice,38,All B are C/No A are B,Yes/No,Yes,Yes,1,,,
mReasoner,66420,conditional,single-choice,39,All B are C/All A are C,Yes/No,No,Yes,0,,,
mReasoner,66420,conditional,single-choice,40,All B are C/No A are C,Yes/No,No,Yes,0,,,
mReasoner,66420,conditional,single-choice,41,All B are C/No A are C,Yes/No,No,Yes,0,,,
mReasoner,66420,conditional,single-choice,42,All B are C/No A are B,Yes/No,No,Yes,0,,,
mReasoner,66420,conditional,single-choice,43,All B are C/No A are B,Yes/No,Yes,Yes,1,,,
mReasoner,66420,conditional,single-choice,44,All B are C/All A are B,Yes/No,Yes,Yes,1,,,
mReasoner,66420,conditional,single-choice,45,All B are C/All A are C,Yes/No,Yes,Yes,1,,,
mReasoner,66420,conditional,single-choice,46,All B are C/No A are C,Yes/No,No,Yes,0,,,
mReasoner,66420,conditional,single-choice,47,All B are C/No A are B,Yes/No,No,Yes,0,,,
mReasoner,66420,conditional,single-choice,48,All B are C/No A are B,Yes/No,Yes,Yes,1,,,
mReasoner,66420,conditional,single-choice,49,All B are C/All A are C,Yes/No,No,Yes,0,,,
mReasoner,66420,conditional,single-choice,50,All B are C/No A are C,Yes/No,No,Yes,0,,,
mReasoner,66420,conditional,single-choice,51,All B are C/All A are C,Yes/No,No,Yes,0,,,
mReasoner,66420,conditional,single-choice,52,All B are C/No A are C,Yes/No,No,Yes,0,,,
mReasoner,66420,conditional,single-choice,53,All B are C/All A are B,Yes/No,Yes,Yes,1,,,
mReasoner,66420,conditional,single-choice,54,All B are C/All A are B,Yes/No,Yes,Yes,1,,,
mReasoner,66420,conditional,single-choice,55,All B are C/All A are B,Yes/No,No,Yes,0,,,
mReasoner,66420,conditional,single-choice,56,All B are C/All A are C,Yes/No,No,Yes,0,,,
mReasoner,66420,conditional,single-choice,57,All B are C/All A are B,Yes/No,No,Yes,0,,,
mReasoner,66420,conditional,single-choice,58,All B are C/No A are B,Yes/No,No,Yes,0,,,
mReasoner,66420,conditional,single-choice,59,All B are C/All A are C,Yes/No,No,Yes,0,,,
mReasoner,66420,conditional,single-choice,60,All B are C/All A are C,Yes/No,Yes,Yes,1,,,
mReasoner,66420,conditional,single-choice,61,All B are C/All A are C,Yes/No,No,Yes,0,,,
mReasoner,66420,conditional,single-choice,62,All B are C/No A are B,Yes/No,No,Yes,0,,,
mReasoner,66420,conditional,single-choice,63,All B are C/All A are C,Yes/No,Yes,Yes,1,,,
mReasoner,66420,conditional,single-choice,64,All B are C/No A are B,Yes/No,No,Yes,0,,,
mReasoner,66520,conditional,single-choice,1,All B are C/All A are B,Yes/No,Yes,Yes,1,,,
mReasoner,66520,conditional,single-choice,2,All B are C/All A are C,Yes/No,No,Yes,0,,,
mReasoner,66520,conditional,single-choice,3,All B are C/All A are B,Yes/No,Yes,Yes,1,,,
mReasoner,66520,conditional,single-choice,4,All B are C/No A are B,Yes/No,No,Yes,0,,,
mReasoner,66520,conditional,single-choice,5,All B are C/No A are B,Yes/No,No,Yes,0,,,
mReasoner,66520,conditional,single-choice,6,All B are C/No A are C,Yes/No,Yes,Yes,1,,,
mReasoner,66520,conditional,single-choice,7,All B are C/No A are B,Yes/No,No,Yes,0,,,
mReasoner,66520,conditional,single-choice,8,All B are C/All A are C,Yes/No,No,Yes,0,,,
mReasoner,66520,conditional,single-choice,9,All B are C/All A are B,Yes/No,Yes,Yes,1,,,
mReasoner,66520,conditional,single-choice,10,All B are C/No A are C,Yes/No,Yes,Yes,1,,,
mReasoner,66520,conditional,single-choice,11,All B are C/All A are B,Yes/No,Yes,Yes,1,,,
mReasoner,66520,conditional,single-choice,12,All B are C/No A are C,Yes/No,Yes,Yes,1,,,
mReasoner,66520,conditional,single-choice,13,All B are C/No A are B,Yes/No,Yes,Yes,1,,,
mReasoner,66520,conditional,single-choice,14,All B are C/No A are C,Yes/No,Yes,Yes,1,,,
mReasoner,66520,conditional,single-choice,15,All B are C/No A are C,Yes/No,Yes,Yes,1,,,
mReasoner,66520,conditional,single-choice,16,All B are C/All A are C,Yes/No,Yes,Yes,1,,,
mReasoner,66520,conditional,single-choice,17,All B are C/All A are C,Yes/No,No,Yes,0,,,
mReasoner,66520,conditional,single-choice,18,All B are C/No A are B,Yes/No,No,Yes,0,,,
mReasoner,66520,conditional,single-choice,19,All B are C/No A are C,Yes/No,Yes,Yes,1,,,
mReasoner,66520,conditional,single-choice,20,All B are C/No A are B,Yes/No,No,Yes,0,,,
mReasoner,66520,conditional,single-choice,21,All B are C/No A are C,Yes/No,Yes,Yes,1,,,
mReasoner,66520,conditional,single-choice,22,All B are C/All A are C,Yes/No,No,Yes,0,,,
mReasoner,66520,conditional,single-choice,23,All B are C/All A are C,Yes/No,No,Yes,0,,,
mReasoner,66520,conditional,single-choice,24,All B are C/All A are B,Yes/No,Yes,Yes,1,,,
mReasoner,66520,conditional,single-choice,25,All B are C/All A are B,Yes/No,Yes,Yes,1,,,
mReasoner,66520,conditional,single-choice,26,All B are C/No A are B,Yes/No,No,Yes,0,,,
mReasoner,66520,conditional,single-choice,27,All B are C/All A are B,Yes/No,Yes,Yes,1,,,
mReasoner,66520,conditional,single-choice,28,All B are C/No A are B,Yes/No,No,Yes,0,,,
mReasoner,66520,conditional,single-choice,29,All B are C/No A are C,Yes/No,Yes,Yes,1,,,
mReasoner,66520,conditional,single-choice,30,All B are C/All A are C,Yes/No,No,Yes,0,,,
mReasoner,66520,conditional,single-choice,31,All B are C/All A are C,Yes/No,No,Yes,0,,,
mReasoner,66520,conditional,single-choice,32,All B are C/All A are B,Yes/No,Yes,Yes,1,,,
mReasoner,66520,conditional,single-choice,33,All B are C/All A are C,Yes/No,No,Yes,0,,,
mReasoner,66520,conditional,single-choice,34,All B are C/All A are C,Yes/No,No,Yes,0,,,
mReasoner,66520,conditional,single-choice,35,All B are C/No A are B,Yes/No,No,Yes,0,,,
mReasoner,66520,conditional,single-choice,36,All B are C/All A are C,Yes/No,No,Yes,0,,,
mReasoner,66520,conditional,single-choice,37,All B are C/No A are B,Yes/No,No,Yes,0,,,
mReasoner,66520,conditional,single-choice,38,All B are C/No A are C,Yes/No,No,Yes,0,,,
mReasoner,66520,conditional,single-choice,39,All B are C/All A are B,Yes/No,Yes,Yes,1,,,
mReasoner,66520,conditional,single-choice,40,All B are C/No A are C,Yes/No,Yes,Yes,1,,,
mReasoner,66520,conditional,single-choice,41,All B are C/No A are B,Yes/No,No,Yes,0,,,
mReasoner,66520,conditional,single-choice,42,All B are C/All A are B,Yes/No,Yes,Yes,1,,,
mReasoner,66520,conditional,single-choice,43,All B are C/No A are B,Yes/No,No,Yes,0,,,
mReasoner,66520,conditional,single-choice,44,All B are C/No A are C,Yes/No,No,Yes,0,,,
mReasoner,66520,conditional,single-choice,45,All B are C/No A are B,Yes/No,No,Yes,0,,,
mReasoner,66520,conditional,single-choice,46,All B are C/All A are B,Yes/No,Yes,Yes,1,,,
mReasoner,66520,conditional,single-choice,47,All B are C/All A are B,Yes/No,Yes,Yes,1,,,
mReasoner,66520,conditional,single-choice,48,All B are C/All A are C,Yes/No,No,Yes,0,,,
mReasoner,66520,conditional,single-choice,49,All B are C/No A are C,Yes/No,No,Yes,0,,,
mReasoner,66520,conditional,single-choice,50,All B are C/All A are C,Yes/No,No,Yes,0,,,
mReasoner,66520,conditional,single-choice,51,All B are C/No A are B,Yes/No,No,Yes,0,,,
mReasoner,66520,conditional,single-choice,52,All B are C/All A are B,Yes/No,Yes,Yes,1,,,
mReasoner,66520,conditional,single-choice,53,All B are C/All A are C,Yes/No,No,Yes,0,,,
mReasoner,66520,conditional,single-choice,54,All B are C/All A are B,Yes/No,Yes,Yes,1,,,
mReasoner,66520,conditional,single-choice,55,All B are C/No A are C,Yes/No,Yes,Yes,1,,,
mReasoner,66520,conditional,single-choice,56,All B are C/No A are C,Yes/No,Yes,Yes,1,,,
mReasoner,66520,conditional,single-choice,57,All B are C/No A are C,Yes/No,Yes,Yes,1,,,
mReasoner,66520,conditional,single-choice,58,All B are C/All A are C,Yes/No,No,Yes,0,,,
mReasoner,66520,conditional,single-choice,59,All B are C/All A are C,Yes/No,No,Yes,0,,,
mReasoner,66520,conditional,single-choice,60,All B are C/No A are B,Yes/No,No,Yes,0,,,
mReasoner,66520,conditional,single-choice,61,All B are C/No A are B,Yes/No,No,Yes,0,,,
mReasoner,66520,conditional,single-choice,62,All B are C/No A are C,Yes/No,Yes,Yes,1,,,
mReasoner,66520,conditional,single-choice,63,All B are C/All A are B,Yes/No,Yes,Yes,1,,,
mReasoner,66520,conditional,single-choice,64,All B are C/All A are B,Yes/No,Yes,Yes,1,,,
mReasoner,67013,conditional,single-choice,1,All B are C/All A are C,Yes/No,Yes,Yes,1,,,
mReasoner,67013,conditional,single-choice,2,All B are C/No A are C,Yes/No,Yes,Yes,1,,,
mReasoner,67013,conditional,single-choice,3,All B are C/All A are C,Yes/No,Yes,Yes,1,,,
mReasoner,67013,conditional,single-choice,4,All B are C/All A are C,Yes/No,Yes,Yes,1,,,
mReasoner,67013,conditional,single-choice,5,All B are C/No A are C,Yes/No,Yes,Yes,1,,,
mReasoner,67013,conditional,single-choice,6,All B are C/No A are B,Yes/No,Yes,Yes,1,,,
mReasoner,67013,conditional,single-choice,7,All B are C/All A are B,Yes/No,Yes,Yes,1,,,
mReasoner,67013,conditional,single-choice,8,All B are C/No A are C,Yes/No,Yes,Yes,1,,,
mReasoner,67013,conditional,single-choice,9,All B are C/All A are B,Yes/No,No,Yes,0,,,
mReasoner,67013,conditional,single-choice,10,All B are C/All A are B,Yes/No,Yes,Yes,1,,,
mReasoner,67013,conditional,single-choice,11,All B are C/All A are C,Yes/No,No,Yes,0,,,
mReasoner,67013,conditional,single-choice,12,All B are C/All A are B,Yes/No,No,Yes,0,,,
mReasoner,67013,conditional,single-choice,13,All B are C/All A are C,Yes/No,No,Yes,0,,,
mReasoner,67013,conditional,single-choice,14,All B are C/All A are C,Yes/No,Yes,Yes,1,,,
mReasoner,67013,conditional,single-choice,15,All B are C/No A are C,Yes/No,No,Yes,0,,,
mReasoner,67013,conditional,single-choice,16,All B are C/All A are B,Yes/No,Yes,Yes,1,,,
mReasoner,67013,conditional,single-choice,17,All B are C/All A are B,Yes/No,Yes,Yes,1,,,
mReasoner,67013,conditional,single-choice,18,All B are C/No A are B,Yes/No,Yes,Yes,1,,,
mReasoner,67013,conditional,single-choice,19,All B are C/No A are B,Yes/No,Yes,Yes,1,,,
mReasoner,67013,conditional,single-choice,20,All B are C/No A are C,Yes/No,Yes,Yes,1,,,
mReasoner,67013,conditional,single-choice,21,All B are C/No A are B,Yes/No,No,Yes,0,,,
mReasoner,67013,conditional,single-choice,22,All B are C/All A are B,Yes/No,Yes,Yes,1,,,
mReasoner,67013,conditional,single-choice,23,All B are C/No A are C,Yes/No,Yes,Yes,1,,,
mReasoner,67013,conditional,single-choice,24,All B are C/No A are C,Yes/No,No,Yes,0,,,
mReasoner,67013,conditional,single-choice,25,All B are C/All A are C,Yes/No,No,Yes,0,,,
mReasoner,67013,conditional,single-choice,26,All B are C/No A are B,Yes/No,No,Yes,0,,,
mReasoner,67013,conditional,single-choice,27,All B are C/All A are C,Yes/No,Yes,Yes,1,,,
mReasoner,67013,conditional,single-choice,28,All B are C/All A are B,Yes/No,Yes,Yes,1,,,
mReasoner,67013,conditional,single-choice,29,All B are C/No A are B,Yes/No,Yes,Yes,1,,,
mReasoner,67013,conditional,single-choice,30,All B are C/No A are C,Yes/No,Yes,Yes,1,,,
mReasoner,67013,conditional,single-choice,31,All B are C/All A are C,Yes/No,Yes,Yes,1,,,
mReasoner,67013,conditional,single-choice,32,All B are C/No A are B,Yes/No,No,Yes,0,,,
mReasoner,67013,conditional,single-choice,33,All B are C/No A are B,Yes/No,No,Yes,0,,,
mReasoner,67013,conditional,single-choice,34,All B are C/No A are C,Yes/No,Yes,Yes,1,,,
mReasoner,67013,conditional,single-choice,35,All B are C/All A are B,Yes/No,Yes,Yes,1,,,
mReasoner,67013,conditional,single-choice,36,All B are C/No A are B,Yes/No,No,Yes,0,,,
mReasoner,67013,conditional,single-choice,37,All B are C/No A are B,Yes/No,No,Yes,0,,,
mReasoner,67013,conditional,single-choice,38,All B are C/No A are B,Yes/No,Yes,Yes,1,,,
mReasoner,67013,conditional,single-choice,39,All B are C/No A are B,Yes/No,No,Yes,0,,,
mReasoner,67013,conditional,single-choice,40,All B are C/No A are C,Yes/No,Yes,Yes,1,,,
mReasoner,67013,conditional,single-choice,41,All B are C/No A are B,Yes/No,No,Yes,0,,,
mReasoner,67013,conditional,single-choice,42,All B are C/All A are B,Yes/No,Yes,Yes,1,,,
mReasoner,67013,conditional,single-choice,43,All B are C/All A are C,Yes/No,Yes,Yes,1,,,
mReasoner,67013,conditional,single-choice,44,All B are C/No A are C,Yes/No,Yes,Yes,1,,,
mReasoner,67013,conditional,single-choice,45,All B are C/All A are C,Yes/No,Yes,Yes,1,,,
mReasoner,67013,conditional,single-choice,46,All B are C/No A are B,Yes/No,No,Yes,0,,,
mReasoner,67013,conditional,single-choice,47,All B are C/No A are C,Yes/No,No,Yes,0,,,
mReasoner,67013,conditional,single-choice,48,All B are C/All A are C,Yes/No,No,Yes,0,,,
mReasoner,67013,conditional,single-choice,49,All B are C/All A are B,Yes/No,Yes,Yes,1,,,
mReasoner,67013,conditional,single-choice,50,All B are C/All A are B,Yes/No,Yes,Yes,1,,,
mReasoner,67013,conditional,single-choice,51,All B are C/All A are B,Yes/No,Yes,Yes,1,,,
mReasoner,67013,conditional,single-choice,52,All B are C/No A are C,Yes/No,Yes,Yes,1,,,
mReasoner,67013,conditional,single-choice,53,All B are C/All A are C,Yes/No,Yes,Yes,1,,,
mReasoner,67013,conditional,single-choice,54,All B are C/All A are C,Yes/No,No,Yes,0,,,
mReasoner,67013,conditional,single-choice,55,All B are C/All A are B,Yes/No,Yes,Yes,1,,,
mReasoner,67013,conditional,single-choice,56,All B are C/No A are B,Yes/No,No,Yes,0,,,
mReasoner,67013,conditional,single-choice,57,All B are C/All A are C,Yes/No,No,Yes,0,,,
mReasoner,67013,conditional,single-choice,58,All B are C/All A are B,Yes/No,Yes,Yes,1,,,
mReasoner,67013,conditional,single-choice,59,All B are C/No A are B,Yes/No,No,Yes,0,,,
mReasoner,67013,conditional,single-choice,60,All B are C/No A are C,Yes/No,Yes,Yes,1,,,
mReasoner,67013,conditional,single-choice,61,All B are C/No A are C,Yes/No,Yes,Yes,1,,,
mReasoner,67013,conditional,single-choice,62,All B are C/All A are B,Yes/No,Yes,Yes,1,,,
mReasoner,67013,conditional,single-choice,63,All B are C/All A are C,Yes/No,Yes,Yes,1,,,
mReasoner,67013,conditional,single-choice,64,All B are C/No A are C,Yes/No,Yes,Yes,1,,,
mReasoner,67024,conditional,single-choice,1,All B are C/All A are B,Yes/No,No,Yes,0,,,
mReasoner,67024,conditional,single-choice,2,All B are C/No A are B,Yes/No,No,Yes,0,,,
mReasoner,67024,conditional,single-choice,3,All B are C/All A are C,Yes/No,Yes,Yes,1,,,
mReasoner,67024,conditional,single-choice,4,All B are C/All A are C,Yes/No,No,Yes,0,,,
mReasoner,67024,conditional,single-choice,5,All B are C/No A are C,Yes/No,Yes,Yes,1,,,
mReasoner,67024,conditional,single-choice,6,All B are C/All A are C,Yes/No,No,Yes,0,,,
mReasoner,67024,conditional,single-choice,7,All B are C/No A are C,Yes/No,No,Yes,0,,,
mReasoner,67024,conditional,single-choice,8,All B are C/No A are C,Yes/No,Yes,Yes,1,,,
mReasoner,67024,conditional,single-choice,9,All B are C/All A are C,Yes/No,Yes,Yes,1,,,
mReasoner,67024,conditional,single-choice,10,All B are C/No A are B,Yes/No,Yes,Yes,1,,,
mReasoner,67024,conditional,single-choice,11,All B are C/All A are C,Yes/No,Yes,Yes,1,,,
mReasoner,67024,conditional,single-choice,12,All B are C/No A are C,Yes/No,Yes,Yes,1,,,
mReasoner,67024,conditional,single-choice,13,All B are C/No A are C,Yes/No,No,Yes,0,,,
mReasoner,67024,conditional,single-choice,14,All B are C/No A are B,Yes/No,Yes,Yes,1,,,
mReasoner,67024,conditional,single-choice,15,All B are C/No A are C,Yes/No,Yes,Yes,1,,,
mReasoner,67024,conditional,single-choice,16,All B are C/All A are C,Yes/No,Yes,Yes,1,,,
mReasoner,67024,conditional,single-choice,17,All B are C/All A are B,Yes/No,No,Yes,0,,,
mReasoner,67024,conditional,single-choice,18,All B are C/No A are C,Yes/No,Yes,Yes,1,,,
mReasoner,67024,conditional,single-choice,19,All B are C/All A are B,Yes/No,Yes,Yes,1,,,
mReasoner,67024,conditional,single-choice,20,All B are C/No A are C,Yes/No,Yes,Yes,1,,,
mReasoner,67024,conditional,single-choice,21,All B are C/All A are B,Yes/No,Yes,Yes,1,,,
mReasoner,67024,conditional,single-choice,22,All B are C/All A are B,Yes/No,Yes,Yes,1,,,
mReasoner,67024,conditional,single-choice,23,All B are C/All A are B,Yes/No,No,Yes,0,,,
mReasoner,67024,conditional,single-choice,24,All B are C/No A are B,Yes/No,No,Yes,0,,,
mReasoner,67024,conditional,single-choice,25,All B are C/No A are B,Yes/No,No,Yes,0,,,
mReasoner,67024,conditional,single-choice,26,All B are C/All A are B,Yes/No,Yes,Yes,1,,,
mReasoner,67024,conditional,single-choice,27,All B are C/All A are C,Yes/No,No,Yes,0,,,
mReasoner,67024,conditional,single-choice,28,All B are C/No A are C,Yes/No,Yes,Yes,1,,,
mReasoner,67024,conditional,single-choice,29,All B are C/All A are C,Yes/No,Yes,Yes,1,,,
mReasoner,67024,conditional,single-choice,30,All B are C/No A are B,Yes/No,Yes,Yes,1,,,
mReasoner,67024,conditional,single-choice,31,All B are C/No A are C,Yes/No,No,Yes,0,,,
mReasoner,67024,conditional,single-choice,32,All B are C/All A are C,Yes/No,No,Yes,0,,,
mReasoner,67024,conditional,single-choice,33,All B are C/No A are B,Yes/No,No,Yes,0,,,
mReasoner,67024,conditional,single-choice,34,All B are C/All A are B,Yes/No,No,Yes,0,,,
mReasoner,67024,conditional,single-choice,35,All B are C/No A are C,Yes/No,No,Yes,0,,,
mReasoner,67024,conditional,single-choice,36,All B are C/No A are B,Yes/No,Yes,Yes,1,,,
mReasoner,67024,conditional,single-choice,37,All B are C/No A are B,Yes/No,No,Yes,0,,,
mReasoner,67024,conditional,single-choice,38,All B are C/All A are C,Yes/No,Yes,Yes,1,,,
mReasoner,67024,conditional,single-choice,39,All B are C/No A are B,Yes/No,Yes,Yes,1,,,
mReasoner,67024,conditional,single-choice,40,All B are C/No A are B,Yes/No,Yes,Yes,1,,,
mReasoner,67024,conditional,single-choice,41,All B are C/No A are C,Yes/No,No,Yes,0,,,
mReasoner,67024,conditional,single-choice,42,All B are C/No A are B,Yes/No,Yes,Yes,1,,,
mReasoner,67024,conditional,single-choice,43,All B are C/No A are B,Yes/No,No,Yes,0,,,
mReasoner,67024,conditional,single-choice,44,All B are C/All A are C,Yes/No,No,Yes,0,,,
mReasoner,67024,conditional,single-choice,45,All B are C/All A are B,Yes/No,Yes,Yes,1,,,
mReasoner,67024,conditional,single-choice,46,All B are C/All A are C,Yes/No,No,Yes,0,,,
mReasoner,67024,conditional,single-choice,47,All B are C/All A are B,Yes/No,No,Yes,0,,,
mReasoner,67024,conditional,single-choice,48,All B are C/No A are B,Yes/No,No,Yes,0,,,
mReasoner,67024,conditional,single-choice,49,All B are C/All A are C,Yes/No,Yes,Yes,1,,,
mReasoner,67024,conditional,single-choice,50,All B are C/All A are C,Yes/No,Yes,Yes,1,,,
mReasoner,67024,conditional,single-choice,51,All B are C/No A are C,Yes/No,Yes,Yes,1,,,
mReasoner,67024,conditional,single-choice,52,All B are C/All A are B,Yes/No,Yes,Yes,1,,,
mReasoner,67024,conditional,single-choice,53,All B are C/No A are B,Yes/No,Yes,Yes,1,,,
mReasoner,67024,conditional,single-choice,54,All B are C/All A are B,Yes/No,Yes,Yes,1,,,
mReasoner,67024,conditional,single-choice,55,All B are C/All A are B,Yes/No,Yes,Yes,1,,,
mReasoner,67024,conditional,single-choice,56,All B are C/All A are C,Yes/No,No,Yes,0,,,
mReasoner,67024,conditional,single-choice,57,All B are C/No A are B,Yes/No,No,Yes,0,,,
mReasoner,67024,conditional,single-choice,58,All B are C/No A are C,Yes/No,Yes,Yes,1,,,
mReasoner,67024,conditional,single-choice,59,All B are C/All A are B,Yes/No,Yes,Yes,1,,,
mReasoner,67024,conditional,single-choice,60,All B are C/All A are C,Yes/No,Yes,Yes,1,,,
mReasoner,67024,conditional,single-choice,61,All B are C/No A are C,Yes/No,No,Yes,0,,,
mReasoner,67024,conditional,single-choice,62,All B are C/No A are C,Yes/No,Yes,Yes,1,,,
mReasoner,67024,conditional,single-choice,63,All B are C/All A are B,Yes/No,No,Yes,0,,,
mReasoner,67024,conditional,single-choice,64,All B are C/All A are B,Yes/No,No,Yes,0,,,
mReasoner,67026,conditional,single-choice,1,All B are C/All A are B,Yes/No,Yes,Yes,1,,,
mReasoner,67026,conditional,single-choice,2,All B are C/No A are C,Yes/No,No,Yes,0,,,
mReasoner,67026,conditional,single-choice,3,All B are C/All A are C,Yes/No,Yes,Yes,1,,,
mReasoner,67026,conditional,single-choice,4,All B are C/No A are B,Yes/No,No,Yes,0,,,
mReasoner,67026,conditional,single-choice,5,All B are C/All A are C,Yes/No,Yes,Yes,1,,,
mReasoner,67026,conditional,single-choice,6,All B are C/No A are B,Yes/No,No,Yes,0,,,
mReasoner,67026,conditional,single-choice,7,All B are C/All A are B,Yes/No,Yes,Yes,1,,,
mReasoner,67026,conditional,single-choice,8,All B are C/No A are B,Yes/No,Yes,Yes,1,,,
mReasoner,67026,conditional,single-choice,9,All B are C/All A are C,Yes/No,No,Yes,0,,,
mReasoner,67026,conditional,single-choice,10,All B are C/No A are B,Yes/No,Yes,Yes,1,,,
mReasoner,67026,conditional,single-choice,11,All B are C/All A are B,Yes/No,No,Yes,0,,,
mReasoner,67026,conditional,single-choice,12,All B are C/No A are C,Yes/No,No,Yes,0,,,
mReasoner,67026,conditional,single-choice,13,All B are C/All A are B,Yes/No,Yes,Yes,1,,,
mReasoner,67026,conditional,single-choice,14,All B are C/No A are C,Yes/No,Yes,Yes,1,,,
mReasoner,67026,conditional,single-choice,15,All B are C/No A are B,Yes/No,No,Yes,0,,,
mReasoner,67026,conditional,single-choice,16,All B are C/No A are C,Yes/No,No,Yes,0,,,
mReasoner,67026,conditional,single-choice,17,All B are C/No A are C,Yes/No,No,Yes,0,,,
mReasoner,67026,conditional,single-choice,18,All B are C/No A are B,Yes/No,No,Yes,0,,,
mReasoner,67026,conditional,single-choice,19,All B are C/All A are C,Yes/No,Yes,Yes,1,,,
mReasoner,67026,conditional,single-choice,20,All B are C/No A are C,Yes/No,Yes,Yes,1,,,
mReasoner,67026,conditional,single-choice,21,All B are C/No A are B,Yes/No,Yes,Yes,1,,,
mReasoner,67026,conditional,single-choice,22,All B are C/No A are B,Yes/No,Yes,Yes,1,,,
mReasoner,67026,conditional,single-choice,23,All B are C/No A are C,Yes/No,Yes,Yes,1,,,
mReasoner,67026,conditional,single-choice,24,All B are C/All A are B,Yes/No,No,Yes,0,,,
mReasoner,67026,conditional,single-choice,25,All B are C/All A are B,Yes/No,No,Yes,0,,,
mReasoner,67026,conditional,single-choice,26,All B are C/All A are B,Yes/No,No,Yes,0,,,
mReasoner,67026,conditional,single-choice,27,All B are C/No A are C,Yes/No,Yes,Yes,1,,,
mReasoner,67026,conditional,single-choice,28,All B are C/No A are C,Yes/No,Yes,Yes,1,,,
mReasoner,67026,conditional,single-choice,29,All B are C/All A are C,Yes/No,No,Yes,0,,,
mReasoner,67026,conditional,single-choice,30,All B are C/All A are C,Yes/No,No,Yes,0,,,
mReasoner,67026,conditional,single-choice,31,All B are C/All A are C,Yes/No,Yes,Yes,1,,,
mReasoner,67026,conditional,single-choice,32,All B are C/All A are B,Yes/No,Yes,Yes,1,,,
mReasoner,67026,conditional,single-choice,33,All B are C/No A are B,Yes/No,No,Yes,0,,,
mReasoner,67026,conditional,single-choice,34,All B are C/All A are C,Yes/No,Yes,Yes,1,,,
mReasoner,67026,conditional,single-choice,35,All B are C/All A are C,Yes/No,Yes,Yes,1,,,
mReasoner,67026,conditional,single-choice,36,All B are C/No A are B,Yes/No,Yes,Yes,1,,,
mReasoner,67026,conditional,single-choice,37,All B are C/All A are B,Yes/No,Yes,Yes,1,,,
mReasoner,67026,conditional,single-choice,38,All B are C/All A are B,Yes/No,No,Yes,0,,,
mReasoner,67026,conditional,single-choice,39,All B are C/All A are B,Yes/No,No,Yes,0,,,
mReasoner,67026,conditional,single-choice,40,All B are C/No A are B,Yes/No,Yes,Yes,1,,,
mReasoner,67026,conditional,single-choice,41,All B are C/No A are B,Yes/No,Yes,Yes,1,,,
mReasoner,67026,conditional,single-choice,42,All B are C/All A are C,Yes/No,No,Yes,0,,,
mReasoner,67026,conditional,single-choice,43,All B are C/All A are C,Yes/No,Yes,Yes,1,,,
mReasoner,67026,conditional,single-choice,44,All B are C/No A are C,Yes/No,Yes,Yes,1,,,
mReasoner,67026,conditional,single-choice,45,All B are C/No A are C,Yes/No,No,Yes,0,,,
mReasoner,67026,conditional,single-choice,46,All B are C/No A are C,Yes/No,No,Yes,0,,,
mReasoner,67026,conditional,single-choice,47,All B are C/No A are B,Yes/No,Yes,Yes,1,,,
mReasoner,67026,conditional,single-choice,48,All B are C/All A are B,Yes/No,Yes,Yes,1,,,
mReasoner,67026,conditional,single-choice,49,All B are C/All A are C,Yes/No,Yes,Yes,1,,,
mReasoner,67026,conditional,single-choice,50,All B are C/All A are C,Yes/No,Yes,Yes,1,,,
mReasoner,67026,conditional,single-choice,51,All B are C/All A are B,Yes/No,No,Yes,0,,,
mReasoner,67026,conditional,single-choice,52,All B are C/All A are B,Yes/No,No,Yes,0,,,
mReasoner,67026,conditional,single-choice,53,All B are C/No A are C,Yes/No,Yes,Yes,1,,,
mReasoner,67026,conditional,single-choice,54,All B are C/All A are B,Yes/No,Yes,Yes,1,,,
mReasoner,67026,conditional,single-choice,55,All B are C/No A are C,Yes/No,Yes,Yes,1,,,
mReasoner,67026,conditional,single-choice,56,All B are C/No A are C,Yes/No,No,Yes,0,,,
mReasoner,67026,conditional,single-choice,57,All B are C/All A are C,Yes/No,No,Yes,0,,,
mReasoner,67026,conditional,single-choice,58,All B are C/All A are C,Yes/No,No,Yes,0,,,
mReasoner,67026,conditional,single-choice,59,All B are C/No A are B,Yes/No,No,Yes,0,,,
mReasoner,67026,conditional,single-choice,60,All B are C/No A are B,Yes/No,No,Yes,0,,,
mReasoner,67026,conditional,single-choice,61,All B are C/No A are C,Yes/No,No,Yes,0,,,
mReasoner,67026,conditional,single-choice,62,All B are C/No A are B,Yes/No,No,Yes,0,,,
mReasoner,67026,conditional,single-choice,63,All B are C/All A are C,Yes/No,No,Yes,0,,,
mReasoner,67026,conditional,single-choice,64,All B are C/All A are B,Yes/No,Yes,Yes,1,,,
mReasoner,67038,conditional,single-choice,1,All B are C/All A are B,Yes/No,No,Yes,0,,,
mReasoner,67038,conditional,single-choice,2,All B are C/All A are B,Yes/No,Yes,Yes,1,,,
mReasoner,67038,conditional,single-choice,3,All B are C/All A are B,Yes/No,No,Yes,0,,,
mReasoner,67038,conditional,single-choice,4,All B are C/No A are B,Yes/No,No,Yes,0,,,
mReasoner,67038,conditional,single-choice,5,All B are C/No A are B,Yes/No,Yes,Yes,1,,,
mReasoner,67038,conditional,single-choice,6,All B are C/No A are C,Yes/No,No,Yes,0,,,
mReasoner,67038,conditional,single-choice,7,All B are C/No A are B,Yes/No,Yes,Yes,1,,,
mReasoner,67038,conditional,single-choice,8,All B are C/No A are B,Yes/No,No,Yes,0,,,
mReasoner,67038,conditional,single-choice,9,All B are C/No A are C,Yes/No,No,Yes,0,,,
mReasoner,67038,conditional,single-choice,10,All B are C/All A are B,Yes/No,Yes,Yes,1,,,
mReasoner,67038,conditional,single-choice,11,All B are C/All A are B,Yes/No,Yes,Yes,1,,,
mReasoner,67038,conditional,single-choice,12,All B are C/All A are C,Yes/No,Yes,Yes,1,,,
mReasoner,67038,conditional,single-choice,13,All B are C/No A are B,Yes/No,No,Yes,0,,,
mReasoner,67038,conditional,single-choice,14,All B are C/No A are C,Yes/No,No,Yes,0,,,
mReasoner,67038,conditional,single-choice,15,All B are C/All A are C,Yes/No,No,Yes,0,,,
mReasoner,67038,conditional,single-choice,16,All B are C/No A are C,Yes/No,Yes,Yes,1,,,
mReasoner,67038,conditional,single-choice,17,All B are C/No A are B,Yes/No,No,Yes,0,,,
mReasoner,67038,conditional,single-choice,18,All B are C/All A are B,Yes/No,Yes,Yes,1,,,
mReasoner,67038,conditional,single-choice,19,All B are C/All A are C,Yes/No,No,Yes,0,,,
mReasoner,67038,conditional,single-choice,20,All B are C/All A are C,Yes/No,No,Yes,0,,,
mReasoner,67038,conditional,single-choice,21,All B are C/All A are C,Yes/No,No,Yes,0,,,
mReasoner,67038,conditional,single-choice,22,All B are C/All A are C,Yes/No,No,Yes,0,,,
mReasoner,67038,conditional,single-choice,23,All B are C/All A are C,Yes/No,No,Yes,0,,,
mReasoner,67038,conditional,single-choice,24,All B are C/No A are C,Yes/No,No,Yes,0,,,
mReasoner,67038,conditional,single-choice,25,All B are C/No A are C,Yes/No,Yes,Yes,1,,,
mReasoner,67038,conditional,single-choice,26,All B are C/No A are C,Yes/No,No,Yes,0,,,
mReasoner,67038,conditional,single-choice,27,All B are C/No A are C,Yes/No,No,Yes,0,,,
mReasoner,67038,conditional,single-choice,28,All B are C/All A are C,Yes/No,Yes,Yes,1,,,
mReasoner,67038,conditional,single-choice,29,All B are C/No A are B,Yes/No,No,Yes,0,,,
mReasoner,67038,conditional,single-choice,30,All B are C/No A are B,Yes/No,No,Yes,0,,,
mReasoner,67038,conditional,single-choice,31,All B are C/All A are C,Yes/No,Yes,Yes,1,,,
mReasoner,67038,conditional,single-choice,32,All B are C/All A are C,Yes/No,No,Yes,0,,,
mReasoner,67038,conditional,single-choice,33,All B are C/No A are C,Yes/No,No,Yes,0,,,
mReasoner,67038,conditional,single-choice,34,All B are C/No A are C,Yes/No,No,Yes,0,,,
mReasoner,67038,conditional,single-choice,35,All B are C/No A are C,Yes/No,Yes,Yes,1,,,
mReasoner,67038,conditional,single-choice,36,All B are C/No A are C,Yes/No,No,Yes,0,,,
mReasoner,67038,conditional,single-choice,37,All B are C/No A are C,Yes/No,Yes,Yes,1,,,
mReasoner,67038,conditional,single-choice,38,All B are C/All A are B,Yes/No,No,Yes,0,,,
mReasoner,67038,conditional,single-choice,39,All B are C/All A are B,Yes/No,Yes,Yes,1,,,
mReasoner,67038,conditional,single-choice,40,All B are C/No A are B,Yes/No,No,Yes,0,,,
mReasoner,67038,conditional,single-choice,41,All B are C/No A are C,Yes/No,Yes,Yes,1,,,
mReasoner,67038,conditional,single-choice,42,All B are C/No A are B,Yes/No,No,Yes,0,,,
mReasoner,67038,conditional,single-choice,43,All B are C/All A are B,Yes/No,No,Yes,0,,,
mReasoner,67038,conditional,single-choice,44,All B are C/All A are C,Yes/No,Yes,Yes,1,,,
mReasoner,67038,conditional,single-choice,45,All B are C/All A are B,Yes/No,Yes,Yes,1,,,
mReasoner,67038,conditional,single-choice,46,All B are C/No A are B,Yes/No,No,Yes,0,,,
mReasoner,67038,conditional,single-choice,47,All B are C/All A are C,Yes/No,No,Yes,0,,,
mReasoner,67038,conditional,single-choice,48,All B are C/All A are C,Yes/No,Yes,Yes,1,,,
mReasoner,67038,conditional,single-choice,49,All B are C/No A are C,Yes/No,Yes,Yes,1,,,
mReasoner,67038,conditional,single-choice,50,All B are C/No A are B,Yes/No,No,Yes,0,,,
mReasoner,67038,conditional,single-choice,51,All B are C/All A are B,Yes/No,Yes,Yes,1,,,
mReasoner,67038,conditional,single-choice,52,All B are C/All A are B,Yes/No,No,Yes,0,,,
mReasoner,67038,conditional,single-choice,53,All B are C/No A are B,Yes/No,Yes,Yes,1,,,
mReasoner,67038,conditional,single-choice,54,All B are C/No A are B,Yes/No,No,Yes,0,,,
mReasoner,67038,conditional,single-choice,55,All B are C/All A are C,Yes/No,Yes,Yes,1,,,
mReasoner,67038,conditional,single-choice,56,All B are C/All A are B,Yes/No,No,Yes,0,,,
mReasoner,67038,conditional,single-choice,57,All B are C/No A are C,Yes/No,No,Yes,0,,,
mReasoner,67038,conditional,single-choice,58,All B are C/All A are C,Yes/No,No,Yes,0,,,
mReasoner,67038,conditional,single-choice,59,All B are C/No A are B,Yes/No,Yes,Yes,1,,,
mReasoner,67038,conditional,single-choice,60,All B are C/All A are C,Yes/No,Yes,Yes,1,,,
mReasoner,67038,conditional,single-choice,61,All B are C/All A are B,Yes/No,No,Yes,0,,,
mReasoner,67038,conditional,single-choice,62,All B are C/All A are B,Yes/No,Yes,Yes,1,,,
mReasoner,67038,conditional,single-choice,63,All B are C/No A are B,Yes/No,No,Yes,0,,,
mReasoner,67038,conditional,single-choice,64,All B are C/All A are B,Yes/No,Yes,Yes,1,,,
mReasoner,67058,conditional,single-choice,1,All B are C/All A are B,Yes/No,Yes,Yes,1,,,
mReasoner,67058,conditional,single-choice,2,All B are C/No A are C,Yes/No,Yes,Yes,1,,,
mReasoner,67058,conditional,single-choice,3,All B are C/No A are B,Yes/No,No,Yes,0,,,
mReasoner,67058,conditional,single-choice,4,All B are C/All A are C,Yes/No,No,Yes,0,,,
mReasoner,67058,conditional,single-choice,5,All B are C/No A are C,Yes/No,Yes,Yes,1,,,
mReasoner,67058,conditional,single-choice,6,All B are C/All A are C,Yes/No,No,Yes,0,,,
mReasoner,67058,conditional,single-choice,7,All B are C/All A are C,Yes/No,No,Yes,0,,,
mReasoner,67058,conditional,single-choice,8,All B are C/All A are B,Yes/No,No,Yes,0,,,
mReasoner,67058,conditional,single-choice,9,All B are C/No A are C,Yes/No,Yes,Yes,1,,,
mReasoner,67058,conditional,single-choice,10,All B are C/No A are C,Yes/No,No,Yes,0,,,
mReasoner,67058,conditional,single-choice,11,All B are C/No A are C,Yes/No,No,Yes,0,,,
mReasoner,67058,conditional,single-choice,12,All B are C/All A are C,Yes/No,No,Yes,0,,,
mReasoner,67058,conditional,single-choice,13,All B are C/All A are B,Yes/No,Yes,Yes,1,,,
mReasoner,67058,conditional,single-choice,14,All B are C/All A are C,Yes/No,Yes,Yes,1,,,
mReasoner,67058,conditional,single-choice,15,All B are C/No A are C,Yes/No,Yes,Yes,1,,,
mReasoner,67058,conditional,single-choice,16,All B are C/All A are B,Yes/No,Yes,Yes,1,,,
mReasoner,67058,conditional,single-choice,17,All B are C/All A are B,Yes/No,Yes,Yes,1,,,
mReasoner,67058,conditional,single-choice,18,All B are C/No A are B,Yes/No,Yes,Yes,1,,,
mReasoner,67058,conditional,single-choice,19,All B are C/All A are C,Yes/No,Yes,Yes,1,,,
mReasoner,67058,conditional,single-choice,20,All B are C/All A are C,Yes/No,Yes,Yes,1,,,
mReasoner,67058,conditional,single-choice,21,All B are C/No A are C,Yes/No,Yes,Yes,1,,,
mReasoner,67058,conditional,single-choice,22,All B are C/All A are B,Yes/No,No,Yes,0,,,
mReasoner,67058,conditional,single-choice,23,All B are C/All A are B,Yes/No,Yes,Yes,1,,,
mReasoner,67058,conditional,single-choice,24,All B are C/All A are C,Yes/No,Yes,Yes,1,,,
mReasoner,67058,conditional,single-choice,25,All B are C/All A are B,Yes/No,No,Yes,0,,,
mReasoner,67058,conditional,single-choice,26,All B are C/All A are B,Yes/No,Yes,Yes,1,,,
mReasoner,67058,conditional,single-choice,27,All B are C/No A are C,Yes/No,No,Yes,0,,,
mReasoner,67058,conditional,single-choice,28,All B are C/No A are B,Yes/No,No,Yes,0,,,
mReasoner,67058,conditional,single-choice,29,All B are C/All A are B,Yes/No,No,Yes,0,,,
mReasoner,67058,conditional,single-choice,30,All B are C/All A are C,Yes/No,Yes,Yes,1,,,
mReasoner,67058,conditional,single-choice,31,All B are C/No A are C,Yes/No,Yes,Yes,1,,,
mReasoner,67058,conditional,single-choice,32,All B are C/No A are C,Yes/No,Yes,Yes,1,,,
mReasoner,67058,conditional,single-choice,33,All B are C/No A are B,Yes/No,No,Yes,0,,,
mReasoner,67058,conditional,single-choice,34,All B are C/All A are C,Yes/No,No,Yes,0,,,
mReasoner,67058,conditional,single-choice,35,All B are C/No A are B,Yes/No,No,Yes,0,,,
mReasoner,67058,conditional,single-choice,36,All B are C/All A are C,Yes/No,Yes,Yes,1,,,
mReasoner,67058,conditional,single-choice,37,All B are C/No A are B,Yes/No,Yes,Yes,1,,,
mReasoner,67058,conditional,single-choice,38,All B are C/All A are B,Yes/No,No,Yes,0,,,
mReasoner,67058,conditional,single-choice,39,All B are C/No A are C,Yes/No,No,Yes,0,,,
mReasoner,67058,conditional,single-choice,40,All B are C/No A are B,Yes/No,No,Yes,0,,,
mReasoner,67058,conditional,single-choice,41,All B are C/No A are B,Yes/No,Yes,Yes,1,,,
mReasoner,67058,conditional,single-choice,42,All B are C/No A are B,Yes/No,No,Yes,0,,,
mReasoner,67058,conditional,single-choice,43,All B are C/No A are B,Yes/No,No,Yes,0,,,
mReasoner,67058,conditional,single-choice,44,All B are C/No A are C,Yes/No,Yes,Yes,1,,,
mReasoner,67058,conditional,single-choice,45,All B are C/No A are C,Yes/No,No,Yes,0,,,
mReasoner,67058,conditional,single-choice,46,All B are C/No A are B,Yes/No,Yes,Yes,1,,,
mReasoner,67058,conditional,single-choice,47,All B are C/No A are B,Yes/No,No,Yes,0,,,
mReasoner,67058,conditional,single-choice,48,All B are C/All A are C,Yes/No,Yes,Yes,1,,,
mReasoner,67058,conditional,single-choice,49,All B are C/No A are B,Yes/No,Yes,Yes,1,,,
mReasoner,67058,conditional,single-choice,50,All B are C/All A are B,Yes/No,Yes,Yes,1,,,
mReasoner,67058,conditional,single-choice,51,All B are C/All A are C,Yes/No,Yes,Yes,1,,,
mReasoner,67058,conditional,single-choice,52,All B are C/No A are C,Yes/No,No,Yes,0,,,
mReasoner,67058,conditional,single-choice,53,All B are C/No A are B,Yes/No,Yes,Yes,1,,,
mReasoner,67058,conditional,single-choice,54,All B are C/No A are B,Yes/No,Yes,Yes,1,,,
mReasoner,67058,conditional,single-choice,55,All B are C/All A are C,Yes/No,No,Yes,0,,,
mReasoner,67058,conditional,single-choice,56,All B are C/All A are B,Yes/No,Yes,Yes,1,,,
mReasoner,67058,conditional,single-choice,57,All B are C/No A are B,Yes/No,No,Yes,0,,,
mReasoner,67058,conditional,single-choice,58,All B are C/No A are C,Yes/No,Yes,Yes,1,,,
mReasoner,67058,conditional,single-choice,59,All B are C/No A are C,Yes/No,No,Yes,0,,,
mReasoner,67058,conditional,single-choice,60,All B are C/All A are C,Yes/No,No,Yes,0,,,
mReasoner,67058,conditional,single-choice,61,All B are C/All A are B,Yes/No,Yes,Yes,1,,,
mReasoner,67058,conditional,single-choice,62,All B are C/All A are B,Yes/No,No,Yes,0,,,
mReasoner,67058,conditional,single-choice,63,All B are C/All A are C,Yes/No,No,Yes,0,,,
mReasoner,67058,conditional,single-choice,64,All B are C/All A are B,Yes/No,Yes,Yes,1,,,
mReasoner,67100,conditional,single-choice,1,All B are C/No A are C,Yes/No,Yes,Yes,1,,,
mReasoner,67100,conditional,single-choice,2,All B are C/All A are B,Yes/No,No,Yes,0,,,
mReasoner,67100,conditional,single-choice,3,All B are C/All A are C,Yes/No,Yes,Yes,1,,,
mReasoner,67100,conditional,single-choice,4,All B are C/All A are B,Yes/No,Yes,Yes,1,,,
mReasoner,67100,conditional,single-choice,5,All B are C/All A are C,Yes/No,No,Yes,0,,,
mReasoner,67100,conditional,single-choice,6,All B are C/No A are B,Yes/No,No,Yes,0,,,
mReasoner,67100,conditional,single-choice,7,All B are C/No A are B,Yes/No,Yes,Yes,1,,,
mReasoner,67100,conditional,single-choice,8,All B are C/All A are B,Yes/No,No,Yes,0,,,
mReasoner,67100,conditional,single-choice,9,All B are C/All A are C,Yes/No,No,Yes,0,,,
mReasoner,67100,conditional,single-choice,10,All B are C/No A are B,Yes/No,No,Yes,0,,,
mReasoner,67100,conditional,single-choice,11,All B are C/No A are B,Yes/No,Yes,Yes,1,,,
mReasoner,67100,conditional,single-choice,12,All B are C/All A are B,Yes/No,Yes,Yes,1,,,
mReasoner,67100,conditional,single-choice,13,All B are C/All A are C,Yes/No,No,Yes,0,,,
mReasoner,67100,conditional,single-choice,14,All B are C/All A are B,Yes/No,No,Yes,0,,,
mReasoner,67100,conditional,single-choice,15,All B are C/All A are C,Yes/No,No,Yes,0,,,
mReasoner,67100,conditional,single-choice,16,All B are C/All A are C,Yes/No,Yes,Yes,1,,,
mReasoner,67100,conditional,single-choice,17,All B are C/All A are B,Yes/No,Yes,Yes,1,,,
mReasoner,67100,conditional,single-choice,18,All B are C/All A are B,Yes/No,No,Yes,0,,,
mReasoner,67100,conditional,single-choice,19,All B are C/All A are B,Yes/No,Yes,Yes,1,,,
mReasoner,67100,conditional,single-choice,20,All B are C/All A are B,Yes/No,No,Yes,0,,,
mReasoner,67100,conditional,single-choice,21,All B are C/All A are C,Yes/No,No,Yes,0,,,
mReasoner,67100,conditional,single-choice,22,All B are C/No A are B,Yes/No,Yes,Yes,1,,,
mReasoner,67100,conditional,single-choice,23,All B are C/No A are C,Yes/No,Yes,Yes,1,,,
mReasoner,67100,conditional,single-choice,24,All B are C/No A are C,Yes/No,Yes,Yes,1,,,
mReasoner,67100,conditional,single-choice,25,All B are C/No A are B,Yes/No,Yes,Yes,1,,,
mReasoner,67100,conditional,single-choice,26,All B are C/No A are C,Yes/No,Yes,Yes,1,,,
mReasoner,67100,conditional,single-choice,27,All B are C/All A are B,Yes/No,Yes,Yes,1,,,
mReasoner,67100,conditional,single-choice,28,All B are C/All A are C,Yes/No,Yes,Yes,1,,,
mReasoner,67100,conditional,single-choice,29,All B are C/No A are B,Yes/No,No,Yes,0,,,
mReasoner,67100,conditional,single-choice,30,All B are C/No A are B,Yes/No,Yes,Yes,1,,,
mReasoner,67100,conditional,single-choice,31,All B are C/All A are C,Yes/No,Yes,Yes,1,,,
mReasoner,67100,conditional,single-choice,32,All B are C/No A are B,Yes/No,No,Yes,0,,,
mReasoner,67100,conditional,single-choice,33,All B are C/No A are B,Yes/No,No,Yes,0,,,
mReasoner,67100,conditional,single-choice,34,All B are C/All A are B,Yes/No,Yes,Yes,1,,,
mReasoner,67100,conditional,single-choice,35,All B are C/All A are B,Yes/No,Yes,Yes,1,,,
mReasoner,67100,conditional,single-choice,36,All B are C/No A are C,Yes/No,No,Yes,0,,,
mReasoner,67100,conditional,single-choice,37,All B are C/No A are C,Yes/No,No,Yes,0,,,
mReasoner,67100,conditional,single-choice,38,All B are C/No A are B,Yes/No,Yes,Yes,1,,,
mReasoner,67100,conditional,single-choice,39,All B are C/No A are B,Yes/No,Yes,Yes,1,,,
mReasoner,67100,conditional,single-choice,40,All B are C/No A are C,Yes/No,No,Yes,0,,,
mReasoner,67100,conditional,single-choice,41,All B are C/No A are C,Yes/No,No,Yes,0,,,
mReasoner,67100,conditional,single-choice,42,All B are C/No A are C,Yes/No,Yes,Yes,1,,,
mReasoner,67100,conditional,single-choice,43,All B are C/No A are B,Yes/No,No,Yes,0,,,
mReasoner,67100,conditional,single-choice,44,All B are C/All A are B,Yes/No,No,Yes,0,,,
mReasoner,67100,conditional,single-choice,45,All B are C/All A are C,Yes/No,No,Yes,0,,,
mReasoner,67100,conditional,single-choice,46,All B are C/No A are C,Yes/No,No,Yes,0,,,
mReasoner,67100,conditional,single-choice,47,All B are C/No A are C,Yes/No,No,Yes,0,,,
mReasoner,67100,conditional,single-choice,48,All B are C/All A are C,Yes/No,Yes,Yes,1,,,
mReasoner,67100,conditional,single-choice,49,All B are C/No A are C,Yes/No,Yes,Yes,1,,,
mReasoner,67100,conditional,single-choice,50,All B are C/No A are B,Yes/No,No,Yes,0,,,
mReasoner,67100,conditional,single-choice,51,All B are C/All A are C,Yes/No,Yes,Yes,1,,,
mReasoner,67100,conditional,single-choice,52,All B are C/No A are B,Yes/No,Yes,Yes,1,,,
mReasoner,67100,conditional,single-choice,53,All B are C/No A are C,Yes/No,Yes,Yes,1,,,
mReasoner,67100,conditional,single-choice,54,All B are C/All A are B,Yes/No,Yes,Yes,1,,,
mReasoner,67100,conditional,single-choice,55,All B are C/All A are C,Yes/No,Yes,Yes,1,,,
mReasoner,67100,conditional,single-choice,56,All B are C/No A are B,Yes/No,No,Yes,0,,,
mReasoner,67100,conditional,single-choice,57,All B are C/No A are C,Yes/No,No,Yes,0,,,
mReasoner,67100,conditional,single-choice,58,All B are C/No A are C,Yes/No,Yes,Yes,1,,,
mReasoner,67100,conditional,single-choice,59,All B are C/All A are C,Yes/No,Yes,Yes,1,,,
mReasoner,67100,conditional,single-choice,60,All B are C/All A are B,Yes/No,Yes,Yes,1,,,
mReasoner,67100,conditional,single-choice,61,All B are C/No A are C,Yes/No,No,Yes,0,,,
mReasoner,67100,conditional,single-choice,62,All B are C/All A are C,Yes/No,Yes,Yes,1,,,
mReasoner,67100,conditional,single-choice,63,All B are C/All A are B,Yes/No,Yes,Yes,1,,,
mReasoner,67100,conditional,single-choice,64,All B are C/All A are C,Yes/No,Yes,Yes,1,,,
mReasoner,67105,conditional,single-choice,1,All B are C/No A are C,Yes/No,Yes,Yes,1,,,
mReasoner,67105,conditional,single-choice,2,All B are C/All A are B,Yes/No,Yes,Yes,1,,,
mReasoner,67105,conditional,single-choice,3,All B are C/No A are C,Yes/No,Yes,Yes,1,,,
mReasoner,67105,conditional,single-choice,4,All B are C/No A are C,Yes/No,Yes,Yes,1,,,
mReasoner,67105,conditional,single-choice,5,All B are C/All A are B,Yes/No,Yes,Yes,1,,,
mReasoner,67105,conditional,single-choice,6,All B are C/All A are B,Yes/No,Yes,Yes,1,,,
mReasoner,67105,conditional,single-choice,7,All B are C/No A are B,Yes/No,Yes,Yes,1,,,
mReasoner,67105,conditional,single-choice,8,All B are C/All A are C,Yes/No,Yes,Yes,1,,,
mReasoner,67105,conditional,single-choice,9,All B are C/All A are C,Yes/No,Yes,Yes,1,,,
mReasoner,67105,conditional,single-choice,10,All B are C/All A are C,Yes/No,No,Yes,0,,,
mReasoner,67105,conditional,single-choice,11,All B are C/No A are B,Yes/No,Yes,Yes,1,,,
mReasoner,67105,conditional,single-choice,12,All B are C/No A are B,Yes/No,Yes,Yes,1,,,
mReasoner,67105,conditional,single-choice,13,All B are C/No A are B,Yes/No,Yes,Yes,1,,,
mReasoner,67105,conditional,single-choice,14,All B are C/No A are B,Yes/No,Yes,Yes,1,,,
mReasoner,67105,conditional,single-choice,15,All B are C/All A are C,Yes/No,No,Yes,0,,,
mReasoner,67105,conditional,single-choice,16,All B are C/No A are C,Yes/No,Yes,Yes,1,,,
mReasoner,67105,conditional,single-choice,17,All B are C/No A are B,Yes/No,No,Yes,0,,,
mReasoner,67105,conditional,single-choice,18,All B are C/All A are C,Yes/No,Yes,Yes,1,,,
mReasoner,67105,conditional,single-choice,19,All B are C/All A are B,Yes/No,Yes,Yes,1,,,
mReasoner,67105,conditional,single-choice,20,All B are C/No A are B,Yes/No,Yes,Yes,1,,,
mReasoner,67105,conditional,single-choice,21,All B are C/All A are B,Yes/No,Yes,Yes,1,,,
mReasoner,67105,conditional,single-choice,22,All B are C/All A are B,Yes/No,Yes,Yes,1,,,
mReasoner,67105,conditional,single-choice,23,All B are C/All A are B,Yes/No,Yes,Yes,1,,,
mReasoner,67105,conditional,single-choice,24,All B are C/No A are B,Yes/No,No,Yes,0,,,
mReasoner,67105,conditional,single-choice,25,All B are C/All A are C,Yes/No,No,Yes,0,,,
mReasoner,67105,conditional,single-choice,26,All B are C/No A are B,Yes/No,No,Yes,0,,,
mReasoner,67105,conditional,single-choice,27,All B are C/All A are C,Yes/No,No,Yes,0,,,
mReasoner,67105,conditional,single-choice,28,All B are C/All A are B,Yes/No,Yes,Yes,1,,,
mReasoner,67105,conditional,single-choice,29,All B are C/No A are C,Yes/No,Yes,Yes,1,,,
mReasoner,67105,conditional,single-choice,30,All B are C/All A are C,Yes/No,Yes,Yes,1,,,
mReasoner,67105,conditional,single-choice,31,All B are C/All A are C,Yes/No,No,Yes,0,,,
mReasoner,67105,conditional,single-choice,32,All B are C/All A are C,Yes/No,No,Yes,0,,,
mReasoner,67105,conditional,single-choice,33,All B are C/All A are C,Yes/No,No,Yes,0,,,
mReasoner,67105,conditional,single-choice,34,All B are C/No A are B,Yes/No,Yes,Yes,1,,,
mReasoner,67105,conditional,single-choice,35,All B are C/All A are C,Yes/No,No,Yes,0,,,
mReasoner,67105,conditional,single-choice,36,All B are C/All A are B,Yes/No,Yes,Yes,1,,,
mReasoner,67105,conditional,single-choice,37,All B are C/No A are C,Yes/No,Yes,Yes,1,,,
mReasoner,67105,conditional,single-choice,38,All B are C/No A are C,Yes/No,Yes,Yes,1,,,
mReasoner,67105,conditional,single-choice,39,All B are C/All A are B,Yes/No,Yes,Yes,1,,,
mReasoner,67105,conditional,single-choice,40,All B are C/No A are C,Yes/No,Yes,Yes,1,,,
mReasoner,67105,conditional,single-choice,41,All B are C/All A are B,Yes/No,Yes,Yes,1,,,
mReasoner,67105,conditional,single-choice,42,All B are C/No A are B,Yes/No,No,Yes,0,,,
mReasoner,67105,conditional,single-choice,43,All B are C/No A are B,Yes/No,No,Yes,0,,,
mReasoner,67105,conditional,single-choice,44,All B are C/All A are B,Yes/No,Yes,Yes,1,,,
mReasoner,67105,conditional,single-choice,45,All B are C/No A are B,Yes/No,No,Yes,0,,,
mReasoner,67105,conditional,single-choice,46,All B are C/No A are B,Yes/No,No,Yes,0,,,
mReasoner,67105,conditional,single-choice,47,All B are C/All A are B,Yes/No,Yes,Yes,1,,,
mReasoner,67105,conditional,single-choice,48,All B are C/No A are C,Yes/No,No,Yes,0,,,
mReasoner,67105,conditional,single-choice,49,All B are C/No A are C,Yes/No,No,Yes,0,,,
mReasoner,67105,conditional,single-choice,50,All B are C/No A are C,Yes/No,Yes,Yes,1,,,
mReasoner,67105,conditional,single-choice,51,All B are C/All A are B,Yes/No,Yes,Yes,1,,,
mReasoner,67105,conditional,single-choice,52,All B are C/All A are C,Yes/No,No,Yes,0,,,
mReasoner,67105,conditional,single-choice,53,All B are C/All A are B,Yes/No,Yes,Yes,1,,,
mReasoner,67105,conditional,single-choice,54,All B are C/All A are B,Yes/No,Yes,Yes,1,,,
mReasoner,67105,conditional,single-choice,55,All B are C/No A are B,Yes/No,No,Yes,0,,,
mReasoner,67105,conditional,single-choice,56,All B are C/No A are C,Yes/No,No,Yes,0,,,
mReasoner,67105,conditional,single-choice,57,All B are C/No A are C,Yes/No,No,Yes,0,,,
mReasoner,67105,conditional,single-choice,58,All B are C/No A are C,Yes/No,Yes,Yes,1,,,
mReasoner,67105,conditional,single-choice,59,All B are C/All A are C,Yes/No,No,Yes,0,,,
mReasoner,67105,conditional,single-choice,60,All B are C/No A are C,Yes/No,No,Yes,0,,,
mReasoner,67105,conditional,single-choice,61,All B are C/All A are C,Yes/No,Yes,Yes,1,,,
mReasoner,67105,conditional,single-choice,62,All B are C/No A are B,Yes/No,No,Yes,0,,,
mReasoner,67105,conditional,single-choice,63,All B are C/All A are C,Yes/No,No,Yes,0,,,
mReasoner,67105,conditional,single-choice,64,All B are C/No A are C,Yes/No,No,Yes,0,,,
mReasoner,67144,conditional,single-choice,1,All B are C/No A are B,Yes/No,Yes,Yes,1,,,
mReasoner,67144,conditional,single-choice,2,All B are C/All A are B,Yes/No,Yes,Yes,1,,,
mReasoner,67144,conditional,single-choice,3,All B are C/All A are B,Yes/No,Yes,Yes,1,,,
mReasoner,67144,conditional,single-choice,4,All B are C/All A are B,Yes/No,Yes,Yes,1,,,
mReasoner,67144,conditional,single-choice,5,All B are C/All A are B,Yes/No,Yes,Yes,1,,,
mReasoner,67144,conditional,single-choice,6,All B are C/No A are C,Yes/No,Yes,Yes,1,,,
mReasoner,67144,conditional,single-choice,7,All B are C/No A are C,Yes/No,Yes,Yes,1,,,
mReasoner,67144,conditional,single-choice,8,All B are C/No A are C,Yes/No,Yes,Yes,1,,,
mReasoner,67144,conditional,single-choice,9,All B are C/All A are C,Yes/No,Yes,Yes,1,,,
mReasoner,67144,conditional,single-choice,10,All B are C/All A are B,Yes/No,Yes,Yes,1,,,
mReasoner,67144,conditional,single-choice,11,All B are C/All A are C,Yes/No,No,Yes,0,,,
mReasoner,67144,conditional,single-choice,12,All B are C/No A are B,Yes/No,Yes,Yes,1,,,
mReasoner,67144,conditional,single-choice,13,All B are C/All A are C,Yes/No,Yes,Yes,1,,,
mReasoner,67144,conditional,single-choice,14,All B are C/No A are B,Yes/No,Yes,Yes,1,,,
mReasoner,67144,conditional,single-choice,15,All B are C/No A are B,Yes/No,Yes,Yes,1,,,
mReasoner,67144,conditional,single-choice,16,All B are C/No A are B,Yes/No,Yes,Yes,1,,,
mReasoner,67144,conditional,single-choice,17,All B are C/All A are B,Yes/No,Yes,Yes,1,,,
mReasoner,67144,conditional,single-choice,18,All B are C/All A are C,Yes/No,Yes,Yes,1,,,
mReasoner,67144,conditional,single-choice,19,All B are C/No A are C,Yes/No,Yes,Yes,1,,,
mReasoner,67144,conditional,single-choice,20,All B are C/All A are C,Yes/No,No,Yes,0,,,
mReasoner,67144,conditional,single-choice,21,All B are C/All A are C,Yes/No,No,Yes,0,,,
mReasoner,67144,conditional,single-choice,22,All B are C/All A are B,Yes/No,Yes,Yes,1,,,
mReasoner,67144,conditional,single-choice,23,All B are C/All A are B,Yes/No,Yes,Yes,1,,,
mReasoner,67144,conditional,single-choice,24,All B are C/No A are B,Yes/No,No,Yes,0,,,
mReasoner,67144,conditional,single-choice,25,All B are C/No A are B,Yes/No,No,Yes,0,,,
mReasoner,67144,conditional,single-choice,26,All B are C/No A are B,Yes/No,No,Yes,0,,,
mReasoner,67144,conditional,single-choice,27,All B are C/All A are C,Yes/No,No,Yes,0,,,
mReasoner,67144,conditional,single-choice,28,All B are C/No A are B,Yes/No,No,Yes,0,,,
mReasoner,67144,conditional,single-choice,29,All B are C/All A are C,Yes/No,Yes,Yes,1,,,
mReasoner,67144,conditional,single-choice,30,All B are C/No A are B,Yes/No,No,Yes,0,,,
mReasoner,67144,conditional,single-choice,31,All B are C/All A are C,Yes/No,Yes,Yes,1,,,
mReasoner,67144,conditional,single-choice,32,All B are C/All A are C,Yes/No,Yes,Yes,1,,,
mReasoner,67144,conditional,single-choice,33,All B are C/All A are B,Yes/No,Yes,Yes,1,,,
mReasoner,67144,conditional,single-choice,34,All B are C/All A are C,Yes/No,Yes,Yes,1,,,
mReasoner,67144,conditional,single-choice,35,All B are C/All A are B,Yes/No,Yes,Yes,1,,,
mReasoner,67144,conditional,single-choice,36,All B are C/All A are C,Yes/No,Yes,Yes,1,,,
mReasoner,67144,conditional,single-choice,37,All B are C/No A are C,Yes/No,Yes,Yes,1,,,
mReasoner,67144,conditional,single-choice,38,All B are C/No A are B,Yes/No,No,Yes,0,,,
mReasoner,67144,conditional,single-choice,39,All B are C/No A are C,Yes/No,Yes,Yes,1,,,
mReasoner,67144,conditional,single-choice,40,All B are C/No A are C,Yes/No,Yes,Yes,1,,,
mReasoner,67144,conditional,single-choice,41,All B are C/No A are C,Yes/No,Yes,Yes,1,,,
mReasoner,67144,conditional,single-choice,42,All B are C/All A are B,Yes/No,Yes,Yes,1,,,
mReasoner,67144,conditional,single-choice,43,All B are C/No A are C,Yes/No,Yes,Yes,1,,,
mReasoner,67144,conditional,single-choice,44,All B are C/All A are C,Yes/No,Yes,Yes,1,,,
mReasoner,67144,conditional,single-choice,45,All B are C/No A are B,Yes/No,Yes,Yes,1,,,
mReasoner,67144,conditional,single-choice,46,All B are C/No A are B,Yes/No,No,Yes,0,,,
mReasoner,67144,conditional,single-choice,47,All B are C/No A are C,Yes/No,Yes,Yes,1,,,
mReasoner,67144,conditional,single-choice,48,All B are C/No A are B,Yes/No,No,Yes,0,,,
mReasoner,67144,conditional,single-choice,49,All B are C/All A are B,Yes/No,Yes,Yes,1,,,
mReasoner,67144,conditional,single-choice,50,All B are C/All A are B,Yes/No,Yes,Yes,1,,,
mReasoner,67144,conditional,single-choice,51,All B are C/No A are B,Yes/No,No,Yes,0,,,
mReasoner,67144,conditional,single-choice,52,All B are C/All A are C,Yes/No,No,Yes,0,,,
mReasoner,67144,conditional,single-choice,53,All B are C/No A are C,Yes/No,Yes,Yes,1,,,
mReasoner,67144,conditional,single-choice,54,All B are C/All A are C,Yes/No,No,Yes,0,,,
mReasoner,67144,conditional,single-choice,55,All B are C/All A are B,Yes/No,Yes,Yes,1,,,
mReasoner,67144,conditional,single-choice,56,All B are C/No A are C,Yes/No,No,Yes,0,,,
mReasoner,67144,conditional,single-choice,57,All B are C/No A are C,Yes/No,No,Yes,0,,,
mReasoner,67144,conditional,single-choice,58,All B are C/All A are C,Yes/No,No,Yes,0,,,
mReasoner,67144,conditional,single-choice,59,All B are C/No A are B,Yes/No,No,Yes,0,,,
mReasoner,67144,conditional,single-choice,60,All B are C/No A are C,Yes/No,No,Yes,0,,,
mReasoner,67144,conditional,single-choice,61,All B are C/No A are C,Yes/No,No,Yes,0,,,
mReasoner,67144,conditional,single-choice,62,All B are C/No A are C,Yes/No,No,Yes,0,,,
mReasoner,67144,conditional,single-choice,63,All B are C/All A are B,Yes/No,Yes,Yes,1,,,
mReasoner,67144,conditional,single-choice,64,All B are C/All A are B,Yes/No,Yes,Yes,1,,,
mReasoner,67165,conditional,single-choice,1,All B are C/No A are C,Yes/No,No,Yes,0,,,
mReasoner,67165,conditional,single-choice,2,All B are C/All A are C,Yes/No,No,Yes,0,,,
mReasoner,67165,conditional,single-choice,3,All B are C/No A are B,Yes/No,No,Yes,0,,,
mReasoner,67165,conditional,single-choice,4,All B are C/No A are C,Yes/No,No,Yes,0,,,
mReasoner,67165,conditional,single-choice,5,All B are C/No A are C,Yes/No,No,Yes,0,,,
mReasoner,67165,conditional,single-choice,6,All B are C/All A are C,Yes/No,No,Yes,0,,,
mReasoner,67165,conditional,single-choice,7,All B are C/All A are B,Yes/No,No,Yes,0,,,
mReasoner,67165,conditional,single-choice,8,All B are C/No A are B,Yes/No,No,Yes,0,,,
mReasoner,67165,conditional,single-choice,9,All B are C/All A are B,Yes/No,No,Yes,0,,,
mReasoner,67165,conditional,single-choice,10,All B are C/All A are C,Yes/No,No,Yes,0,,,
mReasoner,67165,conditional,single-choice,11,All B are C/No A are C,Yes/No,No,Yes,0,,,
mReasoner,67165,conditional,single-choice,12,All B are C/All A are B,Yes/No,No,Yes,0,,,
mReasoner,67165,conditional,single-choice,13,All B are C/No A are C,Yes/No,No,Yes,0,,,
mReasoner,67165,conditional,single-choice,14,All B are C/All A are C,Yes/No,No,Yes,0,,,
mReasoner,67165,conditional,single-choice,15,All B are C/No A are B,Yes/No,No,Yes,0,,,
mReasoner,67165,conditional,single-choice,16,All B are C/All A are B,Yes/No,No,Yes,0,,,
mReasoner,67165,conditional,single-choice,17,All B are C/All A are B,Yes/No,No,Yes,0,,,
mReasoner,67165,conditional,single-choice,18,All B are C/All A are C,Yes/No,No,Yes,0,,,
mReasoner,67165,conditional,single-choice,19,All B are C/No A are C,Yes/No,No,Yes,0,,,
mReasoner,67165,conditional,single-choice,20,All B are C/All A are B,Yes/No,No,Yes,0,,,
mReasoner,67165,conditional,single-choice,21,All B are C/All A are C,Yes/No,No,Yes,0,,,
mReasoner,67165,conditional,single-choice,22,All B are C/All A are C,Yes/No,No,Yes,0,,,
mReasoner,67165,conditional,single-choice,23,All B are C/No A are C,Yes/No,No,Yes,0,,,
mReasoner,67165,conditional,single-choice,24,All B are C/All A are B,Yes/No,No,Yes,0,,,
mReasoner,67165,conditional,single-choice,25,All B are C/No A are C,Yes/No,No,Yes,0,,,
mReasoner,67165,conditional,single-choice,26,All B are C/No A are C,Yes/No,No,Yes,0,,,
mReasoner,67165,conditional,single-choice,27,All B are C/All A are B,Yes/No,No,Yes,0,,,
mReasoner,67165,conditional,single-choice,28,All B are C/No A are B,Yes/No,No,Yes,0,,,
mReasoner,67165,conditional,single-choice,29,All B are C/All A are C,Yes/No,No,Yes,0,,,
mReasoner,67165,conditional,single-choice,30,All B are C/No A are C,Yes/No,No,Yes,0,,,
mReasoner,67165,conditional,single-choice,31,All B are C/No A are B,Yes/No,No,Yes,0,,,
mReasoner,67165,conditional,single-choice,32,All B are C/No A are B,Yes/No,No,Yes,0,,,
mReasoner,67165,conditional,single-choice,33,All B are C/All A are C,Yes/No,No,Yes,0,,,
mReasoner,67165,conditional,single-choice,34,All B are C/All A are B,Yes/No,No,Yes,0,,,
mReasoner,67165,conditional,single-choice,35,All B are C/No A are B,Yes/No,No,Yes,0,,,
mReasoner,67165,conditional,single-choice,36,All B are C/All A are C,Yes/No,No,Yes,0,,,
mReasoner,67165,conditional,single-choice,37,All B are C/All A are B,Yes/No,No,Yes,0,,,
mReasoner,67165,conditional,single-choice,38,All B are C/No A are C,Yes/No,No,Yes,0,,,
mReasoner,67165,conditional,single-choice,39,All B are C/No A are B,Yes/No,No,Yes,0,,,
mReasoner,67165,conditional,single-choice,40,All B are C/All A are B,Yes/No,No,Yes,0,,,
mReasoner,67165,conditional,single-choice,41,All B are C/All A are B,Yes/No,No,Yes,0,,,
mReasoner,67165,conditional,single-choice,42,All B are C/No A are B,Yes/No,No,Yes,0,,,
mReasoner,67165,conditional,single-choice,43,All B are C/No A are C,Yes/No,No,Yes,0,,,
mReasoner,67165,conditional,single-choice,44,All B are C/No A are B,Yes/No,No,Yes,0,,,
mReasoner,67165,conditional,single-choice,45,All B are C/All A are C,Yes/No,No,Yes,0,,,
mReasoner,67165,conditional,single-choice,46,All B are C/All A are C,Yes/No,No,Yes,0,,,
mReasoner,67165,conditional,single-choice,47,All B are C/No A are B,Yes/No,No,Yes,0,,,
mReasoner,67165,conditional,single-choice,48,All B are C/All A are C,Yes/No,No,Yes,0,,,
mReasoner,67165,conditional,single-choice,49,All B are C/All A are C,Yes/No,No,Yes,0,,,
mReasoner,67165,conditional,single-choice,50,All B are C/All A are C,Yes/No,No,Yes,0,,,
mReasoner,67165,conditional,single-choice,51,All B are C/No A are C,Yes/No,No,Yes,0,,,
mReasoner,67165,conditional,single-choice,52,All B are C/All A are B,Yes/No,No,Yes,0,,,
mReasoner,67165,conditional,single-choice,53,All B are C/All A are B,Yes/No,No,Yes,0,,,
mReasoner,67165,conditional,single-choice,54,All B are C/No A are B,Yes/No,No,Yes,0,,,
mReasoner,67165,conditional,single-choice,55,All B are C/No A are C,Yes/No,No,Yes,0,,,
mReasoner,67165,conditional,single-choice,56,All B are C/No A are B,Yes/No,No,Yes,0,,,
mReasoner,67165,conditional,single-choice,57,All B are C/All A are B,Yes/No,No,Yes,0,,,
mReasoner,67165,conditional,single-choice,58,All B are C/All A are C,Yes/No,No,Yes,0,,,
mReasoner,67165,conditional,single-choice,59,All B are C/No A are B,Yes/No,No,Yes,0,,,
mReasoner,67165,conditional,single-choice,60,All B are C/No A are B,Yes/No,No,Yes,0,,,
mReasoner,67165,conditional,single-choice,61,All B are C/No A are B,Yes/No,No,Yes,0,,,
mReasoner,67165,conditional,single-choice,62,All B are C/No A are C,Yes/No,No,Yes,0,,,
mReasoner,67165,conditional,single-choice,63,All B are C/No A are C,Yes/No,No,Yes,0,,,
mReasoner,67165,conditional,single-choice,64,All B are C/All A are B,Yes/No,No,Yes,0,,,
mReasoner,67179,conditional,single-choice,1,All B are C/All A are C,Yes/No,Yes,Yes,1,,,
mReasoner,67179,conditional,single-choice,2,All B are C/No A are B,Yes/No,No,Yes,0,,,
mReasoner,67179,conditional,single-choice,3,All B are C/No A are C,Yes/No,No,Yes,0,,,
mReasoner,67179,conditional,single-choice,4,All B are C/No A are C,Yes/No,Yes,Yes,1,,,
mReasoner,67179,conditional,single-choice,5,All B are C/All A are C,Yes/No,Yes,Yes,1,,,
mReasoner,67179,conditional,single-choice,6,All B are C/All A are B,Yes/No,Yes,Yes,1,,,
mReasoner,67179,conditional,single-choice,7,All B are C/No A are B,Yes/No,No,Yes,0,,,
mReasoner,67179,conditional,single-choice,8,All B are C/All A are B,Yes/No,Yes,Yes,1,,,
mReasoner,67179,conditional,single-choice,9,All B are C/All A are B,Yes/No,Yes,Yes,1,,,
mReasoner,67179,conditional,single-choice,10,All B are C/All A are C,Yes/No,Yes,Yes,1,,,
mReasoner,67179,conditional,single-choice,11,All B are C/All A are B,Yes/No,Yes,Yes,1,,,
mReasoner,67179,conditional,single-choice,12,All B are C/No A are C,Yes/No,Yes,Yes,1,,,
mReasoner,67179,conditional,single-choice,13,All B are C/No A are B,Yes/No,No,Yes,0,,,
mReasoner,67179,conditional,single-choice,14,All B are C/All A are B,Yes/No,Yes,Yes,1,,,
mReasoner,67179,conditional,single-choice,15,All B are C/All A are B,Yes/No,Yes,Yes,1,,,
mReasoner,67179,conditional,single-choice,16,All B are C/All A are C,Yes/No,No,Yes,0,,,
mReasoner,67179,conditional,single-choice,17,All B are C/No A are C,Yes/No,Yes,Yes,1,,,
mReasoner,67179,conditional,single-choice,18,All B are C/All A are C,Yes/No,Yes,Yes,1,,,
mReasoner,67179,conditional,single-choice,19,All B are C/No A are C,Yes/No,Yes,Yes,1,,,
mReasoner,67179,conditional,single-choice,20,All B are C/All A are B,Yes/No,Yes,Yes,1,,,
mReasoner,67179,conditional,single-choice,21,All B are C/No A are B,Yes/No,Yes,Yes,1,,,
mReasoner,67179,conditional,single-choice,22,All B are C/All A are B,Yes/No,Yes,Yes,1,,,
mReasoner,67179,conditional,single-choice,23,All B are C/No A are B,Yes/No,No,Yes,0,,,
mReasoner,67179,conditional,single-choice,24,All B are C/All A are C,Yes/No,No,Yes,0,,,
mReasoner,67179,conditional,single-choice,25,All B are C/All A are B,Yes/No,Yes,Yes,1,,,
mReasoner,67179,conditional,single-choice,26,All B are C/All A are B,Yes/No,No,Yes,0,,,
mReasoner,67179,conditional,single-choice,27,All B are C/All A are C,Yes/No,Yes,Yes,1,,,
mReasoner,67179,conditional,single-choice,28,All B are C/No A are B,Yes/No,Yes,Yes,1,,,
mReasoner,67179,conditional,single-choice,29,All B are C/No A are B,Yes/No,No,Yes,0,,,
mReasoner,67179,conditional,single-choice,30,All B are C/All A are C,Yes/No,Yes,Yes,1,,,
mReasoner,67179,conditional,single-choice,31,All B are C/All A are B,Yes/No,Yes,Yes,1,,,
mReasoner,67179,conditional,single-choice,32,All B are C/No A are C,Yes/No,No,Yes,0,,,
mReasoner,67179,conditional,single-choice,33,All B are C/All A are B,Yes/No,No,Yes,0,,,
mReasoner,67179,conditional,single-choice,34,All B are C/All A are C,Yes/No,Yes,Yes,1,,,
mReasoner,67179,conditional,single-choice,35,All B are C/All A are B,Yes/No,Yes,Yes,1,,,
mReasoner,67179,conditional,single-choice,36,All B are C/No A are B,Yes/No,Yes,Yes,1,,,
mReasoner,67179,conditional,single-choice,37,All B are C/No A are C,Yes/No,Yes,Yes,1,,,
mReasoner,67179,conditional,single-choice,38,All B are C/No A are B,Yes/No,Yes,Yes,1,,,
mReasoner,67179,conditional,single-choice,39,All B are C/No A are B,Yes/No,No,Yes,0,,,
mReasoner,67179,conditional,single-choice,40,All B are C/No A are C,Yes/No,Yes,Yes,1,,,
mReasoner,67179,conditional,single-choice,41,All B are C/No A are C,Yes/No,No,Yes,0,,,
mReasoner,67179,conditional,single-choice,42,All B are C/No A are B,Yes/No,No,Yes,0,,,
mReasoner,67179,conditional,single-choice,43,All B are C/No A are C,Yes/No,Yes,Yes,1,,,
mReasoner,67179,conditional,single-choice,44,All B are C/No A are C,Yes/No,No,Yes,0,,,
mReasoner,67179,conditional,single-choice,45,All B are C/All A are C,Yes/No,Yes,Yes,1,,,
mReasoner,67179,conditional,single-choice,46,All B are C/All A are C,Yes/No,Yes,Yes,1,,,
mReasoner,67179,conditional,single-choice,47,All B are C/No A are C,Yes/No,Yes,Yes,1,,,
mReasoner,67179,conditional,single-choice,48,All B are C/No A are B,Yes/No,No,Yes,0,,,
mReasoner,67179,conditional,single-choice,49,All B are C/All A are C,Yes/No,No,Yes,0,,,
mReasoner,67179,conditional,single-choice,50,All B are C/No A are B,Yes/No,Yes,Yes,1,,,
mReasoner,67179,conditional,single-choice,51,All B are C/No A are B,Yes/No,Yes,Yes,1,,,
mReasoner,67179,conditional,single-choice,52,All B are C/All A are C,Yes/No,No,Yes,0,,,
mReasoner,67179,conditional,single-choice,53,All B are C/All A are B,Yes/No,Yes,Yes,1,,,
mReasoner,67179,conditional,single-choice,54,All B are C/No A are C,Yes/No,Yes,Yes,1,,,
mReasoner,67179,conditional,single-choice,55,All B are C/No A are C,Yes/No,No,Yes,0,,,
mReasoner,67179,conditional,single-choice,56,All B are C/All A are C,Yes/No,Yes,Yes,1,,,
mReasoner,67179,conditional,single-choice,57,All B are C/No A are B,Yes/No,No,Yes,0,,,
mReasoner,67179,conditional,single-choice,58,All B are C/All A are C,Yes/No,Yes,Yes,1,,,
mReasoner,67179,conditional,single-choice,59,All B are C/No A are C,Yes/No,Yes,Yes,1,,,
mReasoner,67179,conditional,single-choice,60,All B are C/All A are B,Yes/No,No,Yes,0,,,
mReasoner,67179,conditional,single-choice,61,All B are C/All A are C,Yes/No,Yes,Yes,1,,,
mReasoner,67179,conditional,single-choice,62,All B are C/All A are B,Yes/No,Yes,Yes,1,,,
mReasoner,67179,conditional,single-choice,63,All B are C/No A are C,Yes/No,Yes,Yes,1,,,
mReasoner,67179,conditional,single-choice,64,All B are C/No A are B,Yes/No,No,Yes,0,,,
mReasoner,67180,conditional,single-choice,1,All B are C/All A are B,Yes/No,Yes,Yes,1,,,
mReasoner,67180,conditional,single-choice,2,All B are C/All A are B,Yes/No,No,Yes,0,,,
mReasoner,67180,conditional,single-choice,3,All B are C/All A are B,Yes/No,No,Yes,0,,,
mReasoner,67180,conditional,single-choice,4,All B are C/All A are B,Yes/No,Yes,Yes,1,,,
mReasoner,67180,conditional,single-choice,5,All B are C/No A are B,Yes/No,No,Yes,0,,,
mReasoner,67180,conditional,single-choice,6,All B are C/No A are B,Yes/No,Yes,Yes,1,,,
mReasoner,67180,conditional,single-choice,7,All B are C/All A are B,Yes/No,No,Yes,0,,,
mReasoner,67180,conditional,single-choice,8,All B are C/All A are B,Yes/No,No,Yes,0,,,
mReasoner,67180,conditional,single-choice,9,All B are C/No A are C,Yes/No,Yes,Yes,1,,,
mReasoner,67180,conditional,single-choice,10,All B are C/No A are B,Yes/No,No,Yes,0,,,
mReasoner,67180,conditional,single-choice,11,All B are C/All A are C,Yes/No,Yes,Yes,1,,,
mReasoner,67180,conditional,single-choice,12,All B are C/No A are C,Yes/No,No,Yes,0,,,
mReasoner,67180,conditional,single-choice,13,All B are C/All A are C,Yes/No,No,Yes,0,,,
mReasoner,67180,conditional,single-choice,14,All B are C/No A are C,Yes/No,Yes,Yes,1,,,
mReasoner,67180,conditional,single-choice,15,All B are C/No A are C,Yes/No,Yes,Yes,1,,,
mReasoner,67180,conditional,single-choice,16,All B are C/No A are C,Yes/No,Yes,Yes,1,,,
mReasoner,67180,conditional,single-choice,17,All B are C/All A are B,Yes/No,No,Yes,0,,,
mReasoner,67180,conditional,single-choice,18,All B are C/All A are B,Yes/No,No,Yes,0,,,
mReasoner,67180,conditional,single-choice,19,All B are C/No A are B,Yes/No,No,Yes,0,,,
mReasoner,67180,conditional,single-choice,20,All B are C/All A are C,Yes/No,No,Yes,0,,,
mReasoner,67180,conditional,single-choice,21,All B are C/No A are B,Yes/No,Yes,Yes,1,,,
mReasoner,67180,conditional,single-choice,22,All B are C/No A are B,Yes/No,Yes,Yes,1,,,
mReasoner,67180,conditional,single-choice,23,All B are C/All A are B,Yes/No,No,Yes,0,,,
mReasoner,67180,conditional,single-choice,24,All B are C/No A are C,Yes/No,No,Yes,0,,,
mReasoner,67180,conditional,single-choice,25,All B are C/No A are C,Yes/No,No,Yes,0,,,
mReasoner,67180,conditional,single-choice,26,All B are C/No A are C,Yes/No,No,Yes,0,,,
mReasoner,67180,conditional,single-choice,27,All B are C/All A are B,Yes/No,Yes,Yes,1,,,
mReasoner,67180,conditional,single-choice,28,All B are C/No A are B,Yes/No,No,Yes,0,,,
mReasoner,67180,conditional,single-choice,29,All B are C/All A are C,Yes/No,Yes,Yes,1,,,
mReasoner,67180,conditional,single-choice,30,All B are C/No A are C,Yes/No,No,Yes,0,,,
mReasoner,67180,conditional,single-choice,31,All B are C/No A are B,Yes/No,Yes,Yes,1,,,
mReasoner,67180,conditional,single-choice,32,All B are C/No A are B,Yes/No,No,Yes,0,,,
mReasoner,67180,conditional,single-choice,33,All B are C/No A are B,Yes/No,No,Yes,0,,,
mReasoner,67180,conditional,single-choice,34,All B are C/No A are B,Yes/No,No,Yes,0,,,
mReasoner,67180,conditional,single-choice,35,All B are C/No A are C,Yes/No,Yes,Yes,1,,,
mReasoner,67180,conditional,single-choice,36,All B are C/All A are C,Yes/No,Yes,Yes,1,,,
mReasoner,67180,conditional,single-choice,37,All B are C/All A are B,Yes/No,Yes,Yes,1,,,
mReasoner,67180,conditional,single-choice,38,All B are C/All A are C,Yes/No,No,Yes,0,,,
mReasoner,67180,conditional,single-choice,39,All B are C/No A are C,Yes/No,No,Yes,0,,,
mReasoner,67180,conditional,single-choice,40,All B are C/All A are C,Yes/No,Yes,Yes,1,,,
mReasoner,67180,conditional,single-choice,41,All B are C/No A are C,Yes/No,No,Yes,0,,,
mReasoner,67180,conditional,single-choice,42,All B are C/No A are B,Yes/No,No,Yes,0,,,
mReasoner,67180,conditional,single-choice,43,All B are C/No A are B,Yes/No,No,Yes,0,,,
mReasoner,67180,conditional,single-choice,44,All B are C/All A are B,Yes/No,Yes,Yes,1,,,
mReasoner,67180,conditional,single-choice,45,All B are C/No A are C,Yes/No,No,Yes,0,,,
mReasoner,67180,conditional,single-choice,46,All B are C/All A are C,Yes/No,No,Yes,0,,,
mReasoner,67180,conditional,single-choice,47,All B are C/No A are B,Yes/No,Yes,Yes,1,,,
mReasoner,67180,conditional,single-choice,48,All B are C/All A are B,Yes/No,Yes,Yes,1,,,
mReasoner,67180,conditional,single-choice,49,All B are C/All A are C,Yes/No,No,Yes,0,,,
mReasoner,67180,conditional,single-choice,50,All B are C/All A are C,Yes/No,Yes,Yes,1,,,
mReasoner,67180,conditional,single-choice,51,All B are C/No A are B,Yes/No,Yes,Yes,1,,,
mReasoner,67180,conditional,single-choice,52,All B are C/All A are B,Yes/No,Yes,Yes,1,,,
mReasoner,67180,conditional,single-choice,53,All B are C/All A are C,Yes/No,No,Yes,0,,,
mReasoner,67180,conditional,single-choice,54,All B are C/All A are B,Yes/No,Yes,Yes,1,,,
mReasoner,67180,conditional,single-choice,55,All B are C/All A are C,Yes/No,No,Yes,0,,,
mReasoner,67180,conditional,single-choice,56,All B are C/No A are B,Yes/No,Yes,Yes,1,,,
mReasoner,67180,conditional,single-choice,57,All B are C/All A are C,Yes/No,Yes,Yes,1,,,
mReasoner,67180,conditional,single-choice,58,All B are C/No A are C,Yes/No,Yes,Yes,1,,,
mReasoner,67180,conditional,single-choice,59,All B are C/All A are B,Yes/No,Yes,Yes,1,,,
mReasoner,67180,conditional,single-choice,60,All B are C/No A are C,Yes/No,Yes,Yes,1,,,
mReasoner,67180,conditional,single-choice,61,All B are C/All A are C,Yes/No,Yes,Yes,1,,,
mReasoner,67180,conditional,single-choice,62,All B are C/No A are C,Yes/No,Yes,Yes,1,,,
mReasoner,67180,conditional,single-choice,63,All B are C/All A are C,Yes/No,No,Yes,0,,,
mReasoner,67180,conditional,single-choice,64,All B are C/All A are C,Yes/No,Yes,Yes,1,,,
mReasoner,67186,conditional,single-choice,1,All B are C/All A are C,Yes/No,Yes,Yes,1,,,
mReasoner,67186,conditional,single-choice,2,All B are C/All A are B,Yes/No,Yes,Yes,1,,,
mReasoner,67186,conditional,single-choice,3,All B are C/No A are B,Yes/No,No,Yes,0,,,
mReasoner,67186,conditional,single-choice,4,All B are C/All A are C,Yes/No,No,Yes,0,,,
mReasoner,67186,conditional,single-choice,5,All B are C/All A are C,Yes/No,Yes,Yes,1,,,
mReasoner,67186,conditional,single-choice,6,All B are C/No A are B,Yes/No,Yes,Yes,1,,,
mReasoner,67186,conditional,single-choice,7,All B are C/No A are B,Yes/No,Yes,Yes,1,,,
mReasoner,67186,conditional,single-choice,8,All B are C/No A are C,Yes/No,Yes,Yes,1,,,
mReasoner,67186,conditional,single-choice,9,All B are C/No A are C,Yes/No,Yes,Yes,1,,,
mReasoner,67186,conditional,single-choice,10,All B are C/All A are B,Yes/No,Yes,Yes,1,,,
mReasoner,67186,conditional,single-choice,11,All B are C/No A are B,Yes/No,Yes,Yes,1,,,
mReasoner,67186,conditional,single-choice,12,All B are C/All A are C,Yes/No,No,Yes,0,,,
mReasoner,67186,conditional,single-choice,13,All B are C/All A are C,Yes/No,Yes,Yes,1,,,
mReasoner,67186,conditional,single-choice,14,All B are C/No A are C,Yes/No,Yes,Yes,1,,,
mReasoner,67186,conditional,single-choice,15,All B are C/No A are B,Yes/No,Yes,Yes,1,,,
mReasoner,67186,conditional,single-choice,16,All B are C/All A are C,Yes/No,No,Yes,0,,,
mReasoner,67186,conditional,single-choice,17,All B are C/All A are B,Yes/No,Yes,Yes,1,,,
mReasoner,67186,conditional,single-choice,18,All B are C/All A are B,Yes/No,No,Yes,0,,,
mReasoner,67186,conditional,single-choice,19,All B are C/No A are C,Yes/No,No,Yes,0,,,
mReasoner,67186,conditional,single-choice,20,All B are C/All A are C,Yes/No,Yes,Yes,1,,,
mReasoner,67186,conditional,single-choice,21,All B are C/No A are B,Yes/No,Yes,Yes,1,,,
mReasoner,67186,conditional,single-choice,22,All B are C/No A are C,Yes/No,No,Yes,0,,,
mReasoner,67186,conditional,single-choice,23,All B are C/All A are C,Yes/No,No,Yes,0,,,
mReasoner,67186,conditional,single-choice,24,All B are C/All A are B,Yes/No,No,Yes,0,,,
mReasoner,67186,conditional,single-choice,25,All B are C/All A are C,Yes/No,Yes,Yes,1,,,
mReasoner,67186,conditional,single-choice,26,All B are C/All A are C,Yes/No,Yes,Yes,1,,,
mReasoner,67186,conditional,single-choice,27,All B are C/No A are B,Yes/No,No,Yes,0,,,
mReasoner,67186,conditional,single-choice,28,All B are C/No A are C,Yes/No,No,Yes,0,,,
mReasoner,67186,conditional,single-choice,29,All B are C/All A are B,Yes/No,Yes,Yes,1,,,
mReasoner,67186,conditional,single-choice,30,All B are C/No A are B,Yes/No,No,Yes,0,,,
mReasoner,67186,conditional,single-choice,31,All B are C/All A are B,Yes/No,Yes,Yes,1,,,
mReasoner,67186,conditional,single-choice,32,All B are C/No A are C,Yes/No,Yes,Yes,1,,,
mReasoner,67186,conditional,single-choice,33,All B are C/No A are C,Yes/No,No,Yes,0,,,
mReasoner,67186,conditional,single-choice,34,All B are C/No A are B,Yes/No,No,Yes,0,,,
mReasoner,67186,conditional,single-choice,35,All B are C/All A are B,Yes/No,Yes,Yes,1,,,
mReasoner,67186,conditional,single-choice,36,All B are C/All A are B,Yes/No,No,Yes,0,,,
mReasoner,67186,conditional,single-choice,37,All B are C/All A are C,Yes/No,No,Yes,0,,,
mReasoner,67186,conditional,single-choice,38,All B are C/No A are C,Yes/No,No,Yes,0,,,
mReasoner,67186,conditional,single-choice,39,All B are C/All A are C,Yes/No,No,Yes,0,,,
mReasoner,67186,conditional,single-choice,40,All B are C/No A are C,Yes/No,Yes,Yes,1,,,
mReasoner,67186,conditional,single-choice,41,All B are C/All A are B,Yes/No,Yes,Yes,1,,,
mReasoner,67186,conditional,single-choice,42,All B are C/All A are B,Yes/No,Yes,Yes,1,,,
mReasoner,67186,conditional,single-choice,43,All B are C/All A are B,Yes/No,Yes,Yes,1,,,
mReasoner,67186,conditional,single-choice,44,All B are C/No A are B,Yes/No,Yes,Yes,1,,,
mReasoner,67186,conditional,single-choice,45,All B are C/All A are C,Yes/No,Yes,Yes,1,,,
mReasoner,67186,conditional,single-choice,46,All B are C/No A are B,Yes/No,No,Yes,0,,,
mReasoner,67186,conditional,single-choice,47,All B are C/All A are B,Yes/No,No,Yes,0,,,
mReasoner,67186,conditional,single-choice,48,All B are C/No A are C,Yes/No,Yes,Yes,1,,,
mReasoner,67186,conditional,single-choice,49,All B are C/All A are B,Yes/No,No,Yes,0,,,
mReasoner,67186,conditional,single-choice,50,All B are C/No A are C,Yes/No,Yes,Yes,1,,,
mReasoner,67186,conditional,single-choice,51,All B are C/No A are B,Yes/No,Yes,Yes,1,,,
mReasoner,67186,conditional,single-choice,52,All B are C/No A are B,Yes/No,No,Yes,0,,,
mReasoner,67186,conditional,single-choice,53,All B are C/All A are C,Yes/No,No,Yes,0,,,
mReasoner,67186,conditional,single-choice,54,All B are C/All A are C,Yes/No,Yes,Yes,1,,,
mReasoner,67186,conditional,single-choice,55,All B are C/No A are C,Yes/No,No,Yes,0,,,
mReasoner,67186,conditional,single-choice,56,All B are C/All A are C,Yes/No,No,Yes,0,,,
mReasoner,67186,conditional,single-choice,57,All B are C/No A are C,Yes/No,Yes,Yes,1,,,
mReasoner,67186,conditional,single-choice,58,All B are C/No A are B,Yes/No,Yes,Yes,1,,,
mReasoner,67186,conditional,single-choice,59,All B are C/No A are C,Yes/No,No,Yes,0,,,
mReasoner,67186,conditional,single-choice,60,All B are C/All A are B,Yes/No,No,Yes,0,,,
mReasoner,67186,conditional,single-choice,61,All B are C/No A are B,Yes/No,No,Yes,0,,,
mReasoner,67186,conditional,single-choice,62,All B are C/No A are B,Yes/No,Yes,Yes,1,,,
mReasoner,67186,conditional,single-choice,63,All B are C/No A are C,Yes/No,Yes,Yes,1,,,
mReasoner,67186,conditional,single-choice,64,All B are C/All A are B,Yes/No,Yes,Yes,1,,,
mReasoner,67194,conditional,single-choice,1,All B are C/All A are B,Yes/No,Yes,Yes,1,,,
mReasoner,67194,conditional,single-choice,2,All B are C/No A are C,Yes/No,Yes,Yes,1,,,
mReasoner,67194,conditional,single-choice,3,All B are C/No A are C,Yes/No,Yes,Yes,1,,,
mReasoner,67194,conditional,single-choice,4,All B are C/No A are B,Yes/No,No,Yes,0,,,
mReasoner,67194,conditional,single-choice,5,All B are C/No A are C,Yes/No,Yes,Yes,1,,,
mReasoner,67194,conditional,single-choice,6,All B are C/All A are B,Yes/No,Yes,Yes,1,,,
mReasoner,67194,conditional,single-choice,7,All B are C/All A are B,Yes/No,Yes,Yes,1,,,
mReasoner,67194,conditional,single-choice,8,All B are C/No A are C,Yes/No,No,Yes,0,,,
mReasoner,67194,conditional,single-choice,9,All B are C/All A are C,Yes/No,Yes,Yes,1,,,
mReasoner,67194,conditional,single-choice,10,All B are C/No A are B,Yes/No,No,Yes,0,,,
mReasoner,67194,conditional,single-choice,11,All B are C/No A are B,Yes/No,Yes,Yes,1,,,
mReasoner,67194,conditional,single-choice,12,All B are C/No A are B,Yes/No,No,Yes,0,,,
mReasoner,67194,conditional,single-choice,13,All B are C/All A are C,Yes/No,No,Yes,0,,,
mReasoner,67194,conditional,single-choice,14,All B are C/All A are C,Yes/No,Yes,Yes,1,,,
mReasoner,67194,conditional,single-choice,15,All B are C/All A are C,Yes/No,No,Yes,0,,,
mReasoner,67194,conditional,single-choice,16,All B are C/No A are C,Yes/No,Yes,Yes,1,,,
mReasoner,67194,conditional,single-choice,17,All B are C/No A are B,Yes/No,No,Yes,0,,,
mReasoner,67194,conditional,single-choice,18,All B are C/No A are B,Yes/No,No,Yes,0,,,
mReasoner,67194,conditional,single-choice,19,All B are C/No A are B,Yes/No,No,Yes,0,,,
mReasoner,67194,conditional,single-choice,20,All B are C/All A are B,Yes/No,No,Yes,0,,,
mReasoner,67194,conditional,single-choice,21,All B are C/No A are B,Yes/No,No,Yes,0,,,
mReasoner,67194,conditional,single-choice,22,All B are C/No A are B,Yes/No,No,Yes,0,,,
mReasoner,67194,conditional,single-choice,23,All B are C/All A are B,Yes/No,Yes,Yes,1,,,
mReasoner,67194,conditional,single-choice,24,All B are C/All A are B,Yes/No,Yes,Yes,1,,,
mReasoner,67194,conditional,single-choice,25,All B are C/No A are C,Yes/No,Yes,Yes,1,,,
mReasoner,67194,conditional,single-choice,26,All B are C/All A are C,Yes/No,Yes,Yes,1,,,
mReasoner,67194,conditional,single-choice,27,All B are C/No A are C,Yes/No,Yes,Yes,1,,,
mReasoner,67194,conditional,single-choice,28,All B are C/All A are B,Yes/No,Yes,Yes,1,,,
mReasoner,67194,conditional,single-choice,29,All B are C/No A are B,Yes/No,Yes,Yes,1,,,
mReasoner,67194,conditional,single-choice,30,All B are C/All A are B,Yes/No,No,Yes,0,,,
mReasoner,67194,conditional,single-choice,31,All B are C/All A are B,Yes/No,No,Yes,0,,,
mReasoner,67194,conditional,single-choice,32,All B are C/No A are B,Yes/No,No,Yes,0,,,
mReasoner,67194,conditional,single-choice,33,All B are C/No A are B,Yes/No,No,Yes,0,,,
mReasoner,67194,conditional,single-choice,34,All B are C/All A are C,Yes/No,Yes,Yes,1,,,
mReasoner,67194,conditional,single-choice,35,All B are C/No A are C,Yes/No,Yes,Yes,1,,,
mReasoner,67194,conditional,single-choice,36,All B are C/No A are B,Yes/No,No,Yes,0,,,
mReasoner,67194,conditional,single-choice,37,All B are C/All A are C,Yes/No,No,Yes,0,,,
mReasoner,67194,conditional,single-choice,38,All B are C/All A are C,Yes/No,No,Yes,0,,,
mReasoner,67194,conditional,single-choice,39,All B are C/No A are C,Yes/No,No,Yes,0,,,
mReasoner,67194,conditional,single-choice,40,All B are C/No A are B,Yes/No,Yes,Yes,1,,,
mReasoner,67194,conditional,single-choice,41,All B are C/All A are B,Yes/No,Yes,Yes,1,,,
mReasoner,67194,conditional,single-choice,42,All B are C/All A are B,Yes/No,Yes,Yes,1,,,
mReasoner,67194,conditional,single-choice,43,All B are C/All A are C,Yes/No,Yes,Yes,1,,,
mReasoner,67194,conditional,single-choice,44,All B are C/No A are C,Yes/No,Yes,Yes,1,,,
mReasoner,67194,conditional,single-choice,45,All B are C/All A are B,Yes/No,Yes,Yes,1,,,
mReasoner,67194,conditional,single-choice,46,All B are C/No A are B,Yes/No,No,Yes,0,,,
mReasoner,67194,conditional,single-choice,47,All B are C/All A are C,Yes/No,Yes,Yes,1,,,
mReasoner,67194,conditional,single-choice,48,All B are C/No A are C,Yes/No,No,Yes,0,,,
mReasoner,67194,conditional,single-choice,49,All B are C/No A are C,Yes/No,Yes,Yes,1,,,
mReasoner,67194,conditional,single-choice,50,All B are C/No A are C,Yes/No,Yes,Yes,1,,,
mReasoner,67194,conditional,single-choice,51,All B are C/All A are B,Yes/No,No,Yes,0,,,
mReasoner,67194,conditional,single-choice,52,All B are C/All A are C,Yes/No,Yes,Yes,1,,,
mReasoner,67194,conditional,single-choice,53,All B are C/No A are B,Yes/No,Yes,Yes,1,,,
mReasoner,67194,conditional,single-choice,54,All B are C/All A are C,Yes/No,Yes,Yes,1,,,
mReasoner,67194,conditional,single-choice,55,All B are C/All A are C,Yes/No,No,Yes,0,,,
mReasoner,67194,conditional,single-choice,56,All B are C/No A are C,Yes/No,Yes,Yes,1,,,
mReasoner,67194,conditional,single-choice,57,All B are C/All A are C,Yes/No,No,Yes,0,,,
mReasoner,67194,conditional,single-choice,58,All B are C/All A are C,Yes/No,Yes,Yes,1,,,
mReasoner,67194,conditional,single-choice,59,All B are C/All A are B,Yes/No,Yes,Yes,1,,,
mReasoner,67194,conditional,single-choice,60,All B are C/No A are C,Yes/No,No,Yes,0,,,
mReasoner,67194,conditional,single-choice,61,All B are C/No A are C,Yes/No,Yes,Yes,1,,,
mReasoner,67194,conditional,single-choice,62,All B are C/All A are C,Yes/No,No,Yes,0,,,
mReasoner,67194,conditional,single-choice,63,All B are C/All A are B,Yes/No,Yes,Yes,1,,,
mReasoner,67194,conditional,single-choice,64,All B are C/All A are B,Yes/No,No,Yes,0,,,
mReasoner,67212,conditional,single-choice,1,All B are C/All A are B,Yes/No,Yes,Yes,1,,,
mReasoner,67212,conditional,single-choice,2,All B are C/All A are C,Yes/No,Yes,Yes,1,,,
mReasoner,67212,conditional,single-choice,3,All B are C/No A are B,Yes/No,Yes,Yes,1,,,
mReasoner,67212,conditional,single-choice,4,All B are C/All A are B,Yes/No,Yes,Yes,1,,,
mReasoner,67212,conditional,single-choice,5,All B are C/No A are C,Yes/No,Yes,Yes,1,,,
mReasoner,67212,conditional,single-choice,6,All B are C/No A are C,Yes/No,No,Yes,0,,,
mReasoner,67212,conditional,single-choice,7,All B are C/All A are C,Yes/No,Yes,Yes,1,,,
mReasoner,67212,conditional,single-choice,8,All B are C/No A are B,Yes/No,Yes,Yes,1,,,
mReasoner,67212,conditional,single-choice,9,All B are C/No A are C,Yes/No,No,Yes,0,,,
mReasoner,67212,conditional,single-choice,10,All B are C/No A are B,Yes/No,No,Yes,0,,,
mReasoner,67212,conditional,single-choice,11,All B are C/No A are C,Yes/No,No,Yes,0,,,
mReasoner,67212,conditional,single-choice,12,All B are C/No A are B,Yes/No,Yes,Yes,1,,,
mReasoner,67212,conditional,single-choice,13,All B are C/All A are B,Yes/No,Yes,Yes,1,,,
mReasoner,67212,conditional,single-choice,14,All B are C/No A are C,Yes/No,Yes,Yes,1,,,
mReasoner,67212,conditional,single-choice,15,All B are C/No A are C,Yes/No,No,Yes,0,,,
mReasoner,67212,conditional,single-choice,16,All B are C/No A are C,Yes/No,No,Yes,0,,,
mReasoner,67212,conditional,single-choice,17,All B are C/All A are B,Yes/No,Yes,Yes,1,,,
mReasoner,67212,conditional,single-choice,18,All B are C/No A are C,Yes/No,Yes,Yes,1,,,
mReasoner,67212,conditional,single-choice,19,All B are C/No A are B,Yes/No,Yes,Yes,1,,,
mReasoner,67212,conditional,single-choice,20,All B are C/All A are C,Yes/No,Yes,Yes,1,,,
mReasoner,67212,conditional,single-choice,21,All B are C/No A are B,Yes/No,No,Yes,0,,,
mReasoner,67212,conditional,single-choice,22,All B are C/All A are B,Yes/No,Yes,Yes,1,,,
mReasoner,67212,conditional,single-choice,23,All B are C/No A are C,Yes/No,Yes,Yes,1,,,
mReasoner,67212,conditional,single-choice,24,All B are C/All A are C,Yes/No,No,Yes,0,,,
mReasoner,67212,conditional,single-choice,25,All B are C/No A are B,Yes/No,Yes,Yes,1,,,
mReasoner,67212,conditional,single-choice,26,All B are C/All A are C,Yes/No,Yes,Yes,1,,,
mReasoner,67212,conditional,single-choice,27,All B are C/No A are B,Yes/No,No,Yes,0,,,
mReasoner,67212,conditional,single-choice,28,All B are C/All A are B,Yes/No,No,Yes,0,,,
mReasoner,67212,conditional,single-choice,29,All B are C/No A are B,Yes/No,No,Yes,0,,,
mReasoner,67212,conditional,single-choice,30,All B are C/All A are B,Yes/No,Yes,Yes,1,,,
mReasoner,67212,conditional,single-choice,31,All B are C/No A are B,Yes/No,Yes,Yes,1,,,
mReasoner,67212,conditional,single-choice,32,All B are C/All A are C,Yes/No,No,Yes,0,,,
mReasoner,67212,conditional,single-choice,33,All B are C/All A are C,Yes/No,Yes,Yes,1,,,
mReasoner,67212,conditional,single-choice,34,All B are C/No A are C,Yes/No,Yes,Yes,1,,,
mReasoner,67212,conditional,single-choice,35,All B are C/All A are C,Yes/No,Yes,Yes,1,,,
mReasoner,67212,conditional,single-choice,36,All B are C/No A are B,Yes/No,Yes,Yes,1,,,
mReasoner,67212,conditional,single-choice,37,All B are C/All A are B,Yes/No,Yes,Yes,1,,,
mReasoner,67212,conditional,single-choice,38,All B are C/No A are B,Yes/No,Yes,Yes,1,,,
mReasoner,67212,conditional,single-choice,39,All B are C/All A are C,Yes/No,Yes,Yes,1,,,
mReasoner,67212,conditional,single-choice,40,All B are C/All A are B,Yes/No,Yes,Yes,1,,,
mReasoner,67212,conditional,single-choice,41,All B are C/No A are B,Yes/No,No,Yes,0,,,
mReasoner,67212,conditional,single-choice,42,All B are C/No A are C,Yes/No,Yes,Yes,1,,,
mReasoner,67212,conditional,single-choice,43,All B are C/No A are C,Yes/No,Yes,Yes,1,,,
mReasoner,67212,conditional,single-choice,44,All B are C/No A are B,Yes/No,Yes,Yes,1,,,
mReasoner,67212,conditional,single-choice,45,All B are C/All A are C,Yes/No,No,Yes,0,,,
mReasoner,67212,conditional,single-choice,46,All B are C/No A are C,Yes/No,Yes,Yes,1,,,
mReasoner,67212,conditional,single-choice,47,All B are C/All A are C,Yes/No,No,Yes,0,,,
mReasoner,67212,conditional,single-choice,48,All B are C/No A are C,Yes/No,Yes,Yes,1,,,
mReasoner,67212,conditional,single-choice,49,All B are C/All A are C,Yes/No,Yes,Yes,1,,,
mReasoner,67212,conditional,single-choice,50,All B are C/All A are C,Yes/No,Yes,Yes,1,,,
mReasoner,67212,conditional,single-choice,51,All B are C/All A are B,Yes/No,Yes,Yes,1,,,
mReasoner,67212,conditional,single-choice,52,All B are C/All A are B,Yes/No,Yes,Yes,1,,,
mReasoner,67212,conditional,single-choice,53,All B are C/All A are B,Yes/No,No,Yes,0,,,
mReasoner,67212,conditional,single-choice,54,All B are C/All A are C,Yes/No,Yes,Yes,1,,,
mReasoner,67212,conditional,single-choice,55,All B are C/All A are B,Yes/No,Yes,Yes,1,,,
mReasoner,67212,conditional,single-choice,56,All B are C/All A are B,Yes/No,No,Yes,0,,,
mReasoner,67212,conditional,single-choice,57,All B are C/All A are C,Yes/No,Yes,Yes,1,,,
mReasoner,67212,conditional,single-choice,58,All B are C/No A are B,Yes/No,Yes,Yes,1,,,
mReasoner,67212,conditional,single-choice,59,All B are C/All A are B,Yes/No,No,Yes,0,,,
mReasoner,67212,conditional,single-choice,60,All B are C/All A are B,Yes/No,Yes,Yes,1,,,
mReasoner,67212,conditional,single-choice,61,All B are C/No A are C,Yes/No,No,Yes,0,,,
mReasoner,67212,conditional,single-choice,62,All B are C/No A are C,Yes/No,Yes,Yes,1,,,
mReasoner,67212,conditional,single-choice,63,All B are C/No A are B,Yes/No,No,Yes,0,,,
mReasoner,67212,conditional,single-choice,64,All B are C/All A are C,Yes/No,No,Yes,0,,,
mReasoner,67245,conditional,single-choice,1,All B are C/No A are C,Yes/No,Yes,Yes,1,,,
mReasoner,67245,conditional,single-choice,2,All B are C/No A are B,Yes/No,Yes,Yes,1,,,
mReasoner,67245,conditional,single-choice,3,All B are C/All A are B,Yes/No,Yes,Yes,1,,,
mReasoner,67245,conditional,single-choice,4,All B are C/All A are C,Yes/No,Yes,Yes,1,,,
mReasoner,67245,conditional,single-choice,5,All B are C/No A are C,Yes/No,No,Yes,0,,,
mReasoner,67245,conditional,single-choice,6,All B are C/All A are B,Yes/No,Yes,Yes,1,,,
mReasoner,67245,conditional,single-choice,7,All B are C/All A are B,Yes/No,Yes,Yes,1,,,
mReasoner,67245,conditional,single-choice,8,All B are C/All A are B,Yes/No,Yes,Yes,1,,,
mReasoner,67245,conditional,single-choice,9,All B are C/No A are B,Yes/No,No,Yes,0,,,
mReasoner,67245,conditional,single-choice,10,All B are C/All A are C,Yes/No,Yes,Yes,1,,,
mReasoner,67245,conditional,single-choice,11,All B are C/No A are C,Yes/No,Yes,Yes,1,,,
mReasoner,67245,conditional,single-choice,12,All B are C/All A are B,Yes/No,Yes,Yes,1,,,
mReasoner,67245,conditional,single-choice,13,All B are C/No A are C,Yes/No,Yes,Yes,1,,,
mReasoner,67245,conditional,single-choice,14,All B are C/No A are B,Yes/No,Yes,Yes,1,,,
mReasoner,67245,conditional,single-choice,15,All B are C/All A are B,Yes/No,Yes,Yes,1,,,
mReasoner,67245,conditional,single-choice,16,All B are C/All A are C,Yes/No,Yes,Yes,1,,,
mReasoner,67245,conditional,single-choice,17,All B are C/All A are C,Yes/No,No,Yes,0,,,
mReasoner,67245,conditional,single-choice,18,All B are C/All A are C,Yes/No,Yes,Yes,1,,,
mReasoner,67245,conditional,single-choice,19,All B are C/No A are B,Yes/No,No,Yes,0,,,
mReasoner,67245,conditional,single-choice,20,All B are C/All A are C,Yes/No,No,Yes,0,,,
mReasoner,67245,conditional,single-choice,21,All B are C/No A are C,Yes/No,Yes,Yes,1,,,
mReasoner,67245,conditional,single-choice,22,All B are C/No A are B,Yes/No,No,Yes,0,,,
mReasoner,67245,conditional,single-choice,23,All B are C/All A are C,Yes/No,Yes,Yes,1,,,
mReasoner,67245,conditional,single-choice,24,All B are C/All A are B,Yes/No,Yes,Yes,1,,,
mReasoner,67245,conditional,single-choice,25,All B are C/No A are B,Yes/No,No,Yes,0,,,
mReasoner,67245,conditional,single-choice,26,All B are C/No A are B,Yes/No,Yes,Yes,1,,,
mReasoner,67245,conditional,single-choice,27,All B are C/All A are B,Yes/No,Yes,Yes,1,,,
mReasoner,67245,conditional,single-choice,28,All B are C/No A are C,Yes/No,No,Yes,0,,,
mReasoner,67245,conditional,single-choice,29,All B are C/No A are C,Yes/No,Yes,Yes,1,,,
mReasoner,67245,conditional,single-choice,30,All B are C/All A are B,Yes/No,Yes,Yes,1,,,
mReasoner,67245,conditional,single-choice,31,All B are C/No A are C,Yes/No,Yes,Yes,1,,,
mReasoner,67245,conditional,single-choice,32,All B are C/All A are C,Yes/No,Yes,Yes,1,,,
mReasoner,67245,conditional,single-choice,33,All B are C/All A are B,Yes/No,No,Yes,0,,,
mReasoner,67245,conditional,single-choice,34,All B are C/No A are C,Yes/No,Yes,Yes,1,,,
mReasoner,67245,conditional,single-choice,35,All B are C/No A are B,Yes/No,No,Yes,0,,,
mReasoner,67245,conditional,single-choice,36,All B are C/All A are C,Yes/No,No,Yes,0,,,
mReasoner,67245,conditional,single-choice,37,All B are C/All A are B,Yes/No,Yes,Yes,1,,,
mReasoner,67245,conditional,single-choice,38,All B are C/No A are B,Yes/No,No,Yes,0,,,
mReasoner,67245,conditional,single-choice,39,All B are C/All A are C,Yes/No,Yes,Yes,1,,,
mReasoner,67245,conditional,single-choice,40,All B are C/No A are B,Yes/No,No,Yes,0,,,
mReasoner,67245,conditional,single-choice,41,All B are C/No A are B,Yes/No,Yes,Yes,1,,,
mReasoner,67245,conditional,single-choice,42,All B are C/All A are B,Yes/No,No,Yes,0,,,
mReasoner,67245,conditional,single-choice,43,All B are C/No A are C,Yes/No,Yes,Yes,1,,,
mReasoner,67245,conditional,single-choice,44,All B are C/All A are B,Yes/No,No,Yes,0,,,
mReasoner,67245,conditional,single-choice,45,All B are C/All A are C,Yes/No,Yes,Yes,1,,,
mReasoner,67245,conditional,single-choice,46,All B are C/No A are B,Yes/No,Yes,Yes,1,,,
mReasoner,67245,conditional,single-choice,47,All B are C/All A are C,Yes/No,Yes,Yes,1,,,
mReasoner,67245,conditional,single-choice,48,All B are C/All A are C,Yes/No,No,Yes,0,,,
mReasoner,67245,conditional,single-choice,49,All B are C/No A are C,Yes/No,Yes,Yes,1,,,
mReasoner,67245,conditional,single-choice,50,All B are C/All A are B,Yes/No,Yes,Yes,1,,,
mReasoner,67245,conditional,single-choice,51,All B are C/No A are B,Yes/No,No,Yes,0,,,
mReasoner,67245,conditional,single-choice,52,All B are C/No A are C,Yes/No,Yes,Yes,1,,,
mReasoner,67245,conditional,single-choice,53,All B are C/No A are C,Yes/No,No,Yes,0,,,
mReasoner,67245,conditional,single-choice,54,All B are C/All A are B,Yes/No,Yes,Yes,1,,,
mReasoner,67245,conditional,single-choice,55,All B are C/All A are B,Yes/No,No,Yes,0,,,
mReasoner,67245,conditional,single-choice,56,All B are C/All A are C,Yes/No,No,Yes,0,,,
mReasoner,67245,conditional,single-choice,57,All B are C/All A are C,Yes/No,Yes,Yes,1,,,
mReasoner,67245,conditional,single-choice,58,All B are C/No A are C,Yes/No,Yes,Yes,1,,,
mReasoner,67245,conditional,single-choice,59,All B are C/No A are B,Yes/No,Yes,Yes,1,,,
mReasoner,67245,conditional,single-choice,60,All B are C/No A are C,Yes/No,Yes,Yes,1,,,
mReasoner,67245,conditional,single-choice,61,All B are C/No A are B,Yes/No,Yes,Yes,1,,,
mReasoner,67245,conditional,single-choice,62,All B are C/All A are C,Yes/No,No,Yes,0,,,
mReasoner,67245,conditional,single-choice,63,All B are C/No A are B,Yes/No,No,Yes,0,,,
mReasoner,67245,conditional,single-choice,64,All B are C/No A are C,Yes/No,No,Yes,0,,,
mReasoner,67311,conditional,single-choice,1,All B are C/No A are B,Yes/No,Yes,Yes,1,,,
mReasoner,67311,conditional,single-choice,2,All B are C/All A are B,Yes/No,Yes,Yes,1,,,
mReasoner,67311,conditional,single-choice,3,All B are C/All A are C,Yes/No,Yes,Yes,1,,,
mReasoner,67311,conditional,single-choice,4,All B are C/All A are B,Yes/No,Yes,Yes,1,,,
mReasoner,67311,conditional,single-choice,5,All B are C/All A are B,Yes/No,Yes,Yes,1,,,
mReasoner,67311,conditional,single-choice,6,All B are C/No A are B,Yes/No,No,Yes,0,,,
mReasoner,67311,conditional,single-choice,7,All B are C/No A are C,Yes/No,Yes,Yes,1,,,
mReasoner,67311,conditional,single-choice,8,All B are C/All A are C,Yes/No,Yes,Yes,1,,,
mReasoner,67311,conditional,single-choice,9,All B are C/No A are B,Yes/No,Yes,Yes,1,,,
mReasoner,67311,conditional,single-choice,10,All B are C/No A are B,Yes/No,Yes,Yes,1,,,
mReasoner,67311,conditional,single-choice,11,All B are C/All A are C,Yes/No,Yes,Yes,1,,,
mReasoner,67311,conditional,single-choice,12,All B are C/All A are C,Yes/No,No,Yes,0,,,
mReasoner,67311,conditional,single-choice,13,All B are C/No A are C,Yes/No,Yes,Yes,1,,,
mReasoner,67311,conditional,single-choice,14,All B are C/No A are C,Yes/No,Yes,Yes,1,,,
mReasoner,67311,conditional,single-choice,15,All B are C/No A are B,Yes/No,No,Yes,0,,,
mReasoner,67311,conditional,single-choice,16,All B are C/All A are C,Yes/No,Yes,Yes,1,,,
mReasoner,67311,conditional,single-choice,17,All B are C/All A are C,Yes/No,Yes,Yes,1,,,
mReasoner,67311,conditional,single-choice,18,All B are C/No A are C,Yes/No,Yes,Yes,1,,,
mReasoner,67311,conditional,single-choice,19,All B are C/All A are C,Yes/No,No,Yes,0,,,
mReasoner,67311,conditional,single-choice,20,All B are C/No A are B,Yes/No,No,Yes,0,,,
mReasoner,67311,conditional,single-choice,21,All B are C/No A are C,Yes/No,Yes,Yes,1,,,
mReasoner,67311,conditional,single-choice,22,All B are C/No A are B,Yes/No,No,Yes,0,,,
mReasoner,67311,conditional,single-choice,23,All B are C/No A are C,Yes/No,Yes,Yes,1,,,
mReasoner,67311,conditional,single-choice,24,All B are C/No A are C,Yes/No,Yes,Yes,1,,,
mReasoner,67311,conditional,single-choice,25,All B are C/No A are C,Yes/No,Yes,Yes,1,,,
mReasoner,67311,conditional,single-choice,26,All B are C/All A are C,Yes/No,No,Yes,0,,,
mReasoner,67311,conditional,single-choice,27,All B are C/All A are B,Yes/No,Yes,Yes,1,,,
mReasoner,67311,conditional,single-choice,28,All B are C/No A are C,Yes/No,Yes,Yes,1,,,
mReasoner,67311,conditional,single-choice,29,All B are C/All A are C,Yes/No,No,Yes,0,,,
mReasoner,67311,conditional,single-choice,30,All B are C/No A are B,Yes/No,No,Yes,0,,,
mReasoner,67311,conditional,single-choice,31,All B are C/No A are B,Yes/No,No,Yes,0,,,
mReasoner,67311,conditional,single-choice,32,All B are C/All A are B,Yes/No,Yes,Yes,1,,,
mReasoner,67311,conditional,single-choice,33,All B are C/No A are C,Yes/No,Yes,Yes,1,,,
mReasoner,67311,conditional,single-choice,34,All B are C/All A are B,Yes/No,Yes,Yes,1,,,
mReasoner,67311,conditional,single-choice,35,All B are C/All A are C,Yes/No,No,Yes,0,,,
mReasoner,67311,conditional,single-choice,36,All B are C/All A are C,Yes/No,No,Yes,0,,,
mReasoner,67311,conditional,single-choice,37,All B are C/All A are B,Yes/No,Yes,Yes,1,,,
mReasoner,67311,conditional,single-choice,38,All B are C/No A are B,Yes/No,No,Yes,0,,,
mReasoner,67311,conditional,single-choice,39,All B are C/No A are B,Yes/No,No,Yes,0,,,
mReasoner,67311,conditional,single-choice,40,All B are C/All A are C,Yes/No,No,Yes,0,,,
mReasoner,67311,conditional,single-choice,41,All B are C/All A are C,Yes/No,No,Yes,0,,,
mReasoner,67311,conditional,single-choice,42,All B are C/All A are B,Yes/No,Yes,Yes,1,,,
mReasoner,67311,conditional,single-choice,43,All B are C/All A are B,Yes/No,Yes,Yes,1,,,
mReasoner,67311,conditional,single-choice,44,All B are C/All A are B,Yes/No,Yes,Yes,1,,,
mReasoner,67311,conditional,single-choice,45,All B are C/No A are B,Yes/No,No,Yes,0,,,
mReasoner,67311,conditional,single-choice,46,All B are C/No A are C,Yes/No,Yes,Yes,1,,,
mReasoner,67311,conditional,single-choice,47,All B are C/No A are C,Yes/No,Yes,Yes,1,,,
mReasoner,67311,conditional,single-choice,48,All B are C/All A are B,Yes/No,Yes,Yes,1,,,
mReasoner,67311,conditional,single-choice,49,All B are C/All A are B,Yes/No,Yes,Yes,1,,,
mReasoner,67311,conditional,single-choice,50,All B are C/All A are B,Yes/No,Yes,Yes,1,,,
mReasoner,67311,conditional,single-choice,51,All B are C/No A are C,Yes/No,Yes,Yes,1,,,
mReasoner,67311,conditional,single-choice,52,All B are C/All A are C,Yes/No,No,Yes,0,,,
mReasoner,67311,conditional,single-choice,53,All B are C/All A are C,Yes/No,No,Yes,0,,,
mReasoner,67311,conditional,single-choice,54,All B are C/No A are C,Yes/No,Yes,Yes,1,,,
mReasoner,67311,conditional,single-choice,55,All B are C/No A are B,Yes/No,No,Yes,0,,,
mReasoner,67311,conditional,single-choice,56,All B are C/No A are B,Yes/No,No,Yes,0,,,
mReasoner,67311,conditional,single-choice,57,All B are C/No A are C,Yes/No,Yes,Yes,1,,,
mReasoner,67311,conditional,single-choice,58,All B are C/No A are B,Yes/No,No,Yes,0,,,
mReasoner,67311,conditional,single-choice,59,All B are C/No A are B,Yes/No,No,Yes,0,,,
mReasoner,67311,conditional,single-choice,60,All B are C/All A are B,Yes/No,Yes,Yes,1,,,
mReasoner,67311,conditional,single-choice,61,All B are C/All A are B,Yes/No,Yes,Yes,1,,,
mReasoner,67311,conditional,single-choice,62,All B are C/All A are C,Yes/No,No,Yes,0,,,
mReasoner,67311,conditional,single-choice,63,All B are C/No A are C,Yes/No,Yes,Yes,1,,,
mReasoner,67311,conditional,single-choice,64,All B are C/All A are B,Yes/No,Yes,Yes,1,,,
mReasoner,67317,conditional,single-choice,1,All B are C/No A are C,Yes/No,Yes,Yes,1,,,
mReasoner,67317,conditional,single-choice,2,All B are C/No A are C,Yes/No,Yes,Yes,1,,,
mReasoner,67317,conditional,single-choice,3,All B are C/All A are B,Yes/No,Yes,Yes,1,,,
mReasoner,67317,conditional,single-choice,4,All B are C/All A are B,Yes/No,No,Yes,0,,,
mReasoner,67317,conditional,single-choice,5,All B are C/All A are B,Yes/No,No,Yes,0,,,
mReasoner,67317,conditional,single-choice,6,All B are C/All A are B,Yes/No,No,Yes,0,,,
mReasoner,67317,conditional,single-choice,7,All B are C/No A are B,Yes/No,Yes,Yes,1,,,
mReasoner,67317,conditional,single-choice,8,All B are C/All A are C,Yes/No,No,Yes,0,,,
mReasoner,67317,conditional,single-choice,9,All B are C/All A are C,Yes/No,Yes,Yes,1,,,
mReasoner,67317,conditional,single-choice,10,All B are C/All A are B,Yes/No,No,Yes,0,,,
mReasoner,67317,conditional,single-choice,11,All B are C/All A are B,Yes/No,Yes,Yes,1,,,
mReasoner,67317,conditional,single-choice,12,All B are C/No A are C,Yes/No,Yes,Yes,1,,,
mReasoner,67317,conditional,single-choice,13,All B are C/No A are C,Yes/No,Yes,Yes,1,,,
mReasoner,67317,conditional,single-choice,14,All B are C/No A are B,Yes/No,Yes,Yes,1,,,
mReasoner,67317,conditional,single-choice,15,All B are C/All A are B,Yes/No,Yes,Yes,1,,,
mReasoner,67317,conditional,single-choice,16,All B are C/All A are B,Yes/No,No,Yes,0,,,
mReasoner,67317,conditional,single-choice,17,All B are C/All A are C,Yes/No,Yes,Yes,1,,,
mReasoner,67317,conditional,single-choice,18,All B are C/All A are C,Yes/No,No,Yes,0,,,
mReasoner,67317,conditional,single-choice,19,All B are C/All A are B,Yes/No,Yes,Yes,1,,,
mReasoner,67317,conditional,single-choice,20,All B are C/No A are C,Yes/No,No,Yes,0,,,
mReasoner,67317,conditional,single-choice,21,All B are C/No A are B,Yes/No,Yes,Yes,1,,,
mReasoner,67317,conditional,single-choice,22,All B are C/All A are C,Yes/No,No,Yes,0,,,
mReasoner,67317,conditional,single-choice,23,All B are C/All A are C,Yes/No,No,Yes,0,,,
mReasoner,67317,conditional,single-choice,24,All B are C/No A are B,Yes/No,No,Yes,0,,,
mReasoner,67317,conditional,single-choice,25,All B are C/No A are C,Yes/No,Yes,Yes,1,,,
mReasoner,67317,conditional,single-choice,26,All B are C/No A are B,Yes/No,No,Yes,0,,,
mReasoner,67317,conditional,single-choice,27,All B are C/No A are C,Yes/No,No,Yes,0,,,
mReasoner,67317,conditional,single-choice,28,All B are C/All A are C,Yes/No,No,Yes,0,,,
mReasoner,67317,conditional,single-choice,29,All B are C/No A are C,Yes/No,No,Yes,0,,,
mReasoner,67317,conditional,single-choice,30,All B are C/No A are B,Yes/No,Yes,Yes,1,,,
mReasoner,67317,conditional,single-choice,31,All B are C/All A are B,Yes/No,No,Yes,0,,,
mReasoner,67317,conditional,single-choice,32,All B are C/No A are C,Yes/No,No,Yes,0,,,
mReasoner,67317,conditional,single-choice,33,All B are C/All A are C,Yes/No,No,Yes,0,,,
mReasoner,67317,conditional,single-choice,34,All B are C/No A are B,Yes/No,No,Yes,0,,,
mReasoner,67317,conditional,single-choice,35,All B are C/All A are C,Yes/No,Yes,Yes,1,,,
mReasoner,67317,conditional,single-choice,36,All B are C/No A are B,Yes/No,No,Yes,0,,,
mReasoner,67317,conditional,single-choice,37,All B are C/No A are B,Yes/No,Yes,Yes,1,,,
mReasoner,67317,conditional,single-choice,38,All B are C/All A are C,Yes/No,Yes,Yes,1,,,
mReasoner,67317,conditional,single-choice,39,All B are C/All A are B,Yes/No,Yes,Yes,1,,,
mReasoner,67317,conditional,single-choice,40,All B are C/No A are C,Yes/No,Yes,Yes,1,,,
mReasoner,67317,conditional,single-choice,41,All B are C/No A are B,Yes/No,No,Yes,0,,,
mReasoner,67317,conditional,single-choice,42,All B are C/No A are B,Yes/No,No,Yes,0,,,
mReasoner,67317,conditional,single-choice,43,All B are C/All A are C,Yes/No,No,Yes,0,,,
mReasoner,67317,conditional,single-choice,44,All B are C/All A are C,Yes/No,No,Yes,0,,,
mReasoner,67317,conditional,single-choice,45,All B are C/No A are C,Yes/No,No,Yes,0,,,
mReasoner,67317,conditional,single-choice,46,All B are C/No A are B,Yes/No,No,Yes,0,,,
mReasoner,67317,conditional,single-choice,47,All B are C/All A are B,Yes/No,No,Yes,0,,,
mReasoner,67317,conditional,single-choice,48,All B are C/All A are B,Yes/No,No,Yes,0,,,
mReasoner,67317,conditional,single-choice,49,All B are C/All A are C,Yes/No,No,Yes,0,,,
mReasoner,67317,conditional,single-choice,50,All B are C/No A are C,Yes/No,No,Yes,0,,,
mReasoner,67317,conditional,single-choice,51,All B are C/All A are C,Yes/No,No,Yes,0,,,
mReasoner,67317,conditional,single-choice,52,All B are C/No A are B,Yes/No,No,Yes,0,,,
mReasoner,67317,conditional,single-choice,53,All B are C/No A are B,Yes/No,No,Yes,0,,,
mReasoner,67317,conditional,single-choice,54,All B are C/No A are B,Yes/No,Yes,Yes,1,,,
mReasoner,67317,conditional,single-choice,55,All B are C/No A are C,Yes/No,Yes,Yes,1,,,
mReasoner,67317,conditional,single-choice,56,All B are C/All A are B,Yes/No,No,Yes,0,,,
mReasoner,67317,conditional,single-choice,57,All B are C/No A are C,Yes/No,No,Yes,0,,,
mReasoner,67317,conditional,single-choice,58,All B are C/No A are C,Yes/No,Yes,Yes,1,,,
mReasoner,67317,conditional,single-choice,59,All B are C/No A are B,Yes/No,No,Yes,0,,,
mReasoner,67317,conditional,single-choice,60,All B are C/All A are B,Yes/No,No,Yes,0,,,
mReasoner,67317,conditional,single-choice,61,All B are C/All A are B,Yes/No,No,Yes,0,,,
mReasoner,67317,conditional,single-choice,62,All B are C/All A are C,Yes/No,Yes,Yes,1,,,
mReasoner,67317,conditional,single-choice,63,All B are C/All A are C,Yes/No,No,Yes,0,,,
mReasoner,67317,conditional,single-choice,64,All B are C/No A are C,Yes/No,No,Yes,0,,,
mReasoner,67323,conditional,single-choice,1,All B are C/All A are C,Yes/No,No,Yes,0,,,
mReasoner,67323,conditional,single-choice,2,All B are C/All A are B,Yes/No,No,Yes,0,,,
mReasoner,67323,conditional,single-choice,3,All B are C/All A are C,Yes/No,No,Yes,0,,,
mReasoner,67323,conditional,single-choice,4,All B are C/All A are B,Yes/No,Yes,Yes,1,,,
mReasoner,67323,conditional,single-choice,5,All B are C/No A are C,Yes/No,Yes,Yes,1,,,
mReasoner,67323,conditional,single-choice,6,All B are C/All A are B,Yes/No,Yes,Yes,1,,,
mReasoner,67323,conditional,single-choice,7,All B are C/All A are B,Yes/No,No,Yes,0,,,
mReasoner,67323,conditional,single-choice,8,All B are C/No A are B,Yes/No,Yes,Yes,1,,,
mReasoner,67323,conditional,single-choice,9,All B are C/All A are C,Yes/No,Yes,Yes,1,,,
mReasoner,67323,conditional,single-choice,10,All B are C/All A are C,Yes/No,Yes,Yes,1,,,
mReasoner,67323,conditional,single-choice,11,All B are C/No A are C,Yes/No,Yes,Yes,1,,,
mReasoner,67323,conditional,single-choice,12,All B are C/No A are C,Yes/No,No,Yes,0,,,
mReasoner,67323,conditional,single-choice,13,All B are C/All A are C,Yes/No,Yes,Yes,1,,,
mReasoner,67323,conditional,single-choice,14,All B are C/All A are C,Yes/No,Yes,Yes,1,,,
mReasoner,67323,conditional,single-choice,15,All B are C/All A are B,Yes/No,No,Yes,0,,,
mReasoner,67323,conditional,single-choice,16,All B are C/All A are B,Yes/No,Yes,Yes,1,,,
mReasoner,67323,conditional,single-choice,17,All B are C/All A are C,Yes/No,No,Yes,0,,,
mReasoner,67323,conditional,single-choice,18,All B are C/All A are B,Yes/No,No,Yes,0,,,
mReasoner,67323,conditional,single-choice,19,All B are C/No A are C,Yes/No,Yes,Yes,1,,,
mReasoner,67323,conditional,single-choice,20,All B are C/No A are C,Yes/No,No,Yes,0,,,
mReasoner,67323,conditional,single-choice,21,All B are C/No A are B,Yes/No,No,Yes,0,,,
mReasoner,67323,conditional,single-choice,22,All B are C/No A are B,Yes/No,Yes,Yes,1,,,
mReasoner,67323,conditional,single-choice,23,All B are C/All A are B,Yes/No,No,Yes,0,,,
mReasoner,67323,conditional,single-choice,24,All B are C/No A are B,Yes/No,Yes,Yes,1,,,
mReasoner,67323,conditional,single-choice,25,All B are C/All A are C,Yes/No,No,Yes,0,,,
mReasoner,67323,conditional,single-choice,26,All B are C/No A are C,Yes/No,Yes,Yes,1,,,
mReasoner,67323,conditional,single-choice,27,All B are C/No A are B,Yes/No,Yes,Yes,1,,,
mReasoner,67323,conditional,single-choice,28,All B are C/All A are C,Yes/No,Yes,Yes,1,,,
mReasoner,67323,conditional,single-choice,29,All B are C/No A are C,Yes/No,No,Yes,0,,,
mReasoner,67323,conditional,single-choice,30,All B are C/No A are C,Yes/No,No,Yes,0,,,
mReasoner,67323,conditional,single-choice,31,All B are C/No A are B,Yes/No,No,Yes,0,,,
mReasoner,67323,conditional,single-choice,32,All B are C/No A are B,Yes/No,No,Yes,0,,,
mReasoner,67323,conditional,single-choice,33,All B are C/All A are C,Yes/No,No,Yes,0,,,
mReasoner,67323,conditional,single-choice,34,All B are C/All A are B,Yes/No,No,Yes,0,,,
mReasoner,67323,conditional,single-choice,35,All B are C/No A are B,Yes/No,Yes,Yes,1,,,
mReasoner,67323,conditional,single-choice,36,All B are C/All A are B,Yes/No,Yes,Yes,1,,,
mReasoner,67323,conditional,single-choice,37,All B are C/No A are B,Yes/No,Yes,Yes,1,,,
mReasoner,67323,conditional,single-choice,38,All B are C/No A are C,Yes/No,No,Yes,0,,,
mReasoner,67323,conditional,single-choice,39,All B are C/All A are C,Yes/No,No,Yes,0,,,
mReasoner,67323,conditional,single-choice,40,All B are C/No A are B,Yes/No,No,Yes,0,,,
mReasoner,67323,conditional,single-choice,41,All B are C/All A are C,Yes/No,Yes,Yes,1,,,
mReasoner,67323,conditional,single-choice,42,All B are C/No A are B,Yes/No,No,Yes,0,,,
mReasoner,67323,conditional,single-choice,43,All B are C/No A are C,Yes/No,Yes,Yes,1,,,
mReasoner,67323,conditional,single-choice,44,All B are C/No A are B,Yes/No,Yes,Yes,1,,,
mReasoner,67323,conditional,single-choice,45,All B are C/All A are B,Yes/No,Yes,Yes,1,,,
mReasoner,67323,conditional,single-choice,46,All B are C/No A are C,Yes/No,No,Yes,0,,,
mReasoner,67323,conditional,single-choice,47,All B are C/No A are B,Yes/No,Yes,Yes,1,,,
mReasoner,67323,conditional,single-choice,48,All B are C/All A are C,Yes/No,Yes,Yes,1,,,
mReasoner,67323,conditional,single-choice,49,All B are C/No A are B,Yes/No,No,Yes,0,,,
mReasoner,67323,conditional,single-choice,50,All B are C/All A are B,Yes/No,No,Yes,0,,,
mReasoner,67323,conditional,single-choice,51,All B are C/All A are C,Yes/No,No,Yes,0,,,
mReasoner,67323,conditional,single-choice,52,All B are C/No A are C,Yes/No,Yes,Yes,1,,,
mReasoner,67323,conditional,single-choice,53,All B are C/No A are C,Yes/No,Yes,Yes,1,,,
mReasoner,67323,conditional,single-choice,54,All B are C/All A are B,Yes/No,Yes,Yes,1,,,
mReasoner,67323,conditional,single-choice,55,All B are C/All A are B,Yes/No,Yes,Yes,1,,,
mReasoner,67323,conditional,single-choice,56,All B are C/All A are B,Yes/No,No,Yes,0,,,
mReasoner,67323,conditional,single-choice,57,All B are C/All A are C,Yes/No,Yes,Yes,1,,,
mReasoner,67323,conditional,single-choice,58,All B are C/No A are B,Yes/No,No,Yes,0,,,
mReasoner,67323,conditional,single-choice,59,All B are C/All A are C,Yes/No,No,Yes,0,,,
mReasoner,67323,conditional,single-choice,60,All B are C/No A are C,Yes/No,Yes,Yes,1,,,
mReasoner,67323,conditional,single-choice,61,All B are C/No A are C,Yes/No,Yes,Yes,1,,,
mReasoner,67323,conditional,single-choice,62,All B are C/No A are C,Yes/No,Yes,Yes,1,,,
mReasoner,67323,conditional,single-choice,63,All B are C/All A are B,Yes/No,Yes,Yes,1,,,
mReasoner,67323,conditional,single-choice,64,All B are C/No A are B,Yes/No,Yes,Yes,1,,,
mReasoner,67339,conditional,single-choice,1,All B are C/No A are C,Yes/No,Yes,Yes,1,,,
mReasoner,67339,conditional,single-choice,2,All B are C/No A are B,Yes/No,No,Yes,0,,,
mReasoner,67339,conditional,single-choice,3,All B are C/No A are C,Yes/No,No,Yes,0,,,
mReasoner,67339,conditional,single-choice,4,All B are C/No A are C,Yes/No,Yes,Yes,1,,,
mReasoner,67339,conditional,single-choice,5,All B are C/No A are C,Yes/No,Yes,Yes,1,,,
mReasoner,67339,conditional,single-choice,6,All B are C/All A are C,Yes/No,No,Yes,0,,,
mReasoner,67339,conditional,single-choice,7,All B are C/All A are C,Yes/No,No,Yes,0,,,
mReasoner,67339,conditional,single-choice,8,All B are C/All A are B,Yes/No,Yes,Yes,1,,,
mReasoner,67339,conditional,single-choice,9,All B are C/All A are C,Yes/No,No,Yes,0,,,
mReasoner,67339,conditional,single-choice,10,All B are C/All A are B,Yes/No,Yes,Yes,1,,,
mReasoner,67339,conditional,single-choice,11,All B are C/No A are B,Yes/No,Yes,Yes,1,,,
mReasoner,67339,conditional,single-choice,12,All B are C/No A are C,Yes/No,Yes,Yes,1,,,
mReasoner,67339,conditional,single-choice,13,All B are C/All A are C,Yes/No,No,Yes,0,,,
mReasoner,67339,conditional,single-choice,14,All B are C/All A are B,Yes/No,Yes,Yes,1,,,
mReasoner,67339,conditional,single-choice,15,All B are C/No A are B,Yes/No,Yes,Yes,1,,,
mReasoner,67339,conditional,single-choice,16,All B are C/No A are C,Yes/No,Yes,Yes,1,,,
mReasoner,67339,conditional,single-choice,17,All B are C/No A are C,Yes/No,Yes,Yes,1,,,
mReasoner,67339,conditional,single-choice,18,All B are C/All A are B,Yes/No,Yes,Yes,1,,,
mReasoner,67339,conditional,single-choice,19,All B are C/All A are C,Yes/No,No,Yes,0,,,
mReasoner,67339,conditional,single-choice,20,All B are C/No A are B,Yes/No,No,Yes,0,,,
mReasoner,67339,conditional,single-choice,21,All B are C/No A are C,Yes/No,Yes,Yes,1,,,
mReasoner,67339,conditional,single-choice,22,All B are C/All A are C,Yes/No,Yes,Yes,1,,,
mReasoner,67339,conditional,single-choice,23,All B are C/All A are B,Yes/No,Yes,Yes,1,,,
mReasoner,67339,conditional,single-choice,24,All B are C/All A are B,Yes/No,Yes,Yes,1,,,
mReasoner,67339,conditional,single-choice,25,All B are C/All A are B,Yes/No,Yes,Yes,1,,,
mReasoner,67339,conditional,single-choice,26,All B are C/All A are C,Yes/No,Yes,Yes,1,,,
mReasoner,67339,conditional,single-choice,27,All B are C/No A are C,Yes/No,No,Yes,0,,,
mReasoner,67339,conditional,single-choice,28,All B are C/All A are C,Yes/No,Yes,Yes,1,,,
mReasoner,67339,conditional,single-choice,29,All B are C/All A are C,Yes/No,Yes,Yes,1,,,
mReasoner,67339,conditional,single-choice,30,All B are C/No A are B,Yes/No,Yes,Yes,1,,,
mReasoner,67339,conditional,single-choice,31,All B are C/No A are C,Yes/No,Yes,Yes,1,,,
mReasoner,67339,conditional,single-choice,32,All B are C/All A are B,Yes/No,Yes,Yes,1,,,
mReasoner,67339,conditional,single-choice,33,All B are C/All A are C,Yes/No,Yes,Yes,1,,,
mReasoner,67339,conditional,single-choice,34,All B are C/No A are B,Yes/No,Yes,Yes,1,,,
mReasoner,67339,conditional,single-choice,35,All B are C/All A are C,Yes/No,Yes,Yes,1,,,
mReasoner,67339,conditional,single-choice,36,All B are C/All A are C,Yes/No,Yes,Yes,1,,,
mReasoner,67339,conditional,single-choice,37,All B are C/No A are C,Yes/No,No,Yes,0,,,
mReasoner,67339,conditional,single-choice,38,All B are C/All A are C,Yes/No,Yes,Yes,1,,,
mReasoner,67339,conditional,single-choice,39,All B are C/All A are B,Yes/No,Yes,Yes,1,,,
mReasoner,67339,conditional,single-choice,40,All B are C/All A are B,Yes/No,Yes,Yes,1,,,
mReasoner,67339,conditional,single-choice,41,All B are C/No A are B,Yes/No,Yes,Yes,1,,,
mReasoner,67339,conditional,single-choice,42,All B are C/No A are B,Yes/No,Yes,Yes,1,,,
mReasoner,67339,conditional,single-choice,43,All B are C/All A are B,Yes/No,Yes,Yes,1,,,
mReasoner,67339,conditional,single-choice,44,All B are C/No A are B,Yes/No,Yes,Yes,1,,,
mReasoner,67339,conditional,single-choice,45,All B are C/No A are C,Yes/No,Yes,Yes,1,,,
mReasoner,67339,conditional,single-choice,46,All B are C/All A are C,Yes/No,Yes,Yes,1,,,
mReasoner,67339,conditional,single-choice,47,All B are C/All A are B,Yes/No,Yes,Yes,1,,,
mReasoner,67339,conditional,single-choice,48,All B are C/No A are B,Yes/No,Yes,Yes,1,,,
mReasoner,67339,conditional,single-choice,49,All B are C/All A are B,Yes/No,Yes,Yes,1,,,
mReasoner,67339,conditional,single-choice,50,All B are C/All A are C,Yes/No,Yes,Yes,1,,,
mReasoner,67339,conditional,single-choice,51,All B are C/All A are B,Yes/No,Yes,Yes,1,,,
mReasoner,67339,conditional,single-choice,52,All B are C/All A are C,Yes/No,No,Yes,0,,,
mReasoner,67339,conditional,single-choice,53,All B are C/No A are B,Yes/No,Yes,Yes,1,,,
mReasoner,67339,conditional,single-choice,54,All B are C/No A are B,Yes/No,Yes,Yes,1,,,
mReasoner,67339,conditional,single-choice,55,All B are C/No A are B,Yes/No,Yes,Yes,1,,,
mReasoner,67339,conditional,single-choice,56,All B are C/All A are B,Yes/No,Yes,Yes,1,,,
mReasoner,67339,conditional,single-choice,57,All B are C/No A are C,Yes/No,Yes,Yes,1,,,
mReasoner,67339,conditional,single-choice,58,All B are C/No A are B,Yes/No,Yes,Yes,1,,,
mReasoner,67339,conditional,single-choice,59,All B are C/No A are C,Yes/No,Yes,Yes,1,,,
mReasoner,67339,conditional,single-choice,60,All B are C/No A are B,Yes/No,Yes,Yes,1,,,
mReasoner,67339,conditional,single-choice,61,All B are C/No A are C,Yes/No,Yes,Yes,1,,,
mReasoner,67339,conditional,single-choice,62,All B are C/All A are B,Yes/No,Yes,Yes,1,,,
mReasoner,67339,conditional,single-choice,63,All B are C/No A are B,Yes/No,Yes,Yes,1,,,
mReasoner,67339,conditional,single-choice,64,All B are C/No A are C,Yes/No,No,Yes,0,,,
mReasoner,67424,conditional,single-choice,1,All B are C/No A are C,Yes/No,Yes,Yes,1,,,
mReasoner,67424,conditional,single-choice,2,All B are C/All A are B,Yes/No,Yes,Yes,1,,,
mReasoner,67424,conditional,single-choice,3,All B are C/All A are C,Yes/No,No,Yes,0,,,
mReasoner,67424,conditional,single-choice,4,All B are C/No A are B,Yes/No,No,Yes,0,,,
mReasoner,67424,conditional,single-choice,5,All B are C/All A are C,Yes/No,No,Yes,0,,,
mReasoner,67424,conditional,single-choice,6,All B are C/No A are B,Yes/No,Yes,Yes,1,,,
mReasoner,67424,conditional,single-choice,7,All B are C/All A are B,Yes/No,Yes,Yes,1,,,
mReasoner,67424,conditional,single-choice,8,All B are C/No A are C,Yes/No,Yes,Yes,1,,,
mReasoner,67424,conditional,single-choice,9,All B are C/No A are C,Yes/No,Yes,Yes,1,,,
mReasoner,67424,conditional,single-choice,10,All B are C/No A are B,Yes/No,No,Yes,0,,,
mReasoner,67424,conditional,single-choice,11,All B are C/No A are C,Yes/No,Yes,Yes,1,,,
mReasoner,67424,conditional,single-choice,12,All B are C/No A are B,Yes/No,No,Yes,0,,,
mReasoner,67424,conditional,single-choice,13,All B are C/All A are C,Yes/No,No,Yes,0,,,
mReasoner,67424,conditional,single-choice,14,All B are C/No A are C,Yes/No,Yes,Yes,1,,,
mReasoner,67424,conditional,single-choice,15,All B are C/No A are C,Yes/No,Yes,Yes,1,,,
mReasoner,67424,conditional,single-choice,16,All B are C/All A are B,Yes/No,Yes,Yes,1,,,
mReasoner,67424,conditional,single-choice,17,All B are C/No A are C,Yes/No,Yes,Yes,1,,,
mReasoner,67424,conditional,single-choice,18,All B are C/All A are C,Yes/No,No,Yes,0,,,
mReasoner,67424,conditional,single-choice,19,All B are C/No A are B,Yes/No,No,Yes,0,,,
mReasoner,67424,conditional,single-choice,20,All B are C/All A are B,Yes/No,Yes,Yes,1,,,
mReasoner,67424,conditional,single-choice,21,All B are C/All A are B,Yes/No,Yes,Yes,1,,,
mReasoner,67424,conditional,single-choice,22,All B are C/No A are B,Yes/No,No,Yes,0,,,
mReasoner,67424,conditional,single-choice,23,All B are C/No A are C,Yes/No,Yes,Yes,1,,,
mReasoner,67424,conditional,single-choice,24,All B are C/No A are B,Yes/No,No,Yes,0,,,
mReasoner,67424,conditional,single-choice,25,All B are C/No A are C,Yes/No,Yes,Yes,1,,,
mReasoner,67424,conditional,single-choice,26,All B are C/No A are C,Yes/No,Yes,Yes,1,,,
mReasoner,67424,conditional,single-choice,27,All B are C/No A are B,Yes/No,No,Yes,0,,,
mReasoner,67424,conditional,single-choice,28,All B are C/No A are B,Yes/No,No,Yes,0,,,
mReasoner,67424,conditional,single-choice,29,All B are C/No A are C,Yes/No,Yes,Yes,1,,,
mReasoner,67424,conditional,single-choice,30,All B are C/All A are C,Yes/No,No,Yes,0,,,
mReasoner,67424,conditional,single-choice,31,All B are C/All A are C,Yes/No,No,Yes,0,,,
mReasoner,67424,conditional,single-choice,32,All B are C/All A are C,Yes/No,No,Yes,0,,,
mReasoner,67424,conditional,single-choice,33,All B are C/All A are B,Yes/No,Yes,Yes,1,,,
mReasoner,67424,conditional,single-choice,34,All B are C/All A are C,Yes/No,No,Yes,0,,,
mReasoner,67424,conditional,single-choice,35,All B are C/All A are B,Yes/No,Yes,Yes,1,,,
mReasoner,67424,conditional,single-choice,36,All B are C/All A are C,Yes/No,No,Yes,0,,,
mReasoner,67424,conditional,single-choice,37,All B are C/No A are B,Yes/No,No,Yes,0,,,
mReasoner,67424,conditional,single-choice,38,All B are C/No A are B,Yes/No,No,Yes,0,,,
mReasoner,67424,conditional,single-choice,39,All B are C/No A are C,Yes/No,Yes,Yes,1,,,
mReasoner,67424,conditional,single-choice,40,All B are C/All A are C,Yes/No,No,Yes,0,,,
mReasoner,67424,conditional,single-choice,41,All B are C/All A are B,Yes/No,Yes,Yes,1,,,
mReasoner,67424,conditional,single-choice,42,All B are C/No A are B,Yes/No,No,Yes,0,,,
mReasoner,67424,conditional,single-choice,43,All B are C/No A are C,Yes/No,Yes,Yes,1,,,
mReasoner,67424,conditional,single-choice,44,All B are C/No A are B,Yes/No,No,Yes,0,,,
mReasoner,67424,conditional,single-choice,45,All B are C/No A are B,Yes/No,Yes,Yes,1,,,
mReasoner,67424,conditional,single-choice,46,All B are C/All A are C,Yes/No,No,Yes,0,,,
mReasoner,67424,conditional,single-choice,47,All B are C/All A are B,Yes/No,Yes,Yes,1,,,
mReasoner,67424,conditional,single-choice,48,All B are C/No A are B,Yes/No,No,Yes,0,,,
mReasoner,67424,conditional,single-choice,49,All B are C/All A are C,Yes/No,No,Yes,0,,,
mReasoner,67424,conditional,single-choice,50,All B are C/No A are C,Yes/No,Yes,Yes,1,,,
mReasoner,67424,conditional,single-choice,51,All B are C/All A are B,Yes/No,Yes,Yes,1,,,
mReasoner,67424,conditional,single-choice,52,All B are C/No A are C,Yes/No,Yes,Yes,1,,,
mReasoner,67424,conditional,single-choice,53,All B are C/All A are C,Yes/No,No,Yes,0,,,
mReasoner,67424,conditional,single-choice,54,All B are C/All A are B,Yes/No,Yes,Yes,1,,,
mReasoner,67424,conditional,single-choice,55,All B are C/No A are C,Yes/No,Yes,Yes,1,,,
mReasoner,67424,conditional,single-choice,56,All B are C/All A are B,Yes/No,Yes,Yes,1,,,
mReasoner,67424,conditional,single-choice,57,All B are C/All A are C,Yes/No,No,Yes,0,,,
mReasoner,67424,conditional,single-choice,58,All B are C/All A are B,Yes/No,Yes,Yes,1,,,
mReasoner,67424,conditional,single-choice,59,All B are C/All A are C,Yes/No,No,Yes,0,,,
mReasoner,67424,conditional,single-choice,60,All B are C/No A are B,Yes/No,No,Yes,0,,,
mReasoner,67424,conditional,single-choice,61,All B are C/All A are B,Yes/No,Yes,Yes,1,,,
mReasoner,67424,conditional,single-choice,62,All B are C/All A are B,Yes/No,Yes,Yes,1,,,
mReasoner,67424,conditional,single-choice,63,All B are C/All A are C,Yes/No,No,Yes,0,,,
mReasoner,67424,conditional,single-choice,64,All B are C/All A are B,Yes/No,Yes,Yes,1,,,
mReasoner,67454,conditional,single-choice,1,All B are C/All A are B,Yes/No,No,Yes,0,,,
mReasoner,67454,conditional,single-choice,2,All B are C/All A are C,Yes/No,Yes,Yes,1,,,
mReasoner,67454,conditional,single-choice,3,All B are C/No A are C,Yes/No,Yes,Yes,1,,,
mReasoner,67454,conditional,single-choice,4,All B are C/All A are C,Yes/No,No,Yes,0,,,
mReasoner,67454,conditional,single-choice,5,All B are C/All A are B,Yes/No,Yes,Yes,1,,,
mReasoner,67454,conditional,single-choice,6,All B are C/No A are C,Yes/No,Yes,Yes,1,,,
mReasoner,67454,conditional,single-choice,7,All B are C/No A are C,Yes/No,Yes,Yes,1,,,
mReasoner,67454,conditional,single-choice,8,All B are C/All A are C,Yes/No,No,Yes,0,,,
mReasoner,67454,conditional,single-choice,9,All B are C/No A are B,Yes/No,Yes,Yes,1,,,
mReasoner,67454,conditional,single-choice,10,All B are C/No A are B,Yes/No,No,Yes,0,,,
mReasoner,67454,conditional,single-choice,11,All B are C/No A are B,Yes/No,Yes,Yes,1,,,
mReasoner,67454,conditional,single-choice,12,All B are C/No A are C,Yes/No,No,Yes,0,,,
mReasoner,67454,conditional,single-choice,13,All B are C/No A are C,Yes/No,Yes,Yes,1,,,
mReasoner,67454,conditional,single-choice,14,All B are C/All A are C,Yes/No,Yes,Yes,1,,,
mReasoner,67454,conditional,single-choice,15,All B are C/All A are B,Yes/No,No,Yes,0,,,
mReasoner,67454,conditional,single-choice,16,All B are C/No A are B,Yes/No,No,Yes,0,,,
mReasoner,67454,conditional,single-choice,17,All B are C/No A are B,Yes/No,No,Yes,0,,,
mReasoner,67454,conditional,single-choice,18,All B are C/No A are B,Yes/No,No,Yes,0,,,
mReasoner,67454,conditional,single-choice,19,All B are C/All A are B,Yes/No,Yes,Yes,1,,,
mReasoner,67454,conditional,single-choice,20,All B are C/All A are C,Yes/No,No,Yes,0,,,
mReasoner,67454,conditional,single-choice,21,All B are C/No A are B,Yes/No,No,Yes,0,,,
mReasoner,67454,conditional,single-choice,22,All B are C/All A are C,Yes/No,Yes,Yes,1,,,
mReasoner,67454,conditional,single-choice,23,All B are C/All A are B,Yes/No,Yes,Yes,1,,,
mReasoner,67454,conditional,single-choice,24,All B are C/No A are B,Yes/No,Yes,Yes,1,,,
mReasoner,67454,conditional,single-choice,25,All B are C/All A are B,Yes/No,Yes,Yes,1,,,
mReasoner,67454,conditional,single-choice,26,All B are C/No A are C,Yes/No,Yes,Yes,1,,,
mReasoner,67454,conditional,single-choice,27,All B are C/No A are C,Yes/No,Yes,Yes,1,,,
mReasoner,67454,conditional,single-choice,28,All B are C/No A are C,Yes/No,No,Yes,0,,,
mReasoner,67454,conditional,single-choice,29,All B are C/All A are C,Yes/No,Yes,Yes,1,,,
mReasoner,67454,conditional,single-choice,30,All B are C/All A are C,Yes/No,No,Yes,0,,,
mReasoner,67454,conditional,single-choice,31,All B are C/All A are C,Yes/No,Yes,Yes,1,,,
mReasoner,67454,conditional,single-choice,32,All B are C/All A are B,Yes/No,Yes,Yes,1,,,
mReasoner,67454,conditional,single-choice,33,All B are C/All A are B,Yes/No,Yes,Yes,1,,,
mReasoner,67454,conditional,single-choice,34,All B are C/No A are C,Yes/No,Yes,Yes,1,,,
mReasoner,67454,conditional,single-choice,35,All B are C/No A are B,Yes/No,Yes,Yes,1,,,
mReasoner,67454,conditional,single-choice,36,All B are C/No A are C,Yes/No,Yes,Yes,1,,,
mReasoner,67454,conditional,single-choice,37,All B are C/No A are B,Yes/No,Yes,Yes,1,,,
mReasoner,67454,conditional,single-choice,38,All B are C/No A are C,Yes/No,Yes,Yes,1,,,
mReasoner,67454,conditional,single-choice,39,All B are C/All A are C,Yes/No,Yes,Yes,1,,,
mReasoner,67454,conditional,single-choice,40,All B are C/No A are B,Yes/No,Yes,Yes,1,,,
mReasoner,67454,conditional,single-choice,41,All B are C/All A are B,Yes/No,No,Yes,0,,,
mReasoner,67454,conditional,single-choice,42,All B are C/All A are B,Yes/No,Yes,Yes,1,,,
mReasoner,67454,conditional,single-choice,43,All B are C/All A are C,Yes/No,No,Yes,0,,,
mReasoner,67454,conditional,single-choice,44,All B are C/All A are B,Yes/No,Yes,Yes,1,,,
mReasoner,67454,conditional,single-choice,45,All B are C/No A are C,Yes/No,No,Yes,0,,,
mReasoner,67454,conditional,single-choice,46,All B are C/All A are C,Yes/No,Yes,Yes,1,,,
mReasoner,67454,conditional,single-choice,47,All B are C/No A are C,Yes/No,Yes,Yes,1,,,
mReasoner,67454,conditional,single-choice,48,All B are C/All A are C,Yes/No,No,Yes,0,,,
mReasoner,67454,conditional,single-choice,49,All B are C/No A are C,Yes/No,Yes,Yes,1,,,
mReasoner,67454,conditional,single-choice,50,All B are C/No A are C,Yes/No,No,Yes,0,,,
mReasoner,67454,conditional,single-choice,51,All B are C/All A are C,Yes/No,Yes,Yes,1,,,
mReasoner,67454,conditional,single-choice,52,All B are C/No A are B,Yes/No,Yes,Yes,1,,,
mReasoner,67454,conditional,single-choice,53,All B are C/No A are B,Yes/No,Yes,Yes,1,,,
mReasoner,67454,conditional,single-choice,54,All B are C/All A are B,Yes/No,Yes,Yes,1,,,
mReasoner,67454,conditional,single-choice,55,All B are C/All A are C,Yes/No,No,Yes,0,,,
mReasoner,67454,conditional,single-choice,56,All B are C/All A are B,Yes/No,Yes,Yes,1,,,
mReasoner,67454,conditional,single-choice,57,All B are C/No A are B,Yes/No,No,Yes,0,,,
mReasoner,67454,conditional,single-choice,58,All B are C/No A are C,Yes/No,Yes,Yes,1,,,
mReasoner,67454,conditional,single-choice,59,All B are C/All A are B,Yes/No,Yes,Yes,1,,,
mReasoner,67454,conditional,single-choice,60,All B are C/All A are C,Yes/No,Yes,Yes,1,,,
mReasoner,67454,conditional,single-choice,61,All B are C/All A are B,Yes/No,No,Yes,0,,,
mReasoner,67454,conditional,single-choice,62,All B are C/No A are B,Yes/No,Yes,Yes,1,,,
mReasoner,67454,conditional,single-choice,63,All B are C/All A are B,Yes/No,Yes,Yes,1,,,
mReasoner,67454,conditional,single-choice,64,All B are C/No A are B,Yes/No,No,Yes,0,,,
mReasoner,68007,conditional,single-choice,1,All B are C/No A are C,Yes/No,No,Yes,0,,,
mReasoner,68007,conditional,single-choice,2,All B are C/All A are B,Yes/No,No,Yes,0,,,
mReasoner,68007,conditional,single-choice,3,All B are C/All A are B,Yes/No,Yes,Yes,1,,,
mReasoner,68007,conditional,single-choice,4,All B are C/No A are C,Yes/No,No,Yes,0,,,
mReasoner,68007,conditional,single-choice,5,All B are C/No A are B,Yes/No,No,Yes,0,,,
mReasoner,68007,conditional,single-choice,6,All B are C/No A are C,Yes/No,Yes,Yes,1,,,
mReasoner,68007,conditional,single-choice,7,All B are C/All A are B,Yes/No,Yes,Yes,1,,,
mReasoner,68007,conditional,single-choice,8,All B are C/All A are C,Yes/No,No,Yes,0,,,
mReasoner,68007,conditional,single-choice,9,All B are C/All A are C,Yes/No,Yes,Yes,1,,,
mReasoner,68007,conditional,single-choice,10,All B are C/No A are C,Yes/No,No,Yes,0,,,
mReasoner,68007,conditional,single-choice,11,All B are C/All A are B,Yes/No,No,Yes,0,,,
mReasoner,68007,conditional,single-choice,12,All B are C/All A are B,Yes/No,No,Yes,0,,,
mReasoner,68007,conditional,single-choice,13,All B are C/No A are C,Yes/No,Yes,Yes,1,,,
mReasoner,68007,conditional,single-choice,14,All B are C/All A are B,Yes/No,No,Yes,0,,,
mReasoner,68007,conditional,single-choice,15,All B are C/All A are C,Yes/No,No,Yes,0,,,
mReasoner,68007,conditional,single-choice,16,All B are C/All A are C,Yes/No,Yes,Yes,1,,,
mReasoner,68007,conditional,single-choice,17,All B are C/No A are B,Yes/No,No,Yes,0,,,
mReasoner,68007,conditional,single-choice,18,All B are C/All A are C,Yes/No,Yes,Yes,1,,,
mReasoner,68007,conditional,single-choice,19,All B are C/No A are B,Yes/No,Yes,Yes,1,,,
mReasoner,68007,conditional,single-choice,20,All B are C/No A are B,Yes/No,No,Yes,0,,,
mReasoner,68007,conditional,single-choice,21,All B are C/All A are C,Yes/No,Yes,Yes,1,,,
mReasoner,68007,conditional,single-choice,22,All B are C/No A are C,Yes/No,No,Yes,0,,,
mReasoner,68007,conditional,single-choice,23,All B are C/All A are B,Yes/No,Yes,Yes,1,,,
mReasoner,68007,conditional,single-choice,24,All B are C/All A are C,Yes/No,No,Yes,0,,,
mReasoner,68007,conditional,single-choice,25,All B are C/No A are B,Yes/No,No,Yes,0,,,
mReasoner,68007,conditional,single-choice,26,All B are C/All A are C,Yes/No,No,Yes,0,,,
mReasoner,68007,conditional,single-choice,27,All B are C/All A are C,Yes/No,Yes,Yes,1,,,
mReasoner,68007,conditional,single-choice,28,All B are C/No A are C,Yes/No,Yes,Yes,1,,,
mReasoner,68007,conditional,single-choice,29,All B are C/All A are B,Yes/No,No,Yes,0,,,
mReasoner,68007,conditional,single-choice,30,All B are C/No A are B,Yes/No,No,Yes,0,,,
mReasoner,68007,conditional,single-choice,31,All B are C/All A are C,Yes/No,Yes,Yes,1,,,
mReasoner,68007,conditional,single-choice,32,All B are C/All A are C,Yes/No,No,Yes,0,,,
mReasoner,68007,conditional,single-choice,33,All B are C/No A are B,Yes/No,No,Yes,0,,,
mReasoner,68007,conditional,single-choice,34,All B are C/All A are B,Yes/No,Yes,Yes,1,,,
mReasoner,68007,conditional,single-choice,35,All B are C/All A are C,Yes/No,No,Yes,0,,,
mReasoner,68007,conditional,single-choice,36,All B are C/No A are C,Yes/No,No,Yes,0,,,
mReasoner,68007,conditional,single-choice,37,All B are C/All A are B,Yes/No,Yes,Yes,1,,,
mReasoner,68007,conditional,single-choice,38,All B are C/No A are B,Yes/No,No,Yes,0,,,
mReasoner,68007,conditional,single-choice,39,All B are C/All A are B,Yes/No,No,Yes,0,,,
mReasoner,68007,conditional,single-choice,40,All B are C/All A are B,Yes/No,Yes,Yes,1,,,
mReasoner,68007,conditional,single-choice,41,All B are C/No A are C,Yes/No,No,Yes,0,,,
mReasoner,68007,conditional,single-choice,42,All B are C/No A are C,Yes/No,Yes,Yes,1,,,
mReasoner,68007,conditional,single-choice,43,All B are C/All A are C,Yes/No,Yes,Yes,1,,,
mReasoner,68007,conditional,single-choice,44,All B are C/No A are C,Yes/No,No,Yes,0,,,
mReasoner,68007,conditional,single-choice,45,All B are C/No A are B,Yes/No,No,Yes,0,,,
mReasoner,68007,conditional,single-choice,46,All B are C/All A are B,Yes/No,Yes,Yes,1,,,
mReasoner,68007,conditional,single-choice,47,All B are C/No A are C,Yes/No,No,Yes,0,,,
mReasoner,68007,conditional,single-choice,48,All B are C/All A are C,Yes/No,Yes,Yes,1,,,
mReasoner,68007,conditional,single-choice,49,All B are C/All A are B,Yes/No,No,Yes,0,,,
mReasoner,68007,conditional,single-choice,50,All B are C/No A are C,Yes/No,No,Yes,0,,,
mReasoner,68007,conditional,single-choice,51,All B are C/All A are C,Yes/No,No,Yes,0,,,
mReasoner,68007,conditional,single-choice,52,All B are C/No A are C,Yes/No,No,Yes,0,,,
mReasoner,68007,conditional,single-choice,53,All B are C/No A are B,Yes/No,No,Yes,0,,,
mReasoner,68007,conditional,single-choice,54,All B are C/No A are B,Yes/No,No,Yes,0,,,
mReasoner,68007,conditional,single-choice,55,All B are C/No A are B,Yes/No,No,Yes,0,,,
mReasoner,68007,conditional,single-choice,56,All B are C/No A are C,Yes/No,No,Yes,0,,,
mReasoner,68007,conditional,single-choice,57,All B are C/No A are B,Yes/No,No,Yes,0,,,
mReasoner,68007,conditional,single-choice,58,All B are C/No A are B,Yes/No,Yes,Yes,1,,,
mReasoner,68007,conditional,single-choice,59,All B are C/No A are C,Yes/No,No,Yes,0,,,
mReasoner,68007,conditional,single-choice,60,All B are C/No A are B,Yes/No,No,Yes,0,,,
mReasoner,68007,conditional,single-choice,61,All B are C/All A are C,Yes/No,No,Yes,0,,,
mReasoner,68007,conditional,single-choice,62,All B are C/No A are B,Yes/No,No,Yes,0,,,
mReasoner,68007,conditional,single-choice,63,All B are C/All A are B,Yes/No,Yes,Yes,1,,,
mReasoner,68007,conditional,single-choice,64,All B are C/All A are B,Yes/No,No,Yes,0,,,
mReasoner,68016,conditional,single-choice,1,All B are C/All A are B,Yes/No,Yes,Yes,1,,,
mReasoner,68016,conditional,single-choice,2,All B are C/No A are C,Yes/No,No,Yes,0,,,
mReasoner,68016,conditional,single-choice,3,All B are C/All A are C,Yes/No,No,Yes,0,,,
mReasoner,68016,conditional,single-choice,4,All B are C/All A are C,Yes/No,Yes,Yes,1,,,
mReasoner,68016,conditional,single-choice,5,All B are C/No A are C,Yes/No,No,Yes,0,,,
mReasoner,68016,conditional,single-choice,6,All B are C/All A are C,Yes/No,Yes,Yes,1,,,
mReasoner,68016,conditional,single-choice,7,All B are C/All A are C,Yes/No,No,Yes,0,,,
mReasoner,68016,conditional,single-choice,8,All B are C/All A are C,Yes/No,No,Yes,0,,,
mReasoner,68016,conditional,single-choice,9,All B are C/No A are C,Yes/No,Yes,Yes,1,,,
mReasoner,68016,conditional,single-choice,10,All B are C/No A are C,Yes/No,No,Yes,0,,,
mReasoner,68016,conditional,single-choice,11,All B are C/No A are C,Yes/No,No,Yes,0,,,
mReasoner,68016,conditional,single-choice,12,All B are C/No A are C,Yes/No,No,Yes,0,,,
mReasoner,68016,conditional,single-choice,13,All B are C/No A are B,Yes/No,Yes,Yes,1,,,
mReasoner,68016,conditional,single-choice,14,All B are C/No A are C,Yes/No,No,Yes,0,,,
mReasoner,68016,conditional,single-choice,15,All B are C/No A are C,Yes/No,No,Yes,0,,,
mReasoner,68016,conditional,single-choice,16,All B are C/No A are B,Yes/No,Yes,Yes,1,,,
mReasoner,68016,conditional,single-choice,17,All B are C/All A are B,Yes/No,Yes,Yes,1,,,
mReasoner,68016,conditional,single-choice,18,All B are C/No A are C,Yes/No,No,Yes,0,,,
mReasoner,68016,conditional,single-choice,19,All B are C/All A are C,Yes/No,Yes,Yes,1,,,
mReasoner,68016,conditional,single-choice,20,All B are C/All A are C,Yes/No,Yes,Yes,1,,,
mReasoner,68016,conditional,single-choice,21,All B are C/All A are B,Yes/No,No,Yes,0,,,
mReasoner,68016,conditional,single-choice,22,All B are C/All A are B,Yes/No,No,Yes,0,,,
mReasoner,68016,conditional,single-choice,23,All B are C/All A are B,Yes/No,Yes,Yes,1,,,
mReasoner,68016,conditional,single-choice,24,All B are C/No A are C,Yes/No,Yes,Yes,1,,,
mReasoner,68016,conditional,single-choice,25,All B are C/No A are B,Yes/No,No,Yes,0,,,
mReasoner,68016,conditional,single-choice,26,All B are C/All A are B,Yes/No,Yes,Yes,1,,,
mReasoner,68016,conditional,single-choice,27,All B are C/No A are B,Yes/No,No,Yes,0,,,
mReasoner,68016,conditional,single-choice,28,All B are C/No A are C,Yes/No,No,Yes,0,,,
mReasoner,68016,conditional,single-choice,29,All B are C/All A are C,Yes/No,Yes,Yes,1,,,
mReasoner,68016,conditional,single-choice,30,All B are C/All A are B,Yes/No,Yes,Yes,1,,,
mReasoner,68016,conditional,single-choice,31,All B are C/All A are B,Yes/No,Yes,Yes,1,,,
mReasoner,68016,conditional,single-choice,32,All B are C/No A are B,Yes/No,No,Yes,0,,,
mReasoner,68016,conditional,single-choice,33,All B are C/No A are C,Yes/No,Yes,Yes,1,,,
mReasoner,68016,conditional,single-choice,34,All B are C/All A are C,Yes/No,Yes,Yes,1,,,
mReasoner,68016,conditional,single-choice,35,All B are C/All A are C,Yes/No,Yes,Yes,1,,,
mReasoner,68016,conditional,single-choice,36,All B are C/No A are C,Yes/No,Yes,Yes,1,,,
mReasoner,68016,conditional,single-choice,37,All B are C/All A are C,Yes/No,Yes,Yes,1,,,
mReasoner,68016,conditional,single-choice,38,All B are C/All A are C,Yes/No,No,Yes,0,,,
mReasoner,68016,conditional,single-choice,39,All B are C/All A are B,Yes/No,Yes,Yes,1,,,
mReasoner,68016,conditional,single-choice,40,All B are C/No A are B,Yes/No,Yes,Yes,1,,,
mReasoner,68016,conditional,single-choice,41,All B are C/No A are C,Yes/No,No,Yes,0,,,
mReasoner,68016,conditional,single-choice,42,All B are C/All A are B,Yes/No,Yes,Yes,1,,,
mReasoner,68016,conditional,single-choice,43,All B are C/All A are B,Yes/No,Yes,Yes,1,,,
mReasoner,68016,conditional,single-choice,44,All B are C/No A are B,Yes/No,Yes,Yes,1,,,
mReasoner,68016,conditional,single-choice,45,All B are C/All A are C,Yes/No,Yes,Yes,1,,,
mReasoner,68016,conditional,single-choice,46,All B are C/No A are B,Yes/No,Yes,Yes,1,,,
mReasoner,68016,conditional,single-choice,47,All B are C/No A are B,Yes/No,No,Yes,0,,,
mReasoner,68016,conditional,single-choice,48,All B are C/All A are C,Yes/No,Yes,Yes,1,,,
mReasoner,68016,conditional,single-choice,49,All B are C/No A are B,Yes/No,Yes,Yes,1,,,
mReasoner,68016,conditional,single-choice,50,All B are C/No A are B,Yes/No,No,Yes,0,,,
mReasoner,68016,conditional,single-choice,51,All B are C/No A are C,Yes/No,No,Yes,0,,,
mReasoner,68016,conditional,single-choice,52,All B are C/All A are B,Yes/No,No,Yes,0,,,
mReasoner,68016,conditional,single-choice,53,All B are C/All A are B,Yes/No,Yes,Yes,1,,,
mReasoner,68016,conditional,single-choice,54,All B are C/No A are B,Yes/No,No,Yes,0,,,
mReasoner,68016,conditional,single-choice,55,All B are C/No A are B,Yes/No,Yes,Yes,1,,,
mReasoner,68016,conditional,single-choice,56,All B are C/All A are C,Yes/No,Yes,Yes,1,,,
mReasoner,68016,conditional,single-choice,57,All B are C/No A are B,Yes/No,Yes,Yes,1,,,
mReasoner,68016,conditional,single-choice,58,All B are C/No A are B,Yes/No,Yes,Yes,1,,,
mReasoner,68016,conditional,single-choice,59,All B are C/No A are B,Yes/No,Yes,Yes,1,,,
mReasoner,68016,conditional,single-choice,60,All B are C/All A are B,Yes/No,Yes,Yes,1,,,
mReasoner,68016,conditional,single-choice,61,All B are C/All A are C,Yes/No,Yes,Yes,1,,,
mReasoner,68016,conditional,single-choice,62,All B are C/All A are B,Yes/No,No,Yes,0,,,
mReasoner,68016,conditional,single-choice,63,All B are C/No A are C,Yes/No,Yes,Yes,1,,,
mReasoner,68016,conditional,single-choice,64,All B are C/All A are B,Yes/No,No,Yes,0,,,
mReasoner,68027,conditional,single-choice,1,All B are C/No A are B,Yes/No,No,Yes,0,,,
mReasoner,68027,conditional,single-choice,2,All B are C/No A are B,Yes/No,No,Yes,0,,,
mReasoner,68027,conditional,single-choice,3,All B are C/All A are C,Yes/No,Yes,Yes,1,,,
mReasoner,68027,conditional,single-choice,4,All B are C/No A are C,Yes/No,No,Yes,0,,,
mReasoner,68027,conditional,single-choice,5,All B are C/No A are C,Yes/No,Yes,Yes,1,,,
mReasoner,68027,conditional,single-choice,6,All B are C/No A are C,Yes/No,Yes,Yes,1,,,
mReasoner,68027,conditional,single-choice,7,All B are C/All A are B,Yes/No,Yes,Yes,1,,,
mReasoner,68027,conditional,single-choice,8,All B are C/All A are C,Yes/No,Yes,Yes,1,,,
mReasoner,68027,conditional,single-choice,9,All B are C/All A are C,Yes/No,No,Yes,0,,,
mReasoner,68027,conditional,single-choice,10,All B are C/All A are C,Yes/No,Yes,Yes,1,,,
mReasoner,68027,conditional,single-choice,11,All B are C/All A are C,Yes/No,Yes,Yes,1,,,
mReasoner,68027,conditional,single-choice,12,All B are C/No A are C,Yes/No,Yes,Yes,1,,,
mReasoner,68027,conditional,single-choice,13,All B are C/No A are B,Yes/No,No,Yes,0,,,
mReasoner,68027,conditional,single-choice,14,All B are C/No A are C,Yes/No,Yes,Yes,1,,,
mReasoner,68027,conditional,single-choice,15,All B are C/All A are B,Yes/No,No,Yes,0,,,
mReasoner,68027,conditional,single-choice,16,All B are C/All A are B,Yes/No,Yes,Yes,1,,,
mReasoner,68027,conditional,single-choice,17,All B are C/No A are C,Yes/No,Yes,Yes,1,,,
mReasoner,68027,conditional,single-choice,18,All B are C/No A are B,Yes/No,No,Yes,0,,,
mReasoner,68027,conditional,single-choice,19,All B are C/All A are C,Yes/No,Yes,Yes,1,,,
mReasoner,68027,conditional,single-choice,20,All B are C/No A are C,Yes/No,Yes,Yes,1,,,
mReasoner,68027,conditional,single-choice,21,All B are C/All A are B,Yes/No,Yes,Yes,1,,,
mReasoner,68027,conditional,single-choice,22,All B are C/No A are B,Yes/No,No,Yes,0,,,
mReasoner,68027,conditional,single-choice,23,All B are C/All A are B,Yes/No,Yes,Yes,1,,,
mReasoner,68027,conditional,single-choice,24,All B are C/All A are B,Yes/No,Yes,Yes,1,,,
mReasoner,68027,conditional,single-choice,25,All B are C/No A are B,Yes/No,No,Yes,0,,,
mReasoner,68027,conditional,single-choice,26,All B are C/All A are C,Yes/No,Yes,Yes,1,,,
mReasoner,68027,conditional,single-choice,27,All B are C/No A are B,Yes/No,Yes,Yes,1,,,
mReasoner,68027,conditional,single-choice,28,All B are C/No A are C,Yes/No,No,Yes,0,,,
mReasoner,68027,conditional,single-choice,29,All B are C/No A are C,Yes/No,Yes,Yes,1,,,
mReasoner,68027,conditional,single-choice,30,All B are C/All A are B,Yes/No,Yes,Yes,1,,,
mReasoner,68027,conditional,single-choice,31,All B are C/No A are C,Yes/No,No,Yes,0,,,
mReasoner,68027,conditional,single-choice,32,All B are C/No A are C,Yes/No,Yes,Yes,1,,,
mReasoner,68027,conditional,single-choice,33,All B are C/No A are C,Yes/No,Yes,Yes,1,,,
mReasoner,68027,conditional,single-choice,34,All B are C/No A are B,Yes/No,No,Yes,0,,,
mReasoner,68027,conditional,single-choice,35,All B are C/No A are B,Yes/No,No,Yes,0,,,
mReasoner,68027,conditional,single-choice,36,All B are C/No A are B,Yes/No,Yes,Yes,1,,,
mReasoner,68027,conditional,single-choice,37,All B are C/No A are B,Yes/No,Yes,Yes,1,,,
mReasoner,68027,conditional,single-choice,38,All B are C/All A are B,Yes/No,Yes,Yes,1,,,
mReasoner,68027,conditional,single-choice,39,All B are C/All A are B,Yes/No,No,Yes,0,,,
mReasoner,68027,conditional,single-choice,40,All B are C/All A are C,Yes/No,Yes,Yes,1,,,
mReasoner,68027,conditional,single-choice,41,All B are C/All A are C,Yes/No,Yes,Yes,1,,,
mReasoner,68027,conditional,single-choice,42,All B are C/All A are B,Yes/No,No,Yes,0,,,
mReasoner,68027,conditional,single-choice,43,All B are C/All A are B,Yes/No,Yes,Yes,1,,,
mReasoner,68027,conditional,single-choice,44,All B are C/All A are C,Yes/No,Yes,Yes,1,,,
mReasoner,68027,conditional,single-choice,45,All B are C/All A are B,Yes/No,No,Yes,0,,,
mReasoner,68027,conditional,single-choice,46,All B are C/No A are B,Yes/No,Yes,Yes,1,,,
mReasoner,68027,conditional,single-choice,47,All B are C/No A are B,Yes/No,Yes,Yes,1,,,
mReasoner,68027,conditional,single-choice,48,All B are C/All A are C,Yes/No,No,Yes,0,,,
mReasoner,68027,conditional,single-choice,49,All B are C/No A are B,Yes/No,Yes,Yes,1,,,
mReasoner,68027,conditional,single-choice,50,All B are C/No A are C,Yes/No,No,Yes,0,,,
mReasoner,68027,conditional,single-choice,51,All B are C/All A are B,Yes/No,No,Yes,0,,,
mReasoner,68027,conditional,single-choice,52,All B are C/No A are C,Yes/No,No,Yes,0,,,
mReasoner,68027,conditional,single-choice,53,All B are C/All A are C,Yes/No,Yes,Yes,1,,,
mReasoner,68027,conditional,single-choice,54,All B are C/No A are C,Yes/No,No,Yes,0,,,
mReasoner,68027,conditional,single-choice,55,All B are C/All A are B,Yes/No,No,Yes,0,,,
mReasoner,68027,conditional,single-choice,56,All B are C/All A are C,Yes/No,Yes,Yes,1,,,
mReasoner,68027,conditional,single-choice,57,All B are C/No A are C,Yes/No,No,Yes,0,,,
mReasoner,68027,conditional,single-choice,58,All B are C/All A are C,Yes/No,No,Yes,0,,,
mReasoner,68027,conditional,single-choice,59,All B are C/No A are B,Yes/No,Yes,Yes,1,,,
mReasoner,68027,conditional,single-choice,60,All B are C/All A are B,Yes/No,Yes,Yes,1,,,
mReasoner,68027,conditional,single-choice,61,All B are C/All A are C,Yes/No,Yes,Yes,1,,,
mReasoner,68027,conditional,single-choice,62,All B are C/All A are C,Yes/No,Yes,Yes,1,,,
mReasoner,68027,conditional,single-choice,63,All B are C/No A are B,Yes/No,No,Yes,0,,,
mReasoner,68027,conditional,single-choice,64,All B are C/All A are B,Yes/No,Yes,Yes,1,,,
mReasoner,68051,conditional,single-choice,1,All B are C/All A are B,Yes/No,Yes,Yes,1,,,
mReasoner,68051,conditional,single-choice,2,All B are C/No A are C,Yes/No,Yes,Yes,1,,,
mReasoner,68051,conditional,single-choice,3,All B are C/No A are C,Yes/No,Yes,Yes,1,,,
mReasoner,68051,conditional,single-choice,4,All B are C/All A are B,Yes/No,Yes,Yes,1,,,
mReasoner,68051,conditional,single-choice,5,All B are C/No A are C,Yes/No,Yes,Yes,1,,,
mReasoner,68051,conditional,single-choice,6,All B are C/All A are C,Yes/No,Yes,Yes,1,,,
mReasoner,68051,conditional,single-choice,7,All B are C/All A are B,Yes/No,Yes,Yes,1,,,
mReasoner,68051,conditional,single-choice,8,All B are C/All A are B,Yes/No,Yes,Yes,1,,,
mReasoner,68051,conditional,single-choice,9,All B are C/No A are B,Yes/No,No,Yes,0,,,
mReasoner,68051,conditional,single-choice,10,All B are C/No A are C,Yes/No,No,Yes,0,,,
mReasoner,68051,conditional,single-choice,11,All B are C/All A are C,Yes/No,No,Yes,0,,,
mReasoner,68051,conditional,single-choice,12,All B are C/All A are B,Yes/No,Yes,Yes,1,,,
mReasoner,68051,conditional,single-choice,13,All B are C/No A are B,Yes/No,No,Yes,0,,,
mReasoner,68051,conditional,single-choice,14,All B are C/No A are B,Yes/No,No,Yes,0,,,
mReasoner,68051,conditional,single-choice,15,All B are C/No A are B,Yes/No,No,Yes,0,,,
mReasoner,68051,conditional,single-choice,16,All B are C/All A are C,Yes/No,No,Yes,0,,,
mReasoner,68051,conditional,single-choice,17,All B are C/No A are C,Yes/No,Yes,Yes,1,,,
mReasoner,68051,conditional,single-choice,18,All B are C/All A are C,Yes/No,Yes,Yes,1,,,
mReasoner,68051,conditional,single-choice,19,All B are C/All A are C,Yes/No,Yes,Yes,1,,,
mReasoner,68051,conditional,single-choice,20,All B are C/All A are B,Yes/No,Yes,Yes,1,,,
mReasoner,68051,conditional,single-choice,21,All B are C/No A are C,Yes/No,Yes,Yes,1,,,
mReasoner,68051,conditional,single-choice,22,All B are C/No A are B,Yes/No,No,Yes,0,,,
mReasoner,68051,conditional,single-choice,23,All B are C/No A are B,Yes/No,No,Yes,0,,,
mReasoner,68051,conditional,single-choice,24,All B are C/All A are B,Yes/No,No,Yes,0,,,
mReasoner,68051,conditional,single-choice,25,All B are C/All A are B,Yes/No,Yes,Yes,1,,,
mReasoner,68051,conditional,single-choice,26,All B are C/No A are C,Yes/No,Yes,Yes,1,,,
mReasoner,68051,conditional,single-choice,27,All B are C/No A are C,Yes/No,No,Yes,0,,,
mReasoner,68051,conditional,single-choice,28,All B are C/All A are B,Yes/No,Yes,Yes,1,,,
mReasoner,68051,conditional,single-choice,29,All B are C/No A are C,Yes/No,No,Yes,0,,,
mReasoner,68051,conditional,single-choice,30,All B are C/No A are B,Yes/No,No,Yes,0,,,
mReasoner,68051,conditional,single-choice,31,All B are C/All A are C,Yes/No,No,Yes,0,,,
mReasoner,68051,conditional,single-choice,32,All B are C/All A are C,Yes/No,No,Yes,0,,,
mReasoner,68051,conditional,single-choice,33,All B are C/All A are C,Yes/No,No,Yes,0,,,
mReasoner,68051,conditional,single-choice,34,All B are C/No A are C,Yes/No,Yes,Yes,1,,,
mReasoner,68051,conditional,single-choice,35,All B are C/No A are C,Yes/No,No,Yes,0,,,
mReasoner,68051,conditional,single-choice,36,All B are C/No A are B,Yes/No,No,Yes,0,,,
mReasoner,68051,conditional,single-choice,37,All B are C/No A are C,Yes/No,Yes,Yes,1,,,
mReasoner,68051,conditional,single-choice,38,All B are C/All A are B,Yes/No,Yes,Yes,1,,,
mReasoner,68051,conditional,single-choice,39,All B are C/All A are B,Yes/No,No,Yes,0,,,
mReasoner,68051,conditional,single-choice,40,All B are C/No A are B,Yes/No,Yes,Yes,1,,,
mReasoner,68051,conditional,single-choice,41,All B are C/No A are B,Yes/No,No,Yes,0,,,
mReasoner,68051,conditional,single-choice,42,All B are C/All A are C,Yes/No,No,Yes,0,,,
mReasoner,68051,conditional,single-choice,43,All B are C/All A are C,Yes/No,No,Yes,0,,,
mReasoner,68051,conditional,single-choice,44,All B are C/No A are B,Yes/No,No,Yes,0,,,
mReasoner,68051,conditional,single-choice,45,All B are C/All A are B,Yes/No,Yes,Yes,1,,,
mReasoner,68051,conditional,single-choice,46,All B are C/No A are C,Yes/No,Yes,Yes,1,,,
mReasoner,68051,conditional,single-choice,47,All B are C/No A are C,Yes/No,Yes,Yes,1,,,
mReasoner,68051,conditional,single-choice,48,All B are C/All A are C,Yes/No,Yes,Yes,1,,,
mReasoner,68051,conditional,single-choice,49,All B are C/All A are C,Yes/No,No,Yes,0,,,
mReasoner,68051,conditional,single-choice,50,All B are C/No A are B,Yes/No,No,Yes,0,,,
mReasoner,68051,conditional,single-choice,51,All B are C/All A are C,Yes/No,No,Yes,0,,,
mReasoner,68051,conditional,single-choice,52,All B are C/No A are B,Yes/No,No,Yes,0,,,
mReasoner,68051,conditional,single-choice,53,All B are C/All A are B,Yes/No,Yes,Yes,1,,,
mReasoner,68051,conditional,single-choice,54,All B are C/All A are C,Yes/No,No,Yes,0,,,
mReasoner,68051,conditional,single-choice,55,All B are C/All A are C,Yes/No,No,Yes,0,,,
mReasoner,68051,conditional,single-choice,56,All B are C/No A are B,Yes/No,No,Yes,0,,,
mReasoner,68051,conditional,single-choice,57,All B are C/No A are C,Yes/No,Yes,Yes,1,,,
mReasoner,68051,conditional,single-choice,58,All B are C/All A are B,Yes/No,Yes,Yes,1,,,
mReasoner,68051,conditional,single-choice,59,All B are C/No A are B,Yes/No,No,Yes,0,,,
mReasoner,68051,conditional,single-choice,60,All B are C/All A are C,Yes/No,No,Yes,0,,,
mReasoner,68051,conditional,single-choice,61,All B are C/No A are B,Yes/No,No,Yes,0,,,
mReasoner,68051,conditional,single-choice,62,All B are C/All A are B,Yes/No,Yes,Yes,1,,,
mReasoner,68051,conditional,single-choice,63,All B are C/All A are B,Yes/No,Yes,Yes,1,,,
mReasoner,68051,conditional,single-choice,64,All B are C/No A are C,Yes/No,Yes,Yes,1,,,
mReasoner,68124,conditional,single-choice,1,All B are C/All A are C,Yes/No,No,Yes,0,,,
mReasoner,68124,conditional,single-choice,2,All B are C/All A are C,Yes/No,No,Yes,0,,,
mReasoner,68124,conditional,single-choice,3,All B are C/No A are B,Yes/No,No,Yes,0,,,
mReasoner,68124,conditional,single-choice,4,All B are C/All A are C,Yes/No,Yes,Yes,1,,,
mReasoner,68124,conditional,single-choice,5,All B are C/All A are B,Yes/No,Yes,Yes,1,,,
mReasoner,68124,conditional,single-choice,6,All B are C/No A are B,Yes/No,No,Yes,0,,,
mReasoner,68124,conditional,single-choice,7,All B are C/All A are B,Yes/No,Yes,Yes,1,,,
mReasoner,68124,conditional,single-choice,8,All B are C/No A are C,Yes/No,No,Yes,0,,,
mReasoner,68124,conditional,single-choice,9,All B are C/No A are B,Yes/No,Yes,Yes,1,,,
mReasoner,68124,conditional,single-choice,10,All B are C/All A are B,Yes/No,Yes,Yes,1,,,
mReasoner,68124,conditional,single-choice,11,All B are C/No A are C,Yes/No,Yes,Yes,1,,,
mReasoner,68124,conditional,single-choice,12,All B are C/All A are B,Yes/No,Yes,Yes,1,,,
mReasoner,68124,conditional,single-choice,13,All B are C/No A are B,Yes/No,No,Yes,0,,,
mReasoner,68124,conditional,single-choice,14,All B are C/All A are B,Yes/No,Yes,Yes,1,,,
mReasoner,68124,conditional,single-choice,15,All B are C/All A are C,Yes/No,No,Yes,0,,,
mReasoner,68124,conditional,single-choice,16,All B are C/All A are C,Yes/No,Yes,Yes,1,,,
mReasoner,68124,conditional,single-choice,17,All B are C/All A are B,Yes/No,Yes,Yes,1,,,
mReasoner,68124,conditional,single-choice,18,All B are C/All A are C,Yes/No,Yes,Yes,1,,,
mReasoner,68124,conditional,single-choice,19,All B are C/All A are B,Yes/No,Yes,Yes,1,,,
mReasoner,68124,conditional,single-choice,20,All B are C/All A are B,Yes/No,Yes,Yes,1,,,
mReasoner,68124,conditional,single-choice,21,All B are C/No A are B,Yes/No,Yes,Yes,1,,,
mReasoner,68124,conditional,single-choice,22,All B are C/No A are C,Yes/No,Yes,Yes,1,,,
mReasoner,68124,conditional,single-choice,23,All B are C/All A are B,Yes/No,Yes,Yes,1,,,
mReasoner,68124,conditional,single-choice,24,All B are C/All A are C,Yes/No,Yes,Yes,1,,,
mReasoner,68124,conditional,single-choice,25,All B are C/No A are B,Yes/No,Yes,Yes,1,,,
mReasoner,68124,conditional,single-choice,26,All B are C/All A are C,Yes/No,Yes,Yes,1,,,
mReasoner,68124,conditional,single-choice,27,All B are C/All A are C,Yes/No,Yes,Yes,1,,,
mReasoner,68124,conditional,single-choice,28,All B are C/No A are C,Yes/No,Yes,Yes,1,,,
mReasoner,68124,conditional,single-choice,29,All B are C/All A are B,Yes/No,Yes,Yes,1,,,
mReasoner,68124,conditional,single-choice,30,All B are C/All A are B,Yes/No,Yes,Yes,1,,,
mReasoner,68124,conditional,single-choice,31,All B are C/No A are C,Yes/No,Yes,Yes,1,,,
mReasoner,68124,conditional,single-choice,32,All B are C/No A are B,Yes/No,No,Yes,0,,,
mReasoner,68124,conditional,single-choice,33,All B are C/No A are C,Yes/No,Yes,Yes,1,,,
mReasoner,68124,conditional,single-choice,34,All B are C/No A are C,Yes/No,Yes,Yes,1,,,
mReasoner,68124,conditional,single-choice,35,All B are C/No A are B,Yes/No,No,Yes,0,,,
mReasoner,68124,conditional,single-choice,36,All B are C/All A are C,Yes/No,Yes,Yes,1,,,
mReasoner,68124,conditional,single-choice,37,All B are C/No A are C,Yes/No,Yes,Yes,1,,,
mReasoner,68124,conditional,single-choice,38,All B are C/No A are C,Yes/No,Yes,Yes,1,,,
mReasoner,68124,conditional,single-choice,39,All B are C/No A are C,Yes/No,Yes,Yes,1,,,
mReasoner,68124,conditional,single-choice,40,All B are C/All A are C,Yes/No,Yes,Yes,1,,,
mReasoner,68124,conditional,single-choice,41,All B are C/All A are C,Yes/No,Yes,Yes,1,,,
mReasoner,68124,conditional,single-choice,42,All B are C/All A are B,Yes/No,Yes,Yes,1,,,
mReasoner,68124,conditional,single-choice,43,All B are C/No A are C,Yes/No,Yes,Yes,1,,,
mReasoner,68124,conditional,single-choice,44,All B are C/No A are B,Yes/No,No,Yes,0,,,
mReasoner,68124,conditional,single-choice,45,All B are C/No A are B,Yes/No,No,Yes,0,,,
mReasoner,68124,conditional,single-choice,46,All B are C/All A are B,Yes/No,Yes,Yes,1,,,
mReasoner,68124,conditional,single-choice,47,All B are C/No A are C,Yes/No,Yes,Yes,1,,,
mReasoner,68124,conditional,single-choice,48,All B are C/No A are B,Yes/No,Yes,Yes,1,,,
mReasoner,68124,conditional,single-choice,49,All B are C/All A are B,Yes/No,Yes,Yes,1,,,
mReasoner,68124,conditional,single-choice,50,All B are C/No A are B,Yes/No,No,Yes,0,,,
mReasoner,68124,conditional,single-choice,51,All B are C/No A are C,Yes/No,Yes,Yes,1,,,
mReasoner,68124,conditional,single-choice,52,All B are C/All A are C,Yes/No,Yes,Yes,1,,,
mReasoner,68124,conditional,single-choice,53,All B are C/No A are C,Yes/No,Yes,Yes,1,,,
mReasoner,68124,conditional,single-choice,54,All B are C/No A are B,Yes/No,No,Yes,0,,,
mReasoner,68124,conditional,single-choice,55,All B are C/All A are C,Yes/No,No,Yes,0,,,
mReasoner,68124,conditional,single-choice,56,All B are C/No A are C,Yes/No,Yes,Yes,1,,,
mReasoner,68124,conditional,single-choice,57,All B are C/All A are C,Yes/No,No,Yes,0,,,
mReasoner,68124,conditional,single-choice,58,All B are C/All A are C,Yes/No,No,Yes,0,,,
mReasoner,68124,conditional,single-choice,59,All B are C/No A are B,Yes/No,No,Yes,0,,,
mReasoner,68124,conditional,single-choice,60,All B are C/No A are B,Yes/No,Yes,Yes,1,,,
mReasoner,68124,conditional,single-choice,61,All B are C/All A are B,Yes/No,Yes,Yes,1,,,
mReasoner,68124,conditional,single-choice,62,All B are C/No A are C,Yes/No,Yes,Yes,1,,,
mReasoner,68124,conditional,single-choice,63,All B are C/No A are B,Yes/No,Yes,Yes,1,,,
mReasoner,68124,conditional,single-choice,64,All B are C/All A are B,Yes/No,Yes,Yes,1,,,
mReasoner,68138,conditional,single-choice,1,All B are C/No A are B,Yes/No,Yes,Yes,1,,,
mReasoner,68138,conditional,single-choice,2,All B are C/No A are C,Yes/No,Yes,Yes,1,,,
mReasoner,68138,conditional,single-choice,3,All B are C/No A are B,Yes/No,Yes,Yes,1,,,
mReasoner,68138,conditional,single-choice,4,All B are C/No A are C,Yes/No,Yes,Yes,1,,,
mReasoner,68138,conditional,single-choice,5,All B are C/No A are B,Yes/No,No,Yes,0,,,
mReasoner,68138,conditional,single-choice,6,All B are C/All A are B,Yes/No,No,Yes,0,,,
mReasoner,68138,conditional,single-choice,7,All B are C/All A are C,Yes/No,No,Yes,0,,,
mReasoner,68138,conditional,single-choice,8,All B are C/All A are B,Yes/No,Yes,Yes,1,,,
mReasoner,68138,conditional,single-choice,9,All B are C/All A are B,Yes/No,No,Yes,0,,,
mReasoner,68138,conditional,single-choice,10,All B are C/No A are C,Yes/No,Yes,Yes,1,,,
mReasoner,68138,conditional,single-choice,11,All B are C/No A are C,Yes/No,No,Yes,0,,,
mReasoner,68138,conditional,single-choice,12,All B are C/All A are B,Yes/No,Yes,Yes,1,,,
mReasoner,68138,conditional,single-choice,13,All B are C/No A are B,Yes/No,No,Yes,0,,,
mReasoner,68138,conditional,single-choice,14,All B are C/All A are B,Yes/No,Yes,Yes,1,,,
mReasoner,68138,conditional,single-choice,15,All B are C/No A are B,Yes/No,No,Yes,0,,,
mReasoner,68138,conditional,single-choice,16,All B are C/All A are C,Yes/No,Yes,Yes,1,,,
mReasoner,68138,conditional,single-choice,17,All B are C/No A are B,Yes/No,No,Yes,0,,,
mReasoner,68138,conditional,single-choice,18,All B are C/All A are C,Yes/No,Yes,Yes,1,,,
mReasoner,68138,conditional,single-choice,19,All B are C/No A are B,Yes/No,No,Yes,0,,,
mReasoner,68138,conditional,single-choice,20,All B are C/All A are C,Yes/No,No,Yes,0,,,
mReasoner,68138,conditional,single-choice,21,All B are C/No A are C,Yes/No,Yes,Yes,1,,,
mReasoner,68138,conditional,single-choice,22,All B are C/All A are C,Yes/No,No,Yes,0,,,
mReasoner,68138,conditional,single-choice,23,All B are C/All A are B,Yes/No,No,Yes,0,,,
mReasoner,68138,conditional,single-choice,24,All B are C/No A are B,Yes/No,No,Yes,0,,,
mReasoner,68138,conditional,single-choice,25,All B are C/No A are C,Yes/No,No,Yes,0,,,
mReasoner,68138,conditional,single-choice,26,All B are C/All A are C,Yes/No,Yes,Yes,1,,,
mReasoner,68138,conditional,single-choice,27,All B are C/No A are C,Yes/No,Yes,Yes,1,,,
mReasoner,68138,conditional,single-choice,28,All B are C/No A are C,Yes/No,No,Yes,0,,,
mReasoner,68138,conditional,single-choice,29,All B are C/All A are C,Yes/No,Yes,Yes,1,,,
mReasoner,68138,conditional,single-choice,30,All B are C/No A are C,Yes/No,No,Yes,0,,,
mReasoner,68138,conditional,single-choice,31,All B are C/No A are B,Yes/No,Yes,Yes,1,,,
mReasoner,68138,conditional,single-choice,32,All B are C/No A are C,Yes/No,No,Yes,0,,,
mReasoner,68138,conditional,single-choice,33,All B are C/No A are B,Yes/No,Yes,Yes,1,,,
mReasoner,68138,conditional,single-choice,34,All B are C/No A are C,Yes/No,Yes,Yes,1,,,
mReasoner,68138,conditional,single-choice,35,All B are C/All A are B,Yes/No,Yes,Yes,1,,,
mReasoner,68138,conditional,single-choice,36,All B are C/All A are B,Yes/No,No,Yes,0,,,
mReasoner,68138,conditional,single-choice,37,All B are C/All A are C,Yes/No,Yes,Yes,1,,,
mReasoner,68138,conditional,single-choice,38,All B are C/All A are B,Yes/No,Yes,Yes,1,,,
mReasoner,68138,conditional,single-choice,39,All B are C/All A are B,Yes/No,Yes,Yes,1,,,
mReasoner,68138,conditional,single-choice,40,All B are C/No A are C,Yes/No,No,Yes,0,,,
mReasoner,68138,conditional,single-choice,41,All B are C/All A are B,Yes/No,Yes,Yes,1,,,
mReasoner,68138,conditional,single-choice,42,All B are C/No A are C,Yes/No,Yes,Yes,1,,,
mReasoner,68138,conditional,single-choice,43,All B are C/All A are B,Yes/No,Yes,Yes,1,,,
mReasoner,68138,conditional,single-choice,44,All B are C/All A are C,Yes/No,Yes,Yes,1,,,
mReasoner,68138,conditional,single-choice,45,All B are C/All A are C,Yes/No,Yes,Yes,1,,,
mReasoner,68138,conditional,single-choice,46,All B are C/No A are B,Yes/No,No,Yes,0,,,
mReasoner,68138,conditional,single-choice,47,All B are C/No A are B,Yes/No,No,Yes,0,,,
mReasoner,68138,conditional,single-choice,48,All B are C/All A are C,Yes/No,Yes,Yes,1,,,
mReasoner,68138,conditional,single-choice,49,All B are C/No A are B,Yes/No,Yes,Yes,1,,,
mReasoner,68138,conditional,single-choice,50,All B are C/All A are B,Yes/No,Yes,Yes,1,,,
mReasoner,68138,conditional,single-choice,51,All B are C/All A are C,Yes/No,Yes,Yes,1,,,
mReasoner,68138,conditional,single-choice,52,All B are C/All A are C,Yes/No,No,Yes,0,,,
mReasoner,68138,conditional,single-choice,53,All B are C/All A are B,Yes/No,Yes,Yes,1,,,
mReasoner,68138,conditional,single-choice,54,All B are C/All A are C,Yes/No,Yes,Yes,1,,,
mReasoner,68138,conditional,single-choice,55,All B are C/No A are C,Yes/No,Yes,Yes,1,,,
mReasoner,68138,conditional,single-choice,56,All B are C/All A are B,Yes/No,Yes,Yes,1,,,
mReasoner,68138,conditional,single-choice,57,All B are C/No A are B,Yes/No,No,Yes,0,,,
mReasoner,68138,conditional,single-choice,58,All B are C/No A are B,Yes/No,No,Yes,0,,,
mReasoner,68138,conditional,single-choice,59,All B are C/All A are C,Yes/No,Yes,Yes,1,,,
mReasoner,68138,conditional,single-choice,60,All B are C/No A are C,Yes/No,Yes,Yes,1,,,
mReasoner,68138,conditional,single-choice,61,All B are C/All A are C,Yes/No,Yes,Yes,1,,,
mReasoner,68138,conditional,single-choice,62,All B are C/No A are C,Yes/No,No,Yes,0,,,
mReasoner,68138,conditional,single-choice,63,All B are C/All A are B,Yes/No,Yes,Yes,1,,,
mReasoner,68138,conditional,single-choice,64,All B are C/No A are B,Yes/No,Yes,Yes,1,,,
mReasoner,68193,conditional,single-choice,1,All B are C/No A are C,Yes/No,Yes,Yes,1,,,
mReasoner,68193,conditional,single-choice,2,All B are C/No A are B,Yes/No,Yes,Yes,1,,,
mReasoner,68193,conditional,single-choice,3,All B are C/No A are B,Yes/No,No,Yes,0,,,
mReasoner,68193,conditional,single-choice,4,All B are C/All A are C,Yes/No,No,Yes,0,,,
mReasoner,68193,conditional,single-choice,5,All B are C/No A are B,Yes/No,Yes,Yes,1,,,
mReasoner,68193,conditional,single-choice,6,All B are C/All A are B,Yes/No,Yes,Yes,1,,,
mReasoner,68193,conditional,single-choice,7,All B are C/All A are B,Yes/No,Yes,Yes,1,,,
mReasoner,68193,conditional,single-choice,8,All B are C/No A are C,Yes/No,Yes,Yes,1,,,
mReasoner,68193,conditional,single-choice,9,All B are C/All A are B,Yes/No,Yes,Yes,1,,,
mReasoner,68193,conditional,single-choice,10,All B are C/No A are C,Yes/No,Yes,Yes,1,,,
mReasoner,68193,conditional,single-choice,11,All B are C/No A are C,Yes/No,No,Yes,0,,,
mReasoner,68193,conditional,single-choice,12,All B are C/No A are B,Yes/No,Yes,Yes,1,,,
mReasoner,68193,conditional,single-choice,13,All B are C/No A are C,Yes/No,Yes,Yes,1,,,
mReasoner,68193,conditional,single-choice,14,All B are C/All A are C,Yes/No,Yes,Yes,1,,,
mReasoner,68193,conditional,single-choice,15,All B are C/All A are B,Yes/No,Yes,Yes,1,,,
mReasoner,68193,conditional,single-choice,16,All B are C/All A are B,Yes/No,No,Yes,0,,,
mReasoner,68193,conditional,single-choice,17,All B are C/All A are B,Yes/No,Yes,Yes,1,,,
mReasoner,68193,conditional,single-choice,18,All B are C/No A are C,Yes/No,Yes,Yes,1,,,
mReasoner,68193,conditional,single-choice,19,All B are C/All A are C,Yes/No,No,Yes,0,,,
mReasoner,68193,conditional,single-choice,20,All B are C/All A are C,Yes/No,No,Yes,0,,,
mReasoner,68193,conditional,single-choice,21,All B are C/All A are C,Yes/No,Yes,Yes,1,,,
mReasoner,68193,conditional,single-choice,22,All B are C/No A are B,Yes/No,No,Yes,0,,,
mReasoner,68193,conditional,single-choice,23,All B are C/No A are C,Yes/No,No,Yes,0,,,
mReasoner,68193,conditional,single-choice,24,All B are C/All A are C,Yes/No,No,Yes,0,,,
mReasoner,68193,conditional,single-choice,25,All B are C/All A are B,Yes/No,Yes,Yes,1,,,
mReasoner,68193,conditional,single-choice,26,All B are C/No A are C,Yes/No,No,Yes,0,,,
mReasoner,68193,conditional,single-choice,27,All B are C/All A are C,Yes/No,No,Yes,0,,,
mReasoner,68193,conditional,single-choice,28,All B are C/All A are C,Yes/No,No,Yes,0,,,
mReasoner,68193,conditional,single-choice,29,All B are C/No A are B,Yes/No,No,Yes,0,,,
mReasoner,68193,conditional,single-choice,30,All B are C/No A are B,Yes/No,No,Yes,0,,,
mReasoner,68193,conditional,single-choice,31,All B are C/No A are C,Yes/No,No,Yes,0,,,
mReasoner,68193,conditional,single-choice,32,All B are C/All A are C,Yes/No,No,Yes,0,,,
mReasoner,68193,conditional,single-choice,33,All B are C/All A are B,Yes/No,Yes,Yes,1,,,
mReasoner,68193,conditional,single-choice,34,All B are C/All A are B,Yes/No,No,Yes,0,,,
mReasoner,68193,conditional,single-choice,35,All B are C/All A are C,Yes/No,Yes,Yes,1,,,
mReasoner,68193,conditional,single-choice,36,All B are C/All A are B,Yes/No,Yes,Yes,1,,,
mReasoner,68193,conditional,single-choice,37,All B are C/All A are C,Yes/No,Yes,Yes,1,,,
mReasoner,68193,conditional,single-choice,38,All B are C/No A are B,Yes/No,No,Yes,0,,,
mReasoner,68193,conditional,single-choice,39,All B are C/No A are C,Yes/No,No,Yes,0,,,
mReasoner,68193,conditional,single-choice,40,All B are C/All A are C,Yes/No,No,Yes,0,,,
mReasoner,68193,conditional,single-choice,41,All B are C/No A are B,Yes/No,No,Yes,0,,,
mReasoner,68193,conditional,single-choice,42,All B are C/All A are B,Yes/No,Yes,Yes,1,,,
mReasoner,68193,conditional,single-choice,43,All B are C/All A are C,Yes/No,No,Yes,0,,,
mReasoner,68193,conditional,single-choice,44,All B are C/All A are C,Yes/No,No,Yes,0,,,
mReasoner,68193,conditional,single-choice,45,All B are C/No A are C,Yes/No,Yes,Yes,1,,,
mReasoner,68193,conditional,single-choice,46,All B are C/No A are B,Yes/No,No,Yes,0,,,
mReasoner,68193,conditional,single-choice,47,All B are C/No A are C,Yes/No,No,Yes,0,,,
mReasoner,68193,conditional,single-choice,48,All B are C/All A are B,Yes/No,Yes,Yes,1,,,
mReasoner,68193,conditional,single-choice,49,All B are C/No A are B,Yes/No,No,Yes,0,,,
mReasoner,68193,conditional,single-choice,50,All B are C/All A are C,Yes/No,No,Yes,0,,,
mReasoner,68193,conditional,single-choice,51,All B are C/All A are B,Yes/No,Yes,Yes,1,,,
mReasoner,68193,conditional,single-choice,52,All B are C/No A are B,Yes/No,No,Yes,0,,,
mReasoner,68193,conditional,single-choice,53,All B are C/No A are C,Yes/No,No,Yes,0,,,
mReasoner,68193,conditional,single-choice,54,All B are C/No A are B,Yes/No,No,Yes,0,,,
mReasoner,68193,conditional,single-choice,55,All B are C/All A are C,Yes/No,No,Yes,0,,,
mReasoner,68193,conditional,single-choice,56,All B are C/All A are B,Yes/No,Yes,Yes,1,,,
mReasoner,68193,conditional,single-choice,57,All B are C/No A are B,Yes/No,No,Yes,0,,,
mReasoner,68193,conditional,single-choice,58,All B are C/All A are B,Yes/No,Yes,Yes,1,,,
mReasoner,68193,conditional,single-choice,59,All B are C/No A are C,Yes/No,Yes,Yes,1,,,
mReasoner,68193,conditional,single-choice,60,All B are C/No A are B,Yes/No,No,Yes,0,,,
mReasoner,68193,conditional,single-choice,61,All B are C/No A are C,Yes/No,Yes,Yes,1,,,
mReasoner,68193,conditional,single-choice,62,All B are C/No A are B,Yes/No,No,Yes,0,,,
mReasoner,68193,conditional,single-choice,63,All B are C/All A are B,Yes/No,Yes,Yes,1,,,
mReasoner,68193,conditional,single-choice,64,All B are C/No A are C,Yes/No,No,Yes,0,,,
mReasoner,68195,conditional,single-choice,1,All B are C/No A are C,Yes/No,Yes,Yes,1,,,
mReasoner,68195,conditional,single-choice,2,All B are C/No A are B,Yes/No,Yes,Yes,1,,,
mReasoner,68195,conditional,single-choice,3,All B are C/All A are C,Yes/No,No,Yes,0,,,
mReasoner,68195,conditional,single-choice,4,All B are C/No A are C,Yes/No,Yes,Yes,1,,,
mReasoner,68195,conditional,single-choice,5,All B are C/No A are B,Yes/No,Yes,Yes,1,,,
mReasoner,68195,conditional,single-choice,6,All B are C/All A are C,Yes/No,No,Yes,0,,,
mReasoner,68195,conditional,single-choice,7,All B are C/All A are B,Yes/No,Yes,Yes,1,,,
mReasoner,68195,conditional,single-choice,8,All B are C/No A are B,Yes/No,Yes,Yes,1,,,
mReasoner,68195,conditional,single-choice,9,All B are C/All A are B,Yes/No,No,Yes,0,,,
mReasoner,68195,conditional,single-choice,10,All B are C/All A are C,Yes/No,No,Yes,0,,,
mReasoner,68195,conditional,single-choice,11,All B are C/All A are B,Yes/No,Yes,Yes,1,,,
mReasoner,68195,conditional,single-choice,12,All B are C/No A are B,Yes/No,Yes,Yes,1,,,
mReasoner,68195,conditional,single-choice,13,All B are C/All A are B,Yes/No,No,Yes,0,,,
mReasoner,68195,conditional,single-choice,14,All B are C/No A are C,Yes/No,No,Yes,0,,,
mReasoner,68195,conditional,single-choice,15,All B are C/All A are C,Yes/No,No,Yes,0,,,
mReasoner,68195,conditional,single-choice,16,All B are C/No A are C,Yes/No,No,Yes,0,,,
mReasoner,68195,conditional,single-choice,17,All B are C/No A are B,Yes/No,No,Yes,0,,,
mReasoner,68195,conditional,single-choice,18,All B are C/No A are C,Yes/No,No,Yes,0,,,
mReasoner,68195,conditional,single-choice,19,All B are C/No A are C,Yes/No,No,Yes,0,,,
mReasoner,68195,conditional,single-choice,20,All B are C/No A are B,Yes/No,No,Yes,0,,,
mReasoner,68195,conditional,single-choice,21,All B are C/No A are C,Yes/No,No,Yes,0,,,
mReasoner,68195,conditional,single-choice,22,All B are C/All A are B,Yes/No,Yes,Yes,1,,,
mReasoner,68195,conditional,single-choice,23,All B are C/No A are B,Yes/No,Yes,Yes,1,,,
mReasoner,68195,conditional,single-choice,24,All B are C/No A are B,Yes/No,No,Yes,0,,,
mReasoner,68195,conditional,single-choice,25,All B are C/All A are C,Yes/No,No,Yes,0,,,
mReasoner,68195,conditional,single-choice,26,All B are C/No A are C,Yes/No,Yes,Yes,1,,,
mReasoner,68195,conditional,single-choice,27,All B are C/All A are B,Yes/No,No,Yes,0,,,
mReasoner,68195,conditional,single-choice,28,All B are C/No A are C,Yes/No,No,Yes,0,,,
mReasoner,68195,conditional,single-choice,29,All B are C/No A are C,Yes/No,Yes,Yes,1,,,
mReasoner,68195,conditional,single-choice,30,All B are C/All A are C,Yes/No,Yes,Yes,1,,,
mReasoner,68195,conditional,single-choice,31,All B are C/No A are B,Yes/No,No,Yes,0,,,
mReasoner,68195,conditional,single-choice,32,All B are C/All A are B,Yes/No,No,Yes,0,,,
mReasoner,68195,conditional,single-choice,33,All B are C/All A are C,Yes/No,No,Yes,0,,,
mReasoner,68195,conditional,single-choice,34,All B are C/No A are B,Yes/No,Yes,Yes,1,,,
mReasoner,68195,conditional,single-choice,35,All B are C/All A are B,Yes/No,No,Yes,0,,,
mReasoner,68195,conditional,single-choice,36,All B are C/All A are B,Yes/No,No,Yes,0,,,
mReasoner,68195,conditional,single-choice,37,All B are C/All A are B,Yes/No,Yes,Yes,1,,,
mReasoner,68195,conditional,single-choice,38,All B are C/No A are C,Yes/No,No,Yes,0,,,
mReasoner,68195,conditional,single-choice,39,All B are C/All A are B,Yes/No,Yes,Yes,1,,,
mReasoner,68195,conditional,single-choice,40,All B are C/No A are C,Yes/No,No,Yes,0,,,
mReasoner,68195,conditional,single-choice,41,All B are C/All A are C,Yes/No,Yes,Yes,1,,,
mReasoner,68195,conditional,single-choice,42,All B are C/All A are C,Yes/No,No,Yes,0,,,
mReasoner,68195,conditional,single-choice,43,All B are C/No A are C,Yes/No,No,Yes,0,,,
mReasoner,68195,conditional,single-choice,44,All B are C/All A are C,Yes/No,Yes,Yes,1,,,
mReasoner,68195,conditional,single-choice,45,All B are C/All A are C,Yes/No,No,Yes,0,,,
mReasoner,68195,conditional,single-choice,46,All B are C/No A are B,Yes/No,Yes,Yes,1,,,
mReasoner,68195,conditional,single-choice,47,All B are C/No A are B,Yes/No,Yes,Yes,1,,,
mReasoner,68195,conditional,single-choice,48,All B are C/No A are B,Yes/No,Yes,Yes,1,,,
mReasoner,68195,conditional,single-choice,49,All B are C/All A are B,Yes/No,No,Yes,0,,,
mReasoner,68195,conditional,single-choice,50,All B are C/All A are C,Yes/No,No,Yes,0,,,
mReasoner,68195,conditional,single-choice,51,All B are C/All A are C,Yes/No,Yes,Yes,1,,,
mReasoner,68195,conditional,single-choice,52,All B are C/All A are C,Yes/No,No,Yes,0,,,
mReasoner,68195,conditional,single-choice,53,All B are C/All A are B,Yes/No,Yes,Yes,1,,,
mReasoner,68195,conditional,single-choice,54,All B are C/All A are C,Yes/No,Yes,Yes,1,,,
mReasoner,68195,conditional,single-choice,55,All B are C/All A are B,Yes/No,Yes,Yes,1,,,
mReasoner,68195,conditional,single-choice,56,All B are C/All A are B,Yes/No,Yes,Yes,1,,,
mReasoner,68195,conditional,single-choice,57,All B are C/All A are C,Yes/No,No,Yes,0,,,
mReasoner,68195,conditional,single-choice,58,All B are C/No A are C,Yes/No,Yes,Yes,1,,,
mReasoner,68195,conditional,single-choice,59,All B are C/No A are B,Yes/No,Yes,Yes,1,,,
mReasoner,68195,conditional,single-choice,60,All B are C/No A are B,Yes/No,No,Yes,0,,,
mReasoner,68195,conditional,single-choice,61,All B are C/No A are C,Yes/No,Yes,Yes,1,,,
mReasoner,68195,conditional,single-choice,62,All B are C/No A are C,Yes/No,Yes,Yes,1,,,
mReasoner,68195,conditional,single-choice,63,All B are C/All A are B,Yes/No,No,Yes,0,,,
mReasoner,68195,conditional,single-choice,64,All B are C/No A are B,Yes/No,Yes,Yes,1,,,
mReasoner,68200,conditional,single-choice,1,All B are C/All A are B,Yes/No,Yes,Yes,1,,,
mReasoner,68200,conditional,single-choice,2,All B are C/All A are C,Yes/No,Yes,Yes,1,,,
mReasoner,68200,conditional,single-choice,3,All B are C/No A are B,Yes/No,No,Yes,0,,,
mReasoner,68200,conditional,single-choice,4,All B are C/All A are B,Yes/No,No,Yes,0,,,
mReasoner,68200,conditional,single-choice,5,All B are C/No A are C,Yes/No,Yes,Yes,1,,,
mReasoner,68200,conditional,single-choice,6,All B are C/All A are B,Yes/No,No,Yes,0,,,
mReasoner,68200,conditional,single-choice,7,All B are C/All A are B,Yes/No,Yes,Yes,1,,,
mReasoner,68200,conditional,single-choice,8,All B are C/No A are C,Yes/No,Yes,Yes,1,,,
mReasoner,68200,conditional,single-choice,9,All B are C/No A are B,Yes/No,No,Yes,0,,,
mReasoner,68200,conditional,single-choice,10,All B are C/No A are B,Yes/No,No,Yes,0,,,
mReasoner,68200,conditional,single-choice,11,All B are C/All A are C,Yes/No,Yes,Yes,1,,,
mReasoner,68200,conditional,single-choice,12,All B are C/All A are B,Yes/No,Yes,Yes,1,,,
mReasoner,68200,conditional,single-choice,13,All B are C/No A are B,Yes/No,No,Yes,0,,,
mReasoner,68200,conditional,single-choice,14,All B are C/All A are C,Yes/No,Yes,Yes,1,,,
mReasoner,68200,conditional,single-choice,15,All B are C/No A are C,Yes/No,No,Yes,0,,,
mReasoner,68200,conditional,single-choice,16,All B are C/No A are C,Yes/No,Yes,Yes,1,,,
mReasoner,68200,conditional,single-choice,17,All B are C/All A are B,Yes/No,No,Yes,0,,,
mReasoner,68200,conditional,single-choice,18,All B are C/All A are C,Yes/No,Yes,Yes,1,,,
mReasoner,68200,conditional,single-choice,19,All B are C/All A are C,Yes/No,No,Yes,0,,,
mReasoner,68200,conditional,single-choice,20,All B are C/All A are C,Yes/No,No,Yes,0,,,
mReasoner,68200,conditional,single-choice,21,All B are C/No A are B,Yes/No,No,Yes,0,,,
mReasoner,68200,conditional,single-choice,22,All B are C/No A are C,Yes/No,Yes,Yes,1,,,
mReasoner,68200,conditional,single-choice,23,All B are C/All A are B,Yes/No,Yes,Yes,1,,,
mReasoner,68200,conditional,single-choice,24,All B are C/No A are C,Yes/No,No,Yes,0,,,
mReasoner,68200,conditional,single-choice,25,All B are C/All A are C,Yes/No,No,Yes,0,,,
mReasoner,68200,conditional,single-choice,26,All B are C/No A are B,Yes/No,Yes,Yes,1,,,
mReasoner,68200,conditional,single-choice,27,All B are C/All A are B,Yes/No,No,Yes,0,,,
mReasoner,68200,conditional,single-choice,28,All B are C/All A are B,Yes/No,Yes,Yes,1,,,
mReasoner,68200,conditional,single-choice,29,All B are C/All A are C,Yes/No,Yes,Yes,1,,,
mReasoner,68200,conditional,single-choice,30,All B are C/All A are C,Yes/No,Yes,Yes,1,,,
mReasoner,68200,conditional,single-choice,31,All B are C/All A are C,Yes/No,No,Yes,0,,,
mReasoner,68200,conditional,single-choice,32,All B are C/No A are C,Yes/No,Yes,Yes,1,,,
mReasoner,68200,conditional,single-choice,33,All B are C/All A are C,Yes/No,No,Yes,0,,,
mReasoner,68200,conditional,single-choice,34,All B are C/All A are C,Yes/No,No,Yes,0,,,
mReasoner,68200,conditional,single-choice,35,All B are C/No A are C,Yes/No,Yes,Yes,1,,,
mReasoner,68200,conditional,single-choice,36,All B are C/No A are B,Yes/No,No,Yes,0,,,
mReasoner,68200,conditional,single-choice,37,All B are C/No A are B,Yes/No,No,Yes,0,,,
mReasoner,68200,conditional,single-choice,38,All B are C/No A are C,Yes/No,No,Yes,0,,,
mReasoner,68200,conditional,single-choice,39,All B are C/All A are C,Yes/No,Yes,Yes,1,,,
mReasoner,68200,conditional,single-choice,40,All B are C/All A are C,Yes/No,Yes,Yes,1,,,
mReasoner,68200,conditional,single-choice,41,All B are C/No A are C,Yes/No,No,Yes,0,,,
mReasoner,68200,conditional,single-choice,42,All B are C/No A are B,Yes/No,No,Yes,0,,,
mReasoner,68200,conditional,single-choice,43,All B are C/All A are B,Yes/No,No,Yes,0,,,
mReasoner,68200,conditional,single-choice,44,All B are C/No A are C,Yes/No,No,Yes,0,,,
mReasoner,68200,conditional,single-choice,45,All B are C/No A are B,Yes/No,Yes,Yes,1,,,
mReasoner,68200,conditional,single-choice,46,All B are C/All A are C,Yes/No,No,Yes,0,,,
mReasoner,68200,conditional,single-choice,47,All B are C/No A are C,Yes/No,No,Yes,0,,,
mReasoner,68200,conditional,single-choice,48,All B are C/No A are B,Yes/No,Yes,Yes,1,,,
mReasoner,68200,conditional,single-choice,49,All B are C/No A are B,Yes/No,Yes,Yes,1,,,
mReasoner,68200,conditional,single-choice,50,All B are C/All A are B,Yes/No,No,Yes,0,,,
mReasoner,68200,conditional,single-choice,51,All B are C/All A are C,Yes/No,Yes,Yes,1,,,
mReasoner,68200,conditional,single-choice,52,All B are C/All A are B,Yes/No,Yes,Yes,1,,,
mReasoner,68200,conditional,single-choice,53,All B are C/No A are B,Yes/No,Yes,Yes,1,,,
mReasoner,68200,conditional,single-choice,54,All B are C/No A are C,Yes/No,No,Yes,0,,,
mReasoner,68200,conditional,single-choice,55,All B are C/No A are C,Yes/No,No,Yes,0,,,
mReasoner,68200,conditional,single-choice,56,All B are C/No A are C,Yes/No,No,Yes,0,,,
mReasoner,68200,conditional,single-choice,57,All B are C/No A are C,Yes/No,Yes,Yes,1,,,
mReasoner,68200,conditional,single-choice,58,All B are C/No A are B,Yes/No,No,Yes,0,,,
mReasoner,68200,conditional,single-choice,59,All B are C/All A are B,Yes/No,No,Yes,0,,,
mReasoner,68200,conditional,single-choice,60,All B are C/All A are B,Yes/No,Yes,Yes,1,,,
mReasoner,68200,conditional,single-choice,61,All B are C/All A are B,Yes/No,Yes,Yes,1,,,
mReasoner,68200,conditional,single-choice,62,All B are C/All A are B,Yes/No,No,Yes,0,,,
mReasoner,68200,conditional,single-choice,63,All B are C/No A are B,Yes/No,No,Yes,0,,,
mReasoner,68200,conditional,single-choice,64,All B are C/No A are B,Yes/No,Yes,Yes,1,,,
mReasoner,68255,conditional,single-choice,1,All B are C/No A are C,Yes/No,No,Yes,0,,,
mReasoner,68255,conditional,single-choice,2,All B are C/No A are B,Yes/No,Yes,Yes,1,,,
mReasoner,68255,conditional,single-choice,3,All B are C/No A are B,Yes/No,No,Yes,0,,,
mReasoner,68255,conditional,single-choice,4,All B are C/All A are C,Yes/No,No,Yes,0,,,
mReasoner,68255,conditional,single-choice,5,All B are C/No A are C,Yes/No,Yes,Yes,1,,,
mReasoner,68255,conditional,single-choice,6,All B are C/All A are B,Yes/No,Yes,Yes,1,,,
mReasoner,68255,conditional,single-choice,7,All B are C/No A are C,Yes/No,Yes,Yes,1,,,
mReasoner,68255,conditional,single-choice,8,All B are C/All A are C,Yes/No,No,Yes,0,,,
mReasoner,68255,conditional,single-choice,9,All B are C/No A are B,Yes/No,Yes,Yes,1,,,
mReasoner,68255,conditional,single-choice,10,All B are C/All A are C,Yes/No,Yes,Yes,1,,,
mReasoner,68255,conditional,single-choice,11,All B are C/All A are C,Yes/No,Yes,Yes,1,,,
mReasoner,68255,conditional,single-choice,12,All B are C/All A are B,Yes/No,No,Yes,0,,,
mReasoner,68255,conditional,single-choice,13,All B are C/No A are B,Yes/No,No,Yes,0,,,
mReasoner,68255,conditional,single-choice,14,All B are C/No A are C,Yes/No,No,Yes,0,,,
mReasoner,68255,conditional,single-choice,15,All B are C/All A are B,Yes/No,No,Yes,0,,,
mReasoner,68255,conditional,single-choice,16,All B are C/All A are B,Yes/No,Yes,Yes,1,,,
mReasoner,68255,conditional,single-choice,17,All B are C/All A are B,Yes/No,No,Yes,0,,,
mReasoner,68255,conditional,single-choice,18,All B are C/All A are B,Yes/No,Yes,Yes,1,,,
mReasoner,68255,conditional,single-choice,19,All B are C/All A are B,Yes/No,Yes,Yes,1,,,
mReasoner,68255,conditional,single-choice,20,All B are C/No A are C,Yes/No,Yes,Yes,1,,,
mReasoner,68255,conditional,single-choice,21,All B are C/No A are C,Yes/No,No,Yes,0,,,
mReasoner,68255,conditional,single-choice,22,All B are C/No A are B,Yes/No,Yes,Yes,1,,,
mReasoner,68255,conditional,single-choice,23,All B are C/All A are C,Yes/No,No,Yes,0,,,
mReasoner,68255,conditional,single-choice,24,All B are C/No A are B,Yes/No,No,Yes,0,,,
mReasoner,68255,conditional,single-choice,25,All B are C/No A are B,Yes/No,Yes,Yes,1,,,
mReasoner,68255,conditional,single-choice,26,All B are C/All A are B,Yes/No,Yes,Yes,1,,,
mReasoner,68255,conditional,single-choice,27,All B are C/No A are B,Yes/No,No,Yes,0,,,
mReasoner,68255,conditional,single-choice,28,All B are C/All A are B,Yes/No,No,Yes,0,,,
mReasoner,68255,conditional,single-choice,29,All B are C/All A are C,Yes/No,Yes,Yes,1,,,
mReasoner,68255,conditional,single-choice,30,All B are C/All A are B,Yes/No,Yes,Yes,1,,,
mReasoner,68255,conditional,single-choice,31,All B are C/No A are C,Yes/No,Yes,Yes,1,,,
mReasoner,68255,conditional,single-choice,32,All B are C/No A are B,Yes/No,No,Yes,0,,,
mReasoner,68255,conditional,single-choice,33,All B are C/No A are B,Yes/No,Yes,Yes,1,,,
mReasoner,68255,conditional,single-choice,34,All B are C/No A are B,Yes/No,Yes,Yes,1,,,
mReasoner,68255,conditional,single-choice,35,All B are C/All A are C,Yes/No,Yes,Yes,1,,,
mReasoner,68255,conditional,single-choice,36,All B are C/All A are B,Yes/No,Yes,Yes,1,,,
mReasoner,68255,conditional,single-choice,37,All B are C/All A are B,Yes/No,Yes,Yes,1,,,
mReasoner,68255,conditional,single-choice,38,All B are C/No A are C,Yes/No,Yes,Yes,1,,,
mReasoner,68255,conditional,single-choice,39,All B are C/All A are C,Yes/No,Yes,Yes,1,,,
mReasoner,68255,conditional,single-choice,40,All B are C/All A are C,Yes/No,Yes,Yes,1,,,
mReasoner,68255,conditional,single-choice,41,All B are C/No A are B,Yes/No,Yes,Yes,1,,,
mReasoner,68255,conditional,single-choice,42,All B are C/All A are B,Yes/No,No,Yes,0,,,
mReasoner,68255,conditional,single-choice,43,All B are C/All A are C,Yes/No,No,Yes,0,,,
mReasoner,68255,conditional,single-choice,44,All B are C/All A are C,Yes/No,No,Yes,0,,,
mReasoner,68255,conditional,single-choice,45,All B are C/No A are B,Yes/No,Yes,Yes,1,,,
mReasoner,68255,conditional,single-choice,46,All B are C/No A are C,Yes/No,Yes,Yes,1,,,
mReasoner,68255,conditional,single-choice,47,All B are C/All A are B,Yes/No,No,Yes,0,,,
mReasoner,68255,conditional,single-choice,48,All B are C/No A are B,Yes/No,No,Yes,0,,,
mReasoner,68255,conditional,single-choice,49,All B are C/All A are B,Yes/No,Yes,Yes,1,,,
mReasoner,68255,conditional,single-choice,50,All B are C/No A are C,Yes/No,Yes,Yes,1,,,
mReasoner,68255,conditional,single-choice,51,All B are C/No A are C,Yes/No,No,Yes,0,,,
mReasoner,68255,conditional,single-choice,52,All B are C/All A are B,Yes/No,Yes,Yes,1,,,
mReasoner,68255,conditional,single-choice,53,All B are C/All A are C,Yes/No,Yes,Yes,1,,,
mReasoner,68255,conditional,single-choice,54,All B are C/No A are B,Yes/No,No,Yes,0,,,
mReasoner,68255,conditional,single-choice,55,All B are C/No A are C,Yes/No,Yes,Yes,1,,,
mReasoner,68255,conditional,single-choice,56,All B are C/All A are C,Yes/No,Yes,Yes,1,,,
mReasoner,68255,conditional,single-choice,57,All B are C/All A are C,Yes/No,No,Yes,0,,,
mReasoner,68255,conditional,single-choice,58,All B are C/No A are C,Yes/No,No,Yes,0,,,
mReasoner,68255,conditional,single-choice,59,All B are C/No A are B,Yes/No,Yes,Yes,1,,,
mReasoner,68255,conditional,single-choice,60,All B are C/No A are C,Yes/No,Yes,Yes,1,,,
mReasoner,68255,conditional,single-choice,61,All B are C/No A are C,Yes/No,Yes,Yes,1,,,
mReasoner,68255,conditional,single-choice,62,All B are C/All A are C,Yes/No,No,Yes,0,,,
mReasoner,68255,conditional,single-choice,63,All B are C/All A are C,Yes/No,Yes,Yes,1,,,
mReasoner,68255,conditional,single-choice,64,All B are C/No A are C,Yes/No,Yes,Yes,1,,,
mReasoner,68293,conditional,single-choice,1,All B are C/All A are C,Yes/No,Yes,Yes,1,,,
mReasoner,68293,conditional,single-choice,2,All B are C/No A are B,Yes/No,Yes,Yes,1,,,
mReasoner,68293,conditional,single-choice,3,All B are C/All A are C,Yes/No,Yes,Yes,1,,,
mReasoner,68293,conditional,single-choice,4,All B are C/No A are C,Yes/No,Yes,Yes,1,,,
mReasoner,68293,conditional,single-choice,5,All B are C/No A are B,Yes/No,Yes,Yes,1,,,
mReasoner,68293,conditional,single-choice,6,All B are C/All A are B,Yes/No,Yes,Yes,1,,,
mReasoner,68293,conditional,single-choice,7,All B are C/No A are B,Yes/No,Yes,Yes,1,,,
mReasoner,68293,conditional,single-choice,8,All B are C/No A are C,Yes/No,Yes,Yes,1,,,
mReasoner,68293,conditional,single-choice,9,All B are C/All A are B,Yes/No,No,Yes,0,,,
mReasoner,68293,conditional,single-choice,10,All B are C/All A are B,Yes/No,No,Yes,0,,,
mReasoner,68293,conditional,single-choice,11,All B are C/No A are B,Yes/No,No,Yes,0,,,
mReasoner,68293,conditional,single-choice,12,All B are C/All A are B,Yes/No,Yes,Yes,1,,,
mReasoner,68293,conditional,single-choice,13,All B are C/No A are B,Yes/No,Yes,Yes,1,,,
mReasoner,68293,conditional,single-choice,14,All B are C/No A are C,Yes/No,Yes,Yes,1,,,
mReasoner,68293,conditional,single-choice,15,All B are C/No A are C,Yes/No,No,Yes,0,,,
mReasoner,68293,conditional,single-choice,16,All B are C/All A are B,Yes/No,Yes,Yes,1,,,
mReasoner,68293,conditional,single-choice,17,All B are C/No A are B,Yes/No,No,Yes,0,,,
mReasoner,68293,conditional,single-choice,18,All B are C/No A are B,Yes/No,No,Yes,0,,,
mReasoner,68293,conditional,single-choice,19,All B are C/No A are C,Yes/No,Yes,Yes,1,,,
mReasoner,68293,conditional,single-choice,20,All B are C/All A are B,Yes/No,No,Yes,0,,,
mReasoner,68293,conditional,single-choice,21,All B are C/All A are C,Yes/No,No,Yes,0,,,
mReasoner,68293,conditional,single-choice,22,All B are C/All A are B,Yes/No,No,Yes,0,,,
mReasoner,68293,conditional,single-choice,23,All B are C/No A are C,Yes/No,Yes,Yes,1,,,
mReasoner,68293,conditional,single-choice,24,All B are C/No A are B,Yes/No,No,Yes,0,,,
mReasoner,68293,conditional,single-choice,25,All B are C/No A are C,Yes/No,Yes,Yes,1,,,
mReasoner,68293,conditional,single-choice,26,All B are C/No A are C,Yes/No,Yes,Yes,1,,,
mReasoner,68293,conditional,single-choice,27,All B are C/All A are B,Yes/No,Yes,Yes,1,,,
mReasoner,68293,conditional,single-choice,28,All B are C/No A are C,Yes/No,No,Yes,0,,,
mReasoner,68293,conditional,single-choice,29,All B are C/No A are C,Yes/No,No,Yes,0,,,
mReasoner,68293,conditional,single-choice,30,All B are C/All A are B,Yes/No,Yes,Yes,1,,,
mReasoner,68293,conditional,single-choice,31,All B are C/All A are B,Yes/No,Yes,Yes,1,,,
mReasoner,68293,conditional,single-choice,32,All B are C/All A are C,Yes/No,Yes,Yes,1,,,
mReasoner,68293,conditional,single-choice,33,All B are C/All A are C,Yes/No,Yes,Yes,1,,,
mReasoner,68293,conditional,single-choice,34,All B are C/No A are B,Yes/No,No,Yes,0,,,
mReasoner,68293,conditional,single-choice,35,All B are C/No A are C,Yes/No,Yes,Yes,1,,,
mReasoner,68293,conditional,single-choice,36,All B are C/All A are C,Yes/No,Yes,Yes,1,,,
mReasoner,68293,conditional,single-choice,37,All B are C/No A are B,Yes/No,No,Yes,0,,,
mReasoner,68293,conditional,single-choice,38,All B are C/All A are C,Yes/No,Yes,Yes,1,,,
mReasoner,68293,conditional,single-choice,39,All B are C/All A are C,Yes/No,Yes,Yes,1,,,
mReasoner,68293,conditional,single-choice,40,All B are C/All A are B,Yes/No,Yes,Yes,1,,,
mReasoner,68293,conditional,single-choice,41,All B are C/All A are B,Yes/No,No,Yes,0,,,
mReasoner,68293,conditional,single-choice,42,All B are C/All A are C,Yes/No,No,Yes,0,,,
mReasoner,68293,conditional,single-choice,43,All B are C/All A are C,Yes/No,No,Yes,0,,,
mReasoner,68293,conditional,single-choice,44,All B are C/No A are C,Yes/No,Yes,Yes,1,,,
mReasoner,68293,conditional,single-choice,45,All B are C/No A are B,Yes/No,No,Yes,0,,,
mReasoner,68293,conditional,single-choice,46,All B are C/All A are B,Yes/No,No,Yes,0,,,
mReasoner,68293,conditional,single-choice,47,All B are C/All A are C,Yes/No,No,Yes,0,,,
mReasoner,68293,conditional,single-choice,48,All B are C/All A are C,Yes/No,No,Yes,0,,,
mReasoner,68293,conditional,single-choice,49,All B are C/All A are C,Yes/No,Yes,Yes,1,,,
mReasoner,68293,conditional,single-choice,50,All B are C/No A are B,Yes/No,No,Yes,0,,,
mReasoner,68293,conditional,single-choice,51,All B are C/All A are C,Yes/No,No,Yes,0,,,
mReasoner,68293,conditional,single-choice,52,All B are C/All A are B,Yes/No,Yes,Yes,1,,,
mReasoner,68293,conditional,single-choice,53,All B are C/All A are B,Yes/No,Yes,Yes,1,,,
mReasoner,68293,conditional,single-choice,54,All B are C/All A are C,Yes/No,No,Yes,0,,,
mReasoner,68293,conditional,single-choice,55,All B are C/No A are C,Yes/No,No,Yes,0,,,
mReasoner,68293,conditional,single-choice,56,All B are C/No A are B,Yes/No,Yes,Yes,1,,,
mReasoner,68293,conditional,single-choice,57,All B are C/All A are B,Yes/No,Yes,Yes,1,,,
mReasoner,68293,conditional,single-choice,58,All B are C/No A are C,Yes/No,Yes,Yes,1,,,
mReasoner,68293,conditional,single-choice,59,All B are C/No A are C,Yes/No,No,Yes,0,,,
mReasoner,68293,conditional,single-choice,60,All B are C/All A are C,Yes/No,No,Yes,0,,,
mReasoner,68293,conditional,single-choice,61,All B are C/No A are C,Yes/No,Yes,Yes,1,,,
mReasoner,68293,conditional,single-choice,62,All B are C/No A are B,Yes/No,Yes,Yes,1,,,
mReasoner,68293,conditional,single-choice,63,All B are C/No A are B,Yes/No,Yes,Yes,1,,,
mReasoner,68293,conditional,single-choice,64,All B are C/No A are B,Yes/No,Yes,Yes,1,,,
mReasoner,68411,conditional,single-choice,1,All B are C/No A are B,Yes/No,No,Yes,0,,,
mReasoner,68411,conditional,single-choice,2,All B are C/All A are B,Yes/No,Yes,Yes,1,,,
mReasoner,68411,conditional,single-choice,3,All B are C/All A are C,Yes/No,No,Yes,0,,,
mReasoner,68411,conditional,single-choice,4,All B are C/All A are C,Yes/No,No,Yes,0,,,
mReasoner,68411,conditional,single-choice,5,All B are C/All A are C,Yes/No,No,Yes,0,,,
mReasoner,68411,conditional,single-choice,6,All B are C/No A are B,Yes/No,No,Yes,0,,,
mReasoner,68411,conditional,single-choice,7,All B are C/No A are C,Yes/No,Yes,Yes,1,,,
mReasoner,68411,conditional,single-choice,8,All B are C/All A are B,Yes/No,Yes,Yes,1,,,
mReasoner,68411,conditional,single-choice,9,All B are C/All A are C,Yes/No,No,Yes,0,,,
mReasoner,68411,conditional,single-choice,10,All B are C/No A are C,Yes/No,Yes,Yes,1,,,
mReasoner,68411,conditional,single-choice,11,All B are C/No A are B,Yes/No,No,Yes,0,,,
mReasoner,68411,conditional,single-choice,12,All B are C/No A are B,Yes/No,No,Yes,0,,,
mReasoner,68411,conditional,single-choice,13,All B are C/No A are B,Yes/No,Yes,Yes,1,,,
mReasoner,68411,conditional,single-choice,14,All B are C/All A are C,Yes/No,No,Yes,0,,,
mReasoner,68411,conditional,single-choice,15,All B are C/All A are B,Yes/No,Yes,Yes,1,,,
mReasoner,68411,conditional,single-choice,16,All B are C/No A are C,Yes/No,No,Yes,0,,,
mReasoner,68411,conditional,single-choice,17,All B are C/All A are B,Yes/No,Yes,Yes,1,,,
mReasoner,68411,conditional,single-choice,18,All B are C/All A are C,Yes/No,No,Yes,0,,,
mReasoner,68411,conditional,single-choice,19,All B are C/All A are C,Yes/No,No,Yes,0,,,
mReasoner,68411,conditional,single-choice,20,All B are C/All A are C,Yes/No,No,Yes,0,,,
mReasoner,68411,conditional,single-choice,21,All B are C/All A are B,Yes/No,No,Yes,0,,,
mReasoner,68411,conditional,single-choice,22,All B are C/No A are C,Yes/No,Yes,Yes,1,,,
mReasoner,68411,conditional,single-choice,23,All B are C/No A are B,Yes/No,No,Yes,0,,,
mReasoner,68411,conditional,single-choice,24,All B are C/All A are C,Yes/No,No,Yes,0,,,
mReasoner,68411,conditional,single-choice,25,All B are C/All A are B,Yes/No,Yes,Yes,1,,,
mReasoner,68411,conditional,single-choice,26,All B are C/No A are C,Yes/No,Yes,Yes,1,,,
mReasoner,68411,conditional,single-choice,27,All B are C/No A are C,Yes/No,Yes,Yes,1,,,
mReasoner,68411,conditional,single-choice,28,All B are C/No A are B,Yes/No,No,Yes,0,,,
mReasoner,68411,conditional,single-choice,29,All B are C/No A are C,Yes/No,Yes,Yes,1,,,
mReasoner,68411,conditional,single-choice,30,All B are C/No A are C,Yes/No,Yes,Yes,1,,,
mReasoner,68411,conditional,single-choice,31,All B are C/No A are C,Yes/No,Yes,Yes,1,,,
mReasoner,68411,conditional,single-choice,32,All B are C/No A are B,Yes/No,No,Yes,0,,,
mReasoner,68411,conditional,single-choice,33,All B are C/No A are C,Yes/No,No,Yes,0,,,
mReasoner,68411,conditional,single-choice,34,All B are C/All A are C,Yes/No,No,Yes,0,,,
mReasoner,68411,conditional,single-choice,35,All B are C/All A are B,Yes/No,Yes,Yes,1,,,
mReasoner,68411,conditional,single-choice,36,All B are C/All A are C,Yes/No,No,Yes,0,,,
mReasoner,68411,conditional,single-choice,37,All B are C/All A are B,Yes/No,Yes,Yes,1,,,
mReasoner,68411,conditional,single-choice,38,All B are C/All A are C,Yes/No,No,Yes,0,,,
mReasoner,68411,conditional,single-choice,39,All B are C/All A are C,Yes/No,No,Yes,0,,,
mReasoner,68411,conditional,single-choice,40,All B are C/All A are C,Yes/No,No,Yes,0,,,
mReasoner,68411,conditional,single-choice,41,All B are C/All A are B,Yes/No,Yes,Yes,1,,,
mReasoner,68411,conditional,single-choice,42,All B are C/All A are C,Yes/No,No,Yes,0,,,
mReasoner,68411,conditional,single-choice,43,All B are C/No A are B,Yes/No,No,Yes,0,,,
mReasoner,68411,conditional,single-choice,44,All B are C/All A are B,Yes/No,Yes,Yes,1,,,
mReasoner,68411,conditional,single-choice,45,All B are C/No A are B,Yes/No,No,Yes,0,,,
mReasoner,68411,conditional,single-choice,46,All B are C/No A are B,Yes/No,Yes,Yes,1,,,
mReasoner,68411,conditional,single-choice,47,All B are C/All A are B,Yes/No,Yes,Yes,1,,,
mReasoner,68411,conditional,single-choice,48,All B are C/All A are B,Yes/No,Yes,Yes,1,,,
mReasoner,68411,conditional,single-choice,49,All B are C/No A are B,Yes/No,No,Yes,0,,,
mReasoner,68411,conditional,single-choice,50,All B are C/No A are B,Yes/No,No,Yes,0,,,
mReasoner,68411,conditional,single-choice,51,All B are C/No A are B,Yes/No,No,Yes,0,,,
mReasoner,68411,conditional,single-choice,52,All B are C/All A are B,Yes/No,Yes,Yes,1,,,
mReasoner,68411,conditional,single-choice,53,All B are C/No A are C,Yes/No,Yes,Yes,1,,,
mReasoner,68411,conditional,single-choice,54,All B are C/No A are C,Yes/No,Yes,Yes,1,,,
mReasoner,68411,conditional,single-choice,55,All B are C/No A are B,Yes/No,No,Yes,0,,,
mReasoner,68411,conditional,single-choice,56,All B are C/All A are B,Yes/No,Yes,Yes,1,,,
mReasoner,68411,conditional,single-choice,57,All B are C/No A are B,Yes/No,No,Yes,0,,,
mReasoner,68411,conditional,single-choice,58,All B are C/No A are C,Yes/No,Yes,Yes,1,,,
mReasoner,68411,conditional,single-choice,59,All B are C/No A are C,Yes/No,Yes,Yes,1,,,
mReasoner,68411,conditional,single-choice,60,All B are C/All A are B,Yes/No,Yes,Yes,1,,,
mReasoner,68411,conditional,single-choice,61,All B are C/No A are C,Yes/No,Yes,Yes,1,,,
mReasoner,68411,conditional,single-choice,62,All B are C/All A are B,Yes/No,Yes,Yes,1,,,
mReasoner,68411,conditional,single-choice,63,All B are C/All A are C,Yes/No,No,Yes,0,,,
mReasoner,68411,conditional,single-choice,64,All B are C/No A are C,Yes/No,Yes,Yes,1,,,
mReasoner,68425,conditional,single-choice,1,All B are C/No A are B,Yes/No,No,Yes,0,,,
mReasoner,68425,conditional,single-choice,2,All B are C/No A are C,Yes/No,No,Yes,0,,,
mReasoner,68425,conditional,single-choice,3,All B are C/No A are B,Yes/No,No,Yes,0,,,
mReasoner,68425,conditional,single-choice,4,All B are C/No A are B,Yes/No,No,Yes,0,,,
mReasoner,68425,conditional,single-choice,5,All B are C/No A are C,Yes/No,No,Yes,0,,,
mReasoner,68425,conditional,single-choice,6,All B are C/No A are B,Yes/No,No,Yes,0,,,
mReasoner,68425,conditional,single-choice,7,All B are C/All A are C,Yes/No,No,Yes,0,,,
mReasoner,68425,conditional,single-choice,8,All B are C/No A are B,Yes/No,No,Yes,0,,,
mReasoner,68425,conditional,single-choice,9,All B are C/All A are B,Yes/No,No,Yes,0,,,
mReasoner,68425,conditional,single-choice,10,All B are C/All A are B,Yes/No,No,Yes,0,,,
mReasoner,68425,conditional,single-choice,11,All B are C/All A are C,Yes/No,No,Yes,0,,,
mReasoner,68425,conditional,single-choice,12,All B are C/All A are B,Yes/No,No,Yes,0,,,
mReasoner,68425,conditional,single-choice,13,All B are C/All A are C,Yes/No,No,Yes,0,,,
mReasoner,68425,conditional,single-choice,14,All B are C/All A are C,Yes/No,No,Yes,0,,,
mReasoner,68425,conditional,single-choice,15,All B are C/No A are B,Yes/No,No,Yes,0,,,
mReasoner,68425,conditional,single-choice,16,All B are C/No A are C,Yes/No,No,Yes,0,,,
mReasoner,68425,conditional,single-choice,17,All B are C/All A are B,Yes/No,No,Yes,0,,,
mReasoner,68425,conditional,single-choice,18,All B are C/No A are B,Yes/No,No,Yes,0,,,
mReasoner,68425,conditional,single-choice,19,All B are C/No A are C,Yes/No,No,Yes,0,,,
mReasoner,68425,conditional,single-choice,20,All B are C/All A are C,Yes/No,No,Yes,0,,,
mReasoner,68425,conditional,single-choice,21,All B are C/No A are B,Yes/No,No,Yes,0,,,
mReasoner,68425,conditional,single-choice,22,All B are C/All A are C,Yes/No,No,Yes,0,,,
mReasoner,68425,conditional,single-choice,23,All B are C/All A are B,Yes/No,No,Yes,0,,,
mReasoner,68425,conditional,single-choice,24,All B are C/All A are B,Yes/No,No,Yes,0,,,
mReasoner,68425,conditional,single-choice,25,All B are C/All A are B,Yes/No,No,Yes,0,,,
mReasoner,68425,conditional,single-choice,26,All B are C/No A are B,Yes/No,No,Yes,0,,,
mReasoner,68425,conditional,single-choice,27,All B are C/All A are B,Yes/No,No,Yes,0,,,
mReasoner,68425,conditional,single-choice,28,All B are C/All A are B,Yes/No,No,Yes,0,,,
mReasoner,68425,conditional,single-choice,29,All B are C/No A are C,Yes/No,No,Yes,0,,,
mReasoner,68425,conditional,single-choice,30,All B are C/No A are C,Yes/No,No,Yes,0,,,
mReasoner,68425,conditional,single-choice,31,All B are C/No A are B,Yes/No,No,Yes,0,,,
mReasoner,68425,conditional,single-choice,32,All B are C/All A are C,Yes/No,No,Yes,0,,,
mReasoner,68425,conditional,single-choice,33,All B are C/No A are C,Yes/No,No,Yes,0,,,
mReasoner,68425,conditional,single-choice,34,All B are C/All A are B,Yes/No,No,Yes,0,,,
mReasoner,68425,conditional,single-choice,35,All B are C/No A are C,Yes/No,No,Yes,0,,,
mReasoner,68425,conditional,single-choice,36,All B are C/All A are B,Yes/No,No,Yes,0,,,
mReasoner,68425,conditional,single-choice,37,All B are C/No A are C,Yes/No,No,Yes,0,,,
mReasoner,68425,conditional,single-choice,38,All B are C/All A are C,Yes/No,No,Yes,0,,,
mReasoner,68425,conditional,single-choice,39,All B are C/All A are B,Yes/No,No,Yes,0,,,
mReasoner,68425,conditional,single-choice,40,All B are C/No A are C,Yes/No,No,Yes,0,,,
mReasoner,68425,conditional,single-choice,41,All B are C/No A are B,Yes/No,No,Yes,0,,,
mReasoner,68425,conditional,single-choice,42,All B are C/No A are B,Yes/No,No,Yes,0,,,
mReasoner,68425,conditional,single-choice,43,All B are C/No A are C,Yes/No,No,Yes,0,,,
mReasoner,68425,conditional,single-choice,44,All B are C/No A are B,Yes/No,No,Yes,0,,,
mReasoner,68425,conditional,single-choice,45,All B are C/No A are B,Yes/No,No,Yes,0,,,
mReasoner,68425,conditional,single-choice,46,All B are C/All A are C,Yes/No,No,Yes,0,,,
mReasoner,68425,conditional,single-choice,47,All B are C/No A are B,Yes/No,No,Yes,0,,,
mReasoner,68425,conditional,single-choice,48,All B are C/All A are B,Yes/No,No,Yes,0,,,
mReasoner,68425,conditional,single-choice,49,All B are C/No A are C,Yes/No,No,Yes,0,,,
mReasoner,68425,conditional,single-choice,50,All B are C/All A are C,Yes/No,No,Yes,0,,,
mReasoner,68425,conditional,single-choice,51,All B are C/All A are C,Yes/No,No,Yes,0,,,
mReasoner,68425,conditional,single-choice,52,All B are C/All A are B,Yes/No,No,Yes,0,,,
mReasoner,68425,conditional,single-choice,53,All B are C/No A are B,Yes/No,No,Yes,0,,,
mReasoner,68425,conditional,single-choice,54,All B are C/All A are C,Yes/No,No,Yes,0,,,
mReasoner,68425,conditional,single-choice,55,All B are C/All A are C,Yes/No,No,Yes,0,,,
mReasoner,68425,conditional,single-choice,56,All B are C/All A are B,Yes/No,No,Yes,0,,,
mReasoner,68425,conditional,single-choice,57,All B are C/All A are C,Yes/No,No,Yes,0,,,
mReasoner,68425,conditional,single-choice,58,All B are C/No A are C,Yes/No,No,Yes,0,,,
mReasoner,68425,conditional,single-choice,59,All B are C/All A are C,Yes/No,No,Yes,0,,,
mReasoner,68425,conditional,single-choice,60,All B are C/All A are B,Yes/No,No,Yes,0,,,
mReasoner,68425,conditional,single-choice,61,All B are C/No A are C,Yes/No,No,Yes,0,,,
mReasoner,68425,conditional,single-choice,62,All B are C/No A are C,Yes/No,No,Yes,0,,,
mReasoner,68425,conditional,single-choice,63,All B are C/No A are C,Yes/No,No,Yes,0,,,
mReasoner,68425,conditional,single-choice,64,All B are C/All A are C,Yes/No,No,Yes,0,,,
mReasoner,68426,conditional,single-choice,1,All B are C/No A are C,Yes/No,Yes,Yes,1,,,
mReasoner,68426,conditional,single-choice,2,All B are C/No A are B,Yes/No,No,Yes,0,,,
mReasoner,68426,conditional,single-choice,3,All B are C/All A are B,Yes/No,No,Yes,0,,,
mReasoner,68426,conditional,single-choice,4,All B are C/No A are C,Yes/No,No,Yes,0,,,
mReasoner,68426,conditional,single-choice,5,All B are C/All A are B,Yes/No,Yes,Yes,1,,,
mReasoner,68426,conditional,single-choice,6,All B are C/No A are B,Yes/No,No,Yes,0,,,
mReasoner,68426,conditional,single-choice,7,All B are C/All A are B,Yes/No,No,Yes,0,,,
mReasoner,68426,conditional,single-choice,8,All B are C/All A are B,Yes/No,No,Yes,0,,,
mReasoner,68426,conditional,single-choice,9,All B are C/No A are C,Yes/No,No,Yes,0,,,
mReasoner,68426,conditional,single-choice,10,All B are C/No A are B,Yes/No,Yes,Yes,1,,,
mReasoner,68426,conditional,single-choice,11,All B are C/No A are B,Yes/No,Yes,Yes,1,,,
mReasoner,68426,conditional,single-choice,12,All B are C/All A are C,Yes/No,No,Yes,0,,,
mReasoner,68426,conditional,single-choice,13,All B are C/All A are C,Yes/No,Yes,Yes,1,,,
mReasoner,68426,conditional,single-choice,14,All B are C/All A are B,Yes/No,No,Yes,0,,,
mReasoner,68426,conditional,single-choice,15,All B are C/No A are C,Yes/No,No,Yes,0,,,
mReasoner,68426,conditional,single-choice,16,All B are C/All A are C,Yes/No,No,Yes,0,,,
mReasoner,68426,conditional,single-choice,17,All B are C/All A are B,Yes/No,No,Yes,0,,,
mReasoner,68426,conditional,single-choice,18,All B are C/No A are C,Yes/No,Yes,Yes,1,,,
mReasoner,68426,conditional,single-choice,19,All B are C/All A are C,Yes/No,No,Yes,0,,,
mReasoner,68426,conditional,single-choice,20,All B are C/No A are B,Yes/No,No,Yes,0,,,
mReasoner,68426,conditional,single-choice,21,All B are C/All A are B,Yes/No,Yes,Yes,1,,,
mReasoner,68426,conditional,single-choice,22,All B are C/No A are C,Yes/No,Yes,Yes,1,,,
mReasoner,68426,conditional,single-choice,23,All B are C/No A are C,Yes/No,No,Yes,0,,,
mReasoner,68426,conditional,single-choice,24,All B are C/No A are B,Yes/No,No,Yes,0,,,
mReasoner,68426,conditional,single-choice,25,All B are C/No A are B,Yes/No,Yes,Yes,1,,,
mReasoner,68426,conditional,single-choice,26,All B are C/All A are C,Yes/No,No,Yes,0,,,
mReasoner,68426,conditional,single-choice,27,All B are C/All A are B,Yes/No,Yes,Yes,1,,,
mReasoner,68426,conditional,single-choice,28,All B are C/All A are B,Yes/No,Yes,Yes,1,,,
mReasoner,68426,conditional,single-choice,29,All B are C/All A are B,Yes/No,No,Yes,0,,,
mReasoner,68426,conditional,single-choice,30,All B are C/All A are C,Yes/No,Yes,Yes,1,,,
mReasoner,68426,conditional,single-choice,31,All B are C/No A are B,Yes/No,Yes,Yes,1,,,
mReasoner,68426,conditional,single-choice,32,All B are C/All A are C,Yes/No,Yes,Yes,1,,,
mReasoner,68426,conditional,single-choice,33,All B are C/No A are C,Yes/No,No,Yes,0,,,
mReasoner,68426,conditional,single-choice,34,All B are C/All A are C,Yes/No,Yes,Yes,1,,,
mReasoner,68426,conditional,single-choice,35,All B are C/No A are C,Yes/No,Yes,Yes,1,,,
mReasoner,68426,conditional,single-choice,36,All B are C/No A are B,Yes/No,No,Yes,0,,,
mReasoner,68426,conditional,single-choice,37,All B are C/All A are C,Yes/No,Yes,Yes,1,,,
mReasoner,68426,conditional,single-choice,38,All B are C/All A are C,Yes/No,No,Yes,0,,,
mReasoner,68426,conditional,single-choice,39,All B are C/No A are B,Yes/No,No,Yes,0,,,
mReasoner,68426,conditional,single-choice,40,All B are C/No A are C,Yes/No,Yes,Yes,1,,,
mReasoner,68426,conditional,single-choice,41,All B are C/All A are C,Yes/No,No,Yes,0,,,
mReasoner,68426,conditional,single-choice,42,All B are C/No A are C,Yes/No,No,Yes,0,,,
mReasoner,68426,conditional,single-choice,43,All B are C/No A are C,Yes/No,No,Yes,0,,,
mReasoner,68426,conditional,single-choice,44,All B are C/No A are B,Yes/No,No,Yes,0,,,
mReasoner,68426,conditional,single-choice,45,All B are C/No A are C,Yes/No,Yes,Yes,1,,,
mReasoner,68426,conditional,single-choice,46,All B are C/All A are B,Yes/No,Yes,Yes,1,,,
mReasoner,68426,conditional,single-choice,47,All B are C/No A are C,Yes/No,No,Yes,0,,,
mReasoner,68426,conditional,single-choice,48,All B are C/No A are B,Yes/No,No,Yes,0,,,
mReasoner,68426,conditional,single-choice,49,All B are C/All A are C,Yes/No,Yes,Yes,1,,,
mReasoner,68426,conditional,single-choice,50,All B are C/All A are B,Yes/No,Yes,Yes,1,,,
mReasoner,68426,conditional,single-choice,51,All B are C/No A are B,Yes/No,Yes,Yes,1,,,
mReasoner,68426,conditional,single-choice,52,All B are C/No A are B,Yes/No,Yes,Yes,1,,,
mReasoner,68426,conditional,single-choice,53,All B are C/No A are C,Yes/No,No,Yes,0,,,
mReasoner,68426,conditional,single-choice,54,All B are C/No A are C,Yes/No,Yes,Yes,1,,,
mReasoner,68426,conditional,single-choice,55,All B are C/No A are B,Yes/No,Yes,Yes,1,,,
mReasoner,68426,conditional,single-choice,56,All B are C/All A are B,Yes/No,Yes,Yes,1,,,
mReasoner,68426,conditional,single-choice,57,All B are C/All A are B,Yes/No,Yes,Yes,1,,,
mReasoner,68426,conditional,single-choice,58,All B are C/All A are C,Yes/No,Yes,Yes,1,,,
mReasoner,68426,conditional,single-choice,59,All B are C/All A are B,Yes/No,Yes,Yes,1,,,
mReasoner,68426,conditional,single-choice,60,All B are C/All A are C,Yes/No,No,Yes,0,,,
mReasoner,68426,conditional,single-choice,61,All B are C/All A are B,Yes/No,No,Yes,0,,,
mReasoner,68426,conditional,single-choice,62,All B are C/No A are B,Yes/No,Yes,Yes,1,,,
mReasoner,68426,conditional,single-choice,63,All B are C/All A are C,Yes/No,Yes,Yes,1,,,
mReasoner,68426,conditional,single-choice,64,All B are C/All A are C,Yes/No,No,Yes,0,,,
mReasoner,68542,conditional,single-choice,1,All B are C/No A are C,Yes/No,Yes,Yes,1,,,
mReasoner,68542,conditional,single-choice,2,All B are C/No A are B,Yes/No,No,Yes,0,,,
mReasoner,68542,conditional,single-choice,3,All B are C/No A are C,Yes/No,Yes,Yes,1,,,
mReasoner,68542,conditional,single-choice,4,All B are C/All A are B,Yes/No,Yes,Yes,1,,,
mReasoner,68542,conditional,single-choice,5,All B are C/No A are C,Yes/No,Yes,Yes,1,,,
mReasoner,68542,conditional,single-choice,6,All B are C/No A are B,Yes/No,Yes,Yes,1,,,
mReasoner,68542,conditional,single-choice,7,All B are C/All A are B,Yes/No,Yes,Yes,1,,,
mReasoner,68542,conditional,single-choice,8,All B are C/All A are B,Yes/No,Yes,Yes,1,,,
mReasoner,68542,conditional,single-choice,9,All B are C/All A are C,Yes/No,No,Yes,0,,,
mReasoner,68542,conditional,single-choice,10,All B are C/No A are C,Yes/No,No,Yes,0,,,
mReasoner,68542,conditional,single-choice,11,All B are C/No A are C,Yes/No,Yes,Yes,1,,,
mReasoner,68542,conditional,single-choice,12,All B are C/All A are B,Yes/No,Yes,Yes,1,,,
mReasoner,68542,conditional,single-choice,13,All B are C/All A are C,Yes/No,Yes,Yes,1,,,
mReasoner,68542,conditional,single-choice,14,All B are C/No A are B,Yes/No,No,Yes,0,,,
mReasoner,68542,conditional,single-choice,15,All B are C/No A are B,Yes/No,Yes,Yes,1,,,
mReasoner,68542,conditional,single-choice,16,All B are C/All A are C,Yes/No,No,Yes,0,,,
mReasoner,68542,conditional,single-choice,17,All B are C/All A are B,Yes/No,Yes,Yes,1,,,
mReasoner,68542,conditional,single-choice,18,All B are C/No A are C,Yes/No,Yes,Yes,1,,,
mReasoner,68542,conditional,single-choice,19,All B are C/All A are C,Yes/No,No,Yes,0,,,
mReasoner,68542,conditional,single-choice,20,All B are C/All A are B,Yes/No,Yes,Yes,1,,,
mReasoner,68542,conditional,single-choice,21,All B are C/All A are C,Yes/No,No,Yes,0,,,
mReasoner,68542,conditional,single-choice,22,All B are C/No A are B,Yes/No,No,Yes,0,,,
mReasoner,68542,conditional,single-choice,23,All B are C/All A are C,Yes/No,No,Yes,0,,,
mReasoner,68542,conditional,single-choice,24,All B are C/No A are C,Yes/No,No,Yes,0,,,
mReasoner,68542,conditional,single-choice,25,All B are C/All A are B,Yes/No,Yes,Yes,1,,,
mReasoner,68542,conditional,single-choice,26,All B are C/All A are B,Yes/No,Yes,Yes,1,,,
mReasoner,68542,conditional,single-choice,27,All B are C/All A are C,Yes/No,No,Yes,0,,,
mReasoner,68542,conditional,single-choice,28,All B are C/No A are C,Yes/No,No,Yes,0,,,
mReasoner,68542,conditional,single-choice,29,All B are C/No A are C,Yes/No,Yes,Yes,1,,,
mReasoner,68542,conditional,single-choice,30,All B are C/All A are C,Yes/No,No,Yes,0,,,
mReasoner,68542,conditional,single-choice,31,All B are C/No A are C,Yes/No,No,Yes,0,,,
mReasoner,68542,conditional,single-choice,32,All B are C/All A are B,Yes/No,Yes,Yes,1,,,
mReasoner,68542,conditional,single-choice,33,All B are C/No A are C,Yes/No,No,Yes,0,,,
mReasoner,68542,conditional,single-choice,34,All B are C/No A are B,Yes/No,Yes,Yes,1,,,
mReasoner,68542,conditional,single-choice,35,All B are C/All A are C,Yes/No,No,Yes,0,,,
mReasoner,68542,conditional,single-choice,36,All B are C/All A are B,Yes/No,Yes,Yes,1,,,
mReasoner,68542,conditional,single-choice,37,All B are C/All A are C,Yes/No,No,Yes,0,,,
mReasoner,68542,conditional,single-choice,38,All B are C/No A are B,Yes/No,Yes,Yes,1,,,
mReasoner,68542,conditional,single-choice,39,All B are C/No A are B,Yes/No,No,Yes,0,,,
mReasoner,68542,conditional,single-choice,40,All B are C/All A are C,Yes/No,No,Yes,0,,,
mReasoner,68542,conditional,single-choice,41,All B are C/No A are B,Yes/No,No,Yes,0,,,
mReasoner,68542,conditional,single-choice,42,All B are C/No A are B,Yes/No,Yes,Yes,1,,,
mReasoner,68542,conditional,single-choice,43,All B are C/No A are C,Yes/No,No,Yes,0,,,
mReasoner,68542,conditional,single-choice,44,All B are C/All A are C,Yes/No,Yes,Yes,1,,,
mReasoner,68542,conditional,single-choice,45,All B are C/All A are B,Yes/No,Yes,Yes,1,,,
mReasoner,68542,conditional,single-choice,46,All B are C/No A are B,Yes/No,No,Yes,0,,,
mReasoner,68542,conditional,single-choice,47,All B are C/No A are B,Yes/No,No,Yes,0,,,
mReasoner,68542,conditional,single-choice,48,All B are C/No A are B,Yes/No,No,Yes,0,,,
mReasoner,68542,conditional,single-choice,49,All B are C/All A are B,Yes/No,Yes,Yes,1,,,
mReasoner,68542,conditional,single-choice,50,All B are C/All A are B,Yes/No,Yes,Yes,1,,,
mReasoner,68542,conditional,single-choice,51,All B are C/All A are C,Yes/No,No,Yes,0,,,
mReasoner,68542,conditional,single-choice,52,All B are C/All A are C,Yes/No,No,Yes,0,,,
mReasoner,68542,conditional,single-choice,53,All B are C/No A are C,Yes/No,Yes,Yes,1,,,
mReasoner,68542,conditional,single-choice,54,All B are C/All A are C,Yes/No,No,Yes,0,,,
mReasoner,68542,conditional,single-choice,55,All B are C/No A are C,Yes/No,Yes,Yes,1,,,
mReasoner,68542,conditional,single-choice,56,All B are C/No A are B,Yes/No,Yes,Yes,1,,,
mReasoner,68542,conditional,single-choice,57,All B are C/No A are C,Yes/No,Yes,Yes,1,,,
mReasoner,68542,conditional,single-choice,58,All B are C/All A are B,Yes/No,Yes,Yes,1,,,
mReasoner,68542,conditional,single-choice,59,All B are C/No A are B,Yes/No,No,Yes,0,,,
mReasoner,68542,conditional,single-choice,60,All B are C/All A are B,Yes/No,Yes,Yes,1,,,
mReasoner,68542,conditional,single-choice,61,All B are C/No A are C,Yes/No,Yes,Yes,1,,,
mReasoner,68542,conditional,single-choice,62,All B are C/All A are B,Yes/No,Yes,Yes,1,,,
mReasoner,68542,conditional,single-choice,63,All B are C/All A are C,Yes/No,Yes,Yes,1,,,
mReasoner,68542,conditional,single-choice,64,All B are C/No A are B,Yes/No,Yes,Yes,1,,,
mReasoner,68549,conditional,single-choice,1,All B are C/No A are C,Yes/No,Yes,Yes,1,,,
mReasoner,68549,conditional,single-choice,2,All B are C/No A are C,Yes/No,Yes,Yes,1,,,
mReasoner,68549,conditional,single-choice,3,All B are C/No A are B,Yes/No,Yes,Yes,1,,,
mReasoner,68549,conditional,single-choice,4,All B are C/All A are C,Yes/No,Yes,Yes,1,,,
mReasoner,68549,conditional,single-choice,5,All B are C/No A are C,Yes/No,Yes,Yes,1,,,
mReasoner,68549,conditional,single-choice,6,All B are C/All A are C,Yes/No,Yes,Yes,1,,,
mReasoner,68549,conditional,single-choice,7,All B are C/No A are C,Yes/No,Yes,Yes,1,,,
mReasoner,68549,conditional,single-choice,8,All B are C/No A are B,Yes/No,Yes,Yes,1,,,
mReasoner,68549,conditional,single-choice,9,All B are C/All A are C,Yes/No,Yes,Yes,1,,,
mReasoner,68549,conditional,single-choice,10,All B are C/All A are C,Yes/No,No,Yes,0,,,
mReasoner,68549,conditional,single-choice,11,All B are C/All A are C,Yes/No,No,Yes,0,,,
mReasoner,68549,conditional,single-choice,12,All B are C/No A are C,Yes/No,Yes,Yes,1,,,
mReasoner,68549,conditional,single-choice,13,All B are C/All A are C,Yes/No,Yes,Yes,1,,,
mReasoner,68549,conditional,single-choice,14,All B are C/All A are B,Yes/No,Yes,Yes,1,,,
mReasoner,68549,conditional,single-choice,15,All B are C/No A are C,Yes/No,Yes,Yes,1,,,
mReasoner,68549,conditional,single-choice,16,All B are C/No A are B,Yes/No,No,Yes,0,,,
mReasoner,68549,conditional,single-choice,17,All B are C/No A are C,Yes/No,Yes,Yes,1,,,
mReasoner,68549,conditional,single-choice,18,All B are C/All A are B,Yes/No,Yes,Yes,1,,,
mReasoner,68549,conditional,single-choice,19,All B are C/No A are B,Yes/No,No,Yes,0,,,
mReasoner,68549,conditional,single-choice,20,All B are C/All A are C,Yes/No,No,Yes,0,,,
mReasoner,68549,conditional,single-choice,21,All B are C/All A are C,Yes/No,No,Yes,0,,,
mReasoner,68549,conditional,single-choice,22,All B are C/No A are B,Yes/No,No,Yes,0,,,
mReasoner,68549,conditional,single-choice,23,All B are C/No A are C,Yes/No,Yes,Yes,1,,,
mReasoner,68549,conditional,single-choice,24,All B are C/No A are B,Yes/No,No,Yes,0,,,
mReasoner,68549,conditional,single-choice,25,All B are C/No A are B,Yes/No,No,Yes,0,,,
mReasoner,68549,conditional,single-choice,26,All B are C/All A are C,Yes/No,No,Yes,0,,,
mReasoner,68549,conditional,single-choice,27,All B are C/All A are B,Yes/No,Yes,Yes,1,,,
mReasoner,68549,conditional,single-choice,28,All B are C/All A are B,Yes/No,Yes,Yes,1,,,
mReasoner,68549,conditional,single-choice,29,All B are C/All A are B,Yes/No,Yes,Yes,1,,,
mReasoner,68549,conditional,single-choice,30,All B are C/All A are B,Yes/No,Yes,Yes,1,,,
mReasoner,68549,conditional,single-choice,31,All B are C/All A are B,Yes/No,Yes,Yes,1,,,
mReasoner,68549,conditional,single-choice,32,All B are C/No A are B,Yes/No,No,Yes,0,,,
mReasoner,68549,conditional,single-choice,33,All B are C/All A are B,Yes/No,Yes,Yes,1,,,
mReasoner,68549,conditional,single-choice,34,All B are C/All A are C,Yes/No,Yes,Yes,1,,,
mReasoner,68549,conditional,single-choice,35,All B are C/No A are C,Yes/No,Yes,Yes,1,,,
mReasoner,68549,conditional,single-choice,36,All B are C/No A are B,Yes/No,No,Yes,0,,,
mReasoner,68549,conditional,single-choice,37,All B are C/No A are C,Yes/No,Yes,Yes,1,,,
mReasoner,68549,conditional,single-choice,38,All B are C/No A are C,Yes/No,Yes,Yes,1,,,
mReasoner,68549,conditional,single-choice,39,All B are C/No A are B,Yes/No,Yes,Yes,1,,,
mReasoner,68549,conditional,single-choice,40,All B are C/All A are C,Yes/No,Yes,Yes,1,,,
mReasoner,68549,conditional,single-choice,41,All B are C/No A are B,Yes/No,No,Yes,0,,,
mReasoner,68549,conditional,single-choice,42,All B are C/All A are B,Yes/No,Yes,Yes,1,,,
mReasoner,68549,conditional,single-choice,43,All B are C/All A are B,Yes/No,Yes,Yes,1,,,
mReasoner,68549,conditional,single-choice,44,All B are C/No A are C,Yes/No,No,Yes,0,,,
mReasoner,68549,conditional,single-choice,45,All B are C/No A are B,Yes/No,No,Yes,0,,,
mReasoner,68549,conditional,single-choice,46,All B are C/All A are B,Yes/No,Yes,Yes,1,,,
mReasoner,68549,conditional,single-choice,47,All B are C/No A are C,Yes/No,Yes,Yes,1,,,
mReasoner,68549,conditional,single-choice,48,All B are C/No A are B,Yes/No,No,Yes,0,,,
mReasoner,68549,conditional,single-choice,49,All B are C/No A are C,Yes/No,Yes,Yes,1,,,
mReasoner,68549,conditional,single-choice,50,All B are C/All A are C,Yes/No,No,Yes,0,,,
mReasoner,68549,conditional,single-choice,51,All B are C/All A are C,Yes/No,No,Yes,0,,,
mReasoner,68549,conditional,single-choice,52,All B are C/No A are C,Yes/No,No,Yes,0,,,
mReasoner,68549,conditional,single-choice,53,All B are C/All A are B,Yes/No,Yes,Yes,1,,,
mReasoner,68549,conditional,single-choice,54,All B are C/All A are B,Yes/No,Yes,Yes,1,,,
mReasoner,68549,conditional,single-choice,55,All B are C/No A are B,Yes/No,Yes,Yes,1,,,
mReasoner,68549,conditional,single-choice,56,All B are C/All A are B,Yes/No,Yes,Yes,1,,,
mReasoner,68549,conditional,single-choice,57,All B are C/All A are B,Yes/No,Yes,Yes,1,,,
mReasoner,68549,conditional,single-choice,58,All B are C/No A are B,Yes/No,No,Yes,0,,,
mReasoner,68549,conditional,single-choice,59,All B are C/No A are B,Yes/No,No,Yes,0,,,
mReasoner,68549,conditional,single-choice,60,All B are C/All A are C,Yes/No,No,Yes,0,,,
mReasoner,68549,conditional,single-choice,61,All B are C/All A are C,Yes/No,No,Yes,0,,,
mReasoner,68549,conditional,single-choice,62,All B are C/All A are B,Yes/No,Yes,Yes,1,,,
mReasoner,68549,conditional,single-choice,63,All B are C/All A are C,Yes/No,No,Yes,0,,,
mReasoner,68549,conditional,single-choice,64,All B are C/No A are C,Yes/No,Yes,Yes,1,,,
mReasoner,68786,conditional,single-choice,1,All B are C/All A are B,Yes/No,Yes,Yes,1,,,
mReasoner,68786,conditional,single-choice,2,All B are C/No A are B,Yes/No,No,Yes,0,,,
mReasoner,68786,conditional,single-choice,3,All B are C/All A are C,Yes/No,Yes,Yes,1,,,
mReasoner,68786,conditional,single-choice,4,All B are C/No A are B,Yes/No,No,Yes,0,,,
mReasoner,68786,conditional,single-choice,5,All B are C/No A are B,Yes/No,No,Yes,0,,,
mReasoner,68786,conditional,single-choice,6,All B are C/All A are B,Yes/No,Yes,Yes,1,,,
mReasoner,68786,conditional,single-choice,7,All B are C/No A are C,Yes/No,Yes,Yes,1,,,
mReasoner,68786,conditional,single-choice,8,All B are C/No A are C,Yes/No,Yes,Yes,1,,,
mReasoner,68786,conditional,single-choice,9,All B are C/No A are C,Yes/No,Yes,Yes,1,,,
mReasoner,68786,conditional,single-choice,10,All B are C/All A are B,Yes/No,Yes,Yes,1,,,
mReasoner,68786,conditional,single-choice,11,All B are C/All A are C,Yes/No,Yes,Yes,1,,,
mReasoner,68786,conditional,single-choice,12,All B are C/All A are C,Yes/No,Yes,Yes,1,,,
mReasoner,68786,conditional,single-choice,13,All B are C/No A are B,Yes/No,No,Yes,0,,,
mReasoner,68786,conditional,single-choice,14,All B are C/No A are B,Yes/No,No,Yes,0,,,
mReasoner,68786,conditional,single-choice,15,All B are C/No A are B,Yes/No,No,Yes,0,,,
mReasoner,68786,conditional,single-choice,16,All B are C/No A are B,Yes/No,No,Yes,0,,,
mReasoner,68786,conditional,single-choice,17,All B are C/No A are C,Yes/No,Yes,Yes,1,,,
mReasoner,68786,conditional,single-choice,18,All B are C/No A are C,Yes/No,No,Yes,0,,,
mReasoner,68786,conditional,single-choice,19,All B are C/All A are C,Yes/No,No,Yes,0,,,
mReasoner,68786,conditional,single-choice,20,All B are C/No A are C,Yes/No,No,Yes,0,,,
mReasoner,68786,conditional,single-choice,21,All B are C/No A are B,Yes/No,No,Yes,0,,,
mReasoner,68786,conditional,single-choice,22,All B are C/No A are C,Yes/No,Yes,Yes,1,,,
mReasoner,68786,conditional,single-choice,23,All B are C/No A are C,Yes/No,No,Yes,0,,,
mReasoner,68786,conditional,single-choice,24,All B are C/All A are C,Yes/No,No,Yes,0,,,
mReasoner,68786,conditional,single-choice,25,All B are C/All A are B,Yes/No,Yes,Yes,1,,,
mReasoner,68786,conditional,single-choice,26,All B are C/All A are C,Yes/No,No,Yes,0,,,
mReasoner,68786,conditional,single-choice,27,All B are C/All A are C,Yes/No,No,Yes,0,,,
mReasoner,68786,conditional,single-choice,28,All B are C/No A are C,Yes/No,Yes,Yes,1,,,
mReasoner,68786,conditional,single-choice,29,All B are C/All A are C,Yes/No,Yes,Yes,1,,,
mReasoner,68786,conditional,single-choice,30,All B are C/No A are B,Yes/No,Yes,Yes,1,,,
mReasoner,68786,conditional,single-choice,31,All B are C/No A are B,Yes/No,No,Yes,0,,,
mReasoner,68786,conditional,single-choice,32,All B are C/No A are B,Yes/No,No,Yes,0,,,
mReasoner,68786,conditional,single-choice,33,All B are C/No A are B,Yes/No,No,Yes,0,,,
mReasoner,68786,conditional,single-choice,34,All B are C/All A are C,Yes/No,No,Yes,0,,,
mReasoner,68786,conditional,single-choice,35,All B are C/All A are B,Yes/No,Yes,Yes,1,,,
mReasoner,68786,conditional,single-choice,36,All B are C/All A are B,Yes/No,Yes,Yes,1,,,
mReasoner,68786,conditional,single-choice,37,All B are C/No A are C,Yes/No,No,Yes,0,,,
mReasoner,68786,conditional,single-choice,38,All B are C/All A are B,Yes/No,Yes,Yes,1,,,
mReasoner,68786,conditional,single-choice,39,All B are C/All A are C,Yes/No,No,Yes,0,,,
mReasoner,68786,conditional,single-choice,40,All B are C/All A are C,Yes/No,No,Yes,0,,,
mReasoner,68786,conditional,single-choice,41,All B are C/All A are B,Yes/No,Yes,Yes,1,,,
mReasoner,68786,conditional,single-choice,42,All B are C/No A are C,Yes/No,Yes,Yes,1,,,
mReasoner,68786,conditional,single-choice,43,All B are C/All A are C,Yes/No,No,Yes,0,,,
mReasoner,68786,conditional,single-choice,44,All B are C/No A are B,Yes/No,No,Yes,0,,,
mReasoner,68786,conditional,single-choice,45,All B are C/No A are C,Yes/No,No,Yes,0,,,
mReasoner,68786,conditional,single-choice,46,All B are C/No A are C,Yes/No,No,Yes,0,,,
mReasoner,68786,conditional,single-choice,47,All B are C/All A are B,Yes/No,Yes,Yes,1,,,
mReasoner,68786,conditional,single-choice,48,All B are C/All A are C,Yes/No,No,Yes,0,,,
mReasoner,68786,conditional,single-choice,49,All B are C/All A are B,Yes/No,No,Yes,0,,,
mReasoner,68786,conditional,single-choice,50,All B are C/All A are B,Yes/No,Yes,Yes,1,,,
mReasoner,68786,conditional,single-choice,51,All B are C/All A are C,Yes/No,No,Yes,0,,,
mReasoner,68786,conditional,single-choice,52,All B are C/All A are B,Yes/No,Yes,Yes,1,,,
mReasoner,68786,conditional,single-choice,53,All B are C/No A are B,Yes/No,No,Yes,0,,,
mReasoner,68786,conditional,single-choice,54,All B are C/All A are C,Yes/No,Yes,Yes,1,,,
mReasoner,68786,conditional,single-choice,55,All B are C/No A are C,Yes/No,No,Yes,0,,,
mReasoner,68786,conditional,single-choice,56,All B are C/All A are B,Yes/No,Yes,Yes,1,,,
mReasoner,68786,conditional,single-choice,57,All B are C/All A are B,Yes/No,No,Yes,0,,,
mReasoner,68786,conditional,single-choice,58,All B are C/All A are B,Yes/No,Yes,Yes,1,,,
mReasoner,68786,conditional,single-choice,59,All B are C/All A are B,Yes/No,Yes,Yes,1,,,
mReasoner,68786,conditional,single-choice,60,All B are C/No A are B,Yes/No,No,Yes,0,,,
mReasoner,68786,conditional,single-choice,61,All B are C/No A are C,Yes/No,Yes,Yes,1,,,
mReasoner,68786,conditional,single-choice,62,All B are C/All A are C,Yes/No,No,Yes,0,,,
mReasoner,68786,conditional,single-choice,63,All B are C/No A are B,Yes/No,No,Yes,0,,,
mReasoner,68786,conditional,single-choice,64,All B are C/No A are C,Yes/No,Yes,Yes,1,,,
mReasoner,68800,conditional,single-choice,1,All B are C/No A are C,Yes/No,Yes,Yes,1,,,
mReasoner,68800,conditional,single-choice,2,All B are C/No A are B,Yes/No,Yes,Yes,1,,,
mReasoner,68800,conditional,single-choice,3,All B are C/All A are C,Yes/No,Yes,Yes,1,,,
mReasoner,68800,conditional,single-choice,4,All B are C/No A are B,Yes/No,No,Yes,0,,,
mReasoner,68800,conditional,single-choice,5,All B are C/All A are C,Yes/No,Yes,Yes,1,,,
mReasoner,68800,conditional,single-choice,6,All B are C/All A are B,Yes/No,Yes,Yes,1,,,
mReasoner,68800,conditional,single-choice,7,All B are C/All A are B,Yes/No,Yes,Yes,1,,,
mReasoner,68800,conditional,single-choice,8,All B are C/No A are B,Yes/No,Yes,Yes,1,,,
mReasoner,68800,conditional,single-choice,9,All B are C/All A are B,Yes/No,Yes,Yes,1,,,
mReasoner,68800,conditional,single-choice,10,All B are C/No A are C,Yes/No,Yes,Yes,1,,,
mReasoner,68800,conditional,single-choice,11,All B are C/All A are C,Yes/No,Yes,Yes,1,,,
mReasoner,68800,conditional,single-choice,12,All B are C/All A are C,Yes/No,Yes,Yes,1,,,
mReasoner,68800,conditional,single-choice,13,All B are C/No A are C,Yes/No,Yes,Yes,1,,,
mReasoner,68800,conditional,single-choice,14,All B are C/All A are B,Yes/No,Yes,Yes,1,,,
mReasoner,68800,conditional,single-choice,15,All B are C/All A are C,Yes/No,Yes,Yes,1,,,
mReasoner,68800,conditional,single-choice,16,All B are C/No A are B,Yes/No,No,Yes,0,,,
mReasoner,68800,conditional,single-choice,17,All B are C/No A are B,Yes/No,No,Yes,0,,,
mReasoner,68800,conditional,single-choice,18,All B are C/No A are B,Yes/No,Yes,Yes,1,,,
mReasoner,68800,conditional,single-choice,19,All B are C/All A are B,Yes/No,Yes,Yes,1,,,
mReasoner,68800,conditional,single-choice,20,All B are C/No A are C,Yes/No,Yes,Yes,1,,,
mReasoner,68800,conditional,single-choice,21,All B are C/All A are B,Yes/No,Yes,Yes,1,,,
mReasoner,68800,conditional,single-choice,22,All B are C/All A are C,Yes/No,Yes,Yes,1,,,
mReasoner,68800,conditional,single-choice,23,All B are C/All A are B,Yes/No,Yes,Yes,1,,,
mReasoner,68800,conditional,single-choice,24,All B are C/No A are C,Yes/No,Yes,Yes,1,,,
mReasoner,68800,conditional,single-choice,25,All B are C/No A are C,Yes/No,Yes,Yes,1,,,
mReasoner,68800,conditional,single-choice,26,All B are C/No A are C,Yes/No,Yes,Yes,1,,,
mReasoner,68800,conditional,single-choice,27,All B are C/No A are B,Yes/No,Yes,Yes,1,,,
mReasoner,68800,conditional,single-choice,28,All B are C/All A are B,Yes/No,Yes,Yes,1,,,
mReasoner,68800,conditional,single-choice,29,All B are C/All A are C,Yes/No,Yes,Yes,1,,,
mReasoner,68800,conditional,single-choice,30,All B are C/All A are B,Yes/No,Yes,Yes,1,,,
mReasoner,68800,conditional,single-choice,31,All B are C/No A are C,Yes/No,Yes,Yes,1,,,
mReasoner,68800,conditional,single-choice,32,All B are C/All A are B,Yes/No,Yes,Yes,1,,,
mReasoner,68800,conditional,single-choice,33,All B are C/No A are C,Yes/No,Yes,Yes,1,,,
mReasoner,68800,conditional,single-choice,34,All B are C/All A are B,Yes/No,Yes,Yes,1,,,
mReasoner,68800,conditional,single-choice,35,All B are C/All A are B,Yes/No,Yes,Yes,1,,,
mReasoner,68800,conditional,single-choice,36,All B are C/All A are C,Yes/No,Yes,Yes,1,,,
mReasoner,68800,conditional,single-choice,37,All B are C/All A are C,Yes/No,Yes,Yes,1,,,
mReasoner,68800,conditional,single-choice,38,All B are C/No A are C,Yes/No,Yes,Yes,1,,,
mReasoner,68800,conditional,single-choice,39,All B are C/All A are C,Yes/No,Yes,Yes,1,,,
mReasoner,68800,conditional,single-choice,40,All B are C/All A are C,Yes/No,No,Yes,0,,,
mReasoner,68800,conditional,single-choice,41,All B are C/No A are B,Yes/No,Yes,Yes,1,,,
mReasoner,68800,conditional,single-choice,42,All B are C/No A are B,Yes/No,Yes,Yes,1,,,
mReasoner,68800,conditional,single-choice,43,All B are C/No A are C,Yes/No,Yes,Yes,1,,,
mReasoner,68800,conditional,single-choice,44,All B are C/No A are C,Yes/No,Yes,Yes,1,,,
mReasoner,68800,conditional,single-choice,45,All B are C/No A are C,Yes/No,Yes,Yes,1,,,
mReasoner,68800,conditional,single-choice,46,All B are C/No A are B,Yes/No,Yes,Yes,1,,,
mReasoner,68800,conditional,single-choice,47,All B are C/No A are B,Yes/No,Yes,Yes,1,,,
mReasoner,68800,conditional,single-choice,48,All B are C/All A are C,Yes/No,Yes,Yes,1,,,
mReasoner,68800,conditional,single-choice,49,All B are C/All A are B,Yes/No,Yes,Yes,1,,,
mReasoner,68800,conditional,single-choice,50,All B are C/No A are B,Yes/No,No,Yes,0,,,
mReasoner,68800,conditional,single-choice,51,All B are C/No A are B,Yes/No,No,Yes,0,,,
mReasoner,68800,conditional,single-choice,52,All B are C/No A are C,Yes/No,Yes,Yes,1,,,
mReasoner,68800,conditional,single-choice,53,All B are C/No A are C,Yes/No,Yes,Yes,1,,,
mReasoner,68800,conditional,single-choice,54,All B are C/All A are C,Yes/No,Yes,Yes,1,,,
mReasoner,68800,conditional,single-choice,55,All B are C/All A are C,Yes/No,Yes,Yes,1,,,
mReasoner,68800,conditional,single-choice,56,All B are C/No A are B,Yes/No,No,Yes,0,,,
mReasoner,68800,conditional,single-choice,57,All B are C/No A are C,Yes/No,Yes,Yes,1,,,
mReasoner,68800,conditional,single-choice,58,All B are C/All A are C,Yes/No,No,Yes,0,,,
mReasoner,68800,conditional,single-choice,59,All B are C/All A are B,Yes/No,Yes,Yes,1,,,
mReasoner,68800,conditional,single-choice,60,All B are C/All A are B,Yes/No,Yes,Yes,1,,,
mReasoner,68800,conditional,single-choice,61,All B are C/No A are B,Yes/No,Yes,Yes,1,,,
mReasoner,68800,conditional,single-choice,62,All B are C/No A are B,Yes/No,No,Yes,0,,,
mReasoner,68800,conditional,single-choice,63,All B are C/All A are B,Yes/No,Yes,Yes,1,,,
mReasoner,68800,conditional,single-choice,64,All B are C/All A are C,Yes/No,Yes,Yes,1,,,
mReasoner,68832,conditional,single-choice,1,All B are C/No A are B,Yes/No,No,Yes,0,,,
mReasoner,68832,conditional,single-choice,2,All B are C/No A are C,Yes/No,Yes,Yes,1,,,
mReasoner,68832,conditional,single-choice,3,All B are C/All A are B,Yes/No,Yes,Yes,1,,,
mReasoner,68832,conditional,single-choice,4,All B are C/All A are B,Yes/No,Yes,Yes,1,,,
mReasoner,68832,conditional,single-choice,5,All B are C/No A are B,Yes/No,No,Yes,0,,,
mReasoner,68832,conditional,single-choice,6,All B are C/All A are C,Yes/No,Yes,Yes,1,,,
mReasoner,68832,conditional,single-choice,7,All B are C/All A are B,Yes/No,Yes,Yes,1,,,
mReasoner,68832,conditional,single-choice,8,All B are C/No A are B,Yes/No,No,Yes,0,,,
mReasoner,68832,conditional,single-choice,9,All B are C/All A are B,Yes/No,Yes,Yes,1,,,
mReasoner,68832,conditional,single-choice,10,All B are C/All A are C,Yes/No,Yes,Yes,1,,,
mReasoner,68832,conditional,single-choice,11,All B are C/All A are B,Yes/No,Yes,Yes,1,,,
mReasoner,68832,conditional,single-choice,12,All B are C/All A are C,Yes/No,Yes,Yes,1,,,
mReasoner,68832,conditional,single-choice,13,All B are C/No A are B,Yes/No,No,Yes,0,,,
mReasoner,68832,conditional,single-choice,14,All B are C/No A are C,Yes/No,No,Yes,0,,,
mReasoner,68832,conditional,single-choice,15,All B are C/All A are B,Yes/No,Yes,Yes,1,,,
mReasoner,68832,conditional,single-choice,16,All B are C/No A are B,Yes/No,No,Yes,0,,,
mReasoner,68832,conditional,single-choice,17,All B are C/No A are C,Yes/No,Yes,Yes,1,,,
mReasoner,68832,conditional,single-choice,18,All B are C/No A are B,Yes/No,Yes,Yes,1,,,
mReasoner,68832,conditional,single-choice,19,All B are C/No A are C,Yes/No,Yes,Yes,1,,,
mReasoner,68832,conditional,single-choice,20,All B are C/No A are C,Yes/No,Yes,Yes,1,,,
mReasoner,68832,conditional,single-choice,21,All B are C/All A are C,Yes/No,Yes,Yes,1,,,
mReasoner,68832,conditional,single-choice,22,All B are C/All A are C,Yes/No,Yes,Yes,1,,,
mReasoner,68832,conditional,single-choice,23,All B are C/All A are B,Yes/No,Yes,Yes,1,,,
mReasoner,68832,conditional,single-choice,24,All B are C/All A are B,Yes/No,Yes,Yes,1,,,
mReasoner,68832,conditional,single-choice,25,All B are C/No A are C,Yes/No,Yes,Yes,1,,,
mReasoner,68832,conditional,single-choice,26,All B are C/All A are C,Yes/No,No,Yes,0,,,
mReasoner,68832,conditional,single-choice,27,All B are C/No A are C,Yes/No,Yes,Yes,1,,,
mReasoner,68832,conditional,single-choice,28,All B are C/No A are B,Yes/No,Yes,Yes,1,,,
mReasoner,68832,conditional,single-choice,29,All B are C/All A are C,Yes/No,No,Yes,0,,,
mReasoner,68832,conditional,single-choice,30,All B are C/All A are B,Yes/No,Yes,Yes,1,,,
mReasoner,68832,conditional,single-choice,31,All B are C/No A are C,Yes/No,Yes,Yes,1,,,
mReasoner,68832,conditional,single-choice,32,All B are C/No A are C,Yes/No,Yes,Yes,1,,,
mReasoner,68832,conditional,single-choice,33,All B are C/All A are C,Yes/No,No,Yes,0,,,
mReasoner,68832,conditional,single-choice,34,All B are C/All A are B,Yes/No,Yes,Yes,1,,,
mReasoner,68832,conditional,single-choice,35,All B are C/All A are C,Yes/No,No,Yes,0,,,
mReasoner,68832,conditional,single-choice,36,All B are C/No A are C,Yes/No,Yes,Yes,1,,,
mReasoner,68832,conditional,single-choice,37,All B are C/All A are B,Yes/No,Yes,Yes,1,,,
mReasoner,68832,conditional,single-choice,38,All B are C/No A are B,Yes/No,No,Yes,0,,,
mReasoner,68832,conditional,single-choice,39,All B are C/All A are B,Yes/No,Yes,Yes,1,,,
mReasoner,68832,conditional,single-choice,40,All B are C/No A are C,Yes/No,Yes,Yes,1,,,
mReasoner,68832,conditional,single-choice,41,All B are C/All A are B,Yes/No,Yes,Yes,1,,,
mReasoner,68832,conditional,single-choice,42,All B are C/All A are C,Yes/No,No,Yes,0,,,
mReasoner,68832,conditional,single-choice,43,All B are C/No A are C,Yes/No,Yes,Yes,1,,,
mReasoner,68832,conditional,single-choice,44,All B are C/All A are C,Yes/No,No,Yes,0,,,
mReasoner,68832,conditional,single-choice,45,All B are C/No A are C,Yes/No,Yes,Yes,1,,,
mReasoner,68832,conditional,single-choice,46,All B are C/No A are B,Yes/No,Yes,Yes,1,,,
mReasoner,68832,conditional,single-choice,47,All B are C/All A are C,Yes/No,Yes,Yes,1,,,
mReasoner,68832,conditional,single-choice,48,All B are C/No A are B,Yes/No,No,Yes,0,,,
mReasoner,68832,conditional,single-choice,49,All B are C/All A are B,Yes/No,Yes,Yes,1,,,
mReasoner,68832,conditional,single-choice,50,All B are C/All A are B,Yes/No,Yes,Yes,1,,,
mReasoner,68832,conditional,single-choice,51,All B are C/All A are C,Yes/No,No,Yes,0,,,
mReasoner,68832,conditional,single-choice,52,All B are C/All A are C,Yes/No,Yes,Yes,1,,,
mReasoner,68832,conditional,single-choice,53,All B are C/All A are C,Yes/No,No,Yes,0,,,
mReasoner,68832,conditional,single-choice,54,All B are C/No A are B,Yes/No,Yes,Yes,1,,,
mReasoner,68832,conditional,single-choice,55,All B are C/No A are B,Yes/No,No,Yes,0,,,
mReasoner,68832,conditional,single-choice,56,All B are C/No A are C,Yes/No,Yes,Yes,1,,,
mReasoner,68832,conditional,single-choice,57,All B are C/No A are B,Yes/No,No,Yes,0,,,
mReasoner,68832,conditional,single-choice,58,All B are C/No A are B,Yes/No,No,Yes,0,,,
mReasoner,68832,conditional,single-choice,59,All B are C/All A are C,Yes/No,Yes,Yes,1,,,
mReasoner,68832,conditional,single-choice,60,All B are C/No A are C,Yes/No,Yes,Yes,1,,,
mReasoner,68832,conditional,single-choice,61,All B are C/No A are B,Yes/No,No,Yes,0,,,
mReasoner,68832,conditional,single-choice,62,All B are C/No A are B,Yes/No,No,Yes,0,,,
mReasoner,68832,conditional,single-choice,63,All B are C/No A are C,Yes/No,No,Yes,0,,,
mReasoner,68832,conditional,single-choice,64,All B are C/All A are B,Yes/No,Yes,Yes,1,,,
mReasoner,68850,conditional,single-choice,1,All B are C/All A are B,Yes/No,Yes,Yes,1,,,
mReasoner,68850,conditional,single-choice,2,All B are C/All A are B,Yes/No,No,Yes,0,,,
mReasoner,68850,conditional,single-choice,3,All B are C/All A are B,Yes/No,No,Yes,0,,,
mReasoner,68850,conditional,single-choice,4,All B are C/No A are C,Yes/No,Yes,Yes,1,,,
mReasoner,68850,conditional,single-choice,5,All B are C/No A are B,Yes/No,No,Yes,0,,,
mReasoner,68850,conditional,single-choice,6,All B are C/No A are B,Yes/No,No,Yes,0,,,
mReasoner,68850,conditional,single-choice,7,All B are C/All A are C,Yes/No,Yes,Yes,1,,,
mReasoner,68850,conditional,single-choice,8,All B are C/No A are B,Yes/No,No,Yes,0,,,
mReasoner,68850,conditional,single-choice,9,All B are C/All A are B,Yes/No,Yes,Yes,1,,,
mReasoner,68850,conditional,single-choice,10,All B are C/No A are C,Yes/No,No,Yes,0,,,
mReasoner,68850,conditional,single-choice,11,All B are C/No A are B,Yes/No,No,Yes,0,,,
mReasoner,68850,conditional,single-choice,12,All B are C/No A are B,Yes/No,No,Yes,0,,,
mReasoner,68850,conditional,single-choice,13,All B are C/No A are B,Yes/No,No,Yes,0,,,
mReasoner,68850,conditional,single-choice,14,All B are C/All A are B,Yes/No,Yes,Yes,1,,,
mReasoner,68850,conditional,single-choice,15,All B are C/No A are C,Yes/No,No,Yes,0,,,
mReasoner,68850,conditional,single-choice,16,All B are C/All A are B,Yes/No,Yes,Yes,1,,,
mReasoner,68850,conditional,single-choice,17,All B are C/No A are C,Yes/No,No,Yes,0,,,
mReasoner,68850,conditional,single-choice,18,All B are C/All A are B,Yes/No,No,Yes,0,,,
mReasoner,68850,conditional,single-choice,19,All B are C/No A are B,Yes/No,No,Yes,0,,,
mReasoner,68850,conditional,single-choice,20,All B are C/No A are B,Yes/No,No,Yes,0,,,
mReasoner,68850,conditional,single-choice,21,All B are C/No A are B,Yes/No,No,Yes,0,,,
mReasoner,68850,conditional,single-choice,22,All B are C/No A are C,Yes/No,No,Yes,0,,,
mReasoner,68850,conditional,single-choice,23,All B are C/All A are C,Yes/No,No,Yes,0,,,
mReasoner,68850,conditional,single-choice,24,All B are C/All A are C,Yes/No,No,Yes,0,,,
mReasoner,68850,conditional,single-choice,25,All B are C/No A are B,Yes/No,No,Yes,0,,,
mReasoner,68850,conditional,single-choice,26,All B are C/No A are C,Yes/No,No,Yes,0,,,
mReasoner,68850,conditional,single-choice,27,All B are C/No A are C,Yes/No,Yes,Yes,1,,,
mReasoner,68850,conditional,single-choice,28,All B are C/No A are C,Yes/No,No,Yes,0,,,
mReasoner,68850,conditional,single-choice,29,All B are C/No A are B,Yes/No,No,Yes,0,,,
mReasoner,68850,conditional,single-choice,30,All B are C/All A are B,Yes/No,No,Yes,0,,,
mReasoner,68850,conditional,single-choice,31,All B are C/No A are C,Yes/No,Yes,Yes,1,,,
mReasoner,68850,conditional,single-choice,32,All B are C/All A are C,Yes/No,No,Yes,0,,,
mReasoner,68850,conditional,single-choice,33,All B are C/All A are B,Yes/No,Yes,Yes,1,,,
mReasoner,68850,conditional,single-choice,34,All B are C/No A are B,Yes/No,No,Yes,0,,,
mReasoner,68850,conditional,single-choice,35,All B are C/All A are C,Yes/No,No,Yes,0,,,
mReasoner,68850,conditional,single-choice,36,All B are C/No A are C,Yes/No,No,Yes,0,,,
mReasoner,68850,conditional,single-choice,37,All B are C/No A are B,Yes/No,No,Yes,0,,,
mReasoner,68850,conditional,single-choice,38,All B are C/No A are B,Yes/No,No,Yes,0,,,
mReasoner,68850,conditional,single-choice,39,All B are C/All A are B,Yes/No,Yes,Yes,1,,,
mReasoner,68850,conditional,single-choice,40,All B are C/All A are C,Yes/No,Yes,Yes,1,,,
mReasoner,68850,conditional,single-choice,41,All B are C/No A are C,Yes/No,Yes,Yes,1,,,
mReasoner,68850,conditional,single-choice,42,All B are C/All A are C,Yes/No,No,Yes,0,,,
mReasoner,68850,conditional,single-choice,43,All B are C/All A are C,Yes/No,No,Yes,0,,,
mReasoner,68850,conditional,single-choice,44,All B are C/All A are B,Yes/No,Yes,Yes,1,,,
mReasoner,68850,conditional,single-choice,45,All B are C/No A are C,Yes/No,No,Yes,0,,,
mReasoner,68850,conditional,single-choice,46,All B are C/All A are C,Yes/No,Yes,Yes,1,,,
mReasoner,68850,conditional,single-choice,47,All B are C/All A are C,Yes/No,Yes,Yes,1,,,
mReasoner,68850,conditional,single-choice,48,All B are C/All A are C,Yes/No,No,Yes,0,,,
mReasoner,68850,conditional,single-choice,49,All B are C/No A are C,Yes/No,No,Yes,0,,,
mReasoner,68850,conditional,single-choice,50,All B are C/All A are B,Yes/No,Yes,Yes,1,,,
mReasoner,68850,conditional,single-choice,51,All B are C/All A are C,Yes/No,Yes,Yes,1,,,
mReasoner,68850,conditional,single-choice,52,All B are C/All A are C,Yes/No,Yes,Yes,1,,,
mReasoner,68850,conditional,single-choice,53,All B are C/All A are B,Yes/No,Yes,Yes,1,,,
mReasoner,68850,conditional,single-choice,54,All B are C/All A are B,Yes/No,Yes,Yes,1,,,
mReasoner,68850,conditional,single-choice,55,All B are C/All A are C,Yes/No,No,Yes,0,,,
mReasoner,68850,conditional,single-choice,56,All B are C/All A are B,Yes/No,Yes,Yes,1,,,
mReasoner,68850,conditional,single-choice,57,All B are C/No A are C,Yes/No,Yes,Yes,1,,,
mReasoner,68850,conditional,single-choice,58,All B are C/No A are B,Yes/No,Yes,Yes,1,,,
mReasoner,68850,conditional,single-choice,59,All B are C/No A are C,Yes/No,Yes,Yes,1,,,
mReasoner,68850,conditional,single-choice,60,All B are C/No A are C,Yes/No,Yes,Yes,1,,,
mReasoner,68850,conditional,single-choice,61,All B are C/All A are C,Yes/No,Yes,Yes,1,,,
mReasoner,68850,conditional,single-choice,62,All B are C/All A are B,Yes/No,Yes,Yes,1,,,
mReasoner,68850,conditional,single-choice,63,All B are C/All A are C,Yes/No,No,Yes,0,,,
mReasoner,68850,conditional,single-choice,64,All B are C/No A are B,Yes/No,No,Yes,0,,,
mReasoner,68881,conditional,single-choice,1,All B are C/All A are B,Yes/No,Yes,Yes,1,,,
mReasoner,68881,conditional,single-choice,2,All B are C/All A are B,Yes/No,Yes,Yes,1,,,
mReasoner,68881,conditional,single-choice,3,All B are C/No A are C,Yes/No,Yes,Yes,1,,,
mReasoner,68881,conditional,single-choice,4,All B are C/All A are C,Yes/No,No,Yes,0,,,
mReasoner,68881,conditional,single-choice,5,All B are C/No A are C,Yes/No,No,Yes,0,,,
mReasoner,68881,conditional,single-choice,6,All B are C/No A are B,Yes/No,No,Yes,0,,,
mReasoner,68881,conditional,single-choice,7,All B are C/All A are B,Yes/No,No,Yes,0,,,
mReasoner,68881,conditional,single-choice,8,All B are C/No A are C,Yes/No,Yes,Yes,1,,,
mReasoner,68881,conditional,single-choice,9,All B are C/All A are C,Yes/No,No,Yes,0,,,
mReasoner,68881,conditional,single-choice,10,All B are C/No A are B,Yes/No,No,Yes,0,,,
mReasoner,68881,conditional,single-choice,11,All B are C/No A are C,Yes/No,Yes,Yes,1,,,
mReasoner,68881,conditional,single-choice,12,All B are C/No A are C,Yes/No,Yes,Yes,1,,,
mReasoner,68881,conditional,single-choice,13,All B are C/No A are B,Yes/No,Yes,Yes,1,,,
mReasoner,68881,conditional,single-choice,14,All B are C/No A are C,Yes/No,No,Yes,0,,,
mReasoner,68881,conditional,single-choice,15,All B are C/All A are C,Yes/No,Yes,Yes,1,,,
mReasoner,68881,conditional,single-choice,16,All B are C/All A are B,Yes/No,Yes,Yes,1,,,
mReasoner,68881,conditional,single-choice,17,All B are C/All A are C,Yes/No,Yes,Yes,1,,,
mReasoner,68881,conditional,single-choice,18,All B are C/All A are B,Yes/No,No,Yes,0,,,
mReasoner,68881,conditional,single-choice,19,All B are C/All A are C,Yes/No,Yes,Yes,1,,,
mReasoner,68881,conditional,single-choice,20,All B are C/All A are C,Yes/No,Yes,Yes,1,,,
mReasoner,68881,conditional,single-choice,21,All B are C/No A are B,Yes/No,No,Yes,0,,,
mReasoner,68881,conditional,single-choice,22,All B are C/No A are B,Yes/No,Yes,Yes,1,,,
mReasoner,68881,conditional,single-choice,23,All B are C/No A are B,Yes/No,No,Yes,0,,,
mReasoner,68881,conditional,single-choice,24,All B are C/No A are C,Yes/No,Yes,Yes,1,,,
mReasoner,68881,conditional,single-choice,25,All B are C/No A are B,Yes/No,Yes,Yes,1,,,
mReasoner,68881,conditional,single-choice,26,All B are C/No A are B,Yes/No,Yes,Yes,1,,,
mReasoner,68881,conditional,single-choice,27,All B are C/All A are C,Yes/No,Yes,Yes,1,,,
mReasoner,68881,conditional,single-choice,28,All B are C/All A are C,Yes/No,No,Yes,0,,,
mReasoner,68881,conditional,single-choice,29,All B are C/No A are C,Yes/No,Yes,Yes,1,,,
mReasoner,68881,conditional,single-choice,30,All B are C/All A are C,Yes/No,Yes,Yes,1,,,
mReasoner,68881,conditional,single-choice,31,All B are C/No A are B,Yes/No,No,Yes,0,,,
mReasoner,68881,conditional,single-choice,32,All B are C/All A are C,Yes/No,No,Yes,0,,,
mReasoner,68881,conditional,single-choice,33,All B are C/No A are C,Yes/No,Yes,Yes,1,,,
mReasoner,68881,conditional,single-choice,34,All B are C/All A are C,Yes/No,Yes,Yes,1,,,
mReasoner,68881,conditional,single-choice,35,All B are C/All A are C,Yes/No,No,Yes,0,,,
mReasoner,68881,conditional,single-choice,36,All B are C/All A are B,Yes/No,Yes,Yes,1,,,
mReasoner,68881,conditional,single-choice,37,All B are C/All A are C,Yes/No,No,Yes,0,,,
mReasoner,68881,conditional,single-choice,38,All B are C/No A are C,Yes/No,Yes,Yes,1,,,
mReasoner,68881,conditional,single-choice,39,All B are C/No A are C,Yes/No,No,Yes,0,,,
mReasoner,68881,conditional,single-choice,40,All B are C/All A are B,Yes/No,No,Yes,0,,,
mReasoner,68881,conditional,single-choice,41,All B are C/All A are B,Yes/No,No,Yes,0,,,
mReasoner,68881,conditional,single-choice,42,All B are C/All A are B,Yes/No,No,Yes,0,,,
mReasoner,68881,conditional,single-choice,43,All B are C/All A are B,Yes/No,Yes,Yes,1,,,
mReasoner,68881,conditional,single-choice,44,All B are C/All A are B,Yes/No,No,Yes,0,,,
mReasoner,68881,conditional,single-choice,45,All B are C/No A are B,Yes/No,No,Yes,0,,,
mReasoner,68881,conditional,single-choice,46,All B are C/No A are C,Yes/No,No,Yes,0,,,
mReasoner,68881,conditional,single-choice,47,All B are C/All A are B,Yes/No,Yes,Yes,1,,,
mReasoner,68881,conditional,single-choice,48,All B are C/All A are B,Yes/No,Yes,Yes,1,,,
mReasoner,68881,conditional,single-choice,49,All B are C/All A are C,Yes/No,Yes,Yes,1,,,
mReasoner,68881,conditional,single-choice,50,All B are C/All A are C,Yes/No,Yes,Yes,1,,,
mReasoner,68881,conditional,single-choice,51,All B are C/All A are C,Yes/No,No,Yes,0,,,
mReasoner,68881,conditional,single-choice,52,All B are C/All A are B,Yes/No,No,Yes,0,,,
mReasoner,68881,conditional,single-choice,53,All B are C/No A are B,Yes/No,Yes,Yes,1,,,
mReasoner,68881,conditional,single-choice,54,All B are C/All A are B,Yes/No,No,Yes,0,,,
mReasoner,68881,conditional,single-choice,55,All B are C/No A are C,Yes/No,No,Yes,0,,,
mReasoner,68881,conditional,single-choice,56,All B are C/No A are B,Yes/No,Yes,Yes,1,,,
mReasoner,68881,conditional,single-choice,57,All B are C/No A are B,Yes/No,Yes,Yes,1,,,
mReasoner,68881,conditional,single-choice,58,All B are C/All A are B,Yes/No,Yes,Yes,1,,,
mReasoner,68881,conditional,single-choice,59,All B are C/No A are B,Yes/No,Yes,Yes,1,,,
mReasoner,68881,conditional,single-choice,60,All B are C/No A are B,Yes/No,No,Yes,0,,,
mReasoner,68881,conditional,single-choice,61,All B are C/No A are C,Yes/No,No,Yes,0,,,
mReasoner,68881,conditional,single-choice,62,All B are C/No A are C,Yes/No,Yes,Yes,1,,,
mReasoner,68881,conditional,single-choice,63,All B are C/No A are C,Yes/No,Yes,Yes,1,,,
mReasoner,68881,conditional,single-choice,64,All B are C/No A are B,Yes/No,No,Yes,0,,,
mReasoner,68882,conditional,single-choice,1,All B are C/No A are B,Yes/No,Yes,Yes,1,,,
mReasoner,68882,conditional,single-choice,2,All B are C/All A are C,Yes/No,Yes,Yes,1,,,
mReasoner,68882,conditional,single-choice,3,All B are C/All A are C,Yes/No,No,Yes,0,,,
mReasoner,68882,conditional,single-choice,4,All B are C/All A are B,Yes/No,Yes,Yes,1,,,
mReasoner,68882,conditional,single-choice,5,All B are C/No A are B,Yes/No,No,Yes,0,,,
mReasoner,68882,conditional,single-choice,6,All B are C/All A are C,Yes/No,No,Yes,0,,,
mReasoner,68882,conditional,single-choice,7,All B are C/No A are B,Yes/No,Yes,Yes,1,,,
mReasoner,68882,conditional,single-choice,8,All B are C/No A are B,Yes/No,No,Yes,0,,,
mReasoner,68882,conditional,single-choice,9,All B are C/All A are C,Yes/No,No,Yes,0,,,
mReasoner,68882,conditional,single-choice,10,All B are C/No A are C,Yes/No,Yes,Yes,1,,,
mReasoner,68882,conditional,single-choice,11,All B are C/No A are C,Yes/No,No,Yes,0,,,
mReasoner,68882,conditional,single-choice,12,All B are C/All A are B,Yes/No,Yes,Yes,1,,,
mReasoner,68882,conditional,single-choice,13,All B are C/All A are C,Yes/No,No,Yes,0,,,
mReasoner,68882,conditional,single-choice,14,All B are C/No A are C,Yes/No,Yes,Yes,1,,,
mReasoner,68882,conditional,single-choice,15,All B are C/No A are B,Yes/No,No,Yes,0,,,
mReasoner,68882,conditional,single-choice,16,All B are C/No A are B,Yes/No,No,Yes,0,,,
mReasoner,68882,conditional,single-choice,17,All B are C/No A are C,Yes/No,Yes,Yes,1,,,
mReasoner,68882,conditional,single-choice,18,All B are C/No A are C,Yes/No,No,Yes,0,,,
mReasoner,68882,conditional,single-choice,19,All B are C/All A are C,Yes/No,Yes,Yes,1,,,
mReasoner,68882,conditional,single-choice,20,All B are C/No A are B,Yes/No,No,Yes,0,,,
mReasoner,68882,conditional,single-choice,21,All B are C/All A are B,Yes/No,Yes,Yes,1,,,
mReasoner,68882,conditional,single-choice,22,All B are C/No A are B,Yes/No,Yes,Yes,1,,,
mReasoner,68882,conditional,single-choice,23,All B are C/All A are C,Yes/No,Yes,Yes,1,,,
mReasoner,68882,conditional,single-choice,24,All B are C/No A are C,Yes/No,No,Yes,0,,,
mReasoner,68882,conditional,single-choice,25,All B are C/No A are C,Yes/No,No,Yes,0,,,
mReasoner,68882,conditional,single-choice,26,All B are C/All A are B,Yes/No,Yes,Yes,1,,,
mReasoner,68882,conditional,single-choice,27,All B are C/All A are C,Yes/No,Yes,Yes,1,,,
mReasoner,68882,conditional,single-choice,28,All B are C/All A are B,Yes/No,Yes,Yes,1,,,
mReasoner,68882,conditional,single-choice,29,All B are C/No A are C,Yes/No,Yes,Yes,1,,,
mReasoner,68882,conditional,single-choice,30,All B are C/All A are B,Yes/No,Yes,Yes,1,,,
mReasoner,68882,conditional,single-choice,31,All B are C/All A are C,Yes/No,No,Yes,0,,,
mReasoner,68882,conditional,single-choice,32,All B are C/All A are B,Yes/No,Yes,Yes,1,,,
mReasoner,68882,conditional,single-choice,33,All B are C/No A are C,Yes/No,No,Yes,0,,,
mReasoner,68882,conditional,single-choice,34,All B are C/All A are C,Yes/No,Yes,Yes,1,,,
mReasoner,68882,conditional,single-choice,35,All B are C/All A are B,Yes/No,Yes,Yes,1,,,
mReasoner,68882,conditional,single-choice,36,All B are C/All A are B,Yes/No,Yes,Yes,1,,,
mReasoner,68882,conditional,single-choice,37,All B are C/All A are B,Yes/No,Yes,Yes,1,,,
mReasoner,68882,conditional,single-choice,38,All B are C/No A are C,Yes/No,No,Yes,0,,,
mReasoner,68882,conditional,single-choice,39,All B are C/All A are C,Yes/No,No,Yes,0,,,
mReasoner,68882,conditional,single-choice,40,All B are C/No A are C,Yes/No,Yes,Yes,1,,,
mReasoner,68882,conditional,single-choice,41,All B are C/No A are B,Yes/No,No,Yes,0,,,
mReasoner,68882,conditional,single-choice,42,All B are C/All A are C,Yes/No,Yes,Yes,1,,,
mReasoner,68882,conditional,single-choice,43,All B are C/No A are B,Yes/No,No,Yes,0,,,
mReasoner,68882,conditional,single-choice,44,All B are C/All A are C,Yes/No,Yes,Yes,1,,,
mReasoner,68882,conditional,single-choice,45,All B are C/All A are C,Yes/No,No,Yes,0,,,
mReasoner,68882,conditional,single-choice,46,All B are C/All A are B,Yes/No,Yes,Yes,1,,,
mReasoner,68882,conditional,single-choice,47,All B are C/No A are C,Yes/No,Yes,Yes,1,,,
mReasoner,68882,conditional,single-choice,48,All B are C/No A are B,Yes/No,No,Yes,0,,,
mReasoner,68882,conditional,single-choice,49,All B are C/All A are B,Yes/No,Yes,Yes,1,,,
mReasoner,68882,conditional,single-choice,50,All B are C/No A are B,Yes/No,No,Yes,0,,,
mReasoner,68882,conditional,single-choice,51,All B are C/All A are B,Yes/No,Yes,Yes,1,,,
mReasoner,68882,conditional,single-choice,52,All B are C/All A are B,Yes/No,Yes,Yes,1,,,
mReasoner,68882,conditional,single-choice,53,All B are C/All A are C,Yes/No,No,Yes,0,,,
mReasoner,68882,conditional,single-choice,54,All B are C/No A are B,Yes/No,No,Yes,0,,,
mReasoner,68882,conditional,single-choice,55,All B are C/All A are B,Yes/No,Yes,Yes,1,,,
mReasoner,68882,conditional,single-choice,56,All B are C/No A are C,Yes/No,Yes,Yes,1,,,
mReasoner,68882,conditional,single-choice,57,All B are C/No A are C,Yes/No,No,Yes,0,,,
mReasoner,68882,conditional,single-choice,58,All B are C/No A are B,Yes/No,No,Yes,0,,,
mReasoner,68882,conditional,single-choice,59,All B are C/No A are B,Yes/No,No,Yes,0,,,
mReasoner,68882,conditional,single-choice,60,All B are C/No A are C,Yes/No,No,Yes,0,,,
mReasoner,68882,conditional,single-choice,61,All B are C/No A are C,Yes/No,No,Yes,0,,,
mReasoner,68882,conditional,single-choice,62,All B are C/All A are B,Yes/No,Yes,Yes,1,,,
mReasoner,68882,conditional,single-choice,63,All B are C/No A are B,Yes/No,No,Yes,0,,,
mReasoner,68882,conditional,single-choice,64,All B are C/All A are C,Yes/No,Yes,Yes,1,,,
mReasoner,68896,conditional,single-choice,1,All B are C/All A are B,Yes/No,Yes,Yes,1,,,
mReasoner,68896,conditional,single-choice,2,All B are C/All A are C,Yes/No,No,Yes,0,,,
mReasoner,68896,conditional,single-choice,3,All B are C/All A are C,Yes/No,Yes,Yes,1,,,
mReasoner,68896,conditional,single-choice,4,All B are C/No A are B,Yes/No,No,Yes,0,,,
mReasoner,68896,conditional,single-choice,5,All B are C/All A are C,Yes/No,No,Yes,0,,,
mReasoner,68896,conditional,single-choice,6,All B are C/No A are B,Yes/No,No,Yes,0,,,
mReasoner,68896,conditional,single-choice,7,All B are C/No A are B,Yes/No,No,Yes,0,,,
mReasoner,68896,conditional,single-choice,8,All B are C/All A are C,Yes/No,Yes,Yes,1,,,
mReasoner,68896,conditional,single-choice,9,All B are C/No A are B,Yes/No,No,Yes,0,,,
mReasoner,68896,conditional,single-choice,10,All B are C/All A are C,Yes/No,No,Yes,0,,,
mReasoner,68896,conditional,single-choice,11,All B are C/All A are B,Yes/No,Yes,Yes,1,,,
mReasoner,68896,conditional,single-choice,12,All B are C/No A are B,Yes/No,Yes,Yes,1,,,
mReasoner,68896,conditional,single-choice,13,All B are C/No A are B,Yes/No,Yes,Yes,1,,,
mReasoner,68896,conditional,single-choice,14,All B are C/No A are B,Yes/No,No,Yes,0,,,
mReasoner,68896,conditional,single-choice,15,All B are C/All A are C,Yes/No,No,Yes,0,,,
mReasoner,68896,conditional,single-choice,16,All B are C/No A are B,Yes/No,Yes,Yes,1,,,
mReasoner,68896,conditional,single-choice,17,All B are C/No A are C,Yes/No,Yes,Yes,1,,,
mReasoner,68896,conditional,single-choice,18,All B are C/No A are C,Yes/No,Yes,Yes,1,,,
mReasoner,68896,conditional,single-choice,19,All B are C/All A are B,Yes/No,Yes,Yes,1,,,
mReasoner,68896,conditional,single-choice,20,All B are C/No A are C,Yes/No,Yes,Yes,1,,,
mReasoner,68896,conditional,single-choice,21,All B are C/No A are C,Yes/No,No,Yes,0,,,
mReasoner,68896,conditional,single-choice,22,All B are C/No A are B,Yes/No,Yes,Yes,1,,,
mReasoner,68896,conditional,single-choice,23,All B are C/All A are B,Yes/No,Yes,Yes,1,,,
mReasoner,68896,conditional,single-choice,24,All B are C/All A are B,Yes/No,Yes,Yes,1,,,
mReasoner,68896,conditional,single-choice,25,All B are C/No A are C,Yes/No,No,Yes,0,,,
mReasoner,68896,conditional,single-choice,26,All B are C/All A are C,Yes/No,Yes,Yes,1,,,
mReasoner,68896,conditional,single-choice,27,All B are C/All A are B,Yes/No,Yes,Yes,1,,,
mReasoner,68896,conditional,single-choice,28,All B are C/All A are B,Yes/No,No,Yes,0,,,
mReasoner,68896,conditional,single-choice,29,All B are C/No A are C,Yes/No,No,Yes,0,,,
mReasoner,68896,conditional,single-choice,30,All B are C/All A are B,Yes/No,Yes,Yes,1,,,
mReasoner,68896,conditional,single-choice,31,All B are C/No A are B,Yes/No,No,Yes,0,,,
mReasoner,68896,conditional,single-choice,32,All B are C/All A are C,Yes/No,No,Yes,0,,,
mReasoner,68896,conditional,single-choice,33,All B are C/No A are C,Yes/No,No,Yes,0,,,
mReasoner,68896,conditional,single-choice,34,All B are C/All A are C,Yes/No,Yes,Yes,1,,,
mReasoner,68896,conditional,single-choice,35,All B are C/No A are B,Yes/No,No,Yes,0,,,
mReasoner,68896,conditional,single-choice,36,All B are C/No A are B,Yes/No,No,Yes,0,,,
mReasoner,68896,conditional,single-choice,37,All B are C/No A are B,Yes/No,Yes,Yes,1,,,
mReasoner,68896,conditional,single-choice,38,All B are C/All A are C,Yes/No,Yes,Yes,1,,,
mReasoner,68896,conditional,single-choice,39,All B are C/No A are B,Yes/No,No,Yes,0,,,
mReasoner,68896,conditional,single-choice,40,All B are C/No A are C,Yes/No,Yes,Yes,1,,,
mReasoner,68896,conditional,single-choice,41,All B are C/No A are B,Yes/No,Yes,Yes,1,,,
mReasoner,68896,conditional,single-choice,42,All B are C/All A are C,Yes/No,No,Yes,0,,,
mReasoner,68896,conditional,single-choice,43,All B are C/All A are B,Yes/No,No,Yes,0,,,
mReasoner,68896,conditional,single-choice,44,All B are C/All A are B,Yes/No,Yes,Yes,1,,,
mReasoner,68896,conditional,single-choice,45,All B are C/No A are C,Yes/No,Yes,Yes,1,,,
mReasoner,68896,conditional,single-choice,46,All B are C/All A are C,Yes/No,No,Yes,0,,,
mReasoner,68896,conditional,single-choice,47,All B are C/All A are B,Yes/No,No,Yes,0,,,
mReasoner,68896,conditional,single-choice,48,All B are C/All A are B,Yes/No,Yes,Yes,1,,,
mReasoner,68896,conditional,single-choice,49,All B are C/All A are B,Yes/No,Yes,Yes,1,,,
mReasoner,68896,conditional,single-choice,50,All B are C/All A are C,Yes/No,No,Yes,0,,,
mReasoner,68896,conditional,single-choice,51,All B are C/All A are C,Yes/No,No,Yes,0,,,
mReasoner,68896,conditional,single-choice,52,All B are C/No A are C,Yes/No,Yes,Yes,1,,,
mReasoner,68896,conditional,single-choice,53,All B are C/All A are C,Yes/No,No,Yes,0,,,
mReasoner,68896,conditional,single-choice,54,All B are C/No A are C,Yes/No,Yes,Yes,1,,,
mReasoner,68896,conditional,single-choice,55,All B are C/No A are C,Yes/No,Yes,Yes,1,,,
mReasoner,68896,conditional,single-choice,56,All B are C/All A are B,Yes/No,Yes,Yes,1,,,
mReasoner,68896,conditional,single-choice,57,All B are C/No A are C,Yes/No,Yes,Yes,1,,,
mReasoner,68896,conditional,single-choice,58,All B are C/All A are B,Yes/No,Yes,Yes,1,,,
mReasoner,68896,conditional,single-choice,59,All B are C/No A are C,Yes/No,No,Yes,0,,,
mReasoner,68896,conditional,single-choice,60,All B are C/No A are C,Yes/No,Yes,Yes,1,,,
mReasoner,68896,conditional,single-choice,61,All B are C/No A are B,Yes/No,Yes,Yes,1,,,
mReasoner,68896,conditional,single-choice,62,All B are C/All A are C,Yes/No,Yes,Yes,1,,,
mReasoner,68896,conditional,single-choice,63,All B are C/All A are B,Yes/No,No,Yes,0,,,
mReasoner,68896,conditional,single-choice,64,All B are C/No A are C,Yes/No,Yes,Yes,1,,,
mReasoner,68906,conditional,single-choice,1,All B are C/All A are B,Yes/No,Yes,Yes,1,,,
mReasoner,68906,conditional,single-choice,2,All B are C/No A are B,Yes/No,Yes,Yes,1,,,
mReasoner,68906,conditional,single-choice,3,All B are C/No A are C,Yes/No,Yes,Yes,1,,,
mReasoner,68906,conditional,single-choice,4,All B are C/No A are C,Yes/No,No,Yes,0,,,
mReasoner,68906,conditional,single-choice,5,All B are C/All A are C,Yes/No,Yes,Yes,1,,,
mReasoner,68906,conditional,single-choice,6,All B are C/All A are C,Yes/No,Yes,Yes,1,,,
mReasoner,68906,conditional,single-choice,7,All B are C/No A are B,Yes/No,Yes,Yes,1,,,
mReasoner,68906,conditional,single-choice,8,All B are C/No A are C,Yes/No,Yes,Yes,1,,,
mReasoner,68906,conditional,single-choice,9,All B are C/All A are B,Yes/No,Yes,Yes,1,,,
mReasoner,68906,conditional,single-choice,10,All B are C/No A are B,Yes/No,Yes,Yes,1,,,
mReasoner,68906,conditional,single-choice,11,All B are C/No A are C,Yes/No,Yes,Yes,1,,,
mReasoner,68906,conditional,single-choice,12,All B are C/All A are B,Yes/No,Yes,Yes,1,,,
mReasoner,68906,conditional,single-choice,13,All B are C/No A are C,Yes/No,Yes,Yes,1,,,
mReasoner,68906,conditional,single-choice,14,All B are C/No A are B,Yes/No,Yes,Yes,1,,,
mReasoner,68906,conditional,single-choice,15,All B are C/All A are B,Yes/No,Yes,Yes,1,,,
mReasoner,68906,conditional,single-choice,16,All B are C/No A are C,Yes/No,Yes,Yes,1,,,
mReasoner,68906,conditional,single-choice,17,All B are C/No A are B,Yes/No,Yes,Yes,1,,,
mReasoner,68906,conditional,single-choice,18,All B are C/No A are B,Yes/No,No,Yes,0,,,
mReasoner,68906,conditional,single-choice,19,All B are C/No A are C,Yes/No,Yes,Yes,1,,,
mReasoner,68906,conditional,single-choice,20,All B are C/All A are C,Yes/No,Yes,Yes,1,,,
mReasoner,68906,conditional,single-choice,21,All B are C/All A are C,Yes/No,Yes,Yes,1,,,
mReasoner,68906,conditional,single-choice,22,All B are C/All A are C,Yes/No,Yes,Yes,1,,,
mReasoner,68906,conditional,single-choice,23,All B are C/No A are B,Yes/No,No,Yes,0,,,
mReasoner,68906,conditional,single-choice,24,All B are C/All A are B,Yes/No,Yes,Yes,1,,,
mReasoner,68906,conditional,single-choice,25,All B are C/No A are B,Yes/No,Yes,Yes,1,,,
mReasoner,68906,conditional,single-choice,26,All B are C/No A are B,Yes/No,Yes,Yes,1,,,
mReasoner,68906,conditional,single-choice,27,All B are C/All A are B,Yes/No,No,Yes,0,,,
mReasoner,68906,conditional,single-choice,28,All B are C/All A are C,Yes/No,Yes,Yes,1,,,
mReasoner,68906,conditional,single-choice,29,All B are C/All A are C,Yes/No,Yes,Yes,1,,,
mReasoner,68906,conditional,single-choice,30,All B are C/All A are C,Yes/No,No,Yes,0,,,
mReasoner,68906,conditional,single-choice,31,All B are C/All A are B,Yes/No,No,Yes,0,,,
mReasoner,68906,conditional,single-choice,32,All B are C/All A are B,Yes/No,Yes,Yes,1,,,
mReasoner,68906,conditional,single-choice,33,All B are C/No A are B,Yes/No,Yes,Yes,1,,,
mReasoner,68906,conditional,single-choice,34,All B are C/All A are C,Yes/No,No,Yes,0,,,
mReasoner,68906,conditional,single-choice,35,All B are C/All A are C,Yes/No,Yes,Yes,1,,,
mReasoner,68906,conditional,single-choice,36,All B are C/No A are C,Yes/No,Yes,Yes,1,,,
mReasoner,68906,conditional,single-choice,37,All B are C/All A are B,Yes/No,Yes,Yes,1,,,
mReasoner,68906,conditional,single-choice,38,All B are C/No A are B,Yes/No,No,Yes,0,,,
mReasoner,68906,conditional,single-choice,39,All B are C/All A are C,Yes/No,No,Yes,0,,,
mReasoner,68906,conditional,single-choice,40,All B are C/No A are C,Yes/No,Yes,Yes,1,,,
mReasoner,68906,conditional,single-choice,41,All B are C/No A are C,Yes/No,Yes,Yes,1,,,
mReasoner,68906,conditional,single-choice,42,All B are C/All A are B,Yes/No,No,Yes,0,,,
mReasoner,68906,conditional,single-choice,43,All B are C/All A are B,Yes/No,No,Yes,0,,,
mReasoner,68906,conditional,single-choice,44,All B are C/All A are B,Yes/No,Yes,Yes,1,,,
mReasoner,68906,conditional,single-choice,45,All B are C/No A are C,Yes/No,No,Yes,0,,,
mReasoner,68906,conditional,single-choice,46,All B are C/All A are C,Yes/No,No,Yes,0,,,
mReasoner,68906,conditional,single-choice,47,All B are C/All A are B,Yes/No,No,Yes,0,,,
mReasoner,68906,conditional,single-choice,48,All B are C/No A are B,Yes/No,Yes,Yes,1,,,
mReasoner,68906,conditional,single-choice,49,All B are C/No A are B,Yes/No,Yes,Yes,1,,,
mReasoner,68906,conditional,single-choice,50,All B are C/All A are B,Yes/No,Yes,Yes,1,,,
mReasoner,68906,conditional,single-choice,51,All B are C/No A are B,Yes/No,No,Yes,0,,,
mReasoner,68906,conditional,single-choice,52,All B are C/All A are B,Yes/No,No,Yes,0,,,
mReasoner,68906,conditional,single-choice,53,All B are C/No A are C,Yes/No,No,Yes,0,,,
mReasoner,68906,conditional,single-choice,54,All B are C/No A are C,Yes/No,No,Yes,0,,,
mReasoner,68906,conditional,single-choice,55,All B are C/No A are B,Yes/No,Yes,Yes,1,,,
mReasoner,68906,conditional,single-choice,56,All B are C/All A are C,Yes/No,Yes,Yes,1,,,
mReasoner,68906,conditional,single-choice,57,All B are C/All A are B,Yes/No,No,Yes,0,,,
mReasoner,68906,conditional,single-choice,58,All B are C/No A are C,Yes/No,No,Yes,0,,,
mReasoner,68906,conditional,single-choice,59,All B are C/All A are C,Yes/No,Yes,Yes,1,,,
mReasoner,68906,conditional,single-choice,60,All B are C/All A are C,Yes/No,Yes,Yes,1,,,
mReasoner,68906,conditional,single-choice,61,All B are C/No A are C,Yes/No,Yes,Yes,1,,,
mReasoner,68906,conditional,single-choice,62,All B are C/No A are C,Yes/No,Yes,Yes,1,,,
mReasoner,68906,conditional,single-choice,63,All B are C/No A are B,Yes/No,Yes,Yes,1,,,
mReasoner,68906,conditional,single-choice,64,All B are C/All A are C,Yes/No,No,Yes,0,,,
mReasoner,68939,conditional,single-choice,1,All B are C/All A are C,Yes/No,Yes,Yes,1,,,
mReasoner,68939,conditional,single-choice,2,All B are C/No A are B,Yes/No,No,Yes,0,,,
mReasoner,68939,conditional,single-choice,3,All B are C/No A are B,Yes/No,No,Yes,0,,,
mReasoner,68939,conditional,single-choice,4,All B are C/All A are C,Yes/No,No,Yes,0,,,
mReasoner,68939,conditional,single-choice,5,All B are C/No A are C,Yes/No,No,Yes,0,,,
mReasoner,68939,conditional,single-choice,6,All B are C/No A are B,Yes/No,No,Yes,0,,,
mReasoner,68939,conditional,single-choice,7,All B are C/All A are C,Yes/No,Yes,Yes,1,,,
mReasoner,68939,conditional,single-choice,8,All B are C/All A are B,Yes/No,No,Yes,0,,,
mReasoner,68939,conditional,single-choice,9,All B are C/All A are C,Yes/No,Yes,Yes,1,,,
mReasoner,68939,conditional,single-choice,10,All B are C/All A are B,Yes/No,Yes,Yes,1,,,
mReasoner,68939,conditional,single-choice,11,All B are C/No A are C,Yes/No,Yes,Yes,1,,,
mReasoner,68939,conditional,single-choice,12,All B are C/No A are C,Yes/No,Yes,Yes,1,,,
mReasoner,68939,conditional,single-choice,13,All B are C/No A are B,Yes/No,No,Yes,0,,,
mReasoner,68939,conditional,single-choice,14,All B are C/No A are C,Yes/No,Yes,Yes,1,,,
mReasoner,68939,conditional,single-choice,15,All B are C/No A are C,Yes/No,No,Yes,0,,,
mReasoner,68939,conditional,single-choice,16,All B are C/All A are C,Yes/No,No,Yes,0,,,
mReasoner,68939,conditional,single-choice,17,All B are C/All A are B,Yes/No,No,Yes,0,,,
mReasoner,68939,conditional,single-choice,18,All B are C/No A are C,Yes/No,No,Yes,0,,,
mReasoner,68939,conditional,single-choice,19,All B are C/All A are B,Yes/No,No,Yes,0,,,
mReasoner,68939,conditional,single-choice,20,All B are C/No A are B,Yes/No,No,Yes,0,,,
mReasoner,68939,conditional,single-choice,21,All B are C/No A are B,Yes/No,No,Yes,0,,,
mReasoner,68939,conditional,single-choice,22,All B are C/No A are C,Yes/No,Yes,Yes,1,,,
mReasoner,68939,conditional,single-choice,23,All B are C/No A are C,Yes/No,Yes,Yes,1,,,
mReasoner,68939,conditional,single-choice,24,All B are C/All A are B,Yes/No,Yes,Yes,1,,,
mReasoner,68939,conditional,single-choice,25,All B are C/All A are B,Yes/No,Yes,Yes,1,,,
mReasoner,68939,conditional,single-choice,26,All B are C/No A are B,Yes/No,Yes,Yes,1,,,
mReasoner,68939,conditional,single-choice,27,All B are C/All A are B,Yes/No,No,Yes,0,,,
mReasoner,68939,conditional,single-choice,28,All B are C/All A are B,Yes/No,Yes,Yes,1,,,
mReasoner,68939,conditional,single-choice,29,All B are C/All A are C,Yes/No,Yes,Yes,1,,,
mReasoner,68939,conditional,single-choice,30,All B are C/All A are C,Yes/No,Yes,Yes,1,,,
mReasoner,68939,conditional,single-choice,31,All B are C/All A are C,Yes/No,No,Yes,0,,,
mReasoner,68939,conditional,single-choice,32,All B are C/No A are B,Yes/No,No,Yes,0,,,
mReasoner,68939,conditional,single-choice,33,All B are C/All A are B,Yes/No,No,Yes,0,,,
mReasoner,68939,conditional,single-choice,34,All B are C/All A are B,Yes/No,Yes,Yes,1,,,
mReasoner,68939,conditional,single-choice,35,All B are C/All A are C,Yes/No,No,Yes,0,,,
mReasoner,68939,conditional,single-choice,36,All B are C/All A are B,Yes/No,No,Yes,0,,,
mReasoner,68939,conditional,single-choice,37,All B are C/All A are C,Yes/No,No,Yes,0,,,
mReasoner,68939,conditional,single-choice,38,All B are C/No A are B,Yes/No,No,Yes,0,,,
mReasoner,68939,conditional,single-choice,39,All B are C/No A are B,Yes/No,Yes,Yes,1,,,
mReasoner,68939,conditional,single-choice,40,All B are C/No A are C,Yes/No,No,Yes,0,,,
mReasoner,68939,conditional,single-choice,41,All B are C/All A are C,Yes/No,Yes,Yes,1,,,
mReasoner,68939,conditional,single-choice,42,All B are C/No A are C,Yes/No,No,Yes,0,,,
mReasoner,68939,conditional,single-choice,43,All B are C/No A are C,Yes/No,No,Yes,0,,,
mReasoner,68939,conditional,single-choice,44,All B are C/No A are C,Yes/No,No,Yes,0,,,
mReasoner,68939,conditional,single-choice,45,All B are C/No A are B,Yes/No,Yes,Yes,1,,,
mReasoner,68939,conditional,single-choice,46,All B are C/No A are B,Yes/No,No,Yes,0,,,
mReasoner,68939,conditional,single-choice,47,All B are C/All A are C,Yes/No,Yes,Yes,1,,,
mReasoner,68939,conditional,single-choice,48,All B are C/All A are B,Yes/No,Yes,Yes,1,,,
mReasoner,68939,conditional,single-choice,49,All B are C/All A are B,Yes/No,Yes,Yes,1,,,
mReasoner,68939,conditional,single-choice,50,All B are C/No A are C,Yes/No,No,Yes,0,,,
mReasoner,68939,conditional,single-choice,51,All B are C/All A are C,Yes/No,No,Yes,0,,,
mReasoner,68939,conditional,single-choice,52,All B are C/No A are B,Yes/No,No,Yes,0,,,
mReasoner,68939,conditional,single-choice,53,All B are C/All A are B,Yes/No,No,Yes,0,,,
mReasoner,68939,conditional,single-choice,54,All B are C/No A are C,Yes/No,No,Yes,0,,,
mReasoner,68939,conditional,single-choice,55,All B are C/All A are C,Yes/No,Yes,Yes,1,,,
mReasoner,68939,conditional,single-choice,56,All B are C/All A are C,Yes/No,Yes,Yes,1,,,
mReasoner,68939,conditional,single-choice,57,All B are C/All A are C,Yes/No,Yes,Yes,1,,,
mReasoner,68939,conditional,single-choice,58,All B are C/No A are B,Yes/No,No,Yes,0,,,
mReasoner,68939,conditional,single-choice,59,All B are C/No A are B,Yes/No,No,Yes,0,,,
mReasoner,68939,conditional,single-choice,60,All B are C/No A are B,Yes/No,Yes,Yes,1,,,
mReasoner,68939,conditional,single-choice,61,All B are C/All A are B,Yes/No,Yes,Yes,1,,,
mReasoner,68939,conditional,single-choice,62,All B are C/All A are B,Yes/No,Yes,Yes,1,,,
mReasoner,68939,conditional,single-choice,63,All B are C/No A are C,Yes/No,No,Yes,0,,,
mReasoner,68939,conditional,single-choice,64,All B are C/No A are C,Yes/No,No,Yes,0,,,
mReasoner,68987,conditional,single-choice,1,All B are C/All A are C,Yes/No,Yes,Yes,1,,,
mReasoner,68987,conditional,single-choice,2,All B are C/All A are C,Yes/No,No,Yes,0,,,
mReasoner,68987,conditional,single-choice,3,All B are C/All A are B,Yes/No,Yes,Yes,1,,,
mReasoner,68987,conditional,single-choice,4,All B are C/No A are B,Yes/No,Yes,Yes,1,,,
mReasoner,68987,conditional,single-choice,5,All B are C/No A are B,Yes/No,Yes,Yes,1,,,
mReasoner,68987,conditional,single-choice,6,All B are C/No A are C,Yes/No,Yes,Yes,1,,,
mReasoner,68987,conditional,single-choice,7,All B are C/All A are B,Yes/No,Yes,Yes,1,,,
mReasoner,68987,conditional,single-choice,8,All B are C/All A are C,Yes/No,No,Yes,0,,,
mReasoner,68987,conditional,single-choice,9,All B are C/No A are B,Yes/No,No,Yes,0,,,
mReasoner,68987,conditional,single-choice,10,All B are C/All A are C,Yes/No,No,Yes,0,,,
mReasoner,68987,conditional,single-choice,11,All B are C/All A are C,Yes/No,Yes,Yes,1,,,
mReasoner,68987,conditional,single-choice,12,All B are C/All A are C,Yes/No,No,Yes,0,,,
mReasoner,68987,conditional,single-choice,13,All B are C/No A are C,Yes/No,Yes,Yes,1,,,
mReasoner,68987,conditional,single-choice,14,All B are C/No A are B,Yes/No,No,Yes,0,,,
mReasoner,68987,conditional,single-choice,15,All B are C/No A are C,Yes/No,Yes,Yes,1,,,
mReasoner,68987,conditional,single-choice,16,All B are C/No A are C,Yes/No,Yes,Yes,1,,,
mReasoner,68987,conditional,single-choice,17,All B are C/No A are B,Yes/No,No,Yes,0,,,
mReasoner,68987,conditional,single-choice,18,All B are C/No A are B,Yes/No,Yes,Yes,1,,,
mReasoner,68987,conditional,single-choice,19,All B are C/All A are C,Yes/No,Yes,Yes,1,,,
mReasoner,68987,conditional,single-choice,20,All B are C/All A are B,Yes/No,Yes,Yes,1,,,
mReasoner,68987,conditional,single-choice,21,All B are C/No A are B,Yes/No,No,Yes,0,,,
mReasoner,68987,conditional,single-choice,22,All B are C/All A are B,Yes/No,Yes,Yes,1,,,
mReasoner,68987,conditional,single-choice,23,All B are C/No A are C,Yes/No,Yes,Yes,1,,,
mReasoner,68987,conditional,single-choice,24,All B are C/All A are C,Yes/No,Yes,Yes,1,,,
mReasoner,68987,conditional,single-choice,25,All B are C/All A are B,Yes/No,Yes,Yes,1,,,
mReasoner,68987,conditional,single-choice,26,All B are C/No A are C,Yes/No,Yes,Yes,1,,,
mReasoner,68987,conditional,single-choice,27,All B are C/All A are B,Yes/No,Yes,Yes,1,,,
mReasoner,68987,conditional,single-choice,28,All B are C/No A are B,Yes/No,No,Yes,0,,,
mReasoner,68987,conditional,single-choice,29,All B are C/No A are C,Yes/No,Yes,Yes,1,,,
mReasoner,68987,conditional,single-choice,30,All B are C/No A are B,Yes/No,No,Yes,0,,,
mReasoner,68987,conditional,single-choice,31,All B are C/All A are C,Yes/No,Yes,Yes,1,,,
mReasoner,68987,conditional,single-choice,32,All B are C/No A are B,Yes/No,No,Yes,0,,,
mReasoner,68987,conditional,single-choice,33,All B are C/All A are B,Yes/No,Yes,Yes,1,,,
mReasoner,68987,conditional,single-choice,34,All B are C/All A are B,Yes/No,Yes,Yes,1,,,
mReasoner,68987,conditional,single-choice,35,All B are C/No A are C,Yes/No,Yes,Yes,1,,,
mReasoner,68987,conditional,single-choice,36,All B are C/No A are B,Yes/No,No,Yes,0,,,
mReasoner,68987,conditional,single-choice,37,All B are C/No A are B,Yes/No,No,Yes,0,,,
mReasoner,68987,conditional,single-choice,38,All B are C/All A are B,Yes/No,Yes,Yes,1,,,
mReasoner,68987,conditional,single-choice,39,All B are C/All A are C,Yes/No,Yes,Yes,1,,,
mReasoner,68987,conditional,single-choice,40,All B are C/No A are C,Yes/No,Yes,Yes,1,,,
mReasoner,68987,conditional,single-choice,41,All B are C/No A are C,Yes/No,Yes,Yes,1,,,
mReasoner,68987,conditional,single-choice,42,All B are C/All A are C,Yes/No,Yes,Yes,1,,,
mReasoner,68987,conditional,single-choice,43,All B are C/All A are B,Yes/No,Yes,Yes,1,,,
mReasoner,68987,conditional,single-choice,44,All B are C/No A are C,Yes/No,No,Yes,0,,,
mReasoner,68987,conditional,single-choice,45,All B are C/All A are B,Yes/No,Yes,Yes,1,,,
mReasoner,68987,conditional,single-choice,46,All B are C/All A are B,Yes/No,Yes,Yes,1,,,
mReasoner,68987,conditional,single-choice,47,All B are C/No A are C,Yes/No,Yes,Yes,1,,,
mReasoner,68987,conditional,single-choice,48,All B are C/No A are C,Yes/No,Yes,Yes,1,,,
mReasoner,68987,conditional,single-choice,49,All B are C/All A are C,Yes/No,No,Yes,0,,,
mReasoner,68987,conditional,single-choice,50,All B are C/All A are C,Yes/No,No,Yes,0,,,
mReasoner,68987,conditional,single-choice,51,All B are C/No A are B,Yes/No,No,Yes,0,,,
mReasoner,68987,conditional,single-choice,52,All B are C/All A are C,Yes/No,No,Yes,0,,,
mReasoner,68987,conditional,single-choice,53,All B are C/No A are B,Yes/No,No,Yes,0,,,
mReasoner,68987,conditional,single-choice,54,All B are C/All A are B,Yes/No,Yes,Yes,1,,,
mReasoner,68987,conditional,single-choice,55,All B are C/All A are C,Yes/No,Yes,Yes,1,,,
mReasoner,68987,conditional,single-choice,56,All B are C/No A are B,Yes/No,No,Yes,0,,,
mReasoner,68987,conditional,single-choice,57,All B are C/All A are C,Yes/No,No,Yes,0,,,
mReasoner,68987,conditional,single-choice,58,All B are C/No A are C,Yes/No,Yes,Yes,1,,,
mReasoner,68987,conditional,single-choice,59,All B are C/No A are C,Yes/No,Yes,Yes,1,,,
mReasoner,68987,conditional,single-choice,60,All B are C/All A are B,Yes/No,Yes,Yes,1,,,
mReasoner,68987,conditional,single-choice,61,All B are C/All A are B,Yes/No,Yes,Yes,1,,,
mReasoner,68987,conditional,single-choice,62,All B are C/No A are B,Yes/No,No,Yes,0,,,
mReasoner,68987,conditional,single-choice,63,All B are C/All A are B,Yes/No,Yes,Yes,1,,,
mReasoner,68987,conditional,single-choice,64,All B are C/No A are C,Yes/No,Yes,Yes,1,,,
mReasoner,69019,conditional,single-choice,1,All B are C/All A are B,Yes/No,Yes,Yes,1,,,
mReasoner,69019,conditional,single-choice,2,All B are C/All A are B,Yes/No,Yes,Yes,1,,,
mReasoner,69019,conditional,single-choice,3,All B are C/All A are C,Yes/No,Yes,Yes,1,,,
mReasoner,69019,conditional,single-choice,4,All B are C/All A are C,Yes/No,Yes,Yes,1,,,
mReasoner,69019,conditional,single-choice,5,All B are C/No A are C,Yes/No,No,Yes,0,,,
mReasoner,69019,conditional,single-choice,6,All B are C/No A are C,Yes/No,No,Yes,0,,,
mReasoner,69019,conditional,single-choice,7,All B are C/No A are C,Yes/No,No,Yes,0,,,
mReasoner,69019,conditional,single-choice,8,All B are C/All A are C,Yes/No,No,Yes,0,,,
mReasoner,69019,conditional,single-choice,9,All B are C/No A are B,Yes/No,No,Yes,0,,,
mReasoner,69019,conditional,single-choice,10,All B are C/All A are B,Yes/No,Yes,Yes,1,,,
mReasoner,69019,conditional,single-choice,11,All B are C/All A are B,Yes/No,Yes,Yes,1,,,
mReasoner,69019,conditional,single-choice,12,All B are C/No A are B,Yes/No,No,Yes,0,,,
mReasoner,69019,conditional,single-choice,13,All B are C/No A are C,Yes/No,No,Yes,0,,,
mReasoner,69019,conditional,single-choice,14,All B are C/All A are B,Yes/No,Yes,Yes,1,,,
mReasoner,69019,conditional,single-choice,15,All B are C/No A are B,Yes/No,Yes,Yes,1,,,
mReasoner,69019,conditional,single-choice,16,All B are C/All A are B,Yes/No,Yes,Yes,1,,,
mReasoner,69019,conditional,single-choice,17,All B are C/No A are B,Yes/No,No,Yes,0,,,
mReasoner,69019,conditional,single-choice,18,All B are C/No A are C,Yes/No,Yes,Yes,1,,,
mReasoner,69019,conditional,single-choice,19,All B are C/No A are B,Yes/No,No,Yes,0,,,
mReasoner,69019,conditional,single-choice,20,All B are C/All A are C,Yes/No,No,Yes,0,,,
mReasoner,69019,conditional,single-choice,21,All B are C/All A are C,Yes/No,No,Yes,0,,,
mReasoner,69019,conditional,single-choice,22,All B are C/No A are C,Yes/No,Yes,Yes,1,,,
mReasoner,69019,conditional,single-choice,23,All B are C/All A are B,Yes/No,Yes,Yes,1,,,
mReasoner,69019,conditional,single-choice,24,All B are C/All A are C,Yes/No,Yes,Yes,1,,,
mReasoner,69019,conditional,single-choice,25,All B are C/All A are B,Yes/No,Yes,Yes,1,,,
mReasoner,69019,conditional,single-choice,26,All B are C/No A are C,Yes/No,Yes,Yes,1,,,
mReasoner,69019,conditional,single-choice,27,All B are C/All A are B,Yes/No,Yes,Yes,1,,,
mReasoner,69019,conditional,single-choice,28,All B are C/No A are C,Yes/No,Yes,Yes,1,,,
mReasoner,69019,conditional,single-choice,29,All B are C/All A are B,Yes/No,Yes,Yes,1,,,
mReasoner,69019,conditional,single-choice,30,All B are C/No A are B,Yes/No,Yes,Yes,1,,,
mReasoner,69019,conditional,single-choice,31,All B are C/All A are C,Yes/No,Yes,Yes,1,,,
mReasoner,69019,conditional,single-choice,32,All B are C/No A are C,Yes/No,No,Yes,0,,,
mReasoner,69019,conditional,single-choice,33,All B are C/No A are B,Yes/No,No,Yes,0,,,
mReasoner,69019,conditional,single-choice,34,All B are C/All A are C,Yes/No,No,Yes,0,,,
mReasoner,69019,conditional,single-choice,35,All B are C/No A are B,Yes/No,Yes,Yes,1,,,
mReasoner,69019,conditional,single-choice,36,All B are C/All A are B,Yes/No,Yes,Yes,1,,,
mReasoner,69019,conditional,single-choice,37,All B are C/All A are C,Yes/No,No,Yes,0,,,
mReasoner,69019,conditional,single-choice,38,All B are C/All A are C,Yes/No,Yes,Yes,1,,,
mReasoner,69019,conditional,single-choice,39,All B are C/No A are B,Yes/No,Yes,Yes,1,,,
mReasoner,69019,conditional,single-choice,40,All B are C/All A are B,Yes/No,Yes,Yes,1,,,
mReasoner,69019,conditional,single-choice,41,All B are C/All A are B,Yes/No,Yes,Yes,1,,,
mReasoner,69019,conditional,single-choice,42,All B are C/All A are C,Yes/No,Yes,Yes,1,,,
mReasoner,69019,conditional,single-choice,43,All B are C/No A are B,Yes/No,Yes,Yes,1,,,
mReasoner,69019,conditional,single-choice,44,All B are C/All A are C,Yes/No,No,Yes,0,,,
mReasoner,69019,conditional,single-choice,45,All B are C/All A are C,Yes/No,No,Yes,0,,,
mReasoner,69019,conditional,single-choice,46,All B are C/No A are C,Yes/No,Yes,Yes,1,,,
mReasoner,69019,conditional,single-choice,47,All B are C/All A are B,Yes/No,No,Yes,0,,,
mReasoner,69019,conditional,single-choice,48,All B are C/No A are B,Yes/No,Yes,Yes,1,,,
mReasoner,69019,conditional,single-choice,49,All B are C/All A are C,Yes/No,No,Yes,0,,,
mReasoner,69019,conditional,single-choice,50,All B are C/All A are B,Yes/No,Yes,Yes,1,,,
mReasoner,69019,conditional,single-choice,51,All B are C/No A are B,Yes/No,Yes,Yes,1,,,
mReasoner,69019,conditional,single-choice,52,All B are C/No A are C,Yes/No,No,Yes,0,,,
mReasoner,69019,conditional,single-choice,53,All B are C/All A are C,Yes/No,Yes,Yes,1,,,
mReasoner,69019,conditional,single-choice,54,All B are C/No A are B,Yes/No,No,Yes,0,,,
mReasoner,69019,conditional,single-choice,55,All B are C/No A are B,Yes/No,No,Yes,0,,,
mReasoner,69019,conditional,single-choice,56,All B are C/No A are C,Yes/No,Yes,Yes,1,,,
mReasoner,69019,conditional,single-choice,57,All B are C/All A are C,Yes/No,No,Yes,0,,,
mReasoner,69019,conditional,single-choice,58,All B are C/No A are C,Yes/No,Yes,Yes,1,,,
mReasoner,69019,conditional,single-choice,59,All B are C/No A are B,Yes/No,Yes,Yes,1,,,
mReasoner,69019,conditional,single-choice,60,All B are C/No A are C,Yes/No,Yes,Yes,1,,,
mReasoner,69019,conditional,single-choice,61,All B are C/No A are B,Yes/No,Yes,Yes,1,,,
mReasoner,69019,conditional,single-choice,62,All B are C/No A are C,Yes/No,Yes,Yes,1,,,
mReasoner,69019,conditional,single-choice,63,All B are C/No A are C,Yes/No,Yes,Yes,1,,,
mReasoner,69019,conditional,single-choice,64,All B are C/All A are B,Yes/No,Yes,Yes,1,,,
mReasoner,69283,conditional,single-choice,1,All B are C/No A are C,Yes/No,Yes,Yes,1,,,
mReasoner,69283,conditional,single-choice,2,All B are C/No A are C,Yes/No,Yes,Yes,1,,,
mReasoner,69283,conditional,single-choice,3,All B are C/No A are C,Yes/No,Yes,Yes,1,,,
mReasoner,69283,conditional,single-choice,4,All B are C/No A are B,Yes/No,Yes,Yes,1,,,
mReasoner,69283,conditional,single-choice,5,All B are C/All A are C,Yes/No,No,Yes,0,,,
mReasoner,69283,conditional,single-choice,6,All B are C/No A are B,Yes/No,Yes,Yes,1,,,
mReasoner,69283,conditional,single-choice,7,All B are C/All A are B,Yes/No,Yes,Yes,1,,,
mReasoner,69283,conditional,single-choice,8,All B are C/No A are B,Yes/No,Yes,Yes,1,,,
mReasoner,69283,conditional,single-choice,9,All B are C/All A are C,Yes/No,Yes,Yes,1,,,
mReasoner,69283,conditional,single-choice,10,All B are C/No A are C,Yes/No,Yes,Yes,1,,,
mReasoner,69283,conditional,single-choice,11,All B are C/All A are C,Yes/No,Yes,Yes,1,,,
mReasoner,69283,conditional,single-choice,12,All B are C/All A are B,Yes/No,Yes,Yes,1,,,
mReasoner,69283,conditional,single-choice,13,All B are C/No A are B,Yes/No,Yes,Yes,1,,,
mReasoner,69283,conditional,single-choice,14,All B are C/All A are C,Yes/No,No,Yes,0,,,
mReasoner,69283,conditional,single-choice,15,All B are C/No A are C,Yes/No,Yes,Yes,1,,,
mReasoner,69283,conditional,single-choice,16,All B are C/All A are B,Yes/No,Yes,Yes,1,,,
mReasoner,69283,conditional,single-choice,17,All B are C/No A are C,Yes/No,Yes,Yes,1,,,
mReasoner,69283,conditional,single-choice,18,All B are C/No A are B,Yes/No,Yes,Yes,1,,,
mReasoner,69283,conditional,single-choice,19,All B are C/All A are C,Yes/No,Yes,Yes,1,,,
mReasoner,69283,conditional,single-choice,20,All B are C/All A are C,Yes/No,Yes,Yes,1,,,
mReasoner,69283,conditional,single-choice,21,All B are C/All A are B,Yes/No,Yes,Yes,1,,,
mReasoner,69283,conditional,single-choice,22,All B are C/No A are C,Yes/No,Yes,Yes,1,,,
mReasoner,69283,conditional,single-choice,23,All B are C/All A are C,Yes/No,Yes,Yes,1,,,
mReasoner,69283,conditional,single-choice,24,All B are C/All A are C,Yes/No,Yes,Yes,1,,,
mReasoner,69283,conditional,single-choice,25,All B are C/No A are C,Yes/No,Yes,Yes,1,,,
mReasoner,69283,conditional,single-choice,26,All B are C/All A are C,Yes/No,Yes,Yes,1,,,
mReasoner,69283,conditional,single-choice,27,All B are C/All A are B,Yes/No,Yes,Yes,1,,,
mReasoner,69283,conditional,single-choice,28,All B are C/All A are C,Yes/No,Yes,Yes,1,,,
mReasoner,69283,conditional,single-choice,29,All B are C/No A are B,Yes/No,No,Yes,0,,,
mReasoner,69283,conditional,single-choice,30,All B are C/All A are B,Yes/No,Yes,Yes,1,,,
mReasoner,69283,conditional,single-choice,31,All B are C/All A are B,Yes/No,Yes,Yes,1,,,
mReasoner,69283,conditional,single-choice,32,All B are C/No A are B,Yes/No,Yes,Yes,1,,,
mReasoner,69283,conditional,single-choice,33,All B are C/All A are B,Yes/No,Yes,Yes,1,,,
mReasoner,69283,conditional,single-choice,34,All B are C/All A are C,Yes/No,Yes,Yes,1,,,
mReasoner,69283,conditional,single-choice,35,All B are C/All A are B,Yes/No,Yes,Yes,1,,,
mReasoner,69283,conditional,single-choice,36,All B are C/No A are B,Yes/No,Yes,Yes,1,,,
mReasoner,69283,conditional,single-choice,37,All B are C/No A are C,Yes/No,Yes,Yes,1,,,
mReasoner,69283,conditional,single-choice,38,All B are C/No A are B,Yes/No,No,Yes,0,,,
mReasoner,69283,conditional,single-choice,39,All B are C/No A are C,Yes/No,Yes,Yes,1,,,
mReasoner,69283,conditional,single-choice,40,All B are C/All A are C,Yes/No,Yes,Yes,1,,,
mReasoner,69283,conditional,single-choice,41,All B are C/All A are B,Yes/No,Yes,Yes,1,,,
mReasoner,69283,conditional,single-choice,42,All B are C/All A are B,Yes/No,Yes,Yes,1,,,
mReasoner,69283,conditional,single-choice,43,All B are C/No A are C,Yes/No,Yes,Yes,1,,,
mReasoner,69283,conditional,single-choice,44,All B are C/All A are B,Yes/No,Yes,Yes,1,,,
mReasoner,69283,conditional,single-choice,45,All B are C/No A are C,Yes/No,Yes,Yes,1,,,
mReasoner,69283,conditional,single-choice,46,All B are C/All A are B,Yes/No,Yes,Yes,1,,,
mReasoner,69283,conditional,single-choice,47,All B are C/All A are B,Yes/No,Yes,Yes,1,,,
mReasoner,69283,conditional,single-choice,48,All B are C/No A are C,Yes/No,Yes,Yes,1,,,
mReasoner,69283,conditional,single-choice,49,All B are C/All A are C,Yes/No,Yes,Yes,1,,,
mReasoner,69283,conditional,single-choice,50,All B are C/All A are B,Yes/No,Yes,Yes,1,,,
mReasoner,69283,conditional,single-choice,51,All B are C/No A are C,Yes/No,Yes,Yes,1,,,
mReasoner,69283,conditional,single-choice,52,All B are C/No A are B,Yes/No,Yes,Yes,1,,,
mReasoner,69283,conditional,single-choice,53,All B are C/No A are B,Yes/No,Yes,Yes,1,,,
mReasoner,69283,conditional,single-choice,54,All B are C/All A are B,Yes/No,Yes,Yes,1,,,
mReasoner,69283,conditional,single-choice,55,All B are C/No A are C,Yes/No,Yes,Yes,1,,,
mReasoner,69283,conditional,single-choice,56,All B are C/No A are B,Yes/No,Yes,Yes,1,,,
mReasoner,69283,conditional,single-choice,57,All B are C/All A are C,Yes/No,Yes,Yes,1,,,
mReasoner,69283,conditional,single-choice,58,All B are C/No A are B,Yes/No,Yes,Yes,1,,,
mReasoner,69283,conditional,single-choice,59,All B are C/No A are B,Yes/No,Yes,Yes,1,,,
mReasoner,69283,conditional,single-choice,60,All B are C/All A are C,Yes/No,Yes,Yes,1,,,
mReasoner,69283,conditional,single-choice,61,All B are C/No A are B,Yes/No,Yes,Yes,1,,,
mReasoner,69283,conditional,single-choice,62,All B are C/All A are C,Yes/No,Yes,Yes,1,,,
mReasoner,69283,conditional,single-choice,63,All B are C/No A are C,Yes/No,Yes,Yes,1,,,
mReasoner,69283,conditional,single-choice,64,All B are C/No A are B,Yes/No,Yes,Yes,1,,,
